datetime,date,engine,type,entry,exit,pnl,balance
2022-05-24 13:00:00,2022-05-24,CP98_GapDayEMAPullbackBuy,BUY,1857.75,1854.3028571428572,-7.99999999999985,992.0000000000001
2022-05-24 15:00:00,2022-05-24,CP98_GapDayEMAPullbackBuy,BUY,1860.03,1867.8585,15.618201903393926,1007.618201903394
2022-05-25 10:00:00,2022-05-25,CP98_GapDayLowerKeltnerBuy,BUY,1858.49,1855.175,-8.060945615227192,999.5572562881669
2022-05-25 17:00:00,2022-05-25,CP98_GapDayLowerKeltnerBuy,BUY,1850.43,1845.8785714285714,-7.996458050305506,991.5607982378614
2022-05-25 17:00:00,2022-05-25,CP98_GapDayDonchianLowSweepBuy,BUY,1850.43,1845.8785714285714,-7.932486385903061,983.6283118519583
2022-05-26 14:00:00,2022-05-26,CP98_GapDayLowerKeltnerBuy,BUY,1846.39,1842.3200000000002,-7.869026494815541,975.7592853571427
2022-05-26 14:00:00,2022-05-26,CP98_GapDayDonchianLowSweepBuy,BUY,1846.39,1842.3200000000002,-7.8060742828570175,967.9532110742857
2022-05-30 11:00:00,2022-05-30,CP98_GapDayEMAPullbackBuy,BUY,1858.85,1855.205,-7.743625688594321,960.2095853856914
2022-05-31 10:00:00,2022-05-31,CP98_GapDayEMAPullbackBuy,BUY,1854.66,1851.4028571428573,-7.681676683085416,952.5279087026059
2022-06-08 15:00:00,2022-06-08,CP98_GapDayEMAPullbackBuy,BUY,1851.96,1859.4795,9.348822537091932,961.8767312396978
2022-06-08 23:00:00,2022-06-08,CP98_GapDayEMAPullbackBuy,BUY,1852.2,1847.727142857143,-7.695013849917415,954.1817173897805
2022-06-13 05:00:00,2022-06-13,CP98_GapDayEMAPullbackBuy,BUY,1863.44,1853.5685714285714,-4.770908586948917,949.4108088028315
2022-06-20 09:00:00,2022-06-20,CP98_GapDayEMAPullbackBuy,BUY,1842.66,1838.2135714285714,-4.747054044014262,944.6637547588173
2022-06-21 04:00:00,2022-06-21,CP98_GapDayEMAPullbackBuy,BUY,1841.33,1838.0842857142857,-4.7233187737940865,939.9404359850232
2022-06-21 17:00:00,2022-06-21,CP98_GapDayEMAPullbackBuy,BUY,1839.47,1834.6950000000002,-4.699702179925004,935.2407338050982
2022-07-28 15:00:00,2022-07-28,CP98_PinbarKeltnerBuy,BUY,1744.49,1755.354857142857,9.791960182931298,945.0326939880296
2022-07-28 15:00:00,2022-07-28,CP98_GapDayEMAPullbackBuy,BUY,1744.49,1754.8609999999999,9.444732721014379,954.4774267090439
2022-07-28 17:00:00,2022-07-28,CP98_PinbarKeltnerBuy,BUY,1755.06,1768.1122857142855,10.074720952945695,964.5521476619896
2022-07-28 17:00:00,2022-07-28,CP98_Donchian5Buy,BUY,1755.06,1767.5189999999998,9.718286327870228,974.2704339898598
2022-07-28 17:00:00,2022-07-28,CP98_Donchian7Buy,BUY,1755.06,1767.637657142857,9.909689970197562,984.1801239600574
2022-07-28 17:00:00,2022-07-28,CP98_Donchian10Buy,BUY,1755.06,1767.8156428571426,10.152143158309963,994.3322671183673
2022-07-28 17:00:00,2022-07-28,CP98_Donchian12Buy,BUY,1755.06,1767.9936285714284,10.399984927965379,1004.7322520463327
2022-07-28 17:00:00,2022-07-28,CP98_Donchian15Buy,BUY,1755.06,1768.1122857142855,10.605171781476969,1015.3374238278097
2022-07-28 17:00:00,2022-07-28,CP98_Donchian20Buy,BUY,1755.06,1768.7055714285711,10.223263907681126,1025.5606877354908
2022-07-28 17:00:00,2022-07-28,CP98_Donchian3Buy,BUY,1755.06,1767.5189999999998,10.33297415197261,1035.8936618874634
2022-08-01 18:00:00,2022-08-01,CP98_GapDayEMAPullbackBuy,BUY,1768.7,1779.3139999999999,16.582779917245155,1052.4764418047087
2022-08-03 08:00:00,2022-08-03,CP98_GapDayEMAPullbackBuy,BUY,1769.38,1764.0064285714286,-8.419811534437772,1044.056630270271
2022-08-03 19:00:00,2022-08-03,CP98_GapDayLowerKeltnerBuy,BUY,1759.31,1770.2842142857144,17.11929739787568,1061.1759276681466
2022-08-05 19:00:00,2022-08-05,CP98_GapDayLowerKeltnerBuy,BUY,1774.17,1785.9996071428573,17.458946546409685,1078.6348742145562
2022-08-08 01:00:00,2022-08-08,CP98_GapDayLowerKeltnerBuy,BUY,1773.73,1785.997285714286,17.773750114402272,1096.4086243289585
2022-08-10 09:00:00,2022-08-10,CP98_GapDayLowerKeltnerBuy,BUY,1788.89,1793.4925357142859,16.886199680417956,1113.2948240093765
2022-08-10 09:00:00,2022-08-10,CP98_GapDayDonchianLowSweepBuy,BUY,1788.89,1793.5995714285716,17.54502083686523,1130.8398448462417
2022-08-10 15:00:00,2022-08-10,CP98_Donchian5Buy,BUY,1797.2,1792.8657142857144,-9.0467187587698,1121.7931260874718
2022-08-10 15:00:00,2022-08-10,CP98_Donchian7Buy,BUY,1797.2,1792.8657142857144,-8.97434500869964,1112.8187810787722
2022-08-10 15:00:00,2022-08-10,CP98_Donchian10Buy,BUY,1797.2,1792.8657142857144,-8.902550248630044,1103.9162308301422
2022-08-10 15:00:00,2022-08-10,CP98_Donchian12Buy,BUY,1797.2,1792.8657142857144,-8.831329846641006,1095.0849009835013
2022-08-10 15:00:00,2022-08-10,CP98_Donchian15Buy,BUY,1797.2,1792.8657142857144,-8.760679207867879,1086.3242217756333
2022-08-10 15:00:00,2022-08-10,CP98_Donchian3Buy,BUY,1797.2,1792.8657142857144,-8.690593774204935,1077.6336280014284
2022-08-10 15:00:00,2022-08-10,CP98_GapDayEMAPullbackBuy,BUY,1797.2,1792.8657142857144,-8.621069024011298,1069.012558977417
2022-08-11 08:00:00,2022-08-11,CP98_GapDayLowerKeltnerBuy,BUY,1786.34,1793.439607142857,10.683085541250826,1079.695644518668
2022-08-11 08:00:00,2022-08-11,CP98_GapDayDonchianLowSweepBuy,BUY,1786.34,1793.6047142857142,11.040772694692814,1090.7364172133607
2022-08-11 11:00:00,2022-08-11,CP98_GapDayLowerKeltnerBuy,BUY,1789.52,1796.307857142857,17.38409756440835,1108.1205147777691
2022-08-11 13:00:00,2022-08-11,CP98_GapDayEMAPullbackBuy,BUY,1790.77,1796.8675,17.140603894723505,1125.2611186724926
2022-08-11 16:00:00,2022-08-11,CP98_GapDayEMAPullbackBuy,BUY,1796.93,1792.817142857143,-9.002088949379905,1116.2590297231127
2022-09-13 13:00:00,2022-09-13,CP98_GapDayEMAPullbackBuy,BUY,1728.11,1724.9171428571428,-8.93007223778472,1107.328957485328
2022-09-21 21:00:00,2022-09-21,CP98_GapDayEMAPullbackBuy,BUY,1685.82,1678.8735714285715,-8.858631659882521,1098.4703258254453
2022-10-03 19:00:00,2022-10-03,CP98_PinbarKeltnerBuy,BUY,1691.08,1705.3784285714285,18.61696203899548,1117.087287864441
2022-10-03 22:00:00,2022-10-03,CP98_Donchian20Buy,BUY,1700.55,1717.0607142857143,18.112387660841186,1135.1996755252821
2022-10-07 11:00:00,2022-10-07,CP98_GapDayEMAPullbackBuy,BUY,1712.19,1708.655,-9.081597404202506,1126.1180781210796
2022-10-07 14:00:00,2022-10-07,CP98_GapDayLowerKeltnerBuy,BUY,1709.0,1705.0521428571428,-9.008944624968747,1117.1091334961109
2022-10-07 14:00:00,2022-10-07,CP98_GapDayDonchianLowSweepBuy,BUY,1709.0,1705.0521428571428,-8.936873067968998,1108.172260428142
2022-10-07 16:00:00,2022-10-07,CP98_GapDayLowerKeltnerBuy,BUY,1697.93,1691.9685714285715,-8.865378083425112,1099.3068823447168
2022-10-07 18:00:00,2022-10-07,CP98_GapDayLowerKeltnerBuy,BUY,1702.99,1696.3664285714285,-8.794455058757842,1090.512427285959
2022-10-24 16:00:00,2022-10-24,CP98_GapDayDonchianLowSweepBuy,BUY,1651.41,1645.9785714285715,-8.724099418287619,1081.7883278676713
2022-10-26 02:00:00,2022-10-26,CP98_GapDayEMAPullbackBuy,BUY,1652.73,1663.314,17.31515714503069,1099.103485012702
2022-10-28 03:00:00,2022-10-28,CP98_GapDayEMAPullbackBuy,BUY,1661.9,1657.347142857143,-8.792827880101711,1090.3106571326005
2022-11-02 04:00:00,2022-11-02,CP98_GapDayEMAPullbackBuy,BUY,1651.89,1647.437142857143,-8.722485257060645,1081.5881718755397
2022-11-04 14:00:00,2022-11-04,CP98_GapDayEMAPullbackBuy,BUY,1659.43,1671.4150000000002,17.408122720287533,1098.9962945958273
2022-11-10 22:00:00,2022-11-10,CP98_Donchian20Buy,BUY,1755.51,1747.5497857142857,-8.791970356766646,1090.2043242390607
2022-11-11 10:00:00,2022-11-11,CP98_PinbarKeltnerBuy,BUY,1765.23,1759.4864285714286,-8.72163459391241,1081.4826896451484
2022-11-11 10:00:00,2022-11-11,CP98_Donchian5Buy,BUY,1765.23,1759.4864285714286,-8.651861517161112,1072.8308281279874
2022-11-11 10:00:00,2022-11-11,CP98_Donchian7Buy,BUY,1765.23,1759.4864285714286,-8.582646625023827,1064.2481815029635
2022-11-11 10:00:00,2022-11-11,CP98_Donchian10Buy,BUY,1765.23,1759.4864285714286,-8.513985452023634,1055.7341960509398
2022-11-11 10:00:00,2022-11-11,CP98_Donchian12Buy,BUY,1765.23,1759.4864285714286,-8.445873568407448,1047.2883224825323
2022-11-11 10:00:00,2022-11-11,CP98_Donchian15Buy,BUY,1765.23,1759.4864285714286,-8.378306579860187,1038.910015902672
2022-11-11 10:00:00,2022-11-11,CP98_Donchian20Buy,BUY,1765.23,1758.9370714285715,-8.311280127221336,1030.5987357754507
2022-11-11 10:00:00,2022-11-11,CP98_Donchian3Buy,BUY,1765.23,1759.4864285714286,-8.244789886203536,1022.3539458892471
2022-11-14 12:00:00,2022-11-14,CP98_GapDayLowerKeltnerBuy,BUY,1757.57,1767.3386785714285,10.4171255528783,1032.7710714421255
2022-11-14 12:00:00,2022-11-14,CP98_GapDayDonchianLowSweepBuy,BUY,1757.57,1767.565857142857,10.76799651912935,1043.539067961255
2022-11-17 07:00:00,2022-11-17,CP98_GapDayLowerKeltnerBuy,BUY,1762.88,1770.5800714285715,10.486069636958426,1054.0251375982134
2022-11-17 07:00:00,2022-11-17,CP98_GapDayDonchianLowSweepBuy,BUY,1762.88,1770.759142857143,10.83775213256735,1064.8628897307808
2022-11-17 17:00:00,2022-11-17,CP98_GapDayLowerKeltnerBuy,BUY,1760.11,1755.0521428571428,-5.324314448653837,1059.5385752821269
2022-11-18 03:00:00,2022-11-18,CP98_GapDayEMAPullbackBuy,BUY,1762.87,1758.5814285714284,-5.297692876410655,1054.2408824057163
2022-11-18 07:00:00,2022-11-18,CP98_GapDayEMAPullbackBuy,BUY,1763.82,1760.5985714285714,-5.271204412028502,1048.9696779936878
2022-11-18 11:00:00,2022-11-18,CP98_GapDayEMAPullbackBuy,BUY,1764.08,1760.8064285714286,-5.244848389968361,1043.7248296037194
2022-11-18 22:00:00,2022-11-18,CP98_GapDayLowerKeltnerBuy,BUY,1748.5,1743.2985714285714,-5.218624148018598,1038.5062054557009
2022-11-18 22:00:00,2022-11-18,CP98_GapDayDonchianLowSweepBuy,BUY,1748.5,1743.2985714285714,-5.192531027278505,1033.3136744284225
2022-11-21 07:00:00,2022-11-21,CP98_GapDayLowerKeltnerBuy,BUY,1746.56,1742.7464285714286,-5.166568372142002,1028.1471060562806
2022-11-21 07:00:00,2022-11-21,CP98_GapDayDonchianLowSweepBuy,BUY,1746.56,1742.7464285714286,-5.140735530281294,1023.0063705259993
2022-11-23 17:00:00,2022-11-23,CP98_GapDayEMAPullbackBuy,BUY,1743.37,1755.3864999999998,10.291913928953434,1033.2982844549526
2022-11-25 10:00:00,2022-11-25,CP98_GapDayLowerKeltnerBuy,BUY,1752.21,1749.1121428571428,-5.166491422274953,1028.1317930326777
2022-11-25 10:00:00,2022-11-25,CP98_GapDayDonchianLowSweepBuy,BUY,1752.21,1749.1121428571428,-5.140658965163577,1022.9911340675142
2022-11-29 16:00:00,2022-11-29,CP98_GapDayEMAPullbackBuy,BUY,1752.09,1761.6734999999999,10.183535944999589,1033.1746700125138
2022-11-30 20:00:00,2022-11-30,CP98_Donchian3Buy,BUY,1760.31,1771.89,10.37783627648265,1043.5525062889965
2022-11-30 22:00:00,2022-11-30,CP98_PinbarKeltnerBuy,BUY,1769.77,1783.6708571428571,11.042183577311533,1054.594689866308
2022-11-30 22:00:00,2022-11-30,CP98_Donchian5Buy,BUY,1769.77,1783.039,10.651796278692046,1065.246486145
2022-11-30 22:00:00,2022-11-30,CP98_Donchian7Buy,BUY,1769.77,1783.1653714285715,10.86185367706068,1076.1083398220608
2022-11-30 22:00:00,2022-11-30,CP98_Donchian10Buy,BUY,1769.77,1783.3549285714287,11.127880004481248,1087.236219826542
2022-11-30 22:00:00,2022-11-30,CP98_Donchian12Buy,BUY,1769.77,1783.5444857142857,11.399830192081595,1098.6360500186238
2022-11-30 22:00:00,2022-11-30,CP98_Donchian15Buy,BUY,1769.77,1783.6708571428571,11.625041266106129,1110.26109128473
2022-11-30 22:00:00,2022-11-30,CP98_Donchian20Buy,BUY,1769.77,1784.3027142857143,11.204268650209709,1121.4653599349397
2022-11-30 22:00:00,2022-11-30,CP98_Donchian3Buy,BUY,1769.77,1783.039,11.327214770208434,1132.7925747051481
2022-12-02 16:00:00,2022-12-02,CP98_GapDayLowerKeltnerBuy,BUY,1785.59,1780.8457142857142,-9.06234059764131,1123.730234107507
2022-12-06 05:00:00,2022-12-06,CP98_GapDayLowerKeltnerBuy,BUY,1771.81,1782.7780714285714,18.425216085201367,1142.1554501927083
2022-12-07 04:00:00,2022-12-07,CP98_GapDayEMAPullbackBuy,BUY,1773.88,1770.3764285714287,-9.13724360154154,1133.0182065911667
2022-12-07 09:00:00,2022-12-07,CP98_GapDayEMAPullbackBuy,BUY,1772.74,1779.238,17.611778263991884,1150.6299848551587
2022-12-07 12:00:00,2022-12-07,CP98_GapDayEMAPullbackBuy,BUY,1772.4,1779.1425000000002,17.93415354722867,1168.5641384023872
2022-12-07 21:00:00,2022-12-07,CP98_Donchian20Buy,BUY,1789.74,1783.509142857143,-9.34851310721901,1159.2156252951681
2022-12-08 16:00:00,2022-12-08,CP98_GapDayEMAPullbackBuy,BUY,1792.25,1788.3464285714285,-9.273725002361306,1149.9419002928068
2022-12-12 16:00:00,2022-12-12,CP98_GapDayLowerKeltnerBuy,BUY,1788.16,1784.3778571428572,-9.199535202342377,1140.7423650904645
2022-12-12 16:00:00,2022-12-12,CP98_GapDayDonchianLowSweepBuy,BUY,1788.16,1784.3778571428572,-9.12593892072364,1131.6164261697409
2022-12-12 21:00:00,2022-12-12,CP98_GapDayLowerKeltnerBuy,BUY,1781.38,1790.41,18.370330477865526,1149.9867566476064
2022-12-12 21:00:00,2022-12-12,CP98_GapDayDonchianLowSweepBuy,BUY,1781.38,1790.6200000000001,19.102701359863126,1169.0894580074696
2022-12-13 06:00:00,2022-12-13,CP98_GapDayLowerKeltnerBuy,BUY,1782.44,1789.5810714285715,18.70075497028738,1187.790212977757
2022-12-13 08:00:00,2022-12-13,CP98_GapDayEMAPullbackBuy,BUY,1785.47,1791.4550000000002,18.34561141850832,1206.1358243962652
2022-12-13 21:00:00,2022-12-13,CP98_PinbarKeltnerBuy,BUY,1811.33,1803.6171428571427,-9.649086595170242,1196.486737801095
2022-12-23 11:00:00,2022-12-23,CP98_GapDayEMAPullbackBuy,BUY,1798.55,1795.3714285714286,-9.571893902408418,1186.9148438986865
2022-12-27 16:00:00,2022-12-27,CP98_GapDayEMAPullbackBuy,BUY,1807.97,1814.6015000000002,18.477360892458506,1205.392204791145
2022-12-29 02:00:00,2022-12-29,CP98_GapDayEMAPullbackBuy,BUY,1806.33,1814.8904999999997,19.08042127358132,1224.4726260647265
2022-12-29 14:00:00,2022-12-29,CP98_GapDayEMAPullbackBuy,BUY,1806.72,1813.0545,18.99670341522808,1243.4693294799545
2022-12-30 15:00:00,2022-12-30,CP98_GapDayEMAPullbackBuy,BUY,1821.66,1818.2557142857145,-9.947754635839352,1233.521574844115
2023-01-04 17:00:00,2023-01-04,CP98_GapDayEMAPullbackBuy,BUY,1857.68,1852.0192857142858,-9.86817259875275,1223.6534022453623
2023-01-06 18:00:00,2023-01-06,CP98_PinbarKeltnerBuy,BUY,1863.33,1877.0831428571428,20.708162661562813,1244.361564906925
2023-01-06 18:00:00,2023-01-06,CP98_Donchian5Buy,BUY,1863.33,1876.4579999999999,20.101401954504276,1264.4629668614293
2023-01-06 18:00:00,2023-01-06,CP98_Donchian7Buy,BUY,1863.33,1876.5830285714285,20.62065423709865,1285.083621098528
2023-01-06 18:00:00,2023-01-06,CP98_Donchian10Buy,BUY,1863.33,1876.7705714285714,21.253492842440714,1306.3371139409687
2023-01-06 18:00:00,2023-01-06,CP98_Donchian12Buy,BUY,1863.33,1876.9581142857141,21.90646106635082,1328.2435750073196
2023-01-06 18:00:00,2023-01-06,CP98_Donchian15Buy,BUY,1863.33,1877.0831428571428,22.478165757522234,1350.7217407648418
2023-01-06 18:00:00,2023-01-06,CP98_Donchian20Buy,BUY,1863.33,1877.7082857142857,21.801297640941396,1372.5230384057832
2023-01-06 18:00:00,2023-01-06,CP98_Donchian3Buy,BUY,1863.33,1876.4579999999999,22.17172087670177,1394.694759282485
2023-01-12 15:00:00,2023-01-12,CP98_PinbarKeltnerBuy,BUY,1899.44,1894.112142857143,-11.157558074259779,1383.5372012082253
2023-01-12 15:00:00,2023-01-12,CP98_Donchian5Buy,BUY,1899.44,1894.112142857143,-11.0682976096657,1372.4689035985596
2023-01-12 15:00:00,2023-01-12,CP98_Donchian7Buy,BUY,1899.44,1894.112142857143,-10.979751228788375,1361.489152369771
2023-01-12 15:00:00,2023-01-12,CP98_Donchian10Buy,BUY,1899.44,1894.112142857143,-10.89191321895807,1350.597239150813
2023-01-12 15:00:00,2023-01-12,CP98_Donchian12Buy,BUY,1899.44,1894.112142857143,-10.804777913206404,1339.7924612376066
2023-01-12 15:00:00,2023-01-12,CP98_Donchian15Buy,BUY,1899.44,1894.112142857143,-10.718339689900755,1329.0741215477058
2023-01-12 15:00:00,2023-01-12,CP98_Donchian20Buy,BUY,1899.44,1893.6043571428572,-10.632592972381671,1318.4415285753241
2023-01-12 15:00:00,2023-01-12,CP98_Donchian3Buy,BUY,1899.44,1894.112142857143,-10.547532228602496,1307.8939963467217
2023-01-12 15:00:00,2023-01-12,CP98_GapDayEMAPullbackBuy,BUY,1899.44,1894.112142857143,-10.463151970773678,1297.430844375948
2023-01-12 20:00:00,2023-01-12,CP98_PinbarKeltnerBuy,BUY,1898.81,1915.303714285714,13.811190813965403,1311.2420351899134
2023-01-12 20:00:00,2023-01-12,CP98_Donchian3Buy,BUY,1898.81,1914.5539999999999,13.323747207653545,1324.5657823975669
2023-01-13 17:00:00,2023-01-13,CP98_PinbarKeltnerBuy,BUY,1913.52,1927.0657142857144,14.001708749937384,1338.5674911475041
2023-01-13 17:00:00,2023-01-13,CP98_Donchian5Buy,BUY,1913.52,1926.45,13.506548898969992,1352.0740400464742
2023-01-13 17:00:00,2023-01-13,CP98_Donchian7Buy,BUY,1913.52,1926.5731428571428,13.77276579566617,1365.8468058421404
2023-01-13 17:00:00,2023-01-13,CP98_Donchian10Buy,BUY,1913.52,1926.7578571428571,14.109943619103845,1379.9567494612443
2023-01-13 17:00:00,2023-01-13,CP98_Donchian12Buy,BUY,1913.52,1926.9425714285715,14.4546238869431,1394.4113733481875
2023-01-13 17:00:00,2023-01-13,CP98_Donchian15Buy,BUY,1913.52,1927.0657142857144,14.740031930978397,1409.1514052791658
2023-01-13 17:00:00,2023-01-13,CP98_Donchian20Buy,BUY,1913.52,1927.6814285714286,14.207605655545507,1423.3590109347113
2023-01-13 17:00:00,2023-01-13,CP98_Donchian3Buy,BUY,1913.52,1926.45,14.362120856153952,1437.7211317908652
2023-01-17 06:00:00,2023-01-17,CP98_GapDayLowerKeltnerBuy,BUY,1911.22,1907.8864285714285,-11.501769054327259,1426.219362736538
2023-01-17 06:00:00,2023-01-17,CP98_GapDayDonchianLowSweepBuy,BUY,1911.22,1907.8864285714285,-11.409754901892637,1414.8096078346452
2023-01-17 16:00:00,2023-01-17,CP98_GapDayEMAPullbackBuy,BUY,1913.49,1908.405,-11.318476862677235,1403.491130971968
2023-01-17 18:00:00,2023-01-17,CP98_GapDayEMAPullbackBuy,BUY,1912.01,1907.1035714285715,-11.22792904777556,1392.2632019241923
2023-01-19 07:00:00,2023-01-19,CP98_GapDayEMAPullbackBuy,BUY,1909.95,1919.67,22.191411597990456,1414.4546135221829
2023-01-25 10:00:00,2023-01-25,CP98_GapDayLowerKeltnerBuy,BUY,1928.93,1924.825,-11.315636908177463,1403.1389766140053
2023-01-25 13:00:00,2023-01-25,CP98_GapDayLowerKeltnerBuy,BUY,1925.85,1921.3635714285713,-11.225111812912123,1391.9138648010933
2023-01-25 18:00:00,2023-01-25,CP98_GapDayEMAPullbackBuy,BUY,1936.76,1930.1585714285713,-11.135310918408855,1380.7785538826845
2023-01-26 13:00:00,2023-01-26,CP98_GapDayLowerKeltnerBuy,BUY,1937.0,1932.6764285714285,-11.046228431061767,1369.7323254516227
2023-01-26 15:00:00,2023-01-26,CP98_GapDayLowerKeltnerBuy,BUY,1937.62,1932.812857142857,-10.957858603613204,1358.7744668480095
2023-01-26 18:00:00,2023-01-26,CP98_GapDayLowerKeltnerBuy,BUY,1925.92,1919.3757142857144,-6.793872334240064,1351.9805945137693
2023-01-26 18:00:00,2023-01-26,CP98_GapDayDonchianLowSweepBuy,BUY,1925.92,1919.3757142857144,-6.759902972568864,1345.2206915412005
2023-01-27 14:00:00,2023-01-27,CP98_GapDayEMAPullbackBuy,BUY,1930.52,1926.21,-6.726103457705978,1338.4945880834946
2023-01-27 17:00:00,2023-01-27,CP98_GapDayLowerKeltnerBuy,BUY,1924.0,1918.5585714285714,-6.692472940417473,1331.8021151430771
2023-01-27 17:00:00,2023-01-27,CP98_GapDayDonchianLowSweepBuy,BUY,1924.0,1918.5585714285714,-6.659010575715385,1325.1431045673617
2023-01-30 01:00:00,2023-01-30,CP98_GapDayEMAPullbackBuy,BUY,1928.82,1923.3557142857142,-6.625715522836887,1318.5173890445249
2023-01-30 21:00:00,2023-01-30,CP98_GapDayDonchianLowSweepBuy,BUY,1923.25,1918.2285714285713,-6.592586945222774,1311.924802099302
2023-01-31 04:00:00,2023-01-31,CP98_GapDayEMAPullbackBuy,BUY,1925.31,1921.6442857142856,-6.559624010496541,1305.3651780888056
2023-02-01 17:00:00,2023-02-01,CP98_GapDayEMAPullbackBuy,BUY,1931.8,1927.3914285714286,-6.5268258904439325,1298.8383521983617
2023-03-03 17:00:00,2023-03-03,CP98_GapDayEMAPullbackBuy,BUY,1844.52,1851.7259999999999,12.711681055799284,1311.550033254161
2023-03-06 23:00:00,2023-03-06,CP98_GapDayDonchianLowSweepBuy,BUY,1846.55,1842.9078571428572,-6.55775016627063,1304.9922830878904
2023-03-10 15:00:00,2023-03-10,CP98_GapDayEMAPullbackBuy,BUY,1842.34,1851.6895,12.973899051361391,1317.9661821392517
2023-03-13 19:00:00,2023-03-13,CP98_PinbarKeltnerBuy,BUY,1909.68,1900.1907142857144,-6.589830910696202,1311.3763512285554
2023-03-13 21:00:00,2023-03-13,CP98_PinbarKeltnerBuy,BUY,1913.15,1903.3178571428573,-6.556881756142723,1304.8194694724127
2023-03-13 21:00:00,2023-03-13,CP98_Donchian5Buy,BUY,1913.15,1903.3178571428573,-6.52409734736201,1298.2953721250508
2023-03-13 21:00:00,2023-03-13,CP98_Donchian7Buy,BUY,1913.15,1903.3178571428573,-6.491476860625201,1291.8038952644256
2023-03-13 21:00:00,2023-03-13,CP98_Donchian10Buy,BUY,1913.15,1903.3178571428573,-6.459019476322074,1285.3448757881035
2023-03-13 21:00:00,2023-03-13,CP98_Donchian12Buy,BUY,1913.15,1903.3178571428573,-6.426724378940465,1278.918151409163
2023-03-13 21:00:00,2023-03-13,CP98_Donchian15Buy,BUY,1913.15,1903.3178571428573,-6.394590757045762,1272.5235606521173
2023-03-13 21:00:00,2023-03-13,CP98_Donchian20Buy,BUY,1913.15,1902.359642857143,-6.362617803260574,1266.1609428488568
2023-03-13 21:00:00,2023-03-13,CP98_Donchian3Buy,BUY,1913.15,1903.3178571428573,-6.330804714244232,1259.8301381346125
2023-03-15 08:00:00,2023-03-15,CP98_GapDayLowerKeltnerBuy,BUY,1900.36,1896.7564285714284,-6.299150690673205,1253.5309874439392
2023-03-20 08:00:00,2023-03-20,CP98_PinbarKeltnerBuy,BUY,1988.64,2008.6662857142858,13.420267904677033,1266.9512553486163
2023-03-21 16:00:00,2023-03-21,CP98_GapDayLowerKeltnerBuy,BUY,1953.0,1946.4,-6.334756276743019,1260.6164990718732
2023-03-21 16:00:00,2023-03-21,CP98_GapDayDonchianLowSweepBuy,BUY,1953.0,1946.4,-6.3030824953593045,1254.3134165765139
2023-03-21 22:00:00,2023-03-21,CP98_GapDayLowerKeltnerBuy,BUY,1939.43,1954.765642857143,13.027275359208627,1267.3406919357226
2023-03-22 02:00:00,2023-03-22,CP98_GapDayLowerKeltnerBuy,BUY,1943.38,1936.892142857143,-6.336703459678645,1261.003988476044
2023-03-22 05:00:00,2023-03-22,CP98_GapDayLowerKeltnerBuy,BUY,1939.55,1952.4638214285712,13.014118312052853,1274.018106788097
2023-03-22 07:00:00,2023-03-22,CP98_GapDayLowerKeltnerBuy,BUY,1939.65,1934.6885714285715,-6.3700905339404645,1267.6480162541566
2023-03-22 18:00:00,2023-03-22,CP98_GapDayEMAPullbackBuy,BUY,1948.9,1959.7735,12.69724897133529,1280.3452652254919
2023-03-27 04:00:00,2023-03-27,CP98_GapDayLowerKeltnerBuy,BUY,1974.31,1966.615,-6.401726326127405,1273.9435388993645
2023-03-27 10:00:00,2023-03-27,CP98_GapDayLowerKeltnerBuy,BUY,1970.66,1965.207142857143,-6.369717694496708,1267.5738212048677
2023-03-27 10:00:00,2023-03-27,CP98_GapDayDonchianLowSweepBuy,BUY,1970.66,1965.207142857143,-6.337869106024226,1261.2359520988434
2023-03-28 14:00:00,2023-03-28,CP98_GapDayEMAPullbackBuy,BUY,1956.9,1964.8215,12.41984801311597,1273.6558001119595
2023-04-03 12:00:00,2023-04-03,CP98_GapDayEMAPullbackBuy,BUY,1965.97,1977.478,12.789904840914936,1286.4457049528744
2023-04-03 18:00:00,2023-04-03,CP98_PinbarKeltnerBuy,BUY,1987.8,1981.24,-6.432228524764308,1280.0134764281102
2023-04-04 19:00:00,2023-04-04,CP98_PinbarKeltnerBuy,BUY,2020.6,2013.6921428571427,-6.400067382140626,1273.6134090459695
2023-04-06 06:00:00,2023-04-06,CP98_GapDayLowerKeltnerBuy,BUY,2011.25,2005.7485714285715,-6.368067045229791,1267.2453420007398
2023-04-10 07:00:00,2023-04-10,CP98_GapDayLowerKeltnerBuy,BUY,1991.98,1986.0921428571428,-6.336226710003804,1260.909115290736
2023-04-10 09:00:00,2023-04-10,CP98_GapDayLowerKeltnerBuy,BUY,1995.75,1990.3035714285713,-6.304545576453793,1254.6045697142822
2023-04-11 16:00:00,2023-04-11,CP98_GapDayEMAPullbackBuy,BUY,2001.29,2010.335,12.450672152266577,1267.0552418665488
2023-04-17 09:00:00,2023-04-17,CP98_GapDayEMAPullbackBuy,BUY,2011.23,2006.4357142857143,-6.335276209332788,1260.719965657216
2023-04-21 02:00:00,2023-04-21,CP98_GapDayEMAPullbackBuy,BUY,2005.19,1999.63,-6.303599828286026,1254.41636582893
2023-05-03 23:00:00,2023-05-03,CP98_Donchian20Buy,BUY,2045.0,2062.2927142857143,12.72956144620711,1267.1459272751372
2023-05-05 13:00:00,2023-05-05,CP98_GapDayLowerKeltnerBuy,BUY,2039.15,2035.2578571428571,-6.335729636375818,1260.8101976387613
2023-05-05 19:00:00,2023-05-05,CP98_GapDayLowerKeltnerBuy,BUY,2017.01,2032.860107142857,13.109159126198843,1273.9193567649602
2023-05-05 21:00:00,2023-05-05,CP98_GapDayLowerKeltnerBuy,BUY,2016.56,2032.39475,13.245039090304688,1287.164395855265
2023-05-08 07:00:00,2023-05-08,CP98_GapDayEMAPullbackBuy,BUY,2023.61,2018.905714285714,-6.435821979276435,1280.7285738759886
2023-05-08 11:00:00,2023-05-08,CP98_GapDayEMAPullbackBuy,BUY,2022.38,2018.8264285714288,-6.403642869379768,1274.3249310066087
2023-05-08 17:00:00,2023-05-08,CP98_GapDayEMAPullbackBuy,BUY,2024.74,2020.6971428571428,-6.371624655033146,1267.9533063515755
2023-05-09 05:00:00,2023-05-09,CP98_GapDayEMAPullbackBuy,BUY,2023.65,2031.429,12.471795771452802,1280.4251021230284
2023-05-09 10:00:00,2023-05-09,CP98_GapDayEMAPullbackBuy,BUY,2024.57,2021.375,-6.402125510615012,1274.0229766124135
2023-05-09 16:00:00,2023-05-09,CP98_GapDayEMAPullbackBuy,BUY,2030.16,2026.1764285714287,-6.370114883061963,1267.6528617293516
2023-05-09 18:00:00,2023-05-09,CP98_GapDayEMAPullbackBuy,BUY,2026.96,2035.0345000000002,12.497757059870326,1280.1506187892219
2023-05-11 06:00:00,2023-05-11,CP98_GapDayEMAPullbackBuy,BUY,2032.22,2027.0535714285716,-6.40075309394601,1273.749865695276
2023-05-11 15:00:00,2023-05-11,CP98_GapDayEMAPullbackBuy,BUY,2037.34,2032.25,-6.368749328476318,1267.3811163667997
2023-06-01 15:00:00,2023-06-01,CP98_GapDayEMAPullbackBuy,BUY,1968.26,1976.696,12.527852307280092,1279.9089686740797
2023-06-19 06:00:00,2023-06-19,CP98_GapDayDonchianLowSweepBuy,BUY,1955.54,1951.3414285714284,-6.3995448433704984,1273.5094238307092
2023-07-05 15:00:00,2023-07-05,CP98_GapDayEMAPullbackBuy,BUY,1929.21,1926.2428571428572,-6.367547119153302,1267.1418767115558
2023-07-11 16:00:00,2023-07-11,CP98_GapDayEMAPullbackBuy,BUY,1933.36,1942.2955,12.566643994845833,1279.7085207064017
2023-07-12 17:00:00,2023-07-12,CP98_PinbarKeltnerBuy,BUY,1957.55,1952.2592857142856,-6.398542603532067,1273.3099781028695
2023-07-12 17:00:00,2023-07-12,CP98_Donchian5Buy,BUY,1957.55,1952.2592857142856,-6.366549890514406,1266.9434282123552
2023-07-12 17:00:00,2023-07-12,CP98_Donchian7Buy,BUY,1957.55,1952.2592857142856,-6.334717141061835,1260.6087110712933
2023-07-12 17:00:00,2023-07-12,CP98_Donchian10Buy,BUY,1957.55,1952.2592857142856,-6.303043555356525,1254.3056675159369
2023-07-12 17:00:00,2023-07-12,CP98_Donchian12Buy,BUY,1957.55,1952.2592857142856,-6.271528337579742,1248.0341391783572
2023-07-12 17:00:00,2023-07-12,CP98_Donchian15Buy,BUY,1957.55,1952.2592857142856,-6.240170695891844,1241.7939684824653
2023-07-12 17:00:00,2023-07-12,CP98_Donchian20Buy,BUY,1957.55,1951.7552142857141,-6.208969842412431,1235.5849986400528
2023-07-12 17:00:00,2023-07-12,CP98_Donchian3Buy,BUY,1957.55,1952.2592857142856,-6.177924993200321,1229.4070736468525
2023-07-13 05:00:00,2023-07-13,CP98_Donchian20Buy,BUY,1959.94,1954.3078571428573,-6.147035368234148,1223.2600382786184
2023-07-14 10:00:00,2023-07-14,CP98_GapDayLowerKeltnerBuy,BUY,1956.73,1962.0835,11.950223749862207,1235.2102620284807
2023-07-14 13:00:00,2023-07-14,CP98_GapDayLowerKeltnerBuy,BUY,1956.05,1961.5063928571428,12.087765092393598,1247.2980271208742
2023-07-17 02:00:00,2023-07-17,CP98_GapDayLowerKeltnerBuy,BUY,1953.19,1949.2392857142859,-6.236490135604192,1241.0615369852699
2023-07-17 05:00:00,2023-07-17,CP98_GapDayLowerKeltnerBuy,BUY,1953.39,1949.3671428571429,-6.205307684926476,1234.8562293003433
2023-07-17 18:00:00,2023-07-17,CP98_GapDayEMAPullbackBuy,BUY,1954.49,1963.4254999999998,12.246457088693772,1247.102686389037
2023-07-17 20:00:00,2023-07-17,CP98_GapDayEMAPullbackBuy,BUY,1955.11,1963.915,12.357745028229756,1259.4604314172668
2023-07-18 16:00:00,2023-07-18,CP98_PinbarKeltnerBuy,BUY,1971.12,1980.653857142857,13.098427740610012,1272.558859157877
2023-07-21 18:00:00,2023-07-21,CP98_GapDayLowerKeltnerBuy,BUY,1960.16,1955.8264285714286,-6.362794295789529,1266.1960648620873
2023-07-21 18:00:00,2023-07-21,CP98_GapDayDonchianLowSweepBuy,BUY,1960.16,1955.8264285714286,-6.3309803243105796,1259.8650845377767
2023-07-24 03:00:00,2023-07-24,CP98_GapDayLowerKeltnerBuy,BUY,1961.63,1958.0214285714287,-6.299325422688798,1253.565759115088
2023-07-25 11:00:00,2023-07-25,CP98_GapDayEMAPullbackBuy,BUY,1962.86,1959.7857142857142,-6.267828795575407,1247.2979303195125
2023-07-25 14:00:00,2023-07-25,CP98_GapDayEMAPullbackBuy,BUY,1960.64,1957.1778571428572,-6.2364896515976795,1241.061440667915
2023-07-25 17:00:00,2023-07-25,CP98_GapDayEMAPullbackBuy,BUY,1961.7,1971.2655,12.353145900841723,1253.4145865687567
2023-07-26 05:00:00,2023-07-26,CP98_GapDayEMAPullbackBuy,BUY,1964.0,1971.347,12.283128577104494,1265.6977151458611
2023-07-26 17:00:00,2023-07-26,CP98_GapDayEMAPullbackBuy,BUY,1968.92,1965.3464285714285,-6.328488575729508,1259.3692265701316
2023-08-24 16:00:00,2023-08-24,CP98_GapDayLowerKeltnerBuy,BUY,1916.11,1921.7276428571427,12.35598946632486,1271.7252160364565
2023-08-28 11:00:00,2023-08-28,CP98_GapDayEMAPullbackBuy,BUY,1914.54,1918.71,11.85995497000138,1283.5851710064578
2023-08-28 16:00:00,2023-08-28,CP98_GapDayEMAPullbackBuy,BUY,1918.04,1922.8115,12.14171240560783,1295.7268834120657
2023-09-04 17:00:00,2023-09-04,CP98_GapDayLowerKeltnerBuy,BUY,1938.22,1935.7857142857142,-6.4786344170604595,1289.2482489950053
2023-09-04 20:00:00,2023-09-04,CP98_GapDayLowerKeltnerBuy,BUY,1938.39,1936.3164285714286,-6.44624124497528,1282.80200775003
2023-09-05 03:00:00,2023-09-05,CP98_GapDayLowerKeltnerBuy,BUY,1937.7,1935.87,-6.414010038750548,1276.3879977112795
2023-09-05 03:00:00,2023-09-05,CP98_GapDayDonchianLowSweepBuy,BUY,1937.7,1935.87,-6.381939988556795,1270.0060577227227
2023-09-05 13:00:00,2023-09-05,CP98_GapDayLowerKeltnerBuy,BUY,1930.99,1928.6907142857142,-6.350030288613839,1263.6560274341089
2023-09-05 13:00:00,2023-09-05,CP98_GapDayDonchianLowSweepBuy,BUY,1930.99,1928.6907142857142,-6.318280137170768,1257.337747296938
2023-09-20 15:00:00,2023-09-20,CP98_GapDayEMAPullbackBuy,BUY,1932.07,1935.8845,11.604840601261126,1268.9425878981992
2023-09-21 08:00:00,2023-09-21,CP98_GapDayLowerKeltnerBuy,BUY,1928.59,1924.732857142857,-6.344712939491103,1262.5978749587082
2023-09-22 15:00:00,2023-09-22,CP98_GapDayEMAPullbackBuy,BUY,1925.98,1923.6057142857144,-6.312989374793325,1256.284885583915
2023-09-22 20:00:00,2023-09-22,CP98_GapDayEMAPullbackBuy,BUY,1925.44,1922.7492857142859,-6.281424427919347,1250.0034611559956
2023-09-22 22:00:00,2023-09-22,CP98_GapDayEMAPullbackBuy,BUY,1925.28,1922.597857142857,-6.250017305780167,1243.7534438502155
2023-10-12 18:00:00,2023-10-12,CP98_GapDayLowerKeltnerBuy,BUY,1872.21,1868.2728571428572,-6.218767219251052,1237.5346766309644
2023-10-12 18:00:00,2023-10-12,CP98_GapDayDonchianLowSweepBuy,BUY,1872.21,1868.2728571428572,-6.187673383154797,1231.3470032478097
2023-10-13 18:00:00,2023-10-13,CP98_PinbarKeltnerBuy,BUY,1922.89,1916.0800000000002,-6.156735016239034,1225.1902682315706
2023-10-13 18:00:00,2023-10-13,CP98_Donchian5Buy,BUY,1922.89,1916.0800000000002,-6.125951341157839,1219.0643168904128
2023-10-13 18:00:00,2023-10-13,CP98_Donchian7Buy,BUY,1922.89,1916.0800000000002,-6.09532158445205,1212.9689953059608
2023-10-13 18:00:00,2023-10-13,CP98_Donchian10Buy,BUY,1922.89,1916.0800000000002,-6.06484497652979,1206.904150329431
2023-10-13 18:00:00,2023-10-13,CP98_Donchian12Buy,BUY,1922.89,1916.0800000000002,-6.0345207516471415,1200.869629577784
2023-10-13 18:00:00,2023-10-13,CP98_Donchian15Buy,BUY,1922.89,1916.0800000000002,-6.004348147888906,1194.865281429895
2023-10-13 18:00:00,2023-10-13,CP98_Donchian20Buy,BUY,1922.89,1915.4240000000002,-5.974326407149424,1188.8909550227456
2023-10-13 18:00:00,2023-10-13,CP98_Donchian3Buy,BUY,1922.89,1916.0800000000002,-5.944454775113714,1182.946500247632
2023-10-16 10:00:00,2023-10-16,CP98_GapDayLowerKeltnerBuy,BUY,1911.36,1920.4683214285712,12.008055834964777,1194.9545560825968
2023-10-17 15:00:00,2023-10-17,CP98_GapDayEMAPullbackBuy,BUY,1925.85,1921.7199999999998,-5.974772780413125,1188.9797833021837
2023-10-18 14:00:00,2023-10-18,CP98_PinbarKeltnerBuy,BUY,1946.06,1955.729,12.374860629439068,1201.3546439316228
2023-10-18 14:00:00,2023-10-18,CP98_Donchian5Buy,BUY,1946.06,1955.2895,11.935309672946236,1213.289953604569
2023-10-18 14:00:00,2023-10-18,CP98_Donchian7Buy,BUY,1946.06,1955.3774,12.168684406582713,1225.4586380111518
2023-10-18 14:00:00,2023-10-18,CP98_Donchian10Buy,BUY,1946.06,1955.50925,12.464655581514519,1237.9232935926664
2023-10-18 14:00:00,2023-10-18,CP98_Donchian12Buy,BUY,1946.06,1955.6411,12.767133335027761,1250.690426927694
2023-10-18 14:00:00,2023-10-18,CP98_Donchian15Buy,BUY,1946.06,1955.729,13.01714288263074,1263.7075698103247
2023-10-18 14:00:00,2023-10-18,CP98_Donchian20Buy,BUY,1946.06,1956.1685,12.561891994716971,1276.2694618050416
2023-10-18 14:00:00,2023-10-18,CP98_Donchian3Buy,BUY,1946.06,1955.2895,12.679579114886737,1288.9490409199284
2023-10-19 21:00:00,2023-10-19,CP98_PinbarKeltnerBuy,BUY,1972.97,1985.6278571428572,13.588022578311719,1302.53706349824
2023-10-19 21:00:00,2023-10-19,CP98_Donchian5Buy,BUY,1972.97,1985.0525000000002,13.107118202025397,1315.6441817002656
2023-10-19 21:00:00,2023-10-19,CP98_Donchian7Buy,BUY,1972.97,1985.1675714285716,13.365097818692941,1329.0092795189585
2023-10-19 21:00:00,2023-10-19,CP98_Donchian10Buy,BUY,1972.97,1985.3401785714286,13.691918474139843,1342.7011979930983
2023-10-19 21:00:00,2023-10-19,CP98_Donchian12Buy,BUY,1972.97,1985.5127857142859,14.025995696989346,1356.7271936900877
2023-10-19 21:00:00,2023-10-19,CP98_Donchian15Buy,BUY,1972.97,1985.6278571428572,14.302535752160612,1371.0297294422483
2023-10-19 21:00:00,2023-10-19,CP98_Donchian20Buy,BUY,1972.97,1986.2032142857145,13.788818349987467,1384.8185477922357
2023-10-19 21:00:00,2023-10-19,CP98_Donchian3Buy,BUY,1972.97,1985.0525000000002,13.935097052456747,1398.7536448446924
2023-10-23 04:00:00,2023-10-23,CP98_GapDayLowerKeltnerBuy,BUY,1966.41,1957.7685714285715,-11.19002915875758,1387.5636156859348
2023-10-23 04:00:00,2023-10-23,CP98_GapDayDonchianLowSweepBuy,BUY,1966.41,1957.7685714285715,-11.100508925487519,1376.4631067604473
2023-10-24 08:00:00,2023-10-24,CP98_GapDayEMAPullbackBuy,BUY,1976.34,1972.3964285714285,-11.011704854083579,1365.4514019063638
2023-10-24 14:00:00,2023-10-24,CP98_GapDayLowerKeltnerBuy,BUY,1963.57,1958.9035714285715,-6.827257009531653,1358.6241448968321
2023-10-24 14:00:00,2023-10-24,CP98_GapDayDonchianLowSweepBuy,BUY,1963.57,1958.9035714285715,-6.7931207244839955,1351.8310241723482
2023-10-25 06:00:00,2023-10-25,CP98_GapDayEMAPullbackBuy,BUY,1973.1,1968.5135714285714,-6.759155120861718,1345.0718690514864
2023-10-25 08:00:00,2023-10-25,CP98_GapDayEMAPullbackBuy,BUY,1972.69,1968.5228571428572,-6.725359345257432,1338.346509706229
2023-10-25 15:00:00,2023-10-25,CP98_GapDayEMAPullbackBuy,BUY,1975.06,1983.106,13.191871214503774,1351.5383809207328
2023-10-25 18:00:00,2023-10-25,CP98_GapDayEMAPullbackBuy,BUY,1981.07,1974.4642857142858,-6.757691904603548,1344.7806890161294
2023-10-26 17:00:00,2023-10-26,CP98_GapDayLowerKeltnerBuy,BUY,1979.5,1990.6646428571428,13.792384881670902,1358.5730738978002
2023-10-31 06:00:00,2023-10-31,CP98_GapDayLowerKeltnerBuy,BUY,1992.6,2000.0958214285713,13.627480045349339,1372.2005539431495
2023-10-31 06:00:00,2023-10-31,CP98_GapDayDonchianLowSweepBuy,BUY,1992.6,2000.270142857143,14.084270682806862,1386.2848246259564
2023-10-31 20:00:00,2023-10-31,CP98_GapDayLowerKeltnerBuy,BUY,1984.42,1978.7642857142857,-11.090278597007684,1375.1945460289487
2023-10-31 20:00:00,2023-10-31,CP98_GapDayDonchianLowSweepBuy,BUY,1984.42,1978.7642857142857,-11.00155636823162,1364.192989660717
2023-11-01 06:00:00,2023-11-01,CP98_GapDayLowerKeltnerBuy,BUY,1977.46,1987.3407857142859,13.908474384784615,1378.1014640455016
2023-11-01 06:00:00,2023-11-01,CP98_GapDayDonchianLowSweepBuy,BUY,1977.46,1987.5705714285716,14.377027272458314,1392.4784913179599
2023-11-01 12:00:00,2023-11-01,CP98_GapDayEMAPullbackBuy,BUY,1983.1,1989.682,21.66553111320712,1414.144022431167
2023-11-02 00:00:00,2023-11-02,CP98_GapDayEMAPullbackBuy,BUY,1983.62,1995.2944999999997,22.735221095115286,1436.8792435262824
2023-11-06 07:00:00,2023-11-06,CP98_GapDayLowerKeltnerBuy,BUY,1983.72,1979.0992857142858,-11.495033948210178,1425.3842095780722
2023-11-06 07:00:00,2023-11-06,CP98_GapDayDonchianLowSweepBuy,BUY,1983.72,1979.0992857142858,-11.403073676624496,1413.9811359014477
2023-11-20 16:00:00,2023-11-20,CP98_GapDayLowerKeltnerBuy,BUY,1970.01,1979.4039642857142,23.004228987616557,1436.9853648890644
2023-11-20 16:00:00,2023-11-20,CP98_GapDayDonchianLowSweepBuy,BUY,1970.01,1979.6224285714286,23.922173309983794,1460.907538199048
2023-11-20 21:00:00,2023-11-20,CP98_GapDayEMAPullbackBuy,BUY,1978.34,1987.5859999999998,23.224527525285342,1484.1320657243334
2023-11-21 04:00:00,2023-11-21,CP98_Donchian20Buy,BUY,1990.6,1985.4471428571428,-11.873056525794595,1472.259009198539
2023-11-22 19:00:00,2023-11-22,CP98_GapDayLowerKeltnerBuy,BUY,1991.39,2001.57025,24.052902352486687,1496.3119115510256
2023-11-23 07:00:00,2023-11-23,CP98_GapDayEMAPullbackBuy,BUY,1996.13,1992.0185714285715,-11.970495292408346,1484.3414162586173
2023-11-23 09:00:00,2023-11-23,CP98_GapDayEMAPullbackBuy,BUY,1996.24,1992.8942857142856,-11.874731330069226,1472.4666849285481
2023-11-24 06:00:00,2023-11-24,CP98_GapDayEMAPullbackBuy,BUY,1993.61,1998.1505,22.173595442310788,1494.640280370859
2023-11-28 19:00:00,2023-11-28,CP98_PinbarKeltnerBuy,BUY,2040.56,2050.4317142857144,24.91740232911686,1519.5576826999759
2023-11-28 19:00:00,2023-11-28,CP98_Donchian5Buy,BUY,2040.56,2049.9829999999997,24.18131346407024,1543.738996164046
2023-11-28 19:00:00,2023-11-28,CP98_Donchian7Buy,BUY,2040.56,2050.0727428571427,24.800083175721543,1568.5390793397676
2023-11-28 19:00:00,2023-11-28,CP98_Donchian10Buy,BUY,2040.56,2050.207357142857,25.55507764449486,1594.0941569842623
2023-11-28 19:00:00,2023-11-28,CP98_Donchian12Buy,BUY,2040.56,2050.3419714285715,26.333820141498315,1620.4279771257607
2023-11-28 19:00:00,2023-11-28,CP98_Donchian15Buy,BUY,2040.56,2050.4317142857144,27.01443041624772,1647.4424075420084
2023-11-28 19:00:00,2023-11-28,CP98_Donchian20Buy,BUY,2040.56,2050.8804285714286,26.22873900951692,1673.6711465515252
2023-11-28 19:00:00,2023-11-28,CP98_Donchian3Buy,BUY,2040.56,2049.9829999999997,26.633781060960917,1700.3049276124862
2023-11-30 17:00:00,2023-11-30,CP98_GapDayLowerKeltnerBuy,BUY,2037.82,2047.7821785714284,27.748120919300877,1728.053048531787
2023-11-30 17:00:00,2023-11-30,CP98_GapDayDonchianLowSweepBuy,BUY,2037.82,2048.013857142857,28.85679248420809,1756.9098410159952
2023-12-01 06:00:00,2023-12-01,CP98_GapDayEMAPullbackBuy,BUY,2040.06,2047.8225,27.646288068403894,1784.5561290843991
2023-12-07 15:00:00,2023-12-07,CP98_GapDayEMAPullbackBuy,BUY,2037.05,2032.965,-14.276449032675364,1770.2796800517237
2023-12-08 11:00:00,2023-12-08,CP98_GapDayLowerKeltnerBuy,BUY,2028.47,2025.4364285714287,-14.162237440413412,1756.1174426113103
2023-12-18 10:00:00,2023-12-18,CP98_GapDayEMAPullbackBuy,BUY,2024.27,2019.7814285714285,-14.048939540890634,1742.0685030704196
2023-12-19 01:00:00,2023-12-19,CP98_GapDayEMAPullbackBuy,BUY,2027.53,2022.7621428571429,-13.936548024563312,1728.1319550458563
2023-12-20 15:00:00,2023-12-20,CP98_GapDayLowerKeltnerBuy,BUY,2036.31,2033.022857142857,-13.825055640367122,1714.3068994054893
2023-12-20 15:00:00,2023-12-20,CP98_GapDayDonchianLowSweepBuy,BUY,2036.31,2033.022857142857,-13.714455195244184,1700.592444210245
2023-12-20 23:00:00,2023-12-20,CP98_GapDayLowerKeltnerBuy,BUY,2031.15,2040.809642857143,27.70838785455089,1728.300832064796
2023-12-20 23:00:00,2023-12-20,CP98_GapDayDonchianLowSweepBuy,BUY,2031.15,2041.034285714286,28.814731221822726,1757.1155632866187
2023-12-21 08:00:00,2023-12-21,CP98_GapDayEMAPullbackBuy,BUY,2036.81,2033.45,-14.056924506292608,1743.058638780326
2023-12-21 15:00:00,2023-12-21,CP98_GapDayEMAPullbackBuy,BUY,2041.23,2037.42,-13.944469110242547,1729.1141696700834
2023-12-22 16:00:00,2023-12-22,CP98_PinbarKeltnerBuy,BUY,2068.3,2063.5478571428575,-13.832913357360239,1715.2812563127231
2023-12-27 18:00:00,2023-12-27,CP98_PinbarKeltnerBuy,BUY,2081.54,2076.9742857142855,-13.722250050502174,1701.559006262221
2023-12-28 04:00:00,2023-12-28,CP98_PinbarKeltnerBuy,BUY,2087.82,2082.7250000000004,-13.612472050097335,1687.9465342121237
2023-12-28 04:00:00,2023-12-28,CP98_Donchian5Buy,BUY,2087.82,2082.7250000000004,-13.503572273696557,1674.442961938427
2023-12-28 04:00:00,2023-12-28,CP98_Donchian7Buy,BUY,2087.82,2082.7250000000004,-13.395543695506989,1661.04741824292
2023-12-28 04:00:00,2023-12-28,CP98_Donchian10Buy,BUY,2087.82,2082.7250000000004,-13.288379345942936,1647.759038896977
2023-12-28 04:00:00,2023-12-28,CP98_Donchian12Buy,BUY,2087.82,2082.7250000000004,-13.182072311175396,1634.5769665858015
2023-12-28 04:00:00,2023-12-28,CP98_Donchian15Buy,BUY,2087.82,2082.7250000000004,-13.076615732685996,1621.5003508531156
2023-12-28 04:00:00,2023-12-28,CP98_Donchian20Buy,BUY,2087.82,2082.2405000000003,-12.972002806824614,1608.528348046291
2023-12-28 04:00:00,2023-12-28,CP98_Donchian3Buy,BUY,2087.82,2082.7250000000004,-12.868226784369918,1595.6601212619212
2023-12-28 19:00:00,2023-12-28,CP98_GapDayDonchianLowSweepBuy,BUY,2074.72,2069.645714285714,-7.978300606309912,1587.6818206556113
2023-12-29 02:00:00,2023-12-29,CP98_GapDayLowerKeltnerBuy,BUY,2066.79,2062.1164285714285,-7.938409103278056,1579.7434115523333
2024-01-02 04:00:00,2024-01-02,CP98_GapDayEMAPullbackBuy,BUY,2067.77,2077.379,15.727987136063115,1595.4713986883964
2024-01-03 05:00:00,2024-01-03,CP98_GapDayEMAPullbackBuy,BUY,2065.0,2059.932142857143,-7.977356993441676,1587.4940416949548
2024-01-03 08:00:00,2024-01-03,CP98_GapDayEMAPullbackBuy,BUY,2064.23,2060.8557142857144,-7.937470208474393,1579.5565714864804
2024-01-16 06:00:00,2024-01-16,CP98_GapDayDonchianLowSweepBuy,BUY,2049.25,2046.5864285714285,-7.89778285743269,1571.6587886290476
2024-01-30 15:00:00,2024-01-30,CP98_GapDayEMAPullbackBuy,BUY,2037.61,2044.3434999999997,15.308814046835042,1586.9676026758827
2024-02-01 14:00:00,2024-02-01,CP98_GapDayLowerKeltnerBuy,BUY,2034.08,2042.405107142857,16.02525164991165,1602.9928543257945
2024-02-01 14:00:00,2024-02-01,CP98_GapDayDonchianLowSweepBuy,BUY,2034.08,2042.598714285714,16.563518782932043,1619.5563731087266
2024-02-02 18:00:00,2024-02-02,CP98_GapDayLowerKeltnerBuy,BUY,2036.14,2030.8128571428574,-8.097781865543459,1611.458591243183
2024-02-02 21:00:00,2024-02-02,CP98_GapDayLowerKeltnerBuy,BUY,2038.11,2032.4807142857142,-8.057292956216031,1603.401298286967
2024-02-19 18:00:00,2024-02-19,CP98_GapDayLowerKeltnerBuy,BUY,2016.14,2021.4259285714286,15.645636376203807,1619.0469346631708
2024-02-21 19:00:00,2024-02-21,CP98_GapDayLowerKeltnerBuy,BUY,2024.2,2021.0821428571428,-8.095234673316106,1610.9516999898547
2024-02-21 19:00:00,2024-02-21,CP98_GapDayDonchianLowSweepBuy,BUY,2024.2,2021.0821428571428,-8.054758499949523,1602.8969414899052
2024-02-26 17:00:00,2024-02-26,CP98_GapDayLowerKeltnerBuy,BUY,2029.08,2035.3779642857141,15.876188235966705,1618.773129725872
2024-02-26 19:00:00,2024-02-26,CP98_GapDayLowerKeltnerBuy,BUY,2028.53,2035.1612142857143,16.097048098153678,1634.8701778240256
2024-02-28 02:00:00,2024-02-28,CP98_GapDayLowerKeltnerBuy,BUY,2030.61,2027.7342857142855,-8.174350889120314,1626.6958269349054
2024-02-28 02:00:00,2024-02-28,CP98_GapDayDonchianLowSweepBuy,BUY,2030.61,2027.7342857142855,-8.13347913467471,1618.5623478002308
2024-02-28 17:00:00,2024-02-28,CP98_GapDayEMAPullbackBuy,BUY,2031.68,2028.3635714285715,-8.092811739001075,1610.4695360612297
2024-02-28 21:00:00,2024-02-28,CP98_GapDayEMAPullbackBuy,BUY,2032.04,2028.5049999999999,-8.05234768030626,1602.4171883809236
2024-02-29 16:00:00,2024-02-29,CP98_PinbarKeltnerBuy,BUY,2047.64,2043.8035714285716,-8.012085941904449,1594.4051024390192
2024-02-29 17:00:00,2024-02-29,CP98_PinbarKeltnerBuy,BUY,2048.03,2044.0635714285715,-7.972025512195129,1586.433076926824
2024-03-01 13:00:00,2024-03-01,CP98_PinbarKeltnerBuy,BUY,2055.26,2051.632142857143,-7.932165384633907,1578.5009115421901
2024-03-01 13:00:00,2024-03-01,CP98_Donchian5Buy,BUY,2055.26,2051.632142857143,-7.8925045577107396,1570.6084069844794
2024-03-01 13:00:00,2024-03-01,CP98_Donchian7Buy,BUY,2055.26,2051.632142857143,-7.853042034922186,1562.7553649495571
2024-03-01 13:00:00,2024-03-01,CP98_Donchian10Buy,BUY,2055.26,2051.632142857143,-7.813776824747576,1554.9415881248096
2024-03-01 13:00:00,2024-03-01,CP98_Donchian12Buy,BUY,2055.26,2051.632142857143,-7.7747079406238395,1547.1668801841859
2024-03-01 13:00:00,2024-03-01,CP98_Donchian15Buy,BUY,2055.26,2051.632142857143,-7.735834400920722,1539.431045783265
2024-03-01 13:00:00,2024-03-01,CP98_Donchian20Buy,BUY,2055.26,2051.2943571428573,-7.697155228916558,1531.7338905543486
2024-03-01 13:00:00,2024-03-01,CP98_Donchian3Buy,BUY,2055.26,2051.632142857143,-7.658669452771538,1524.075221101577
2024-03-01 20:00:00,2024-03-01,CP98_PinbarKeltnerBuy,BUY,2085.56,2102.2454285714284,16.229844791595696,1540.3050658931727
2024-03-08 15:00:00,2024-03-08,CP98_GapDayEMAPullbackBuy,BUY,2170.98,2164.7971428571427,-7.701525329466025,1532.6035405637067
2024-03-08 18:00:00,2024-03-08,CP98_PinbarKeltnerBuy,BUY,2180.55,2173.0964285714285,-7.663017702818702,1524.940522860888
2024-03-08 21:00:00,2024-03-08,CP98_GapDayEMAPullbackBuy,BUY,2176.27,2166.977857142857,-7.624702614304547,1517.3158202465834
2024-03-12 16:00:00,2024-03-12,CP98_GapDayLowerKeltnerBuy,BUY,2161.91,2155.5385714285712,-7.586579101232955,1509.7292411453504
2024-03-12 16:00:00,2024-03-12,CP98_GapDayDonchianLowSweepBuy,BUY,2161.91,2155.5385714285712,-7.548646205726791,1502.1805949396237
2024-03-12 22:00:00,2024-03-12,CP98_GapDayLowerKeltnerBuy,BUY,2158.24,2173.938071428571,15.61382595023024,1517.7944208898539
2024-03-13 13:00:00,2024-03-13,CP98_GapDayEMAPullbackBuy,BUY,2163.85,2170.7799999999997,14.814528643332935,1532.608949533187
2024-03-13 15:00:00,2024-03-13,CP98_GapDayEMAPullbackBuy,BUY,2165.94,2173.7055,15.073335187841414,1547.6822847210283
2024-03-15 10:00:00,2024-03-15,CP98_GapDayEMAPullbackBuy,BUY,2168.95,2166.007857142857,-7.738411423604714,1539.9438732974236
2024-03-18 18:00:00,2024-03-18,CP98_GapDayEMAPullbackBuy,BUY,2159.84,2155.7985714285714,-7.699719366487242,1532.2441539309364
2024-03-19 11:00:00,2024-03-19,CP98_GapDayLowerKeltnerBuy,BUY,2153.15,2149.857142857143,-7.661220769654153,1524.5829331612822
2024-03-19 14:00:00,2024-03-19,CP98_GapDayLowerKeltnerBuy,BUY,2156.81,2152.817857142857,-7.622914665806287,1516.9600184954759
2024-03-20 02:00:00,2024-03-20,CP98_GapDayEMAPullbackBuy,BUY,2157.03,2153.047142857143,-7.584800092477195,1509.3752184029986
2024-03-20 21:00:00,2024-03-20,CP98_PinbarKeltnerBuy,BUY,2182.78,2196.5127142857145,15.963772732958727,1525.3389911359573
2024-03-21 19:00:00,2024-03-21,CP98_GapDayLowerKeltnerBuy,BUY,2181.0,2173.46,-7.626694955679722,1517.7122961802775
2024-03-22 12:00:00,2024-03-22,CP98_GapDayLowerKeltnerBuy,BUY,2167.06,2176.7442142857144,15.457475616273268,1533.1697717965508
2024-03-22 21:00:00,2024-03-22,CP98_GapDayLowerKeltnerBuy,BUY,2163.94,2177.2853571428573,15.843460968673105,1549.0132327652238
2024-03-25 07:00:00,2024-03-25,CP98_GapDayEMAPullbackBuy,BUY,2169.68,2164.101428571428,-7.745066163826345,1541.2681666013975
2024-03-25 12:00:00,2024-03-25,CP98_GapDayEMAPullbackBuy,BUY,2168.31,2178.48,15.388903335252916,1556.6570699366505
2024-03-26 00:00:00,2024-03-26,CP98_GapDayEMAPullbackBuy,BUY,2171.82,2167.7014285714286,-7.7832853496834975,1548.873784586967
2024-03-27 16:00:00,2024-03-27,CP98_PinbarKeltnerBuy,BUY,2193.36,2207.320571428572,16.391828213664514,1565.2656128006315
2024-03-28 17:00:00,2024-03-28,CP98_PinbarKeltnerBuy,BUY,2215.8,2232.1852857142862,16.658742691973302,1581.9243554926047
2024-03-28 19:00:00,2024-03-28,CP98_PinbarKeltnerBuy,BUY,2221.81,2239.6347142857144,16.88030852714273,1598.8046640197474
2024-04-03 15:00:00,2024-04-03,CP98_GapDayLowerKeltnerBuy,BUY,2274.75,2287.697607142857,16.502091198641374,1615.3067552183888
2024-04-05 19:00:00,2024-04-05,CP98_PinbarKeltnerBuy,BUY,2327.16,2317.0864285714283,-8.076533776092074,1607.2302214422969
2024-04-10 20:00:00,2024-04-10,CP98_GapDayLowerKeltnerBuy,BUY,2337.42,2326.464285714286,-8.036151107211436,1599.1940703350854
2024-04-11 15:00:00,2024-04-11,CP98_GapDayEMAPullbackBuy,BUY,2341.24,2334.3492857142855,-7.995970351675426,1591.19809998341
2024-04-12 22:00:00,2024-04-12,CP98_GapDayLowerKeltnerBuy,BUY,2343.24,2326.197857142857,-7.955990499916958,1583.242109483493
2024-04-15 01:00:00,2024-04-15,CP98_GapDayLowerKeltnerBuy,BUY,2356.7,2338.645,-7.916210547417408,1575.3258989360756
2024-04-15 19:00:00,2024-04-15,CP98_GapDayEMAPullbackBuy,BUY,2356.91,2378.555,16.14922216355213,1591.4751210996278
2024-04-18 08:00:00,2024-04-18,CP98_GapDayEMAPullbackBuy,BUY,2376.67,2394.1360000000004,16.222855699173337,1607.6979767988012
2024-04-18 17:00:00,2024-04-18,CP98_GapDayEMAPullbackBuy,BUY,2379.88,2394.2320000000004,16.28511489626105,1623.9830916950623
2024-04-22 07:00:00,2024-04-22,CP98_GapDayLowerKeltnerBuy,BUY,2369.7,2361.6099999999997,-8.119915458475475,1615.8631762365867
2024-05-13 14:00:00,2024-05-13,CP98_GapDayLowerKeltnerBuy,BUY,2344.4,2339.065,-8.079315881182884,1607.7838603554037
2024-05-13 14:00:00,2024-05-13,CP98_GapDayDonchianLowSweepBuy,BUY,2344.4,2339.065,-8.03891930177697,1599.7449410536267
2024-05-13 19:00:00,2024-05-13,CP98_GapDayLowerKeltnerBuy,BUY,2336.63,2349.5591785714287,16.51085825993292,1616.2557993135597
2024-05-14 08:00:00,2024-05-14,CP98_GapDayEMAPullbackBuy,BUY,2344.64,2340.4585714285713,-8.081278996567736,1608.174520316992
2024-05-14 15:00:00,2024-05-14,CP98_GapDayEMAPullbackBuy,BUY,2348.15,2358.8975,16.099399813672203,1624.273920130664
2024-05-21 16:00:00,2024-05-21,CP98_GapDayEMAPullbackBuy,BUY,2427.66,2418.9914285714285,-8.12136960065329,1616.1525505300108
2024-05-22 10:00:00,2024-05-22,CP98_GapDayLowerKeltnerBuy,BUY,2417.13,2412.3050000000003,-8.080762752649838,1608.071787777361
2024-05-22 10:00:00,2024-05-22,CP98_GapDayDonchianLowSweepBuy,BUY,2417.13,2412.3050000000003,-8.040358938886587,1600.0314288384743
2024-06-05 17:00:00,2024-06-05,CP98_GapDayEMAPullbackBuy,BUY,2348.91,2362.1325,16.158746205643173,1616.1901750441175
2024-06-18 18:00:00,2024-06-18,CP98_GapDayEMAPullbackBuy,BUY,2326.78,2339.8105,16.312754512712743,1632.5029295568302
2024-06-20 12:00:00,2024-06-20,CP98_GapDayEMAPullbackBuy,BUY,2334.54,2343.5385,16.196336947758788,1648.6992665045889
2024-07-01 21:00:00,2024-07-01,CP98_GapDayEMAPullbackBuy,BUY,2329.87,2323.2457142857143,-8.243496332522904,1640.455770172066
2024-07-03 18:00:00,2024-07-03,CP98_PinbarKeltnerBuy,BUY,2362.95,2356.4799999999996,-8.202278850860536,1632.2534913212055
2024-07-05 15:00:00,2024-07-05,CP98_PinbarKeltnerBuy,BUY,2371.98,2382.884142857143,17.092643262320955,1649.3461345835265
2024-07-05 15:00:00,2024-07-05,CP98_Donchian5Buy,BUY,2371.98,2382.3885,16.486559842596577,1665.832694426123
2024-07-05 15:00:00,2024-07-05,CP98_Donchian7Buy,BUY,2371.98,2382.4876285714286,16.809940802057888,1682.6426352281808
2024-07-05 15:00:00,2024-07-05,CP98_Donchian10Buy,BUY,2371.98,2382.6363214285716,17.219847083669816,1699.8624823118505
2024-07-05 15:00:00,2024-07-05,CP98_Donchian12Buy,BUY,2371.98,2382.7850142857146,17.638807632858647,1717.5012899447092
2024-07-05 15:00:00,2024-07-05,CP98_Donchian15Buy,BUY,2371.98,2382.884142857143,17.985341742377685,1735.4866316870869
2024-07-05 15:00:00,2024-07-05,CP98_Donchian20Buy,BUY,2371.98,2383.379785714286,17.348235600932117,1752.834867288019
2024-07-05 15:00:00,2024-07-05,CP98_Donchian3Buy,BUY,2371.98,2382.3885,17.52101413268889,1770.3558814207079
2024-07-05 15:00:00,2024-07-05,CP98_GapDayEMAPullbackBuy,BUY,2371.98,2382.3885,17.69615095930442,1788.0520323800124
2024-07-08 19:00:00,2024-07-08,CP98_GapDayLowerKeltnerBuy,BUY,2358.59,2351.4992857142856,-14.304416259040492,1773.747616120972
2024-07-08 19:00:00,2024-07-08,CP98_GapDayDonchianLowSweepBuy,BUY,2358.59,2351.4992857142856,-14.189980928968165,1759.5576351920038
2024-07-11 16:00:00,2024-07-11,CP98_PinbarKeltnerBuy,BUY,2406.54,2420.884,29.824631869062358,1789.3822670610662
2024-07-12 14:00:00,2024-07-12,CP98_GapDayLowerKeltnerBuy,BUY,2401.62,2396.7392857142854,-14.315058136489005,1775.0672089245772
2024-07-12 14:00:00,2024-07-12,CP98_GapDayDonchianLowSweepBuy,BUY,2401.62,2396.7392857142854,-14.200537671397091,1760.8666712531801
2024-07-17 11:00:00,2024-07-17,CP98_Donchian5Buy,BUY,2474.84,2467.7514285714287,-14.086933370025314,1746.779737883155
2024-07-17 11:00:00,2024-07-17,CP98_Donchian3Buy,BUY,2474.84,2467.7514285714287,-13.974237903065111,1732.8054999800897
2024-07-18 20:00:00,2024-07-18,CP98_GapDayLowerKeltnerBuy,BUY,2456.17,2449.8835714285715,-13.862443999840789,1718.943055980249
2024-07-18 20:00:00,2024-07-18,CP98_GapDayDonchianLowSweepBuy,BUY,2456.17,2449.8835714285715,-13.751544447842063,1705.191511532407
2024-07-19 05:00:00,2024-07-19,CP98_GapDayLowerKeltnerBuy,BUY,2428.18,2420.2599999999998,-13.641532092259313,1691.5499794401478
2024-07-19 05:00:00,2024-07-19,CP98_GapDayDonchianLowSweepBuy,BUY,2428.18,2420.2599999999998,-13.53239983552124,1678.0175796046265
2024-07-24 12:00:00,2024-07-24,CP98_GapDayEMAPullbackBuy,BUY,2413.3,2422.7980000000002,16.696300029571233,1694.7138796341976
2024-08-02 18:00:00,2024-08-02,CP98_GapDayLowerKeltnerBuy,BUY,2433.09,2420.319285714286,-8.473569398170989,1686.2403102360265
2024-08-02 21:00:00,2024-08-02,CP98_GapDayLowerKeltnerBuy,BUY,2428.86,2415.6785714285716,-8.43120155118007,1677.8091086848465
2024-08-14 19:00:00,2024-08-14,CP98_GapDayLowerKeltnerBuy,BUY,2444.06,2461.210857142857,17.488370407385684,1695.2974790922322
2024-08-14 19:00:00,2024-08-14,CP98_GapDayDonchianLowSweepBuy,BUY,2444.06,2461.6097142857143,18.08160311786105,1713.3790822100932
2024-08-15 08:00:00,2024-08-15,CP98_GapDayEMAPullbackBuy,BUY,2453.8,2463.4675,27.302109419482104,1740.6811916295753
2024-08-15 16:00:00,2024-08-15,CP98_GapDayLowerKeltnerBuy,BUY,2444.33,2459.184964285714,28.89423103522756,1769.5754226648028
2024-08-15 23:00:00,2024-08-15,CP98_GapDayEMAPullbackBuy,BUY,2455.57,2472.1915000000004,28.818613974597316,1798.3940366394002
2024-08-16 16:00:00,2024-08-16,CP98_PinbarKeltnerBuy,BUY,2494.31,2487.125,-14.387152293115074,1784.006884346285
2024-08-16 16:00:00,2024-08-16,CP98_Donchian5Buy,BUY,2494.31,2487.125,-14.272055074770153,1769.7348292715149
2024-08-16 16:00:00,2024-08-16,CP98_Donchian7Buy,BUY,2494.31,2487.125,-14.157878634171992,1755.5769506373429
2024-08-16 16:00:00,2024-08-16,CP98_Donchian10Buy,BUY,2494.31,2487.125,-14.044615605098615,1741.5323350322442
2024-08-16 16:00:00,2024-08-16,CP98_Donchian12Buy,BUY,2494.31,2487.125,-13.93225868025783,1727.6000763519864
2024-08-16 16:00:00,2024-08-16,CP98_Donchian15Buy,BUY,2494.31,2487.125,-13.820800610815768,1713.7792757411707
2024-08-16 16:00:00,2024-08-16,CP98_Donchian20Buy,BUY,2494.31,2486.4315,-13.710234205929002,1700.0690415352417
2024-08-16 16:00:00,2024-08-16,CP98_Donchian3Buy,BUY,2494.31,2487.125,-13.600552332281811,1686.46848920296
2024-08-19 16:00:00,2024-08-19,CP98_GapDayLowerKeltnerBuy,BUY,2494.6,2509.322892857143,17.490979582809807,1703.9594687857698
2024-08-19 16:00:00,2024-08-19,CP98_GapDayDonchianLowSweepBuy,BUY,2494.6,2509.665285714286,18.083370604784385,1722.0428393905543
2024-08-21 23:00:00,2024-08-21,CP98_GapDayEMAPullbackBuy,BUY,2511.37,2503.7014285714286,-13.77634271512414,1708.26649667543
2024-08-22 03:00:00,2024-08-22,CP98_GapDayEMAPullbackBuy,BUY,2513.62,2506.6935714285714,-8.54133248337699,1699.7251641920532
2024-08-22 06:00:00,2024-08-22,CP98_GapDayLowerKeltnerBuy,BUY,2502.23,2495.220714285714,-8.498625820960422,1691.2265383710928
2024-08-22 15:00:00,2024-08-22,CP98_GapDayLowerKeltnerBuy,BUY,2500.55,2494.6485714285714,-8.456132691855696,1682.7704056792372
2024-08-22 15:00:00,2024-08-22,CP98_GapDayDonchianLowSweepBuy,BUY,2500.55,2494.6485714285714,-8.413852028396418,1674.3565536508409
2024-08-22 18:00:00,2024-08-22,CP98_GapDayLowerKeltnerBuy,BUY,2481.81,2498.8211071428573,17.448027575610066,1691.8045812264509
2024-08-22 22:00:00,2024-08-22,CP98_GapDayLowerKeltnerBuy,BUY,2482.79,2499.464785714286,17.618964314488384,1709.4235455409394
2024-08-23 04:00:00,2024-08-23,CP98_GapDayEMAPullbackBuy,BUY,2490.73,2505.1255,27.707818887920688,1737.13136442886
2024-08-23 09:00:00,2024-08-23,CP98_GapDayEMAPullbackBuy,BUY,2492.85,2500.9919999999997,27.416009687575425,1764.5473741164355
2024-08-23 19:00:00,2024-08-23,CP98_PinbarKeltnerBuy,BUY,2510.19,2524.4412857142856,29.902024672594944,1794.4493987890305
2024-08-27 06:00:00,2024-08-27,CP98_GapDayLowerKeltnerBuy,BUY,2508.95,2503.705714285714,-14.355595190312513,1780.093803598718
2024-08-27 06:00:00,2024-08-27,CP98_GapDayDonchianLowSweepBuy,BUY,2508.95,2503.705714285714,-14.240750428790012,1765.853053169928
2024-08-27 17:00:00,2024-08-27,CP98_GapDayEMAPullbackBuy,BUY,2514.63,2528.5440000000003,28.587667678810906,1794.440720848739
2024-08-27 19:00:00,2024-08-27,CP98_GapDayEMAPullbackBuy,BUY,2514.3,2528.6505,29.08264208156143,1823.5233629303004
2024-08-29 02:00:00,2024-08-29,CP98_GapDayEMAPullbackBuy,BUY,2507.96,2520.1235,36.7095365823429,1860.2328995126434
2024-08-29 18:00:00,2024-08-29,CP98_Donchian3Buy,BUY,2522.48,2515.8357142857144,-18.602328995126072,1841.6305705175173
2024-09-10 17:00:00,2024-09-10,CP98_GapDayEMAPullbackBuy,BUY,2509.03,2519.149,36.76669058665864,1878.3972611041759
2024-09-11 16:00:00,2024-09-11,CP98_GapDayLowerKeltnerBuy,BUY,2509.5,2503.2542857142857,-18.783972611041857,1859.613288493134
2024-09-11 16:00:00,2024-09-11,CP98_GapDayDonchianLowSweepBuy,BUY,2509.5,2503.2542857142857,-18.596132884931436,1841.0171556082025
2024-09-12 21:00:00,2024-09-12,CP98_Donchian20Buy,BUY,2555.81,2575.488142857143,37.49790624341095,1878.5150618516134
2024-09-13 04:00:00,2024-09-13,CP98_PinbarKeltnerBuy,BUY,2563.09,2581.8827142857144,40.15221023178432,1918.6672720833976
2024-09-13 04:00:00,2024-09-13,CP98_Donchian5Buy,BUY,2563.09,2581.0285000000003,39.14633033095746,1957.813602414355
2024-09-13 04:00:00,2024-09-13,CP98_Donchian7Buy,BUY,2563.09,2581.199342857143,40.325456890973705,1998.1390593053288
2024-09-13 04:00:00,2024-09-13,CP98_Donchian10Buy,BUY,2563.09,2581.4556071428574,41.73844485498395,2039.8775041603128
2024-09-13 04:00:00,2024-09-13,CP98_Donchian12Buy,BUY,2563.09,2581.7118714285716,43.20486737956924,2083.082371539882
2024-09-13 04:00:00,2024-09-13,CP98_Donchian15Buy,BUY,2563.09,2581.8827142857144,44.5247222184903,2127.6070937583722
2024-09-13 04:00:00,2024-09-13,CP98_Donchian20Buy,BUY,2563.09,2582.736928571429,43.333399313427044,2170.940493071799
2024-09-13 04:00:00,2024-09-13,CP98_Donchian3Buy,BUY,2563.09,2581.0285000000003,44.293429562885855,2215.233922634685
2024-09-13 19:00:00,2024-09-13,CP98_PinbarKeltnerBuy,BUY,2584.18,2577.7442857142855,-22.152339226346964,2193.081583408338
2024-09-13 19:00:00,2024-09-13,CP98_Donchian5Buy,BUY,2584.18,2577.7442857142855,-21.93081583408349,2171.150767574254
2024-09-13 19:00:00,2024-09-13,CP98_Donchian7Buy,BUY,2584.18,2577.7442857142855,-21.711507675742656,2149.4392598985114
2024-09-13 19:00:00,2024-09-13,CP98_Donchian10Buy,BUY,2584.18,2577.7442857142855,-21.494392598985225,2127.9448672995263
2024-09-13 19:00:00,2024-09-13,CP98_Donchian12Buy,BUY,2584.18,2577.7442857142855,-21.279448672995375,2106.665418626531
2024-09-13 19:00:00,2024-09-13,CP98_Donchian15Buy,BUY,2584.18,2577.7442857142855,-21.066654186265417,2085.5987644402653
2024-09-13 19:00:00,2024-09-13,CP98_Donchian20Buy,BUY,2584.18,2577.125714285714,-20.855987644403296,2064.742776795862
2024-09-13 19:00:00,2024-09-13,CP98_Donchian3Buy,BUY,2584.18,2577.7442857142855,-20.647427767958725,2044.0953490279032
2024-09-18 05:00:00,2024-09-18,CP98_GapDayEMAPullbackBuy,BUY,2573.62,2567.0935714285715,-10.220476745139363,2033.8748722827638
2024-09-18 12:00:00,2024-09-18,CP98_GapDayEMAPullbackBuy,BUY,2571.84,2579.982,20.06207415556988,2053.9369464383335
2024-09-19 01:00:00,2024-09-19,CP98_GapDayLowerKeltnerBuy,BUY,2559.18,2581.5108214285715,21.560855163200493,2075.497801601534
2024-09-27 12:00:00,2024-09-27,CP98_GapDayLowerKeltnerBuy,BUY,2663.58,2673.8692857142855,21.203933214233732,2096.7017348157674
2024-09-27 18:00:00,2024-09-27,CP98_GapDayLowerKeltnerBuy,BUY,2649.59,2665.0101071428576,21.780344315495878,2118.482079131263
2024-09-27 18:00:00,2024-09-27,CP98_GapDayDonchianLowSweepBuy,BUY,2649.59,2665.3687142857148,22.518377838719115,2141.000456969982
2024-09-30 08:00:00,2024-09-30,CP98_GapDayEMAPullbackBuy,BUY,2657.69,2650.242142857143,-21.410004569700103,2119.590452400282
2024-09-30 18:00:00,2024-09-30,CP98_GapDayLowerKeltnerBuy,BUY,2633.74,2626.2599999999998,-21.195904524002916,2098.3945478762794
2024-09-30 18:00:00,2024-09-30,CP98_GapDayDonchianLowSweepBuy,BUY,2633.74,2626.2599999999998,-20.983945478762887,2077.4106023975164
2024-10-01 01:00:00,2024-10-01,CP98_GapDayLowerKeltnerBuy,BUY,2635.07,2651.4023214285717,21.62062484136098,2099.0312272388774
2024-10-02 18:00:00,2024-10-02,CP98_GapDayLowerKeltnerBuy,BUY,2649.84,2642.313571428572,-10.495156136194117,2088.5360711026833
2024-10-02 18:00:00,2024-10-02,CP98_GapDayDonchianLowSweepBuy,BUY,2649.84,2642.313571428572,-10.442680355513147,2078.0933907471704
2024-10-03 04:00:00,2024-10-03,CP98_GapDayEMAPullbackBuy,BUY,2658.13,2651.717857142857,-10.39046695373601,2067.7029237934344
2024-10-03 06:00:00,2024-10-03,CP98_GapDayEMAPullbackBuy,BUY,2655.85,2649.852857142857,-10.338514618967341,2057.364409174467
2024-10-03 14:00:00,2024-10-03,CP98_GapDayLowerKeltnerBuy,BUY,2647.91,2642.7257142857143,-10.286822045872011,2047.0775871285948
2024-10-08 04:00:00,2024-10-08,CP98_GapDayDonchianLowSweepBuy,BUY,2647.16,2639.447857142857,-10.235387935642716,2036.8421991929522
2024-10-08 04:00:00,2024-10-08,CP98_GapDayEMAPullbackBuy,BUY,2647.16,2639.447857142857,-10.184210995964504,2026.6579881969876
2024-10-08 08:00:00,2024-10-08,CP98_GapDayEMAPullbackBuy,BUY,2644.87,2638.2242857142855,-10.133289940985037,2016.5246982560025
2024-10-15 16:00:00,2024-10-15,CP98_GapDayEMAPullbackBuy,BUY,2648.56,2660.8885,20.308679332144234,2036.8333775881467
2024-10-16 05:00:00,2024-10-16,CP98_Donchian5Buy,BUY,2667.92,2680.6295,20.53835845938965,2057.371736047536
2024-10-16 05:00:00,2024-10-16,CP98_Donchian7Buy,BUY,2667.92,2680.750542857143,20.9430322596654,2078.3147683072016
2024-10-16 05:00:00,2024-10-16,CP98_Donchian3Buy,BUY,2667.92,2680.6295,20.956635026023083,2099.2714033332245
2024-10-22 20:00:00,2024-10-22,CP98_PinbarKeltnerBuy,BUY,2746.65,2739.4707142857146,-10.496357016665838,2088.7750463165585
2024-10-22 20:00:00,2024-10-22,CP98_Donchian5Buy,BUY,2746.65,2739.4707142857146,-10.44387523158251,2078.331171084976
2024-10-22 20:00:00,2024-10-22,CP98_Donchian7Buy,BUY,2746.65,2739.4707142857146,-10.3916558554246,2067.9395152295515
2024-10-22 20:00:00,2024-10-22,CP98_Donchian10Buy,BUY,2746.65,2739.4707142857146,-10.339697576147477,2057.599817653404
2024-10-22 20:00:00,2024-10-22,CP98_Donchian12Buy,BUY,2746.65,2739.4707142857146,-10.287999088266742,2047.3118185651372
2024-10-22 20:00:00,2024-10-22,CP98_Donchian15Buy,BUY,2746.65,2739.4707142857146,-10.23655909282541,2037.0752594723117
2024-10-22 20:00:00,2024-10-22,CP98_Donchian20Buy,BUY,2746.65,2738.777785714286,-10.1853762973614,2026.8898831749502
2024-10-22 20:00:00,2024-10-22,CP98_Donchian3Buy,BUY,2746.65,2739.4707142857146,-10.134449415874476,2016.7554337590757
2024-10-22 23:00:00,2024-10-22,CP98_Donchian20Buy,BUY,2748.47,2741.2334285714282,-10.083777168795592,2006.67165659028
2024-10-23 18:00:00,2024-10-23,CP98_GapDayLowerKeltnerBuy,BUY,2721.7,2713.6314285714284,-10.033358282951522,1996.6382983073286
2024-10-23 18:00:00,2024-10-23,CP98_GapDayDonchianLowSweepBuy,BUY,2721.7,2713.6314285714284,-9.983191491536763,1986.655106815792
2024-10-24 19:00:00,2024-10-24,CP98_GapDayEMAPullbackBuy,BUY,2733.47,2726.670714285714,-9.933275534079053,1976.7218312817129
2024-10-25 12:00:00,2024-10-25,CP98_GapDayLowerKeltnerBuy,BUY,2721.14,2730.366571428571,20.079986818993177,1996.801818100706
2024-10-25 12:00:00,2024-10-25,CP98_GapDayDonchianLowSweepBuy,BUY,2721.14,2730.581142857143,20.755683950084926,2017.5575020507908
2024-10-29 10:00:00,2024-10-29,CP98_GapDayEMAPullbackBuy,BUY,2754.52,2749.4085714285716,-10.0877875102537,2007.469714540537
2024-10-29 19:00:00,2024-10-29,CP98_PinbarKeltnerBuy,BUY,2769.68,2786.2114285714283,21.37114952774894,2028.840864068286
2024-10-31 12:00:00,2024-10-31,CP98_GapDayLowerKeltnerBuy,BUY,2780.8,2776.0207142857143,-10.144204320341705,2018.6966597479443
2024-11-01 01:00:00,2024-11-01,CP98_GapDayLowerKeltnerBuy,BUY,2746.49,2738.1849999999995,-10.093483298739999,2008.6031764492043
2024-11-01 14:00:00,2024-11-01,CP98_GapDayEMAPullbackBuy,BUY,2753.67,2748.1035714285717,-10.043015882245612,1998.5601605669588
2024-11-04 15:00:00,2024-11-04,CP98_GapDayEMAPullbackBuy,BUY,2746.63,2740.3485714285716,-9.992800802834587,1988.5673597641241
2024-11-20 10:00:00,2024-11-20,CP98_GapDayLowerKeltnerBuy,BUY,2624.04,2633.942285714286,20.27648354066056,2008.8438433047847
2024-11-20 13:00:00,2024-11-20,CP98_GapDayLowerKeltnerBuy,BUY,2628.05,2638.8215000000005,20.568689599009222,2029.412532903794
2024-11-22 05:00:00,2024-11-22,CP98_PinbarKeltnerBuy,BUY,2686.06,2700.367857142857,21.49717739111336,2050.909710294907
2024-11-22 18:00:00,2024-11-22,CP98_Donchian3Buy,BUY,2705.06,2695.5471428571427,-10.254548551474608,2040.6551617434327
2024-11-25 01:00:00,2024-11-25,CP98_Donchian20Buy,BUY,2719.51,2708.1248571428573,-10.203275808717192,2030.4518859347156
2024-11-25 01:00:00,2024-11-25,CP98_GapDayEMAPullbackBuy,BUY,2719.51,2709.137142857143,-10.15225942967377,2020.299626505042
2024-11-25 06:00:00,2024-11-25,CP98_GapDayLowerKeltnerBuy,BUY,2672.31,2659.5114285714285,-10.101498132525236,2010.1981283725167
2024-11-25 08:00:00,2024-11-25,CP98_GapDayLowerKeltnerBuy,BUY,2666.74,2653.8192857142853,-10.05099064186271,2000.147137730654
2024-11-25 08:00:00,2024-11-25,CP98_GapDayDonchianLowSweepBuy,BUY,2666.74,2653.8192857142853,-10.000735688653396,1990.1464020420008
2024-12-03 10:00:00,2024-12-03,CP98_GapDayEMAPullbackBuy,BUY,2644.98,2639.2507142857144,-9.950732010209835,1980.195670031791
2024-12-05 14:00:00,2024-12-05,CP98_GapDayEMAPullbackBuy,BUY,2653.15,2647.582142857143,-9.900978350158839,1970.2946916816322
2024-12-11 16:00:00,2024-12-11,CP98_Donchian5Buy,BUY,2706.27,2725.545,20.139546308723208,1990.4342379903555
2024-12-11 16:00:00,2024-12-11,CP98_Donchian7Buy,BUY,2706.27,2725.7285714285713,20.53917026944436,2010.9734082598
2024-12-11 16:00:00,2024-12-11,CP98_Donchian10Buy,BUY,2706.27,2696.8414285714284,-10.054867041299172,2000.9185412185009
2024-12-11 16:00:00,2024-12-11,CP98_Donchian12Buy,BUY,2706.27,2696.8414285714284,-10.004592706092676,1990.9139485124083
2024-12-11 16:00:00,2024-12-11,CP98_Donchian15Buy,BUY,2706.27,2696.8414285714284,-9.954569742562212,1980.9593787698461
2024-12-11 16:00:00,2024-12-11,CP98_Donchian3Buy,BUY,2706.27,2725.545,20.248556377312397,2001.2079351471584
2025-01-06 02:00:00,2025-01-06,CP98_GapDayLowerKeltnerBuy,BUY,2643.09,2637.65,-10.006039675735911,1991.2018954714224
2025-01-06 12:00:00,2025-01-06,CP98_GapDayLowerKeltnerBuy,BUY,2633.68,2645.0335357142853,20.437850037726303,2011.6397455091487
2025-01-07 02:00:00,2025-01-07,CP98_GapDayEMAPullbackBuy,BUY,2634.83,2652.419,20.510029843186853,2032.1497753523356
2025-01-07 09:00:00,2025-01-07,CP98_GapDayEMAPullbackBuy,BUY,2640.43,2649.211,20.133808871950873,2052.2835842242866
2025-01-07 22:00:00,2025-01-07,CP98_GapDayEMAPullbackBuy,BUY,2650.28,2664.326,20.77255781018088,2073.0561420344675
2025-01-10 15:00:00,2025-01-10,CP98_GapDayEMAPullbackBuy,BUY,2682.41,2693.0135,20.740201592456902,2093.796343626924
2025-01-10 18:00:00,2025-01-10,CP98_PinbarKeltnerBuy,BUY,2696.3,2688.8907142857142,-10.468981718134804,2083.3273619087895
2025-01-13 16:00:00,2025-01-13,CP98_GapDayLowerKeltnerBuy,BUY,2671.6,2664.535,-10.416636809544187,2072.910725099245
2025-01-13 16:00:00,2025-01-13,CP98_GapDayDonchianLowSweepBuy,BUY,2671.6,2664.535,-10.364553625496466,2062.5461714737485
2025-01-13 23:00:00,2025-01-13,CP98_GapDayLowerKeltnerBuy,BUY,2663.14,2677.7338928571426,21.384760466435168,2083.9309319401837
2025-01-14 03:00:00,2025-01-14,CP98_GapDayEMAPullbackBuy,BUY,2670.58,2663.7364285714284,-10.419654659701116,2073.5112772804823
2025-01-14 10:00:00,2025-01-14,CP98_GapDayEMAPullbackBuy,BUY,2670.78,2665.826428571429,-10.367556386402002,2063.14372089408
2025-01-14 13:00:00,2025-01-14,CP98_GapDayEMAPullbackBuy,BUY,2669.11,2663.9178571428574,-10.315718604470206,2052.82800228961
2025-01-14 16:00:00,2025-01-14,CP98_GapDayLowerKeltnerBuy,BUY,2665.08,2677.176821428571,21.129069693798087,2073.9570719834082
2025-01-15 20:00:00,2025-01-15,CP98_PinbarKeltnerBuy,BUY,2693.93,2708.3525714285715,21.975499377970557,2095.932571361379
2025-01-15 20:00:00,2025-01-15,CP98_Donchian3Buy,BUY,2693.93,2707.697,21.198879719723706,2117.1314510811026
2025-01-15 23:00:00,2025-01-15,CP98_Donchian20Buy,BUY,2695.15,2709.631785714286,42.725109844168365,2159.856560925271
2025-01-20 07:00:00,2025-01-20,CP98_GapDayEMAPullbackBuy,BUY,2707.22,2701.537857142857,-21.59856560925271,2138.2579953160184
2025-01-20 13:00:00,2025-01-20,CP98_GapDayEMAPullbackBuy,BUY,2708.33,2702.0642857142857,-21.38257995315985,2116.8754153628583
2025-01-20 18:00:00,2025-01-20,CP98_GapDayEMAPullbackBuy,BUY,2707.45,2720.296,42.70892328926637,2159.5843386521246
2025-01-21 13:00:00,2025-01-21,CP98_GapDayEMAPullbackBuy,BUY,2723.88,2738.7915000000003,43.8088607639061,2203.3931994160307
2025-01-21 17:00:00,2025-01-21,CP98_PinbarKeltnerBuy,BUY,2738.67,2753.721142857143,46.765733421449646,2250.1589328374803
2025-01-21 17:00:00,2025-01-21,CP98_Donchian5Buy,BUY,2738.67,2753.0370000000003,45.58747657464425,2295.7464094121246
2025-01-21 17:00:00,2025-01-21,CP98_Donchian7Buy,BUY,2738.67,2753.1738285714287,46.954026301188875,2342.7004357133137
2025-01-21 17:00:00,2025-01-21,CP98_Donchian10Buy,BUY,2738.67,2753.3790714285715,48.592392488429866,2391.2928282017438
2025-01-21 17:00:00,2025-01-21,CP98_Donchian12Buy,BUY,2738.67,2753.5843142857143,50.292395149642445,2441.585223351386
2025-01-21 17:00:00,2025-01-21,CP98_Donchian15Buy,BUY,2738.67,2753.721142857143,51.82121997620012,2493.406443327586
2025-01-21 17:00:00,2025-01-21,CP98_Donchian20Buy,BUY,2738.67,2754.405285714286,50.45862307101108,2543.8650663985973
2025-01-21 17:00:00,2025-01-21,CP98_Donchian3Buy,BUY,2738.67,2753.0370000000003,51.537865806334054,2595.4029322049314
2025-01-23 17:00:00,2025-01-23,CP98_GapDayLowerKeltnerBuy,BUY,2746.34,2758.90675,53.512354057893745,2648.9152862628252
2025-01-27 08:00:00,2025-01-27,CP98_GapDayLowerKeltnerBuy,BUY,2754.45,2748.580714285714,-26.48915286262928,2622.426133400196
2025-01-27 08:00:00,2025-01-27,CP98_GapDayDonchianLowSweepBuy,BUY,2754.45,2748.580714285714,-26.22426133400298,2596.2018720661927
2025-01-29 15:00:00,2025-01-29,CP98_GapDayLowerKeltnerBuy,BUY,2758.58,2754.617142857143,-25.9620187206615,2570.239853345531
2025-01-29 15:00:00,2025-01-29,CP98_GapDayDonchianLowSweepBuy,BUY,2758.58,2754.617142857143,-25.70239853345489,2544.5374548120762
2025-01-29 21:00:00,2025-01-29,CP98_GapDayLowerKeltnerBuy,BUY,2755.07,2767.7196785714286,52.477714315671236,2597.0151691277474
2025-01-29 21:00:00,2025-01-29,CP98_GapDayDonchianLowSweepBuy,BUY,2755.07,2768.0138571428574,54.805578998290535,2651.820748126038
2025-01-30 07:00:00,2025-01-30,CP98_GapDayEMAPullbackBuy,BUY,2760.43,2771.5660000000003,53.18104732645343,2705.0017954524915
2025-01-30 16:00:00,2025-01-30,CP98_PinbarKeltnerBuy,BUY,2787.65,2798.3781428571433,56.607919697115776,2761.6097151496074
2025-01-30 16:00:00,2025-01-30,CP98_Donchian5Buy,BUY,2787.65,2797.8905000000004,55.165626310695544,2816.775341460303
2025-01-30 16:00:00,2025-01-30,CP98_Donchian7Buy,BUY,2787.65,2797.988028571429,56.803491072923784,2873.578832533227
2025-01-30 16:00:00,2025-01-30,CP98_Donchian10Buy,BUY,2787.65,2798.1343214285716,58.76903132627043,2932.3478638594975
2025-01-30 16:00:00,2025-01-30,CP98_Donchian12Buy,BUY,2787.65,2798.2806142857144,60.807750772076595,2993.1556146315743
2025-01-30 16:00:00,2025-01-30,CP98_Donchian15Buy,BUY,2787.65,2798.3781428571433,62.63815164887612,3055.79376628045
2025-01-30 16:00:00,2025-01-30,CP98_Donchian20Buy,BUY,2787.65,2798.865785714286,61.048614193306676,3116.8423804737567
2025-01-30 16:00:00,2025-01-30,CP98_Donchian3Buy,BUY,2787.65,2797.8905000000004,62.26171681223217,3179.1040972859887
2025-02-03 15:00:00,2025-02-03,CP98_PinbarKeltnerBuy,BUY,2810.88,2827.6235714285717,81.25911401488221,3260.3632113008707
2025-02-03 15:00:00,2025-02-03,CP98_Donchian5Buy,BUY,2810.88,2826.8625,79.54812216388495,3339.9113334647554
2025-02-03 15:00:00,2025-02-03,CP98_Donchian7Buy,BUY,2810.88,2827.0147142857145,82.26506622128373,3422.176399686039
2025-02-03 15:00:00,2025-02-03,CP98_Donchian10Buy,BUY,2810.88,2827.2430357142857,85.48413176713179,3507.6605314531707
2025-02-03 15:00:00,2025-02-03,CP98_Donchian12Buy,BUY,2810.88,2827.4713571428574,88.84207693798284,3596.5026083911534
2025-02-03 15:00:00,2025-02-03,CP98_Donchian15Buy,BUY,2810.88,2827.6235714285717,91.92797925666277,3688.430587647816
2025-02-03 15:00:00,2025-02-03,CP98_Donchian3Buy,BUY,2810.88,2826.8625,89.99234378618513,3778.4229314340014
2025-02-06 03:00:00,2025-02-06,CP98_Donchian5Buy,BUY,2871.48,2863.057142857143,-45.341075177207664,3733.081856256794
2025-02-06 03:00:00,2025-02-06,CP98_Donchian3Buy,BUY,2871.48,2863.057142857143,-44.79698227508117,3688.2848739817127
2025-02-06 10:00:00,2025-02-06,CP98_GapDayLowerKeltnerBuy,BUY,2856.02,2849.0042857142857,-44.25941848778055,3644.025455493932
2025-02-06 10:00:00,2025-02-06,CP98_GapDayDonchianLowSweepBuy,BUY,2856.02,2849.0042857142857,-43.728305465927185,3600.2971500280046
2025-02-11 15:00:00,2025-02-11,CP98_GapDayLowerKeltnerBuy,BUY,2896.41,2883.4914285714285,-43.20356580033584,3557.0935842276685
2025-02-12 03:00:00,2025-02-12,CP98_GapDayLowerKeltnerBuy,BUY,2893.21,2883.994285714286,-17.78546792113797,3539.308116306531
2025-02-12 03:00:00,2025-02-12,CP98_GapDayDonchianLowSweepBuy,BUY,2893.21,2883.994285714286,-17.69654058153228,3521.6115757249986
2025-02-12 07:00:00,2025-02-12,CP98_GapDayLowerKeltnerBuy,BUY,2886.13,2878.7257142857143,-17.608057878625303,3504.003517846373
2025-02-12 07:00:00,2025-02-12,CP98_GapDayDonchianLowSweepBuy,BUY,2886.13,2878.7257142857143,-17.520017589232175,3486.483500257141
2025-02-12 17:00:00,2025-02-12,CP98_GapDayEMAPullbackBuy,BUY,2894.57,2912.7275,35.57934717715236,3522.062847434293
2025-02-14 16:00:00,2025-02-14,CP98_GapDayLowerKeltnerBuy,BUY,2920.94,2913.4835714285714,-17.61031423717185,3504.4525331971213
2025-02-14 16:00:00,2025-02-14,CP98_GapDayDonchianLowSweepBuy,BUY,2920.94,2913.4835714285714,-17.52226266598599,3486.930270531135
2025-02-17 12:00:00,2025-02-17,CP98_GapDayEMAPullbackBuy,BUY,2902.82,2894.1464285714287,-17.43465135265581,3469.4956191784795
2025-02-17 18:00:00,2025-02-17,CP98_GapDayEMAPullbackBuy,BUY,2899.08,2892.0892857142853,-17.347478095892964,3452.1481410825863
2025-02-18 01:00:00,2025-02-18,CP98_GapDayEMAPullbackBuy,BUY,2899.14,2893.8792857142857,-17.260740705412292,3434.887400377174
2025-02-20 16:00:00,2025-02-20,CP98_GapDayLowerKeltnerBuy,BUY,2935.11,2927.2928571428574,-17.17443700188551,3417.7129633752884
2025-02-21 16:00:00,2025-02-21,CP98_GapDayEMAPullbackBuy,BUY,2933.3,2923.555714285714,-17.08856481687684,3400.6243985584115
2025-02-21 20:00:00,2025-02-21,CP98_Donchian5Buy,BUY,2941.78,2933.492142857143,-17.003121992792323,3383.621276565619
2025-02-21 20:00:00,2025-02-21,CP98_Donchian7Buy,BUY,2941.78,2933.492142857143,-16.91810638282836,3366.703170182791
2025-02-21 20:00:00,2025-02-21,CP98_Donchian10Buy,BUY,2941.78,2933.492142857143,-16.833515850914218,3349.8696543318765
2025-02-21 20:00:00,2025-02-21,CP98_Donchian12Buy,BUY,2941.78,2933.492142857143,-16.749348271659645,3333.120306060217
2025-02-21 20:00:00,2025-02-21,CP98_Donchian15Buy,BUY,2941.78,2933.492142857143,-16.665601530301345,3316.4547045299155
2025-02-21 20:00:00,2025-02-21,CP98_Donchian3Buy,BUY,2941.78,2933.492142857143,-16.58227352264984,3299.8724310072657
2025-02-21 23:00:00,2025-02-21,CP98_GapDayEMAPullbackBuy,BUY,2934.75,2926.41,-16.499362155036586,3283.373068852229
2025-02-24 05:00:00,2025-02-24,CP98_Donchian5Buy,BUY,2940.92,2932.025,-16.416865344261026,3266.956203507968
2025-02-24 05:00:00,2025-02-24,CP98_Donchian3Buy,BUY,2940.92,2932.025,-16.33478101753972,3250.6214224904284
2025-03-04 17:00:00,2025-03-04,CP98_GapDayEMAPullbackBuy,BUY,2905.92,2895.9314285714286,-16.253107112452092,3234.368315377976
2025-03-06 15:00:00,2025-03-06,CP98_GapDayLowerKeltnerBuy,BUY,2904.36,2921.6675,33.722186517110615,3268.0905018950866
2025-03-14 03:00:00,2025-03-14,CP98_PinbarKeltnerBuy,BUY,2987.81,2979.3157142857144,-16.340452509474996,3251.7500493856114
2025-03-20 13:00:00,2025-03-20,CP98_GapDayLowerKeltnerBuy,BUY,3034.39,3027.4399999999996,-16.25875024692859,3235.4912991386827
2025-03-21 10:00:00,2025-03-21,CP98_GapDayLowerKeltnerBuy,BUY,3032.81,3027.717142857143,-16.17745649569362,3219.313842642989
2025-03-24 08:00:00,2025-03-24,CP98_GapDayEMAPullbackBuy,BUY,3024.94,3018.682142857143,-16.09656921321486,3203.217273429774
2025-03-24 17:00:00,2025-03-24,CP98_GapDayLowerKeltnerBuy,BUY,3013.98,3005.884285714286,-16.016086367148617,3187.2011870626256
2025-03-25 14:00:00,2025-03-25,CP98_GapDayEMAPullbackBuy,BUY,3021.65,3033.6305,32.060674913185565,3219.2618619758114
2025-03-27 13:00:00,2025-03-27,CP98_PinbarKeltnerBuy,BUY,3054.5,3047.7092857142857,-16.09630930987921,3203.165552665932
2025-03-28 15:00:00,2025-03-28,CP98_Donchian5Buy,BUY,3083.08,3074.1471428571426,-16.015827763329952,3187.149724902602
2025-03-28 15:00:00,2025-03-28,CP98_Donchian3Buy,BUY,3083.08,3074.1471428571426,-15.935748624513298,3171.2139762780885
2025-03-31 08:00:00,2025-03-31,CP98_Donchian20Buy,BUY,3116.51,3105.4383571428575,-15.856069881390273,3155.357906396698
2025-03-31 09:00:00,2025-03-31,CP98_PinbarKeltnerBuy,BUY,3119.26,3109.4557142857147,-15.776789531983177,3139.581116864715
2025-04-02 08:00:00,2025-04-02,CP98_GapDayLowerKeltnerBuy,BUY,3117.75,3107.8557142857144,-15.697905584323525,3123.8832112803916
2025-04-02 17:00:00,2025-04-02,CP98_GapDayEMAPullbackBuy,BUY,3124.73,3113.7264285714286,-15.619416056401912,3108.2637952239897
2025-04-02 23:00:00,2025-04-02,CP98_GapDayEMAPullbackBuy,BUY,3141.02,3128.405714285714,-15.541318976120149,3092.7224762478695
2025-04-03 16:00:00,2025-04-03,CP98_GapDayLowerKeltnerBuy,BUY,3085.33,3123.755107142857,32.78811822910508,3125.510594476975
2025-04-03 16:00:00,2025-04-03,CP98_GapDayDonchianLowSweepBuy,BUY,3085.33,3124.6487142857145,33.90632637375338,3159.4169208507283
2025-04-04 01:00:00,2025-04-04,CP98_GapDayEMAPullbackBuy,BUY,3115.23,3095.598571428571,-15.797084604253774,3143.6198362464743
2025-04-04 14:00:00,2025-04-04,CP98_GapDayEMAPullbackBuy,BUY,3110.58,3096.4571428571426,-15.718099181232624,3127.901737065242
2025-04-14 17:00:00,2025-04-14,CP98_GapDayLowerKeltnerBuy,BUY,3210.92,3243.687535714286,33.08228077467768,3160.9840178399195
2025-04-15 10:00:00,2025-04-15,CP98_GapDayEMAPullbackBuy,BUY,3225.5,3217.5792857142856,-15.804920089199793,3145.17909775072
2025-04-16 09:00:00,2025-04-16,CP98_PinbarKeltnerBuy,BUY,3291.74,3315.619428571428,33.81805977509451,3178.997157525814
2025-04-16 11:00:00,2025-04-16,CP98_PinbarKeltnerBuy,BUY,3306.9,3294.0550000000003,-15.89498578762891,3163.1021717381855
2025-04-16 11:00:00,2025-04-16,CP98_Donchian5Buy,BUY,3306.9,3294.0550000000003,-15.815510858690768,3147.286660879495
2025-04-16 11:00:00,2025-04-16,CP98_Donchian7Buy,BUY,3306.9,3294.0550000000003,-15.736433304397316,3131.5502275750973
2025-04-16 11:00:00,2025-04-16,CP98_Donchian10Buy,BUY,3306.9,3294.0550000000003,-15.657751137875328,3115.892476437222
2025-04-16 11:00:00,2025-04-16,CP98_Donchian12Buy,BUY,3306.9,3294.0550000000003,-15.579462382185952,3100.313014055036
2025-04-16 11:00:00,2025-04-16,CP98_Donchian15Buy,BUY,3306.9,3294.0550000000003,-15.501565070275024,3084.8114489847612
2025-04-16 11:00:00,2025-04-16,CP98_Donchian20Buy,BUY,3306.9,3335.8685,31.67867009107568,3116.490119075837
2025-04-16 11:00:00,2025-04-16,CP98_Donchian3Buy,BUY,3306.9,3294.0550000000003,-15.58245059537903,3100.9076684804577
2025-04-16 14:00:00,2025-04-16,CP98_PinbarKeltnerBuy,BUY,3306.65,3337.740714285714,33.51706185397283,3134.4247303344305
2025-04-16 15:00:00,2025-04-16,CP98_PinbarKeltnerBuy,BUY,3307.23,3338.048857142857,33.87414667490751,3168.298877009338
2025-04-16 16:00:00,2025-04-16,CP98_PinbarKeltnerBuy,BUY,3311.56,3343.3641428571427,34.25883776238349,3202.5577147717213
2025-04-16 19:00:00,2025-04-16,CP98_PinbarKeltnerBuy,BUY,3327.22,3312.2364285714284,-16.01278857385864,3186.544926197863
2025-04-16 20:00:00,2025-04-16,CP98_PinbarKeltnerBuy,BUY,3328.06,3313.5871428571427,-15.93272463098953,3170.6122015668734
2025-04-23 11:00:00,2025-04-23,CP98_GapDayLowerKeltnerBuy,BUY,3321.45,3293.6242857142856,-15.853061007834313,3154.759140559039
2025-04-24 09:00:00,2025-04-24,CP98_GapDayEMAPullbackBuy,BUY,3324.42,3364.659,32.698354113875766,3187.457494672915
2025-04-24 18:00:00,2025-04-24,CP98_GapDayEMAPullbackBuy,BUY,3329.34,3363.114,32.95601880414492,3220.41351347706
2025-04-29 15:00:00,2025-04-29,CP98_GapDayLowerKeltnerBuy,BUY,3312.66,3300.5,-16.102067567385042,3204.311445909675
2025-04-29 15:00:00,2025-04-29,CP98_GapDayDonchianLowSweepBuy,BUY,3312.66,3300.5,-16.021557229548115,3188.2898886801268
2025-04-30 17:00:00,2025-04-30,CP98_GapDayEMAPullbackBuy,BUY,3309.68,3294.685,-15.941449443400495,3172.3484392367263
2025-05-06 16:00:00,2025-05-06,CP98_PinbarKeltnerBuy,BUY,3391.6,3428.6291428571426,34.38510516199366,3206.73354439872
2025-05-08 14:00:00,2025-05-08,CP98_GapDayLowerKeltnerBuy,BUY,3344.33,3326.9714285714285,-16.033667721993538,3190.6998766767265
2025-05-09 09:00:00,2025-05-09,CP98_GapDayEMAPullbackBuy,BUY,3325.37,3307.3849999999998,-15.953499383383749,3174.746377293343
2025-05-09 11:00:00,2025-05-09,CP98_GapDayEMAPullbackBuy,BUY,3328.48,3311.9764285714286,-15.873731886466652,3158.8726454068765
2025-05-09 17:00:00,2025-05-09,CP98_GapDayEMAPullbackBuy,BUY,3337.0,3321.1864285714287,-15.794363227034285,3143.078282179842
2025-05-23 18:00:00,2025-05-23,CP98_PinbarKeltnerBuy,BUY,3361.78,3347.815,-15.715391410899393,3127.3628907689426
2025-05-26 15:00:00,2025-05-26,CP98_GapDayLowerKeltnerBuy,BUY,3334.31,3325.14,-15.63681445384499,3111.7260763150975
2025-05-26 15:00:00,2025-05-26,CP98_GapDayDonchianLowSweepBuy,BUY,3334.31,3325.14,-15.558630381575762,3096.167445933522
2025-05-27 17:00:00,2025-05-27,CP98_GapDayLowerKeltnerBuy,BUY,3299.75,3285.8207142857145,-15.480837229667355,3080.6866087038543
2025-05-27 17:00:00,2025-05-27,CP98_GapDayDonchianLowSweepBuy,BUY,3299.75,3285.8207142857145,-15.40343304351902,3065.2831756603355
2025-05-28 02:00:00,2025-05-28,CP98_GapDayEMAPullbackBuy,BUY,3309.44,3299.4392857142857,-15.326415878301876,3049.9567597820337
2025-05-28 09:00:00,2025-05-28,CP98_GapDayEMAPullbackBuy,BUY,3308.14,3299.1314285714284,-15.24978379891039,3034.7069759831234
2025-05-28 15:00:00,2025-05-28,CP98_GapDayEMAPullbackBuy,BUY,3312.19,3301.4,-15.173534879915618,3019.5334411032077
2025-05-30 15:00:00,2025-05-30,CP98_GapDayLowerKeltnerBuy,BUY,3303.88,3292.2235714285716,-15.097667205515913,3004.435773897692
2025-06-03 15:00:00,2025-06-03,CP98_GapDayLowerKeltnerBuy,BUY,3359.29,3349.037857142857,-15.022178869488746,2989.413595028203
2025-06-03 15:00:00,2025-06-03,CP98_GapDayDonchianLowSweepBuy,BUY,3359.29,3349.037857142857,-14.9470679751413,2974.466527053062
2025-06-03 17:00:00,2025-06-03,CP98_GapDayLowerKeltnerBuy,BUY,3346.29,3370.1642142857145,31.27147450728783,3005.7380015603494
2025-06-03 17:00:00,2025-06-03,CP98_GapDayDonchianLowSweepBuy,BUY,3346.29,3370.7194285714286,32.335130390968075,3038.0731319513175
2025-06-12 09:00:00,2025-06-12,CP98_PinbarKeltnerBuy,BUY,3374.9,3364.069285714286,-15.190365659756813,3022.8827662915605
2025-06-12 16:00:00,2025-06-12,CP98_PinbarKeltnerBuy,BUY,3391.9,3422.737714285714,32.66904803558418,3055.5518143271447
2025-06-12 16:00:00,2025-06-12,CP98_Donchian5Buy,BUY,3391.9,3421.336,31.521105559514137,3087.072919886659
2025-06-12 16:00:00,2025-06-12,CP98_Donchian7Buy,BUY,3391.9,3421.6163428571426,32.149575507483206,3119.2224953941422
2025-06-12 16:00:00,2025-06-12,CP98_Donchian10Buy,BUY,3391.9,3422.036857142857,32.944074255700414,3152.1665696498426
2025-06-12 16:00:00,2025-06-12,CP98_Donchian12Buy,BUY,3391.9,3422.457371428571,33.75655716003855,3185.923126809881
2025-06-12 16:00:00,2025-06-12,CP98_Donchian15Buy,BUY,3391.9,3422.737714285714,34.431065877925555,3220.3541926878065
2025-06-12 16:00:00,2025-06-12,CP98_Donchian20Buy,BUY,3391.9,3424.139428571428,33.1301696171208,3253.4843623049273
2025-06-12 16:00:00,2025-06-12,CP98_Donchian3Buy,BUY,3391.9,3421.336,33.56297986490705,3287.0473421698343
2025-06-16 11:00:00,2025-06-16,CP98_GapDayLowerKeltnerBuy,BUY,3413.82,3403.1535714285715,-16.43523671084927,3270.612105458985
2025-06-16 11:00:00,2025-06-16,CP98_GapDayDonchianLowSweepBuy,BUY,3413.82,3403.1535714285715,-16.353060527295025,3254.25904493169
2025-06-16 15:00:00,2025-06-16,CP98_GapDayDonchianLowSweepBuy,BUY,3415.44,3405.214285714286,-16.271295224658395,3237.9877497070315
2025-06-17 10:00:00,2025-06-17,CP98_GapDayLowerKeltnerBuy,BUY,3387.73,3377.7707142857143,-16.189938748535106,3221.7978109584965
2025-06-18 05:00:00,2025-06-18,CP98_GapDayLowerKeltnerBuy,BUY,3379.28,3369.1007142857147,-16.108989054792172,3205.688821903704
2025-06-18 10:00:00,2025-06-18,CP98_GapDayEMAPullbackBuy,BUY,3385.71,3376.9500000000003,-16.028444109518162,3189.660377794186
2025-06-18 18:00:00,2025-06-18,CP98_GapDayEMAPullbackBuy,BUY,3392.6,3382.3892857142855,-15.948301888971184,3173.7120759052145
2025-07-02 10:00:00,2025-07-02,CP98_GapDayLowerKeltnerBuy,BUY,3334.56,3349.0801785714284,32.899547428363164,3206.611623333578
2025-07-02 10:00:00,2025-07-02,CP98_GapDayDonchianLowSweepBuy,BUY,3334.56,3349.417857142857,34.01362997295345,3240.6252533065312
2025-07-04 10:00:00,2025-07-04,CP98_GapDayEMAPullbackBuy,BUY,3342.75,3337.070714285714,-16.203126266533026,3224.422127039998
2025-07-04 13:00:00,2025-07-04,CP98_GapDayEMAPullbackBuy,BUY,3336.7,3330.3549999999996,-16.122110635200485,3208.3000164047976
2025-07-10 15:00:00,2025-07-10,CP98_GapDayEMAPullbackBuy,BUY,3323.67,3316.097142857143,-16.041500082024193,3192.258516322773
2025-07-15 01:00:00,2025-07-15,CP98_GapDayLowerKeltnerBuy,BUY,3345.47,3362.2200357142856,33.24980981642301,3225.508326139196
2025-07-15 01:00:00,2025-07-15,CP98_GapDayDonchianLowSweepBuy,BUY,3345.47,3362.609571428571,34.377437367433444,3259.8857635066292
2025-07-17 04:00:00,2025-07-17,CP98_GapDayEMAPullbackBuy,BUY,3343.82,3331.8978571428574,-16.299428817532924,3243.5863346890965
2025-07-21 16:00:00,2025-07-21,CP98_PinbarKeltnerBuy,BUY,3388.46,3405.0275714285717,34.53304305452127,3278.119377743618
2025-07-22 18:00:00,2025-07-22,CP98_PinbarKeltnerBuy,BUY,3426.4,3418.36,-16.390596888718157,3261.7287808549
2025-07-23 21:00:00,2025-07-23,CP98_GapDayLowerKeltnerBuy,BUY,3393.51,3383.4550000000004,-16.308643904274238,3245.420136950626
2025-07-24 03:00:00,2025-07-24,CP98_GapDayLowerKeltnerBuy,BUY,3391.35,3381.947857142857,-16.227100684752905,3229.193036265873
2025-08-06 14:00:00,2025-08-06,CP98_GapDayLowerKeltnerBuy,BUY,3365.03,3378.34925,33.36728421123682,3262.56032047711
2025-08-06 22:00:00,2025-08-06,CP98_GapDayEMAPullbackBuy,BUY,3371.52,3387.2535,33.15070113622868,3295.7110216133387
2025-08-07 17:00:00,2025-08-07,CP98_GapDayEMAPullbackBuy,BUY,3387.75,3376.5864285714288,-16.478555108066455,3279.2324665052724
2025-08-26 10:00:00,2025-08-26,CP98_GapDayEMAPullbackBuy,BUY,3376.67,3367.7357142857145,-16.396162332526185,3262.836304172746
2025-08-27 14:00:00,2025-08-27,CP98_GapDayLowerKeltnerBuy,BUY,3376.61,3388.1386071428574,33.51300820361737,3296.3493123763637
2025-08-28 22:00:00,2025-08-28,CP98_PinbarKeltnerBuy,BUY,3421.87,3414.3114285714287,-16.481746561881394,3279.8675658144825
2025-08-28 22:00:00,2025-08-28,CP98_Donchian5Buy,BUY,3421.87,3414.3114285714287,-16.39933782907199,3263.4682279854105
2025-08-28 22:00:00,2025-08-28,CP98_Donchian7Buy,BUY,3421.87,3414.3114285714287,-16.31734113992663,3247.150886845484
2025-08-28 22:00:00,2025-08-28,CP98_Donchian10Buy,BUY,3421.87,3414.3114285714287,-16.235754434227,3230.9151324112568
2025-08-28 22:00:00,2025-08-28,CP98_Donchian12Buy,BUY,3421.87,3414.3114285714287,-16.15457566205587,3214.760556749201
2025-08-28 22:00:00,2025-08-28,CP98_Donchian15Buy,BUY,3421.87,3414.3114285714287,-16.073802783745588,3198.6867539654554
2025-08-28 22:00:00,2025-08-28,CP98_Donchian20Buy,BUY,3421.87,3413.580571428571,-15.993433769827654,3182.6933201956276
2025-08-28 22:00:00,2025-08-28,CP98_Donchian3Buy,BUY,3421.87,3414.3114285714287,-15.913466600977728,3166.77985359465
2025-08-29 19:00:00,2025-08-29,CP98_PinbarKeltnerBuy,BUY,3448.95,3441.7585714285715,-15.833899267972749,3150.945954326677
2025-08-29 19:00:00,2025-08-29,CP98_Donchian5Buy,BUY,3448.95,3441.7585714285715,-15.754729771632888,3135.1912245550443
2025-08-29 19:00:00,2025-08-29,CP98_Donchian7Buy,BUY,3448.95,3441.7585714285715,-15.675956122774728,3119.5152684322697
2025-08-29 19:00:00,2025-08-29,CP98_Donchian10Buy,BUY,3448.95,3441.7585714285715,-15.597576342160854,3103.917692090109
2025-08-29 19:00:00,2025-08-29,CP98_Donchian12Buy,BUY,3448.95,3441.7585714285715,-15.519588460450054,3088.398103629659
2025-08-29 19:00:00,2025-08-29,CP98_Donchian15Buy,BUY,3448.95,3441.7585714285715,-15.441990518147808,3072.956113111511
2025-08-29 19:00:00,2025-08-29,CP98_Donchian20Buy,BUY,3448.95,3441.0644285714284,-15.364780565557599,3057.5913325459533
2025-08-29 19:00:00,2025-08-29,CP98_Donchian3Buy,BUY,3448.95,3441.7585714285715,-15.287956662729282,3042.303375883224
2025-09-02 14:00:00,2025-09-02,CP98_Donchian3Buy,BUY,3489.59,3479.0764285714286,-15.211516879416404,3027.0918590038077
2025-09-02 20:00:00,2025-09-02,CP98_PinbarKeltnerBuy,BUY,3529.23,3555.6048571428573,32.61782463970597,3059.7096836435135
2025-09-02 20:00:00,2025-09-02,CP98_Donchian5Buy,BUY,3529.23,3554.406,31.470687344920144,3091.1803709884334
2025-09-02 20:00:00,2025-09-02,CP98_Donchian7Buy,BUY,3529.23,3554.6457714285716,32.09718316065738,3123.277554149091
2025-09-02 20:00:00,2025-09-02,CP98_Donchian10Buy,BUY,3529.23,3555.0054285714286,32.88938499708257,3156.1669391461737
2025-09-02 20:00:00,2025-09-02,CP98_Donchian12Buy,BUY,3529.23,3555.3650857142857,33.699477902548054,3189.866417048722
2025-09-02 20:00:00,2025-09-02,CP98_Donchian15Buy,BUY,3529.23,3555.6048571428573,34.37176942810823,3224.23818647683
2025-09-02 20:00:00,2025-09-02,CP98_Donchian20Buy,BUY,3529.23,3556.8037142857142,33.0808167911064,3257.3190032679363
2025-09-02 20:00:00,2025-09-02,CP98_Donchian3Buy,BUY,3529.23,3554.406,33.50320080447723,3290.8222040724136
2025-09-03 04:00:00,2025-09-03,CP98_PinbarKeltnerBuy,BUY,3538.64,3564.9818571428573,35.45869097618936,3326.280895048603
2025-09-05 20:00:00,2025-09-05,CP98_PinbarKeltnerBuy,BUY,3596.36,3584.4164285714287,-16.631404475243055,3309.64949057336
2025-09-11 16:00:00,2025-09-11,CP98_GapDayLowerKeltnerBuy,BUY,3629.99,3652.9627499999997,34.76531793990352,3344.4148085132633
2025-09-12 01:00:00,2025-09-12,CP98_GapDayEMAPullbackBuy,BUY,3634.7,3655.1119999999996,34.23580495053779,3378.650613463801
2025-09-15 04:00:00,2025-09-15,CP98_GapDayLowerKeltnerBuy,BUY,3634.27,3648.1881785714286,34.97000297254751,3413.620616436349
2025-09-15 04:00:00,2025-09-15,CP98_GapDayDonchianLowSweepBuy,BUY,3634.27,3648.511857142857,36.15362584876071,3449.7742422851097
2025-09-17 05:00:00,2025-09-17,CP98_GapDayLowerKeltnerBuy,BUY,3682.02,3673.7814285714285,-17.24887121142568,3432.5253710736843
2025-09-17 05:00:00,2025-09-17,CP98_GapDayDonchianLowSweepBuy,BUY,3682.02,3673.7814285714285,-17.162626855368554,3415.3627442183156
2025-09-17 20:00:00,2025-09-17,CP98_GapDayEMAPullbackBuy,BUY,3686.26,3677.8007142857145,-17.076813721091447,3398.285930497224
2025-09-18 14:00:00,2025-09-18,CP98_GapDayEMAPullbackBuy,BUY,3667.1,3655.432857142857,-16.991429652486353,3381.2945008447377
2025-09-19 11:00:00,2025-09-19,CP98_GapDayEMAPullbackBuy,BUY,3655.52,3646.944285714286,-16.906472504223498,3364.388028340514
2025-09-22 17:00:00,2025-09-22,CP98_PinbarKeltnerBuy,BUY,3725.71,3748.051,36.11907397460587,3400.50710231512
2025-09-22 19:00:00,2025-09-22,CP98_PinbarKeltnerBuy,BUY,3736.96,3759.178428571429,36.50199938684324,3437.009101701963
2025-09-22 19:00:00,2025-09-22,CP98_Donchian5Buy,BUY,3736.96,3758.1685,35.216830197675776,3472.225931899639
2025-09-22 19:00:00,2025-09-22,CP98_Donchian7Buy,BUY,3736.96,3758.3704857142857,35.91650948871301,3508.142441388352
2025-09-22 19:00:00,2025-09-22,CP98_Donchian10Buy,BUY,3736.96,3758.6734642857145,36.80153766802361,3544.9439790563756
2025-09-22 19:00:00,2025-09-22,CP98_Donchian12Buy,BUY,3736.96,3758.976442857143,37.70649429406238,3582.650473350438
2025-09-22 19:00:00,2025-09-22,CP98_Donchian15Buy,BUY,3736.96,3759.178428571429,38.45717754639546,3621.1076508968335
2025-09-22 19:00:00,2025-09-22,CP98_Donchian20Buy,BUY,3736.96,3760.1883571428575,37.02385554674645,3658.13150644358
2025-09-22 19:00:00,2025-09-22,CP98_Donchian3Buy,BUY,3736.96,3758.1685,37.48252980749965,3695.6140362510796
2025-09-22 21:00:00,2025-09-22,CP98_Donchian20Buy,BUY,3747.5,3770.100785714286,90.63015619944105,3786.2441924505206
2025-09-23 15:00:00,2025-09-23,CP98_PinbarKeltnerBuy,BUY,3784.18,3772.9757142857143,-45.43493030940573,3740.8092621411147
2025-09-24 22:00:00,2025-09-24,CP98_GapDayLowerKeltnerBuy,BUY,3729.91,3753.3112142857144,94.34585897112359,3835.1551211122382
2025-09-25 05:00:00,2025-09-25,CP98_GapDayLowerKeltnerBuy,BUY,3739.46,3727.645,-46.02186145334674,3789.1332596588913
2025-09-25 07:00:00,2025-09-25,CP98_GapDayLowerKeltnerBuy,BUY,3738.03,3726.7335714285714,-45.46959911590734,3743.663660542984
2025-09-26 03:00:00,2025-09-26,CP98_GapDayEMAPullbackBuy,BUY,3749.51,3736.2314285714288,-44.92396392651603,3698.739696616468
2025-09-26 10:00:00,2025-09-26,CP98_GapDayEMAPullbackBuy,BUY,3747.91,3769.5879999999997,91.0042892586555,3789.7439858751236
2025-09-29 18:00:00,2025-09-29,CP98_PinbarKeltnerBuy,BUY,3830.27,3861.4235714285714,98.313566658108,3888.0575525332315
2025-09-30 14:00:00,2025-09-30,CP98_GapDayLowerKeltnerBuy,BUY,3815.15,3848.135607142857,98.70351252041895,3986.7610650536503
2025-10-03 04:00:00,2025-10-03,CP98_GapDayEMAPullbackBuy,BUY,3858.27,3843.589285714286,-47.841132780643484,3938.919932273007
2025-10-03 09:00:00,2025-10-03,CP98_GapDayEMAPullbackBuy,BUY,3859.12,3879.994,96.8255324823563,4035.745464755363
2025-10-06 11:00:00,2025-10-06,CP98_PinbarKeltnerBuy,BUY,3942.45,3929.351428571428,-48.42894557706496,3987.316519178298
2025-10-06 18:00:00,2025-10-06,CP98_PinbarKeltnerBuy,BUY,3962.39,3948.3771428571426,-47.84779823013969,3939.4687209481585
2025-10-06 18:00:00,2025-10-06,CP98_Donchian5Buy,BUY,3962.39,3948.3771428571426,-47.27362465137801,3892.1950962967803
2025-10-06 18:00:00,2025-10-06,CP98_Donchian7Buy,BUY,3962.39,3948.3771428571426,-46.706341155561475,3845.488755141219
2025-10-06 18:00:00,2025-10-06,CP98_Donchian10Buy,BUY,3962.39,3948.3771428571426,-46.145865061694735,3799.3428900795243
2025-10-06 18:00:00,2025-10-06,CP98_Donchian12Buy,BUY,3962.39,3948.3771428571426,-45.592114680954396,3753.75077539857
2025-10-06 18:00:00,2025-10-06,CP98_Donchian15Buy,BUY,3962.39,3948.3771428571426,-45.045009304782944,3708.705766093787
2025-10-06 18:00:00,2025-10-06,CP98_Donchian20Buy,BUY,3962.39,3947.000857142857,-44.504469193125146,3664.201296900662
2025-10-06 18:00:00,2025-10-06,CP98_Donchian3Buy,BUY,3962.39,3948.3771428571426,-43.97041556280804,3620.230881337854
2025-10-10 07:00:00,2025-10-10,CP98_GapDayLowerKeltnerBuy,BUY,3966.09,4013.5497142857143,38.48166196123042,3658.7125432990842
2025-10-10 07:00:00,2025-10-10,CP98_GapDayDonchianLowSweepBuy,BUY,3966.09,4014.653428571429,39.795142280004605,3698.507685579089
2025-10-10 17:00:00,2025-10-10,CP98_GapDayEMAPullbackBuy,BUY,3989.76,4027.1760000000004,38.29696943723398,3736.804655016323
2025-10-10 20:00:00,2025-10-10,CP98_GapDayEMAPullbackBuy,BUY,3989.93,4030.0955,38.73020944436946,3775.5348644606925
2025-10-13 04:00:00,2025-10-13,CP98_PinbarKeltnerBuy,BUY,4052.75,4106.224142857143,41.1080728040395,3816.642937264732
2025-10-17 20:00:00,2025-10-17,CP98_GapDayLowerKeltnerBuy,BUY,4220.85,4299.8072142857145,40.75149640189478,3857.394433666627
2025-10-20 03:00:00,2025-10-20,CP98_GapDayLowerKeltnerBuy,BUY,4249.37,4328.075357142857,98.8457323627068,3956.2401660293335
2025-10-20 07:00:00,2025-10-20,CP98_GapDayEMAPullbackBuy,BUY,4265.6,4234.829285714286,-47.474881992352,3908.7652840369815
2025-10-20 11:00:00,2025-10-20,CP98_GapDayEMAPullbackBuy,BUY,4258.54,4310.476,97.51514404132452,4006.280428078306
2025-11-12 19:00:00,2025-11-12,CP98_PinbarKeltnerBuy,BUY,4199.21,4182.9064285714285,-48.07536513694044,3958.2050629413657
2025-11-12 19:00:00,2025-11-12,CP98_Donchian5Buy,BUY,4199.21,4182.9064285714285,-47.498460755297145,3910.7066021860687
2025-11-12 19:00:00,2025-11-12,CP98_Donchian7Buy,BUY,4199.21,4182.9064285714285,-46.92847922623357,3863.778122959835
2025-11-12 19:00:00,2025-11-12,CP98_Donchian10Buy,BUY,4199.21,4182.9064285714285,-46.36533747551876,3817.4127854843164
2025-11-12 19:00:00,2025-11-12,CP98_Donchian12Buy,BUY,4199.21,4182.9064285714285,-45.808953425812525,3771.603832058504
2025-11-12 19:00:00,2025-11-12,CP98_Donchian15Buy,BUY,4199.21,4182.9064285714285,-45.259245984702765,3726.344586073801
2025-11-12 19:00:00,2025-11-12,CP98_Donchian20Buy,BUY,4199.21,4181.301071428572,-44.716135032884736,3681.6284510409164
2025-11-12 19:00:00,2025-11-12,CP98_Donchian3Buy,BUY,4199.21,4182.9064285714285,-44.1795414124917,3637.4489096284246
2025-11-12 20:00:00,2025-11-12,CP98_PinbarKeltnerBuy,BUY,4206.77,4189.615000000001,-18.187244548141987,3619.2616650802825
2025-11-12 20:00:00,2025-11-12,CP98_Donchian5Buy,BUY,4206.77,4189.615000000001,-18.096308325401274,3601.165356754881
2025-11-12 20:00:00,2025-11-12,CP98_Donchian7Buy,BUY,4206.77,4189.615000000001,-18.005826783774268,3583.1595299711066
2025-11-12 20:00:00,2025-11-12,CP98_Donchian10Buy,BUY,4206.77,4189.615000000001,-17.915797649855396,3565.243732321251
2025-11-12 20:00:00,2025-11-12,CP98_Donchian12Buy,BUY,4206.77,4189.615000000001,-17.826218661606116,3547.417513659645
2025-11-12 20:00:00,2025-11-12,CP98_Donchian15Buy,BUY,4206.77,4189.615000000001,-17.73708756829809,3529.680426091347
2025-11-12 20:00:00,2025-11-12,CP98_Donchian20Buy,BUY,4206.77,4187.924500000001,-17.648402130456343,3512.0320239608905
2025-11-12 20:00:00,2025-11-12,CP98_Donchian3Buy,BUY,4206.77,4189.615000000001,-17.560160119804323,3494.471863841086
2025-11-13 21:00:00,2025-11-13,CP98_GapDayLowerKeltnerBuy,BUY,4163.79,4210.699928571428,37.140017435705865,3531.611881276792
2025-11-13 21:00:00,2025-11-13,CP98_GapDayDonchianLowSweepBuy,BUY,4163.79,4141.721428571429,-17.658059406383753,3513.953821870408
2025-11-14 09:00:00,2025-11-14,CP98_GapDayLowerKeltnerBuy,BUY,4181.01,4160.442857142858,-17.569769109351707,3496.384052761056
2025-11-14 18:00:00,2025-11-14,CP98_GapDayLowerKeltnerBuy,BUY,4105.09,4077.1371428571433,-17.481920263805158,3478.902132497251
2025-11-26 03:00:00,2025-11-26,CP98_Donchian5Buy,BUY,4148.25,4182.063,35.96998185579747,3514.8721143530483
2025-11-26 03:00:00,2025-11-26,CP98_Donchian3Buy,BUY,4148.25,4182.063,36.34189217273923,3551.2140065257877
2025-11-28 17:00:00,2025-11-28,CP98_PinbarKeltnerBuy,BUY,4203.67,4235.071857142857,38.390941052301365,3589.604947578089
2025-11-28 18:00:00,2025-11-28,CP98_PinbarKeltnerBuy,BUY,4206.25,4238.761285714286,38.82878009244142,3628.4337276705305
2025-12-02 09:00:00,2025-12-02,CP98_GapDayLowerKeltnerBuy,BUY,4213.4,4200.428571428571,-18.142168638353198,3610.2915590321772
2025-12-03 01:00:00,2025-12-03,CP98_GapDayEMAPullbackBuy,BUY,4212.43,4193.99,-18.051457795161202,3592.240101237016
2025-12-03 17:00:00,2025-12-03,CP98_GapDayEMAPullbackBuy,BUY,4216.1,4201.411428571429,-17.961200506185477,3574.2789007308306
2025-12-04 16:00:00,2025-12-04,CP98_GapDayEMAPullbackBuy,BUY,4201.15,4227.818499999999,36.80537249980577,3611.0842732306364
2025-12-04 21:00:00,2025-12-04,CP98_GapDayEMAPullbackBuy,BUY,4208.62,4196.051428571429,-18.055421366152625,3593.028851864484
2025-12-05 03:00:00,2025-12-05,CP98_GapDayEMAPullbackBuy,BUY,4202.97,4225.203,36.85649045903802,3629.885342323522
2025-12-05 05:00:00,2025-12-05,CP98_GapDayEMAPullbackBuy,BUY,4209.34,4231.3495,37.22583572476125,3667.111178048283
2025-12-08 01:00:00,2025-12-08,CP98_GapDayLowerKeltnerBuy,BUY,4201.25,4186.932857142857,-18.335555890241746,3648.775622158041
2025-12-08 01:00:00,2025-12-08,CP98_GapDayDonchianLowSweepBuy,BUY,4201.25,4186.932857142857,-18.243878110790536,3630.531744047251
2025-12-08 19:00:00,2025-12-08,CP98_GapDayLowerKeltnerBuy,BUY,4194.79,4182.128571428571,-18.15265872023616,3612.3790853270148
2025-12-09 16:00:00,2025-12-09,CP98_GapDayEMAPullbackBuy,BUY,4204.71,4193.077857142857,-18.061895426634972,3594.3171899003796
2025-12-10 06:00:00,2025-12-10,CP98_GapDayEMAPullbackBuy,BUY,4206.89,4196.055714285714,-17.971585949502543,3576.345603950877
2025-12-10 17:00:00,2025-12-10,CP98_GapDayLowerKeltnerBuy,BUY,4193.59,4184.045,-17.881728019754384,3558.4638759311224
2025-12-10 17:00:00,2025-12-10,CP98_GapDayDonchianLowSweepBuy,BUY,4193.59,4184.045,-17.792319379655613,3540.671556551467
2025-12-11 03:00:00,2025-12-11,CP98_PinbarKeltnerBuy,BUY,4238.19,4223.977142857142,-17.703357782757738,3522.968198768709
2025-12-15 23:00:00,2025-12-15,CP98_GapDayLowerKeltnerBuy,BUY,4306.19,4292.65,-17.614840993843547,3505.3533577748653
2025-12-16 05:00:00,2025-12-16,CP98_GapDayLowerKeltnerBuy,BUY,4290.75,4274.895,-17.526766788873967,3487.8265909859915
2025-12-16 05:00:00,2025-12-16,CP98_GapDayDonchianLowSweepBuy,BUY,4290.75,4274.895,-17.439132954929597,3470.387458031062
2025-12-16 13:00:00,2025-12-16,CP98_GapDayLowerKeltnerBuy,BUY,4278.36,4303.711571428571,36.532117018012116,3506.9195750490744
2025-12-16 13:00:00,2025-12-16,CP98_GapDayDonchianLowSweepBuy,BUY,4278.36,4304.301142857143,37.775211282122065,3544.6947863311966
2025-12-17 10:00:00,2025-12-17,CP98_GapDayEMAPullbackBuy,BUY,4318.97,4345.097000000001,36.48613714415403,3581.1809234753505
2025-12-17 18:00:00,2025-12-17,CP98_GapDayEMAPullbackBuy,BUY,4333.39,4318.421428571429,-17.905904617376674,3563.275018857974
2025-12-19 16:00:00,2025-12-19,CP98_GapDayEMAPullbackBuy,BUY,4332.21,4353.8235,36.52713004543783,3599.8021489034118
2025-12-22 04:00:00,2025-12-22,CP98_Donchian20Buy,BUY,4385.86,4413.6867142857145,36.94036715055725,3636.742516053969
2025-12-23 04:00:00,2025-12-23,CP98_PinbarKeltnerBuy,BUY,4493.23,4479.474999999999,-18.183712580269933,3618.5588034736993
2025-12-23 04:00:00,2025-12-23,CP98_Donchian5Buy,BUY,4493.23,4479.474999999999,-18.092794017368583,3600.4660094563305
2025-12-23 04:00:00,2025-12-23,CP98_Donchian7Buy,BUY,4493.23,4479.474999999999,-18.00233004728174,3582.463679409049
2025-12-23 04:00:00,2025-12-23,CP98_Donchian10Buy,BUY,4493.23,4479.474999999999,-17.91231839704533,3564.5513610120033
2025-12-23 04:00:00,2025-12-23,CP98_Donchian12Buy,BUY,4493.23,4479.474999999999,-17.822756805060102,3546.728604206943
2025-12-23 04:00:00,2025-12-23,CP98_Donchian15Buy,BUY,4493.23,4479.474999999999,-17.7336430210348,3528.9949611859083
2025-12-23 04:00:00,2025-12-23,CP98_Donchian20Buy,BUY,4493.23,4478.1245,-17.644974805929095,3511.3499863799793
2025-12-23 04:00:00,2025-12-23,CP98_Donchian3Buy,BUY,4493.23,4479.474999999999,-17.556749931899983,3493.7932364480794
2025-12-23 17:00:00,2025-12-23,CP98_GapDayLowerKeltnerBuy,BUY,4458.2,4491.426714285714,36.960378763110555,3530.7536152111898
2025-12-23 17:00:00,2025-12-23,CP98_GapDayDonchianLowSweepBuy,BUY,4458.2,4492.199428571429,38.220014436723964,3568.9736296479136
2025-12-26 08:00:00,2025-12-26,CP98_Donchian5Buy,BUY,4511.53,4549.0255,36.9567662884462,3605.9303959363597
2025-12-26 08:00:00,2025-12-26,CP98_Donchian7Buy,BUY,4511.53,4549.3826,37.695067910859315,3643.625463847219
2025-12-26 08:00:00,2025-12-26,CP98_Donchian10Buy,BUY,4511.53,4549.91825,38.62811522025221,3682.2535790674715
2025-12-26 08:00:00,2025-12-26,CP98_Donchian12Buy,BUY,4511.53,4493.425,-18.41126789533696,3663.8423111721345
2025-12-26 08:00:00,2025-12-26,CP98_Donchian15Buy,BUY,4511.53,4493.425,-18.319211555860278,3645.523099616274
2025-12-26 08:00:00,2025-12-26,CP98_Donchian3Buy,BUY,4511.53,4549.0255,37.74943700128758,3683.272536617562
2026-01-05 15:00:00,2026-01-05,CP98_GapDayEMAPullbackBuy,BUY,4416.76,4452.67,38.117094175774156,3721.389630793336
2026-01-07 15:00:00,2026-01-07,CP98_GapDayLowerKeltnerBuy,BUY,4452.71,4434.677857142857,-18.60694815396715,3702.782682639369
2026-01-07 15:00:00,2026-01-07,CP98_GapDayDonchianLowSweepBuy,BUY,4452.71,4434.677857142857,-18.51391341319731,3684.2687692261716
2026-01-07 17:00:00,2026-01-07,CP98_GapDayLowerKeltnerBuy,BUY,4445.96,4427.915714285715,-18.42134384613046,3665.847425380041
2026-01-07 17:00:00,2026-01-07,CP98_GapDayDonchianLowSweepBuy,BUY,4445.96,4427.915714285715,-18.329237126899812,3647.518188253141
2026-01-08 08:00:00,2026-01-08,CP98_GapDayLowerKeltnerBuy,BUY,4433.14,4418.4857142857145,-18.237590941265864,3629.280597311875
2026-01-08 10:00:00,2026-01-08,CP98_GapDayLowerKeltnerBuy,BUY,4431.27,4417.705714285715,-18.146402986559465,3611.1341943253155
2026-01-08 12:00:00,2026-01-08,CP98_GapDayLowerKeltnerBuy,BUY,4433.06,4419.697857142858,-18.055670971626054,3593.0785233536894
2026-01-08 14:00:00,2026-01-08,CP98_GapDayLowerKeltnerBuy,BUY,4427.55,4458.365642857143,37.96341946186177,3631.041942815551
2026-01-08 14:00:00,2026-01-08,CP98_GapDayDonchianLowSweepBuy,BUY,4427.55,4459.082285714286,39.25672824597906,3670.29867106153
2026-01-08 21:00:00,2026-01-08,CP98_GapDayEMAPullbackBuy,BUY,4452.02,4485.008,37.93441446275348,3708.2330855242835
2026-01-09 03:00:00,2026-01-09,CP98_GapDayEMAPullbackBuy,BUY,4468.68,4503.276,38.35441286356799,3746.5874983878516
2026-01-09 07:00:00,2026-01-09,CP98_GapDayEMAPullbackBuy,BUY,4467.98,4497.437,38.65031997098649,3785.237818358838
2026-01-15 07:00:00,2026-01-15,CP98_GapDayLowerKeltnerBuy,BUY,4595.15,4575.7414285714285,-18.926189091793873,3766.3116292670443
2026-01-15 07:00:00,2026-01-15,CP98_GapDayDonchianLowSweepBuy,BUY,4595.15,4575.7414285714285,-18.831558146334906,3747.4800711207095
2026-01-15 17:00:00,2026-01-15,CP98_GapDayEMAPullbackBuy,BUY,4615.26,4598.412857142857,-18.737400355603548,3728.7426707651057
2026-01-16 16:00:00,2026-01-16,CP98_GapDayEMAPullbackBuy,BUY,4607.56,4593.023571428572,-18.64371335382553,3710.09895741128
2026-01-20 19:00:00,2026-01-20,CP98_PinbarKeltnerBuy,BUY,4758.9,4797.773999999999,40.24173740803762,3750.340694819318
2026-01-20 19:00:00,2026-01-20,CP98_Donchian5Buy,BUY,4758.9,4796.007,38.82921098288554,3789.169905802203
2026-01-20 19:00:00,2026-01-20,CP98_Donchian7Buy,BUY,4758.9,4796.3604,39.60486058574612,3828.7747663879495
2026-01-20 19:00:00,2026-01-20,CP98_Donchian10Buy,BUY,4758.9,4796.8904999999995,40.58511935336564,3869.3598857413153
2026-01-20 19:00:00,2026-01-20,CP98_Donchian12Buy,BUY,4758.9,4797.4205999999995,41.587629579991024,3910.9475153213066
2026-01-20 19:00:00,2026-01-20,CP98_Donchian15Buy,BUY,4758.9,4797.773999999999,42.42024936121687,3953.3677646825236
2026-01-20 19:00:00,2026-01-20,CP98_Donchian20Buy,BUY,4758.9,4799.540999999999,40.80581584915493,3994.1735805316785
2026-01-20 19:00:00,2026-01-20,CP98_Donchian3Buy,BUY,4758.9,4796.007,41.35373857499733,4035.527319106676
2026-01-21 04:00:00,2026-01-21,CP98_PinbarKeltnerBuy,BUY,4836.23,4882.893571428572,105.29684043132207,4140.824159537998
2026-01-21 05:00:00,2026-01-21,CP98_PinbarKeltnerBuy,BUY,4844.73,4822.279285714285,-49.68988991445655,4091.134269623541
2026-01-21 05:00:00,2026-01-21,CP98_Donchian5Buy,BUY,4844.73,4822.279285714285,-49.09361123548306,4042.040658388058
2026-01-21 05:00:00,2026-01-21,CP98_Donchian7Buy,BUY,4844.73,4822.279285714285,-48.50448790065726,3993.536170487401
2026-01-21 05:00:00,2026-01-21,CP98_Donchian10Buy,BUY,4844.73,4822.279285714285,-47.922434045849364,3945.6137364415513
2026-01-21 05:00:00,2026-01-21,CP98_Donchian12Buy,BUY,4844.73,4822.279285714285,-47.34736483729916,3898.266371604252
2026-01-21 05:00:00,2026-01-21,CP98_Donchian15Buy,BUY,4844.73,4822.279285714285,-46.779196459251565,3851.4871751450005
2026-01-21 05:00:00,2026-01-21,CP98_Donchian20Buy,BUY,4844.73,4820.059214285714,-46.21784610173952,3805.2693290432608
2026-01-21 05:00:00,2026-01-21,CP98_Donchian3Buy,BUY,4844.73,4822.279285714285,-45.66323194851966,3759.606097094741
2026-01-21 07:00:00,2026-01-21,CP98_PinbarKeltnerBuy,BUY,4869.87,4846.935714285714,-18.798030485473546,3740.8080666092674
2026-01-26 02:00:00,2026-01-26,CP98_PinbarKeltnerBuy,BUY,5041.57,5094.258428571428,40.72378435959636,3781.5318509688636
2026-01-26 02:00:00,2026-01-26,CP98_Donchian5Buy,BUY,5041.57,5091.8634999999995,39.295885505089046,3820.827736473953
2026-01-26 02:00:00,2026-01-26,CP98_Donchian7Buy,BUY,5041.57,5092.342485714285,40.08236523120792,3860.9101017051607
2026-01-26 02:00:00,2026-01-26,CP98_Donchian10Buy,BUY,5041.57,5093.060964285714,41.076002511903766,3901.9861042170646
2026-01-26 02:00:00,2026-01-26,CP98_Donchian12Buy,BUY,5041.57,5093.779442857142,42.092259032509794,3944.0783632495745
2026-01-26 02:00:00,2026-01-26,CP98_Donchian15Buy,BUY,5041.57,5094.258428571428,42.93665804348849,3987.015021293063
2026-01-26 02:00:00,2026-01-26,CP98_Donchian20Buy,BUY,5041.57,5096.653357142857,41.290592380801506,4028.3056136738646
2026-01-26 02:00:00,2026-01-26,CP98_Donchian3Buy,BUY,5041.57,5091.8634999999995,41.86024140822159,4070.165855082086
2026-01-26 08:00:00,2026-01-26,CP98_PinbarKeltnerBuy,BUY,5077.47,5049.082857142857,-48.84199026098493,4021.3238648211013
2026-01-28 05:00:00,2026-01-28,CP98_PinbarKeltnerBuy,BUY,5234.86,5304.554428571428,105.33171510340149,4126.6555799245025
2026-01-28 05:00:00,2026-01-28,CP98_Donchian5Buy,BUY,5234.86,5301.3865,103.17748598366589,4229.8330659081685
2026-01-28 05:00:00,2026-01-28,CP98_Donchian7Buy,BUY,5234.86,5302.020085714285,106.76441200928456,4336.597477917453
2026-01-28 05:00:00,2026-01-28,CP98_Donchian10Buy,BUY,5234.86,5302.970464285714,111.0081836283852,4447.605661545838
2026-01-28 05:00:00,2026-01-28,CP98_Donchian12Buy,BUY,5234.86,5303.920842857142,115.43837156812853,4563.044033113967
2026-01-28 05:00:00,2026-01-28,CP98_Donchian15Buy,BUY,5234.86,5304.554428571428,119.52115031193058,4682.565183425898
2026-01-28 05:00:00,2026-01-28,CP98_Donchian20Buy,BUY,5234.86,5307.722357142857,116.65292884912272,4799.218112275021
2026-01-28 05:00:00,2026-01-28,CP98_Donchian3Buy,BUY,5234.86,5301.3865,119.99335779819809,4919.211470073219
2026-01-28 10:00:00,2026-01-28,CP98_Donchian20Buy,BUY,5293.54,5259.861785714285,-59.030537640879324,4860.180932432339
2026-01-29 02:00:00,2026-01-29,CP98_PinbarKeltnerBuy,BUY,5520.19,5466.619285714285,-58.32217118918836,4801.858761243151
2026-01-29 03:00:00,2026-01-29,CP98_PinbarKeltnerBuy,BUY,5545.46,5485.469285714285,-57.62230513491813,4744.236456108233
2026-01-29 20:00:00,2026-01-29,CP98_GapDayLowerKeltnerBuy,BUY,5338.94,5255.839999999999,-56.93083747329885,4687.305618634934
2026-01-30 09:00:00,2026-01-30,CP98_GapDayLowerKeltnerBuy,BUY,5180.36,5097.125714285714,-56.24766742361921,4631.0579512113145
2026-01-30 13:00:00,2026-01-30,CP98_GapDayLowerKeltnerBuy,BUY,5135.75,5041.798571428571,-23.155289756056604,4607.902661455258
2026-02-11 04:00:00,2026-02-11,CP98_GapDayEMAPullbackBuy,BUY,5055.18,5114.5305,47.95874660823437,4655.861408063492
2026-02-13 16:00:00,2026-02-13,CP98_GapDayEMAPullbackBuy,BUY,4995.59,4965.245,-23.279307040317658,4632.582101023174
2026-02-19 01:00:00,2026-02-19,CP98_GapDayEMAPullbackBuy,BUY,4975.78,5018.1505,48.04677901107862,4680.628880034253
2026-02-20 14:00:00,2026-02-20,CP98_GapDayEMAPullbackBuy,BUY,5025.12,5005.956428571429,-56.16754656041009,4624.461333473842
2026-02-20 19:00:00,2026-02-20,CP98_PinbarKeltnerBuy,BUY,5072.86,5127.894571428571,50.365733716785186,4674.8270671906275
2026-02-20 19:00:00,2026-02-20,CP98_Donchian5Buy,BUY,5072.86,5125.393,48.5999896032197,4723.427056793847
2026-02-20 19:00:00,2026-02-20,CP98_Donchian7Buy,BUY,5072.86,5125.893314285714,49.572909116254756,4772.999965910102
2026-02-20 19:00:00,2026-02-20,CP98_Donchian10Buy,BUY,5072.86,5126.6437857142855,50.802048277327174,4823.802014187429
2026-02-20 19:00:00,2026-02-20,CP98_Donchian12Buy,BUY,5072.86,5127.394257142857,52.05917720613793,4875.861191393567
2026-02-20 19:00:00,2026-02-20,CP98_Donchian15Buy,BUY,5072.86,5127.894571428571,53.103769000758675,4928.964960394326
2026-02-20 19:00:00,2026-02-20,CP98_Donchian20Buy,BUY,5072.86,5130.396142857143,51.066142189259374,4980.031102583585
2026-02-20 19:00:00,2026-02-20,CP98_Donchian3Buy,BUY,5072.86,5125.393,51.77292257673232,5031.804025160318
2026-02-24 16:00:00,2026-02-24,CP98_GapDayLowerKeltnerBuy,BUY,5128.31,5188.029321428571,128.66252487859265,5160.466550038911
2026-02-24 16:00:00,2026-02-24,CP98_GapDayDonchianLowSweepBuy,BUY,5128.31,5189.418142857143,135.0210682801434,5295.4876183190545
2026-02-25 01:00:00,2026-02-25,CP98_GapDayLowerKeltnerBuy,BUY,5146.49,5201.256642857143,135.2957383557693,5430.783356674824
2026-02-25 13:00:00,2026-02-25,CP98_GapDayEMAPullbackBuy,BUY,5181.33,5158.384285714285,-65.16940028009844,5365.613956394725
2026-02-25 16:00:00,2026-02-25,CP98_GapDayEMAPullbackBuy,BUY,5190.95,5169.430714285714,-64.38736747673612,5301.226588917989
2026-02-27 01:00:00,2026-02-27,CP98_GapDayEMAPullbackBuy,BUY,5184.35,5234.6795,132.21177490477874,5433.438363822767
2026-02-27 05:00:00,2026-02-27,CP98_GapDayEMAPullbackBuy,BUY,5183.92,5234.4415,135.5144328936625,5568.9527967164295
2026-03-02 20:00:00,2026-03-02,CP98_GapDayLowerKeltnerBuy,BUY,5315.58,5281.426428571429,-66.82743356059652,5502.125363155833
2026-03-11 15:00:00,2026-03-11,CP98_GapDayLowerKeltnerBuy,BUY,5176.71,5155.0878571428575,-66.0255043578692,5436.099858797964
2026-03-11 15:00:00,2026-03-11,CP98_GapDayDonchianLowSweepBuy,BUY,5176.71,5155.0878571428575,-65.23319830557479,5370.866660492389
2026-03-12 14:00:00,2026-03-12,CP98_GapDayEMAPullbackBuy,BUY,5181.23,5161.312142857142,-64.45039992590993,5306.41626056648
2026-04-02 12:00:00,2026-04-02,CP98_GapDayLowerKeltnerBuy,BUY,4621.72,4715.433892857143,136.12479002637264,5442.541050592852
2026-04-02 22:00:00,2026-04-02,CP98_GapDayEMAPullbackBuy,BUY,4672.19,4634.214285714285,-65.31049260711445,5377.2305579857375
2026-04-06 10:00:00,2026-04-06,CP98_GapDayEMAPullbackBuy,BUY,4684.28,4653.199285714286,-64.52676669582819,5312.7037912899095
2026-04-06 16:00:00,2026-04-06,CP98_GapDayEMAPullbackBuy,BUY,4679.98,4654.663571428571,-63.75244549547842,5248.951345794431
2026-04-07 14:00:00,2026-04-07,CP98_GapDayEMAPullbackBuy,BUY,4659.62,4632.078571428571,-26.24475672897228,5222.706589065459
2026-04-08 02:00:00,2026-04-08,CP98_PinbarKeltnerBuy,BUY,4833.3,4793.9800000000005,-26.11353294532708,5196.593056120132
2026-04-08 02:00:00,2026-04-08,CP98_Donchian5Buy,BUY,4833.3,4793.9800000000005,-25.98296528060045,5170.610090839532
2026-04-08 02:00:00,2026-04-08,CP98_Donchian7Buy,BUY,4833.3,4793.9800000000005,-25.853050454197447,5144.757040385334
2026-04-08 02:00:00,2026-04-08,CP98_Donchian10Buy,BUY,4833.3,4793.9800000000005,-25.723785201926457,5119.033255183408
2026-04-08 02:00:00,2026-04-08,CP98_Donchian12Buy,BUY,4833.3,4793.9800000000005,-25.595166275916828,5093.438088907491
2026-04-08 02:00:00,2026-04-08,CP98_Donchian15Buy,BUY,4833.3,4793.9800000000005,-25.46719044453724,5067.970898462953
2026-04-08 02:00:00,2026-04-08,CP98_Donchian20Buy,BUY,4833.3,4790.073,-25.33985449231466,5042.6310439706385
2026-04-08 02:00:00,2026-04-08,CP98_Donchian3Buy,BUY,4833.3,4793.9800000000005,-25.213155219852986,5017.417888750785
2026-04-10 19:00:00,2026-04-10,CP98_GapDayEMAPullbackBuy,BUY,4763.75,4744.032857142857,-25.087089443753843,4992.330799307031
2026-04-15 13:00:00,2026-04-15,CP98_GapDayLowerKeltnerBuy,BUY,4799.93,4781.702142857143,-24.9616539965348,4967.369145310497
2026-04-16 09:00:00,2026-04-16,CP98_GapDayEMAPullbackBuy,BUY,4825.9,4810.942857142857,-24.83684572655216,4942.532299583944
2026-04-20 19:00:00,2026-04-20,CP98_GapDayEMAPullbackBuy,BUY,4805.59,4788.232857142857,-24.71266149792009,4917.8196380860245
2026-04-21 11:00:00,2026-04-21,CP98_GapDayLowerKeltnerBuy,BUY,4785.81,4772.157857142857,-24.589098190430704,4893.230539895594
2026-04-21 11:00:00,2026-04-21,CP98_GapDayDonchianLowSweepBuy,BUY,4785.81,4772.157857142857,-24.466152699478553,4868.764387196115
2026-04-21 14:00:00,2026-04-21,CP98_GapDayLowerKeltnerBuy,BUY,4794.52,4780.143571428572,-24.343821935981016,4844.420565260134
2026-04-21 14:00:00,2026-04-21,CP98_GapDayDonchianLowSweepBuy,BUY,4794.52,4780.143571428572,-24.222102826301107,4820.198462433833
2026-04-21 16:00:00,2026-04-21,CP98_GapDayLowerKeltnerBuy,BUY,4778.78,4761.620714285714,-24.100992312169527,4796.097470121664
2026-04-21 16:00:00,2026-04-21,CP98_GapDayDonchianLowSweepBuy,BUY,4778.78,4761.620714285714,-23.98048735060868,4772.116982771055
2026-05-07 15:00:00,2026-05-07,CP98_PinbarKeltnerBuy,BUY,4749.92,4730.52,-23.860584913854794,4748.2563978572
2026-05-07 15:00:00,2026-05-07,CP98_Donchian3Buy,BUY,4749.92,4730.52,-23.741281989285522,4724.515115867915
2026-05-11 04:00:00,2026-05-11,CP98_GapDayLowerKeltnerBuy,BUY,4685.49,4665.16,-23.62257557933965,4700.892540288575
2026-05-11 04:00:00,2026-05-11,CP98_GapDayDonchianLowSweepBuy,BUY,4685.49,4665.16,-23.50446270144295,4677.388077587132
2026-05-12 05:00:00,2026-05-12,CP98_GapDayEMAPullbackBuy,BUY,4729.8,4707.961428571429,-23.38694038793559,4654.001137199197
2026-05-12 10:00:00,2026-05-12,CP98_GapDayLowerKeltnerBuy,BUY,4699.51,4682.205714285715,-23.27000568599555,4630.731131513201
2026-05-13 08:00:00,2026-05-13,CP98_GapDayEMAPullbackBuy,BUY,4703.88,4688.257857142858,-23.15365565756562,4607.577475855635
2026-05-13 10:00:00,2026-05-13,CP98_GapDayEMAPullbackBuy,BUY,4702.47,4688.294285714286,-23.037887379277965,4584.5395884763575
2026-05-13 12:00:00,2026-05-13,CP98_GapDayEMAPullbackBuy,BUY,4700.74,4687.112142857142,-22.92269794238244,4561.6168905339755
2026-05-14 03:00:00,2026-05-14,CP98_GapDayEMAPullbackBuy,BUY,4704.82,4688.768571428571,-22.808084452670343,4538.808806081305
2026-05-14 11:00:00,2026-05-14,CP98_GapDayEMAPullbackBuy,BUY,4693.22,4675.176428571429,-22.6940440304062,4516.114762050899
2026-06-17 17:00:00,2026-06-17,CP98_GapDayEMAPullbackBuy,BUY,4344.28,4374.165999999999,46.60058402143445,4562.715346072334
2026-07-07 11:00:00,2026-07-07,CP98_GapDayLowerKeltnerBuy,BUY,4125.82,4152.527607142857,48.081532200726905,4610.79687827306
2026-07-08 07:00:00,2026-07-08,CP98_GapDayEMAPullbackBuy,BUY,4125.02,4107.257142857144,-23.05398439136488,4587.742893881696
2026-07-23 13:00:00,2026-07-23,CP98_GapDayLowerKeltnerBuy,BUY,4093.11,4078.6500000000005,-22.938714469408115,4564.804179412287
2026-07-24 16:00:00,2026-07-24,CP98_GapDayEMAPullbackBuy,BUY,4067.15,4054.057142857143,-22.82402089706138,4541.980158515226
