id,entry_bar,entry_time,exit_bar,exit_time,direction,entry_price,exit_price,sl,tp,lots,pnl_usd,pnl_pts,pnl_r,exit_reason,quarter,year,holding_bars,entry_dt,entry_quarter,entry_year
41,1168,2018-04-02 04:30:00+00:00,1188,2018-04-02 14:30:00+00:00,BUY,1329.32,1333.117591512111,1327.4212042439444,1333.117591512111,0.1,37.27591512111012,379.7591512111012,1.8933358123339639,TP,2018Q2,2018,20,2018-04-02 04:30:00+00:00,2018Q2,2018
42,1208,2018-04-03 01:30:00+00:00,1210,2018-04-03 02:30:00+00:00,SELL,1339.72,1342.0426790752722,1342.0426790752722,1335.0746418494557,0.1,-23.926790752721626,-232.26790752721627,-1.0,SL,2018Q2,2018,2,2018-04-03 01:30:00+00:00,2018Q2,2018
43,1238,2018-04-03 16:30:00+00:00,1240,2018-04-03 17:30:00+00:00,SELL,1334.15,1329.3623445833844,1336.5438277083078,1329.3623445833844,0.1,47.176554166157345,478.7655416615735,1.9147667674603723,TP,2018Q2,2018,2,2018-04-03 16:30:00+00:00,2018Q2,2018
44,1252,2018-04-03 23:30:00+00:00,1272,2018-04-04 10:30:00+00:00,BUY,1332.8,1337.4819130786598,1330.45904346067,1337.4819130786598,0.1,46.11913078659818,468.1913078659818,1.9128976418387174,TP,2018Q2,2018,20,2018-04-03 23:30:00+00:00,2018Q2,2018
45,1328,2018-04-05 15:30:00+00:00,1328,2018-04-05 15:30:00+00:00,SELL,1325.75,1327.969691870527,1327.969691870527,1321.310616258946,0.1,-22.89691870526958,-221.96918705269582,-1.0,SL,2018Q2,2018,0,2018-04-05 15:30:00+00:00,2018Q2,2018
46,1346,2018-04-06 01:30:00+00:00,1348,2018-04-06 02:30:00+00:00,BUY,1327.8,1332.0370703032415,1325.6814648483792,1332.0370703032415,0.1,41.6707030324158,423.70703032415804,1.9040454068811836,TP,2018Q2,2018,2,2018-04-06 01:30:00+00:00,2018Q2,2018
47,1352,2018-04-06 04:30:00+00:00,1355,2018-04-06 06:00:00+00:00,BUY,1332.42,1330.2754551088328,1330.2754551088328,1336.7090897823346,0.1,-22.14544891167243,-214.4544891167243,-1.0,SL,2018Q2,2018,3,2018-04-06 04:30:00+00:00,2018Q2,2018
48,1358,2018-04-06 07:30:00+00:00,1362,2018-04-06 09:30:00+00:00,SELL,1328.66,1324.622161116146,1330.678919441927,1324.622161116146,0.1,39.67838883854192,403.78388838541923,1.8994695555104546,TP,2018Q2,2018,4,2018-04-06 07:30:00+00:00,2018Q2,2018
49,1433,2018-04-09 22:00:00+00:00,1438,2018-04-10 01:30:00+00:00,BUY,1337.44,1335.2657460534992,1335.2657460534992,1341.7885078930017,0.1,-22.44253946500812,-217.42539465008122,-1.0,SL,2018Q2,2018,5,2018-04-09 22:00:00+00:00,2018Q2,2018
50,1455,2018-04-10 10:00:00+00:00,1456,2018-04-10 10:30:00+00:00,BUY,1333.53,1337.1617075014747,1331.7141462492625,1337.1617075014747,0.1,35.61707501474693,363.17075014746933,1.8886445993396321,TP,2018Q2,2018,1,2018-04-10 10:00:00+00:00,2018Q2,2018
51,1474,2018-04-10 19:30:00+00:00,1506,2018-04-11 12:30:00+00:00,BUY,1340.35,1345.7434183132896,1337.653290843355,1345.7434183132896,0.1,53.234183132896575,539.3418313289658,1.9240975512385747,TP,2018Q2,2018,32,2018-04-10 19:30:00+00:00,2018Q2,2018
52,1507,2018-04-11 13:00:00+00:00,1509,2018-04-11 14:00:00+00:00,BUY,1345.67,1349.3897276952582,1343.810136152371,1349.3897276952582,0.1,36.49727695258143,371.97276952581433,1.8911840333927132,TP,2018Q2,2018,2,2018-04-11 13:00:00+00:00,2018Q2,2018
53,1510,2018-04-11 14:30:00+00:00,1510,2018-04-11 14:30:00+00:00,BUY,1350.93,1348.7517125097518,1348.7517125097518,1355.2865749804964,0.1,-22.482874902482944,-217.82874902482945,-1.0,SL,2018Q2,2018,0,2018-04-11 14:30:00+00:00,2018Q2,2018
54,1528,2018-04-11 23:30:00+00:00,1542,2018-04-12 07:30:00+00:00,BUY,1353.0,1348.8115366776103,1348.8115366776103,1361.3769266447794,0.1,-42.5846332238968,-418.846332238968,-1.0,SL,2018Q2,2018,14,2018-04-11 23:30:00+00:00,2018Q2,2018
55,1551,2018-04-12 12:00:00+00:00,1557,2018-04-12 15:00:00+00:00,SELL,1346.79,1341.6812340432025,1349.3443829783987,1341.6812340432025,0.1,50.387659567974694,510.87659567974697,1.9199811911110125,TP,2018Q2,2018,6,2018-04-12 12:00:00+00:00,2018Q2,2018
56,1572,2018-04-12 22:30:00+00:00,1576,2018-04-13 01:30:00+00:00,SELL,1334.87,1338.026593678229,1338.026593678229,1328.5568126435417,0.1,-32.26593678229001,-315.6593678229001,-1.0,SL,2018Q2,2018,4,2018-04-12 22:30:00+00:00,2018Q2,2018
57,1584,2018-04-13 05:30:00+00:00,1591,2018-04-13 09:00:00+00:00,BUY,1339.92,1337.666957033684,1337.666957033684,1344.4260859326325,0.1,-23.230429663161157,-225.30429663161158,-1.0,SL,2018Q2,2018,7,2018-04-13 05:30:00+00:00,2018Q2,2018
58,1618,2018-04-13 22:30:00+00:00,1621,2018-04-16 01:00:00+00:00,BUY,1345.86,1343.286357445872,1343.286357445872,1351.0072851082555,0.1,-26.436425541279004,-257.36425541279004,-1.0,SL,2018Q2,2018,3,2018-04-13 22:30:00+00:00,2018Q2,2018
59,1640,2018-04-16 10:30:00+00:00,1640,2018-04-16 10:30:00+00:00,SELL,1341.86,1344.237655106141,1344.237655106141,1337.104689787718,0.1,-24.476551061409918,-237.76551061409918,-1.0,SL,2018Q2,2018,0,2018-04-16 10:30:00+00:00,2018Q2,2018
60,1786,2018-04-19 14:30:00+00:00,1787,2018-04-19 15:00:00+00:00,BUY,1349.4,1346.8699429404844,1346.8699429404844,1354.4601141190312,0.1,-26.00057059515684,-253.00570595156842,-1.0,SL,2018Q2,2018,1,2018-04-19 14:30:00+00:00,2018Q2,2018
61,1866,2018-04-23 08:30:00+00:00,1869,2018-04-23 10:00:00+00:00,BUY,1334.78,1333.0550569632103,1333.0550569632103,1338.229886073579,0.1,-17.94943036789682,-172.4943036789682,-1.0,SL,2018Q2,2018,3,2018-04-23 08:30:00+00:00,2018Q2,2018
62,1892,2018-04-23 21:30:00+00:00,1903,2018-04-24 04:00:00+00:00,BUY,1324.4,1322.2620971519098,1322.2620971519098,1328.6758056961808,0.1,-22.079028480903343,-213.79028480903344,-1.0,SL,2018Q2,2018,11,2018-04-23 21:30:00+00:00,2018Q2,2018
63,1912,2018-04-24 08:30:00+00:00,1914,2018-04-24 09:30:00+00:00,BUY,1327.6,1325.7709932642567,1325.7709932642567,1331.2580134714863,0.1,-18.99006735743178,-182.9006735743178,-1.0,SL,2018Q2,2018,2,2018-04-24 08:30:00+00:00,2018Q2,2018
64,1919,2018-04-24 12:00:00+00:00,1922,2018-04-24 13:30:00+00:00,BUY,1327.78,1325.6483626894387,1325.6483626894387,1332.0432746211225,0.1,-22.016373105612455,-213.16373105612456,-1.0,SL,2018Q2,2018,3,2018-04-24 12:00:00+00:00,2018Q2,2018
65,1957,2018-04-25 08:00:00+00:00,1961,2018-04-25 10:00:00+00:00,SELL,1327.35,1324.1127603604102,1328.9686198197949,1324.1127603604102,0.1,31.672396395896886,323.72396395896885,1.8756380817407872,TP,2018Q2,2018,4,2018-04-25 08:00:00+00:00,2018Q2,2018
66,1962,2018-04-25 10:30:00+00:00,1965,2018-04-25 12:00:00+00:00,SELL,1323.91,1325.6821525234113,1325.6821525234113,1320.3656949531778,0.1,-18.421525234112504,-177.21525234112505,-1.0,SL,2018Q2,2018,3,2018-04-25 10:30:00+00:00,2018Q2,2018
67,1975,2018-04-25 17:00:00+00:00,1975,2018-04-25 17:00:00+00:00,BUY,1322.05,1319.9077481872307,1319.9077481872307,1326.3345036255384,0.1,-22.122518127692455,-214.22518127692456,-1.0,SL,2018Q2,2018,0,2018-04-25 17:00:00+00:00,2018Q2,2018
68,1980,2018-04-25 19:30:00+00:00,2021,2018-04-26 17:00:00+00:00,BUY,1322.19,1320.0361028332345,1320.0361028332345,1326.4977943335311,0.1,-22.23897166765546,-215.3897166765546,-1.0,SL,2018Q2,2018,41,2018-04-25 19:30:00+00:00,2018Q2,2018
69,2022,2018-04-26 17:30:00+00:00,2064,2018-04-27 15:30:00+00:00,SELL,1319.1,1321.944840106047,1321.944840106047,1313.4103197879058,0.1,-29.148401060470587,-284.4840106047059,-1.0,SL,2018Q2,2018,42,2018-04-26 17:30:00+00:00,2018Q2,2018
70,2134,2018-05-01 04:30:00+00:00,2147,2018-05-01 11:00:00+00:00,SELL,1313.33,1309.3828652547022,1315.3035673726488,1309.3828652547022,0.1,38.77134745297717,394.7134745297717,1.8972385237645484,TP,2018Q2,2018,13,2018-05-01 04:30:00+00:00,2018Q2,2018
71,2153,2018-05-01 14:00:00+00:00,2156,2018-05-01 15:30:00+00:00,SELL,1308.24,1309.8151659131247,1309.8151659131247,1305.0896681737509,0.1,-16.451659131246924,-157.51659131246925,-1.0,SL,2018Q2,2018,3,2018-05-01 14:00:00+00:00,2018Q2,2018
72,2163,2018-05-01 19:00:00+00:00,2172,2018-05-01 23:30:00+00:00,BUY,1306.09,1303.6779540843145,1303.6779540843145,1310.914091831371,0.1,-24.820459156854394,-241.20459156854395,-1.0,SL,2018Q2,2018,9,2018-05-01 19:00:00+00:00,2018Q2,2018
73,2180,2018-05-02 04:30:00+00:00,2204,2018-05-02 16:30:00+00:00,BUY,1308.1,1306.1896925497485,1306.1896925497485,1311.9206149005024,0.1,-19.803074502513663,-191.03074502513664,-1.0,SL,2018Q2,2018,24,2018-05-02 04:30:00+00:00,2018Q2,2018
74,2290,2018-05-04 13:30:00+00:00,2294,2018-05-04 15:30:00+00:00,BUY,1310.26,1313.3675824190827,1308.7062087904587,1313.3675824190827,0.1,30.375824190827462,310.7582419082746,1.8706730281788506,TP,2018Q2,2018,4,2018-05-04 13:30:00+00:00,2018Q2,2018
75,2361,2018-05-08 03:00:00+00:00,2364,2018-05-08 04:30:00+00:00,BUY,1315.94,1314.3787569765477,1314.3787569765477,1319.0624860469047,0.1,-16.312430234523344,-156.12430234523345,-1.0,SL,2018Q2,2018,3,2018-05-08 03:00:00+00:00,2018Q2,2018
76,2365,2018-05-08 05:00:00+00:00,2379,2018-05-08 12:00:00+00:00,SELL,1313.59,1310.1877594235307,1315.2911202882347,1310.1877594235307,0.1,33.32240576469239,340.22405764692394,1.8814309782372074,TP,2018Q2,2018,14,2018-05-08 05:00:00+00:00,2018Q2,2018
77,2385,2018-05-08 15:00:00+00:00,2385,2018-05-08 15:00:00+00:00,BUY,1311.3,1309.468178015284,1309.468178015284,1314.963643969432,0.1,-19.018219847160434,-183.18219847160435,-1.0,SL,2018Q2,2018,0,2018-05-08 15:00:00+00:00,2018Q2,2018
78,2420,2018-05-09 09:30:00+00:00,2421,2018-05-09 10:00:00+00:00,SELL,1309.14,1305.1567441029806,1311.1316279485097,1305.1567441029806,0.1,39.13255897019489,398.32558970194896,1.8981387499371147,TP,2018Q2,2018,1,2018-05-09 09:30:00+00:00,2018Q2,2018
79,2433,2018-05-09 16:00:00+00:00,2440,2018-05-09 19:30:00+00:00,BUY,1313.84,1311.3673713701362,1311.3673713701362,1318.7852572597276,0.1,-25.426286298637205,-247.26286298637206,-1.0,SL,2018Q2,2018,7,2018-05-09 16:00:00+00:00,2018Q2,2018
80,2447,2018-05-09 23:00:00+00:00,2455,2018-05-10 04:00:00+00:00,SELL,1311.65,1313.7779427715461,1313.7779427715461,1307.3941144569083,0.1,-21.979427715460314,-212.79427715460315,-1.0,SL,2018Q2,2018,8,2018-05-09 23:00:00+00:00,2018Q2,2018
81,2509,2018-05-11 08:00:00+00:00,2513,2018-05-11 10:00:00+00:00,SELL,1319.47,1320.988321092757,1320.988321092757,1316.4333578144863,0.1,-15.88321092756878,-151.8321092756878,-1.0,SL,2018Q2,2018,4,2018-05-11 08:00:00+00:00,2018Q2,2018
82,2536,2018-05-11 21:30:00+00:00,2546,2018-05-14 03:30:00+00:00,SELL,1318.93,1320.8453445448467,1320.8453445448467,1315.0993109103067,0.1,-19.853445448466754,-191.53445448466755,-1.0,SL,2018Q2,2018,10,2018-05-11 21:30:00+00:00,2018Q2,2018
83,2624,2018-05-15 19:30:00+00:00,2651,2018-05-16 10:00:00+00:00,SELL,1292.65,1295.3995233106825,1295.3995233106825,1287.1509533786352,0.1,-28.195233106824343,-274.95233106824344,-1.0,SL,2018Q2,2018,27,2018-05-15 19:30:00+00:00,2018Q2,2018
84,2661,2018-05-16 15:00:00+00:00,2663,2018-05-16 16:00:00+00:00,SELL,1288.59,1290.7956511041675,1290.7956511041675,1284.178697791665,0.1,-22.756511041676003,-220.56511041676004,-1.0,SL,2018Q2,2018,2,2018-05-16 15:00:00+00:00,2018Q2,2018
85,2664,2018-05-16 16:30:00+00:00,2665,2018-05-16 17:00:00+00:00,BUY,1291.35,1288.845766954863,1288.845766954863,1296.358466090274,0.1,-25.742330451369707,-250.42330451369708,-1.0,SL,2018Q2,2018,1,2018-05-16 16:30:00+00:00,2018Q2,2018
86,2685,2018-05-17 04:00:00+00:00,2686,2018-05-17 04:30:00+00:00,SELL,1290.49,1292.1143007051114,1292.1143007051114,1287.2413985897774,0.1,-16.94300705111409,-162.4300705111409,-1.0,SL,2018Q2,2018,1,2018-05-17 04:00:00+00:00,2018Q2,2018
87,2706,2018-05-17 14:30:00+00:00,2748,2018-05-18 12:30:00+00:00,BUY,1289.1,1286.8777792698443,1286.8777792698443,1293.5444414603114,0.1,-22.92220730155641,-222.2220730155641,-1.0,SL,2018Q2,2018,42,2018-05-17 14:30:00+00:00,2018Q2,2018
88,2759,2018-05-18 18:00:00+00:00,2771,2018-05-21 01:00:00+00:00,BUY,1292.17,1290.0844350150176,1290.0844350150176,1296.341129969965,0.1,-21.555649849825112,-208.55649849825113,-1.0,SL,2018Q2,2018,12,2018-05-18 18:00:00+00:00,2018Q2,2018
89,2782,2018-05-21 06:30:00+00:00,2787,2018-05-21 09:00:00+00:00,SELL,1288.83,1285.6414259142293,1290.4242870428852,1285.6414259142293,0.1,31.18574085770597,318.8574085770597,1.8738198432189124,TP,2018Q2,2018,5,2018-05-21 06:30:00+00:00,2018Q2,2018
90,2841,2018-05-22 13:00:00+00:00,2846,2018-05-22 15:30:00+00:00,BUY,1295.13,1293.3246467540848,1293.3246467540848,1298.7407064918307,0.1,-18.753532459152847,-180.53532459152848,-1.0,SL,2018Q2,2018,5,2018-05-22 13:00:00+00:00,2018Q2,2018
91,2892,2018-05-23 15:30:00+00:00,2893,2018-05-23 16:00:00+00:00,SELL,1294.27,1289.9885629529558,1296.410718523522,1289.9885629529558,0.1,42.11437047044164,428.14370470441645,1.9050082596379427,TP,2018Q2,2018,1,2018-05-23 15:30:00+00:00,2018Q2,2018
92,2952,2018-05-24 22:30:00+00:00,2953,2018-05-24 23:00:00+00:00,BUY,1306.17,1304.2961702275834,1304.2961702275834,1309.9176595448334,0.1,-19.43829772416684,-187.3829772416684,-1.0,SL,2018Q2,2018,1,2018-05-24 22:30:00+00:00,2018Q2,2018
93,2976,2018-05-25 11:30:00+00:00,2983,2018-05-25 15:00:00+00:00,BUY,1304.62,1303.2845580079907,1303.2845580079907,1307.2908839840184,0.1,-14.054419920092368,-133.54419920092369,-1.0,SL,2018Q2,2018,7,2018-05-25 11:30:00+00:00,2018Q2,2018
94,3005,2018-05-28 03:00:00+00:00,3017,2018-05-28 09:00:00+00:00,BUY,1298.99,1296.8546023994143,1296.8546023994143,1303.2607952011715,0.1,-22.053976005857475,-213.53976005857476,-1.0,SL,2018Q2,2018,12,2018-05-28 03:00:00+00:00,2018Q2,2018
95,3029,2018-05-28 15:00:00+00:00,3031,2018-05-28 16:00:00+00:00,BUY,1299.22,1297.620329938421,1297.620329938421,1302.4193401231578,0.1,-16.696700615789904,-159.96700615789905,-1.0,SL,2018Q2,2018,2,2018-05-28 15:00:00+00:00,2018Q2,2018
96,3038,2018-05-28 19:30:00+00:00,3043,2018-05-29 03:00:00+00:00,SELL,1298.04,1299.488877670591,1299.488877670591,1295.1422446588183,0.1,-15.188776705909458,-144.88776705909459,-1.0,SL,2018Q2,2018,5,2018-05-28 19:30:00+00:00,2018Q2,2018
97,3133,2018-05-31 02:00:00+00:00,3147,2018-05-31 09:00:00+00:00,BUY,1302.46,1305.7419329607235,1300.8190335196382,1305.7419329607235,0.1,32.11932960723452,328.1932960723452,1.877262352938781,TP,2018Q2,2018,14,2018-05-31 02:00:00+00:00,2018Q2,2018
98,3160,2018-05-31 15:30:00+00:00,3160,2018-05-31 15:30:00+00:00,SELL,1303.31,1299.7688291773693,1305.0805854113153,1299.7688291773693,0.1,34.71170822630647,354.11708226306473,1.8859058652160405,TP,2018Q2,2018,0,2018-05-31 15:30:00+00:00,2018Q2,2018
99,3196,2018-06-01 10:30:00+00:00,3202,2018-06-01 13:30:00+00:00,BUY,1299.49,1297.9439657061796,1297.9439657061796,1302.5820685876406,0.1,-16.16034293820412,-154.6034293820412,-1.0,SL,2018Q2,2018,6,2018-06-01 10:30:00+00:00,2018Q2,2018
100,3212,2018-06-01 18:30:00+00:00,3215,2018-06-01 20:00:00+00:00,BUY,1297.41,1294.7743762705618,1294.7743762705618,1302.6812474588767,0.1,-27.056237294382935,-263.56237294382936,-1.0,SL,2018Q2,2018,3,2018-06-01 18:30:00+00:00,2018Q2,2018
101,3219,2018-06-01 22:00:00+00:00,3249,2018-06-04 14:00:00+00:00,SELL,1293.38,1295.7099110691242,1295.7099110691242,1288.7201778617518,0.1,-23.999110691241366,-232.99110691241367,-1.0,SL,2018Q2,2018,30,2018-06-01 22:00:00+00:00,2018Q2,2018
102,3267,2018-06-04 23:00:00+00:00,3286,2018-06-05 09:30:00+00:00,SELL,1291.75,1293.281727705526,1293.281727705526,1288.686544588948,0.1,-16.01727705526009,-153.17277055260092,-1.0,SL,2018Q2,2018,19,2018-06-04 23:00:00+00:00,2018Q2,2018
103,3313,2018-06-05 23:00:00+00:00,3330,2018-06-06 08:30:00+00:00,SELL,1296.62,1298.6209441234575,1298.6209441234575,1292.6181117530846,0.1,-20.70944123457657,-200.0944123457657,-1.0,SL,2018Q2,2018,17,2018-06-05 23:00:00+00:00,2018Q2,2018
104,3400,2018-06-07 20:30:00+00:00,3400,2018-06-07 20:30:00+00:00,BUY,1298.92,1296.867043122,1296.867043122,1303.025913756,0.1,-21.229568780000317,-205.29568780000318,-1.0,SL,2018Q2,2018,0,2018-06-07 20:30:00+00:00,2018Q2,2018
105,3451,2018-06-08 23:00:00+00:00,3453,2018-06-11 01:00:00+00:00,SELL,1298.34,1299.91,1299.8457095668136,1295.3285808663725,0.1,-16.400000000001636,-157.00000000001637,-1.0408009410747223,SL_GAP_OPEN_PESSIMISTIC,2018Q2,2018,2,2018-06-08 23:00:00+00:00,2018Q2,2018
106,3508,2018-06-12 05:30:00+00:00,3509,2018-06-12 06:00:00+00:00,BUY,1298.92,1297.3630648494552,1297.3630648494552,1302.0338703010898,0.1,-16.269351505448594,-155.69351505448594,-1.0,SL,2018Q2,2018,1,2018-06-12 05:30:00+00:00,2018Q2,2018
107,3550,2018-06-13 03:30:00+00:00,3565,2018-06-13 11:00:00+00:00,SELL,1295.04,1292.2805390132605,1296.4197304933696,1292.2805390132605,0.1,26.89460986739441,275.9460986739441,1.8551454901719908,TP,2018Q2,2018,15,2018-06-13 03:30:00+00:00,2018Q2,2018
108,3608,2018-06-14 09:30:00+00:00,3613,2018-06-14 12:00:00+00:00,BUY,1301.77,1304.8371163609347,1300.2364418195327,1304.8371163609347,0.1,29.971163609347332,306.7116360934733,1.8690412343264142,TP,2018Q2,2018,5,2018-06-14 09:30:00+00:00,2018Q2,2018
109,3673,2018-06-15 19:00:00+00:00,3685,2018-06-18 02:00:00+00:00,SELL,1277.7,1281.0945021459374,1281.0945021459374,1270.9109957081253,0.1,-34.64502145937395,-339.4502145937395,-1.0,SL,2018Q2,2018,12,2018-06-15 19:00:00+00:00,2018Q2,2018
110,3716,2018-06-18 17:30:00+00:00,3732,2018-06-19 02:30:00+00:00,SELL,1279.05,1280.9960905069727,1280.9960905069727,1275.1578189860545,0.1,-20.16090506972723,-194.60905069727232,-1.0,SL,2018Q2,2018,16,2018-06-18 17:30:00+00:00,2018Q2,2018
111,3736,2018-06-19 04:30:00+00:00,3745,2018-06-19 09:00:00+00:00,BUY,1282.81,1281.1813694028785,1281.1813694028785,1286.0672611942427,0.1,-16.986305971214005,-162.86305971214006,-1.0,SL,2018Q2,2018,9,2018-06-19 04:30:00+00:00,2018Q2,2018
112,3782,2018-06-20 04:30:00+00:00,3784,2018-06-20 05:30:00+00:00,BUY,1276.44,1274.5515162260142,1274.5515162260142,1280.2169675479718,0.1,-19.58483773985854,-188.8483773985854,-1.0,SL,2018Q2,2018,2,2018-06-20 04:30:00+00:00,2018Q2,2018
113,3785,2018-06-20 06:00:00+00:00,3805,2018-06-20 16:00:00+00:00,SELL,1274.05,1275.921127496883,1275.921127496883,1270.307745006234,0.1,-19.41127496882991,-187.11274968829912,-1.0,SL,2018Q2,2018,20,2018-06-20 06:00:00+00:00,2018Q2,2018
114,3812,2018-06-20 19:30:00+00:00,3816,2018-06-20 21:30:00+00:00,SELL,1273.11,1269.5242502163019,1274.902874891849,1269.5242502163019,0.1,35.1574978369802,358.574978369802,1.887271012713163,TP,2018Q2,2018,4,2018-06-20 19:30:00+00:00,2018Q2,2018
115,3820,2018-06-20 23:30:00+00:00,3826,2018-06-21 03:30:00+00:00,SELL,1268.07,1269.8236624863282,1269.8236624863282,1264.5626750273436,0.1,-18.236624863282668,-175.36624863282668,-1.0,SL,2018Q2,2018,6,2018-06-20 23:30:00+00:00,2018Q2,2018
116,3836,2018-06-21 08:30:00+00:00,3850,2018-06-21 15:30:00+00:00,SELL,1264.69,1266.3322037884652,1266.3322037884652,1261.4055924230697,0.1,-17.12203788465167,-164.22037884651672,-1.0,SL,2018Q2,2018,14,2018-06-21 08:30:00+00:00,2018Q2,2018
117,3859,2018-06-21 20:00:00+00:00,3866,2018-06-21 23:30:00+00:00,BUY,1268.96,1266.8462743357468,1266.8462743357468,1273.1874513285063,0.1,-21.83725664253252,-211.3725664253252,-1.0,SL,2018Q2,2018,7,2018-06-21 20:00:00+00:00,2018Q2,2018
118,3903,2018-06-22 19:00:00+00:00,3910,2018-06-22 22:30:00+00:00,SELL,1268.45,1270.2821849090851,1270.2821849090851,1264.7856301818297,0.1,-19.02184909085072,-183.2184909085072,-1.0,SL,2018Q2,2018,7,2018-06-22 19:00:00+00:00,2018Q2,2018
119,3911,2018-06-22 23:00:00+00:00,3923,2018-06-25 06:00:00+00:00,BUY,1270.3,1268.7656879057172,1268.7656879057172,1273.3686241885653,0.1,-16.04312094282768,-153.43120942827682,-1.0,SL,2018Q2,2018,12,2018-06-22 23:00:00+00:00,2018Q2,2018
120,3938,2018-06-25 13:30:00+00:00,3940,2018-06-25 14:30:00+00:00,SELL,1267.59,1269.2442524205833,1269.2442524205833,1264.2814951588332,0.1,-17.242524205833615,-165.42524205833615,-1.0,SL,2018Q2,2018,2,2018-06-25 13:30:00+00:00,2018Q2,2018
121,3955,2018-06-25 22:00:00+00:00,3956,2018-06-25 22:30:00+00:00,BUY,1268.1,1266.3773289223393,1266.3773289223393,1271.5453421553211,0.1,-17.92671077660607,-172.2671077660607,-1.0,SL,2018Q2,2018,1,2018-06-25 22:00:00+00:00,2018Q2,2018
122,3982,2018-06-26 12:30:00+00:00,3989,2018-06-26 16:00:00+00:00,SELL,1257.01,1258.8109931198628,1258.8109931198628,1253.4080137602743,0.1,-18.709931198628237,-180.09931198628237,-1.0,SL,2018Q2,2018,7,2018-06-26 12:30:00+00:00,2018Q2,2018
123,3994,2018-06-26 18:30:00+00:00,3997,2018-06-26 20:00:00+00:00,BUY,1260.93,1258.7171189541098,1258.7171189541098,1265.355762091781,0.1,-22.82881045890299,-221.2881045890299,-1.0,SL,2018Q2,2018,3,2018-06-26 18:30:00+00:00,2018Q2,2018
124,4016,2018-06-27 06:30:00+00:00,4018,2018-06-27 07:30:00+00:00,BUY,1255.91,1254.1570041948637,1254.1570041948637,1259.4159916102728,0.1,-18.22995805136379,-175.29958051363792,-1.0,SL,2018Q2,2018,2,2018-06-27 06:30:00+00:00,2018Q2,2018
125,4035,2018-06-27 16:00:00+00:00,4068,2018-06-28 09:30:00+00:00,SELL,1254.94,1250.5194043500092,1257.1502978249955,1250.5194043500092,0.1,43.505956499909004,442.05956499909007,1.9079067665205447,TP,2018Q2,2018,33,2018-06-27 16:00:00+00:00,2018Q2,2018
126,4077,2018-06-28 14:00:00+00:00,4079,2018-06-28 15:00:00+00:00,BUY,1253.02,1251.2758397890268,1251.2758397890268,1256.5083204219463,0.1,-18.141602109731775,-174.41602109731775,-1.0,SL,2018Q2,2018,2,2018-06-28 14:00:00+00:00,2018Q2,2018
127,4080,2018-06-28 15:30:00+00:00,4080,2018-06-28 15:30:00+00:00,SELL,1251.28,1253.0046656281006,1253.0046656281006,1247.830668743799,0.1,-17.94665628100638,-172.4665628100638,-1.0,SL,2018Q2,2018,0,2018-06-28 15:30:00+00:00,2018Q2,2018
128,4099,2018-06-29 02:00:00+00:00,4103,2018-06-29 04:00:00+00:00,BUY,1249.08,1247.4629234758459,1247.4629234758459,1252.314153048308,0.1,-16.87076524154072,-161.7076524154072,-1.0,SL,2018Q2,2018,4,2018-06-29 02:00:00+00:00,2018Q2,2018
129,4133,2018-06-29 19:00:00+00:00,4152,2018-07-02 05:30:00+00:00,BUY,1252.53,1250.749828519771,1250.749828519771,1256.0903429604582,0.1,-18.501714802290007,-178.01714802290007,-1.0,SL,2018Q2,2018,19,2018-06-29 19:00:00+00:00,2018Q2,2018
130,4158,2018-07-02 08:30:00+00:00,4173,2018-07-02 16:00:00+00:00,SELL,1250.44,1247.452732494717,1251.9336337526415,1247.452732494717,0.1,29.172675052829437,298.72675052829436,1.8656974501572101,TP,2018Q3,2018,15,2018-07-02 08:30:00+00:00,2018Q3,2018
131,4272,2018-07-04 19:30:00+00:00,4273,2018-07-05 01:00:00+00:00,BUY,1258.02,1256.04,1256.141885418463,1261.776229163074,0.1,-20.50000000000018,-198.00000000000182,-1.0522994999517523,SL_GAP_OPEN_PESSIMISTIC,2018Q3,2018,1,2018-07-04 19:30:00+00:00,2018Q3,2018
132,4290,2018-07-05 09:30:00+00:00,4291,2018-07-05 10:00:00+00:00,BUY,1255.76,1254.1933652446608,1254.1933652446608,1258.8932695106787,0.1,-16.36634755339237,-156.6634755339237,-1.0,SL,2018Q3,2018,1,2018-07-05 09:30:00+00:00,2018Q3,2018
133,4357,2018-07-06 20:00:00+00:00,4373,2018-07-09 05:00:00+00:00,BUY,1255.47,1259.0822679231615,1253.6638660384192,1259.0822679231615,0.1,35.422679231614254,361.22679231614256,1.8880676943648087,TP,2018Q3,2018,16,2018-07-06 20:00:00+00:00,2018Q3,2018
134,4403,2018-07-09 20:00:00+00:00,4427,2018-07-10 09:00:00+00:00,SELL,1258.93,1255.446133820039,1260.6719330899807,1255.446133820039,0.1,34.13866179961069,348.3866179961069,1.8841016805965665,TP,2018Q3,2018,24,2018-07-09 20:00:00+00:00,2018Q3,2018
135,4437,2018-07-10 14:00:00+00:00,4440,2018-07-10 15:30:00+00:00,SELL,1249.97,1251.866348096419,1251.866348096419,1246.177303807162,0.1,-19.66348096418933,-189.6348096418933,-1.0,SL,2018Q3,2018,3,2018-07-10 14:00:00+00:00,2018Q3,2018
136,4449,2018-07-10 20:00:00+00:00,4451,2018-07-10 21:00:00+00:00,SELL,1254.36,1256.5337706392584,1256.5337706392584,1250.0124587214827,0.1,-22.43770639258464,-217.37706392584641,-1.0,SL,2018Q3,2018,2,2018-07-10 20:00:00+00:00,2018Q3,2018
137,4485,2018-07-11 15:00:00+00:00,4485,2018-07-11 15:00:00+00:00,SELL,1248.7,1250.4664770505422,1250.4664770505422,1245.167045898916,0.1,-18.364770505421074,-176.64770505421075,-1.0,SL,2018Q3,2018,0,2018-07-11 15:00:00+00:00,2018Q3,2018
138,4560,2018-07-13 06:30:00+00:00,4567,2018-07-13 10:00:00+00:00,SELL,1246.11,1243.4554131165723,1247.4372934417136,1243.4554131165723,0.1,25.845868834275553,265.4586883427555,1.8497094499046494,TP,2018Q3,2018,7,2018-07-13 06:30:00+00:00,2018Q3,2018
139,4606,2018-07-16 06:30:00+00:00,4613,2018-07-16 10:00:00+00:00,BUY,1243.87,1242.247617507928,1242.247617507928,1247.1147649841437,0.1,-16.923824920718925,-162.23824920718926,-1.0,SL,2018Q3,2018,7,2018-07-16 06:30:00+00:00,2018Q3,2018
140,4629,2018-07-16 18:00:00+00:00,4652,2018-07-17 06:30:00+00:00,SELL,1239.91,1241.6729546711035,1241.6729546711035,1236.3840906577932,0.1,-18.329546711034435,-176.29546711034436,-1.0,SL,2018Q3,2018,23,2018-07-16 18:00:00+00:00,2018Q3,2018
141,4674,2018-07-17 17:30:00+00:00,4702,2018-07-18 08:30:00+00:00,SELL,1229.7,1224.5869544592101,1232.2565227703951,1224.5869544592101,0.1,50.43045540789926,511.3045540789926,1.9200463813345736,TP,2018Q3,2018,28,2018-07-17 17:30:00+00:00,2018Q3,2018
142,4722,2018-07-18 18:30:00+00:00,4740,2018-07-19 04:30:00+00:00,BUY,1226.07,1224.046742408376,1224.046742408376,1230.1165151832477,0.1,-20.9325759162386,-202.32575916238602,-1.0,SL,2018Q3,2018,18,2018-07-18 18:30:00+00:00,2018Q3,2018
143,4828,2018-07-23 02:30:00+00:00,4840,2018-07-23 08:30:00+00:00,BUY,1232.85,1230.8236066011054,1230.8236066011054,1236.902786797789,0.1,-20.9639339889447,-202.639339889447,-1.0,SL,2018Q3,2018,12,2018-07-23 02:30:00+00:00,2018Q3,2018
144,4867,2018-07-23 22:00:00+00:00,4884,2018-07-24 07:30:00+00:00,SELL,1223.89,1219.4718959839263,1226.099052008037,1219.4718959839263,0.1,43.48104016073812,441.8104016073812,1.9078564248382877,TP,2018Q3,2018,17,2018-07-23 22:00:00+00:00,2018Q3,2018
145,4890,2018-07-24 10:30:00+00:00,4898,2018-07-24 14:30:00+00:00,BUY,1223.36,1227.7117325130978,1221.184133743451,1227.7117325130978,0.1,42.81732513097886,435.1732513097886,1.9064948772494175,TP,2018Q3,2018,8,2018-07-24 10:30:00+00:00,2018Q3,2018
146,4901,2018-07-24 16:00:00+00:00,4901,2018-07-24 16:00:00+00:00,SELL,1225.19,1227.3326561857034,1227.3326561857034,1220.9046876285934,0.1,-22.126561857033447,-214.26561857033448,-1.0,SL,2018Q3,2018,0,2018-07-24 16:00:00+00:00,2018Q3,2018
147,5024,2018-07-27 08:30:00+00:00,5027,2018-07-27 10:00:00+00:00,SELL,1223.22,1224.8096379725175,1224.8096379725175,1220.040724054965,0.1,-16.596379725174938,-158.96379725174938,-1.0,SL,2018Q3,2018,3,2018-07-27 08:30:00+00:00,2018Q3,2018
148,5030,2018-07-27 11:30:00+00:00,5038,2018-07-27 15:30:00+00:00,SELL,1219.78,1221.7563430024093,1221.7563430024093,1215.8273139951812,0.1,-20.46343002409294,-197.6343002409294,-1.0,SL,2018Q3,2018,8,2018-07-27 11:30:00+00:00,2018Q3,2018
149,5048,2018-07-27 20:30:00+00:00,5120,2018-07-31 10:30:00+00:00,SELL,1223.52,1219.036428317259,1225.7617858413705,1219.036428317259,0.1,44.135716827410576,448.3571682741058,1.9091611358448743,TP,2018Q3,2018,72,2018-07-27 20:30:00+00:00,2018Q3,2018
150,5126,2018-07-31 13:30:00+00:00,5127,2018-07-31 14:00:00+00:00,SELL,1217.99,1219.5909533376182,1219.5909533376182,1214.7880933247636,0.1,-16.709533376181934,-160.09533376181935,-1.0,SL,2018Q3,2018,1,2018-07-31 13:30:00+00:00,2018Q3,2018
151,5128,2018-07-31 14:30:00+00:00,5130,2018-07-31 15:30:00+00:00,BUY,1220.69,1219.031142275217,1219.031142275217,1224.0077154495661,0.1,-17.28857724783047,-165.88577247830472,-1.0,SL,2018Q3,2018,2,2018-07-31 14:30:00+00:00,2018Q3,2018
152,5131,2018-07-31 16:00:00+00:00,5131,2018-07-31 16:00:00+00:00,SELL,1219.03,1215.2604770981427,1220.9147614509286,1215.2604770981427,0.1,36.995229018572715,376.9522901857272,1.8925700115989923,TP,2018Q3,2018,0,2018-07-31 16:00:00+00:00,2018Q3,2018
153,5147,2018-08-01 01:00:00+00:00,5178,2018-08-01 16:30:00+00:00,SELL,1223.46,1219.4106798039013,1225.4846600980495,1219.4106798039013,0.1,39.79320196098733,404.93201960987335,1.8997450707177854,TP,2018Q3,2018,31,2018-08-01 01:00:00+00:00,2018Q3,2018
154,5181,2018-08-01 18:00:00+00:00,5182,2018-08-01 18:30:00+00:00,SELL,1217.26,1219.1482656777266,1219.1482656777266,1213.4834686445467,0.1,-19.58265677726622,-188.8265677726622,-1.0,SL,2018Q3,2018,1,2018-08-01 18:00:00+00:00,2018Q3,2018
155,5217,2018-08-02 13:00:00+00:00,5222,2018-08-02 15:30:00+00:00,SELL,1215.71,1217.3340367246433,1217.3340367246433,1212.4619265507135,0.1,-16.94036724643247,-162.4036724643247,-1.0,SL,2018Q3,2018,5,2018-08-02 13:00:00+00:00,2018Q3,2018
156,5223,2018-08-02 16:00:00+00:00,5224,2018-08-02 16:30:00+00:00,BUY,1218.07,1216.06042259824,1216.06042259824,1222.08915480352,0.1,-20.795774017599978,-200.9577401759998,-1.0,SL,2018Q3,2018,1,2018-08-02 16:00:00+00:00,2018Q3,2018
157,5238,2018-08-02 23:30:00+00:00,5245,2018-08-03 04:00:00+00:00,SELL,1208.16,1209.9425677916167,1209.9425677916167,1204.594864416767,0.1,-18.52567791616657,-178.2567791616657,-1.0,SL,2018Q3,2018,7,2018-08-02 23:30:00+00:00,2018Q3,2018
158,5252,2018-08-03 07:30:00+00:00,5264,2018-08-03 13:30:00+00:00,SELL,1207.04,1208.673792255398,1208.673792255398,1203.7724154892041,0.1,-17.037922553980206,-163.37922553980206,-1.0,SL,2018Q3,2018,12,2018-08-03 07:30:00+00:00,2018Q3,2018
159,5272,2018-08-03 17:30:00+00:00,5275,2018-08-03 19:00:00+00:00,BUY,1218.99,1216.560601509882,1216.560601509882,1223.848796980236,0.1,-24.993984901180465,-242.93984901180465,-1.0,SL,2018Q3,2018,3,2018-08-03 17:30:00+00:00,2018Q3,2018
160,5288,2018-08-06 02:30:00+00:00,5301,2018-08-06 09:00:00+00:00,BUY,1214.65,1213.0555517757414,1213.0555517757414,1217.8388964485173,0.1,-16.644482242587127,-159.44482242587128,-1.0,SL,2018Q3,2018,13,2018-08-06 02:30:00+00:00,2018Q3,2018
161,5316,2018-08-06 16:30:00+00:00,5327,2018-08-06 22:00:00+00:00,BUY,1209.91,1208.124230954255,1208.124230954255,1213.4815380914902,0.1,-18.557690457451553,-178.57690457451554,-1.0,SL,2018Q3,2018,11,2018-08-06 16:30:00+00:00,2018Q3,2018
162,5332,2018-08-07 01:30:00+00:00,5347,2018-08-07 09:00:00+00:00,BUY,1208.46,1211.472883937454,1206.9535580312731,1211.472883937454,0.1,29.42883937454035,301.2883937454035,1.8667886264349056,TP,2018Q3,2018,15,2018-08-07 01:30:00+00:00,2018Q3,2018
163,5398,2018-08-08 11:30:00+00:00,5406,2018-08-08 15:30:00+00:00,SELL,1212.76,1209.3823242503431,1214.4488378748285,1209.3823242503431,0.1,33.07675749656873,337.76757496568734,1.880602980521614,TP,2018Q3,2018,8,2018-08-08 11:30:00+00:00,2018Q3,2018
164,5492,2018-08-10 12:30:00+00:00,5496,2018-08-10 14:30:00+00:00,BUY,1210.05,1213.8754463218736,1208.1372768390631,1213.8754463218736,0.1,37.554463218736416,382.5446321873642,1.8940850623337768,TP,2018Q3,2018,4,2018-08-10 12:30:00+00:00,2018Q3,2018
165,5497,2018-08-10 15:00:00+00:00,5497,2018-08-10 15:00:00+00:00,BUY,1213.61,1211.4484883426665,1211.4484883426665,1217.9330233146668,0.1,-22.31511657333449,-216.1511657333449,-1.0,SL,2018Q3,2018,0,2018-08-10 15:00:00+00:00,2018Q3,2018
166,5501,2018-08-10 17:00:00+00:00,5504,2018-08-10 18:30:00+00:00,BUY,1214.99,1212.4777633161937,1212.4777633161937,1220.0144733676125,0.1,-25.8223668380635,-251.223668380635,-1.0,SL,2018Q3,2018,3,2018-08-10 17:00:00+00:00,2018Q3,2018
167,5641,2018-08-15 18:00:00+00:00,5650,2018-08-15 22:30:00+00:00,SELL,1178.93,1173.5102207685413,1181.6398896157293,1173.5102207685413,0.1,53.49779231458733,541.9779231458733,1.9244574321183314,TP,2018Q3,2018,9,2018-08-15 18:00:00+00:00,2018Q3,2018
168,5661,2018-08-16 05:00:00+00:00,5668,2018-08-16 08:30:00+00:00,BUY,1170.12,1177.7502672060714,1166.3048663969641,1177.7502672060714,0.1,75.60267206071494,763.0267206071494,1.945947804771524,TP,2018Q3,2018,7,2018-08-16 05:00:00+00:00,2018Q3,2018
169,5746,2018-08-20 01:30:00+00:00,5749,2018-08-20 03:00:00+00:00,SELL,1182.8,1185.0760312386888,1185.0760312386888,1178.2479375226226,0.1,-23.460312386888017,-227.60312386888017,-1.0,SL,2018Q3,2018,3,2018-08-20 01:30:00+00:00,2018Q3,2018
170,5750,2018-08-20 03:30:00+00:00,5764,2018-08-20 10:30:00+00:00,BUY,1184.23,1188.2562066955534,1182.2168966522233,1188.2562066955534,0.1,39.56206695553355,402.62066955533555,1.899188871150279,TP,2018Q3,2018,14,2018-08-20 03:30:00+00:00,2018Q3,2018
171,5796,2018-08-21 03:30:00+00:00,5806,2018-08-21 08:30:00+00:00,BUY,1192.39,1195.605950416533,1190.7820247917336,1195.605950416533,0.1,31.459504165329054,321.59504165329054,1.8748491640606808,TP,2018Q3,2018,10,2018-08-21 03:30:00+00:00,2018Q3,2018
172,5854,2018-08-22 09:30:00+00:00,5858,2018-08-22 11:30:00+00:00,SELL,1193.34,1194.9280580764625,1194.9280580764625,1190.1638838470749,0.1,-16.5805807646263,-158.80580764626302,-1.0,SL,2018Q3,2018,4,2018-08-22 09:30:00+00:00,2018Q3,2018
173,5859,2018-08-22 12:00:00+00:00,5865,2018-08-22 15:00:00+00:00,BUY,1196.64,1200.212768777087,1194.8536156114567,1200.212768777087,0.1,35.02768777086821,357.27687770868215,1.8868768767416892,TP,2018Q3,2018,6,2018-08-22 12:00:00+00:00,2018Q3,2018
174,5866,2018-08-22 15:30:00+00:00,5866,2018-08-22 15:30:00+00:00,BUY,1201.12,1199.0209248546034,1199.0209248546034,1205.3181502907928,0.1,-21.69075145396455,-209.9075145396455,-1.0,SL,2018Q3,2018,0,2018-08-22 15:30:00+00:00,2018Q3,2018
175,5906,2018-08-23 12:30:00+00:00,5908,2018-08-23 13:30:00+00:00,SELL,1187.06,1189.183363439516,1189.183363439516,1182.8132731209678,0.1,-21.933634395159697,-212.33634395159697,-1.0,SL,2018Q3,2018,2,2018-08-23 12:30:00+00:00,2018Q3,2018
176,5909,2018-08-23 14:00:00+00:00,5913,2018-08-23 16:00:00+00:00,BUY,1190.69,1188.4905951251396,1188.4905951251396,1195.0888097497207,0.1,-22.6940487486042,-219.940487486042,-1.0,SL,2018Q3,2018,4,2018-08-23 14:00:00+00:00,2018Q3,2018
177,5929,2018-08-24 01:00:00+00:00,5934,2018-08-24 03:30:00+00:00,SELL,1184.94,1186.852509453497,1186.852509453497,1181.114981093006,0.1,-19.82509453497023,-191.2509453497023,-1.0,SL,2018Q3,2018,5,2018-08-24 01:00:00+00:00,2018Q3,2018
178,5943,2018-08-24 08:00:00+00:00,5953,2018-08-24 13:00:00+00:00,BUY,1188.22,1191.7912520711923,1186.434373964404,1191.7912520711923,0.1,35.01252071192248,357.1252071192248,1.886830645845871,TP,2018Q3,2018,10,2018-08-24 08:00:00+00:00,2018Q3,2018
179,5962,2018-08-24 17:30:00+00:00,5963,2018-08-24 18:00:00+00:00,BUY,1202.17,1207.3892107321942,1199.560394633903,1207.3892107321942,0.1,51.49210732194142,521.9210732194142,1.921630250985021,TP,2018Q3,2018,1,2018-08-24 17:30:00+00:00,2018Q3,2018
180,5967,2018-08-24 20:00:00+00:00,5967,2018-08-24 20:00:00+00:00,SELL,1205.37,1208.11571308215,1208.11571308215,1199.8785738356999,0.1,-28.157130821501323,-274.57130821501323,-1.0,SL,2018Q3,2018,0,2018-08-24 20:00:00+00:00,2018Q3,2018
181,5971,2018-08-24 22:00:00+00:00,5978,2018-08-27 02:30:00+00:00,SELL,1205.47,1207.9538969788446,1207.9538969788446,1200.5022060423112,0.1,-25.53896978844541,-248.3896978844541,-1.0,SL,2018Q3,2018,7,2018-08-24 22:00:00+00:00,2018Q3,2018
182,5982,2018-08-27 04:30:00+00:00,5985,2018-08-27 06:00:00+00:00,SELL,1205.19,1207.2369215229428,1207.2369215229428,1201.0961569541148,0.1,-21.16921522942739,-204.6921522942739,-1.0,SL,2018Q3,2018,3,2018-08-27 04:30:00+00:00,2018Q3,2018
183,6007,2018-08-27 17:00:00+00:00,6007,2018-08-27 17:00:00+00:00,BUY,1207.4,1211.14442851028,1205.5277857448602,1211.14442851028,0.1,36.74428510279931,374.44285102799313,1.891875986676531,TP,2018Q3,2018,0,2018-08-27 17:00:00+00:00,2018Q3,2018
184,6031,2018-08-28 06:00:00+00:00,6034,2018-08-28 07:30:00+00:00,SELL,1208.18,1209.7258090823527,1209.7258090823527,1205.0883818352947,0.1,-16.158090823526617,-154.58090823526618,-1.0,SL,2018Q3,2018,3,2018-08-28 06:00:00+00:00,2018Q3,2018
185,6076,2018-08-29 05:30:00+00:00,6083,2018-08-29 09:00:00+00:00,BUY,1204.24,1202.346698393084,1202.346698393084,1208.0266032138322,0.1,-19.633016069161112,-189.33016069161113,-1.0,SL,2018Q3,2018,7,2018-08-29 05:30:00+00:00,2018Q3,2018
186,6093,2018-08-29 14:00:00+00:00,6097,2018-08-29 16:00:00+00:00,SELL,1202.83,1204.831266057851,1204.831266057851,1198.8274678842977,0.1,-20.712660578511258,-200.1266057851126,-1.0,SL,2018Q3,2018,4,2018-08-29 14:00:00+00:00,2018Q3,2018
187,6098,2018-08-29 16:30:00+00:00,6098,2018-08-29 16:30:00+00:00,BUY,1206.22,1203.9645701271834,1203.9645701271834,1210.7308597456333,0.1,-23.254298728166486,-225.54298728166486,-1.0,SL,2018Q3,2018,0,2018-08-29 16:30:00+00:00,2018Q3,2018
188,6110,2018-08-29 22:30:00+00:00,6123,2018-08-30 06:00:00+00:00,BUY,1206.24,1204.1878914818053,1204.1878914818053,1210.3442170363896,0.1,-21.221085181947,-205.21085181947,-1.0,SL,2018Q3,2018,13,2018-08-29 22:30:00+00:00,2018Q3,2018
189,6124,2018-08-30 06:30:00+00:00,6128,2018-08-30 08:30:00+00:00,SELL,1203.95,1200.6392824557302,1205.605358772135,1200.6392824557302,0.1,32.407175442698914,331.0717544269892,1.8782861840726834,TP,2018Q3,2018,4,2018-08-30 06:30:00+00:00,2018Q3,2018
190,6134,2018-08-30 11:30:00+00:00,6136,2018-08-30 12:30:00+00:00,SELL,1201.39,1203.3885487647337,1203.3885487647337,1197.3929024705326,0.1,-20.685487647336412,-199.85487647336413,-1.0,SL,2018Q3,2018,2,2018-08-30 11:30:00+00:00,2018Q3,2018
191,6139,2018-08-30 14:00:00+00:00,6144,2018-08-30 16:30:00+00:00,BUY,1204.32,1202.219241821666,1202.219241821666,1208.521516356668,0.1,-21.7075817833399,-210.07581783339901,-1.0,SL,2018Q3,2018,5,2018-08-30 14:00:00+00:00,2018Q3,2018
192,6150,2018-08-30 19:30:00+00:00,6153,2018-08-30 21:00:00+00:00,SELL,1197.74,1200.507407284362,1200.507407284362,1192.205185431276,0.1,-28.374072843619796,-276.74072843619797,-1.0,SL,2018Q3,2018,3,2018-08-30 19:30:00+00:00,2018Q3,2018
193,6177,2018-08-31 10:00:00+00:00,6177,2018-08-31 10:00:00+00:00,SELL,1203.87,1205.6181550603162,1205.6181550603162,1200.3736898793672,0.1,-18.181550603163213,-174.81550603163214,-1.0,SL,2018Q3,2018,0,2018-08-31 10:00:00+00:00,2018Q3,2018
194,6186,2018-08-31 14:30:00+00:00,6195,2018-08-31 19:00:00+00:00,SELL,1203.52,1198.9621727850406,1205.7989136074796,1198.9621727850406,0.1,44.87827214959388,455.78272149593886,1.9105969673252028,TP,2018Q3,2018,9,2018-08-31 14:30:00+00:00,2018Q3,2018
195,6241,2018-09-03 19:00:00+00:00,6259,2018-09-04 09:00:00+00:00,SELL,1200.75,1197.3662649991113,1202.4418675004445,1197.3662649991113,0.1,33.13735000888691,338.37350008886915,1.8808082900971546,TP,2018Q3,2018,18,2018-09-03 19:00:00+00:00,2018Q3,2018
196,6317,2018-09-05 15:00:00+00:00,6318,2018-09-05 15:30:00+00:00,SELL,1193.47,1195.2594957959216,1195.2594957959216,1189.891008408157,0.1,-18.59495795921539,-178.9495795921539,-1.0,SL,2018Q3,2018,1,2018-09-05 15:00:00+00:00,2018Q3,2018
197,6319,2018-09-05 16:00:00+00:00,6355,2018-09-06 11:00:00+00:00,BUY,1196.17,1199.9536713215384,1194.278164339231,1199.9536713215384,0.1,37.136713215383494,378.367132153835,1.8929573948524996,TP,2018Q3,2018,36,2018-09-05 16:00:00+00:00,2018Q3,2018
198,6358,2018-09-06 12:30:00+00:00,6369,2018-09-06 18:00:00+00:00,BUY,1204.37,1202.4138078262313,1202.4138078262313,1208.2823843475371,0.1,-20.261921737686134,-195.61921737686134,-1.0,SL,2018Q3,2018,11,2018-09-06 12:30:00+00:00,2018Q3,2018
199,6370,2018-09-06 18:30:00+00:00,6387,2018-09-07 04:00:00+00:00,SELL,1199.75,1202.702198193405,1202.702198193405,1193.8456036131902,0.1,-30.221981934049108,-295.2198193404911,-1.0,SL,2018Q3,2018,17,2018-09-06 18:30:00+00:00,2018Q3,2018
200,6400,2018-09-07 10:30:00+00:00,6401,2018-09-07 11:00:00+00:00,SELL,1198.83,1200.8966180822424,1200.8966180822424,1194.6967638355152,0.1,-21.366180822424848,-206.6618082242485,-1.0,SL,2018Q3,2018,1,2018-09-07 10:30:00+00:00,2018Q3,2018
201,6422,2018-09-07 21:30:00+00:00,6431,2018-09-10 03:00:00+00:00,BUY,1196.83,1194.3126186473105,1194.3126186473105,1201.864762705379,0.1,-25.873813526894264,-251.73813526894264,-1.0,SL,2018Q3,2018,9,2018-09-07 21:30:00+00:00,2018Q3,2018
202,6477,2018-09-11 03:00:00+00:00,6489,2018-09-11 09:00:00+00:00,SELL,1194.94,1196.412696431729,1196.412696431729,1191.9946071365423,0.1,-15.426964317289912,-147.26964317289912,-1.0,SL,2018Q3,2018,12,2018-09-11 03:00:00+00:00,2018Q3,2018
203,6508,2018-09-11 18:30:00+00:00,6518,2018-09-11 23:30:00+00:00,BUY,1193.62,1198.3894399499618,1191.235280025019,1198.3894399499618,0.1,46.994399499619064,476.94399499619067,1.9144505270905168,TP,2018Q3,2018,10,2018-09-11 18:30:00+00:00,2018Q3,2018
204,6530,2018-09-12 06:30:00+00:00,6535,2018-09-12 09:00:00+00:00,SELL,1193.61,1195.3048123237952,1195.3048123237952,1190.220375352409,0.1,-17.64812323795304,-169.4812323795304,-1.0,SL,2018Q3,2018,5,2018-09-12 06:30:00+00:00,2018Q3,2018
205,6543,2018-09-12 13:00:00+00:00,6545,2018-09-12 14:00:00+00:00,BUY,1197.22,1195.2458341698884,1195.2458341698884,1201.1683316602234,0.1,-20.441658301115876,-197.41658301115876,-1.0,SL,2018Q3,2018,2,2018-09-12 13:00:00+00:00,2018Q3,2018
206,6562,2018-09-12 22:30:00+00:00,6594,2018-09-13 15:30:00+00:00,SELL,1206.64,1209.0933595843305,1209.0933595843305,1201.7332808313395,0.1,-25.233595843304283,-245.33595843304283,-1.0,SL,2018Q3,2018,32,2018-09-12 22:30:00+00:00,2018Q3,2018
207,6622,2018-09-14 06:30:00+00:00,6630,2018-09-14 10:30:00+00:00,BUY,1205.09,1208.2326599946728,1203.5186700026636,1208.2326599946728,0.1,30.726599946728403,314.265999467284,1.872054979595463,TP,2018Q3,2018,8,2018-09-14 06:30:00+00:00,2018Q3,2018
208,6641,2018-09-14 16:00:00+00:00,6643,2018-09-14 17:00:00+00:00,SELL,1201.85,1197.8874701082245,1203.8312649458876,1197.8874701082245,0.1,38.92529891775375,396.25298917753753,1.8976241463000665,TP,2018Q3,2018,2,2018-09-14 16:00:00+00:00,2018Q3,2018
209,6648,2018-09-14 19:30:00+00:00,6681,2018-09-17 13:00:00+00:00,SELL,1195.39,1197.9179164720542,1197.9179164720542,1190.3341670558918,0.1,-25.979164720541302,-252.79164720541303,-1.0,SL,2018Q3,2018,33,2018-09-14 19:30:00+00:00,2018Q3,2018
210,6686,2018-09-17 15:30:00+00:00,6689,2018-09-17 17:00:00+00:00,BUY,1198.76,1202.0689645859993,1197.1055177070002,1202.0689645859993,0.1,32.389645859993195,330.896458599932,1.8782243222486628,TP,2018Q3,2018,3,2018-09-17 15:30:00+00:00,2018Q3,2018
211,6728,2018-09-18 13:30:00+00:00,6728,2018-09-18 13:30:00+00:00,SELL,1198.43,1200.0925289872366,1200.0925289872366,1195.104942025527,0.1,-17.325289872365556,-166.25289872365556,-1.0,SL,2018Q3,2018,0,2018-09-18 13:30:00+00:00,2018Q3,2018
212,6866,2018-09-21 13:30:00+00:00,6870,2018-09-21 15:30:00+00:00,SELL,1205.93,1202.6645883718697,1207.562705814065,1202.6645883718697,0.1,31.954116281303232,326.5411628130323,1.8766668920343805,TP,2018Q3,2018,4,2018-09-21 13:30:00+00:00,2018Q3,2018
213,6942,2018-09-25 05:30:00+00:00,6943,2018-09-25 06:00:00+00:00,SELL,1197.88,1199.2659142364564,1199.2659142364564,1195.1081715270877,0.1,-14.559142364563012,-138.59142364563013,-1.0,SL,2018Q3,2018,1,2018-09-25 05:30:00+00:00,2018Q3,2018
214,7011,2018-09-26 17:00:00+00:00,7011,2018-09-26 17:00:00+00:00,BUY,1196.45,1194.6268284367445,1194.6268284367445,1200.0963431265113,0.1,-18.931715632555278,-182.3171563255528,-1.0,SL,2018Q3,2018,0,2018-09-26 17:00:00+00:00,2018Q3,2018
215,7052,2018-09-27 14:30:00+00:00,7054,2018-09-27 15:30:00+00:00,SELL,1193.82,1190.4976191105663,1195.4811904447167,1190.4976191105663,0.1,32.523808894335886,332.2380889433589,1.8786961881398587,TP,2018Q3,2018,2,2018-09-27 14:30:00+00:00,2018Q3,2018
216,7079,2018-09-28 05:00:00+00:00,7084,2018-09-28 07:30:00+00:00,BUY,1184.63,1182.9922418037886,1182.9922418037886,1187.905516392423,0.1,-17.077581962115072,-163.77581962115073,-1.0,SL,2018Q3,2018,5,2018-09-28 05:00:00+00:00,2018Q3,2018
217,7150,2018-10-01 17:30:00+00:00,7152,2018-10-01 18:30:00+00:00,SELL,1186.34,1188.8522597880944,1188.8522597880944,1181.3154804238109,0.1,-25.82259788094525,-251.2259788094525,-1.0,SL,2018Q4,2018,2,2018-10-01 17:30:00+00:00,2018Q4,2018
218,7162,2018-10-01 23:30:00+00:00,7169,2018-10-02 04:00:00+00:00,SELL,1188.68,1190.6154900945285,1190.6154900945285,1184.8090198109433,0.1,-20.054900945284043,-193.54900945284044,-1.0,SL,2018Q4,2018,7,2018-10-01 23:30:00+00:00,2018Q4,2018
219,7180,2018-10-02 09:30:00+00:00,7181,2018-10-02 10:00:00+00:00,BUY,1193.89,1192.3688523632668,1192.3688523632668,1196.9322952734667,0.1,-15.911476367333034,-152.11476367333034,-1.0,SL,2018Q4,2018,1,2018-10-02 09:30:00+00:00,2018Q4,2018
220,7188,2018-10-02 13:30:00+00:00,7190,2018-10-02 14:30:00+00:00,SELL,1190.44,1192.2337804636254,1192.2337804636254,1186.8524390727493,0.1,-18.63780463625353,-179.37804636253531,-1.0,SL,2018Q4,2018,2,2018-10-02 13:30:00+00:00,2018Q4,2018
221,7233,2018-10-03 13:00:00+00:00,7234,2018-10-03 13:30:00+00:00,BUY,1205.04,1203.197453063158,1203.197453063158,1208.725093873684,0.1,-19.12546936841927,-184.25469368419272,-1.0,SL,2018Q4,2018,1,2018-10-03 13:00:00+00:00,2018Q4,2018
222,7244,2018-10-03 18:30:00+00:00,7275,2018-10-04 11:00:00+00:00,SELL,1198.25,1200.8037965643232,1200.8037965643232,1193.1424068713536,0.1,-26.237965643231927,-255.37965643231928,-1.0,SL,2018Q4,2018,31,2018-10-03 18:30:00+00:00,2018Q4,2018
223,7324,2018-10-05 12:30:00+00:00,7328,2018-10-05 14:30:00+00:00,BUY,1200.15,1203.2968847777488,1198.5765576111257,1203.2968847777488,0.1,30.7688477774871,314.688477774871,1.8722194331717126,TP,2018Q4,2018,4,2018-10-05 12:30:00+00:00,2018Q4,2018
224,7386,2018-10-08 20:30:00+00:00,7387,2018-10-08 21:00:00+00:00,SELL,1184.82,1187.3202264043675,1187.3202264043675,1179.8195471912647,0.1,-25.70226404367595,-250.0226404367595,-1.0,SL,2018Q4,2018,1,2018-10-08 20:30:00+00:00,2018Q4,2018
225,7390,2018-10-08 22:30:00+00:00,7419,2018-10-09 14:00:00+00:00,BUY,1187.85,1185.5790245904013,1185.5790245904013,1192.3919508191973,0.1,-23.40975409598577,-227.09754095985772,-1.0,SL,2018Q4,2018,29,2018-10-08 22:30:00+00:00,2018Q4,2018
226,7454,2018-10-10 08:30:00+00:00,7456,2018-10-10 09:30:00+00:00,BUY,1190.82,1189.4145502186084,1189.4145502186084,1193.6308995627833,0.1,-14.754497813915531,-140.54497813915532,-1.0,SL,2018Q4,2018,2,2018-10-10 08:30:00+00:00,2018Q4,2018
227,7465,2018-10-10 14:00:00+00:00,7466,2018-10-10 14:30:00+00:00,BUY,1189.14,1187.5400274443318,1187.5400274443318,1192.3399451113366,0.1,-16.699725556682733,-159.99725556682733,-1.0,SL,2018Q4,2018,1,2018-10-10 14:00:00+00:00,2018Q4,2018
228,7467,2018-10-10 15:00:00+00:00,7469,2018-10-10 16:00:00+00:00,SELL,1186.25,1188.0717237852446,1188.0717237852446,1182.6065524295109,0.1,-18.917237852445577,-182.17237852445578,-1.0,SL,2018Q4,2018,2,2018-10-10 15:00:00+00:00,2018Q4,2018
229,7477,2018-10-10 20:00:00+00:00,7484,2018-10-10 23:30:00+00:00,BUY,1190.23,1194.4277738748442,1188.131113062578,1194.4277738748442,0.1,41.27773874844188,419.7773874844188,1.9031761423905282,TP,2018Q4,2018,7,2018-10-10 20:00:00+00:00,2018Q4,2018
230,7518,2018-10-11 17:30:00+00:00,7520,2018-10-11 18:30:00+00:00,BUY,1212.94,1220.074678014458,1209.372660992771,1220.074678014458,0.1,70.64678014457904,713.4678014457904,1.9422654859547428,TP,2018Q4,2018,2,2018-10-11 17:30:00+00:00,2018Q4,2018
231,7528,2018-10-11 22:30:00+00:00,7595,2018-10-15 10:00:00+00:00,SELL,1221.6,1225.8369630304958,1225.8369630304958,1213.1260739390082,0.1,-43.06963030495872,-423.6963030495872,-1.0,SL,2018Q4,2018,67,2018-10-11 22:30:00+00:00,2018Q4,2018
232,7599,2018-10-15 12:00:00+00:00,7607,2018-10-15 16:00:00+00:00,BUY,1230.55,1228.4406730707071,1228.4406730707071,1234.7686538585856,0.1,-21.793269292928198,-210.93269292928198,-1.0,SL,2018Q4,2018,8,2018-10-15 12:00:00+00:00,2018Q4,2018
233,7632,2018-10-16 05:30:00+00:00,7641,2018-10-16 10:00:00+00:00,SELL,1226.77,1228.6208035686877,1228.6208035686877,1223.0683928626247,0.1,-19.20803568687752,-185.0803568687752,-1.0,SL,2018Q4,2018,9,2018-10-16 05:30:00+00:00,2018Q4,2018
234,7642,2018-10-16 10:30:00+00:00,7645,2018-10-16 12:00:00+00:00,BUY,1228.56,1226.7477959188138,1226.7477959188138,1232.1844081623724,0.1,-18.822040811861097,-181.22040811861098,-1.0,SL,2018Q4,2018,3,2018-10-16 10:30:00+00:00,2018Q4,2018
235,7652,2018-10-16 15:30:00+00:00,7653,2018-10-16 16:00:00+00:00,BUY,1231.22,1229.195651940267,1229.195651940267,1235.2686961194659,0.1,-20.94348059733029,-202.4348059733029,-1.0,SL,2018Q4,2018,1,2018-10-16 15:30:00+00:00,2018Q4,2018
236,7657,2018-10-16 18:00:00+00:00,7667,2018-10-16 23:00:00+00:00,SELL,1228.74,1223.941626222919,1231.1391868885405,1223.941626222919,0.1,47.283737770809964,479.83737770809967,1.914951759636093,TP,2018Q4,2018,10,2018-10-16 18:00:00+00:00,2018Q4,2018
237,7678,2018-10-17 05:30:00+00:00,7689,2018-10-17 11:00:00+00:00,SELL,1222.87,1224.599956454309,1224.599956454309,1219.410087091382,0.1,-17.999564543091036,-172.99564543091037,-1.0,SL,2018Q4,2018,11,2018-10-17 05:30:00+00:00,2018Q4,2018
238,7702,2018-10-17 17:30:00+00:00,7702,2018-10-17 17:30:00+00:00,BUY,1229.01,1226.735500236938,1226.735500236938,1233.558999526124,0.1,-23.444997630620673,-227.44997630620674,-1.0,SL,2018Q4,2018,0,2018-10-17 17:30:00+00:00,2018Q4,2018
239,7727,2018-10-18 07:00:00+00:00,7729,2018-10-18 08:00:00+00:00,BUY,1223.85,1222.2682424927477,1222.2682424927477,1227.0135150145045,0.1,-16.517575072521776,-158.17575072521777,-1.0,SL,2018Q4,2018,2,2018-10-18 07:00:00+00:00,2018Q4,2018
240,7784,2018-10-19 12:30:00+00:00,7787,2018-10-19 14:00:00+00:00,BUY,1228.33,1226.421374593422,1226.421374593422,1232.147250813156,0.1,-19.786254065780394,-190.86254065780395,-1.0,SL,2018Q4,2018,3,2018-10-19 12:30:00+00:00,2018Q4,2018
241,7818,2018-10-22 06:30:00+00:00,7828,2018-10-22 11:30:00+00:00,SELL,1227.1,1224.190684712995,1228.5546576435022,1224.190684712995,0.1,28.393152870048016,290.93152870048016,1.862264160813583,TP,2018Q4,2018,10,2018-10-22 06:30:00+00:00,2018Q4,2018
242,7860,2018-10-23 04:30:00+00:00,7869,2018-10-23 09:00:00+00:00,BUY,1223.67,1226.4006741019555,1222.3046629490223,1226.4006741019555,0.1,26.60674101955401,273.0674101955401,1.853692901010835,TP,2018Q4,2018,9,2018-10-23 04:30:00+00:00,2018Q4,2018
243,7874,2018-10-23 11:30:00+00:00,7877,2018-10-23 13:00:00+00:00,BUY,1235.91,1234.0385410577753,1234.0385410577753,1239.6529178844496,0.1,-19.414589422247627,-187.14589422247627,-1.0,SL,2018Q4,2018,3,2018-10-23 11:30:00+00:00,2018Q4,2018
244,7906,2018-10-24 04:30:00+00:00,7915,2018-10-24 09:00:00+00:00,BUY,1232.91,1230.882570992787,1230.882570992787,1236.9648580144265,0.1,-20.97429007213186,-202.74290072131862,-1.0,SL,2018Q4,2018,9,2018-10-24 04:30:00+00:00,2018Q4,2018
245,7945,2018-10-25 01:00:00+00:00,7961,2018-10-25 09:00:00+00:00,BUY,1234.33,1238.8018000769453,1232.0940999615273,1238.8018000769453,0.1,44.01800076945328,447.18000769453283,1.9089292699179208,TP,2018Q4,2018,16,2018-10-25 01:00:00+00:00,2018Q4,2018
246,7978,2018-10-25 17:30:00+00:00,7989,2018-10-25 23:00:00+00:00,SELL,1229.17,1231.7769868664689,1231.7769868664689,1223.9560262670625,0.1,-26.769868664687873,-260.69868664687874,-1.0,SL,2018Q4,2018,11,2018-10-25 17:30:00+00:00,2018Q4,2018
247,8020,2018-10-26 15:30:00+00:00,8021,2018-10-26 16:00:00+00:00,SELL,1233.58,1235.636341902572,1235.636341902572,1229.467316194856,0.1,-21.263419025720577,-205.63419025720577,-1.0,SL,2018Q4,2018,1,2018-10-26 15:30:00+00:00,2018Q4,2018
248,8025,2018-10-26 18:00:00+00:00,8025,2018-10-26 18:00:00+00:00,BUY,1243.37,1240.4922514167613,1240.4922514167613,1249.1254971664769,0.1,-29.47748583238599,-287.7748583238599,-1.0,SL,2018Q4,2018,0,2018-10-26 18:00:00+00:00,2018Q4,2018
249,8062,2018-10-29 12:30:00+00:00,8074,2018-10-29 18:30:00+00:00,BUY,1230.59,1228.5322644538612,1228.5322644538612,1234.7054710922775,0.1,-21.277355461387014,-205.77355461387015,-1.0,SL,2018Q4,2018,12,2018-10-29 12:30:00+00:00,2018Q4,2018
250,8112,2018-10-30 14:30:00+00:00,8134,2018-10-31 02:30:00+00:00,BUY,1223.12,1221.0357793389505,1221.0357793389505,1227.2884413220986,0.1,-21.542206610493576,-208.42206610493577,-1.0,SL,2018Q4,2018,22,2018-10-30 14:30:00+00:00,2018Q4,2018
251,8160,2018-10-31 15:30:00+00:00,8164,2018-10-31 17:30:00+00:00,SELL,1214.46,1216.6583393366295,1216.6583393366295,1210.0633213267408,0.1,-22.683393366294876,-219.83393366294877,-1.0,SL,2018Q4,2018,4,2018-10-31 15:30:00+00:00,2018Q4,2018
252,8168,2018-10-31 19:30:00+00:00,8172,2018-10-31 21:30:00+00:00,SELL,1213.34,1215.6794954792044,1215.6794954792044,1208.661009041591,0.1,-24.094954792045154,-233.94954792045155,-1.0,SL,2018Q4,2018,4,2018-10-31 19:30:00+00:00,2018Q4,2018
253,8200,2018-11-01 12:30:00+00:00,8203,2018-11-01 14:00:00+00:00,SELL,1223.53,1225.5352977839766,1225.5352977839766,1219.5194044320467,0.1,-20.7529778397663,-200.529778397663,-1.0,SL,2018Q4,2018,3,2018-11-01 12:30:00+00:00,2018Q4,2018
254,8222,2018-11-02 00:30:00+00:00,8227,2018-11-02 03:00:00+00:00,BUY,1234.04,1231.803926981764,1231.803926981764,1238.512146036472,0.1,-23.060730182358565,-223.60730182358566,-1.0,SL,2018Q4,2018,5,2018-11-02 00:30:00+00:00,2018Q4,2018
255,8228,2018-11-02 03:30:00+00:00,8228,2018-11-02 03:30:00+00:00,BUY,1234.25,1232.2550167226004,1232.2550167226004,1238.2399665547991,0.1,-20.649832773995694,-199.49832773995695,-1.0,SL,2018Q4,2018,0,2018-11-02 03:30:00+00:00,2018Q4,2018
256,8316,2018-11-06 02:30:00+00:00,8330,2018-11-06 09:30:00+00:00,SELL,1230.55,1232.1001411501547,1232.1001411501547,1227.4497176996906,0.1,-16.201411501547863,-155.01411501547864,-1.0,SL,2018Q4,2018,14,2018-11-06 02:30:00+00:00,2018Q4,2018
257,8369,2018-11-07 06:00:00+00:00,8384,2018-11-07 13:30:00+00:00,BUY,1229.71,1235.2960957861467,1226.9169521069266,1235.2960957861467,0.1,55.16095786146643,558.6095786146643,1.926651593740964,TP,2018Q4,2018,15,2018-11-07 06:00:00+00:00,2018Q4,2018
258,8422,2018-11-08 09:30:00+00:00,8422,2018-11-08 09:30:00+00:00,SELL,1223.83,1225.5495821004347,1225.5495821004347,1220.3908357991304,0.1,-17.895821004347635,-171.95821004347636,-1.0,SL,2018Q4,2018,0,2018-11-08 09:30:00+00:00,2018Q4,2018
259,8473,2018-11-09 12:00:00+00:00,8479,2018-11-09 15:00:00+00:00,SELL,1220.11,1216.7193120021668,1221.8053439989164,1216.7193120021668,0.1,33.20687997833083,339.06879978330835,1.8810430147728232,TP,2018Q4,2018,6,2018-11-09 12:00:00+00:00,2018Q4,2018
260,8502,2018-11-12 03:30:00+00:00,8512,2018-11-12 08:30:00+00:00,SELL,1210.15,1206.2056740029511,1212.1221629985246,1206.2056740029511,0.1,38.74325997048963,394.43259970489635,1.8971678557726632,TP,2018Q4,2018,10,2018-11-12 03:30:00+00:00,2018Q4,2018
261,8517,2018-11-12 11:00:00+00:00,8525,2018-11-12 15:00:00+00:00,BUY,1207.27,1205.2220855231997,1205.2220855231997,1211.3658289536006,0.1,-21.17914476800315,-204.79144768003152,-1.0,SL,2018Q4,2018,8,2018-11-12 11:00:00+00:00,2018Q4,2018
262,8570,2018-11-13 14:30:00+00:00,8576,2018-11-13 17:30:00+00:00,BUY,1200.1,1203.8864346647053,1198.2067826676473,1203.8864346647053,0.1,37.16434664705439,378.6434664705439,1.893032729214895,TP,2018Q4,2018,6,2018-11-13 14:30:00+00:00,2018Q4,2018
263,8590,2018-11-14 01:30:00+00:00,8607,2018-11-14 10:00:00+00:00,BUY,1203.15,1201.2272888713853,1201.2272888713853,1206.9954222572296,0.1,-19.927111286147646,-192.27111286147647,-1.0,SL,2018Q4,2018,17,2018-11-14 01:30:00+00:00,2018Q4,2018
264,8610,2018-11-14 11:30:00+00:00,8616,2018-11-14 14:30:00+00:00,SELL,1200.06,1201.7285460832913,1201.7285460832913,1196.7229078334171,0.1,-17.38546083291403,-166.85460832914032,-1.0,SL,2018Q4,2018,6,2018-11-14 11:30:00+00:00,2018Q4,2018
265,8619,2018-11-14 16:00:00+00:00,8619,2018-11-14 16:00:00+00:00,SELL,1198.5,1200.4640326210188,1200.4640326210188,1194.5719347579623,0.1,-20.340326210187595,-196.40326210187595,-1.0,SL,2018Q4,2018,0,2018-11-14 16:00:00+00:00,2018Q4,2018
266,8653,2018-11-15 10:00:00+00:00,8653,2018-11-15 10:00:00+00:00,SELL,1211.86,1213.8477528688247,1213.8477528688247,1207.8844942623505,0.1,-20.577528688248275,-198.77528688248276,-1.0,SL,2018Q4,2018,0,2018-11-15 10:00:00+00:00,2018Q4,2018
267,8734,2018-11-19 04:30:00+00:00,8759,2018-11-19 17:00:00+00:00,SELL,1221.52,1223.2763488317967,1223.2763488317967,1218.0073023364064,0.1,-18.263488317966857,-175.63488317966858,-1.0,SL,2018Q4,2018,25,2018-11-19 04:30:00+00:00,2018Q4,2018
268,8788,2018-11-20 08:30:00+00:00,8794,2018-11-20 11:30:00+00:00,BUY,1224.01,1222.6888075944123,1222.6888075944123,1226.6523848111751,0.1,-13.911924055876806,-132.11924055876807,-1.0,SL,2018Q4,2018,6,2018-11-20 08:30:00+00:00,2018Q4,2018
269,8795,2018-11-20 12:00:00+00:00,8795,2018-11-20 12:00:00+00:00,SELL,1222.03,1223.6377818186586,1223.6377818186586,1218.814436362683,0.1,-16.777818186586227,-160.77818186586228,-1.0,SL,2018Q4,2018,0,2018-11-20 12:00:00+00:00,2018Q4,2018
270,8802,2018-11-20 15:30:00+00:00,8802,2018-11-20 15:30:00+00:00,BUY,1228.2,1226.2855623991697,1226.2855623991697,1232.0288752016609,0.1,-19.84437600830297,-191.4437600830297,-1.0,SL,2018Q4,2018,0,2018-11-20 15:30:00+00:00,2018Q4,2018
271,8828,2018-11-21 05:30:00+00:00,8833,2018-11-21 08:00:00+00:00,SELL,1220.51,1221.9647279917808,1221.9647279917808,1217.6005440164386,0.1,-15.247279917808282,-145.47279917808282,-1.0,SL,2018Q4,2018,5,2018-11-21 05:30:00+00:00,2018Q4,2018
272,8834,2018-11-21 08:30:00+00:00,8837,2018-11-21 10:00:00+00:00,BUY,1221.86,1224.408308372064,1220.5858458139678,1224.408308372064,0.1,24.783083720641844,254.83083720641844,1.8437679232172655,TP,2018Q4,2018,3,2018-11-21 08:30:00+00:00,2018Q4,2018
273,8979,2018-11-26 19:00:00+00:00,9011,2018-11-27 12:00:00+00:00,SELL,1222.07,1223.7825576277796,1223.7825576277796,1218.6448847444406,0.1,-17.82557627779688,-171.2557627779688,-1.0,SL,2018Q4,2018,32,2018-11-26 19:00:00+00:00,2018Q4,2018
274,9033,2018-11-27 23:00:00+00:00,9048,2018-11-28 07:30:00+00:00,BUY,1215.1,1213.015588566444,1213.015588566444,1219.2688228671118,0.1,-21.544114335559424,-208.44114335559425,-1.0,SL,2018Q4,2018,15,2018-11-27 23:00:00+00:00,2018Q4,2018
275,9079,2018-11-28 23:00:00+00:00,9087,2018-11-29 04:00:00+00:00,SELL,1220.13,1222.9134724588448,1222.9134724588448,1214.5630550823107,0.1,-28.534724588446988,-278.3472458844699,-1.0,SL,2018Q4,2018,8,2018-11-28 23:00:00+00:00,2018Q4,2018
276,9138,2018-11-30 06:30:00+00:00,9149,2018-11-30 12:00:00+00:00,SELL,1224.27,1221.4087426763006,1225.7006286618496,1221.4087426763006,0.1,27.912573236994195,286.12573236994194,1.8600586505252155,TP,2018Q4,2018,11,2018-11-30 06:30:00+00:00,2018Q4,2018
277,9180,2018-12-03 04:30:00+00:00,9189,2018-12-03 09:00:00+00:00,BUY,1224.6,1228.0629927767156,1222.8685036116422,1228.0629927767156,0.1,33.929927767157366,346.2992776715737,1.88343024090589,TP,2018Q4,2018,9,2018-12-03 04:30:00+00:00,2018Q4,2018
278,9194,2018-12-03 11:30:00+00:00,9195,2018-12-03 12:00:00+00:00,SELL,1230.07,1231.932415658374,1231.932415658374,1226.3451686832516,0.1,-19.32415658374175,-186.2415658374175,-1.0,SL,2018Q4,2018,1,2018-12-03 11:30:00+00:00,2018Q4,2018
279,9214,2018-12-03 21:30:00+00:00,9224,2018-12-04 03:30:00+00:00,SELL,1231.27,1233.6043498546182,1233.6043498546182,1226.6013002907637,0.1,-24.043498546182672,-233.43498546182673,-1.0,SL,2018Q4,2018,10,2018-12-03 21:30:00+00:00,2018Q4,2018
280,9252,2018-12-04 17:30:00+00:00,9257,2018-12-04 20:00:00+00:00,SELL,1238.76,1240.892294926112,1240.892294926112,1234.495410147776,0.1,-22.02294926112081,-213.22949261120812,-1.0,SL,2018Q4,2018,5,2018-12-04 17:30:00+00:00,2018Q4,2018
281,9342,2018-12-06 16:30:00+00:00,9349,2018-12-06 20:00:00+00:00,BUY,1241.46,1239.227532888342,1239.227532888342,1245.9249342233159,0.1,-23.024671116580247,-223.24671116580248,-1.0,SL,2018Q4,2018,7,2018-12-06 16:30:00+00:00,2018Q4,2018
282,9401,2018-12-07 23:00:00+00:00,9403,2018-12-10 01:00:00+00:00,SELL,1248.37,1250.4774825143288,1250.4774825143288,1244.1550349713423,0.1,-21.774825143289217,-210.74825143289218,-1.0,SL,2018Q4,2018,2,2018-12-07 23:00:00+00:00,2018Q4,2018
283,9432,2018-12-10 15:30:00+00:00,9434,2018-12-10 16:30:00+00:00,SELL,1244.13,1245.93265034441,1245.93265034441,1240.5246993111803,0.1,-18.726503444098125,-180.26503444098125,-1.0,SL,2018Q4,2018,2,2018-12-10 15:30:00+00:00,2018Q4,2018
284,9488,2018-12-11 20:30:00+00:00,9497,2018-12-12 02:00:00+00:00,SELL,1241.86,1243.9626841496447,1243.9626841496447,1237.6546317007105,0.1,-21.726841496448014,-210.26841496448014,-1.0,SL,2018Q4,2018,9,2018-12-11 20:30:00+00:00,2018Q4,2018
285,9500,2018-12-12 03:30:00+00:00,9509,2018-12-12 08:00:00+00:00,BUY,1244.97,1243.3593619001977,1243.3593619001977,1248.1912761996048,0.1,-16.806380998023723,-161.06380998023724,-1.0,SL,2018Q4,2018,9,2018-12-12 03:30:00+00:00,2018Q4,2018
286,9560,2018-12-13 10:30:00+00:00,9560,2018-12-13 10:30:00+00:00,SELL,1244.99,1246.1587381865677,1246.1587381865677,1242.6525236268646,0.1,-12.387381865676797,-116.87381865676798,-1.0,SL,2018Q4,2018,0,2018-12-13 10:30:00+00:00,2018Q4,2018
287,9565,2018-12-13 13:00:00+00:00,9565,2018-12-13 13:00:00+00:00,SELL,1241.48,1242.919341415603,1242.919341415603,1238.601317168794,0.1,-15.093414156029393,-143.93414156029394,-1.0,SL,2018Q4,2018,0,2018-12-13 13:00:00+00:00,2018Q4,2018
288,9622,2018-12-14 18:30:00+00:00,9625,2018-12-14 20:00:00+00:00,BUY,1239.41,1237.5450369235907,1237.5450369235907,1243.139926152819,0.1,-19.34963076409367,-186.49630764093672,-1.0,SL,2018Q4,2018,3,2018-12-14 18:30:00+00:00,2018Q4,2018
289,9762,2018-12-19 19:30:00+00:00,9765,2018-12-19 21:00:00+00:00,SELL,1253.59,1248.931032167919,1255.9194839160405,1248.931032167919,0.1,45.88967832080861,465.89678320808616,1.9124811803920092,TP,2018Q4,2018,3,2018-12-19 19:30:00+00:00,2018Q4,2018
290,9775,2018-12-20 03:00:00+00:00,9790,2018-12-20 10:30:00+00:00,BUY,1244.79,1250.0845257239375,1242.1427371380312,1250.0845257239375,0.1,52.245257239375675,529.4525723937568,1.9227163470493813,TP,2018Q4,2018,15,2018-12-20 03:00:00+00:00,2018Q4,2018
291,9846,2018-12-21 15:30:00+00:00,9847,2018-12-21 16:00:00+00:00,BUY,1261.36,1259.1768605548366,1259.1768605548366,1265.7262788903265,0.1,-22.53139445163306,-218.3139445163306,-1.0,SL,2018Q4,2018,1,2018-12-21 15:30:00+00:00,2018Q4,2018
292,9866,2018-12-24 02:30:00+00:00,9881,2018-12-24 10:00:00+00:00,BUY,1261.0,1265.173033076799,1258.9134834616004,1265.173033076799,0.1,41.030330767989014,417.30330767989017,1.9026207328991427,TP,2018Q4,2018,15,2018-12-24 02:30:00+00:00,2018Q4,2018
293,9885,2018-12-24 12:00:00+00:00,9893,2018-12-24 16:00:00+00:00,SELL,1262.04,1263.8693780780773,1263.8693780780773,1258.3812438438456,0.1,-18.993780780772976,-182.93780780772977,-1.0,SL,2018Q4,2018,8,2018-12-24 12:00:00+00:00,2018Q4,2018
294,9912,2018-12-26 15:30:00+00:00,9919,2018-12-26 19:00:00+00:00,BUY,1275.31,1273.0079108324153,1273.0079108324153,1279.9141783351695,0.1,-23.72089167584654,-230.20891675846542,-1.0,SL,2018Q4,2018,7,2018-12-26 15:30:00+00:00,2018Q4,2018
295,9971,2018-12-27 22:00:00+00:00,9988,2018-12-28 07:30:00+00:00,SELL,1276.01,1278.6653507530993,1278.6653507530993,1270.6992984938013,0.1,-27.253507530993556,-265.53507530993556,-1.0,SL,2018Q4,2018,17,2018-12-27 22:00:00+00:00,2018Q4,2018
296,10034,2018-12-31 07:30:00+00:00,10039,2018-12-31 10:00:00+00:00,BUY,1278.83,1281.514809951441,1277.4875950242792,1281.514809951441,0.1,26.14809951441139,268.4809951441139,1.8513174311828842,TP,2018Q4,2018,5,2018-12-31 07:30:00+00:00,2018Q4,2018
297,10056,2018-12-31 18:30:00+00:00,10057,2019-01-02 09:00:00+00:00,BUY,1281.7,1285.6867370947482,1279.706631452626,1285.6867370947482,0.1,39.1673709474815,398.67370947481504,1.898224677182729,TP,2018Q4,2018,1,2018-12-31 18:30:00+00:00,2018Q4,2018
298,10058,2019-01-02 09:30:00+00:00,10071,2019-01-02 16:00:00+00:00,BUY,1285.46,1283.1783454872132,1283.1783454872132,1290.0233090255736,0.1,-23.51654512786872,-228.16545127868721,-1.0,SL,2019Q1,2019,13,2019-01-02 09:30:00+00:00,2019Q1,2019
299,10074,2019-01-02 17:30:00+00:00,10079,2019-01-02 20:00:00+00:00,BUY,1285.72,1283.0940729040658,1283.0940729040658,1290.9718541918685,0.1,-26.9592709593423,-262.592709593423,-1.0,SL,2019Q1,2019,5,2019-01-02 17:30:00+00:00,2019Q1,2019
300,10129,2019-01-03 22:00:00+00:00,10153,2019-01-04 11:00:00+00:00,BUY,1293.53,1290.928039721951,1290.928039721951,1298.733920556098,0.1,-26.71960278048864,-260.1960278048864,-1.0,SL,2019Q1,2019,24,2019-01-03 22:00:00+00:00,2019Q1,2019
301,10169,2019-01-04 19:00:00+00:00,10197,2019-01-07 10:00:00+00:00,BUY,1285.71,1292.147729370339,1282.4911353148307,1292.147729370339,0.1,63.677293703389566,643.7729370338957,1.9361481787479016,TP,2019Q1,2019,28,2019-01-04 19:00:00+00:00,2019Q1,2019
302,10222,2019-01-07 22:30:00+00:00,10222,2019-01-07 22:30:00+00:00,SELL,1286.73,1288.5973336370466,1288.5973336370466,1282.995332725907,0.1,-19.37333637046613,-186.73336370466131,-1.0,SL,2019Q1,2019,0,2019-01-07 22:30:00+00:00,2019Q1,2019
303,10228,2019-01-08 02:30:00+00:00,10229,2019-01-08 03:00:00+00:00,SELL,1287.77,1289.4318262174852,1289.4318262174852,1284.4463475650296,0.1,-17.318262174852133,-166.18262174852134,-1.0,SL,2019Q1,2019,1,2019-01-08 02:30:00+00:00,2019Q1,2019
304,10242,2019-01-08 09:30:00+00:00,10245,2019-01-08 11:00:00+00:00,SELL,1282.18,1283.948654681504,1283.948654681504,1278.6426906369923,0.1,-18.386546815039036,-176.86546815039037,-1.0,SL,2019Q1,2019,3,2019-01-08 09:30:00+00:00,2019Q1,2019
305,10266,2019-01-08 21:30:00+00:00,10276,2019-01-09 03:30:00+00:00,SELL,1284.21,1286.3450174679604,1286.3450174679604,1279.9399650640792,0.1,-22.05017467960324,-213.50174679603242,-1.0,SL,2019Q1,2019,10,2019-01-08 21:30:00+00:00,2019Q1,2019
306,10315,2019-01-09 23:00:00+00:00,10322,2019-01-10 03:30:00+00:00,BUY,1293.81,1291.4909971505656,1291.4909971505656,1298.4480056988687,0.1,-23.89002849434355,-231.9002849434355,-1.0,SL,2019Q1,2019,7,2019-01-09 23:00:00+00:00,2019Q1,2019
307,10340,2019-01-10 12:30:00+00:00,10340,2019-01-10 12:30:00+00:00,SELL,1291.51,1293.4065485729152,1293.4065485729152,1287.7169028541698,0.1,-19.665485729152078,-189.65485729152078,-1.0,SL,2019Q1,2019,0,2019-01-10 12:30:00+00:00,2019Q1,2019
308,10355,2019-01-10 20:00:00+00:00,10368,2019-01-11 03:30:00+00:00,SELL,1287.83,1289.8345004936193,1289.8345004936193,1283.8209990127614,0.1,-20.74500493619389,-200.4500493619389,-1.0,SL,2019Q1,2019,13,2019-01-10 20:00:00+00:00,2019Q1,2019
309,10374,2019-01-11 06:30:00+00:00,10393,2019-01-11 16:00:00+00:00,BUY,1292.45,1290.9355337502911,1290.9355337502911,1295.4789324994176,0.1,-15.844662497089029,-151.4466249708903,-1.0,SL,2019Q1,2019,19,2019-01-11 06:30:00+00:00,2019Q1,2019
310,10412,2019-01-14 02:30:00+00:00,10414,2019-01-14 03:30:00+00:00,BUY,1289.08,1292.1381316006866,1287.5509341996565,1292.1381316006866,0.1,29.88131600686693,305.8131600686693,1.8686733216637355,TP,2019Q1,2019,2,2019-01-14 02:30:00+00:00,2019Q1,2019
311,10417,2019-01-14 05:00:00+00:00,10422,2019-01-14 07:30:00+00:00,SELL,1290.16,1291.8340533440437,1291.8340533440437,1286.811893311913,0.1,-17.440533440436138,-167.40533440436138,-1.0,SL,2019Q1,2019,5,2019-01-14 05:00:00+00:00,2019Q1,2019
312,10484,2019-01-15 15:30:00+00:00,10484,2019-01-15 15:30:00+00:00,SELL,1288.23,1289.9031939232264,1289.9031939232264,1284.8836121535473,0.1,-17.431939232263357,-167.31939232263358,-1.0,SL,2019Q1,2019,0,2019-01-15 15:30:00+00:00,2019Q1,2019
313,10512,2019-01-16 06:30:00+00:00,10526,2019-01-16 13:30:00+00:00,BUY,1289.93,1288.4351772261368,1288.4351772261368,1292.9196455477268,0.1,-15.64822773863234,-149.4822773863234,-1.0,SL,2019Q1,2019,14,2019-01-16 06:30:00+00:00,2019Q1,2019
314,10530,2019-01-16 15:30:00+00:00,10534,2019-01-16 17:30:00+00:00,BUY,1290.94,1294.0068720862212,1289.4065639568896,1294.0068720862212,0.1,29.968720862211104,306.68720862211103,1.8690312589004787,TP,2019Q1,2019,4,2019-01-16 15:30:00+00:00,2019Q1,2019
315,10552,2019-01-17 03:30:00+00:00,10554,2019-01-17 04:30:00+00:00,BUY,1294.99,1293.6147613133928,1293.6147613133928,1297.7404773732146,0.1,-14.452386866071901,-137.52386866071902,-1.0,SL,2019Q1,2019,2,2019-01-17 03:30:00+00:00,2019Q1,2019
316,10564,2019-01-17 09:30:00+00:00,10564,2019-01-17 09:30:00+00:00,SELL,1291.7,1292.999238172367,1292.999238172367,1289.1015236552662,0.1,-13.692381723670405,-129.92381723670405,-1.0,SL,2019Q1,2019,0,2019-01-17 09:30:00+00:00,2019Q1,2019
317,10596,2019-01-18 02:30:00+00:00,10601,2019-01-18 05:00:00+00:00,SELL,1290.71,1292.2561310098108,1292.2561310098108,1287.6177379803785,0.1,-16.161310098107787,-154.61310098107788,-1.0,SL,2019Q1,2019,5,2019-01-18 02:30:00+00:00,2019Q1,2019
318,10602,2019-01-18 05:30:00+00:00,10609,2019-01-18 09:00:00+00:00,BUY,1292.07,1290.6214676221969,1290.6214676221969,1294.967064755606,0.1,-15.18532377803076,-144.8532377803076,-1.0,SL,2019Q1,2019,7,2019-01-18 05:30:00+00:00,2019Q1,2019
319,10651,2019-01-21 07:00:00+00:00,10653,2019-01-21 08:00:00+00:00,SELL,1281.28,1282.5181963816083,1282.5181963816083,1278.8036072367834,0.1,-13.081963816083043,-123.81963816083044,-1.0,SL,2019Q1,2019,2,2019-01-21 07:00:00+00:00,2019Q1,2019
320,10669,2019-01-21 16:00:00+00:00,10688,2019-01-22 06:30:00+00:00,BUY,1279.19,1277.6265772189327,1277.6265772189327,1282.3168455621349,0.1,-16.33422781067402,-156.3422781067402,-1.0,SL,2019Q1,2019,19,2019-01-21 16:00:00+00:00,2019Q1,2019
321,10691,2019-01-22 08:00:00+00:00,10695,2019-01-22 10:00:00+00:00,BUY,1279.33,1281.8877834346056,1278.051108282697,1281.8877834346056,0.1,24.877834346056535,255.77834346056534,1.84431663616401,TP,2019Q1,2019,4,2019-01-22 08:00:00+00:00,2019Q1,2019
322,10696,2019-01-22 10:30:00+00:00,10705,2019-01-22 15:00:00+00:00,BUY,1283.39,1281.7852108544942,1281.7852108544942,1286.5995782910118,0.1,-16.74789145505947,-160.4789145505947,-1.0,SL,2019Q1,2019,9,2019-01-22 10:30:00+00:00,2019Q1,2019
323,10796,2019-01-24 14:30:00+00:00,10797,2019-01-24 15:00:00+00:00,SELL,1278.82,1280.153523945156,1280.153523945156,1276.1529521096877,0.1,-14.035239451560027,-133.35239451560028,-1.0,SL,2019Q1,2019,1,2019-01-24 14:30:00+00:00,2019Q1,2019
324,10820,2019-01-25 03:30:00+00:00,10822,2019-01-25 04:30:00+00:00,SELL,1280.43,1281.9071251540367,1281.9071251540367,1277.4757496919265,0.1,-15.471251540366847,-147.71251540366848,-1.0,SL,2019Q1,2019,2,2019-01-25 03:30:00+00:00,2019Q1,2019
325,10850,2019-01-25 18:30:00+00:00,10851,2019-01-25 19:00:00+00:00,BUY,1300.05,1297.5062777327394,1297.5062777327394,1305.137444534521,0.1,-26.137222672605912,-254.37222672605913,-1.0,SL,2019Q1,2019,1,2019-01-25 18:30:00+00:00,2019Q1,2019
326,10897,2019-01-28 19:00:00+00:00,10924,2019-01-29 09:30:00+00:00,BUY,1303.48,1307.2527459619196,1301.5936270190402,1307.2527459619196,0.1,37.02745961919554,377.2745961919554,1.8926585052830895,TP,2019Q1,2019,27,2019-01-28 19:00:00+00:00,2019Q1,2019
327,10935,2019-01-29 15:00:00+00:00,10938,2019-01-29 16:30:00+00:00,BUY,1308.92,1307.2757532000303,1307.2757532000303,1312.2084935999394,0.1,-17.142467999697782,-164.42467999697783,-1.0,SL,2019Q1,2019,3,2019-01-29 15:00:00+00:00,2019Q1,2019
328,10946,2019-01-29 20:30:00+00:00,10964,2019-01-30 06:30:00+00:00,BUY,1310.34,1314.262744342576,1308.3786278287118,1314.262744342576,0.1,38.52744342576152,392.2744342576152,1.89662160239852,TP,2019Q1,2019,18,2019-01-29 20:30:00+00:00,2019Q1,2019
329,11016,2019-01-31 09:30:00+00:00,11028,2019-01-31 15:30:00+00:00,BUY,1321.67,1325.2897908251346,1319.860104587433,1325.2897908251346,0.1,35.49790825134487,361.9790825134487,1.8882916578252602,TP,2019Q1,2019,12,2019-01-31 09:30:00+00:00,2019Q1,2019
330,11029,2019-01-31 16:00:00+00:00,11030,2019-01-31 16:30:00+00:00,BUY,1325.43,1323.5188246044052,1323.5188246044052,1329.2523507911899,0.1,-19.811753955949097,-191.11753955949098,-1.0,SL,2019Q1,2019,1,2019-01-31 16:00:00+00:00,2019Q1,2019
331,11068,2019-02-01 12:30:00+00:00,11074,2019-02-01 15:30:00+00:00,BUY,1320.79,1319.2864915377963,1319.2864915377963,1323.7970169244072,0.1,-15.735084622036265,-150.35084622036266,-1.0,SL,2019Q1,2019,6,2019-02-01 12:30:00+00:00,2019Q1,2019
332,11112,2019-02-04 11:30:00+00:00,11120,2019-02-04 15:30:00+00:00,SELL,1310.52,1312.0964885546114,1312.0964885546114,1307.367022890777,0.1,-16.464885546113873,-157.64885546113874,-1.0,SL,2019Q1,2019,8,2019-02-04 11:30:00+00:00,2019Q1,2019
333,11134,2019-02-04 22:30:00+00:00,11144,2019-02-05 04:30:00+00:00,SELL,1312.93,1314.6200673201208,1314.6200673201208,1309.5498653597588,0.1,-17.60067320120761,-169.0067320120761,-1.0,SL,2019Q1,2019,10,2019-02-04 22:30:00+00:00,2019Q1,2019
334,11169,2019-02-05 17:00:00+00:00,11169,2019-02-05 17:00:00+00:00,SELL,1314.0,1315.6877187561006,1315.6877187561006,1310.6245624877988,0.1,-17.57718756100594,-168.7718756100594,-1.0,SL,2019Q1,2019,0,2019-02-05 17:00:00+00:00,2019Q1,2019
335,11181,2019-02-05 23:00:00+00:00,11188,2019-02-06 03:30:00+00:00,BUY,1315.41,1313.8280679471427,1313.8280679471427,1318.5738641057148,0.1,-16.519320528573825,-158.19320528573826,-1.0,SL,2019Q1,2019,7,2019-02-05 23:00:00+00:00,2019Q1,2019
336,11224,2019-02-06 21:30:00+00:00,11234,2019-02-07 03:30:00+00:00,SELL,1307.25,1303.6814202303106,1309.0342898848448,1303.6814202303106,0.1,34.985797696894494,356.85797696894497,1.8867490990936406,TP,2019Q1,2019,10,2019-02-06 21:30:00+00:00,2019Q1,2019
337,11238,2019-02-07 05:30:00+00:00,11244,2019-02-07 08:30:00+00:00,SELL,1303.52,1305.1811581433876,1305.1811581433876,1300.1976837132247,0.1,-17.31158143387638,-166.1158143387638,-1.0,SL,2019Q1,2019,6,2019-02-07 05:30:00+00:00,2019Q1,2019
338,11248,2019-02-07 10:30:00+00:00,11248,2019-02-07 10:30:00+00:00,SELL,1303.54,1304.8977595805839,1304.8977595805839,1300.8244808388324,0.1,-14.277595805838882,-135.77595805838882,-1.0,SL,2019Q1,2019,0,2019-02-07 10:30:00+00:00,2019Q1,2019
339,11262,2019-02-07 17:30:00+00:00,11262,2019-02-07 17:30:00+00:00,SELL,1307.13,1309.1313399718624,1309.1313399718624,1303.1273200562757,0.1,-20.713399718623076,-200.13399718623077,-1.0,SL,2019Q1,2019,0,2019-02-07 17:30:00+00:00,2019Q1,2019
340,11303,2019-02-08 15:00:00+00:00,11306,2019-02-08 16:30:00+00:00,BUY,1313.56,1312.2074512000036,1312.2074512000036,1316.2650975999925,0.1,-14.225487999963843,-135.25487999963843,-1.0,SL,2019Q1,2019,3,2019-02-08 15:00:00+00:00,2019Q1,2019
341,11317,2019-02-08 22:00:00+00:00,11319,2019-02-08 23:00:00+00:00,BUY,1315.29,1313.7776085721248,1313.7776085721248,1318.31478285575,0.1,-15.823914278751726,-151.23914278751727,-1.0,SL,2019Q1,2019,2,2019-02-08 22:00:00+00:00,2019Q1,2019
342,11332,2019-02-11 06:30:00+00:00,11336,2019-02-11 08:30:00+00:00,SELL,1310.87,1312.1619211504606,1312.1619211504606,1308.2861576990788,0.1,-13.619211504606664,-129.19211504606665,-1.0,SL,2019Q1,2019,4,2019-02-11 06:30:00+00:00,2019Q1,2019
343,11370,2019-02-12 02:30:00+00:00,11371,2019-02-12 03:00:00+00:00,SELL,1307.04,1308.4231731637997,1308.4231731637997,1304.2736536724003,0.1,-14.531731637997108,-138.3173163799711,-1.0,SL,2019Q1,2019,1,2019-02-12 02:30:00+00:00,2019Q1,2019
344,11441,2019-02-13 15:00:00+00:00,11442,2019-02-13 15:30:00+00:00,SELL,1309.09,1310.431304759152,1310.431304759152,1306.4073904816958,0.1,-14.113047591520807,-134.13047591520808,-1.0,SL,2019Q1,2019,1,2019-02-13 15:00:00+00:00,2019Q1,2019
345,11445,2019-02-13 17:00:00+00:00,11445,2019-02-13 17:00:00+00:00,BUY,1313.45,1317.1292960082333,1311.6103519958835,1317.1292960082333,0.1,36.092960082332226,367.9296008233223,1.890032089920713,TP,2019Q1,2019,0,2019-02-13 17:00:00+00:00,2019Q1,2019
346,11450,2019-02-13 19:30:00+00:00,11454,2019-02-13 21:30:00+00:00,SELL,1311.1,1306.2926081714743,1313.5036959142626,1306.2926081714743,0.1,47.37391828525624,480.7391828525624,1.9151067846338887,TP,2019Q1,2019,4,2019-02-13 19:30:00+00:00,2019Q1,2019
347,11489,2019-02-14 16:00:00+00:00,11491,2019-02-14 17:00:00+00:00,BUY,1311.35,1309.1192065673022,1309.1192065673022,1315.8115868653954,0.1,-23.007934326977374,-223.07934326977374,-1.0,SL,2019Q1,2019,2,2019-02-14 16:00:00+00:00,2019Q1,2019
348,11497,2019-02-14 20:00:00+00:00,11497,2019-02-14 20:00:00+00:00,BUY,1314.17,1311.704778997037,1311.704778997037,1319.100442005926,0.1,-25.352210029630623,-246.52210029630623,-1.0,SL,2019Q1,2019,0,2019-02-14 20:00:00+00:00,2019Q1,2019
349,11508,2019-02-15 02:30:00+00:00,11528,2019-02-15 12:30:00+00:00,BUY,1313.11,1316.9033344468603,1311.2133327765698,1316.9033344468603,0.1,37.23334446860399,379.3334446860399,1.8932203692124845,TP,2019Q1,2019,20,2019-02-15 02:30:00+00:00,2019Q1,2019
350,11548,2019-02-15 22:30:00+00:00,11551,2019-02-18 01:00:00+00:00,BUY,1322.21,1320.353293561394,1320.353293561394,1325.9234128772123,0.1,-19.267064386061246,-185.67064386061247,-1.0,SL,2019Q1,2019,3,2019-02-15 22:30:00+00:00,2019Q1,2019
351,11610,2019-02-19 11:30:00+00:00,11619,2019-02-19 16:00:00+00:00,BUY,1329.69,1332.8282816809954,1328.1208591595023,1332.8282816809954,0.1,30.682816809953056,313.82816809953056,1.8718841024445128,TP,2019Q1,2019,9,2019-02-19 11:30:00+00:00,2019Q1,2019
352,11626,2019-02-19 19:30:00+00:00,11640,2019-02-20 03:30:00+00:00,BUY,1339.69,1344.1451680034356,1337.4624159982823,1344.1451680034356,0.1,43.85168003435574,445.5168003435574,1.908599642127124,TP,2019Q1,2019,14,2019-02-19 19:30:00+00:00,2019Q1,2019
353,11766,2019-02-22 20:30:00+00:00,11801,2019-02-25 15:00:00+00:00,SELL,1330.32,1325.5015963591993,1332.7292018204002,1325.5015963591993,0.1,47.48403640800625,481.8403640800625,1.9152953187304083,TP,2019Q1,2019,35,2019-02-22 20:30:00+00:00,2019Q1,2019
354,11817,2019-02-25 23:00:00+00:00,11826,2019-02-26 04:30:00+00:00,SELL,1326.92,1328.9401125503655,1328.9401125503655,1322.8797748992695,0.1,-20.90112550365411,-202.01125503654112,-1.0,SL,2019Q1,2019,9,2019-02-25 23:00:00+00:00,2019Q1,2019
355,11906,2019-02-27 21:30:00+00:00,11907,2019-02-27 22:00:00+00:00,SELL,1318.31,1320.4176664362874,1320.4176664362874,1314.0946671274248,0.1,-21.776664362874453,-210.76664362874453,-1.0,SL,2019Q1,2019,1,2019-02-27 21:30:00+00:00,2019Q1,2019
356,11936,2019-02-28 13:30:00+00:00,11937,2019-02-28 14:00:00+00:00,BUY,1326.92,1325.2437321228615,1325.2437321228615,1330.2725357542772,0.1,-17.462678771385708,-167.62678771385708,-1.0,SL,2019Q1,2019,1,2019-02-28 13:30:00+00:00,2019Q1,2019
357,11976,2019-03-01 10:30:00+00:00,11979,2019-03-01 12:00:00+00:00,SELL,1307.8,1309.5257098812517,1309.5257098812517,1304.3485802374964,0.1,-17.957098812517597,-172.57098812517597,-1.0,SL,2019Q1,2019,3,2019-03-01 10:30:00+00:00,2019Q1,2019
358,11996,2019-03-01 20:30:00+00:00,12000,2019-03-01 22:30:00+00:00,SELL,1297.77,1291.8438669034992,1300.7330665482505,1291.8438669034992,0.1,58.56133096500734,592.6133096500735,1.9307631413094584,TP,2019Q1,2019,4,2019-03-01 20:30:00+00:00,2019Q1,2019
359,12001,2019-03-01 23:00:00+00:00,12002,2019-03-01 23:30:00+00:00,SELL,1290.17,1293.2823582350352,1293.2823582350352,1283.9452835299298,0.1,-31.82358235035117,-311.2358235035117,-1.0,SL,2019Q1,2019,1,2019-03-01 23:00:00+00:00,2019Q1,2019
360,12029,2019-03-04 14:00:00+00:00,12029,2019-03-04 14:00:00+00:00,SELL,1286.12,1288.2421748943855,1288.2421748943855,1281.8756502112287,0.1,-21.9217489438558,-212.217489438558,-1.0,SL,2019Q1,2019,0,2019-03-04 14:00:00+00:00,2019Q1,2019
361,12038,2019-03-04 18:30:00+00:00,12067,2019-03-05 10:00:00+00:00,BUY,1286.96,1284.2304568199688,1284.2304568199688,1292.4190863600622,0.1,-27.995431800312144,-272.95431800312144,-1.0,SL,2019Q1,2019,29,2019-03-04 18:30:00+00:00,2019Q1,2019
362,12100,2019-03-06 03:30:00+00:00,12109,2019-03-06 08:00:00+00:00,SELL,1287.26,1289.0493962542075,1289.0493962542075,1283.6812074915847,0.1,-18.593962542075314,-178.93962542075315,-1.0,SL,2019Q1,2019,9,2019-03-06 03:30:00+00:00,2019Q1,2019
363,12122,2019-03-06 14:30:00+00:00,12124,2019-03-06 15:30:00+00:00,BUY,1286.74,1285.1319605582005,1285.1319605582005,1289.9560788835993,0.1,-16.780394417995193,-160.80394417995194,-1.0,SL,2019Q1,2019,2,2019-03-06 14:30:00+00:00,2019Q1,2019
364,12141,2019-03-07 01:00:00+00:00,12143,2019-03-07 02:00:00+00:00,SELL,1286.19,1287.8616796843785,1287.8616796843785,1282.8466406312432,0.1,-17.416796843784322,-167.16796843784323,-1.0,SL,2019Q1,2019,2,2019-03-07 01:00:00+00:00,2019Q1,2019
365,12152,2019-03-07 06:30:00+00:00,12159,2019-03-07 10:00:00+00:00,SELL,1286.1,1283.4540702214008,1287.4229648892995,1283.4540702214008,0.1,25.759297785991112,264.5929778599111,1.8492424312966014,TP,2019Q1,2019,7,2019-03-07 06:30:00+00:00,2019Q1,2019
366,12177,2019-03-07 19:00:00+00:00,12194,2019-03-08 04:30:00+00:00,SELL,1284.88,1287.2026864396255,1287.2026864396255,1280.234627120749,0.1,-23.92686439625386,-232.2686439625386,-1.0,SL,2019Q1,2019,17,2019-03-07 19:00:00+00:00,2019Q1,2019
367,12222,2019-03-08 18:30:00+00:00,12234,2019-03-11 00:30:00+00:00,BUY,1299.39,1296.789381703547,1296.789381703547,1304.5912365929062,0.1,-26.70618296453149,-260.0618296453149,-1.0,SL,2019Q1,2019,12,2019-03-08 18:30:00+00:00,2019Q1,2019
368,12246,2019-03-11 06:30:00+00:00,12252,2019-03-11 09:30:00+00:00,BUY,1297.7,1296.1762255781412,1296.1762255781412,1300.7475488437178,0.1,-15.937744218588886,-152.37744218588887,-1.0,SL,2019Q1,2019,6,2019-03-11 06:30:00+00:00,2019Q1,2019
369,12260,2019-03-11 13:30:00+00:00,12263,2019-03-11 15:00:00+00:00,SELL,1294.81,1296.3799864108673,1296.3799864108673,1291.670027178265,0.1,-16.399864108673864,-156.99864108673864,-1.0,SL,2019Q1,2019,3,2019-03-11 13:30:00+00:00,2019Q1,2019
370,12285,2019-03-12 03:00:00+00:00,12289,2019-03-12 05:00:00+00:00,BUY,1293.5,1296.28226215441,1292.108868922795,1296.28226215441,0.1,27.122621544100912,278.2262154410091,1.8562757282517715,TP,2019Q1,2019,4,2019-03-12 03:00:00+00:00,2019Q1,2019
371,12298,2019-03-12 09:30:00+00:00,12299,2019-03-12 10:00:00+00:00,SELL,1295.03,1296.3471926485165,1296.3471926485165,1292.3956147029667,0.1,-13.871926485165385,-131.71926485165386,-1.0,SL,2019Q1,2019,1,2019-03-12 09:30:00+00:00,2019Q1,2019
372,12302,2019-03-12 11:30:00+00:00,12305,2019-03-12 13:00:00+00:00,BUY,1296.73,1295.3169071029185,1295.3169071029185,1299.556185794163,0.1,-14.830928970814693,-141.30928970814693,-1.0,SL,2019Q1,2019,3,2019-03-12 11:30:00+00:00,2019Q1,2019
373,12340,2019-03-13 07:30:00+00:00,12345,2019-03-13 10:00:00+00:00,SELL,1304.35,1305.657133904663,1305.657133904663,1301.7357321906736,0.1,-13.771339046630327,-130.71339046630328,-1.0,SL,2019Q1,2019,5,2019-03-13 07:30:00+00:00,2019Q1,2019
374,12359,2019-03-13 17:00:00+00:00,12360,2019-03-13 17:30:00+00:00,SELL,1306.64,1308.3117382291139,1308.3117382291139,1303.2965235417726,0.1,-17.41738229113771,-167.1738229113771,-1.0,SL,2019Q1,2019,1,2019-03-13 17:00:00+00:00,2019Q1,2019
375,12364,2019-03-13 19:30:00+00:00,12377,2019-03-14 03:00:00+00:00,BUY,1309.36,1307.6884579578034,1307.6884579578034,1312.7030840843931,0.1,-17.415420421965063,-167.15420421965064,-1.0,SL,2019Q1,2019,13,2019-03-13 19:30:00+00:00,2019Q1,2019
376,12381,2019-03-14 05:00:00+00:00,12389,2019-03-14 09:00:00+00:00,SELL,1305.28,1302.20257562649,1306.818712186755,1302.20257562649,0.1,30.074243735099845,307.74243735099844,1.869460801174385,TP,2019Q1,2019,8,2019-03-14 05:00:00+00:00,2019Q1,2019
377,12412,2019-03-14 20:30:00+00:00,12422,2019-03-15 02:30:00+00:00,BUY,1296.83,1294.8027100890552,1294.8027100890552,1300.8845798218895,0.1,-20.972899109447734,-202.72899109447735,-1.0,SL,2019Q1,2019,10,2019-03-14 20:30:00+00:00,2019Q1,2019
378,12436,2019-03-15 09:30:00+00:00,12447,2019-03-15 15:00:00+00:00,BUY,1303.04,1301.0518796173312,1301.0518796173312,1307.0162407653374,0.1,-20.581203826687396,-198.81203826687397,-1.0,SL,2019Q1,2019,11,2019-03-15 09:30:00+00:00,2019Q1,2019
379,12452,2019-03-15 17:30:00+00:00,12485,2019-03-18 11:00:00+00:00,SELL,1302.61,1304.7678138723195,1304.7678138723195,1298.294372255361,0.1,-22.278138723195934,-215.78138723195934,-1.0,SL,2019Q1,2019,33,2019-03-15 17:30:00+00:00,2019Q1,2019
380,12501,2019-03-18 19:00:00+00:00,12513,2019-03-19 02:00:00+00:00,SELL,1302.9,1304.7022524792142,1304.7022524792142,1299.2954950415722,0.1,-18.722524792140756,-180.22524792140757,-1.0,SL,2019Q1,2019,12,2019-03-18 19:00:00+00:00,2019Q1,2019
381,12516,2019-03-19 03:30:00+00:00,12528,2019-03-19 09:30:00+00:00,BUY,1306.07,1304.562306175025,1304.562306175025,1309.0853876499498,0.1,-15.776938249749218,-150.7693824974922,-1.0,SL,2019Q1,2019,12,2019-03-19 03:30:00+00:00,2019Q1,2019
382,12577,2019-03-20 11:00:00+00:00,12578,2019-03-20 11:30:00+00:00,SELL,1302.05,1303.4103509228698,1303.4103509228698,1299.32929815426,0.1,-14.30350922869884,-136.0350922869884,-1.0,SL,2019Q1,2019,1,2019-03-20 11:00:00+00:00,2019Q1,2019
383,12591,2019-03-20 18:00:00+00:00,12594,2019-03-20 19:30:00+00:00,SELL,1300.46,1302.7297208920395,1302.7297208920395,1295.920558215921,0.1,-23.397208920394586,-226.97208920394587,-1.0,SL,2019Q1,2019,3,2019-03-20 18:00:00+00:00,2019Q1,2019
384,12604,2019-03-21 01:30:00+00:00,12633,2019-03-21 16:00:00+00:00,BUY,1314.95,1312.165194826512,1312.165194826512,1320.5196103469762,0.1,-28.54805173487939,-278.4805173487939,-1.0,SL,2019Q1,2019,29,2019-03-21 01:30:00+00:00,2019Q1,2019
385,12638,2019-03-21 18:30:00+00:00,12639,2019-03-21 19:00:00+00:00,SELL,1304.12,1307.170879613139,1307.170879613139,1298.0182407737216,0.1,-31.20879613139159,-305.0879613139159,-1.0,SL,2019Q1,2019,1,2019-03-21 18:30:00+00:00,2019Q1,2019
386,12655,2019-03-22 04:00:00+00:00,12660,2019-03-22 06:30:00+00:00,BUY,1310.17,1308.0834419449081,1308.0834419449081,1314.3431161101837,0.1,-21.565580550919275,-208.65580550919276,-1.0,SL,2019Q1,2019,5,2019-03-22 04:00:00+00:00,2019Q1,2019
387,12682,2019-03-22 17:30:00+00:00,12693,2019-03-25 00:00:00+00:00,SELL,1311.58,1314.1252097430943,1314.1252097430943,1306.4895805138112,0.1,-26.152097430943467,-254.52097430943468,-1.0,SL,2019Q1,2019,11,2019-03-22 17:30:00+00:00,2019Q1,2019
388,12702,2019-03-25 04:30:00+00:00,12722,2019-03-25 14:30:00+00:00,BUY,1315.71,1319.3337926770052,1313.8981036614975,1319.3337926770052,0.1,35.537926770052124,362.37926770052127,1.8884104316995063,TP,2019Q1,2019,20,2019-03-25 04:30:00+00:00,2019Q1,2019
389,12767,2019-03-26 14:00:00+00:00,12767,2019-03-26 14:00:00+00:00,SELL,1313.53,1315.2817842116472,1315.2817842116472,1310.0264315767054,0.1,-18.21784211647191,-175.1784211647191,-1.0,SL,2019Q1,2019,0,2019-03-26 14:00:00+00:00,2019Q1,2019
390,12783,2019-03-26 22:00:00+00:00,12791,2019-03-27 03:00:00+00:00,SELL,1315.73,1317.9301608013693,1317.9301608013693,1311.3296783972614,0.1,-22.70160801369293,-220.0160801369293,-1.0,SL,2019Q1,2019,8,2019-03-26 22:00:00+00:00,2019Q1,2019
391,12792,2019-03-27 03:30:00+00:00,12795,2019-03-27 05:00:00+00:00,BUY,1318.13,1316.3159326361913,1316.3159326361913,1321.7581347276177,0.1,-18.840673638088173,-181.40673638088174,-1.0,SL,2019Q1,2019,3,2019-03-27 03:30:00+00:00,2019Q1,2019
392,12798,2019-03-27 06:30:00+00:00,12802,2019-03-27 08:30:00+00:00,SELL,1315.55,1317.1465207521735,1317.1465207521735,1312.3569584956526,0.1,-16.665207521735464,-159.65207521735465,-1.0,SL,2019Q1,2019,4,2019-03-27 06:30:00+00:00,2019Q1,2019
393,12807,2019-03-27 11:00:00+00:00,12814,2019-03-27 14:30:00+00:00,BUY,1316.39,1314.4333002412934,1314.4333002412934,1320.3033995174135,0.1,-20.266997587066907,-195.66997587066908,-1.0,SL,2019Q1,2019,7,2019-03-27 11:00:00+00:00,2019Q1,2019
394,12828,2019-03-27 21:30:00+00:00,12836,2019-03-28 02:30:00+00:00,SELL,1308.47,1311.0509656227225,1311.0509656227225,1303.3080687545553,0.1,-26.509656227224877,-258.0965622722488,-1.0,SL,2019Q1,2019,8,2019-03-27 21:30:00+00:00,2019Q1,2019
395,12857,2019-03-28 13:00:00+00:00,12858,2019-03-28 13:30:00+00:00,SELL,1306.23,1302.7069365753964,1307.9915317123018,1302.7069365753964,0.1,34.53063424603606,352.3063424603606,1.885341870637839,TP,2019Q1,2019,1,2019-03-28 13:00:00+00:00,2019Q1,2019
396,12916,2019-03-29 19:30:00+00:00,12952,2019-04-01 15:30:00+00:00,SELL,1293.2,1295.6447834626588,1295.6447834626588,1288.3104330746824,0.1,-25.147834626587336,-244.47834626587337,-1.0,SL,2019Q1,2019,36,2019-03-29 19:30:00+00:00,2019Q1,2019
397,12956,2019-04-01 17:30:00+00:00,12967,2019-04-01 23:00:00+00:00,SELL,1291.58,1286.6820491493943,1294.0289754253026,1286.6820491493943,0.1,48.27950850605639,489.7950850605639,1.9166327714473288,TP,2019Q2,2019,11,2019-04-01 17:30:00+00:00,2019Q2,2019
398,13046,2019-04-03 16:30:00+00:00,13047,2019-04-03 17:00:00+00:00,SELL,1288.94,1290.7960493244702,1290.7960493244702,1285.2279013510597,0.1,-19.260493244701774,-185.60493244701775,-1.0,SL,2019Q2,2019,1,2019-04-03 16:30:00+00:00,2019Q2,2019
399,13061,2019-04-04 01:00:00+00:00,13061,2019-04-04 01:00:00+00:00,SELL,1289.45,1290.9835970470986,1290.9835970470986,1286.3828059058028,0.1,-16.035970470985102,-153.35970470985103,-1.0,SL,2019Q2,2019,0,2019-04-04 01:00:00+00:00,2019Q2,2019
400,13082,2019-04-04 11:30:00+00:00,13087,2019-04-04 14:00:00+00:00,SELL,1291.83,1289.5104200451428,1292.9897899774285,1289.5104200451428,0.1,22.495799548570904,231.95799548570903,1.8292391352553519,TP,2019Q2,2019,5,2019-04-04 11:30:00+00:00,2019Q2,2019
401,13188,2019-04-08 18:30:00+00:00,13205,2019-04-09 04:00:00+00:00,SELL,1297.86,1299.8451153631945,1299.8451153631945,1293.8897692736107,0.1,-20.55115363194609,-198.5115363194609,-1.0,SL,2019Q2,2019,17,2019-04-08 18:30:00+00:00,2019Q2,2019
402,13235,2019-04-09 19:00:00+00:00,13236,2019-04-09 19:30:00+00:00,BUY,1306.02,1303.9467231828103,1303.9467231828103,1310.1665536343794,0.1,-21.432768171897077,-207.32768171897078,-1.0,SL,2019Q2,2019,1,2019-04-09 19:00:00+00:00,2019Q2,2019
403,13257,2019-04-10 07:00:00+00:00,13274,2019-04-10 15:30:00+00:00,BUY,1302.83,1301.520857396953,1301.520857396953,1305.4482852060935,0.1,-13.791426030468937,-130.91426030468938,-1.0,SL,2019Q2,2019,17,2019-04-10 07:00:00+00:00,2019Q2,2019
404,13277,2019-04-10 17:00:00+00:00,13282,2019-04-10 19:30:00+00:00,BUY,1305.84,1309.6530261875707,1303.9334869062145,1309.6530261875707,0.1,37.430261875708126,381.3026187570813,1.8937522849404405,TP,2019Q2,2019,5,2019-04-10 17:00:00+00:00,2019Q2,2019
405,13320,2019-04-11 15:30:00+00:00,13320,2019-04-11 15:30:00+00:00,SELL,1298.82,1295.3240233092656,1300.567988345367,1295.3240233092656,0.1,34.259766907343234,349.59766907343237,1.8844877083316096,TP,2019Q2,2019,0,2019-04-11 15:30:00+00:00,2019Q2,2019
406,13330,2019-04-11 20:30:00+00:00,13336,2019-04-11 23:30:00+00:00,SELL,1290.08,1292.675724731226,1292.675724731226,1284.8885505375479,0.1,-26.657247312260278,-259.5724731226028,-1.0,SL,2019Q2,2019,6,2019-04-11 20:30:00+00:00,2019Q2,2019
407,13384,2019-04-15 01:30:00+00:00,13386,2019-04-15 02:30:00+00:00,BUY,1291.95,1290.3665823556323,1290.3665823556323,1295.1168352887357,0.1,-16.53417644367728,-158.3417644367728,-1.0,SL,2019Q2,2019,2,2019-04-15 01:30:00+00:00,2019Q2,2019
408,13395,2019-04-15 07:00:00+00:00,13399,2019-04-15 09:00:00+00:00,BUY,1289.3,1287.7220851130746,1287.7220851130746,1292.4558297738506,0.1,-16.479148869253276,-157.79148869253277,-1.0,SL,2019Q2,2019,4,2019-04-15 07:00:00+00:00,2019Q2,2019
409,13407,2019-04-15 13:00:00+00:00,13408,2019-04-15 13:30:00+00:00,SELL,1285.62,1287.1230868929804,1287.1230868929804,1282.613826214039,0.1,-15.73086892980491,-150.3086892980491,-1.0,SL,2019Q2,2019,1,2019-04-15 13:00:00+00:00,2019Q2,2019
410,13447,2019-04-16 10:00:00+00:00,13447,2019-04-16 10:00:00+00:00,BUY,1286.73,1285.4216051934761,1285.4216051934761,1289.3467896130478,0.1,-13.783948065238928,-130.83948065238928,-1.0,SL,2019Q2,2019,0,2019-04-16 10:00:00+00:00,2019Q2,2019
411,13480,2019-04-17 03:30:00+00:00,13481,2019-04-17 04:00:00+00:00,SELL,1274.94,1276.712183093776,1276.712183093776,1271.3956338124483,0.1,-18.421830937759932,-177.21830937759933,-1.0,SL,2019Q2,2019,1,2019-04-17 03:30:00+00:00,2019Q2,2019
412,13486,2019-04-17 06:30:00+00:00,13490,2019-04-17 08:30:00+00:00,SELL,1276.44,1278.051929524168,1278.051929524168,1273.216140951664,0.1,-16.819295241678628,-161.19295241678628,-1.0,SL,2019Q2,2019,4,2019-04-17 06:30:00+00:00,2019Q2,2019
413,13499,2019-04-17 13:00:00+00:00,13499,2019-04-17 13:00:00+00:00,SELL,1275.29,1276.9146243246182,1276.9146243246182,1272.0407513507635,0.1,-16.94624324618253,-162.4624324618253,-1.0,SL,2019Q2,2019,0,2019-04-17 13:00:00+00:00,2019Q2,2019
414,13549,2019-04-18 15:00:00+00:00,13550,2019-04-18 15:30:00+00:00,BUY,1276.46,1274.9001574838178,1274.9001574838178,1279.5796850323645,0.1,-16.298425161822433,-155.98425161822433,-1.0,SL,2019Q2,2019,1,2019-04-18 15:00:00+00:00,2019Q2,2019
415,13551,2019-04-18 16:00:00+00:00,13552,2019-04-18 16:30:00+00:00,SELL,1273.63,1275.3781550267083,1275.3781550267083,1270.1336899465837,0.1,-18.181550267082184,-174.81550267082184,-1.0,SL,2019Q2,2019,1,2019-04-18 16:00:00+00:00,2019Q2,2019
416,13557,2019-04-18 19:00:00+00:00,13565,2019-04-18 23:00:00+00:00,SELL,1273.71,1275.609555857932,1275.609555857932,1269.910888284136,0.1,-19.695558579320004,-189.95558579320004,-1.0,SL,2019Q2,2019,8,2019-04-18 19:00:00+00:00,2019Q2,2019
417,13575,2019-04-22 05:00:00+00:00,13585,2019-04-22 10:00:00+00:00,BUY,1278.21,1276.8316878938635,1276.8316878938635,1280.966624212273,0.1,-14.483121061364908,-137.8312106136491,-1.0,SL,2019Q2,2019,10,2019-04-22 05:00:00+00:00,2019Q2,2019
418,13593,2019-04-22 14:00:00+00:00,13594,2019-04-22 14:30:00+00:00,BUY,1279.79,1278.6075548819244,1278.6075548819244,1282.1548902361508,0.1,-12.524451180755204,-118.24451180755204,-1.0,SL,2019Q2,2019,1,2019-04-22 14:00:00+00:00,2019Q2,2019
419,13657,2019-04-23 23:00:00+00:00,13665,2019-04-24 04:00:00+00:00,BUY,1272.2,1270.2765982894505,1270.2765982894505,1276.0468034210994,0.1,-19.934017105495695,-192.34017105495695,-1.0,SL,2019Q2,2019,8,2019-04-23 23:00:00+00:00,2019Q2,2019
420,13694,2019-04-24 18:30:00+00:00,13709,2019-04-25 03:00:00+00:00,BUY,1275.59,1273.5121950793468,1273.5121950793468,1279.7456098413058,0.1,-21.478049206530795,-207.78049206530795,-1.0,SL,2019Q2,2019,15,2019-04-24 18:30:00+00:00,2019Q2,2019
421,13807,2019-04-29 06:00:00+00:00,13810,2019-04-29 07:30:00+00:00,BUY,1286.66,1285.4017936054806,1285.4017936054806,1289.176412789039,0.1,-13.282063945194476,-125.82063945194477,-1.0,SL,2019Q2,2019,3,2019-04-29 06:00:00+00:00,2019Q2,2019
422,13870,2019-04-30 14:30:00+00:00,13871,2019-04-30 15:00:00+00:00,BUY,1286.02,1284.802087866026,1284.802087866026,1288.4558242679475,0.1,-12.879121339738685,-121.79121339738685,-1.0,SL,2019Q2,2019,1,2019-04-30 14:30:00+00:00,2019Q2,2019
423,13916,2019-05-01 14:30:00+00:00,13920,2019-05-01 16:30:00+00:00,SELL,1281.77,1282.994622540209,1282.994622540209,1279.3207549195818,0.1,-12.946225402091112,-122.46225402091113,-1.0,SL,2019Q2,2019,4,2019-05-01 14:30:00+00:00,2019Q2,2019
424,13959,2019-05-02 13:00:00+00:00,13963,2019-05-02 15:00:00+00:00,BUY,1272.06,1270.459797022334,1270.459797022334,1275.260405955332,0.1,-16.702029776659582,-160.02029776659583,-1.0,SL,2019Q2,2019,4,2019-05-02 13:00:00+00:00,2019Q2,2019
425,13993,2019-05-03 07:00:00+00:00,13997,2019-05-03 09:00:00+00:00,BUY,1272.51,1271.2330038000748,1271.2330038000748,1275.0639923998506,0.1,-13.46996199925179,-127.69961999251791,-1.0,SL,2019Q2,2019,4,2019-05-03 07:00:00+00:00,2019Q2,2019
426,14014,2019-05-03 17:30:00+00:00,14023,2019-05-03 22:00:00+00:00,BUY,1281.32,1278.890771149483,1278.890771149483,1286.1784577010335,0.1,-24.992288505168926,-242.92288505168926,-1.0,SL,2019Q2,2019,9,2019-05-03 17:30:00+00:00,2019Q2,2019
427,14074,2019-05-07 01:30:00+00:00,14100,2019-05-07 14:30:00+00:00,BUY,1281.65,1280.1187210846333,1280.1187210846333,1284.7125578307337,0.1,-16.012789153667836,-153.12789153667836,-1.0,SL,2019Q2,2019,26,2019-05-07 01:30:00+00:00,2019Q2,2019
428,14128,2019-05-08 05:30:00+00:00,14129,2019-05-08 06:00:00+00:00,BUY,1286.81,1285.4471033140062,1285.4471033140062,1289.5357933719874,0.1,-14.328966859937463,-136.28966859937464,-1.0,SL,2019Q2,2019,1,2019-05-08 05:30:00+00:00,2019Q2,2019
429,14138,2019-05-08 10:30:00+00:00,14139,2019-05-08 11:00:00+00:00,SELL,1285.97,1287.2724167527026,1287.2724167527026,1283.3651664945949,0.1,-13.724167527025838,-130.24167527025838,-1.0,SL,2019Q2,2019,1,2019-05-08 10:30:00+00:00,2019Q2,2019
430,14178,2019-05-09 07:30:00+00:00,14184,2019-05-09 10:30:00+00:00,BUY,1281.98,1284.7975005543449,1280.5712497228276,1284.7975005543449,0.1,27.475005543448606,281.75005543448606,1.8579881922987376,TP,2019Q2,2019,6,2019-05-09 07:30:00+00:00,2019Q2,2019
431,14193,2019-05-09 15:00:00+00:00,14196,2019-05-09 16:30:00+00:00,SELL,1282.34,1283.8273584273654,1283.8273584273654,1279.365283145269,0.1,-15.573584273655069,-148.7358427365507,-1.0,SL,2019Q2,2019,3,2019-05-09 15:00:00+00:00,2019Q2,2019
432,14205,2019-05-09 21:00:00+00:00,14269,2019-05-13 07:00:00+00:00,BUY,1285.25,1282.9351222596913,1282.9351222596913,1289.8797554806174,0.1,-23.848777403087023,-231.48777403087024,-1.0,SL,2019Q2,2019,64,2019-05-09 21:00:00+00:00,2019Q2,2019
433,14304,2019-05-14 01:30:00+00:00,14311,2019-05-14 05:00:00+00:00,BUY,1300.73,1298.6488766729212,1298.6488766729212,1304.8922466541576,0.1,-21.51123327078785,-208.11233270787852,-1.0,SL,2019Q2,2019,7,2019-05-14 01:30:00+00:00,2019Q2,2019
434,14327,2019-05-14 13:00:00+00:00,14329,2019-05-14 14:00:00+00:00,BUY,1298.28,1296.8179440687672,1296.8179440687672,1301.2041118624654,0.1,-15.320559312327259,-146.2055931232726,-1.0,SL,2019Q2,2019,2,2019-05-14 13:00:00+00:00,2019Q2,2019
435,14336,2019-05-14 17:30:00+00:00,14370,2019-05-15 11:30:00+00:00,SELL,1296.44,1298.3307587328309,1298.3307587328309,1292.6584825343384,0.1,-19.60758732830818,-189.07587328308182,-1.0,SL,2019Q2,2019,34,2019-05-14 17:30:00+00:00,2019Q2,2019
436,14386,2019-05-15 19:30:00+00:00,14403,2019-05-16 05:00:00+00:00,BUY,1297.54,1295.3077988554867,1295.3077988554867,1302.0044022890265,0.1,-23.02201144513283,-223.2201144513283,-1.0,SL,2019Q2,2019,17,2019-05-15 19:30:00+00:00,2019Q2,2019
437,14404,2019-05-16 05:30:00+00:00,14407,2019-05-16 07:00:00+00:00,SELL,1295.2,1296.5423974538367,1296.5423974538367,1292.5152050923266,0.1,-14.12397453836611,-134.2397453836611,-1.0,SL,2019Q2,2019,3,2019-05-16 05:30:00+00:00,2019Q2,2019
438,14526,2019-05-20 20:30:00+00:00,14539,2019-05-21 04:00:00+00:00,BUY,1277.67,1275.8783346098585,1275.8783346098585,1281.2533307802832,0.1,-18.616653901415884,-179.16653901415884,-1.0,SL,2019Q2,2019,13,2019-05-20 20:30:00+00:00,2019Q2,2019
439,14582,2019-05-22 02:30:00+00:00,14585,2019-05-22 04:00:00+00:00,BUY,1275.04,1273.8815372661743,1273.8815372661743,1277.3569254676513,0.1,-12.284627338256723,-115.84627338256723,-1.0,SL,2019Q2,2019,3,2019-05-22 02:30:00+00:00,2019Q2,2019
440,14606,2019-05-22 14:30:00+00:00,14607,2019-05-22 15:00:00+00:00,BUY,1274.79,1276.9417447739504,1273.7141276130246,1276.9417447739504,0.1,20.817447739504406,215.17447739504405,1.8167335190312535,TP,2019Q2,2019,1,2019-05-22 14:30:00+00:00,2019Q2,2019
441,14635,2019-05-23 06:00:00+00:00,14640,2019-05-23 08:30:00+00:00,SELL,1273.41,1274.3439119361371,1274.3439119361371,1271.5421761277257,0.1,-10.039119361370648,-93.39119361370649,-1.0,SL,2019Q2,2019,5,2019-05-23 06:00:00+00:00,2019Q2,2019
442,14668,2019-05-23 22:30:00+00:00,14717,2019-05-27 01:00:00+00:00,SELL,1283.67,1285.7942920054074,1285.7942920054074,1279.4214159891853,0.1,-21.942920054073692,-212.42920054073693,-1.0,SL,2019Q2,2019,49,2019-05-23 22:30:00+00:00,2019Q2,2019
443,14780,2019-05-28 13:00:00+00:00,14781,2019-05-28 13:30:00+00:00,SELL,1283.29,1284.4605808932354,1284.4605808932354,1280.9488382135291,0.1,-12.405808932354102,-117.05808932354103,-1.0,SL,2019Q2,2019,1,2019-05-28 13:00:00+00:00,2019Q2,2019
444,14805,2019-05-29 02:30:00+00:00,14818,2019-05-29 09:00:00+00:00,BUY,1280.1,1282.7304029044933,1278.7847985477533,1282.7304029044933,0.1,25.60402904493394,263.0402904493394,1.848397502284462,TP,2019Q2,2019,13,2019-05-29 02:30:00+00:00,2019Q2,2019
445,14826,2019-05-29 13:00:00+00:00,14828,2019-05-29 14:00:00+00:00,SELL,1282.94,1284.4171941937964,1284.4171941937964,1279.9856116124076,0.1,-15.47194193796322,-147.7194193796322,-1.0,SL,2019Q2,2019,2,2019-05-29 13:00:00+00:00,2019Q2,2019
446,14887,2019-05-30 20:30:00+00:00,14900,2019-05-31 04:00:00+00:00,BUY,1287.99,1292.3620678712578,1285.8039660643713,1292.3620678712578,0.1,43.02067871257741,437.2067871257741,1.9069162938184059,TP,2019Q2,2019,13,2019-05-30 20:30:00+00:00,2019Q2,2019
447,14931,2019-05-31 19:30:00+00:00,14943,2019-06-03 02:30:00+00:00,BUY,1303.74,1309.0199030013096,1301.1000484993453,1309.0199030013096,0.1,52.099030013095486,527.9903001309549,1.9225078382587135,TP,2019Q2,2019,12,2019-05-31 19:30:00+00:00,2019Q2,2019
448,14954,2019-06-03 08:00:00+00:00,14956,2019-06-03 09:00:00+00:00,BUY,1312.73,1310.8651510199659,1310.8651510199659,1316.4596979600685,0.1,-19.348489800341394,-186.48489800341395,-1.0,SL,2019Q2,2019,2,2019-06-03 08:00:00+00:00,2019Q2,2019
449,14982,2019-06-03 22:00:00+00:00,14994,2019-06-04 05:00:00+00:00,BUY,1326.43,1323.6850731630682,1323.6850731630682,1331.9198536738638,0.1,-28.149268369318815,-274.49268369318816,-1.0,SL,2019Q2,2019,12,2019-06-03 22:00:00+00:00,2019Q2,2019
450,15005,2019-06-04 10:30:00+00:00,15007,2019-06-04 11:30:00+00:00,BUY,1328.28,1326.1984671449811,1326.1984671449811,1332.4430657100377,0.1,-21.515328550188496,-208.15328550188497,-1.0,SL,2019Q2,2019,2,2019-06-04 10:30:00+00:00,2019Q2,2019
451,15046,2019-06-05 08:00:00+00:00,15047,2019-06-05 08:30:00+00:00,SELL,1325.5,1327.1700474229704,1327.1700474229704,1322.1599051540595,0.1,-17.40047422970356,-167.0047422970356,-1.0,SL,2019Q2,2019,1,2019-06-05 08:00:00+00:00,2019Q2,2019
452,15054,2019-06-05 12:00:00+00:00,15054,2019-06-05 12:00:00+00:00,SELL,1332.55,1334.5933421324569,1334.5933421324569,1328.4633157350859,0.1,-21.13342132456928,-204.3342132456928,-1.0,SL,2019Q2,2019,0,2019-06-05 12:00:00+00:00,2019Q2,2019
453,15060,2019-06-05 15:00:00+00:00,15060,2019-06-05 15:00:00+00:00,SELL,1334.87,1337.5314208508362,1337.5314208508362,1329.547158298327,0.1,-27.314208508362935,-266.14208508362935,-1.0,SL,2019Q2,2019,0,2019-06-05 15:00:00+00:00,2019Q2,2019
454,15079,2019-06-06 01:30:00+00:00,15082,2019-06-06 03:00:00+00:00,BUY,1332.39,1329.4801527251145,1329.4801527251145,1338.2096945497713,0.1,-29.798472748855783,-290.98472748855784,-1.0,SL,2019Q2,2019,3,2019-06-06 01:30:00+00:00,2019Q2,2019
455,15119,2019-06-06 21:30:00+00:00,15140,2019-06-07 09:00:00+00:00,SELL,1336.75,1331.8932275986012,1339.1783862006994,1331.8932275986012,0.1,47.86772401398757,485.6772401398757,1.9159457413184502,TP,2019Q2,2019,21,2019-06-06 21:30:00+00:00,2019Q2,2019
456,15157,2019-06-07 17:30:00+00:00,15158,2019-06-07 18:00:00+00:00,BUY,1346.39,1343.2513024072066,1343.2513024072066,1352.6673951855873,0.1,-32.08697592793506,-313.86975927935055,-1.0,SL,2019Q2,2019,1,2019-06-07 17:30:00+00:00,2019Q2,2019
457,15186,2019-06-10 09:00:00+00:00,15194,2019-06-10 13:00:00+00:00,SELL,1326.9,1329.2203063055783,1329.2203063055783,1322.2593873888436,0.1,-23.90306305578242,-232.03063055782422,-1.0,SL,2019Q2,2019,8,2019-06-10 09:00:00+00:00,2019Q2,2019
458,15203,2019-06-10 17:30:00+00:00,15205,2019-06-10 18:30:00+00:00,BUY,1330.14,1327.8726200114343,1327.8726200114343,1334.674759977132,0.1,-23.373799885658354,-226.73799885658354,-1.0,SL,2019Q2,2019,2,2019-06-10 17:30:00+00:00,2019Q2,2019
459,15209,2019-06-10 20:30:00+00:00,15210,2019-06-10 21:00:00+00:00,SELL,1325.45,1327.5639132292122,1327.5639132292122,1321.2221735415756,0.1,-21.839132292121302,-211.39132292121303,-1.0,SL,2019Q2,2019,1,2019-06-10 20:30:00+00:00,2019Q2,2019
460,15211,2019-06-10 21:30:00+00:00,15233,2019-06-11 09:30:00+00:00,BUY,1327.74,1325.527174307465,1325.527174307465,1332.16565138507,0.1,-22.828256925350342,-221.28256925350342,-1.0,SL,2019Q2,2019,22,2019-06-10 21:30:00+00:00,2019Q2,2019
461,15236,2019-06-11 11:00:00+00:00,15246,2019-06-11 16:00:00+00:00,SELL,1322.76,1324.5988448295489,1324.5988448295489,1319.0823103409025,0.1,-19.088448295488615,-183.88448295488615,-1.0,SL,2019Q2,2019,10,2019-06-11 11:00:00+00:00,2019Q2,2019
462,15250,2019-06-11 18:00:00+00:00,15270,2019-06-12 05:00:00+00:00,BUY,1326.07,1330.2038917152702,1324.0030541423648,1330.2038917152702,0.1,40.638917152702376,413.3891715270238,1.9017289093920238,TP,2019Q2,2019,20,2019-06-11 18:00:00+00:00,2019Q2,2019
463,15277,2019-06-12 08:30:00+00:00,15278,2019-06-12 09:00:00+00:00,BUY,1333.21,1336.2039143625339,1331.7130428187331,1336.2039143625339,0.1,29.239143625338148,299.39143625338147,1.8659822983610748,TP,2019Q2,2019,1,2019-06-12 08:30:00+00:00,2019Q2,2019
464,15282,2019-06-12 11:00:00+00:00,15286,2019-06-12 13:00:00+00:00,BUY,1337.49,1335.6000617530938,1335.6000617530938,1341.2698764938127,0.1,-19.5993824690624,-188.99382469062402,-1.0,SL,2019Q2,2019,4,2019-06-12 11:00:00+00:00,2019Q2,2019
465,15287,2019-06-12 13:30:00+00:00,15292,2019-06-12 16:00:00+00:00,SELL,1335.3,1331.467768809095,1337.2161155954523,1331.467768809095,0.1,37.62231190904849,383.22311909048494,1.8942659729974336,TP,2019Q2,2019,5,2019-06-12 13:30:00+00:00,2019Q2,2019
466,15299,2019-06-12 19:30:00+00:00,15299,2019-06-12 19:30:00+00:00,BUY,1336.09,1333.695003979258,1333.695003979258,1340.879992041484,0.1,-24.64996020741928,-239.4996020741928,-1.0,SL,2019Q2,2019,0,2019-06-12 19:30:00+00:00,2019Q2,2019
467,15319,2019-06-13 06:30:00+00:00,15323,2019-06-13 08:30:00+00:00,SELL,1334.29,1336.2612637808998,1336.2612637808998,1330.3474724382004,0.1,-20.412637808997896,-197.12637808997897,-1.0,SL,2019Q2,2019,4,2019-06-13 06:30:00+00:00,2019Q2,2019
468,15348,2019-06-13 21:00:00+00:00,15362,2019-06-14 05:00:00+00:00,BUY,1341.43,1345.814361284631,1339.2378193576847,1345.814361284631,0.1,43.143612846310404,438.43612846310407,1.9071692171387198,TP,2019Q2,2019,14,2019-06-13 21:00:00+00:00,2019Q2,2019
469,15363,2019-06-14 05:30:00+00:00,15370,2019-06-14 09:00:00+00:00,BUY,1346.06,1349.9294833245144,1344.1252583377427,1349.9294833245144,0.1,37.99483324514476,386.94833245144764,1.8952483484762068,TP,2019Q2,2019,7,2019-06-14 05:30:00+00:00,2019Q2,2019
470,15403,2019-06-17 02:30:00+00:00,15411,2019-06-17 06:30:00+00:00,SELL,1340.51,1343.2115546530629,1343.2115546530629,1335.1068906938744,0.1,-27.715546530628853,-270.15546530628853,-1.0,SL,2019Q2,2019,8,2019-06-17 02:30:00+00:00,2019Q2,2019
471,15453,2019-06-18 04:30:00+00:00,15461,2019-06-18 08:30:00+00:00,BUY,1340.79,1344.4248669321871,1338.9725665339065,1344.4248669321871,0.1,35.64866932187151,363.4866932187151,1.8887377998894854,TP,2019Q2,2019,8,2019-06-18 04:30:00+00:00,2019Q2,2019
472,15465,2019-06-18 10:30:00+00:00,15466,2019-06-18 11:00:00+00:00,SELL,1344.69,1346.626054550345,1346.626054550345,1340.81789089931,0.1,-20.06054550345034,-193.6054550345034,-1.0,SL,2019Q2,2019,1,2019-06-18 10:30:00+00:00,2019Q2,2019
473,15472,2019-06-18 14:00:00+00:00,15475,2019-06-18 15:30:00+00:00,BUY,1347.71,1352.2422546545413,1345.4438726727294,1352.2422546545413,0.1,44.622546545412476,453.2254654541248,1.910107639447311,TP,2019Q2,2019,3,2019-06-18 14:00:00+00:00,2019Q2,2019
474,15536,2019-06-19 23:00:00+00:00,15536,2019-06-19 23:00:00+00:00,BUY,1355.32,1362.2588950848633,1351.8505524575683,1362.2588950848633,0.1,68.68895084863361,693.8895084863361,1.9406687067734514,TP,2019Q2,2019,0,2019-06-19 23:00:00+00:00,2019Q2,2019
475,15549,2019-06-20 06:30:00+00:00,15576,2019-06-20 20:00:00+00:00,BUY,1381.22,1392.1982081385036,1375.7308959307481,1392.1982081385036,0.1,109.08208138503532,1097.8208138503533,1.9622241286753803,TP,2019Q2,2019,27,2019-06-20 06:30:00+00:00,2019Q2,2019
476,15577,2019-06-20 20:30:00+00:00,15578,2019-06-20 21:00:00+00:00,BUY,1393.1,1388.493359540309,1388.493359540309,1402.3132809193814,0.1,-46.7664045969088,-460.66404596908797,-1.0,SL,2019Q2,2019,1,2019-06-20 20:30:00+00:00,2019Q2,2019
477,15604,2019-06-21 11:00:00+00:00,15604,2019-06-21 11:00:00+00:00,SELL,1384.34,1389.589753931149,1389.589753931149,1373.8404921377014,0.1,-53.19753931149144,-524.9753931149144,-1.0,SL,2019Q2,2019,0,2019-06-21 11:00:00+00:00,2019Q2,2019
478,15631,2019-06-24 01:30:00+00:00,15642,2019-06-24 07:00:00+00:00,BUY,1405.18,1400.8216518078577,1400.8216518078577,1413.896696384285,0.1,-44.2834819214233,-435.834819214233,-1.0,SL,2019Q2,2019,11,2019-06-24 01:30:00+00:00,2019Q2,2019
479,15651,2019-06-24 11:30:00+00:00,15664,2019-06-24 18:00:00+00:00,BUY,1404.48,1411.7037678625315,1400.8681160687343,1411.7037678625315,0.1,71.53767862531531,722.3767862531531,1.9429639815050317,TP,2019Q2,2019,13,2019-06-24 11:30:00+00:00,2019Q2,2019
480,15681,2019-06-25 03:30:00+00:00,15681,2019-06-25 03:30:00+00:00,BUY,1427.98,1424.0787936736308,1424.0787936736308,1435.7824126527382,0.1,-39.7120632636922,-390.120632636922,-1.0,SL,2019Q2,2019,0,2019-06-25 03:30:00+00:00,2019Q2,2019
481,15745,2019-06-26 12:30:00+00:00,15751,2019-06-26 15:30:00+00:00,SELL,1407.37,1412.1295956593692,1412.1295956593692,1397.8508086812615,0.1,-48.29595659369325,-475.95956593693245,-1.0,SL,2019Q2,2019,6,2019-06-26 12:30:00+00:00,2019Q2,2019
482,15772,2019-06-27 03:00:00+00:00,15774,2019-06-27 04:00:00+00:00,BUY,1410.87,1407.4807074098017,1407.4807074098017,1417.6485851803961,0.1,-34.59292590198238,-338.9292590198238,-1.0,SL,2019Q2,2019,2,2019-06-27 03:00:00+00:00,2019Q2,2019
483,15777,2019-06-27 05:30:00+00:00,15797,2019-06-27 15:30:00+00:00,SELL,1406.49,1399.5786117440186,1409.9456941279907,1399.5786117440186,0.1,68.41388255981364,691.1388255981365,1.9404372607558895,TP,2019Q2,2019,20,2019-06-27 05:30:00+00:00,2019Q2,2019
484,15821,2019-06-28 04:30:00+00:00,15821,2019-06-28 04:30:00+00:00,BUY,1417.8,1424.2859506690868,1414.5570246654565,1424.2859506690868,0.1,64.15950669086833,648.5950669086833,1.9366128694619629,TP,2019Q2,2019,0,2019-06-28 04:30:00+00:00,2019Q2,2019
485,15832,2019-06-28 10:00:00+00:00,15834,2019-06-28 11:00:00+00:00,SELL,1411.86,1415.6508612580312,1415.6508612580312,1404.2782774839372,0.1,-38.60861258031328,-379.08612580313275,-1.0,SL,2019Q2,2019,2,2019-06-28 10:00:00+00:00,2019Q2,2019
486,15869,2019-07-01 05:30:00+00:00,15893,2019-07-01 17:30:00+00:00,SELL,1390.92,1395.6681831581816,1395.6681831581816,1381.423633683637,0.1,-48.18183158181519,-474.81831581815186,-1.0,SL,2019Q3,2019,24,2019-07-01 05:30:00+00:00,2019Q3,2019
487,15925,2019-07-02 10:30:00+00:00,15940,2019-07-02 18:00:00+00:00,BUY,1392.38,1397.8486040094408,1389.6456979952798,1397.8486040094408,0.1,53.98604009440696,546.8604009440696,1.925115055494552,TP,2019Q3,2019,15,2019-07-02 10:30:00+00:00,2019Q3,2019
488,15952,2019-07-03 01:00:00+00:00,15952,2019-07-03 01:00:00+00:00,BUY,1421.86,1430.1988657973818,1417.690567101309,1430.1988657973818,0.1,82.68865797381913,833.8865797381914,1.9504650728014012,TP,2019Q3,2019,0,2019-07-03 01:00:00+00:00,2019Q3,2019
489,15958,2019-07-03 04:00:00+00:00,15959,2019-07-03 04:30:00+00:00,BUY,1434.59,1428.5048924295868,1428.5048924295868,1446.7602151408262,0.1,-61.55107570413129,-608.5107570413129,-1.0,SL,2019Q3,2019,1,2019-07-03 04:00:00+00:00,2019Q3,2019
490,15965,2019-07-03 07:30:00+00:00,15979,2019-07-03 14:30:00+00:00,BUY,1427.59,1421.507276971422,1421.507276971422,1439.755446057156,0.1,-61.52723028577903,-608.2723028577902,-1.0,SL,2019Q3,2019,14,2019-07-03 07:30:00+00:00,2019Q3,2019
491,16014,2019-07-04 09:00:00+00:00,16017,2019-07-04 10:30:00+00:00,SELL,1416.2,1410.409548036023,1419.0952259819885,1410.409548036023,0.1,57.204519639771476,579.0451963977148,1.9291790908094808,TP,2019Q3,2019,3,2019-07-04 09:00:00+00:00,2019Q3,2019
492,16018,2019-07-04 11:00:00+00:00,16020,2019-07-04 12:00:00+00:00,SELL,1411.01,1414.0839694859324,1414.0839694859324,1404.8620610281355,0.1,-31.439694859323662,-307.39694859323663,-1.0,SL,2019Q3,2019,2,2019-07-04 11:00:00+00:00,2019Q3,2019
493,16031,2019-07-04 17:30:00+00:00,16032,2019-07-04 18:00:00+00:00,BUY,1417.25,1414.564055430982,1414.564055430982,1422.621889138036,0.1,-27.5594456901792,-268.594456901792,-1.0,SL,2019Q3,2019,1,2019-07-04 17:30:00+00:00,2019Q3,2019
494,16046,2019-07-05 06:00:00+00:00,16064,2019-07-05 15:00:00+00:00,SELL,1417.4,1411.061771086536,1420.5691144567322,1411.061771086536,0.1,62.68228913464036,633.8228913464036,1.935167465427544,TP,2019Q3,2019,18,2019-07-05 06:00:00+00:00,2019Q3,2019
495,16070,2019-07-05 18:00:00+00:00,16100,2019-07-08 10:00:00+00:00,BUY,1395.33,1406.1610359111176,1389.914482044441,1406.1610359111176,0.1,107.61035911117624,1083.1035911117624,1.961717379889821,TP,2019Q3,2019,30,2019-07-05 18:00:00+00:00,2019Q3,2019
496,16101,2019-07-08 10:30:00+00:00,16110,2019-07-08 15:00:00+00:00,BUY,1406.89,1403.5123617829065,1403.5123617829065,1413.6452764341873,0.1,-34.476382170935906,-337.76382170935904,-1.0,SL,2019Q3,2019,9,2019-07-08 10:30:00+00:00,2019Q3,2019
497,16115,2019-07-08 17:30:00+00:00,16125,2019-07-08 22:30:00+00:00,SELL,1399.01,1392.8762036616204,1402.07689816919,1392.8762036616204,0.1,60.63796338379625,613.3796338379625,1.9330548877668994,TP,2019Q3,2019,10,2019-07-08 17:30:00+00:00,2019Q3,2019
498,16144,2019-07-09 09:00:00+00:00,16149,2019-07-09 11:30:00+00:00,SELL,1394.31,1389.3870847568417,1396.771457621579,1389.3870847568417,0.1,48.52915243158286,492.2915243158286,1.9170438413783193,TP,2019Q3,2019,5,2019-07-09 09:00:00+00:00,2019Q3,2019
499,16156,2019-07-09 15:00:00+00:00,16162,2019-07-09 18:00:00+00:00,BUY,1391.88,1397.8472551050936,1388.8963724474534,1397.8472551050936,0.1,58.972551050934996,596.72551050935,1.9312293341652427,TP,2019Q3,2019,6,2019-07-09 15:00:00+00:00,2019Q3,2019
500,16167,2019-07-09 20:30:00+00:00,16176,2019-07-10 02:00:00+00:00,BUY,1398.63,1395.3214658003483,1395.3214658003483,1405.2470683993038,0.1,-33.78534199651831,-330.8534199651831,-1.0,SL,2019Q3,2019,9,2019-07-09 20:30:00+00:00,2019Q3,2019
501,16197,2019-07-10 12:30:00+00:00,16202,2019-07-10 15:00:00+00:00,BUY,1395.68,1393.1628636161877,1393.1628636161877,1400.7142727676246,0.1,-25.87136383812385,-251.71363838123852,-1.0,SL,2019Q3,2019,5,2019-07-10 12:30:00+00:00,2019Q3,2019
502,16231,2019-07-11 06:30:00+00:00,16236,2019-07-11 09:00:00+00:00,BUY,1424.31,1420.639678330002,1420.639678330002,1431.650643339996,0.1,-37.40321669997975,-367.0321669997975,-1.0,SL,2019Q3,2019,5,2019-07-11 06:30:00+00:00,2019Q3,2019
503,16247,2019-07-11 14:30:00+00:00,16249,2019-07-11 15:30:00+00:00,SELL,1418.9,1413.4275388758151,1421.6362305620926,1413.4275388758151,0.1,54.02461124184974,547.2461124184974,1.9251665195166958,TP,2019Q3,2019,2,2019-07-11 14:30:00+00:00,2019Q3,2019
504,16270,2019-07-12 03:00:00+00:00,16271,2019-07-12 03:30:00+00:00,SELL,1403.87,1406.9757688483403,1406.9757688483403,1397.658462303319,0.1,-31.757688483404035,-310.57688483404036,-1.0,SL,2019Q3,2019,1,2019-07-12 03:00:00+00:00,2019Q3,2019
505,16284,2019-07-12 10:00:00+00:00,16288,2019-07-12 12:00:00+00:00,BUY,1408.77,1406.247618121234,1406.247618121234,1413.814763757532,0.1,-25.923818787660547,-252.23818787660548,-1.0,SL,2019Q3,2019,4,2019-07-12 10:00:00+00:00,2019Q3,2019
506,16295,2019-07-12 15:30:00+00:00,16296,2019-07-12 16:00:00+00:00,SELL,1405.81,1408.5339191779137,1408.5339191779137,1400.3621616441724,0.1,-27.939191779137854,-272.39191779137855,-1.0,SL,2019Q3,2019,1,2019-07-12 15:30:00+00:00,2019Q3,2019
507,16306,2019-07-12 21:00:00+00:00,16312,2019-07-15 01:00:00+00:00,BUY,1412.93,1419.3694347640521,1409.710282617974,1419.3694347640521,0.1,63.69434764052066,643.9434764052066,1.9361647291808124,TP,2019Q3,2019,6,2019-07-12 21:00:00+00:00,2019Q3,2019
508,16322,2019-07-15 06:00:00+00:00,16328,2019-07-15 09:00:00+00:00,SELL,1410.33,1413.4721926045825,1413.4721926045825,1404.045614790835,0.1,-32.12192604582533,-314.2192604582533,-1.0,SL,2019Q3,2019,6,2019-07-15 06:00:00+00:00,2019Q3,2019
509,16353,2019-07-15 21:30:00+00:00,16354,2019-07-15 22:00:00+00:00,SELL,1410.67,1413.4019547780874,1413.4019547780874,1405.2060904438251,0.1,-28.019547780873562,-273.19547780873563,-1.0,SL,2019Q3,2019,1,2019-07-15 21:30:00+00:00,2019Q3,2019
510,16364,2019-07-16 04:00:00+00:00,16387,2019-07-16 15:30:00+00:00,SELL,1414.23,1409.213239321676,1416.7383803391622,1409.213239321676,0.1,49.467606783240896,501.676067832409,1.9185535210571507,TP,2019Q3,2019,23,2019-07-16 04:00:00+00:00,2019Q3,2019
511,16411,2019-07-17 04:30:00+00:00,16419,2019-07-17 08:30:00+00:00,BUY,1406.59,1403.9198010234088,1403.9198010234088,1411.9303979531824,0.1,-27.401989765911093,-267.01989765911094,-1.0,SL,2019Q3,2019,8,2019-07-17 04:30:00+00:00,2019Q3,2019
512,16430,2019-07-17 14:00:00+00:00,16433,2019-07-17 15:30:00+00:00,BUY,1403.72,1407.8498225694477,1401.6550887152762,1407.8498225694477,0.1,40.598225694476966,412.9822569447697,1.9016352569295807,TP,2019Q3,2019,3,2019-07-17 14:00:00+00:00,2019Q3,2019
513,16514,2019-07-19 10:00:00+00:00,16529,2019-07-19 17:30:00+00:00,SELL,1438.63,1430.866704007284,1442.5116479963583,1430.866704007284,0.1,76.93295992716166,776.3295992716166,1.946857614799253,TP,2019Q3,2019,15,2019-07-19 10:00:00+00:00,2019Q3,2019
514,16532,2019-07-19 19:00:00+00:00,16536,2019-07-19 21:00:00+00:00,SELL,1423.82,1429.125309576866,1429.125309576866,1413.209380846268,0.1,-53.75309576865966,-530.5309576865966,-1.0,SL,2019Q3,2019,4,2019-07-19 19:00:00+00:00,2019Q3,2019
515,16604,2019-07-23 09:00:00+00:00,16604,2019-07-23 09:00:00+00:00,SELL,1415.63,1417.771851644367,1417.771851644367,1411.3462967112666,0.1,-22.118516443668522,-214.18516443668523,-1.0,SL,2019Q3,2019,0,2019-07-23 09:00:00+00:00,2019Q3,2019
516,16608,2019-07-23 11:00:00+00:00,16609,2019-07-23 11:30:00+00:00,BUY,1420.03,1417.782770660278,1417.782770660278,1424.524458679444,0.1,-23.172293397220255,-224.72293397220255,-1.0,SL,2019Q3,2019,1,2019-07-23 11:00:00+00:00,2019Q3,2019
517,16621,2019-07-23 17:30:00+00:00,16621,2019-07-23 17:30:00+00:00,BUY,1428.02,1424.941646948594,1424.941646948594,1434.176706102812,0.1,-31.483530514058838,-307.8353051405884,-1.0,SL,2019Q3,2019,0,2019-07-23 17:30:00+00:00,2019Q3,2019
518,16644,2019-07-24 06:00:00+00:00,16648,2019-07-24 08:00:00+00:00,BUY,1421.87,1419.4498080624057,1419.4498080624057,1426.7103838751884,0.1,-24.901919375941542,-242.01919375941543,-1.0,SL,2019Q3,2019,4,2019-07-24 06:00:00+00:00,2019Q3,2019
519,16656,2019-07-24 12:00:00+00:00,16667,2019-07-24 17:30:00+00:00,BUY,1425.42,1423.155456663401,1423.155456663401,1429.9490866731983,0.1,-23.3454333659899,-226.45433365989902,-1.0,SL,2019Q3,2019,11,2019-07-24 12:00:00+00:00,2019Q3,2019
520,16679,2019-07-24 23:30:00+00:00,16685,2019-07-25 03:30:00+00:00,BUY,1425.33,1422.8745723551021,1422.8745723551021,1430.2408552897955,0.1,-25.254276448977816,-245.54276448977816,-1.0,SL,2019Q3,2019,6,2019-07-24 23:30:00+00:00,2019Q3,2019
521,16695,2019-07-25 08:30:00+00:00,16695,2019-07-25 08:30:00+00:00,SELL,1421.69,1423.384833088807,1423.384833088807,1418.3003338223862,0.1,-17.64833088806945,-169.4833088806945,-1.0,SL,2019Q3,2019,0,2019-07-25 08:30:00+00:00,2019Q3,2019
522,16708,2019-07-25 15:00:00+00:00,16709,2019-07-25 15:30:00+00:00,BUY,1431.65,1429.3792169094468,1429.3792169094468,1436.1915661811067,0.1,-23.407830905533228,-227.07830905533228,-1.0,SL,2019Q3,2019,1,2019-07-25 15:00:00+00:00,2019Q3,2019
523,16710,2019-07-25 16:00:00+00:00,16711,2019-07-25 16:30:00+00:00,SELL,1424.41,1418.519440384658,1427.3552798076712,1418.519440384658,0.1,58.20559615341999,589.0559615341999,1.9303547221501731,TP,2019Q3,2019,1,2019-07-25 16:00:00+00:00,2019Q3,2019
524,16878,2019-07-31 08:00:00+00:00,16880,2019-07-31 09:00:00+00:00,BUY,1429.11,1432.0647717449526,1427.6326141275235,1432.0647717449526,0.1,28.847717449527227,295.47717449527227,1.8642872448719428,TP,2019Q3,2019,2,2019-07-31 08:00:00+00:00,2019Q3,2019
525,16901,2019-07-31 19:30:00+00:00,16903,2019-07-31 20:30:00+00:00,SELL,1424.41,1426.831913959417,1426.831913959417,1419.566172081166,0.1,-24.919139594169973,-242.19139594169974,-1.0,SL,2019Q3,2019,2,2019-07-31 19:30:00+00:00,2019Q3,2019
526,16926,2019-08-01 09:00:00+00:00,16942,2019-08-01 17:00:00+00:00,SELL,1407.44,1410.8982843652561,1410.8982843652561,1400.5234312694881,0.1,-35.28284365256077,-345.8284365256077,-1.0,SL,2019Q3,2019,16,2019-08-01 09:00:00+00:00,2019Q3,2019
527,16943,2019-08-01 17:30:00+00:00,16948,2019-08-01 20:00:00+00:00,BUY,1411.87,1420.150962855115,1407.7295185724422,1420.150962855115,0.1,82.10962855115149,828.0962855115149,1.950124468279144,TP,2019Q3,2019,5,2019-08-01 17:30:00+00:00,2019Q3,2019
528,16986,2019-08-02 16:00:00+00:00,16987,2019-08-02 16:30:00+00:00,SELL,1434.25,1438.3441898679234,1438.3441898679234,1426.0616202641531,0.1,-41.64189867923433,-409.4189867923433,-1.0,SL,2019Q3,2019,1,2019-08-02 16:00:00+00:00,2019Q3,2019
529,17007,2019-08-05 03:30:00+00:00,17008,2019-08-05 04:00:00+00:00,BUY,1443.07,1439.3087942231678,1439.3087942231678,1450.5924115536643,0.1,-38.31205776832185,-376.12057768321847,-1.0,SL,2019Q3,2019,1,2019-08-05 03:30:00+00:00,2019Q3,2019
530,17028,2019-08-05 14:00:00+00:00,17034,2019-08-05 17:00:00+00:00,BUY,1458.55,1466.419278606083,1454.6153606969583,1466.419278606083,0.1,77.99278606083071,786.9278606083071,1.9475608203114008,TP,2019Q3,2019,6,2019-08-05 14:00:00+00:00,2019Q3,2019
531,17067,2019-08-06 10:30:00+00:00,17072,2019-08-06 13:00:00+00:00,SELL,1459.82,1464.6216407501468,1464.6216407501468,1450.2167184997063,0.1,-48.71640750146817,-480.16407501468166,-1.0,SL,2019Q3,2019,5,2019-08-06 10:30:00+00:00,2019Q3,2019
532,17087,2019-08-06 20:30:00+00:00,17089,2019-08-06 21:30:00+00:00,BUY,1472.49,1468.397178515894,1468.397178515894,1480.6756429682123,0.1,-41.628214841060256,-409.28214841060253,-1.0,SL,2019Q3,2019,2,2019-08-06 20:30:00+00:00,2019Q3,2019
533,17092,2019-08-06 23:00:00+00:00,17100,2019-08-07 04:00:00+00:00,BUY,1472.9,1480.473531321764,1469.113234339118,1480.473531321764,0.1,75.03531321763994,757.3531321763994,1.945550230824188,TP,2019Q3,2019,8,2019-08-06 23:00:00+00:00,2019Q3,2019
534,17138,2019-08-07 23:00:00+00:00,17144,2019-08-08 03:00:00+00:00,SELL,1495.26,1502.2836798752414,1502.2836798752414,1481.2126402495173,0.1,-70.93679875241442,-702.3679875241442,-1.0,SL,2019Q3,2019,6,2019-08-07 23:00:00+00:00,2019Q3,2019
535,17147,2019-08-08 04:30:00+00:00,17180,2019-08-08 21:00:00+00:00,SELL,1498.68,1505.1169071608826,1505.1169071608826,1485.8061856782347,0.1,-65.06907160882584,-643.6907160882583,-1.0,SL,2019Q3,2019,33,2019-08-08 04:30:00+00:00,2019Q3,2019
536,17239,2019-08-12 04:30:00+00:00,17250,2019-08-12 10:00:00+00:00,SELL,1496.14,1488.9253960693125,1499.747301965344,1488.9253960693125,0.1,71.44603930687644,721.4603930687645,1.942892913886563,TP,2019Q3,2019,11,2019-08-12 04:30:00+00:00,2019Q3,2019
537,17253,2019-08-12 11:30:00+00:00,17255,2019-08-12 12:30:00+00:00,BUY,1497.44,1504.6652626830883,1493.827368658456,1504.6652626830883,0.1,71.55262683088203,722.5262683088204,1.9429755572785765,TP,2019Q3,2019,2,2019-08-12 11:30:00+00:00,2019Q3,2019
538,17256,2019-08-12 13:00:00+00:00,17261,2019-08-12 15:30:00+00:00,BUY,1504.68,1500.5873839076633,1500.5873839076633,1512.8652321846737,0.1,-41.62616092336812,-409.26160923368116,-1.0,SL,2019Q3,2019,5,2019-08-12 13:00:00+00:00,2019Q3,2019
539,17285,2019-08-13 04:30:00+00:00,17295,2019-08-13 09:30:00+00:00,BUY,1516.5,1524.2176703951193,1512.6411648024405,1524.2176703951193,0.1,76.47670395119285,771.7670395119285,1.9465490433067238,TP,2019Q3,2019,10,2019-08-13 04:30:00+00:00,2019Q3,2019
540,17310,2019-08-13 17:00:00+00:00,17310,2019-08-13 17:00:00+00:00,SELL,1486.08,1493.8598081159525,1493.8598081159525,1470.520383768095,0.1,-78.4980811595262,-777.9808115952619,-1.0,SL,2019Q3,2019,0,2019-08-13 17:00:00+00:00,2019Q3,2019
541,17330,2019-08-14 04:00:00+00:00,17330,2019-08-14 04:00:00+00:00,BUY,1503.42,1498.3021881624222,1498.3021881624222,1513.6556236751555,0.1,-51.87811837577847,-511.7811837577847,-1.0,SL,2019Q3,2019,0,2019-08-14 04:00:00+00:00,2019Q3,2019
542,17349,2019-08-14 13:30:00+00:00,17351,2019-08-14 14:30:00+00:00,BUY,1507.33,1516.2814236889571,1502.8542881555213,1516.2814236889571,0.1,88.8142368895722,895.142368895722,1.953802615039254,TP,2019Q3,2019,2,2019-08-14 13:30:00+00:00,2019Q3,2019
543,17392,2019-08-15 12:00:00+00:00,17397,2019-08-15 14:30:00+00:00,BUY,1516.15,1511.4743194241319,1511.4743194241319,1525.5013611517368,0.1,-47.45680575868228,-467.56805758682276,-1.0,SL,2019Q3,2019,5,2019-08-15 12:00:00+00:00,2019Q3,2019
544,17420,2019-08-16 03:00:00+00:00,17423,2019-08-16 04:30:00+00:00,BUY,1526.69,1522.19528103614,1522.19528103614,1535.6794379277203,0.1,-45.64718963860123,-449.4718963860123,-1.0,SL,2019Q3,2019,3,2019-08-16 03:00:00+00:00,2019Q3,2019
545,17441,2019-08-16 13:30:00+00:00,17449,2019-08-16 17:30:00+00:00,BUY,1512.5,1508.4562605413075,1508.4562605413075,1520.5874789173847,0.1,-41.137394586924714,-404.3739458692471,-1.0,SL,2019Q3,2019,8,2019-08-16 13:30:00+00:00,2019Q3,2019
546,17456,2019-08-16 21:00:00+00:00,17462,2019-08-19 01:00:00+00:00,BUY,1514.69,1510.115530335077,1510.115530335077,1523.8389393298464,0.1,-46.44469664923072,-457.4469664923072,-1.0,SL,2019Q3,2019,6,2019-08-16 21:00:00+00:00,2019Q3,2019
547,17537,2019-08-20 15:30:00+00:00,17539,2019-08-20 16:30:00+00:00,SELL,1503.44,1506.2368073631426,1506.2368073631426,1497.8463852737152,0.1,-28.66807363142534,-279.6807363142534,-1.0,SL,2019Q3,2019,2,2019-08-20 15:30:00+00:00,2019Q3,2019
548,17564,2019-08-21 06:00:00+00:00,17572,2019-08-21 10:00:00+00:00,SELL,1503.45,1499.0611340699008,1505.6444329650496,1499.0611340699008,0.1,43.188659300992,438.88659300992003,1.9072615514606766,TP,2019Q3,2019,8,2019-08-21 06:00:00+00:00,2019Q3,2019
549,17601,2019-08-22 01:30:00+00:00,17606,2019-08-22 04:00:00+00:00,BUY,1503.16,1500.2870700100218,1500.2870700100218,1508.9058599799566,0.1,-29.429299899782745,-287.29299899782745,-1.0,SL,2019Q3,2019,5,2019-08-22 01:30:00+00:00,2019Q3,2019
550,17625,2019-08-22 13:30:00+00:00,17630,2019-08-22 16:00:00+00:00,SELL,1496.46,1498.8677642962543,1498.8677642962543,1491.6444714074912,0.1,-24.777642962542995,-240.77642962542996,-1.0,SL,2019Q3,2019,5,2019-08-22 13:30:00+00:00,2019Q3,2019
551,17637,2019-08-22 19:30:00+00:00,17674,2019-08-23 15:00:00+00:00,SELL,1498.2,1501.641217743979,1501.641217743979,1491.317564512042,0.1,-35.11217743978996,-344.12177439789957,-1.0,SL,2019Q3,2019,37,2019-08-22 19:30:00+00:00,2019Q3,2019
552,17678,2019-08-23 17:00:00+00:00,17678,2019-08-23 17:00:00+00:00,BUY,1505.48,1502.7251671846464,1502.7251671846464,1510.9896656307071,0.1,-28.248328153536658,-275.4832815353666,-1.0,SL_AMBIGUOUS_PESSIMISTIC,2019Q3,2019,0,2019-08-23 17:00:00+00:00,2019Q3,2019
553,17710,2019-08-26 10:00:00+00:00,17712,2019-08-26 11:00:00+00:00,SELL,1536.97,1526.9118809288836,1541.9990595355582,1526.9118809288836,0.1,99.8811907111638,1005.811907111638,1.95881593487278,TP,2019Q3,2019,2,2019-08-26 10:00:00+00:00,2019Q3,2019
554,17738,2019-08-27 01:00:00+00:00,17753,2019-08-27 08:30:00+00:00,SELL,1526.86,1530.7869590889295,1530.7869590889295,1519.006081822141,0.1,-39.96959088929607,-392.6959088929607,-1.0,SL,2019Q3,2019,15,2019-08-27 01:00:00+00:00,2019Q3,2019
555,17788,2019-08-28 03:00:00+00:00,17792,2019-08-28 05:00:00+00:00,BUY,1543.61,1540.73080013404,1540.73080013404,1549.3683997319195,0.1,-29.491998659598902,-287.91998659598903,-1.0,SL,2019Q3,2019,4,2019-08-28 03:00:00+00:00,2019Q3,2019
556,17811,2019-08-28 14:30:00+00:00,17812,2019-08-28 15:00:00+00:00,BUY,1545.05,1541.8892914885807,1541.8892914885807,1551.3714170228384,0.1,-32.30708511419216,-316.0708511419216,-1.0,SL,2019Q3,2019,1,2019-08-28 14:30:00+00:00,2019Q3,2019
557,17823,2019-08-28 20:30:00+00:00,17847,2019-08-29 09:30:00+00:00,BUY,1539.72,1547.3397988497934,1535.9101005751033,1547.3397988497934,0.1,75.49798849793369,761.9798849793369,1.9458748856600598,TP,2019Q3,2019,24,2019-08-28 20:30:00+00:00,2019Q3,2019
558,17853,2019-08-29 12:30:00+00:00,17854,2019-08-29 13:00:00+00:00,SELL,1536.72,1540.3739708311048,1540.3739708311048,1529.4120583377905,0.1,-37.23970831104744,-365.39708311047434,-1.0,SL,2019Q3,2019,1,2019-08-29 12:30:00+00:00,2019Q3,2019
559,17859,2019-08-29 15:30:00+00:00,17866,2019-08-29 19:00:00+00:00,BUY,1538.24,1534.7007562745814,1534.7007562745814,1545.3184874508374,0.1,-36.09243725418601,-353.92437254186007,-1.0,SL,2019Q3,2019,7,2019-08-29 15:30:00+00:00,2019Q3,2019
560,17904,2019-08-30 15:00:00+00:00,17904,2019-08-30 15:00:00+00:00,SELL,1523.93,1527.0453220327904,1527.0453220327904,1517.6993559344196,0.1,-31.853220327903454,-311.53220327903455,-1.0,SL,2019Q3,2019,0,2019-08-30 15:00:00+00:00,2019Q3,2019
561,17922,2019-09-02 01:00:00+00:00,17922,2019-09-02 01:00:00+00:00,SELL,1526.23,1530.1920354922443,1530.1920354922443,1518.3059290155115,0.1,-40.320354922442405,-396.203549224424,-1.0,SL,2019Q3,2019,0,2019-09-02 01:00:00+00:00,2019Q3,2019
562,17958,2019-09-02 19:00:00+00:00,17965,2019-09-03 03:30:00+00:00,BUY,1527.62,1524.5581915624869,1524.5581915624869,1533.743616875026,0.1,-31.318084375130365,-306.18084375130366,-1.0,SL,2019Q3,2019,7,2019-09-02 19:00:00+00:00,2019Q3,2019
563,17986,2019-09-03 14:00:00+00:00,17988,2019-09-03 15:00:00+00:00,SELL,1530.26,1533.1237768387384,1533.1237768387384,1524.5324463225234,0.1,-29.337768387384312,-286.3776838738431,-1.0,SL,2019Q3,2019,2,2019-09-03 14:00:00+00:00,2019Q3,2019
564,17991,2019-09-03 16:30:00+00:00,17992,2019-09-03 17:00:00+00:00,BUY,1537.28,1544.224502407054,1533.807748796473,1544.224502407054,0.1,68.7450240705396,694.450240705396,1.9407156669773489,TP,2019Q3,2019,1,2019-09-03 16:30:00+00:00,2019Q3,2019
565,18006,2019-09-04 01:00:00+00:00,18013,2019-09-04 04:30:00+00:00,BUY,1546.72,1542.9277175861855,1542.9277175861855,1554.304564827629,0.1,-38.62282413814519,-379.2282413814519,-1.0,SL,2019Q3,2019,7,2019-09-04 01:00:00+00:00,2019Q3,2019
566,18052,2019-09-05 01:00:00+00:00,18059,2019-09-05 04:30:00+00:00,SELL,1551.81,1544.350115925622,1555.539942037189,1544.350115925622,0.1,73.89884074377896,745.9884074377896,1.9447359991429367,TP,2019Q3,2019,7,2019-09-05 01:00:00+00:00,2019Q3,2019
567,18063,2019-09-05 06:30:00+00:00,18071,2019-09-05 10:30:00+00:00,BUY,1545.95,1542.359124269029,1542.359124269029,1553.1317514619418,0.1,-36.60875730970993,-359.08757309709927,-1.0,SL,2019Q3,2019,8,2019-09-05 06:30:00+00:00,2019Q3,2019
568,18084,2019-09-05 17:00:00+00:00,18084,2019-09-05 17:00:00+00:00,SELL,1525.64,1516.2464630273605,1530.33676848632,1516.2464630273605,0.1,93.23536972639594,939.3536972639595,1.9559449969926834,TP,2019Q3,2019,0,2019-09-05 17:00:00+00:00,2019Q3,2019
569,18106,2019-09-06 05:00:00+00:00,18112,2019-09-06 08:00:00+00:00,SELL,1515.19,1519.2014462294023,1519.2014462294023,1507.1671075411955,0.1,-40.81446229402282,-401.14462294022815,-1.0,SL,2019Q3,2019,6,2019-09-06 05:00:00+00:00,2019Q3,2019
570,18141,2019-09-06 22:30:00+00:00,18150,2019-09-09 04:00:00+00:00,SELL,1505.04,1511.3252338746831,1511.3252338746831,1492.4695322506334,0.1,-63.55233874683172,-628.5233874683172,-1.0,SL,2019Q3,2019,9,2019-09-06 22:30:00+00:00,2019Q3,2019
571,18228,2019-09-10 20:00:00+00:00,18270,2019-09-11 18:00:00+00:00,SELL,1491.11,1495.5406446762822,1495.5406446762822,1482.2487106474352,0.1,-45.00644676282327,-443.0644676282327,-1.0,SL,2019Q3,2019,42,2019-09-10 20:00:00+00:00,2019Q3,2019
572,18271,2019-09-11 18:30:00+00:00,18274,2019-09-11 20:00:00+00:00,BUY,1495.26,1491.78441579883,1491.78441579883,1502.2111684023398,0.1,-35.45584201170023,-347.55842011700224,-1.0,SL,2019Q3,2019,3,2019-09-11 18:30:00+00:00,2019Q3,2019
573,18285,2019-09-12 02:30:00+00:00,18296,2019-09-12 08:00:00+00:00,SELL,1493.54,1496.6138729471197,1496.6138729471197,1487.3922541057605,0.1,-31.43872947119753,-307.3872947119753,-1.0,SL,2019Q3,2019,11,2019-09-12 02:30:00+00:00,2019Q3,2019
574,18303,2019-09-12 11:30:00+00:00,18308,2019-09-12 14:00:00+00:00,BUY,1505.06,1501.8241541276511,1501.8241541276511,1511.5316917446978,0.1,-33.05845872348819,-323.58458723488184,-1.0,SL,2019Q3,2019,5,2019-09-12 11:30:00+00:00,2019Q3,2019
575,18329,2019-09-13 01:30:00+00:00,18345,2019-09-13 09:30:00+00:00,SELL,1496.8,1501.3746134318826,1501.3746134318826,1487.6507731362346,0.1,-46.44613431882654,-457.46134318826535,-1.0,SL,2019Q3,2019,16,2019-09-13 01:30:00+00:00,2019Q3,2019
576,18358,2019-09-13 16:00:00+00:00,18359,2019-09-13 16:30:00+00:00,SELL,1500.31,1504.2036398148512,1504.2036398148512,1492.5227203702977,0.1,-39.63639814851213,-389.36398148512126,-1.0,SL,2019Q3,2019,1,2019-09-13 16:00:00+00:00,2019Q3,2019
577,18364,2019-09-13 19:00:00+00:00,18374,2019-09-16 01:00:00+00:00,SELL,1490.69,1506.91,1495.4739189411648,1481.1221621176705,0.1,-162.90000000000026,-1622.0000000000027,-3.3560510996277664,SL_GAP_OPEN_PESSIMISTIC,2019Q3,2019,10,2019-09-13 19:00:00+00:00,2019Q3,2019
578,18378,2019-09-16 03:00:00+00:00,18395,2019-09-16 11:30:00+00:00,BUY,1506.29,1500.8649449621394,1500.8649449621394,1517.1401100757214,0.1,-54.950550378606025,-542.5055037860602,-1.0,SL,2019Q3,2019,17,2019-09-16 03:00:00+00:00,2019Q3,2019
579,18421,2019-09-17 01:30:00+00:00,18433,2019-09-17 07:30:00+00:00,BUY,1499.81,1496.3131070565637,1496.3131070565637,1506.8037858868722,0.1,-35.66892943436251,-349.6892943436251,-1.0,SL,2019Q3,2019,12,2019-09-17 01:30:00+00:00,2019Q3,2019
580,18515,2019-09-19 02:30:00+00:00,18523,2019-09-19 06:30:00+00:00,SELL,1490.82,1495.2091671476635,1495.2091671476635,1482.0416657046728,0.1,-44.59167147663557,-438.91671476635565,-1.0,SL,2019Q3,2019,8,2019-09-19 02:30:00+00:00,2019Q3,2019
581,18528,2019-09-19 09:00:00+00:00,18530,2019-09-19 10:00:00+00:00,BUY,1496.73,1493.73949841414,1493.73949841414,1502.7110031717202,0.1,-30.605015858601018,-299.0501585860102,-1.0,SL,2019Q3,2019,2,2019-09-19 09:00:00+00:00,2019Q3,2019
582,18562,2019-09-20 03:00:00+00:00,18571,2019-09-20 07:30:00+00:00,BUY,1499.77,1504.5173903467428,1497.3963048266285,1504.5173903467428,0.1,46.77390346742804,474.73903467428045,1.914064568163592,TP,2019Q3,2019,9,2019-09-20 03:00:00+00:00,2019Q3,2019
583,18601,2019-09-20 22:30:00+00:00,18604,2019-09-23 01:00:00+00:00,BUY,1515.99,1512.505947205937,1512.505947205937,1522.958105588126,0.1,-35.540527940630184,-348.4052794063018,-1.0,SL,2019Q3,2019,3,2019-09-20 22:30:00+00:00,2019Q3,2019
584,18628,2019-09-23 13:00:00+00:00,18634,2019-09-23 16:00:00+00:00,SELL,1518.04,1520.9632310691463,1520.9632310691463,1512.1935378617072,0.1,-29.93231069146368,-292.3231069146368,-1.0,SL,2019Q3,2019,6,2019-09-23 13:00:00+00:00,2019Q3,2019
585,18645,2019-09-23 21:30:00+00:00,18649,2019-09-23 23:30:00+00:00,BUY,1525.69,1522.4976165833896,1522.4976165833896,1532.0747668332208,0.1,-32.62383416610483,-319.23834166104825,-1.0,SL,2019Q3,2019,4,2019-09-23 21:30:00+00:00,2019Q3,2019
586,18650,2019-09-24 01:00:00+00:00,18681,2019-09-24 16:30:00+00:00,SELL,1521.95,1516.1377321264818,1524.856133936759,1516.1377321264818,0.1,57.42267873518294,581.2267873518294,1.929438659528724,TP,2019Q3,2019,31,2019-09-24 01:00:00+00:00,2019Q3,2019
587,18706,2019-09-25 06:00:00+00:00,18717,2019-09-25 11:30:00+00:00,SELL,1528.99,1532.2829877488014,1532.2829877488014,1522.4040245023973,0.1,-33.62987748801352,-329.29877488013517,-1.0,SL,2019Q3,2019,11,2019-09-25 06:00:00+00:00,2019Q3,2019
588,18832,2019-09-27 23:00:00+00:00,18854,2019-09-30 11:00:00+00:00,SELL,1496.28,1487.4629768195764,1500.6885115902116,1487.4629768195764,0.1,87.47023180423575,881.7023180423575,1.9531094213401716,TP,2019Q3,2019,22,2019-09-27 23:00:00+00:00,2019Q3,2019
589,18868,2019-09-30 18:00:00+00:00,18868,2019-09-30 18:00:00+00:00,SELL,1480.65,1472.5582088225174,1484.6958955887415,1472.5582088225174,0.1,80.21791177482719,809.1791177482719,1.948978297560697,TP,2019Q3,2019,0,2019-09-30 18:00:00+00:00,2019Q3,2019
590,18924,2019-10-01 23:00:00+00:00,18938,2019-10-02 07:00:00+00:00,BUY,1481.19,1476.770043645732,1476.770043645732,1490.0299127085361,0.1,-44.89956354268152,-441.99563542681517,-1.0,SL,2019Q4,2019,14,2019-10-01 23:00:00+00:00,2019Q4,2019
591,18945,2019-10-02 10:30:00+00:00,18946,2019-10-02 11:00:00+00:00,BUY,1482.53,1479.4457157172255,1479.4457157172255,1488.698568565549,0.1,-31.542842827744334,-308.42842827744334,-1.0,SL,2019Q4,2019,1,2019-10-02 10:30:00+00:00,2019Q4,2019
592,18983,2019-10-03 06:30:00+00:00,18988,2019-10-03 09:00:00+00:00,SELL,1499.4,1502.3813176477693,1502.3813176477693,1493.4373647044615,0.1,-30.51317647769174,-298.1317647769174,-1.0,SL,2019Q4,2019,5,2019-10-03 06:30:00+00:00,2019Q4,2019
593,18994,2019-10-03 12:00:00+00:00,18996,2019-10-03 13:00:00+00:00,BUY,1502.83,1499.400440058441,1499.400440058441,1509.6891198831179,0.1,-34.99559941558864,-342.9559941558864,-1.0,SL,2019Q4,2019,2,2019-10-03 12:00:00+00:00,2019Q4,2019
594,19088,2019-10-07 13:00:00+00:00,19089,2019-10-07 13:30:00+00:00,BUY,1502.98,1500.262533089502,1500.262533089502,1508.4149338209959,0.1,-27.87466910497933,-271.7466910497933,-1.0,SL,2019Q4,2019,1,2019-10-07 13:00:00+00:00,2019Q4,2019
595,19137,2019-10-08 14:30:00+00:00,19138,2019-10-08 15:00:00+00:00,BUY,1506.37,1503.2536220344482,1503.2536220344482,1512.6027559311033,0.1,-31.863779655516918,-311.6377965551692,-1.0,SL,2019Q4,2019,1,2019-10-08 14:30:00+00:00,2019Q4,2019
596,19185,2019-10-09 15:30:00+00:00,19194,2019-10-09 20:00:00+00:00,BUY,1507.08,1503.7488798183654,1503.7488798183654,1513.742240363269,0.1,-34.011201816345604,-333.112018163456,-1.0,SL,2019Q4,2019,9,2019-10-09 15:30:00+00:00,2019Q4,2019
597,19206,2019-10-10 03:00:00+00:00,19231,2019-10-10 15:30:00+00:00,SELL,1511.56,1503.145174283307,1515.7674128583465,1503.145174283307,0.1,83.4482571669303,841.4825716693031,1.9509049028105323,TP,2019Q4,2019,25,2019-10-10 03:00:00+00:00,2019Q4,2019
598,19234,2019-10-10 17:00:00+00:00,19242,2019-10-10 21:00:00+00:00,SELL,1494.53,1498.982751821905,1498.982751821905,1485.6244963561903,0.1,-45.2275182190494,-445.275182190494,-1.0,SL,2019Q4,2019,8,2019-10-10 17:00:00+00:00,2019Q4,2019
599,19272,2019-10-11 13:00:00+00:00,19275,2019-10-11 14:30:00+00:00,SELL,1495.01,1488.7797464635735,1498.1251267682132,1488.7797464635735,0.1,61.602535364265165,623.0253536426517,1.9340685582452335,TP,2019Q4,2019,3,2019-10-11 13:00:00+00:00,2019Q4,2019
600,19353,2019-10-15 07:30:00+00:00,19356,2019-10-15 09:00:00+00:00,SELL,1494.01,1490.288563510221,1495.8707182448895,1490.288563510221,0.1,36.5143648977908,372.143648977908,1.8912321875261429,TP,2019Q4,2019,3,2019-10-15 07:30:00+00:00,2019Q4,2019
601,19370,2019-10-15 16:00:00+00:00,19372,2019-10-15 17:00:00+00:00,SELL,1490.88,1485.3867221387773,1493.6266389306115,1485.3867221387773,0.1,54.2327786122285,549.327786122285,1.9254430528110273,TP,2019Q4,2019,2,2019-10-15 16:00:00+00:00,2019Q4,2019
602,19399,2019-10-16 07:30:00+00:00,19402,2019-10-16 09:00:00+00:00,BUY,1484.45,1482.3516798854039,1482.3516798854039,1488.6466402291926,0.1,-21.68320114596163,-209.8320114596163,-1.0,SL,2019Q4,2019,3,2019-10-16 07:30:00+00:00,2019Q4,2019
603,19409,2019-10-16 12:30:00+00:00,19415,2019-10-16 15:30:00+00:00,SELL,1482.44,1485.215504048617,1485.215504048617,1476.8889919027663,0.1,-28.455040486169946,-277.55040486169946,-1.0,SL,2019Q4,2019,6,2019-10-16 12:30:00+00:00,2019Q4,2019
604,19421,2019-10-16 18:30:00+00:00,19455,2019-10-17 12:30:00+00:00,BUY,1487.77,1483.4741148610606,1483.4741148610606,1496.361770277879,0.1,-43.658851389394115,-429.5885138939411,-1.0,SL,2019Q4,2019,34,2019-10-16 18:30:00+00:00,2019Q4,2019
605,19456,2019-10-17 13:00:00+00:00,19458,2019-10-17 14:00:00+00:00,SELL,1485.72,1488.4842442481154,1488.4842442481154,1480.1915115037696,0.1,-28.342442481153466,-276.42442481153466,-1.0,SL,2019Q4,2019,2,2019-10-17 13:00:00+00:00,2019Q4,2019
606,19461,2019-10-17 15:30:00+00:00,19461,2019-10-17 15:30:00+00:00,BUY,1491.67,1488.6825466191256,1488.6825466191256,1497.644906761749,0.1,-30.574533808745127,-298.7453380874513,-1.0,SL,2019Q4,2019,0,2019-10-17 15:30:00+00:00,2019Q4,2019
607,19495,2019-10-18 09:30:00+00:00,19504,2019-10-18 14:00:00+00:00,SELL,1489.84,1485.8405225255829,1491.8397387372086,1485.8405225255829,0.1,39.294774744170624,399.94774744170627,1.89853791871169,TP,2019Q4,2019,9,2019-10-18 09:30:00+00:00,2019Q4,2019
608,19558,2019-10-21 18:00:00+00:00,19565,2019-10-21 21:30:00+00:00,SELL,1488.31,1483.0113035005481,1490.9593482497257,1483.0113035005481,0.1,52.28696499451807,529.8696499451808,1.922775613597505,TP,2019Q4,2019,7,2019-10-21 18:00:00+00:00,2019Q4,2019
609,19566,2019-10-21 22:00:00+00:00,19588,2019-10-22 10:00:00+00:00,SELL,1483.61,1486.2730322883042,1486.2730322883042,1478.2839354233915,0.1,-27.330322883042935,-266.30322883042936,-1.0,SL,2019Q4,2019,22,2019-10-21 22:00:00+00:00,2019Q4,2019
610,19589,2019-10-22 10:30:00+00:00,19598,2019-10-22 15:00:00+00:00,BUY,1487.27,1485.436907957172,1485.436907957172,1490.9361840856557,0.1,-19.03092042827957,-183.3092042827957,-1.0,SL,2019Q4,2019,9,2019-10-22 10:30:00+00:00,2019Q4,2019
611,19638,2019-10-23 12:00:00+00:00,19640,2019-10-23 13:00:00+00:00,BUY,1494.85,1492.9267174638267,1492.9267174638267,1498.6965650723464,0.1,-19.932825361732466,-192.32825361732466,-1.0,SL,2019Q4,2019,2,2019-10-23 12:00:00+00:00,2019Q4,2019
612,19654,2019-10-23 20:00:00+00:00,19691,2019-10-24 15:30:00+00:00,SELL,1492.22,1494.607337892151,1494.607337892151,1487.445324215698,0.1,-24.57337892150981,-238.7337892150981,-1.0,SL,2019Q4,2019,37,2019-10-23 20:00:00+00:00,2019Q4,2019
613,19698,2019-10-24 19:00:00+00:00,19698,2019-10-24 19:00:00+00:00,SELL,1499.7,1502.5651938774713,1502.5651938774713,1493.9696122450575,0.1,-29.35193877471256,-286.5193877471256,-1.0,SL,2019Q4,2019,0,2019-10-24 19:00:00+00:00,2019Q4,2019
614,19706,2019-10-24 23:00:00+00:00,19723,2019-10-25 08:30:00+00:00,SELL,1501.91,1504.3428827748805,1504.3428827748805,1497.0442344502392,0.1,-25.02882774880454,-243.28827748804542,-1.0,SL,2019Q4,2019,17,2019-10-24 23:00:00+00:00,2019Q4,2019
615,19734,2019-10-25 14:00:00+00:00,19735,2019-10-25 14:30:00+00:00,BUY,1505.93,1509.6632855603377,1504.0633572198312,1509.6632855603377,0.1,36.632855603376626,373.3285560337663,1.8915649276415898,TP,2019Q4,2019,1,2019-10-25 14:00:00+00:00,2019Q4,2019
616,19743,2019-10-25 18:30:00+00:00,19745,2019-10-25 19:30:00+00:00,SELL,1508.45,1502.201377326876,1511.574311336562,1502.201377326876,0.1,61.786226731241456,624.8622673124146,1.9342581301966026,TP,2019Q4,2019,2,2019-10-25 18:30:00+00:00,2019Q4,2019
617,19981,2019-11-01 21:30:00+00:00,20002,2019-11-04 10:00:00+00:00,BUY,1512.04,1508.798057543785,1508.798057543785,1518.5238849124298,0.1,-33.11942456214929,-324.1942456214929,-1.0,SL,2019Q4,2019,21,2019-11-01 21:30:00+00:00,2019Q4,2019
618,20013,2019-11-04 15:30:00+00:00,20018,2019-11-04 18:00:00+00:00,SELL,1510.71,1505.9102292202972,1513.1098853898513,1505.9102292202972,0.1,47.297707797028394,479.977077970284,1.9149758118888198,TP,2019Q4,2019,5,2019-11-04 15:30:00+00:00,2019Q4,2019
619,20043,2019-11-05 07:30:00+00:00,20044,2019-11-05 08:00:00+00:00,BUY,1506.51,1504.800858142452,1504.800858142452,1509.9282837150963,0.1,-17.791418575480474,-170.91418575480475,-1.0,SL,2019Q4,2019,1,2019-11-05 07:30:00+00:00,2019Q4,2019
620,20047,2019-11-05 09:30:00+00:00,20048,2019-11-05 10:00:00+00:00,BUY,1507.24,1505.1877372554814,1505.1877372554814,1511.3445254890376,0.1,-21.22262744518657,-205.22627445186572,-1.0,SL,2019Q4,2019,1,2019-11-05 09:30:00+00:00,2019Q4,2019
621,20057,2019-11-05 14:30:00+00:00,20058,2019-11-05 15:00:00+00:00,SELL,1501.3,1496.5941365079934,1503.6529317460033,1496.5941365079934,0.1,46.358634920065285,470.5863492006529,1.9133281404453006,TP,2019Q4,2019,1,2019-11-05 14:30:00+00:00,2019Q4,2019
622,20076,2019-11-06 01:00:00+00:00,20078,2019-11-06 02:00:00+00:00,SELL,1482.7,1485.5117673170212,1485.5117673170212,1477.076465365958,0.1,-28.81767317021122,-281.1767317021122,-1.0,SL,2019Q4,2019,2,2019-11-06 01:00:00+00:00,2019Q4,2019
623,20103,2019-11-06 14:30:00+00:00,20104,2019-11-06 15:00:00+00:00,SELL,1484.08,1486.3624960438494,1486.3624960438494,1479.5150079123011,0.1,-23.524960438495054,-228.24960438495054,-1.0,SL,2019Q4,2019,1,2019-11-06 14:30:00+00:00,2019Q4,2019
624,20105,2019-11-06 15:30:00+00:00,20111,2019-11-06 18:30:00+00:00,BUY,1487.05,1491.7274676674544,1484.7112661662727,1491.7274676674544,0.1,46.07467667454493,467.74676674544935,1.9128172664577685,TP,2019Q4,2019,6,2019-11-06 15:30:00+00:00,2019Q4,2019
625,20112,2019-11-06 19:00:00+00:00,20113,2019-11-06 19:30:00+00:00,BUY,1492.87,1489.8595466523993,1489.8595466523993,1498.890906695201,0.1,-30.8045334760056,-301.045334760056,-1.0,SL,2019Q4,2019,1,2019-11-06 19:00:00+00:00,2019Q4,2019
626,20136,2019-11-07 08:00:00+00:00,20138,2019-11-07 09:00:00+00:00,SELL,1490.83,1487.7685751208342,1492.3607124395828,1487.7685751208342,0.1,29.914248791657702,306.142487916577,1.8688084162982317,TP,2019Q4,2019,2,2019-11-07 08:00:00+00:00,2019Q4,2019
627,20143,2019-11-07 11:30:00+00:00,20152,2019-11-07 16:00:00+00:00,SELL,1484.98,1487.2001192537655,1487.2001192537655,1480.5397614924693,0.1,-22.901192537654605,-222.01192537654606,-1.0,SL,2019Q4,2019,9,2019-11-07 11:30:00+00:00,2019Q4,2019
628,20189,2019-11-08 11:30:00+00:00,20194,2019-11-08 14:00:00+00:00,SELL,1467.46,1461.7864098281314,1470.2967950859343,1461.7864098281314,0.1,56.035901718686816,567.3590171868682,1.9277554854086731,TP,2019Q4,2019,5,2019-11-08 11:30:00+00:00,2019Q4,2019
629,20236,2019-11-11 12:00:00+00:00,20239,2019-11-11 13:30:00+00:00,BUY,1465.91,1463.949959065376,1463.949959065376,1469.8300818692478,0.1,-20.300409346239757,-196.00409346239758,-1.0,SL,2019Q4,2019,3,2019-11-11 12:00:00+00:00,2019Q4,2019
630,20246,2019-11-11 17:00:00+00:00,20246,2019-11-11 17:00:00+00:00,SELL,1459.49,1455.1662557913623,1461.651872104319,1455.1662557913623,0.1,42.53744208637663,432.3744208637663,1.9059085869688268,TP,2019Q4,2019,0,2019-11-11 17:00:00+00:00,2019Q4,2019
631,20281,2019-11-12 11:30:00+00:00,20284,2019-11-12 13:00:00+00:00,BUY,1454.67,1451.9230965962154,1451.9230965962154,1460.1638068075692,0.1,-28.169034037846995,-274.69034037846995,-1.0,SL,2019Q4,2019,3,2019-11-12 11:30:00+00:00,2019Q4,2019
632,20285,2019-11-12 13:30:00+00:00,20293,2019-11-12 17:30:00+00:00,SELL,1453.32,1447.9090503636248,1456.0254748181874,1447.9090503636248,0.1,53.409496363751074,541.0949636375108,1.9243372706451303,TP,2019Q4,2019,8,2019-11-12 13:30:00+00:00,2019Q4,2019
633,20296,2019-11-12 19:00:00+00:00,20317,2019-11-13 06:30:00+00:00,BUY,1453.71,1460.635951466409,1450.2470242667955,1460.635951466409,0.1,68.5595146640906,692.595146640906,1.9405600219593007,TP,2019Q4,2019,21,2019-11-12 19:00:00+00:00,2019Q4,2019
634,20340,2019-11-13 18:00:00+00:00,20341,2019-11-13 18:30:00+00:00,BUY,1465.6,1462.7246498585334,1462.7246498585334,1471.3507002829328,0.1,-29.453501414664697,-287.535014146647,-1.0,SL,2019Q4,2019,1,2019-11-13 18:00:00+00:00,2019Q4,2019
635,20371,2019-11-14 10:30:00+00:00,20384,2019-11-14 17:00:00+00:00,BUY,1468.59,1466.3873737049332,1466.3873737049332,1472.9952525901333,0.1,-22.726262950666932,-220.26262950666933,-1.0,SL,2019Q4,2019,13,2019-11-14 10:30:00+00:00,2019Q4,2019
636,20402,2019-11-15 03:00:00+00:00,20431,2019-11-15 17:30:00+00:00,SELL,1466.91,1469.141552182192,1469.141552182192,1462.4468956356163,0.1,-23.0155218219199,-223.155218219199,-1.0,SL,2019Q4,2019,29,2019-11-15 03:00:00+00:00,2019Q4,2019
637,20439,2019-11-15 21:30:00+00:00,20444,2019-11-18 01:00:00+00:00,SELL,1466.0,1468.149622324931,1468.149622324931,1461.7007553501378,0.1,-22.196223249309877,-214.96223249309878,-1.0,SL,2019Q4,2019,5,2019-11-15 21:30:00+00:00,2019Q4,2019
638,20463,2019-11-18 10:30:00+00:00,20472,2019-11-18 15:00:00+00:00,SELL,1460.35,1462.3162527262243,1462.3162527262243,1456.417494547551,0.1,-20.36252726224411,-196.62527262244112,-1.0,SL,2019Q4,2019,9,2019-11-18 10:30:00+00:00,2019Q4,2019
639,20528,2019-11-19 20:00:00+00:00,20532,2019-11-19 22:00:00+00:00,BUY,1474.65,1471.8854131886887,1471.8854131886887,1480.1791736226228,0.1,-28.345868113113465,-276.45868113113465,-1.0,SL,2019Q4,2019,4,2019-11-19 20:00:00+00:00,2019Q4,2019
640,20541,2019-11-20 03:30:00+00:00,20562,2019-11-20 14:00:00+00:00,BUY,1474.9,1472.5326712367644,1472.5326712367644,1479.6346575264715,0.1,-24.373287632357187,-236.73287632357187,-1.0,SL,2019Q4,2019,21,2019-11-20 03:30:00+00:00,2019Q4,2019
641,20579,2019-11-20 22:30:00+00:00,20595,2019-11-21 07:30:00+00:00,BUY,1473.46,1469.8892104889248,1469.8892104889248,1480.6015790221504,0.1,-36.40789511075191,-357.07895110751906,-1.0,SL,2019Q4,2019,16,2019-11-20 22:30:00+00:00,2019Q4,2019
642,20611,2019-11-21 15:30:00+00:00,20611,2019-11-21 15:30:00+00:00,SELL,1468.4,1471.0068483874577,1471.0068483874577,1463.186303225085,0.1,-26.76848387457603,-260.6848387457603,-1.0,SL,2019Q4,2019,0,2019-11-21 15:30:00+00:00,2019Q4,2019
643,20620,2019-11-21 20:00:00+00:00,20644,2019-11-22 09:00:00+00:00,SELL,1465.18,1468.403585150238,1468.403585150238,1458.7328296995242,0.1,-32.93585150238023,-322.3585150238023,-1.0,SL,2019Q4,2019,24,2019-11-21 20:00:00+00:00,2019Q4,2019
644,20679,2019-11-25 03:30:00+00:00,20681,2019-11-25 04:30:00+00:00,SELL,1460.08,1462.0837465592742,1462.0837465592742,1456.0725068814513,0.1,-20.737465592743046,-200.37465592743047,-1.0,SL,2019Q4,2019,2,2019-11-25 03:30:00+00:00,2019Q4,2019
645,20688,2019-11-25 08:00:00+00:00,20703,2019-11-25 15:30:00+00:00,SELL,1458.33,1454.8825963834531,1460.0537018082732,1454.8825963834531,0.1,33.774036165468075,344.7403616546808,1.882923683841335,TP,2019Q4,2019,15,2019-11-25 08:00:00+00:00,2019Q4,2019
646,20706,2019-11-25 17:00:00+00:00,20708,2019-11-25 18:00:00+00:00,BUY,1459.54,1457.1308917128856,1457.1308917128856,1464.3582165742287,0.1,-24.791082871143498,-240.910828711435,-1.0,SL,2019Q4,2019,2,2019-11-25 17:00:00+00:00,2019Q4,2019
647,20747,2019-11-26 14:30:00+00:00,20751,2019-11-26 16:30:00+00:00,SELL,1456.69,1453.2234737958524,1458.4232631020739,1453.2234737958524,0.1,33.96526204147612,346.65262041476126,1.8835444479740677,TP,2019Q4,2019,4,2019-11-26 14:30:00+00:00,2019Q4,2019
648,20801,2019-11-27 18:30:00+00:00,20801,2019-11-27 18:30:00+00:00,SELL,1452.97,1455.1463126332214,1455.1463126332214,1448.6173747335572,0.1,-22.46312633221414,-217.63126332214142,-1.0,SL,2019Q4,2019,0,2019-11-27 18:30:00+00:00,2019Q4,2019
649,20816,2019-11-28 03:00:00+00:00,20820,2019-11-28 05:00:00+00:00,BUY,1457.74,1455.839217660458,1455.839217660458,1461.5415646790843,0.1,-19.707823395420473,-190.07823395420473,-1.0,SL,2019Q4,2019,4,2019-11-28 03:00:00+00:00,2019Q4,2019
650,20842,2019-11-28 16:00:00+00:00,20842,2019-11-28 16:00:00+00:00,BUY,1456.66,1455.3700550310905,1455.3700550310905,1459.2398899378193,0.1,-13.599449689095945,-128.99449689095945,-1.0,SL,2019Q4,2019,0,2019-11-28 16:00:00+00:00,2019Q4,2019
651,20845,2019-11-28 17:30:00+00:00,20847,2019-11-28 18:30:00+00:00,SELL,1454.76,1456.104928606667,1456.104928606667,1452.0701427866659,0.1,-14.149286066670538,-134.49286066670538,-1.0,SL,2019Q4,2019,2,2019-11-28 17:30:00+00:00,2019Q4,2019
652,20859,2019-11-29 05:30:00+00:00,20859,2019-11-29 05:30:00+00:00,BUY,1458.57,1457.3315654336955,1457.3315654336955,1461.046869132609,0.1,-13.084345663044768,-123.84345663044769,-1.0,SL,2019Q4,2019,0,2019-11-29 05:30:00+00:00,2019Q4,2019
653,20891,2019-12-02 01:30:00+00:00,20908,2019-12-02 10:00:00+00:00,SELL,1462.1,1457.211451099258,1464.544274450371,1457.211451099258,0.1,48.185489007418525,488.8548900741853,1.9164768985465221,TP,2019Q4,2019,17,2019-12-02 01:30:00+00:00,2019Q4,2019
654,20909,2019-12-02 10:30:00+00:00,20914,2019-12-02 13:00:00+00:00,SELL,1455.25,1457.085068478311,1457.085068478311,1451.5798630433776,0.1,-19.050684783110864,-183.50684783110864,-1.0,SL,2019Q4,2019,5,2019-12-02 10:30:00+00:00,2019Q4,2019
655,20979,2019-12-03 22:30:00+00:00,20990,2019-12-04 05:00:00+00:00,SELL,1476.72,1479.4080267290433,1479.4080267290433,1471.3439465419135,0.1,-27.580267290432584,-268.80267290432585,-1.0,SL,2019Q4,2019,11,2019-12-03 22:30:00+00:00,2019Q4,2019
656,20998,2019-12-04 09:00:00+00:00,21002,2019-12-04 11:00:00+00:00,BUY,1481.48,1479.6817344291535,1479.6817344291535,1485.076531141693,0.1,-18.682655708465244,-179.82655708465245,-1.0,SL,2019Q4,2019,4,2019-12-04 09:00:00+00:00,2019Q4,2019
657,21056,2019-12-05 15:00:00+00:00,21056,2019-12-05 15:00:00+00:00,BUY,1476.52,1474.6447807162706,1474.6447807162706,1480.2704385674585,0.1,-19.452192837293932,-187.52192837293933,-1.0,SL,2019Q4,2019,0,2019-12-05 15:00:00+00:00,2019Q4,2019
658,21146,2019-12-09 14:00:00+00:00,21148,2019-12-09 15:00:00+00:00,BUY,1464.09,1462.718669301263,1462.718669301263,1466.8326613974739,0.1,-14.413306987369833,-137.13306987369833,-1.0,SL,2019Q4,2019,2,2019-12-09 14:00:00+00:00,2019Q4,2019
659,21164,2019-12-09 23:00:00+00:00,21185,2019-12-10 10:30:00+00:00,BUY,1460.88,1464.0789523855951,1459.2805238072026,1464.0789523855951,0.1,31.28952385595021,319.8952385595021,1.8742120427317346,TP,2019Q4,2019,21,2019-12-09 23:00:00+00:00,2019Q4,2019
660,21201,2019-12-10 18:30:00+00:00,21203,2019-12-10 19:30:00+00:00,SELL,1463.26,1465.6001971952662,1465.6001971952662,1458.5796056094675,0.1,-24.10197195266228,-234.0197195266228,-1.0,SL,2019Q4,2019,2,2019-12-10 18:30:00+00:00,2019Q4,2019
661,21239,2019-12-11 14:30:00+00:00,21239,2019-12-11 14:30:00+00:00,SELL,1465.84,1467.3124928421703,1467.3124928421703,1462.8950143156592,0.1,-15.42492842170368,-147.2492842170368,-1.0,SL,2019Q4,2019,0,2019-12-11 14:30:00+00:00,2019Q4,2019
662,21269,2019-12-12 06:30:00+00:00,21286,2019-12-12 15:00:00+00:00,SELL,1474.89,1476.5821298057906,1476.5821298057906,1471.505740388419,0.1,-17.621298057905005,-169.21298057905005,-1.0,SL,2019Q4,2019,17,2019-12-12 06:30:00+00:00,2019Q4,2019
663,21287,2019-12-12 15:30:00+00:00,21287,2019-12-12 15:30:00+00:00,BUY,1478.88,1482.4822858891823,1477.0788570554091,1482.4822858891823,0.1,35.32285889182212,360.22858891822125,1.8877691303025081,TP,2019Q4,2019,0,2019-12-12 15:30:00+00:00,2019Q4,2019
664,21334,2019-12-13 16:00:00+00:00,21334,2019-12-13 16:00:00+00:00,SELL,1468.24,1471.3745797596146,1471.3745797596146,1461.970840480771,0.1,-32.04579759614553,-313.4579759614553,-1.0,SL,2019Q4,2019,0,2019-12-13 16:00:00+00:00,2019Q4,2019
665,21339,2019-12-13 18:30:00+00:00,21459,2019-12-18 09:30:00+00:00,BUY,1476.4,1477.72,1472.3767101362407,1484.446579727519,0.1,12.499999999999364,131.99999999999363,0.30537783582516853,TIME_EXIT,2019Q4,2019,120,2019-12-13 18:30:00+00:00,2019Q4,2019
666,21471,2019-12-18 15:30:00+00:00,21472,2019-12-18 16:00:00+00:00,SELL,1472.02,1473.779461636858,1473.779461636858,1468.5010767262836,0.1,-18.294616368580773,-175.94616368580773,-1.0,SL,2019Q4,2019,1,2019-12-18 15:30:00+00:00,2019Q4,2019
667,21561,2019-12-20 14:30:00+00:00,21563,2019-12-20 15:30:00+00:00,BUY,1478.98,1477.886356503376,1477.886356503376,1481.1672869932484,0.1,-11.63643496624054,-109.3643496624054,-1.0,SL,2019Q4,2019,2,2019-12-20 14:30:00+00:00,2019Q4,2019
668,21596,2019-12-23 09:00:00+00:00,21598,2019-12-23 10:00:00+00:00,BUY,1483.6,1482.376952858457,1482.376952858457,1486.046094283086,0.1,-12.930471415430201,-122.30471415430202,-1.0,SL,2019Q4,2019,2,2019-12-23 09:00:00+00:00,2019Q4,2019
669,21617,2019-12-23 19:30:00+00:00,21632,2019-12-24 04:00:00+00:00,BUY,1484.45,1487.764893214144,1482.792553392928,1487.764893214144,0.1,32.448932141439215,331.4893214143922,1.87843329041819,TP,2019Q4,2019,15,2019-12-23 19:30:00+00:00,2019Q4,2019
670,21657,2019-12-24 16:30:00+00:00,21658,2019-12-24 17:00:00+00:00,BUY,1491.44,1494.5478599990738,1489.8860700004632,1494.5478599990738,0.1,30.37859999073753,310.7859999073753,1.870684081173518,TP,2019Q4,2019,1,2019-12-24 16:30:00+00:00,2019Q4,2019
671,21681,2019-12-26 18:30:00+00:00,21685,2019-12-26 20:30:00+00:00,SELL,1507.83,1510.4909413112282,1510.4909413112282,1502.5081173775432,0.1,-27.30941311228271,-266.0941311228271,-1.0,SL,2019Q4,2019,4,2019-12-26 18:30:00+00:00,2019Q4,2019
672,21733,2019-12-27 21:30:00+00:00,21740,2019-12-30 02:00:00+00:00,SELL,1512.23,1514.278148086977,1514.278148086977,1508.1337038260465,0.1,-21.1814808697688,-204.81480869768802,-1.0,SL,2019Q4,2019,7,2019-12-27 21:30:00+00:00,2019Q4,2019
673,21853,2020-01-03 02:30:00+00:00,21855,2020-01-03 03:30:00+00:00,BUY,1530.21,1534.5651742827379,1528.0324128586312,1534.5651742827379,0.1,42.851742827378345,435.5174282737835,1.906566470267364,TP,2020Q1,2020,2,2020-01-03 02:30:00+00:00,2020Q1,2020
674,21863,2020-01-03 07:30:00+00:00,21870,2020-01-03 11:00:00+00:00,BUY,1540.55,1546.2403578187264,1537.7048210906366,1546.2403578187264,0.1,56.20357818726397,569.0357818726397,1.9279632549049648,TP,2020Q1,2020,7,2020-01-03 07:30:00+00:00,2020Q1,2020
675,21879,2020-01-03 15:30:00+00:00,21879,2020-01-03 15:30:00+00:00,SELL,1542.56,1545.9868447621818,1545.9868447621818,1535.7063104756362,0.1,-34.968447621818726,-342.6844762181872,-1.0,SL,2020Q1,2020,0,2020-01-03 15:30:00+00:00,2020Q1,2020
676,21901,2020-01-06 03:30:00+00:00,21928,2020-01-06 17:00:00+00:00,BUY,1574.52,1568.3978539893287,1568.3978539893287,1586.7642920213425,0.1,-61.92146010671259,-612.2146010671258,-1.0,SL,2020Q1,2020,27,2020-01-06 03:30:00+00:00,2020Q1,2020
677,21943,2020-01-07 01:30:00+00:00,21947,2020-01-07 03:30:00+00:00,SELL,1564.07,1556.943247334404,1567.6333763327978,1556.943247334404,0.1,70.56752665595859,712.6752665595859,1.9422025188791643,TP,2020Q1,2020,4,2020-01-07 01:30:00+00:00,2020Q1,2020
678,21960,2020-01-07 10:00:00+00:00,21960,2020-01-07 10:00:00+00:00,BUY,1569.37,1565.6441327650505,1565.6441327650505,1576.8217344698987,0.1,-37.958672349494194,-372.5867234949419,-1.0,SL,2020Q1,2020,0,2020-01-07 10:00:00+00:00,2020Q1,2020
679,21968,2020-01-07 14:00:00+00:00,21969,2020-01-07 14:30:00+00:00,BUY,1567.72,1564.2487012951137,1564.2487012951137,1574.6625974097724,0.1,-35.412987048862945,-347.1298704886294,-1.0,SL,2020Q1,2020,1,2020-01-07 14:00:00+00:00,2020Q1,2020
680,22032,2020-01-08 23:00:00+00:00,22048,2020-01-09 08:00:00+00:00,BUY,1560.06,1553.269609770015,1553.269609770015,1573.6407804599696,0.1,-68.60390229984951,-679.039022998495,-1.0,SL,2020Q1,2020,16,2020-01-08 23:00:00+00:00,2020Q1,2020
681,22064,2020-01-09 16:00:00+00:00,22072,2020-01-09 20:00:00+00:00,SELL,1549.76,1554.2170327345898,1554.2170327345898,1540.8459345308204,0.1,-45.270327345898025,-445.7032734589802,-1.0,SL,2020Q1,2020,8,2020-01-09 16:00:00+00:00,2020Q1,2020
682,22105,2020-01-10 13:30:00+00:00,22108,2020-01-10 15:00:00+00:00,BUY,1550.12,1547.5843515909285,1547.5843515909285,1555.1912968181427,0.1,-26.056484090714275,-253.56484090714275,-1.0,SL,2020Q1,2020,3,2020-01-10 13:30:00+00:00,2020Q1,2020
683,22140,2020-01-13 08:00:00+00:00,22145,2020-01-13 10:30:00+00:00,SELL,1555.06,1550.9365157578534,1557.121742121073,1550.9365157578534,0.1,40.5348424214656,412.348424214656,1.9014890225586696,TP,2020Q1,2020,5,2020-01-13 08:00:00+00:00,2020Q1,2020
684,22152,2020-01-13 14:00:00+00:00,22157,2020-01-13 16:30:00+00:00,BUY,1553.04,1550.602658572471,1550.602658572471,1557.914682855058,0.1,-25.073414275289633,-243.73414275289633,-1.0,SL,2020Q1,2020,5,2020-01-13 14:00:00+00:00,2020Q1,2020
685,22158,2020-01-13 17:00:00+00:00,22160,2020-01-13 18:00:00+00:00,SELL,1550.98,1553.8333444741443,1553.8333444741443,1545.2733110517117,0.1,-29.233444741442508,-285.3344474144251,-1.0,SL,2020Q1,2020,2,2020-01-13 17:00:00+00:00,2020Q1,2020
686,22177,2020-01-14 03:30:00+00:00,22180,2020-01-14 05:00:00+00:00,SELL,1537.52,1540.4170129457154,1540.4170129457154,1531.7259741085693,0.1,-29.670129457154598,-289.701294571546,-1.0,SL,2020Q1,2020,3,2020-01-14 03:30:00+00:00,2020Q1,2020
687,22223,2020-01-15 03:30:00+00:00,22224,2020-01-15 04:00:00+00:00,SELL,1547.3,1549.7594988451676,1549.7594988451676,1542.3810023096648,0.1,-25.294988451676726,-245.94988451676727,-1.0,SL,2020Q1,2020,1,2020-01-15 03:30:00+00:00,2020Q1,2020
688,22320,2020-01-17 06:00:00+00:00,22336,2020-01-17 14:00:00+00:00,BUY,1554.72,1558.8248692485893,1552.6675653757054,1558.8248692485893,0.1,40.348692485892386,410.4869248589239,1.9010570231015749,TP,2020Q1,2020,16,2020-01-17 06:00:00+00:00,2020Q1,2020
689,22365,2020-01-20 05:30:00+00:00,22370,2020-01-20 08:00:00+00:00,BUY,1558.48,1562.4590559971193,1556.4904720014404,1562.4590559971193,0.1,39.09055997119303,397.90559971193034,1.8980348894761978,TP,2020Q1,2020,5,2020-01-20 05:30:00+00:00,2020Q1,2020
690,22414,2020-01-21 11:00:00+00:00,22415,2020-01-21 11:30:00+00:00,SELL,1554.67,1557.6302658957616,1557.6302658957616,1548.749468208477,0.1,-30.30265895761495,-296.0265895761495,-1.0,SL,2020Q1,2020,1,2020-01-21 11:00:00+00:00,2020Q1,2020
691,22463,2020-01-22 12:30:00+00:00,22465,2020-01-22 13:30:00+00:00,BUY,1558.42,1556.1208498314613,1556.1208498314613,1563.0183003370776,0.1,-23.691501685387447,-229.91501685387448,-1.0,SL,2020Q1,2020,2,2020-01-22 12:30:00+00:00,2020Q1,2020
692,22469,2020-01-22 15:30:00+00:00,22469,2020-01-22 15:30:00+00:00,BUY,1557.19,1554.9968922356763,1554.9968922356763,1561.5762155286473,0.1,-22.63107764323713,-219.3107764323713,-1.0,SL,2020Q1,2020,0,2020-01-22 15:30:00+00:00,2020Q1,2020
693,22493,2020-01-23 04:30:00+00:00,22498,2020-01-23 07:00:00+00:00,SELL,1556.92,1559.6075957885428,1559.6075957885428,1551.5448084229145,0.1,-27.57595788542694,-268.7595788542694,-1.0,SL,2020Q1,2020,5,2020-01-23 04:30:00+00:00,2020Q1,2020
694,22521,2020-01-23 18:30:00+00:00,22525,2020-01-23 20:30:00+00:00,BUY,1566.36,1562.9864401708148,1562.9864401708148,1573.10711965837,0.1,-34.435598291850695,-337.3559829185069,-1.0,SL,2020Q1,2020,4,2020-01-23 18:30:00+00:00,2020Q1,2020
695,22581,2020-01-27 02:30:00+00:00,22585,2020-01-27 04:30:00+00:00,SELL,1577.68,1582.6054954391443,1582.6054954391443,1567.8290091217118,0.1,-49.95495439144243,-492.54954391442425,-1.0,SL,2020Q1,2020,4,2020-01-27 02:30:00+00:00,2020Q1,2020
696,22602,2020-01-27 13:00:00+00:00,22604,2020-01-27 14:00:00+00:00,BUY,1585.7,1582.4406729253399,1582.4406729253399,1592.2186541493204,0.1,-33.29327074660178,-325.93270746601775,-1.0,SL,2020Q1,2020,2,2020-01-27 13:00:00+00:00,2020Q1,2020
697,22711,2020-01-29 21:30:00+00:00,22719,2020-01-30 02:30:00+00:00,BUY,1573.37,1578.9688507644169,1570.5705746177914,1578.9688507644169,0.1,55.288507644169655,559.8850764416966,1.9268146154620087,TP,2020Q1,2020,8,2020-01-29 21:30:00+00:00,2020Q1,2020
698,22723,2020-01-30 04:30:00+00:00,22730,2020-01-30 08:00:00+00:00,BUY,1580.53,1577.7775198084637,1577.7775198084637,1586.0349603830725,0.1,-28.224801915362786,-275.24801915362787,-1.0,SL,2020Q1,2020,7,2020-01-30 04:30:00+00:00,2020Q1,2020
699,22737,2020-01-30 11:30:00+00:00,22740,2020-01-30 13:00:00+00:00,SELL,1578.69,1581.3068277004706,1581.3068277004706,1573.456344599059,0.1,-26.86827700470594,-261.6827700470594,-1.0,SL,2020Q1,2020,3,2020-01-30 11:30:00+00:00,2020Q1,2020
700,22754,2020-01-30 20:00:00+00:00,22757,2020-01-30 21:30:00+00:00,BUY,1584.89,1581.0613647174728,1581.0613647174728,1592.5472705650548,0.1,-38.9863528252733,-382.863528252733,-1.0,SL,2020Q1,2020,3,2020-01-30 20:00:00+00:00,2020Q1,2020
701,22798,2020-01-31 19:00:00+00:00,22799,2020-01-31 19:30:00+00:00,SELL,1582.56,1586.19340751163,1586.19340751163,1575.2931849767394,0.1,-37.034075116301395,-363.3407511630139,-1.0,SL,2020Q1,2020,1,2020-01-31 19:00:00+00:00,2020Q1,2020
702,22812,2020-02-03 03:00:00+00:00,22824,2020-02-03 09:00:00+00:00,SELL,1586.28,1578.1373938856445,1590.3513030571776,1578.1373938856445,0.1,80.7260611435543,814.2606114355431,1.9492913227792381,TP,2020Q1,2020,12,2020-02-03 03:00:00+00:00,2020Q1,2020
703,22843,2020-02-03 18:30:00+00:00,22867,2020-02-04 07:30:00+00:00,BUY,1577.17,1573.0774599573642,1573.0774599573642,1585.3550800852718,0.1,-41.62540042635847,-409.25400426358465,-1.0,SL,2020Q1,2020,24,2020-02-03 18:30:00+00:00,2020Q1,2020
704,22868,2020-02-04 08:00:00+00:00,22874,2020-02-04 11:00:00+00:00,SELL,1572.53,1567.2145443886525,1575.1877278056736,1567.2145443886525,0.1,52.45455611347488,531.5455611347488,1.923012846236719,TP,2020Q1,2020,6,2020-02-04 08:00:00+00:00,2020Q1,2020
705,22900,2020-02-05 01:00:00+00:00,22903,2020-02-05 02:30:00+00:00,SELL,1552.39,1555.6291231634202,1555.6291231634202,1545.91175367316,0.1,-33.09123163420118,-323.91231634201176,-1.0,SL,2020Q1,2020,3,2020-02-05 01:00:00+00:00,2020Q1,2020
706,22922,2020-02-05 12:00:00+00:00,22922,2020-02-05 12:00:00+00:00,SELL,1548.57,1551.9450468880439,1551.9450468880439,1541.8199062239123,0.1,-34.45046888043926,-337.5046888043926,-1.0,SL,2020Q1,2020,0,2020-02-05 12:00:00+00:00,2020Q1,2020
707,22929,2020-02-05 15:30:00+00:00,22930,2020-02-05 16:00:00+00:00,SELL,1552.44,1556.1120289005166,1556.1120289005166,1545.095942198967,0.1,-37.4202890051658,-367.20289005165796,-1.0,SL,2020Q1,2020,1,2020-02-05 15:30:00+00:00,2020Q1,2020
708,22957,2020-02-06 06:30:00+00:00,22959,2020-02-06 07:30:00+00:00,SELL,1553.43,1555.8061837827968,1555.8061837827968,1548.6776324344064,0.1,-24.461837827967155,-237.61837827967156,-1.0,SL,2020Q1,2020,2,2020-02-06 06:30:00+00:00,2020Q1,2020
709,22969,2020-02-06 12:30:00+00:00,22976,2020-02-06 16:00:00+00:00,BUY,1564.67,1561.8448126338717,1561.8448126338717,1570.3203747322568,0.1,-28.951873661283752,-282.51873661283753,-1.0,SL,2020Q1,2020,7,2020-02-06 12:30:00+00:00,2020Q1,2020
710,22982,2020-02-06 19:00:00+00:00,23021,2020-02-07 15:30:00+00:00,BUY,1565.59,1562.2611389253063,1562.2611389253063,1572.247722149387,0.1,-33.98861074693578,-332.88610746935774,-1.0,SL,2020Q1,2020,39,2020-02-06 19:00:00+00:00,2020Q1,2020
711,23030,2020-02-07 20:00:00+00:00,23039,2020-02-10 01:30:00+00:00,BUY,1569.27,1576.3355869376105,1565.7372065311947,1576.3355869376105,0.1,69.95586937610533,706.5586937610533,1.941711896111092,TP,2020Q1,2020,9,2020-02-07 20:00:00+00:00,2020Q1,2020
712,23048,2020-02-10 06:00:00+00:00,23075,2020-02-10 19:30:00+00:00,BUY,1570.97,1576.3643529268356,1568.2728235365823,1576.3643529268356,0.1,53.243529268356085,539.4352926835609,1.9241103692605113,TP,2020Q1,2020,27,2020-02-10 06:00:00+00:00,2020Q1,2020
713,23087,2020-02-11 02:30:00+00:00,23091,2020-02-11 04:30:00+00:00,SELL,1571.13,1567.2404933682224,1573.074753315889,1567.2404933682224,0.1,38.19506631777749,388.9506631777749,1.8957688773390347,TP,2020Q1,2020,4,2020-02-11 02:30:00+00:00,2020Q1,2020
714,23095,2020-02-11 06:30:00+00:00,23097,2020-02-11 07:30:00+00:00,BUY,1569.08,1567.2295411526738,1567.2295411526738,1572.780917694652,0.1,-19.20458847326081,-185.0458847326081,-1.0,SL,2020Q1,2020,2,2020-02-11 06:30:00+00:00,2020Q1,2020
715,23150,2020-02-12 11:00:00+00:00,23150,2020-02-12 11:00:00+00:00,SELL,1562.31,1564.2655697999062,1564.2655697999062,1558.3988604001877,0.1,-20.25569799906243,-195.5569799906243,-1.0,SL,2020Q1,2020,0,2020-02-12 11:00:00+00:00,2020Q1,2020
716,23244,2020-02-14 12:00:00+00:00,23250,2020-02-14 15:00:00+00:00,BUY,1576.99,1575.2474253129903,1575.2474253129903,1580.4751493740196,0.1,-18.125746870096645,-174.25746870096646,-1.0,SL,2020Q1,2020,6,2020-02-14 12:00:00+00:00,2020Q1,2020
717,23254,2020-02-14 17:00:00+00:00,23254,2020-02-14 17:00:00+00:00,BUY,1582.77,1580.549353514775,1580.549353514775,1587.2112929704497,0.1,-22.90646485224961,-222.0646485224961,-1.0,SL,2020Q1,2020,0,2020-02-14 17:00:00+00:00,2020Q1,2020
718,23259,2020-02-14 19:30:00+00:00,23268,2020-02-17 01:00:00+00:00,BUY,1583.09,1580.8597675346607,1580.8597675346607,1587.5504649306783,0.1,-23.002324653392133,-223.02324653392134,-1.0,SL,2020Q1,2020,9,2020-02-14 19:30:00+00:00,2020Q1,2020
719,23385,2020-02-19 17:30:00+00:00,23386,2020-02-19 18:00:00+00:00,BUY,1607.08,1604.0544533578964,1604.0544533578964,1613.131093284207,0.1,-30.955466421035634,-302.55466421035635,-1.0,SL,2020Q1,2020,1,2020-02-19 17:30:00+00:00,2020Q1,2020
720,23403,2020-02-20 03:30:00+00:00,23405,2020-02-20 04:30:00+00:00,SELL,1607.16,1610.248101921939,1610.248101921939,1600.9837961561223,0.1,-31.581019219389145,-308.81019219389145,-1.0,SL,2020Q1,2020,2,2020-02-20 03:30:00+00:00,2020Q1,2020
721,23417,2020-02-20 10:30:00+00:00,23423,2020-02-20 13:30:00+00:00,BUY,1609.56,1615.3870669807964,1606.6464665096016,1615.3870669807964,0.1,57.570669807964165,582.7066980796417,1.929613660890332,TP,2020Q1,2020,6,2020-02-20 10:30:00+00:00,2020Q1,2020
722,23436,2020-02-20 20:00:00+00:00,23440,2020-02-20 22:00:00+00:00,SELL,1616.62,1620.6114496214225,1620.6114496214225,1608.637100757155,0.1,-40.614496214225895,-399.1449621422589,-1.0,SL,2020Q1,2020,4,2020-02-20 20:00:00+00:00,2020Q1,2020
723,23451,2020-02-21 04:30:00+00:00,23459,2020-02-21 08:30:00+00:00,BUY,1624.57,1630.4804962580386,1621.6147518709806,1630.4804962580386,0.1,58.4049625803862,591.049625803862,1.9305842063050624,TP,2020Q1,2020,8,2020-02-21 04:30:00+00:00,2020Q1,2020
724,23472,2020-02-21 15:00:00+00:00,23473,2020-02-21 15:30:00+00:00,BUY,1637.75,1643.9219736315492,1634.6640131842253,1643.9219736315492,0.1,61.01973631549235,617.1973631549236,1.933459798073118,TP,2020Q1,2020,1,2020-02-21 15:00:00+00:00,2020Q1,2020
725,23491,2020-02-24 01:30:00+00:00,23493,2020-02-24 02:30:00+00:00,BUY,1666.78,1659.998796211729,1659.998796211729,1680.3424075765417,0.1,-68.51203788270887,-678.1203788270886,-1.0,SL,2020Q1,2020,2,2020-02-24 01:30:00+00:00,2020Q1,2020
726,23502,2020-02-24 07:00:00+00:00,23508,2020-02-24 10:00:00+00:00,BUY,1662.51,1673.4536941938093,1657.0381529030954,1673.4536941938093,0.1,108.73694193809278,1094.3694193809279,1.9621064969263957,TP,2020Q1,2020,6,2020-02-24 07:00:00+00:00,2020Q1,2020
727,23521,2020-02-24 16:30:00+00:00,23521,2020-02-24 16:30:00+00:00,BUY,1682.84,1676.188971509804,1676.188971509804,1696.1420569803915,0.1,-67.21028490195813,-665.1028490195813,-1.0,SL,2020Q1,2020,0,2020-02-24 16:30:00+00:00,2020Q1,2020
728,23547,2020-02-25 06:30:00+00:00,23550,2020-02-25 08:00:00+00:00,SELL,1655.04,1641.8250317839625,1661.6474841080187,1641.8250317839625,0.1,131.44968216037506,1321.4968216037505,1.9685510296089184,TP,2020Q1,2020,3,2020-02-25 06:30:00+00:00,2020Q1,2020
729,23580,2020-02-25 23:00:00+00:00,23582,2020-02-26 01:00:00+00:00,SELL,1629.52,1638.6195422298863,1638.6195422298863,1611.3209155402274,0.1,-91.69542229886311,-909.954222988631,-1.0,SL,2020Q1,2020,2,2020-02-25 23:00:00+00:00,2020Q1,2020
730,23595,2020-02-26 07:30:00+00:00,23611,2020-02-26 15:30:00+00:00,BUY,1644.51,1638.3459774693529,1638.3459774693529,1656.8380450612942,0.1,-62.34022530647117,-616.4022530647117,-1.0,SL,2020Q1,2020,16,2020-02-26 07:30:00+00:00,2020Q1,2020
731,23619,2020-02-26 19:30:00+00:00,23659,2020-02-27 16:30:00+00:00,BUY,1641.77,1655.01762011388,1635.14618994306,1655.01762011388,0.1,131.77620113879976,1324.7620113879975,1.9686277324552923,TP,2020Q1,2020,40,2020-02-26 19:30:00+00:00,2020Q1,2020
732,23696,2020-02-28 12:00:00+00:00,23706,2020-02-28 17:00:00+00:00,SELL,1627.57,1610.0797114987322,1636.315144250634,1610.0797114987322,0.1,174.20288501267743,1749.0288501267742,1.9761773609110114,TP,2020Q1,2020,10,2020-02-28 12:00:00+00:00,2020Q1,2020
733,23798,2020-03-03 17:00:00+00:00,23798,2020-03-03 17:00:00+00:00,BUY,1606.79,1616.532517935563,1601.9187410322186,1616.532517935563,0.1,96.72517935563,974.2517935563001,1.9575007095622712,TP,2020Q1,2020,0,2020-03-03 17:00:00+00:00,2020Q1,2020
734,23839,2020-03-04 14:30:00+00:00,23840,2020-03-04 15:00:00+00:00,BUY,1646.71,1640.9228405330045,1640.9228405330045,1658.284318933991,0.1,-58.571594669954905,-578.715946699549,-1.0,SL,2020Q1,2020,1,2020-03-04 14:30:00+00:00,2020Q1,2020
735,23844,2020-03-04 17:00:00+00:00,23851,2020-03-04 20:30:00+00:00,BUY,1641.44,1635.2949957560854,1635.2949957560854,1653.7300084878293,0.1,-62.150042439146276,-614.5004243914627,-1.0,SL,2020Q1,2020,7,2020-03-04 17:00:00+00:00,2020Q1,2020
736,23852,2020-03-04 21:00:00+00:00,23874,2020-03-05 09:00:00+00:00,SELL,1636.09,1642.4764776732268,1642.4764776732268,1623.3170446535462,0.1,-64.56477673226864,-638.6477673226864,-1.0,SL,2020Q1,2020,22,2020-03-04 21:00:00+00:00,2020Q1,2020
737,23926,2020-03-06 12:00:00+00:00,23932,2020-03-06 15:00:00+00:00,BUY,1684.54,1678.6042681516806,1678.6042681516806,1696.4114636966387,0.1,-60.057318483193924,-593.5731848319392,-1.0,SL,2020Q1,2020,6,2020-03-06 12:00:00+00:00,2020Q1,2020
738,23937,2020-03-06 17:30:00+00:00,23937,2020-03-06 17:30:00+00:00,SELL,1649.82,1661.5161306912225,1661.5161306912225,1626.4277386175547,0.1,-117.66130691222607,-1169.6130691222606,-1.0,SL,2020Q1,2020,0,2020-03-06 17:30:00+00:00,2020Q1,2020
739,23960,2020-03-09 05:00:00+00:00,23962,2020-03-09 06:00:00+00:00,SELL,1694.61,1671.2800641754277,1706.274967912286,1671.2800641754277,0.1,232.59935824572204,2332.9935824572203,1.9821047657249973,TP,2020Q1,2020,2,2020-03-09 05:00:00+00:00,2020Q1,2020
740,23992,2020-03-09 21:00:00+00:00,23998,2020-03-10 01:00:00+00:00,BUY,1677.14,1666.6152406847527,1666.6152406847527,1698.189518630495,0.1,-105.94759315247366,-1052.4759315247366,-1.0,SL,2020Q1,2020,6,2020-03-09 21:00:00+00:00,2020Q1,2020
741,24020,2020-03-10 12:00:00+00:00,24024,2020-03-10 14:00:00+00:00,SELL,1658.44,1666.1876770660408,1666.1876770660408,1642.9446458679183,0.1,-78.17677066040751,-774.7677066040751,-1.0,SL,2020Q1,2020,4,2020-03-10 12:00:00+00:00,2020Q1,2020
742,24120,2020-03-12 16:00:00+00:00,24120,2020-03-12 16:00:00+00:00,SELL,1596.52,1576.1872185872437,1606.686390706378,1576.1872185872437,0.1,202.62781412756277,2033.2781412756276,1.9794849565610146,TP,2020Q1,2020,0,2020-03-12 16:00:00+00:00,2020Q1,2020
743,24126,2020-03-12 19:00:00+00:00,24129,2020-03-12 20:30:00+00:00,BUY,1594.22,1580.5455923676357,1580.5455923676357,1621.5688152647288,0.1,-137.44407632364363,-1367.4407632364364,-1.0,SL,2020Q1,2020,3,2020-03-12 19:00:00+00:00,2020Q1,2020
744,24154,2020-03-13 10:00:00+00:00,24155,2020-03-13 10:30:00+00:00,BUY,1591.91,1580.1666459929331,1580.1666459929331,1615.3967080141342,0.1,-118.13354007066955,-1174.3354007066955,-1.0,SL,2020Q1,2020,1,2020-03-13 10:00:00+00:00,2020Q1,2020
745,24162,2020-03-13 14:00:00+00:00,24162,2020-03-13 14:00:00+00:00,SELL,1580.59,1591.0268619732503,1591.0268619732503,1559.716276053499,0.1,-105.06861973250416,-1043.6861973250416,-1.0,SL,2020Q1,2020,0,2020-03-13 14:00:00+00:00,2020Q1,2020
746,24166,2020-03-13 16:00:00+00:00,24169,2020-03-13 17:30:00+00:00,SELL,1574.77,1549.3766422939398,1587.46667885303,1549.3766422939398,0.1,253.23357706060216,2539.3357706060215,1.9835509295395053,TP,2020Q1,2020,3,2020-03-13 16:00:00+00:00,2020Q1,2020
747,24180,2020-03-16 00:00:00+00:00,24180,2020-03-16 00:00:00+00:00,BUY,1564.04,1547.7408166051825,1547.7408166051825,1596.6383667896348,0.1,-163.69183394817418,-1629.918339481742,-1.0,SL,2020Q1,2020,0,2020-03-16 00:00:00+00:00,2020Q1,2020
748,24222,2020-03-16 21:00:00+00:00,24234,2020-03-17 04:00:00+00:00,BUY,1506.87,1485.9370573002186,1485.9370573002186,1548.7358853995622,0.1,-210.02942699781278,-2093.294269978128,-1.0,SL,2020Q1,2020,12,2020-03-16 21:00:00+00:00,2020Q1,2020
749,24238,2020-03-17 06:00:00+00:00,24242,2020-03-17 08:00:00+00:00,BUY,1500.5,1483.4285363988765,1483.4285363988765,1534.6429272022467,0.1,-171.41463601123468,-1707.1463601123469,-1.0,SL,2020Q1,2020,4,2020-03-17 06:00:00+00:00,2020Q1,2020
750,24250,2020-03-17 12:00:00+00:00,24254,2020-03-17 14:00:00+00:00,SELL,1470.52,1483.0209671253251,1483.0209671253251,1445.5180657493497,0.1,-125.70967125325133,-1250.0967125325133,-1.0,SL,2020Q1,2020,4,2020-03-17 12:00:00+00:00,2020Q1,2020
751,24255,2020-03-17 14:30:00+00:00,24258,2020-03-17 16:00:00+00:00,BUY,1483.65,1507.1132031086877,1471.9183984456563,1507.1132031086877,0.1,233.93203108687595,2346.3203108687594,1.9822058049466427,TP,2020Q1,2020,3,2020-03-17 14:30:00+00:00,2020Q1,2020
752,24273,2020-03-18 00:30:00+00:00,24287,2020-03-18 07:30:00+00:00,BUY,1534.46,1521.0595955629988,1521.0595955629988,1561.2608088740028,0.1,-134.7040443700127,-1340.040443700127,-1.0,SL,2020Q1,2020,14,2020-03-18 00:30:00+00:00,2020Q1,2020
753,24288,2020-03-18 08:00:00+00:00,24291,2020-03-18 09:30:00+00:00,SELL,1518.67,1498.8456599836827,1528.5821700081588,1498.8456599836827,0.1,197.54340016317366,1982.4340016317365,1.9789624901370784,TP,2020Q1,2020,3,2020-03-18 08:00:00+00:00,2020Q1,2020
754,24300,2020-03-18 14:00:00+00:00,24300,2020-03-18 14:00:00+00:00,BUY,1516.97,1503.1296264326681,1503.1296264326681,1544.650747134664,0.1,-139.1037356733188,-1384.037356733188,-1.0,SL,2020Q1,2020,0,2020-03-18 14:00:00+00:00,2020Q1,2020
755,24371,2020-03-20 03:30:00+00:00,24381,2020-03-20 08:30:00+00:00,BUY,1480.91,1502.0155599056352,1470.3572200471824,1502.0155599056352,0.1,210.3555990563512,2110.555990563512,1.980231163505884,TP,2020Q1,2020,10,2020-03-20 03:30:00+00:00,2020Q1,2020
756,24401,2020-03-20 18:30:00+00:00,24409,2020-03-20 22:30:00+00:00,SELL,1483.71,1494.2782926926616,1494.2782926926616,1462.5734146146767,0.1,-106.38292692661544,-1056.8292692661544,-1.0,SL,2020Q1,2020,8,2020-03-20 18:30:00+00:00,2020Q1,2020
757,24410,2020-03-23 00:00:00+00:00,24410,2020-03-23 00:00:00+00:00,BUY,1502.97,1493.3211467390163,1493.3211467390163,1522.2677065219675,0.1,-97.18853260983742,-964.8853260983742,-1.0,SL,2020Q1,2020,0,2020-03-23 00:00:00+00:00,2020Q1,2020
758,24442,2020-03-23 16:00:00+00:00,24446,2020-03-23 18:00:00+00:00,BUY,1527.79,1547.6907060405913,1517.8396469797044,1547.6907060405913,0.1,198.30706040591332,1990.070604059133,1.9790426545277964,TP,2020Q1,2020,4,2020-03-23 16:00:00+00:00,2020Q1,2020
759,24466,2020-03-24 05:00:00+00:00,24466,2020-03-24 05:00:00+00:00,BUY,1579.2,1569.1108680761708,1569.1108680761708,1599.3782638476587,0.1,-101.591319238292,-1008.91319238292,-1.0,SL,2020Q1,2020,0,2020-03-24 05:00:00+00:00,2020Q1,2020
760,24512,2020-03-25 05:00:00+00:00,24525,2020-03-25 11:30:00+00:00,SELL,1610.28,1626.3197224713833,1626.3197224713833,1578.2005550572335,0.1,-161.09722471383355,-1603.9722471383357,-1.0,SL,2020Q1,2020,13,2020-03-25 05:00:00+00:00,2020Q1,2020
761,24554,2020-03-26 03:00:00+00:00,24572,2020-03-26 12:00:00+00:00,SELL,1601.19,1611.4175657561568,1611.4175657561568,1580.7348684876865,0.1,-102.97565756156764,-1022.7565756156764,-1.0,SL,2020Q1,2020,18,2020-03-26 03:00:00+00:00,2020Q1,2020
762,24586,2020-03-26 19:00:00+00:00,24588,2020-03-26 20:00:00+00:00,BUY,1637.34,1627.470208908912,1627.470208908912,1657.079582182176,0.1,-99.39791091088019,-986.9791091088018,-1.0,SL,2020Q1,2020,2,2020-03-26 19:00:00+00:00,2020Q1,2020
763,24591,2020-03-26 21:30:00+00:00,24591,2020-03-26 21:30:00+00:00,SELL,1619.92,1630.3521834718856,1630.3521834718856,1599.055633056229,0.1,-105.02183471885537,-1043.2183471885537,-1.0,SL,2020Q1,2020,0,2020-03-26 21:30:00+00:00,2020Q1,2020
764,24622,2020-03-27 14:00:00+00:00,24624,2020-03-27 15:00:00+00:00,SELL,1617.73,1625.1173367298695,1625.1173367298695,1602.9553265402612,0.1,-74.57336729869503,-738.7336729869503,-1.0,SL,2020Q1,2020,2,2020-03-27 14:00:00+00:00,2020Q1,2020
765,24666,2020-03-30 14:00:00+00:00,24667,2020-03-30 14:30:00+00:00,BUY,1626.52,1620.5241363735165,1620.5241363735165,1638.5117272529667,0.1,-60.6586362648347,-599.586362648347,-1.0,SL,2020Q1,2020,1,2020-03-30 14:00:00+00:00,2020Q1,2020
766,24668,2020-03-30 15:00:00+00:00,24707,2020-03-31 11:30:00+00:00,SELL,1619.76,1607.259735174738,1626.010132412631,1607.259735174738,0.1,124.30264825262093,1250.0264825262093,1.9667728480529447,TP,2020Q1,2020,39,2020-03-30 15:00:00+00:00,2020Q1,2020
767,24711,2020-03-31 13:30:00+00:00,24714,2020-03-31 15:00:00+00:00,SELL,1600.29,1605.9585952676441,1605.9585952676441,1588.9528094647114,0.1,-57.385952676441505,-566.859526764415,-1.0,SL,2020Q1,2020,3,2020-03-31 13:30:00+00:00,2020Q1,2020
768,24728,2020-03-31 22:00:00+00:00,24732,2020-04-01 01:00:00+00:00,SELL,1584.04,1569.0816190527376,1591.5191904736312,1569.0816190527376,0.1,148.88380947262414,1495.8380947262413,1.9721824478090049,TP,2020Q1,2020,4,2020-03-31 22:00:00+00:00,2020Q1,2020
769,24738,2020-04-01 04:00:00+00:00,24750,2020-04-01 10:00:00+00:00,BUY,1580.15,1593.115104911972,1573.667447544014,1593.115104911972,0.1,128.95104911971822,1296.510491197182,1.9679514202425983,TP,2020Q2,2020,12,2020-04-01 04:00:00+00:00,2020Q2,2020
770,24763,2020-04-01 16:30:00+00:00,24763,2020-04-01 16:30:00+00:00,SELL,1575.05,1581.418242545232,1581.418242545232,1562.3135149095358,0.1,-64.38242545232079,-636.8242545232079,-1.0,SL,2020Q2,2020,0,2020-04-01 16:30:00+00:00,2020Q2,2020
771,24793,2020-04-02 08:30:00+00:00,24796,2020-04-02 10:00:00+00:00,BUY,1587.37,1597.6890631960891,1582.2104684019553,1597.6890631960891,0.1,102.49063196089246,1031.9063196089246,1.9598434398831204,TP,2020Q2,2020,3,2020-04-02 08:30:00+00:00,2020Q2,2020
772,24797,2020-04-02 10:30:00+00:00,24798,2020-04-02 11:00:00+00:00,BUY,1594.17,1588.2338869358666,1588.2338869358666,1606.0422261282672,0.1,-60.061130641334515,-593.6113064133451,-1.0,SL,2020Q2,2020,1,2020-04-02 10:30:00+00:00,2020Q2,2020
773,24799,2020-04-02 11:30:00+00:00,24806,2020-04-02 15:00:00+00:00,SELL,1589.67,1595.5703347338704,1595.5703347338704,1577.8693305322597,0.1,-59.703347338702955,-590.0334733870295,-1.0,SL,2020Q2,2020,7,2020-04-02 11:30:00+00:00,2020Q2,2020
774,24947,2020-04-07 16:30:00+00:00,25027,2020-04-09 10:30:00+00:00,SELL,1649.4,1658.9571611566726,1658.9571611566726,1630.2856776866552,0.1,-96.27161156672464,-955.7161156672464,-1.0,SL,2020Q2,2020,80,2020-04-07 16:30:00+00:00,2020Q2,2020
775,25038,2020-04-09 16:00:00+00:00,25039,2020-04-09 16:30:00+00:00,BUY,1673.35,1684.9986685876288,1667.5256657061855,1684.9986685876288,0.1,115.7866858762889,1164.866858762889,1.964372567022475,TP,2020Q2,2020,1,2020-04-09 16:00:00+00:00,2020Q2,2020
776,25052,2020-04-09 23:00:00+00:00,25054,2020-04-13 01:00:00+00:00,BUY,1682.88,1674.732676415957,1674.732676415957,1699.1746471680865,0.1,-82.17323584043079,-814.7323584043079,-1.0,SL,2020Q2,2020,2,2020-04-09 23:00:00+00:00,2020Q2,2020
777,25091,2020-04-13 19:30:00+00:00,25128,2020-04-14 15:00:00+00:00,BUY,1712.83,1727.5823315535627,1705.4538342232186,1727.5823315535627,0.1,146.82331553562727,1475.2331553562726,1.9717975658486115,TP,2020Q2,2020,37,2020-04-13 19:30:00+00:00,2020Q2,2020
778,25129,2020-04-14 15:30:00+00:00,25132,2020-04-14 17:00:00+00:00,BUY,1729.85,1743.7601188484105,1722.8949405757946,1743.7601188484105,0.1,138.4011884841055,1391.0118848410548,1.9701070144294537,TP,2020Q2,2020,3,2020-04-14 15:30:00+00:00,2020Q2,2020
779,25159,2020-04-15 07:30:00+00:00,25163,2020-04-15 09:30:00+00:00,BUY,1723.41,1717.384702340693,1717.384702340693,1735.4605953186144,0.1,-60.95297659307171,-602.5297659307171,-1.0,SL,2020Q2,2020,4,2020-04-15 07:30:00+00:00,2020Q2,2020
780,25178,2020-04-15 17:00:00+00:00,25178,2020-04-15 17:00:00+00:00,BUY,1724.74,1716.7381708459557,1716.7381708459557,1740.7436583080885,0.1,-80.71829154044345,-800.1829154044344,-1.0,SL,2020Q2,2020,0,2020-04-15 17:00:00+00:00,2020Q2,2020
781,25220,2020-04-16 15:00:00+00:00,25221,2020-04-16 15:30:00+00:00,BUY,1736.7,1731.042905123768,1731.042905123768,1748.014189752464,0.1,-57.270948762321225,-565.7094876232122,-1.0,SL,2020Q2,2020,1,2020-04-16 15:00:00+00:00,2020Q2,2020
782,25239,2020-04-17 01:30:00+00:00,25240,2020-04-17 02:00:00+00:00,SELL,1707.03,1715.3914505161242,1715.3914505161242,1690.3070989677512,0.1,-84.31450516124251,-836.145051612425,-1.0,SL,2020Q2,2020,1,2020-04-17 01:30:00+00:00,2020Q2,2020
783,25301,2020-04-20 09:30:00+00:00,25301,2020-04-20 09:30:00+00:00,SELL,1677.3,1682.850277095083,1682.850277095083,1666.199445809834,0.1,-56.202770950829475,-555.0277095082947,-1.0,SL,2020Q2,2020,0,2020-04-20 09:30:00+00:00,2020Q2,2020
784,25344,2020-04-21 08:00:00+00:00,25344,2020-04-21 08:00:00+00:00,SELL,1686.11,1690.7766591835925,1690.7766591835925,1676.7766816328149,0.1,-47.366591835926286,-466.66591835926283,-1.0,SL,2020Q2,2020,0,2020-04-21 08:00:00+00:00,2020Q2,2020
785,25404,2020-04-22 15:00:00+00:00,25405,2020-04-22 15:30:00+00:00,SELL,1695.23,1702.329182073799,1702.329182073799,1681.0316358524017,0.1,-71.69182073799057,-709.9182073799057,-1.0,SL,2020Q2,2020,1,2020-04-22 15:00:00+00:00,2020Q2,2020
786,25413,2020-04-22 19:30:00+00:00,25448,2020-04-23 14:00:00+00:00,BUY,1714.34,1729.6293790595369,1706.6953104702313,1729.6293790595369,0.1,152.19379059536942,1528.937905953694,1.972779202689894,TP,2020Q2,2020,35,2020-04-22 19:30:00+00:00,2020Q2,2020
787,25449,2020-04-23 14:30:00+00:00,25451,2020-04-23 15:30:00+00:00,BUY,1729.55,1723.8404364568576,1723.8404364568576,1740.9691270862847,0.1,-57.795635431423946,-570.9563543142394,-1.0,SL,2020Q2,2020,2,2020-04-23 14:30:00+00:00,2020Q2,2020
788,25500,2020-04-24 17:00:00+00:00,25500,2020-04-24 17:00:00+00:00,SELL,1728.65,1718.0727480853516,1733.9386259573243,1718.0727480853516,0.1,105.07251914648513,1057.7251914648514,1.9608108493348058,TP,2020Q2,2020,0,2020-04-24 17:00:00+00:00,2020Q2,2020
789,25538,2020-04-27 13:00:00+00:00,25544,2020-04-27 16:00:00+00:00,SELL,1716.97,1722.1238453580872,1722.1238453580872,1706.6623092838256,0.1,-52.238453580872104,-515.384535808721,-1.0,SL,2020Q2,2020,6,2020-04-27 13:00:00+00:00,2020Q2,2020
790,25563,2020-04-28 02:30:00+00:00,25570,2020-04-28 06:00:00+00:00,SELL,1709.08,1699.0454856756076,1714.097257162196,1699.0454856756076,0.1,99.64514324392375,1003.4514324392376,1.9587203883538058,TP,2020Q2,2020,7,2020-04-28 02:30:00+00:00,2020Q2,2020
791,25587,2020-04-28 14:30:00+00:00,25591,2020-04-28 16:30:00+00:00,BUY,1711.49,1705.6328920081057,1705.6328920081057,1723.2042159837886,0.1,-59.27107991894282,-585.7107991894281,-1.0,SL,2020Q2,2020,4,2020-04-28 14:30:00+00:00,2020Q2,2020
792,25592,2020-04-28 17:00:00+00:00,25595,2020-04-28 18:30:00+00:00,SELL,1697.77,1704.6003768242667,1704.6003768242667,1684.1092463514665,0.1,-69.0037682426675,-683.037682426675,-1.0,SL,2020Q2,2020,3,2020-04-28 17:00:00+00:00,2020Q2,2020
793,25603,2020-04-28 22:30:00+00:00,25604,2020-04-28 23:00:00+00:00,SELL,1703.33,1709.6596560532141,1709.6596560532141,1690.6706878935715,0.1,-63.99656053214194,-632.9656053214194,-1.0,SL,2020Q2,2020,1,2020-04-28 22:30:00+00:00,2020Q2,2020
794,25613,2020-04-29 04:30:00+00:00,25626,2020-04-29 11:00:00+00:00,BUY,1708.52,1703.4897936629325,1703.4897936629325,1718.580412674135,0.1,-51.00206337067512,-503.02063370675114,-1.0,SL,2020Q2,2020,13,2020-04-29 04:30:00+00:00,2020Q2,2020
795,25708,2020-05-01 06:00:00+00:00,25712,2020-05-01 08:00:00+00:00,BUY,1689.55,1683.7476645899096,1683.7476645899096,1701.1546708201804,0.1,-58.723354100903364,-580.2335410090336,-1.0,SL,2020Q2,2020,4,2020-05-01 06:00:00+00:00,2020Q2,2020
796,25713,2020-05-01 08:30:00+00:00,25713,2020-05-01 08:30:00+00:00,SELL,1682.81,1672.7790839980414,1687.825458000979,1672.7790839980414,0.1,99.6091600195853,1003.0916001958531,1.9587057842264473,TP,2020Q2,2020,0,2020-05-01 08:30:00+00:00,2020Q2,2020
797,25730,2020-05-01 17:00:00+00:00,25730,2020-05-01 17:00:00+00:00,BUY,1685.68,1678.6198624348715,1678.6198624348715,1699.8002751302572,0.1,-71.30137565128571,-706.0137565128571,-1.0,SL,2020Q2,2020,0,2020-05-01 17:00:00+00:00,2020Q2,2020
798,25748,2020-05-04 03:00:00+00:00,25768,2020-05-04 13:00:00+00:00,BUY,1699.34,1712.397890177268,1692.8110549113658,1712.397890177268,0.1,129.87890177268065,1305.7890177268064,1.9681767317079324,TP,2020Q2,2020,20,2020-05-04 03:00:00+00:00,2020Q2,2020
799,25793,2020-05-05 02:30:00+00:00,25795,2020-05-05 03:30:00+00:00,BUY,1703.36,1698.5053063095384,1698.5053063095384,1713.069387380923,0.1,-49.24693690461545,-485.4693690461545,-1.0,SL,2020Q2,2020,2,2020-05-05 02:30:00+00:00,2020Q2,2020
800,25821,2020-05-05 16:30:00+00:00,25821,2020-05-05 16:30:00+00:00,BUY,1702.48,1697.0097038635797,1697.0097038635797,1713.4205922728406,0.1,-55.40296136420302,-547.0296136420302,-1.0,SL,2020Q2,2020,0,2020-05-05 16:30:00+00:00,2020Q2,2020
801,25834,2020-05-05 23:00:00+00:00,25835,2020-05-05 23:30:00+00:00,BUY,1710.06,1704.4662661778727,1704.4662661778727,1721.2474676442541,0.1,-56.63733822127206,-559.3733822127206,-1.0,SL,2020Q2,2020,1,2020-05-05 23:00:00+00:00,2020Q2,2020
802,25847,2020-05-06 06:30:00+00:00,25852,2020-05-06 09:00:00+00:00,SELL,1701.03,1705.2181128538523,1705.2181128538523,1692.653774292295,0.1,-42.581128538523174,-418.8112853852317,-1.0,SL,2020Q2,2020,5,2020-05-06 06:30:00+00:00,2020Q2,2020
803,25881,2020-05-06 23:30:00+00:00,25886,2020-05-07 03:00:00+00:00,SELL,1685.94,1691.2210489679526,1691.2210489679526,1675.377902064095,0.1,-53.51048967952529,-528.1048967952529,-1.0,SL,2020Q2,2020,5,2020-05-06 23:30:00+00:00,2020Q2,2020
804,25901,2020-05-07 10:30:00+00:00,25911,2020-05-07 15:30:00+00:00,BUY,1689.21,1696.9908402383735,1685.3195798808133,1696.9908402383735,0.1,77.10840238373457,778.0840238373457,1.9469753223950583,TP,2020Q2,2020,10,2020-05-07 10:30:00+00:00,2020Q2,2020
805,25920,2020-05-07 20:00:00+00:00,25957,2020-05-08 15:30:00+00:00,BUY,1715.65,1710.0898032254177,1710.0898032254177,1726.770393549165,0.1,-56.30196774582437,-556.0196774582437,-1.0,SL,2020Q2,2020,37,2020-05-07 20:00:00+00:00,2020Q2,2020
806,25965,2020-05-08 19:30:00+00:00,25998,2020-05-11 13:00:00+00:00,SELL,1709.94,1696.225626090169,1716.7971869549156,1696.225626090169,0.1,136.44373909831012,1371.437390983101,1.9696846640105499,TP,2020Q2,2020,33,2020-05-08 19:30:00+00:00,2020Q2,2020
807,26030,2020-05-12 06:00:00+00:00,26040,2020-05-12 11:00:00+00:00,BUY,1698.45,1706.1532998459693,1694.5983500770155,1706.1532998459693,0.1,76.3329984596924,770.3299845969241,1.9464511100878794,TP,2020Q2,2020,10,2020-05-12 06:00:00+00:00,2020Q2,2020
808,26119,2020-05-14 04:30:00+00:00,26130,2020-05-14 10:00:00+00:00,SELL,1714.42,1718.406671002009,1718.406671002009,1706.4466579959822,0.1,-40.566710020089616,-398.66710020089613,-1.0,SL,2020Q2,2020,11,2020-05-14 04:30:00+00:00,2020Q2,2020
809,26144,2020-05-14 17:00:00+00:00,26187,2020-05-15 15:30:00+00:00,BUY,1732.21,1742.828844494533,1726.9005777527336,1742.828844494533,0.1,105.4884449453305,1061.884449453305,1.9609623505374603,TP,2020Q2,2020,43,2020-05-14 17:00:00+00:00,2020Q2,2020
810,26213,2020-05-18 05:30:00+00:00,26232,2020-05-18 15:00:00+00:00,BUY,1761.95,1755.3144181630216,1755.3144181630216,1775.2211636739567,0.1,-67.05581836978418,-663.5581836978417,-1.0,SL,2020Q2,2020,19,2020-05-18 05:30:00+00:00,2020Q2,2020
811,26239,2020-05-18 18:30:00+00:00,26257,2020-05-19 04:30:00+00:00,SELL,1729.22,1737.837139599729,1737.837139599729,1711.9857208005421,0.1,-86.87139599728944,-861.7139599728944,-1.0,SL,2020Q2,2020,18,2020-05-18 18:30:00+00:00,2020Q2,2020
812,26277,2020-05-19 14:30:00+00:00,26280,2020-05-19 16:00:00+00:00,SELL,1732.57,1737.0193718740484,1737.0193718740484,1723.671256251903,0.1,-45.193718740484385,-444.9371874048438,-1.0,SL,2020Q2,2020,3,2020-05-19 14:30:00+00:00,2020Q2,2020
813,26321,2020-05-20 13:30:00+00:00,26322,2020-05-20 14:00:00+00:00,BUY,1751.23,1747.635876623078,1747.635876623078,1758.418246753844,0.1,-36.64123376921971,-359.41233769219707,-1.0,SL,2020Q2,2020,1,2020-05-20 13:30:00+00:00,2020Q2,2020
814,26403,2020-05-22 08:30:00+00:00,26406,2020-05-22 10:00:00+00:00,BUY,1728.38,1735.5178337798409,1724.8110831100798,1735.5178337798409,0.1,70.67833779840775,713.7833779840776,1.9422905204069185,TP,2020Q2,2020,3,2020-05-22 08:30:00+00:00,2020Q2,2020
815,26423,2020-05-22 18:30:00+00:00,26496,2020-05-26 13:00:00+00:00,SELL,1731.58,1721.0694165895823,1736.8352917052086,1721.0694165895823,0.1,104.40583410417666,1051.0583410417667,1.9605655405140774,TP,2020Q2,2020,73,2020-05-22 18:30:00+00:00,2020Q2,2020
816,26501,2020-05-26 15:30:00+00:00,26501,2020-05-26 15:30:00+00:00,BUY,1728.9,1725.086245983138,1725.086245983138,1736.5275080337244,0.1,-38.83754016862049,-381.3754016862049,-1.0,SL,2020Q2,2020,0,2020-05-26 15:30:00+00:00,2020Q2,2020
817,26524,2020-05-27 04:00:00+00:00,26529,2020-05-27 06:30:00+00:00,BUY,1713.25,1709.4141567344438,1709.4141567344438,1720.9216865311123,0.1,-39.058432655561504,-383.584326555615,-1.0,SL,2020Q2,2020,5,2020-05-27 04:00:00+00:00,2020Q2,2020
818,26549,2020-05-27 16:30:00+00:00,26549,2020-05-27 16:30:00+00:00,SELL,1693.95,1698.2119481047505,1698.2119481047505,1685.4261037904994,0.1,-43.31948104750445,-426.1948104750445,-1.0,SL,2020Q2,2020,0,2020-05-27 16:30:00+00:00,2020Q2,2020
819,26616,2020-05-29 04:00:00+00:00,26625,2020-05-29 08:30:00+00:00,SELL,1718.75,1722.7746795221778,1722.7746795221778,1710.7006409556445,0.1,-40.94679522177849,-402.46795221778484,-1.0,SL,2020Q2,2020,9,2020-05-29 04:00:00+00:00,2020Q2,2020
820,26631,2020-05-29 11:30:00+00:00,26638,2020-05-29 15:00:00+00:00,BUY,1724.16,1731.9617304616265,1720.2591347691869,1731.9617304616265,0.1,77.31730461626448,780.1730461626448,1.9471148004796444,TP,2020Q2,2020,7,2020-05-29 11:30:00+00:00,2020Q2,2020
821,26656,2020-06-01 01:00:00+00:00,26656,2020-06-01 01:00:00+00:00,SELL,1733.53,1737.6721168235301,1737.6721168235301,1725.2457663529397,0.1,-42.121168235301596,-414.21168235301593,-1.0,SL,2020Q2,2020,0,2020-06-01 01:00:00+00:00,2020Q2,2020
822,26672,2020-06-01 09:00:00+00:00,26674,2020-06-01 10:00:00+00:00,BUY,1743.83,1739.933430183224,1739.933430183224,1751.6231396335518,0.1,-39.66569816776037,-389.65698167760365,-1.0,SL,2020Q2,2020,2,2020-06-01 09:00:00+00:00,2020Q2,2020
823,26692,2020-06-01 19:00:00+00:00,26695,2020-06-01 20:30:00+00:00,BUY,1740.69,1735.758442045661,1735.758442045661,1750.5531159086781,0.1,-50.015579543390416,-493.15579543390413,-1.0,SL,2020Q2,2020,3,2020-06-01 19:00:00+00:00,2020Q2,2020
824,26749,2020-06-03 01:30:00+00:00,26752,2020-06-03 03:00:00+00:00,BUY,1729.69,1725.1317049677957,1725.1317049677957,1738.8065900644087,0.1,-46.28295032204342,-455.82950322043416,-1.0,SL,2020Q2,2020,3,2020-06-03 01:30:00+00:00,2020Q2,2020
825,26819,2020-06-04 13:30:00+00:00,26821,2020-06-04 14:30:00+00:00,BUY,1709.56,1705.6753676799412,1705.6753676799412,1717.3292646401173,0.1,-39.546323200587,-388.46323200586994,-1.0,SL,2020Q2,2020,2,2020-06-04 13:30:00+00:00,2020Q2,2020
826,26822,2020-06-04 15:00:00+00:00,26823,2020-06-04 15:30:00+00:00,SELL,1707.68,1712.0555009865777,1712.0555009865777,1698.9289980268447,0.1,-44.45500986577663,-437.5500986577663,-1.0,SL,2020Q2,2020,1,2020-06-04 15:00:00+00:00,2020Q2,2020
827,26831,2020-06-04 19:30:00+00:00,26850,2020-06-05 06:00:00+00:00,BUY,1716.21,1710.0009439419125,1710.0009439419125,1728.6281121161749,0.1,-62.790560580875265,-620.9056058087526,-1.0,SL,2020Q2,2020,19,2020-06-04 19:30:00+00:00,2020Q2,2020
828,26851,2020-06-05 06:30:00+00:00,26854,2020-06-05 08:00:00+00:00,SELL,1707.43,1711.6295000715977,1711.6295000715977,1699.030999856805,0.1,-42.695000715976406,-419.950007159764,-1.0,SL,2020Q2,2020,3,2020-06-05 06:30:00+00:00,2020Q2,2020
829,26923,2020-06-08 19:30:00+00:00,26938,2020-06-09 04:00:00+00:00,BUY,1694.29,1703.369037628428,1689.750481185786,1703.369037628428,0.1,90.09037628428068,907.9037628428068,1.9544420993895417,TP,2020Q2,2020,15,2020-06-08 19:30:00+00:00,2020Q2,2020
830,26948,2020-06-09 09:00:00+00:00,26948,2020-06-09 09:00:00+00:00,BUY,1698.61,1694.7628929715715,1694.7628929715715,1706.3042140568566,0.1,-39.171070284283545,-384.7107028428354,-1.0,SL,2020Q2,2020,0,2020-06-09 09:00:00+00:00,2020Q2,2020
831,26964,2020-06-09 17:00:00+00:00,26973,2020-06-09 21:30:00+00:00,BUY,1719.11,1713.7135934226264,1713.7135934226264,1729.9028131547468,0.1,-54.66406577373455,-539.6406577373455,-1.0,SL,2020Q2,2020,9,2020-06-09 17:00:00+00:00,2020Q2,2020
832,26993,2020-06-10 08:30:00+00:00,27005,2020-06-10 14:30:00+00:00,BUY,1717.46,1723.996134068443,1714.1919329657785,1723.996134068443,0.1,64.66134068443061,653.6134068443062,1.9370893400740303,TP,2020Q2,2020,12,2020-06-10 08:30:00+00:00,2020Q2,2020
833,27016,2020-06-10 20:00:00+00:00,27018,2020-06-10 21:00:00+00:00,SELL,1714.24,1718.8008371219596,1718.8008371219596,1705.1183257560808,0.1,-46.30837121959594,-456.0837121959594,-1.0,SL,2020Q2,2020,2,2020-06-10 20:00:00+00:00,2020Q2,2020
834,27019,2020-06-10 21:30:00+00:00,27021,2020-06-10 22:30:00+00:00,BUY,1727.57,1739.609237723721,1721.5503811381393,1739.609237723721,0.1,119.69237723721044,1203.9237723721044,1.9655150831662944,TP,2020Q2,2020,2,2020-06-10 21:30:00+00:00,2020Q2,2020
835,27105,2020-06-12 18:30:00+00:00,27131,2020-06-15 08:30:00+00:00,SELL,1732.12,1721.7846415418196,1737.28767922909,1721.7846415418196,0.1,102.6535845818028,1033.535845818028,1.9599059066402091,TP,2020Q2,2020,26,2020-06-12 18:30:00+00:00,2020Q2,2020
836,27135,2020-06-15 10:30:00+00:00,27135,2020-06-15 10:30:00+00:00,SELL,1716.63,1721.0294119270773,1721.0294119270773,1707.831176145846,0.1,-44.69411927077154,-439.94119270771535,-1.0,SL,2020Q2,2020,0,2020-06-15 10:30:00+00:00,2020Q2,2020
837,27139,2020-06-15 12:30:00+00:00,27140,2020-06-15 13:00:00+00:00,SELL,1718.06,1708.4556630544955,1722.862168472752,1708.4556630544955,0.1,95.34336945504428,960.4336945504429,1.956898042180969,TP,2020Q2,2020,1,2020-06-15 12:30:00+00:00,2020Q2,2020
838,27215,2020-06-17 04:30:00+00:00,27223,2020-06-17 08:30:00+00:00,SELL,1724.99,1728.882209491147,1728.882209491147,1717.205581017706,0.1,-39.62209491147014,-389.2209491147014,-1.0,SL,2020Q2,2020,8,2020-06-17 04:30:00+00:00,2020Q2,2020
839,27234,2020-06-17 14:00:00+00:00,27241,2020-06-17 17:30:00+00:00,BUY,1719.45,1728.0504618532582,1715.1497690733709,1728.0504618532582,0.1,85.30461853258139,860.0461853258139,1.9519476193533316,TP,2020Q2,2020,7,2020-06-17 14:00:00+00:00,2020Q2,2020
840,27254,2020-06-18 01:00:00+00:00,27257,2020-06-18 02:30:00+00:00,SELL,1725.7,1729.0802717923016,1729.0802717923016,1718.939456415397,0.1,-34.50271792301528,-338.0271792301528,-1.0,SL,2020Q2,2020,3,2020-06-18 01:00:00+00:00,2020Q2,2020
841,27287,2020-06-18 17:30:00+00:00,27288,2020-06-18 18:00:00+00:00,SELL,1718.15,1723.691591936865,1723.691591936865,1707.06681612627,0.1,-56.115919368649614,-554.1591936864961,-1.0,SL,2020Q2,2020,1,2020-06-18 17:30:00+00:00,2020Q2,2020
842,27300,2020-06-19 01:00:00+00:00,27306,2020-06-19 04:00:00+00:00,SELL,1721.06,1724.8997901300138,1724.8997901300138,1713.3804197399722,0.1,-39.09790130013853,-383.9790130013853,-1.0,SL,2020Q2,2020,6,2020-06-19 01:00:00+00:00,2020Q2,2020
843,27307,2020-06-19 04:30:00+00:00,27317,2020-06-19 09:30:00+00:00,BUY,1725.33,1731.6785486562917,1722.155725671854,1731.6785486562917,0.1,62.78548656291768,634.8548656291769,1.9352705786381459,TP,2020Q2,2020,10,2020-06-19 04:30:00+00:00,2020Q2,2020
844,27328,2020-06-19 15:00:00+00:00,27333,2020-06-19 17:30:00+00:00,BUY,1733.96,1740.0010050230624,1730.9394974884688,1740.0010050230624,0.1,59.71005023062325,604.1005023062326,1.932049885344964,TP,2020Q2,2020,5,2020-06-19 15:00:00+00:00,2020Q2,2020
845,27356,2020-06-22 06:00:00+00:00,27375,2020-06-22 15:30:00+00:00,SELL,1751.4,1756.1807404752933,1756.1807404752933,1741.8385190494137,0.1,-48.507404752932146,-478.07404752932143,-1.0,SL,2020Q2,2020,19,2020-06-22 06:00:00+00:00,2020Q2,2020
846,27378,2020-06-22 17:00:00+00:00,27379,2020-06-22 17:30:00+00:00,BUY,1759.75,1754.4689685488188,1754.4689685488188,1770.3120629023624,0.1,-53.51031451181207,-528.1031451181207,-1.0,SL,2020Q2,2020,1,2020-06-22 17:00:00+00:00,2020Q2,2020
847,27421,2020-06-23 15:30:00+00:00,27424,2020-06-23 17:00:00+00:00,BUY,1759.53,1767.9726778900463,1755.3086610549767,1767.9726778900463,0.1,83.72677890046297,844.2677890046298,1.9510642243154042,TP,2020Q2,2020,3,2020-06-23 15:30:00+00:00,2020Q2,2020
848,27472,2020-06-24 18:00:00+00:00,27472,2020-06-24 18:00:00+00:00,BUY,1774.24,1767.9349362345135,1767.9349362345135,1786.850127530973,0.1,-63.75063765486466,-630.5063765486466,-1.0,SL,2020Q2,2020,0,2020-06-24 18:00:00+00:00,2020Q2,2020
849,27499,2020-06-25 08:30:00+00:00,27501,2020-06-25 09:30:00+00:00,SELL,1760.4,1764.6950082748053,1764.6950082748053,1751.8099834503896,0.1,-43.65008274805241,-429.5008274805241,-1.0,SL,2020Q2,2020,2,2020-06-25 08:30:00+00:00,2020Q2,2020
850,27557,2020-06-26 14:30:00+00:00,27558,2020-06-26 15:00:00+00:00,BUY,1765.05,1761.9786606848506,1761.9786606848506,1771.1926786302984,0.1,-31.413393151493164,-307.13393151493165,-1.0,SL,2020Q2,2020,1,2020-06-26 14:30:00+00:00,2020Q2,2020
851,27573,2020-06-26 22:30:00+00:00,27649,2020-06-30 14:30:00+00:00,BUY,1770.02,1765.5578434324038,1765.5578434324038,1778.944313135192,0.1,-45.321565675961395,-446.2156567596139,-1.0,SL,2020Q2,2020,76,2020-06-26 22:30:00+00:00,2020Q2,2020
852,27662,2020-06-30 21:00:00+00:00,27671,2020-07-01 02:30:00+00:00,SELL,1780.09,1784.3162401836505,1784.3162401836505,1771.6375196326985,0.1,-42.96240183650589,-422.6240183650589,-1.0,SL,2020Q2,2020,9,2020-06-30 21:00:00+00:00,2020Q2,2020
853,27680,2020-07-01 07:00:00+00:00,27693,2020-07-01 13:30:00+00:00,BUY,1784.02,1781.0797475239128,1781.0797475239128,1789.900504952174,0.1,-30.10252476087153,-294.0252476087153,-1.0,SL,2020Q3,2020,13,2020-07-01 07:00:00+00:00,2020Q3,2020
854,27711,2020-07-01 22:30:00+00:00,27718,2020-07-02 03:00:00+00:00,BUY,1771.83,1766.4940836121898,1766.4940836121898,1782.5018327756202,0.1,-54.0591638781013,-533.591638781013,-1.0,SL,2020Q3,2020,7,2020-07-01 22:30:00+00:00,2020Q3,2020
855,27921,2020-07-08 16:30:00+00:00,27931,2020-07-08 21:30:00+00:00,BUY,1812.1,1808.3616511774394,1808.3616511774394,1819.576697645121,0.1,-38.08348822560511,-373.83488225605106,-1.0,SL,2020Q3,2020,10,2020-07-08 16:30:00+00:00,2020Q3,2020
856,27944,2020-07-09 05:00:00+00:00,27957,2020-07-09 11:30:00+00:00,BUY,1809.64,1815.7893109909908,1806.5653445045048,1815.7893109909908,0.1,60.793109909906704,614.9310990990671,1.9332200298885454,TP,2020Q3,2020,13,2020-07-09 05:00:00+00:00,2020Q3,2020
857,27992,2020-07-10 06:00:00+00:00,28002,2020-07-10 11:00:00+00:00,SELL,1800.03,1803.2877118219594,1803.2877118219594,1793.514576356081,0.1,-33.27711821959447,-325.7711821959447,-1.0,SL,2020Q3,2020,10,2020-07-10 06:00:00+00:00,2020Q3,2020
858,28017,2020-07-10 18:30:00+00:00,28034,2020-07-13 04:00:00+00:00,SELL,1798.67,1802.6239896446825,1802.6239896446825,1790.7620207106352,0.1,-40.23989644682452,-395.39896446824514,-1.0,SL,2020Q3,2020,17,2020-07-10 18:30:00+00:00,2020Q3,2020
859,28079,2020-07-14 03:30:00+00:00,28098,2020-07-14 13:00:00+00:00,SELL,1799.57,1792.6072974954216,1803.0513512522891,1792.6072974954216,0.1,68.92702504578374,696.2702504578374,1.940867578259223,TP,2020Q3,2020,19,2020-07-14 03:30:00+00:00,2020Q3,2020
860,28107,2020-07-14 17:30:00+00:00,28203,2020-07-16 19:30:00+00:00,BUY,1806.47,1801.3054738028343,1801.3054738028343,1816.7990523943317,0.1,-52.34526197165742,-516.4526197165742,-1.0,SL,2020Q3,2020,96,2020-07-14 17:30:00+00:00,2020Q3,2020
861,28272,2020-07-20 08:00:00+00:00,28285,2020-07-20 14:30:00+00:00,BUY,1809.07,1813.3463012039533,1806.9318493980231,1813.3463012039533,0.1,42.0630120395338,427.63012039533805,1.9048977910237512,TP,2020Q3,2020,13,2020-07-20 08:00:00+00:00,2020Q3,2020
862,28329,2020-07-21 13:30:00+00:00,28332,2020-07-21 15:00:00+00:00,BUY,1825.71,1830.77854496031,1823.175727519845,1830.77854496031,0.1,49.98544960309964,506.8544960309964,1.9193632764618695,TP,2020Q3,2020,3,2020-07-21 13:30:00+00:00,2020Q3,2020
863,28366,2020-07-22 09:00:00+00:00,28366,2020-07-22 09:00:00+00:00,BUY,1860.65,1856.264589002342,1856.264589002342,1869.4208219953161,0.1,-44.55410997658028,-438.54109976580276,-1.0,SL,2020Q3,2020,0,2020-07-22 09:00:00+00:00,2020Q3,2020
864,28369,2020-07-22 10:30:00+00:00,28376,2020-07-22 14:00:00+00:00,SELL,1855.42,1859.9736526828917,1859.9736526828917,1846.3126946342168,0.1,-46.236526828916524,-455.3652682891652,-1.0,SL,2020Q3,2020,7,2020-07-22 10:30:00+00:00,2020Q3,2020
865,28385,2020-07-22 18:30:00+00:00,28400,2020-07-23 03:00:00+00:00,BUY,1861.58,1874.9558806227246,1854.8920596886376,1874.9558806227246,0.1,133.0588062272471,1337.5880622724708,1.9689254432083516,TP,2020Q3,2020,15,2020-07-22 18:30:00+00:00,2020Q3,2020
866,28436,2020-07-23 21:00:00+00:00,28460,2020-07-24 10:00:00+00:00,SELL,1888.32,1895.1261799778335,1895.1261799778335,1874.707640044333,0.1,-68.76179977833608,-680.6179977833608,-1.0,SL,2020Q3,2020,24,2020-07-23 21:00:00+00:00,2020Q3,2020
867,28461,2020-07-24 10:30:00+00:00,28467,2020-07-24 13:30:00+00:00,BUY,1893.38,1887.9780294480374,1887.9780294480374,1904.1839411039252,0.1,-54.71970551962677,-540.1970551962677,-1.0,SL,2020Q3,2020,6,2020-07-24 10:30:00+00:00,2020Q3,2020
868,28491,2020-07-27 02:30:00+00:00,28496,2020-07-27 05:00:00+00:00,BUY,1911.56,1921.3264313438121,1906.6767843280938,1921.3264313438121,0.1,96.964313438122,976.6431343812201,1.9576032997732988,TP,2020Q3,2020,5,2020-07-27 02:30:00+00:00,2020Q3,2020
869,28528,2020-07-27 21:00:00+00:00,28530,2020-07-27 22:00:00+00:00,BUY,1940.43,1933.610499747695,1933.610499747695,1954.0690005046101,0.1,-68.89500252305034,-681.9500252305033,-1.0,SL,2020Q3,2020,2,2020-07-27 21:00:00+00:00,2020Q3,2020
870,28541,2020-07-28 04:30:00+00:00,28541,2020-07-28 04:30:00+00:00,BUY,1974.59,1966.2721684084663,1966.2721684084663,1991.2256631830671,0.1,-83.87831591533605,-831.7831591533604,-1.0,SL,2020Q3,2020,0,2020-07-28 04:30:00+00:00,2020Q3,2020
871,28597,2020-07-29 09:30:00+00:00,28612,2020-07-29 17:00:00+00:00,BUY,1956.59,1949.5549689626037,1949.5549689626037,1970.6600620747922,0.1,-71.05031037396266,-703.5031037396266,-1.0,SL,2020Q3,2020,15,2020-07-29 09:30:00+00:00,2020Q3,2020
872,28641,2020-07-30 08:30:00+00:00,28659,2020-07-30 17:30:00+00:00,SELL,1956.7,1944.6317023364327,1962.7341488317838,1944.6317023364327,0.1,119.98297663567364,1206.8297663567364,1.9655971691078737,TP,2020Q3,2020,18,2020-07-30 08:30:00+00:00,2020Q3,2020
873,28677,2020-07-31 03:30:00+00:00,28681,2020-07-31 05:30:00+00:00,BUY,1958.98,1970.1536490159988,1953.3931754920006,1970.1536490159988,0.1,111.03649015998762,1117.3649015998762,1.962876698808132,TP,2020Q3,2020,4,2020-07-31 03:30:00+00:00,2020Q3,2020
874,28742,2020-08-03 13:00:00+00:00,28749,2020-08-03 16:30:00+00:00,SELL,1970.98,1961.9062481282228,1975.5168759358885,1961.9062481282228,0.1,90.03751871777176,907.3751871777176,1.9544159636764185,TP,2020Q3,2020,7,2020-08-03 13:00:00+00:00,2020Q3,2020
875,28768,2020-08-04 03:00:00+00:00,28790,2020-08-04 14:00:00+00:00,BUY,1975.4,1971.1756712317447,1971.1756712317447,1983.848657536511,0.1,-42.943287682554185,-422.4328768255418,-1.0,SL,2020Q3,2020,22,2020-08-04 03:00:00+00:00,2020Q3,2020
876,28803,2020-08-04 20:30:00+00:00,28807,2020-08-04 22:30:00+00:00,BUY,2002.87,2016.1793740125534,1996.215312993723,2016.1793740125534,0.1,132.39374012553463,1330.9374012553462,1.968771780782628,TP,2020Q3,2020,4,2020-08-04 20:30:00+00:00,2020Q3,2020
877,28811,2020-08-05 01:30:00+00:00,28815,2020-08-05 03:30:00+00:00,BUY,2022.11,2014.9352408874688,2014.9352408874688,2036.4595182250619,0.1,-72.44759112531092,-717.4759112531092,-1.0,SL,2020Q3,2020,4,2020-08-05 01:30:00+00:00,2020Q3,2020
878,28819,2020-08-05 05:30:00+00:00,28823,2020-08-05 07:30:00+00:00,SELL,2013.58,2021.0662954374889,2021.0662954374889,1998.6074091250223,0.1,-75.56295437488934,-748.6295437488934,-1.0,SL,2020Q3,2020,4,2020-08-05 05:30:00+00:00,2020Q3,2020
879,28828,2020-08-05 10:00:00+00:00,28841,2020-08-05 16:30:00+00:00,BUY,2033.7,2047.82194499813,2026.639027500935,2047.82194499813,0.1,140.5194499812995,1412.1944998129948,1.9705510012796241,TP,2020Q3,2020,13,2020-08-05 10:00:00+00:00,2020Q3,2020
880,28860,2020-08-06 03:00:00+00:00,28862,2020-08-06 04:00:00+00:00,SELL,2036.29,2043.0345445920232,2043.0345445920232,2022.8009108159536,0.1,-68.14544592023204,-674.4544592023203,-1.0,SL,2020Q3,2020,2,2020-08-06 03:00:00+00:00,2020Q3,2020
881,28922,2020-08-07 11:00:00+00:00,28925,2020-08-07 12:30:00+00:00,BUY,2064.86,2057.184030002777,2057.184030002777,2080.211939994446,0.1,-77.45969997223092,-767.5969997223092,-1.0,SL,2020Q3,2020,3,2020-08-07 11:00:00+00:00,2020Q3,2020
882,28958,2020-08-10 06:00:00+00:00,28979,2020-08-10 16:30:00+00:00,SELL,2028.01,2036.302073626213,2036.302073626213,2011.4258527475738,0.1,-83.62073626213096,-829.2073626213096,-1.0,SL,2020Q3,2020,21,2020-08-10 06:00:00+00:00,2020Q3,2020
883,29017,2020-08-11 12:30:00+00:00,29017,2020-08-11 12:30:00+00:00,BUY,1997.7,1988.8119466790697,1988.8119466790697,2015.476106641861,0.1,-89.5805332093034,-888.8053320930339,-1.0,SL,2020Q3,2020,0,2020-08-11 12:30:00+00:00,2020Q3,2020
884,29021,2020-08-11 14:30:00+00:00,29023,2020-08-11 15:30:00+00:00,SELL,1979.31,1960.5212483913424,1988.7043758043287,1960.5212483913424,0.1,187.1875160865755,1878.8751608657549,1.9778115319655893,TP,2020Q3,2020,2,2020-08-11 14:30:00+00:00,2020Q3,2020
885,29041,2020-08-12 01:30:00+00:00,29043,2020-08-12 02:30:00+00:00,BUY,1920.42,1906.7063279642646,1906.7063279642646,1947.8473440714713,0.1,-137.83672035735498,-1371.36720357355,-1.0,SL,2020Q3,2020,2,2020-08-12 01:30:00+00:00,2020Q3,2020
886,29057,2020-08-12 09:30:00+00:00,29059,2020-08-12 10:30:00+00:00,BUY,1900.08,1933.2819956157327,1883.4790021921335,1933.2819956157327,0.1,331.31995615732814,3320.1995615732812,1.98740327349207,TP,2020Q3,2020,2,2020-08-12 09:30:00+00:00,2020Q3,2020
887,29060,2020-08-12 11:00:00+00:00,29061,2020-08-12 11:30:00+00:00,BUY,1936.81,1918.9802287959612,1918.9802287959612,1972.4695424080776,0.1,-178.99771204038706,-1782.9771204038707,-1.0,SL,2020Q3,2020,1,2020-08-12 11:00:00+00:00,2020Q3,2020
888,29071,2020-08-12 16:30:00+00:00,29072,2020-08-12 17:00:00+00:00,BUY,1944.75,1927.822620458093,1927.822620458093,1978.6047590838139,0.1,-169.9737954190693,-1692.737954190693,-1.0,SL,2020Q3,2020,1,2020-08-12 16:30:00+00:00,2020Q3,2020
889,29108,2020-08-13 12:00:00+00:00,29114,2020-08-13 15:00:00+00:00,BUY,1934.15,1924.7906986621674,1924.7906986621674,1952.8686026756652,0.1,-94.29301337832676,-935.9301337832676,-1.0,SL,2020Q3,2020,6,2020-08-13 12:00:00+00:00,2020Q3,2020
890,29142,2020-08-14 06:00:00+00:00,29183,2020-08-17 03:30:00+00:00,SELL,1949.02,1931.2090042674256,1957.925497866287,1931.2090042674256,0.1,177.40995732574385,1781.0995732574384,1.9766029692025715,TP,2020Q3,2020,41,2020-08-14 06:00:00+00:00,2020Q3,2020
891,29225,2020-08-18 01:30:00+00:00,29230,2020-08-18 04:00:00+00:00,SELL,1981.23,1987.2329953160177,1987.2329953160177,1969.2240093679648,0.1,-60.72995316017632,-600.2995316017632,-1.0,SL,2020Q3,2020,5,2020-08-18 01:30:00+00:00,2020Q3,2020
892,29253,2020-08-18 15:30:00+00:00,29255,2020-08-18 16:30:00+00:00,BUY,2012.1,2005.4853376681324,2005.4853376681324,2025.329324663735,0.1,-66.84662331867521,-661.4662331867521,-1.0,SL,2020Q3,2020,2,2020-08-18 15:30:00+00:00,2020Q3,2020
893,29275,2020-08-19 03:30:00+00:00,29285,2020-08-19 08:30:00+00:00,SELL,2001.33,1987.2174493142934,2008.3862753428532,1987.2174493142934,0.1,140.4255068570654,1411.2550685706537,1.9705315905018177,TP,2020Q3,2020,10,2020-08-19 03:30:00+00:00,2020Q3,2020
894,29310,2020-08-19 21:00:00+00:00,29310,2020-08-19 21:00:00+00:00,BUY,1966.29,1956.5325753638338,1956.5325753638338,1985.8048492723324,0.1,-98.27424636166207,-975.7424636166206,-1.0,SL,2020Q3,2020,0,2020-08-19 21:00:00+00:00,2020Q3,2020
895,29326,2020-08-20 06:00:00+00:00,29335,2020-08-20 10:30:00+00:00,BUY,1946.75,1935.251927844314,1935.251927844314,1969.7461443113718,0.1,-115.68072155686032,-1149.8072155686032,-1.0,SL,2020Q3,2020,9,2020-08-20 06:00:00+00:00,2020Q3,2020
896,29336,2020-08-20 11:00:00+00:00,29345,2020-08-20 15:30:00+00:00,SELL,1934.35,1944.820575925451,1944.820575925451,1913.4088481490974,0.1,-105.40575925451158,-1047.0575925451158,-1.0,SL,2020Q3,2020,9,2020-08-20 11:00:00+00:00,2020Q3,2020
897,29383,2020-08-21 11:30:00+00:00,29390,2020-08-21 15:00:00+00:00,SELL,1930.04,1913.7869247173537,1938.1665376413232,1913.7869247173537,0.1,161.83075282646251,1625.307528264625,1.9743794259003336,TP,2020Q3,2020,7,2020-08-21 11:30:00+00:00,2020Q3,2020
898,29437,2020-08-24 15:30:00+00:00,29437,2020-08-24 15:30:00+00:00,BUY,1954.02,1947.9591767002808,1947.9591767002808,1966.1416465994384,0.1,-61.30823299719232,-606.0823299719232,-1.0,SL,2020Q3,2020,0,2020-08-24 15:30:00+00:00,2020Q3,2020
899,29468,2020-08-25 08:00:00+00:00,29477,2020-08-25 12:30:00+00:00,SELL,1933.17,1924.1016508856994,1937.7041745571505,1924.1016508856994,0.1,89.98349114300645,906.8349114300645,1.9543892184378433,TP,2020Q3,2020,9,2020-08-25 08:00:00+00:00,2020Q3,2020
900,29494,2020-08-25 21:00:00+00:00,29518,2020-08-26 10:00:00+00:00,BUY,1921.33,1914.718994593468,1914.718994593468,1934.5520108130634,0.1,-66.81005406531831,-661.1005406531831,-1.0,SL,2020Q3,2020,24,2020-08-25 21:00:00+00:00,2020Q3,2020
901,29522,2020-08-26 12:00:00+00:00,29522,2020-08-26 12:00:00+00:00,BUY,1923.06,1917.8760729257353,1917.8760729257353,1933.4278541485294,0.1,-52.539270742646025,-518.3927074264602,-1.0,SL,2020Q3,2020,0,2020-08-26 12:00:00+00:00,2020Q3,2020
902,29566,2020-08-27 11:00:00+00:00,29568,2020-08-27 12:00:00+00:00,BUY,1946.68,1940.8160585624796,1940.8160585624796,1958.407882875041,0.1,-59.33941437520453,-586.3941437520452,-1.0,SL,2020Q3,2020,2,2020-08-27 11:00:00+00:00,2020Q3,2020
903,29645,2020-08-31 04:30:00+00:00,29657,2020-08-31 10:30:00+00:00,SELL,1969.29,1955.790936693545,1976.0395316532274,1955.790936693545,0.1,134.290633064549,1349.90633064549,1.969206096447897,TP,2020Q3,2020,12,2020-08-31 04:30:00+00:00,2020Q3,2020
904,29661,2020-08-31 12:30:00+00:00,29666,2020-08-31 15:00:00+00:00,BUY,1966.29,1960.523810006284,1960.523810006284,1977.8223799874318,0.1,-58.36189993715898,-576.6189993715898,-1.0,SL,2020Q3,2020,5,2020-08-31 12:30:00+00:00,2020Q3,2020
905,29679,2020-08-31 21:30:00+00:00,29691,2020-09-01 04:30:00+00:00,SELL,1968.14,1974.626750293637,1974.626750293637,1955.1664994127264,0.1,-65.56750293636988,-648.6750293636987,-1.0,SL,2020Q3,2020,12,2020-08-31 21:30:00+00:00,2020Q3,2020
906,29716,2020-09-01 17:00:00+00:00,29716,2020-09-01 17:00:00+00:00,SELL,1982.93,1971.607748750403,1988.5911256247985,1971.607748750403,0.1,112.52251249597002,1132.2251249597002,1.9633579834489912,TP,2020Q3,2020,0,2020-09-01 17:00:00+00:00,2020Q3,2020
907,29779,2020-09-03 02:30:00+00:00,29789,2020-09-03 07:30:00+00:00,BUY,1943.72,1937.673185301944,1937.673185301944,1955.8136293961124,0.1,-61.16814698056096,-604.6814698056096,-1.0,SL,2020Q3,2020,10,2020-09-03 02:30:00+00:00,2020Q3,2020
908,29811,2020-09-03 18:30:00+00:00,29816,2020-09-03 21:00:00+00:00,SELL,1924.76,1933.5219405212172,1933.5219405212172,1907.2361189575654,0.1,-88.31940521217184,-876.1940521217184,-1.0,SL,2020Q3,2020,5,2020-09-03 18:30:00+00:00,2020Q3,2020
909,29826,2020-09-04 03:00:00+00:00,29826,2020-09-04 03:00:00+00:00,SELL,1927.94,1934.396882112645,1934.396882112645,1915.0262357747101,0.1,-65.26882112644962,-645.6882112644962,-1.0,SL,2020Q3,2020,0,2020-09-04 03:00:00+00:00,2020Q3,2020
910,29874,2020-09-07 04:00:00+00:00,29875,2020-09-07 04:30:00+00:00,SELL,1933.2,1938.8486076165998,1938.8486076165998,1921.9027847668003,0.1,-57.18607616599748,-564.8607616599747,-1.0,SL,2020Q3,2020,1,2020-09-07 04:00:00+00:00,2020Q3,2020
911,29891,2020-09-07 12:30:00+00:00,29922,2020-09-08 09:00:00+00:00,SELL,1928.84,1933.3801966464414,1933.3801966464414,1919.7596067071172,0.1,-46.10196646441473,-454.01966464414727,-1.0,SL,2020Q3,2020,31,2020-09-07 12:30:00+00:00,2020Q3,2020
912,29927,2020-09-08 11:30:00+00:00,29929,2020-09-08 12:30:00+00:00,SELL,1928.69,1921.0044370161727,1932.5327814919137,1921.0044370161727,0.1,76.15562983827367,768.5562983827367,1.9463297399985162,TP,2020Q3,2020,2,2020-09-08 11:30:00+00:00,2020Q3,2020
913,29943,2020-09-08 19:30:00+00:00,29958,2020-09-09 04:00:00+00:00,BUY,1934.53,1926.1208565755196,1926.1208565755196,1951.348286848961,0.1,-84.79143424480363,-840.9143424480362,-1.0,SL,2020Q3,2020,15,2020-09-08 19:30:00+00:00,2020Q3,2020
914,29964,2020-09-09 07:00:00+00:00,29968,2020-09-09 09:00:00+00:00,BUY,1930.25,1925.2392189837803,1925.2392189837803,1940.2715620324395,0.1,-50.80781016219653,-501.0781016219653,-1.0,SL,2020Q3,2020,4,2020-09-09 07:00:00+00:00,2020Q3,2020
915,29990,2020-09-09 20:00:00+00:00,30016,2020-09-10 10:00:00+00:00,BUY,1948.37,1942.2741732399054,1942.2741732399054,1960.561653520189,0.1,-61.65826760094497,-609.5826760094496,-1.0,SL,2020Q3,2020,26,2020-09-09 20:00:00+00:00,2020Q3,2020
916,30044,2020-09-11 01:00:00+00:00,30053,2020-09-11 05:30:00+00:00,BUY,1945.08,1938.9487155029678,1938.9487155029678,1957.342568994064,0.1,-62.01284497032084,-613.1284497032084,-1.0,SL,2020Q3,2020,9,2020-09-11 01:00:00+00:00,2020Q3,2020
917,30082,2020-09-11 20:00:00+00:00,30097,2020-09-14 04:30:00+00:00,SELL,1942.47,1947.4535699060782,1947.4535699060782,1932.502860187844,0.1,-50.53569906078174,-498.35699060781735,-1.0,SL,2020Q3,2020,15,2020-09-11 20:00:00+00:00,2020Q3,2020
918,30113,2020-09-14 12:30:00+00:00,30118,2020-09-14 15:00:00+00:00,SELL,1943.47,1947.0131697518873,1947.0131697518873,1936.3836604962253,0.1,-36.13169751887263,-354.31697518872625,-1.0,SL,2020Q3,2020,5,2020-09-14 12:30:00+00:00,2020Q3,2020
919,30119,2020-09-14 15:30:00+00:00,30120,2020-09-14 16:00:00+00:00,BUY,1949.38,1957.4675419705643,1945.336229014718,1957.4675419705643,0.1,80.17541970564189,808.7541970564189,1.9489519468265144,TP,2020Q3,2020,1,2020-09-14 15:30:00+00:00,2020Q3,2020
920,30133,2020-09-14 22:30:00+00:00,30144,2020-09-15 05:00:00+00:00,BUY,1958.01,1965.65314164292,1954.18842917854,1965.65314164292,0.1,75.7314164292,764.314164292,1.9460372148845502,TP,2020Q3,2020,11,2020-09-14 22:30:00+00:00,2020Q3,2020
921,30151,2020-09-15 08:30:00+00:00,30153,2020-09-15 09:30:00+00:00,BUY,1967.85,1964.6276233110134,1964.6276233110134,1974.294753377973,0.1,-32.92376688986515,-322.23766889865146,-1.0,SL,2020Q3,2020,2,2020-09-15 08:30:00+00:00,2020Q3,2020
922,30159,2020-09-15 12:30:00+00:00,30167,2020-09-15 16:30:00+00:00,BUY,1965.91,1962.4580785324526,1962.4580785324526,1972.813842935095,0.1,-35.21921467547436,-345.1921467547436,-1.0,SL,2020Q3,2020,8,2020-09-15 12:30:00+00:00,2020Q3,2020
923,30217,2020-09-16 18:30:00+00:00,30219,2020-09-16 19:30:00+00:00,BUY,1969.42,1963.5960935810172,1963.5960935810172,1981.0678128379657,0.1,-58.93906418982915,-582.3906418982915,-1.0,SL,2020Q3,2020,2,2020-09-16 18:30:00+00:00,2020Q3,2020
924,30239,2020-09-17 06:30:00+00:00,30243,2020-09-17 08:30:00+00:00,SELL,1939.57,1946.1395889741766,1946.1395889741766,1926.4308220516468,0.1,-66.39588974176668,-656.9588974176668,-1.0,SL,2020Q3,2020,4,2020-09-17 06:30:00+00:00,2020Q3,2020
925,30259,2020-09-17 16:30:00+00:00,30260,2020-09-17 17:00:00+00:00,SELL,1937.54,1943.7919937582606,1943.7919937582606,1925.0360124834785,0.1,-63.219937582605965,-625.1993758260596,-1.0,SL,2020Q3,2020,1,2020-09-17 16:30:00+00:00,2020Q3,2020
926,30277,2020-09-18 02:30:00+00:00,30295,2020-09-18 11:30:00+00:00,BUY,1946.9,1955.9737598179838,1942.3631200910083,1955.9737598179838,0.1,90.03759817983727,907.3759817983728,1.9544160029893782,TP,2020Q3,2020,18,2020-09-18 02:30:00+00:00,2020Q3,2020
927,30302,2020-09-18 15:00:00+00:00,30306,2020-09-18 17:00:00+00:00,SELL,1950.67,1954.263610640365,1954.263610640365,1943.4827787192705,0.1,-36.63610640364887,-359.36106403648864,-1.0,SL,2020Q3,2020,4,2020-09-18 15:00:00+00:00,2020Q3,2020
928,30353,2020-09-21 17:30:00+00:00,30354,2020-09-21 18:00:00+00:00,SELL,1892.34,1900.4493793291067,1900.4493793291067,1876.1212413417863,0.1,-81.79379329106787,-810.9379329106787,-1.0,SL,2020Q3,2020,1,2020-09-21 17:30:00+00:00,2020Q3,2020
929,30412,2020-09-23 01:00:00+00:00,30424,2020-09-23 07:00:00+00:00,SELL,1899.97,1887.7242655666882,1906.0928672166558,1887.7242655666882,0.1,121.75734433311781,1224.5734433311782,1.9660900205586556,TP,2020Q3,2020,12,2020-09-23 01:00:00+00:00,2020Q3,2020
930,30472,2020-09-24 08:00:00+00:00,30476,2020-09-24 10:00:00+00:00,SELL,1851.7,1858.3120669052128,1858.3120669052128,1838.4758661895746,0.1,-66.82066905212714,-661.2066905212714,-1.0,SL,2020Q3,2020,4,2020-09-24 08:00:00+00:00,2020Q3,2020
931,30509,2020-09-25 03:30:00+00:00,30516,2020-09-25 07:00:00+00:00,SELL,1865.35,1871.4665835338851,1871.4665835338851,1853.1168329322297,0.1,-61.86583533885205,-611.6583533885205,-1.0,SL,2020Q3,2020,7,2020-09-25 03:30:00+00:00,2020Q3,2020
932,30575,2020-09-28 13:30:00+00:00,30579,2020-09-28 15:30:00+00:00,BUY,1860.39,1871.4071036970818,1854.8814481514594,1871.4071036970818,0.1,109.47103697081666,1101.7103697081666,1.9623558217793196,TP,2020Q3,2020,4,2020-09-28 13:30:00+00:00,2020Q3,2020
933,30619,2020-09-29 12:30:00+00:00,30625,2020-09-29 15:30:00+00:00,BUY,1885.2,1880.6884093000808,1880.6884093000808,1894.2231813998383,0.1,-45.81590699919225,-451.1590699919225,-1.0,SL,2020Q3,2020,6,2020-09-29 12:30:00+00:00,2020Q3,2020
934,30674,2020-09-30 17:00:00+00:00,30675,2020-09-30 17:30:00+00:00,SELL,1885.58,1891.7175630032423,1891.7175630032423,1873.304873993515,0.1,-62.07563003242349,-613.7563003242349,-1.0,SL,2020Q3,2020,1,2020-09-30 17:00:00+00:00,2020Q3,2020
935,30693,2020-10-01 03:30:00+00:00,30695,2020-10-01 04:30:00+00:00,SELL,1886.14,1891.1815906076538,1891.1815906076538,1876.056818784693,0.1,-51.11590607653689,-504.15906076536885,-1.0,SL,2020Q4,2020,2,2020-10-01 03:30:00+00:00,2020Q4,2020
936,30698,2020-10-01 06:00:00+00:00,30715,2020-10-01 14:30:00+00:00,BUY,1892.54,1901.8961755387916,1887.8619122306043,1901.8961755387916,0.1,92.86175538791603,935.6175538791604,1.9557716684697046,TP,2020Q4,2020,17,2020-10-01 06:00:00+00:00,2020Q4,2020
937,30723,2020-10-01 18:30:00+00:00,30731,2020-10-01 22:30:00+00:00,BUY,1909.87,1903.8786144939882,1903.8786144939882,1921.8527710120231,0.1,-60.61385506011739,-599.1385506011738,-1.0,SL,2020Q4,2020,8,2020-10-01 18:30:00+00:00,2020Q4,2020
938,30791,2020-10-05 06:30:00+00:00,30798,2020-10-05 10:00:00+00:00,SELL,1896.36,1887.2836584239199,1900.89817078804,1887.2836584239199,0.1,90.0634157608004,907.634157608004,1.9544287723568636,TP,2020Q4,2020,7,2020-10-05 06:30:00+00:00,2020Q4,2020
939,30799,2020-10-05 10:30:00+00:00,30799,2020-10-05 10:30:00+00:00,SELL,1888.52,1892.8390831721576,1892.8390831721576,1879.8818336556847,0.1,-43.89083172157662,-431.90831721576615,-1.0,SL,2020Q4,2020,0,2020-10-05 10:30:00+00:00,2020Q4,2020
940,30808,2020-10-05 15:00:00+00:00,30811,2020-10-05 16:30:00+00:00,BUY,1902.08,1910.4444057950873,1897.8977971024563,1910.4444057950873,0.1,82.9440579508735,836.440579508735,1.9506138335681702,TP,2020Q4,2020,3,2020-10-05 15:00:00+00:00,2020Q4,2020
941,30860,2020-10-06 18:00:00+00:00,30862,2020-10-06 19:00:00+00:00,SELL,1911.33,1901.7521994068807,1916.1189002965596,1901.7521994068807,0.1,95.07800593119264,957.7800593119264,1.9567803438673783,TP,2020Q4,2020,2,2020-10-06 18:00:00+00:00,2020Q4,2020
942,30876,2020-10-07 03:00:00+00:00,30878,2020-10-07 04:00:00+00:00,BUY,1880.32,1873.697791063635,1873.697791063635,1893.56441787273,0.1,-66.92208936365041,-662.2208936365041,-1.0,SL,2020Q4,2020,2,2020-10-07 03:00:00+00:00,2020Q4,2020
943,30990,2020-10-09 14:00:00+00:00,30991,2020-10-09 14:30:00+00:00,BUY,1916.13,1912.5252741439992,1912.5252741439992,1923.3394517120018,0.1,-36.74725856000869,-360.47258560008686,-1.0,SL,2020Q4,2020,1,2020-10-09 14:00:00+00:00,2020Q4,2020
944,30992,2020-10-09 15:00:00+00:00,30993,2020-10-09 15:30:00+00:00,SELL,1913.1,1916.8181692329802,1916.8181692329802,1905.6636615340394,0.1,-37.88169232980245,-371.81692329802445,-1.0,SL,2020Q4,2020,1,2020-10-09 15:00:00+00:00,2020Q4,2020
945,30994,2020-10-09 16:00:00+00:00,30995,2020-10-09 16:30:00+00:00,BUY,1920.9,1916.8652010185017,1916.8652010185017,1928.9695979629967,0.1,-41.04798981498398,-403.47989814983976,-1.0,SL,2020Q4,2020,1,2020-10-09 16:00:00+00:00,2020Q4,2020
946,31005,2020-10-09 21:30:00+00:00,31015,2020-10-12 03:30:00+00:00,BUY,1929.21,1923.9069304335585,1923.9069304335585,1939.8161391328833,0.1,-53.730695664415364,-530.3069566441536,-1.0,SL,2020Q4,2020,10,2020-10-09 21:30:00+00:00,2020Q4,2020
947,31111,2020-10-14 05:30:00+00:00,31130,2020-10-14 15:00:00+00:00,BUY,1893.39,1903.412300462174,1888.3788497689131,1903.412300462174,0.1,99.52300462173916,1002.2300462173916,1.9586707752281756,TP,2020Q4,2020,19,2020-10-14 05:30:00+00:00,2020Q4,2020
948,31145,2020-10-14 22:30:00+00:00,31145,2020-10-14 22:30:00+00:00,BUY,1904.26,1899.546065098532,1899.546065098532,1913.6878698029363,0.1,-47.83934901468065,-471.39349014680647,-1.0,SL,2020Q4,2020,0,2020-10-14 22:30:00+00:00,2020Q4,2020
949,31152,2020-10-15 03:00:00+00:00,31162,2020-10-15 08:00:00+00:00,SELL,1898.09,1902.1772114390265,1902.1772114390265,1889.915577121947,0.1,-41.57211439026533,-408.72114390265324,-1.0,SL,2020Q4,2020,10,2020-10-15 03:00:00+00:00,2020Q4,2020
950,31207,2020-10-16 07:30:00+00:00,31208,2020-10-16 08:00:00+00:00,SELL,1904.16,1907.770460946548,1907.770460946548,1896.9390781069044,0.1,-36.804609465478464,-361.0460946547846,-1.0,SL,2020Q4,2020,1,2020-10-16 07:30:00+00:00,2020Q4,2020
951,31228,2020-10-16 18:00:00+00:00,31255,2020-10-19 08:30:00+00:00,SELL,1902.22,1907.0699171724953,1907.0699171724953,1892.5201656550094,0.1,-49.19917172495225,-484.9917172495225,-1.0,SL,2020Q4,2020,27,2020-10-16 18:00:00+00:00,2020Q4,2020
952,31272,2020-10-19 17:00:00+00:00,31293,2020-10-20 04:30:00+00:00,SELL,1906.84,1898.4957748350726,1911.0121125824635,1898.4957748350726,0.1,82.74225164927365,834.4225164927366,1.9504963633289953,TP,2020Q4,2020,21,2020-10-19 17:00:00+00:00,2020Q4,2020
953,31332,2020-10-21 01:00:00+00:00,31334,2020-10-21 02:00:00+00:00,SELL,1907.84,1912.1048059853003,1912.1048059853003,1899.310388029399,0.1,-43.34805985300427,-426.4805985300427,-1.0,SL,2020Q4,2020,2,2020-10-21 01:00:00+00:00,2020Q4,2020
954,31344,2020-10-21 07:00:00+00:00,31352,2020-10-21 11:00:00+00:00,SELL,1917.59,1921.3688928947302,1921.3688928947302,1910.0322142105392,0.1,-38.48892894730234,-377.8892894730234,-1.0,SL,2020Q4,2020,8,2020-10-21 07:00:00+00:00,2020Q4,2020
955,31374,2020-10-21 22:00:00+00:00,31386,2020-10-22 05:00:00+00:00,SELL,1922.85,1913.643992164468,1927.453003917766,1913.643992164468,0.1,91.36007835531863,920.6007835531864,1.9550610263342942,TP,2020Q4,2020,12,2020-10-21 22:00:00+00:00,2020Q4,2020
956,31393,2020-10-22 08:30:00+00:00,31406,2020-10-22 15:00:00+00:00,BUY,1915.56,1912.2281303232814,1912.2281303232814,1922.2237393534367,0.1,-34.01869676718498,-333.18696767184974,-1.0,SL,2020Q4,2020,13,2020-10-22 08:30:00+00:00,2020Q4,2020
957,31410,2020-10-22 17:00:00+00:00,31425,2020-10-23 01:30:00+00:00,SELL,1901.54,1906.0212285276339,1906.0212285276339,1892.5775429447322,0.1,-45.51228527633903,-448.12285276339026,-1.0,SL,2020Q4,2020,15,2020-10-22 17:00:00+00:00,2020Q4,2020
958,31535,2020-10-27 09:30:00+00:00,31538,2020-10-27 11:00:00+00:00,SELL,1904.95,1899.199421889329,1907.8252890553356,1899.199421889329,0.1,56.80578110671085,575.0578110671086,1.928699697702141,TP,2020Q4,2020,3,2020-10-27 09:30:00+00:00,2020Q4,2020
959,31596,2020-10-28 17:00:00+00:00,31596,2020-10-28 17:00:00+00:00,SELL,1871.7,1877.2930682588794,1877.2930682588794,1860.513863482241,0.1,-56.630682588793846,-559.3068258879384,-1.0,SL,2020Q4,2020,0,2020-10-28 17:00:00+00:00,2020Q4,2020
960,31609,2020-10-29 00:30:00+00:00,31635,2020-10-29 13:30:00+00:00,BUY,1878.4,1873.5809558416931,1873.5809558416931,1888.0380883166142,0.1,-48.89044158306952,-481.90441583069514,-1.0,SL,2020Q4,2020,26,2020-10-29 00:30:00+00:00,2020Q4,2020
961,31636,2020-10-29 14:00:00+00:00,31636,2020-10-29 14:00:00+00:00,SELL,1871.92,1864.1300949292925,1875.8149525353538,1864.1300949292925,0.1,77.19905070707618,778.9905070707619,1.9470359359595613,TP,2020Q4,2020,0,2020-10-29 14:00:00+00:00,2020Q4,2020
962,31654,2020-10-30 00:00:00+00:00,31661,2020-10-30 03:30:00+00:00,SELL,1866.4,1870.8522760765072,1870.8522760765072,1857.4954478469856,0.1,-45.22276076507133,-445.22760765071325,-1.0,SL,2020Q4,2020,7,2020-10-30 00:00:00+00:00,2020Q4,2020
963,31711,2020-11-02 06:30:00+00:00,31713,2020-11-02 07:30:00+00:00,SELL,1880.78,1884.9184191565228,1884.9184191565228,1872.5031616869544,0.1,-42.08419156522787,-413.84191565227866,-1.0,SL,2020Q4,2020,2,2020-11-02 06:30:00+00:00,2020Q4,2020
964,31721,2020-11-02 11:30:00+00:00,31734,2020-11-02 18:00:00+00:00,BUY,1886.55,1894.7588624753494,1882.4455687623251,1894.7588624753494,0.1,81.38862475349406,820.8862475349406,1.949693745556293,TP,2020Q4,2020,13,2020-11-02 11:30:00+00:00,2020Q4,2020
965,31741,2020-11-02 21:30:00+00:00,31754,2020-11-03 05:00:00+00:00,BUY,1894.58,1890.6085632091458,1890.6085632091458,1902.5228735817084,0.1,-40.41436790854114,-397.14367908541135,-1.0,SL,2020Q4,2020,13,2020-11-02 21:30:00+00:00,2020Q4,2020
966,31775,2020-11-03 15:30:00+00:00,31777,2020-11-03 16:30:00+00:00,BUY,1905.89,1901.9554446457382,1901.9554446457382,1913.759110708524,0.1,-40.04555354261875,-393.45553542618745,-1.0,SL,2020Q4,2020,2,2020-11-03 15:30:00+00:00,2020Q4,2020
967,31783,2020-11-03 19:30:00+00:00,31786,2020-11-03 21:00:00+00:00,BUY,1908.9,1904.3224261683058,1904.3224261683058,1918.0551476633889,0.1,-46.47573831694281,-457.75738316942807,-1.0,SL,2020Q4,2020,3,2020-11-03 19:30:00+00:00,2020Q4,2020
968,31824,2020-11-04 17:00:00+00:00,31854,2020-11-05 09:00:00+00:00,SELL,1902.75,1910.8446901267664,1910.8446901267664,1886.5606197464672,0.1,-81.64690126766409,-809.4690126766409,-1.0,SL,2020Q4,2020,30,2020-11-04 17:00:00+00:00,2020Q4,2020
969,31855,2020-11-05 09:30:00+00:00,31855,2020-11-05 09:30:00+00:00,BUY,1912.89,1908.2637354334663,1908.2637354334663,1922.1425291330675,0.1,-46.96264566533792,-462.62645665337914,-1.0,SL,2020Q4,2020,0,2020-11-05 09:30:00+00:00,2020Q4,2020
970,31857,2020-11-05 10:30:00+00:00,31865,2020-11-05 14:30:00+00:00,BUY,1915.02,1925.250114405553,1909.9049427972234,1925.250114405553,0.1,101.60114405552967,1023.0114405552968,1.959499000341255,TP,2020Q4,2020,8,2020-11-05 10:30:00+00:00,2020Q4,2020
971,31916,2020-11-06 17:00:00+00:00,31917,2020-11-06 17:30:00+00:00,SELL,1941.69,1949.2348443713952,1949.2348443713952,1926.6003112572096,0.1,-76.1484437139513,-754.4844371395129,-1.0,SL,2020Q4,2020,1,2020-11-06 17:00:00+00:00,2020Q4,2020
972,31938,2020-11-09 05:00:00+00:00,31955,2020-11-09 13:30:00+00:00,BUY,1957.26,1952.3811212169012,1952.3811212169012,1967.0177575661976,0.1,-49.48878783098799,-487.88787830987985,-1.0,SL,2020Q4,2020,17,2020-11-09 05:00:00+00:00,2020Q4,2020
973,31959,2020-11-09 15:30:00+00:00,31959,2020-11-09 15:30:00+00:00,SELL,1895.6,1873.04710984808,1906.8764450759597,1873.04710984808,0.1,224.82890151919884,2255.2890151919883,1.981492000481745,TP,2020Q4,2020,0,2020-11-09 15:30:00+00:00,2020Q4,2020
974,31962,2020-11-09 17:00:00+00:00,31982,2020-11-10 04:00:00+00:00,SELL,1863.15,1876.9301930874212,1876.9301930874212,1835.5896138251576,0.1,-138.50193087421138,-1378.019308742114,-1.0,SL,2020Q4,2020,20,2020-11-09 17:00:00+00:00,2020Q4,2020
975,32019,2020-11-10 22:30:00+00:00,32027,2020-11-11 03:30:00+00:00,SELL,1875.63,1881.2379507872045,1881.2379507872045,1864.4140984255912,0.1,-56.77950787204345,-560.7950787204345,-1.0,SL,2020Q4,2020,8,2020-11-10 22:30:00+00:00,2020Q4,2020
976,32035,2020-11-11 07:30:00+00:00,32038,2020-11-11 09:00:00+00:00,BUY,1881.52,1877.2465527943534,1877.2465527943534,1890.066894411293,0.1,-43.43447205646562,-427.3447205646562,-1.0,SL,2020Q4,2020,3,2020-11-11 07:30:00+00:00,2020Q4,2020
977,32067,2020-11-11 23:30:00+00:00,32097,2020-11-12 15:30:00+00:00,BUY,1865.4,1874.4430241409714,1860.8784879295144,1874.4430241409714,0.1,89.73024140971283,904.3024140971283,1.9542634328787054,TP,2020Q4,2020,30,2020-11-11 23:30:00+00:00,2020Q4,2020
978,32143,2020-11-13 15:30:00+00:00,32144,2020-11-13 16:00:00+00:00,BUY,1888.32,1896.1085735900983,1884.4257132049506,1896.1085735900983,0.1,77.18573590098394,778.8573590098395,1.947027041468725,TP,2020Q4,2020,1,2020-11-13 15:30:00+00:00,2020Q4,2020
979,32177,2020-11-16 09:30:00+00:00,32177,2020-11-16 09:30:00+00:00,SELL,1888.68,1892.2838733800866,1892.2838733800866,1881.4722532398268,0.1,-36.73873380086498,-360.38733800864975,-1.0,SL,2020Q4,2020,0,2020-11-16 09:30:00+00:00,2020Q4,2020
980,32198,2020-11-16 20:00:00+00:00,32256,2020-11-18 03:00:00+00:00,SELL,1889.37,1876.906005517909,1895.6019972410452,1876.906005517909,0.1,123.93994482090811,1246.3994482090811,1.966677230730596,TP,2020Q4,2020,58,2020-11-16 20:00:00+00:00,2020Q4,2020
981,32281,2020-11-18 15:30:00+00:00,32284,2020-11-18 17:00:00+00:00,BUY,1873.21,1882.7588019122159,1868.4355990438921,1882.7588019122159,0.1,94.78801912215822,954.8801912215822,1.9566509870048578,TP,2020Q4,2020,3,2020-11-18 15:30:00+00:00,2020Q4,2020
982,32298,2020-11-19 01:00:00+00:00,32301,2020-11-19 02:30:00+00:00,BUY,1872.69,1868.6107881196815,1868.6107881196815,1880.848423760637,0.1,-41.492118803185534,-407.9211880318553,-1.0,SL,2020Q4,2020,3,2020-11-19 01:00:00+00:00,2020Q4,2020
983,32307,2020-11-19 05:30:00+00:00,32311,2020-11-19 07:30:00+00:00,SELL,1866.62,1859.2150174949752,1870.3224912525122,1859.2150174949752,0.1,73.3498250502469,740.4982505024691,1.9443338669479622,TP,2020Q4,2020,4,2020-11-19 05:30:00+00:00,2020Q4,2020
984,32331,2020-11-19 17:30:00+00:00,32374,2020-11-20 16:00:00+00:00,BUY,1862.26,1873.4705759060673,1856.6547120469663,1873.4705759060673,0.1,111.40575906067333,1121.0575906067334,1.962997472244955,TP,2020Q4,2020,43,2020-11-19 17:30:00+00:00,2020Q4,2020
985,32383,2020-11-20 20:30:00+00:00,32388,2020-11-20 23:00:00+00:00,BUY,1874.3,1870.2152956184386,1870.2152956184386,1882.4694087631226,0.1,-41.547043815613236,-408.47043815613233,-1.0,SL,2020Q4,2020,5,2020-11-20 20:30:00+00:00,2020Q4,2020
986,32414,2020-11-23 13:00:00+00:00,32416,2020-11-23 14:00:00+00:00,SELL,1865.42,1868.7360640950144,1868.7360640950144,1858.7878718099712,0.1,-33.860640950143264,-331.6064095014326,-1.0,SL,2020Q4,2020,2,2020-11-23 13:00:00+00:00,2020Q4,2020
987,32417,2020-11-23 14:30:00+00:00,32418,2020-11-23 15:00:00+00:00,BUY,1868.28,1864.7822165390864,1864.7822165390864,1875.275566921827,0.1,-35.677834609135246,-349.77834609135243,-1.0,SL,2020Q4,2020,1,2020-11-23 14:30:00+00:00,2020Q4,2020
988,32428,2020-11-23 20:00:00+00:00,32438,2020-11-24 02:00:00+00:00,BUY,1839.87,1833.6430706657902,1833.6430706657902,1852.3238586684192,0.1,-62.96929334209672,-622.6929334209672,-1.0,SL,2020Q4,2020,10,2020-11-23 20:00:00+00:00,2020Q4,2020
989,32480,2020-11-24 23:00:00+00:00,32492,2020-11-25 06:00:00+00:00,BUY,1807.65,1802.753169296606,1802.753169296606,1817.4436614067881,0.1,-49.66830703394017,-489.68307033940164,-1.0,SL,2020Q4,2020,12,2020-11-24 23:00:00+00:00,2020Q4,2020
990,32546,2020-11-26 10:00:00+00:00,32550,2020-11-26 12:00:00+00:00,BUY,1815.14,1811.601188176783,1811.601188176783,1822.2176236464347,0.1,-36.08811823217202,-353.8811823217202,-1.0,SL,2020Q4,2020,4,2020-11-26 10:00:00+00:00,2020Q4,2020
991,32551,2020-11-26 12:30:00+00:00,32551,2020-11-26 12:30:00+00:00,SELL,1811.09,1814.7277791726992,1814.7277791726992,1803.8144416546013,0.1,-37.07779172699311,-363.7779172699311,-1.0,SL,2020Q4,2020,0,2020-11-26 12:30:00+00:00,2020Q4,2020
992,32569,2020-11-27 02:30:00+00:00,32573,2020-11-27 04:30:00+00:00,BUY,1812.07,1808.8329316588934,1808.8329316588934,1818.544136682213,0.1,-33.07068341106579,-323.70683411065784,-1.0,SL,2020Q4,2020,4,2020-11-27 02:30:00+00:00,2020Q4,2020
993,32609,2020-11-30 02:30:00+00:00,32613,2020-11-30 04:30:00+00:00,SELL,1783.14,1773.0616970061965,1788.179151496902,1773.0616970061965,0.1,100.08302993803618,1007.8302993803618,1.9588972845828574,TP,2020Q4,2020,4,2020-11-30 02:30:00+00:00,2020Q4,2020
994,32649,2020-11-30 22:30:00+00:00,32659,2020-12-01 04:30:00+00:00,SELL,1777.26,1782.7549646341276,1782.7549646341276,1766.270070731745,0.1,-55.64964634127655,-549.4964634127655,-1.0,SL,2020Q4,2020,10,2020-11-30 22:30:00+00:00,2020Q4,2020
995,32765,2020-12-03 11:30:00+00:00,32768,2020-12-03 13:00:00+00:00,SELL,1836.94,1841.5838451170785,1841.5838451170785,1827.652309765843,0.1,-47.138451170783995,-464.3845117078399,-1.0,SL,2020Q4,2020,3,2020-12-03 11:30:00+00:00,2020Q4,2020
996,32823,2020-12-04 17:30:00+00:00,32844,2020-12-07 05:00:00+00:00,SELL,1833.67,1839.7283128533168,1839.7283128533168,1821.5533742933667,0.1,-61.28312853316693,-605.8312853316693,-1.0,SL,2020Q4,2020,21,2020-12-04 17:30:00+00:00,2020Q4,2020
997,32907,2020-12-08 13:30:00+00:00,32909,2020-12-08 14:30:00+00:00,SELL,1861.32,1865.3158794051963,1865.3158794051963,1853.3282411896073,0.1,-40.6587940519632,-399.58794051963196,-1.0,SL,2020Q4,2020,2,2020-12-08 13:30:00+00:00,2020Q4,2020
998,32919,2020-12-08 19:30:00+00:00,32932,2020-12-09 03:00:00+00:00,BUY,1871.77,1866.317971386487,1866.317971386487,1882.674057227026,0.1,-55.22028613512994,-545.2028613512994,-1.0,SL,2020Q4,2020,13,2020-12-08 19:30:00+00:00,2020Q4,2020
999,32936,2020-12-09 05:00:00+00:00,32938,2020-12-09 06:00:00+00:00,SELL,1866.08,1859.3548985419288,1869.4425507290355,1859.3548985419288,0.1,66.55101458071094,672.5101458071094,1.938821006132951,TP,2020Q4,2020,2,2020-12-09 05:00:00+00:00,2020Q4,2020
1000,32957,2020-12-09 15:30:00+00:00,32958,2020-12-09 16:00:00+00:00,BUY,1861.18,1855.7851383046113,1855.7851383046113,1871.9697233907777,0.1,-54.64861695388727,-539.4861695388727,-1.0,SL,2020Q4,2020,1,2020-12-09 15:30:00+00:00,2020Q4,2020
1001,32975,2020-12-10 01:30:00+00:00,32981,2020-12-10 04:30:00+00:00,SELL,1835.85,1842.2249900630138,1842.2249900630138,1823.1000198739719,0.1,-64.44990063013911,-637.4990063013911,-1.0,SL,2020Q4,2020,6,2020-12-10 01:30:00+00:00,2020Q4,2020
1002,32989,2020-12-10 08:30:00+00:00,33003,2020-12-10 15:30:00+00:00,SELL,1837.15,1841.824901883824,1841.824901883824,1827.8001962323526,0.1,-47.4490188382385,-467.490188382385,-1.0,SL,2020Q4,2020,14,2020-12-10 08:30:00+00:00,2020Q4,2020
1003,33056,2020-12-11 19:00:00+00:00,33084,2020-12-14 10:00:00+00:00,SELL,1842.4,1831.4061286051876,1847.8969356974064,1831.4061286051876,0.1,109.23871394812458,1099.3871394812459,1.9622772721987667,TP,2020Q4,2020,28,2020-12-11 19:00:00+00:00,2020Q4,2020
1004,33089,2020-12-14 12:30:00+00:00,33090,2020-12-14 13:00:00+00:00,SELL,1820.72,1825.1082310934291,1825.1082310934291,1811.943537813142,0.1,-44.58231093429113,-438.82310934291127,-1.0,SL,2020Q4,2020,1,2020-12-14 12:30:00+00:00,2020Q4,2020
1005,33108,2020-12-14 22:00:00+00:00,33118,2020-12-15 04:00:00+00:00,SELL,1825.23,1830.089574536807,1830.089574536807,1815.5108509263857,0.1,-49.295745368070314,-485.9574536807031,-1.0,SL,2020Q4,2020,10,2020-12-14 22:00:00+00:00,2020Q4,2020
1006,33187,2020-12-16 15:30:00+00:00,33199,2020-12-16 21:30:00+00:00,SELL,1854.41,1859.2973465705832,1859.2973465705832,1844.6353068588337,0.1,-49.57346570583077,-488.7346570583077,-1.0,SL,2020Q4,2020,12,2020-12-16 15:30:00+00:00,2020Q4,2020
1007,33215,2020-12-17 06:30:00+00:00,33222,2020-12-17 10:00:00+00:00,BUY,1866.92,1875.3891968379148,1862.6854015810427,1875.3891968379148,0.1,83.99196837914751,846.9196837914751,1.9512149614061176,TP,2020Q4,2020,7,2020-12-17 06:30:00+00:00,2020Q4,2020
1008,33269,2020-12-18 10:30:00+00:00,33270,2020-12-18 11:00:00+00:00,SELL,1878.51,1882.411796087715,1882.411796087715,1870.7064078245703,0.1,-39.717960877149565,-390.1796087714956,-1.0,SL,2020Q4,2020,1,2020-12-18 10:30:00+00:00,2020Q4,2020
1009,33276,2020-12-18 14:00:00+00:00,33281,2020-12-18 16:30:00+00:00,BUY,1884.29,1880.4239387757377,1880.4239387757377,1892.0221224485244,0.1,-39.360612242622395,-386.6061224262239,-1.0,SL,2020Q4,2020,5,2020-12-18 14:00:00+00:00,2020Q4,2020
1010,33297,2020-12-21 01:30:00+00:00,33300,2020-12-21 03:00:00+00:00,BUY,1884.27,1892.0512753739135,1880.3793623130432,1892.0512753739135,0.1,77.11275373913558,778.1275373913559,1.9469782351737006,TP,2020Q4,2020,3,2020-12-21 01:30:00+00:00,2020Q4,2020
1011,33314,2020-12-21 10:00:00+00:00,33317,2020-12-21 11:30:00+00:00,SELL,1894.22,1882.8797343128776,1899.8901328435613,1882.8797343128776,0.1,112.70265687122382,1134.0265687122383,1.9634154808393007,TP,2020Q4,2020,3,2020-12-21 10:00:00+00:00,2020Q4,2020
1012,33382,2020-12-22 21:00:00+00:00,33400,2020-12-23 07:00:00+00:00,SELL,1862.25,1867.9607492994978,1867.9607492994978,1850.8285014010044,0.1,-57.807492994978205,-571.074929949782,-1.0,SL,2020Q4,2020,18,2020-12-22 21:00:00+00:00,2020Q4,2020
1013,33453,2020-12-24 10:30:00+00:00,33453,2020-12-24 10:30:00+00:00,BUY,1879.77,1876.5981108500757,1876.5981108500757,1886.1137782998485,0.1,-32.41889149924255,-317.18891499242545,-1.0,SL,2020Q4,2020,0,2020-12-24 10:30:00+00:00,2020Q4,2020
1014,33499,2020-12-28 15:30:00+00:00,33501,2020-12-28 16:30:00+00:00,BUY,1882.64,1893.7622280485555,1877.0788859757224,1893.7622280485555,0.1,110.52228048555371,1112.222804855537,1.9627072016132832,TP,2020Q4,2020,2,2020-12-28 15:30:00+00:00,2020Q4,2020
1015,33523,2020-12-29 04:30:00+00:00,33524,2020-12-29 05:00:00+00:00,SELL,1876.75,1881.4586060435813,1881.4586060435813,1867.3327879128376,0.1,-47.78606043581313,-470.86060435813124,-1.0,SL,2020Q4,2020,1,2020-12-29 04:30:00+00:00,2020Q4,2020
1016,33566,2020-12-30 03:00:00+00:00,33590,2020-12-30 15:00:00+00:00,BUY,1879.7,1876.4137947268812,1876.4137947268812,1886.2724105462378,0.1,-33.56205273118867,-328.6205273118867,-1.0,SL,2020Q4,2020,24,2020-12-30 03:00:00+00:00,2020Q4,2020
1017,33598,2020-12-30 19:00:00+00:00,33608,2020-12-31 01:00:00+00:00,BUY,1886.88,1894.3519285850416,1883.1440357074794,1894.3519285850416,0.1,74.01928585041496,747.1928585041496,1.9448234445045425,TP,2020Q4,2020,10,2020-12-30 19:00:00+00:00,2020Q4,2020
1018,33637,2020-12-31 15:30:00+00:00,33639,2020-12-31 16:30:00+00:00,BUY,1897.46,1893.9457546072763,1893.9457546072763,1904.4884907854475,0.1,-35.842453927237514,-351.4245392723751,-1.0,SL,2020Q4,2020,2,2020-12-31 15:30:00+00:00,2020Q4,2020
1019,33659,2021-01-04 08:30:00+00:00,33662,2021-01-04 10:00:00+00:00,BUY,1924.49,1934.1459677713442,1919.662016114328,1934.1459677713442,0.1,95.85967771344194,965.5967771344194,1.957125216231502,TP,2021Q1,2021,3,2021-01-04 08:30:00+00:00,2021Q1,2021
1020,33667,2021-01-04 12:30:00+00:00,33667,2021-01-04 12:30:00+00:00,SELL,1928.85,1933.7414717376862,1933.7414717376862,1919.0670565246276,0.1,-49.614717376862885,-489.1471737686288,-1.0,SL,2021Q1,2021,0,2021-01-04 12:30:00+00:00,2021Q1,2021
1021,33701,2021-01-05 06:30:00+00:00,33706,2021-01-05 09:00:00+00:00,SELL,1938.36,1943.423331349646,1943.423331349646,1928.2333373007077,0.1,-51.333313496462054,-506.3331349646205,-1.0,SL,2021Q1,2021,5,2021-01-05 06:30:00+00:00,2021Q1,2021
1022,33711,2021-01-05 11:30:00+00:00,33722,2021-01-05 17:00:00+00:00,BUY,1944.45,1939.7513171228788,1939.7513171228788,1953.8473657542422,0.1,-47.68682877121201,-469.86828771212004,-1.0,SL,2021Q1,2021,11,2021-01-05 11:30:00+00:00,2021Q1,2021
1023,33744,2021-01-06 05:00:00+00:00,33752,2021-01-06 09:00:00+00:00,SELL,1943.91,1949.2594838741172,1949.2594838741172,1933.2110322517656,0.1,-54.19483874117141,-534.9483874117141,-1.0,SL,2021Q1,2021,8,2021-01-06 05:00:00+00:00,2021Q1,2021
1024,33755,2021-01-06 10:30:00+00:00,33762,2021-01-06 14:00:00+00:00,BUY,1950.54,1945.2311820617483,1945.2311820617483,1961.157635876503,0.1,-53.7881793825165,-530.881793825165,-1.0,SL,2021Q1,2021,7,2021-01-06 10:30:00+00:00,2021Q1,2021
1025,33783,2021-01-07 01:30:00+00:00,33804,2021-01-07 12:00:00+00:00,BUY,1922.76,1914.5888530717593,1914.5888530717593,1939.1022938564813,0.1,-82.4114692824066,-817.114692824066,-1.0,SL,2021Q1,2021,21,2021-01-07 01:30:00+00:00,2021Q1,2021
1026,33845,2021-01-08 09:30:00+00:00,33845,2021-01-08 09:30:00+00:00,BUY,1910.07,1905.8563676545743,1905.8563676545743,1918.4972646908511,0.1,-42.83632345425595,-421.36323454255944,-1.0,SL,2021Q1,2021,0,2021-01-08 09:30:00+00:00,2021Q1,2021
1027,33865,2021-01-08 19:30:00+00:00,33874,2021-01-11 01:00:00+00:00,SELL,1843.82,1854.7936021446744,1854.7936021446744,1821.8727957106512,0.1,-110.43602144674487,-1097.3602144674487,-1.0,SL,2021Q1,2021,9,2021-01-08 19:30:00+00:00,2021Q1,2021
1028,33901,2021-01-11 14:30:00+00:00,33904,2021-01-11 16:00:00+00:00,SELL,1845.34,1829.915809902983,1853.0520950485084,1829.915809902983,0.1,153.5419009701689,1542.419009701689,1.9730149787825775,TP,2021Q1,2021,3,2021-01-11 14:30:00+00:00,2021Q1,2021
1029,33927,2021-01-12 04:30:00+00:00,33935,2021-01-12 08:30:00+00:00,BUY,1848.71,1859.431434573003,1843.3492827134985,1859.431434573003,0.1,106.51434573002852,1072.1434573002853,1.9613310748983013,TP,2021Q1,2021,8,2021-01-12 04:30:00+00:00,2021Q1,2021
1030,33936,2021-01-12 09:00:00+00:00,33938,2021-01-12 10:00:00+00:00,BUY,1860.18,1855.2663004531664,1855.2663004531664,1870.0073990936673,0.1,-49.83699546833641,-491.3699546833641,-1.0,SL,2021Q1,2021,2,2021-01-12 09:00:00+00:00,2021Q1,2021
1031,34012,2021-01-14 01:00:00+00:00,34016,2021-01-14 03:00:00+00:00,SELL,1844.91,1849.8827851621868,1849.8827851621868,1834.964429675627,0.1,-50.427851621867106,-497.27851621867103,-1.0,SL,2021Q1,2021,4,2021-01-14 01:00:00+00:00,2021Q1,2021
1032,34019,2021-01-14 04:30:00+00:00,34025,2021-01-14 07:30:00+00:00,SELL,1838.85,1844.0757649804934,1844.0757649804934,1828.3984700390129,0.1,-52.95764980493523,-522.5764980493523,-1.0,SL,2021Q1,2021,6,2021-01-14 04:30:00+00:00,2021Q1,2021
1033,34036,2021-01-14 13:00:00+00:00,34038,2021-01-14 14:00:00+00:00,SELL,1838.84,1844.2897982645768,1844.2897982645768,1827.940403470846,0.1,-55.197982645768846,-544.9798264576884,-1.0,SL,2021Q1,2021,2,2021-01-14 13:00:00+00:00,2021Q1,2021
1034,34053,2021-01-14 21:30:00+00:00,34062,2021-01-15 03:00:00+00:00,SELL,1847.24,1853.6922398822162,1853.6922398822162,1834.3355202355679,0.1,-65.2223988221619,-645.223988221619,-1.0,SL,2021Q1,2021,9,2021-01-14 21:30:00+00:00,2021Q1,2021
1035,34072,2021-01-15 08:00:00+00:00,34079,2021-01-15 11:30:00+00:00,SELL,1849.76,1854.0785066097285,1854.0785066097285,1841.122986780543,0.1,-43.88506609728502,-431.85066097285016,-1.0,SL,2021Q1,2021,7,2021-01-15 08:00:00+00:00,2021Q1,2021
1036,34080,2021-01-15 12:00:00+00:00,34082,2021-01-15 13:00:00+00:00,BUY,1855.17,1850.794457560038,1850.794457560038,1863.9210848799241,0.1,-44.455424399621464,-437.5542439962146,-1.0,SL,2021Q1,2021,2,2021-01-15 12:00:00+00:00,2021Q1,2021
1037,34088,2021-01-15 16:00:00+00:00,34089,2021-01-15 16:30:00+00:00,SELL,1838.43,1843.78831379928,1843.78831379928,1827.7133724014398,0.1,-54.283137992800405,-535.831379928004,-1.0,SL,2021Q1,2021,1,2021-01-15 16:00:00+00:00,2021Q1,2021
1038,34146,2021-01-19 03:00:00+00:00,34170,2021-01-19 15:00:00+00:00,BUY,1839.51,1835.670362389816,1835.670362389816,1847.1892752203678,0.1,-39.096376101839,-383.96376101838996,-1.0,SL,2021Q1,2021,24,2021-01-19 03:00:00+00:00,2021Q1,2021
1039,34191,2021-01-20 02:30:00+00:00,34195,2021-01-20 04:30:00+00:00,BUY,1842.75,1849.9197888172018,1839.1651055913992,1849.9197888172018,0.1,70.99788817201834,716.9788817201834,1.942542799730248,TP,2021Q1,2021,4,2021-01-20 02:30:00+00:00,2021Q1,2021
1040,34242,2021-01-21 05:00:00+00:00,34251,2021-01-21 09:30:00+00:00,BUY,1871.73,1867.5407738453769,1867.5407738453769,1880.1084523092463,0.1,-42.59226154623157,-418.92261546231566,-1.0,SL,2021Q1,2021,9,2021-01-21 05:00:00+00:00,2021Q1,2021
1041,34262,2021-01-21 15:00:00+00:00,34277,2021-01-21 22:30:00+00:00,SELL,1867.2,1871.5388735465308,1871.5388735465308,1858.5222529069385,0.1,-44.088735465307494,-433.8873546530749,-1.0,SL,2021Q1,2021,15,2021-01-21 15:00:00+00:00,2021Q1,2021
1042,34288,2021-01-22 05:00:00+00:00,34303,2021-01-22 12:30:00+00:00,SELL,1860.72,1853.1393880262092,1864.5103059868954,1853.1393880262092,0.1,75.10611973790837,758.0611973790838,1.9456001672631942,TP,2021Q1,2021,15,2021-01-22 05:00:00+00:00,2021Q1,2021
1043,34312,2021-01-22 17:00:00+00:00,34349,2021-01-25 12:30:00+00:00,BUY,1850.51,1862.422638808859,1844.5536805955705,1862.422638808859,0.1,118.42638808858901,1191.26388088589,1.965152859331411,TP,2021Q1,2021,37,2021-01-22 17:00:00+00:00,2021Q1,2021
1044,34350,2021-01-25 13:00:00+00:00,34357,2021-01-25 16:30:00+00:00,BUY,1862.86,1858.8135048459906,1858.8135048459906,1870.9529903080186,0.1,-41.164951540093355,-404.6495154009335,-1.0,SL,2021Q1,2021,7,2021-01-25 13:00:00+00:00,2021Q1,2021
1045,34367,2021-01-25 21:30:00+00:00,34378,2021-01-26 04:00:00+00:00,SELL,1854.18,1859.3020720150487,1859.3020720150487,1843.9358559699028,0.1,-51.92072015048616,-512.2072015048616,-1.0,SL,2021Q1,2021,11,2021-01-25 21:30:00+00:00,2021Q1,2021
1046,34401,2021-01-26 15:30:00+00:00,34403,2021-01-26 16:30:00+00:00,BUY,1857.23,1853.284711655286,1853.284711655286,1865.120576689428,0.1,-40.152883447140724,-394.5288344714072,-1.0,SL,2021Q1,2021,2,2021-01-26 15:30:00+00:00,2021Q1,2021
1047,34418,2021-01-27 01:00:00+00:00,34423,2021-01-27 03:30:00+00:00,SELL,1850.27,1843.770231691594,1853.5198841542028,1843.770231691594,0.1,64.29768308405919,649.9768308405919,1.93674478076775,TP,2021Q1,2021,5,2021-01-27 01:00:00+00:00,2021Q1,2021
1048,34475,2021-01-28 06:30:00+00:00,34481,2021-01-28 09:30:00+00:00,BUY,1838.75,1834.4252879151757,1834.4252879151757,1847.3994241696487,0.1,-43.947120848243415,-432.4712084824341,-1.0,SL,2021Q1,2021,6,2021-01-28 06:30:00+00:00,2021Q1,2021
1049,34536,2021-01-29 14:00:00+00:00,34539,2021-01-29 15:30:00+00:00,BUY,1862.49,1873.2622549469133,1857.1038725265435,1873.2622549469133,0.1,107.02254946913335,1077.2254946913336,1.9615111631791229,TP,2021Q1,2021,3,2021-01-29 14:00:00+00:00,2021Q1,2021
1050,34590,2021-02-01 18:00:00+00:00,34627,2021-02-02 13:30:00+00:00,SELL,1859.67,1844.8913756965014,1867.0593121517493,1844.8913756965014,0.1,147.08624303498647,1477.8624303498646,1.9718472701332754,TP,2021Q1,2021,37,2021-02-01 18:00:00+00:00,2021Q1,2021
1051,34628,2021-02-02 14:00:00+00:00,34631,2021-02-02 15:30:00+00:00,SELL,1842.34,1831.575518199322,1847.7222409003389,1831.575518199322,0.1,106.94481800677913,1076.4481800677913,1.9614837268127778,TP,2021Q1,2021,3,2021-02-02 14:00:00+00:00,2021Q1,2021
1052,34641,2021-02-02 20:30:00+00:00,34651,2021-02-03 02:30:00+00:00,SELL,1833.26,1839.866230753234,1839.866230753234,1820.0475384935319,0.1,-66.76230753234059,-660.6230753234058,-1.0,SL,2021Q1,2021,10,2021-02-02 20:30:00+00:00,2021Q1,2021
1053,34652,2021-02-03 03:00:00+00:00,34665,2021-02-03 09:30:00+00:00,BUY,1839.45,1834.9041374239073,1834.9041374239073,1848.5417251521856,0.1,-46.15862576092759,-454.5862576092759,-1.0,SL,2021Q1,2021,13,2021-02-03 03:00:00+00:00,2021Q1,2021
1054,34707,2021-02-04 07:30:00+00:00,34709,2021-02-04 08:30:00+00:00,SELL,1820.88,1824.4128993319052,1824.4128993319052,1813.81420133619,0.1,-36.02899331905128,-353.2899331905128,-1.0,SL,2021Q1,2021,2,2021-02-04 07:30:00+00:00,2021Q1,2021
1055,34743,2021-02-05 02:30:00+00:00,34744,2021-02-05 03:00:00+00:00,BUY,1797.37,1792.7781359501237,1792.7781359501237,1806.5537280997523,0.1,-46.61864049876222,-459.18640498762215,-1.0,SL,2021Q1,2021,1,2021-02-05 02:30:00+00:00,2021Q1,2021
1056,34769,2021-02-05 15:30:00+00:00,34769,2021-02-05 15:30:00+00:00,SELL,1796.86,1801.7631764107916,1801.7631764107916,1787.0536471784164,0.1,-49.7317641079173,-490.317641079173,-1.0,SL,2021Q1,2021,0,2021-02-05 15:30:00+00:00,2021Q1,2021
1057,34780,2021-02-05 21:00:00+00:00,34786,2021-02-08 01:00:00+00:00,SELL,1810.2,1817.29,1815.6021371081313,1799.3957257837378,0.1,-71.59999999999918,-708.9999999999918,-1.308446747315713,SL_GAP_OPEN_PESSIMISTIC,2021Q1,2021,6,2021-02-05 21:00:00+00:00,2021Q1,2021
1058,34793,2021-02-08 04:30:00+00:00,34799,2021-02-08 07:30:00+00:00,SELL,1811.29,1815.8369990789179,1815.8369990789179,1802.1960018421642,0.1,-46.16999078917907,-454.69990789179064,-1.0,SL,2021Q1,2021,6,2021-02-08 04:30:00+00:00,2021Q1,2021
1059,34814,2021-02-08 15:00:00+00:00,34816,2021-02-08 16:00:00+00:00,BUY,1825.51,1834.5997190320024,1820.9651404839988,1834.5997190320024,0.1,90.19719032002449,908.9719032002449,1.954494822806228,TP,2021Q1,2021,2,2021-02-08 15:00:00+00:00,2021Q1,2021
1060,34819,2021-02-08 17:30:00+00:00,34823,2021-02-08 19:30:00+00:00,BUY,1836.72,1831.5376138025179,1831.5376138025179,1847.0847723949644,0.1,-52.52386197482174,-518.2386197482174,-1.0,SL,2021Q1,2021,4,2021-02-08 17:30:00+00:00,2021Q1,2021
1061,34900,2021-02-10 12:00:00+00:00,34901,2021-02-10 12:30:00+00:00,SELL,1839.47,1843.2586461329358,1843.2586461329358,1831.8927077341286,0.1,-38.5864613293581,-378.864613293581,-1.0,SL,2021Q1,2021,1,2021-02-10 12:00:00+00:00,2021Q1,2021
1062,34910,2021-02-10 17:00:00+00:00,34952,2021-02-11 15:00:00+00:00,SELL,1841.42,1846.9056540296513,1846.9056540296513,1830.4486919406977,0.1,-55.55654029651187,-548.5654029651187,-1.0,SL,2021Q1,2021,42,2021-02-10 17:00:00+00:00,2021Q1,2021
1063,34965,2021-02-11 21:30:00+00:00,34972,2021-02-12 02:00:00+00:00,SELL,1823.34,1827.8295687517796,1827.8295687517796,1814.3608624964404,0.1,-45.595687517796435,-448.9568751779643,-1.0,SL,2021Q1,2021,7,2021-02-11 21:30:00+00:00,2021Q1,2021
1064,34999,2021-02-12 15:30:00+00:00,35000,2021-02-12 16:00:00+00:00,SELL,1812.59,1816.655118941393,1816.655118941393,1804.4597621172136,0.1,-41.351189413931664,-406.5118941393166,-1.0,SL,2021Q1,2021,1,2021-02-12 15:30:00+00:00,2021Q1,2021
1065,35004,2021-02-12 18:00:00+00:00,35007,2021-02-12 19:30:00+00:00,BUY,1828.49,1822.7047041232695,1822.7047041232695,1840.0605917534608,0.1,-58.55295876730516,-578.5295876730515,-1.0,SL,2021Q1,2021,3,2021-02-12 18:00:00+00:00,2021Q1,2021
1066,35051,2021-02-15 18:30:00+00:00,35079,2021-02-16 13:30:00+00:00,BUY,1819.72,1816.2681931983784,1816.2681931983784,1826.6236136032433,0.1,-35.21806801621615,-345.1806801621615,-1.0,SL,2021Q1,2021,28,2021-02-15 18:30:00+00:00,2021Q1,2021
1067,35082,2021-02-16 15:00:00+00:00,35082,2021-02-16 15:00:00+00:00,SELL,1807.43,1811.6750290408263,1811.6750290408263,1798.9399419183476,0.1,-43.15029040826239,-424.5029040826239,-1.0,SL,2021Q1,2021,0,2021-02-16 15:00:00+00:00,2021Q1,2021
1068,35095,2021-02-16 21:30:00+00:00,35128,2021-02-17 15:00:00+00:00,SELL,1793.7,1779.6864798346787,1800.7067600826606,1779.6864798346787,0.1,139.43520165321326,1401.3520165321324,1.9703254034972426,TP,2021Q1,2021,33,2021-02-16 21:30:00+00:00,2021Q1,2021
1069,35149,2021-02-18 02:30:00+00:00,35174,2021-02-18 15:00:00+00:00,BUY,1779.69,1789.334733507412,1774.8676332462942,1789.334733507412,0.1,95.74733507411956,964.4733507411956,1.9570759898896168,TP,2021Q1,2021,25,2021-02-18 02:30:00+00:00,2021Q1,2021
1070,35218,2021-02-19 14:00:00+00:00,35219,2021-02-19 14:30:00+00:00,SELL,1768.89,1773.5789707451343,1773.5789707451343,1759.5120585097318,0.1,-47.58970745134157,-468.89707451341565,-1.0,SL,2021Q1,2021,1,2021-02-19 14:00:00+00:00,2021Q1,2021
1071,35235,2021-02-19 22:30:00+00:00,35252,2021-02-22 08:00:00+00:00,BUY,1782.22,1793.7897274611664,1776.435136269417,1793.7897274611664,0.1,114.99727461166394,1156.9727461166394,1.964132384686798,TP,2021Q1,2021,17,2021-02-19 22:30:00+00:00,2021Q1,2021
1072,35259,2021-02-22 11:30:00+00:00,35269,2021-02-22 16:30:00+00:00,BUY,1797.68,1807.694403532308,1792.6727982338462,1807.694403532308,0.1,99.44403532307824,1001.4403532307824,1.9586386340996096,TP,2021Q1,2021,10,2021-02-22 11:30:00+00:00,2021Q1,2021
1073,35270,2021-02-22 17:00:00+00:00,35315,2021-02-23 16:30:00+00:00,BUY,1804.84,1798.9275932374937,1798.9275932374937,1816.6648135250125,0.1,-59.8240676250618,-591.240676250618,-1.0,SL,2021Q1,2021,45,2021-02-22 17:00:00+00:00,2021Q1,2021
1074,35354,2021-02-24 13:00:00+00:00,35358,2021-02-24 15:00:00+00:00,BUY,1807.19,1803.4077380830802,1803.4077380830802,1814.7545238338398,0.1,-38.52261916919879,-378.2261916919879,-1.0,SL,2021Q1,2021,4,2021-02-24 13:00:00+00:00,2021Q1,2021
1075,35362,2021-02-24 17:00:00+00:00,35362,2021-02-24 17:00:00+00:00,SELL,1785.1,1790.9203536654697,1790.9203536654697,1773.4592926690602,0.1,-58.903536654698385,-582.0353665469838,-1.0,SL,2021Q1,2021,0,2021-02-24 17:00:00+00:00,2021Q1,2021
1076,35395,2021-02-25 10:30:00+00:00,35397,2021-02-25 11:30:00+00:00,SELL,1789.23,1794.3211220160144,1794.3211220160144,1779.047755967971,0.1,-51.61122016014424,-509.1122016014424,-1.0,SL,2021Q1,2021,2,2021-02-25 10:30:00+00:00,2021Q1,2021
1077,35429,2021-02-26 04:30:00+00:00,35433,2021-02-26 06:30:00+00:00,BUY,1774.0,1767.6060349266752,1767.6060349266752,1786.7879301466496,0.1,-64.63965073324808,-639.3965073324807,-1.0,SL,2021Q1,2021,4,2021-02-26 04:30:00+00:00,2021Q1,2021
1078,35436,2021-02-26 08:00:00+00:00,35441,2021-02-26 10:30:00+00:00,SELL,1760.45,1766.4946556821214,1766.4946556821214,1748.3606886357572,0.1,-61.14655682121402,-604.4655682121402,-1.0,SL,2021Q1,2021,5,2021-02-26 08:00:00+00:00,2021Q1,2021
1079,35457,2021-02-26 18:30:00+00:00,35463,2021-02-26 21:30:00+00:00,SELL,1722.76,1732.53106472232,1732.53106472232,1703.2178705553602,0.1,-98.41064722320034,-977.1064722320034,-1.0,SL,2021Q1,2021,6,2021-02-26 18:30:00+00:00,2021Q1,2021
1080,35471,2021-03-01 02:30:00+00:00,35483,2021-03-01 08:30:00+00:00,BUY,1741.26,1756.1373362132217,1733.8213318933892,1756.1373362132217,0.1,148.07336213221726,1487.7336213221724,1.9720323235734865,TP,2021Q1,2021,12,2021-03-01 02:30:00+00:00,2021Q1,2021
1081,35513,2021-03-01 23:30:00+00:00,35518,2021-03-02 03:00:00+00:00,BUY,1725.98,1719.8760190197088,1719.8760190197088,1738.1879619605825,0.1,-61.73980980291226,-610.3980980291226,-1.0,SL,2021Q1,2021,5,2021-03-01 23:30:00+00:00,2021Q1,2021
1082,35525,2021-03-02 06:30:00+00:00,35537,2021-03-02 12:30:00+00:00,BUY,1715.0,1728.2709933731203,1708.3645033134399,1728.2709933731203,0.1,132.00993373120292,1327.099337312029,1.9686824093999027,TP,2021Q1,2021,12,2021-03-02 06:30:00+00:00,2021Q1,2021
1083,35560,2021-03-03 01:00:00+00:00,35564,2021-03-03 03:00:00+00:00,BUY,1737.81,1732.3212483514856,1732.3212483514856,1748.7875032970287,0.1,-55.58751648514381,-548.8751648514381,-1.0,SL,2021Q1,2021,4,2021-03-03 01:00:00+00:00,2021Q1,2021
1084,35663,2021-03-05 06:30:00+00:00,35666,2021-03-05 08:00:00+00:00,SELL,1692.36,1698.1157690910823,1698.1157690910823,1680.848461817835,0.1,-58.25769091082357,-575.5769091082357,-1.0,SL,2021Q1,2021,3,2021-03-05 06:30:00+00:00,2021Q1,2021
1085,35744,2021-03-09 01:00:00+00:00,35759,2021-03-09 08:30:00+00:00,BUY,1683.11,1692.3019487924762,1678.5140256037616,1692.3019487924762,0.1,91.21948792476296,919.1948792476296,1.954993323544696,TP,2021Q1,2021,15,2021-03-09 01:00:00+00:00,2021Q1,2021
1086,35764,2021-03-09 11:00:00+00:00,35773,2021-03-09 15:30:00+00:00,BUY,1702.99,1712.065745553053,1698.4521272234736,1712.065745553053,0.1,90.05745553052911,907.5745553052911,1.9544258250640538,TP,2021Q1,2021,9,2021-03-09 11:00:00+00:00,2021Q1,2021
1087,35778,2021-03-09 18:00:00+00:00,35782,2021-03-09 20:00:00+00:00,SELL,1713.11,1719.0316455842367,1719.0316455842367,1701.2667088315263,0.1,-59.91645584236785,-592.1645584236785,-1.0,SL,2021Q1,2021,4,2021-03-09 18:00:00+00:00,2021Q1,2021
1088,35836,2021-03-11 01:00:00+00:00,35849,2021-03-11 07:30:00+00:00,BUY,1726.43,1735.0010769923115,1722.1444615038445,1735.0010769923115,0.1,85.01076992311418,857.1076992311419,1.9517855254441834,TP,2021Q1,2021,13,2021-03-11 01:00:00+00:00,2021Q1,2021
1089,35917,2021-03-12 18:30:00+00:00,35921,2021-03-12 20:30:00+00:00,BUY,1712.43,1724.4901379640435,1706.3999310179784,1724.4901379640435,0.1,119.90137964043406,1206.0137964043406,1.9655741597973861,TP,2021Q1,2021,4,2021-03-12 18:30:00+00:00,2021Q1,2021
1090,35922,2021-03-12 21:00:00+00:00,35989,2021-03-16 07:30:00+00:00,BUY,1724.67,1736.5038716849447,1718.753064157528,1736.5038716849447,0.1,117.63871684944597,1183.3871684944597,1.9649236261210612,TP,2021Q1,2021,67,2021-03-12 21:00:00+00:00,2021Q1,2021
1091,35995,2021-03-16 10:30:00+00:00,36006,2021-03-16 16:00:00+00:00,BUY,1732.19,1738.9599296082645,1728.805035195868,1738.9599296082645,0.1,66.9992960826442,676.992960826442,1.939217904695117,TP,2021Q1,2021,11,2021-03-16 10:30:00+00:00,2021Q1,2021
1092,36017,2021-03-16 21:30:00+00:00,36051,2021-03-17 15:30:00+00:00,BUY,1731.87,1727.7297747161397,1727.7297747161397,1740.1504505677203,0.1,-42.10225283860218,-414.0225283860218,-1.0,SL,2021Q1,2021,34,2021-03-16 21:30:00+00:00,2021Q1,2021
1093,36067,2021-03-18 00:30:00+00:00,36084,2021-03-18 09:00:00+00:00,BUY,1749.31,1744.066249240315,1744.066249240315,1759.7975015193697,0.1,-53.13750759684872,-524.3750759684872,-1.0,SL,2021Q1,2021,17,2021-03-18 00:30:00+00:00,2021Q1,2021
1094,36123,2021-03-19 05:30:00+00:00,36128,2021-03-19 08:00:00+00:00,BUY,1733.62,1742.3497603978697,1729.255119801065,1742.3497603978697,0.1,86.59760397869768,872.9760397869768,1.9526481008324288,TP,2021Q1,2021,5,2021-03-19 05:30:00+00:00,2021Q1,2021
1095,36150,2021-03-19 19:00:00+00:00,36162,2021-03-22 02:00:00+00:00,BUY,1742.33,1737.5466655811956,1737.5466655811956,1751.8966688376086,0.1,-48.53334418804316,-478.33344188043156,-1.0,SL,2021Q1,2021,12,2021-03-19 19:00:00+00:00,2021Q1,2021
1096,36165,2021-03-22 03:30:00+00:00,36166,2021-03-22 04:00:00+00:00,SELL,1732.82,1737.2324320889554,1737.2324320889554,1723.995135822089,0.1,-44.82432088955484,-441.2432088955484,-1.0,SL,2021Q1,2021,1,2021-03-22 03:30:00+00:00,2021Q1,2021
1097,36185,2021-03-22 13:30:00+00:00,36186,2021-03-22 14:00:00+00:00,BUY,1737.65,1733.4469249074361,1733.4469249074361,1746.056150185128,0.1,-42.7307509256395,-420.30750925639495,-1.0,SL,2021Q1,2021,1,2021-03-22 13:30:00+00:00,2021Q1,2021
1098,36269,2021-03-24 09:30:00+00:00,36271,2021-03-24 10:30:00+00:00,SELL,1727.98,1730.9959383170742,1730.9959383170742,1721.9481233658516,0.1,-30.859383170741875,-301.59383170741876,-1.0,SL,2021Q1,2021,2,2021-03-24 09:30:00+00:00,2021Q1,2021
1099,36294,2021-03-24 22:00:00+00:00,36306,2021-03-25 05:00:00+00:00,SELL,1732.8,1735.947624776888,1735.947624776888,1726.5047504462236,0.1,-32.176247768880515,-314.7624776888051,-1.0,SL,2021Q1,2021,12,2021-03-24 22:00:00+00:00,2021Q1,2021
1100,36332,2021-03-25 18:00:00+00:00,36376,2021-03-26 17:00:00+00:00,SELL,1730.81,1735.6377048626632,1735.6377048626632,1721.1545902746734,0.1,-48.97704862663268,-482.77048626632677,-1.0,SL,2021Q1,2021,44,2021-03-25 18:00:00+00:00,2021Q1,2021
1101,36480,2021-03-31 01:00:00+00:00,36487,2021-03-31 04:30:00+00:00,BUY,1685.41,1681.4803711492539,1681.4803711492539,1693.2692577014925,0.1,-39.996288507462125,-392.9628850746212,-1.0,SL,2021Q1,2021,7,2021-03-31 01:00:00+00:00,2021Q1,2021
1102,36490,2021-03-31 06:00:00+00:00,36495,2021-03-31 08:30:00+00:00,SELL,1678.26,1681.9960772667694,1681.9960772667694,1670.787845466461,0.1,-38.06077266769371,-373.6077266769371,-1.0,SL,2021Q1,2021,5,2021-03-31 06:00:00+00:00,2021Q1,2021
1103,36500,2021-03-31 11:00:00+00:00,36505,2021-03-31 13:30:00+00:00,SELL,1683.95,1687.4679611147153,1687.4679611147153,1676.9140777705695,0.1,-35.87961114715263,-351.7961114715263,-1.0,SL,2021Q1,2021,5,2021-03-31 11:00:00+00:00,2021Q1,2021
1104,36512,2021-03-31 17:00:00+00:00,36513,2021-03-31 17:30:00+00:00,BUY,1697.39,1706.0397810736804,1693.0651094631598,1706.0397810736804,0.1,85.79781073680287,864.9781073680288,1.9522172399426336,TP,2021Q1,2021,1,2021-03-31 17:00:00+00:00,2021Q1,2021
1105,36516,2021-03-31 19:00:00+00:00,36544,2021-04-01 10:00:00+00:00,BUY,1708.28,1718.6536183424976,1703.0931908287512,1718.6536183424976,0.1,103.03618342497593,1037.3618342497593,1.960051812200344,TP,2021Q1,2021,28,2021-03-31 19:00:00+00:00,2021Q1,2021
1106,36579,2021-04-05 04:30:00+00:00,36580,2021-04-05 05:00:00+00:00,BUY,1729.43,1726.299088217706,1726.299088217706,1735.6918235645885,0.1,-32.009117822941064,-313.0911782294106,-1.0,SL,2021Q2,2021,1,2021-04-05 04:30:00+00:00,2021Q2,2021
1107,36587,2021-04-05 08:30:00+00:00,36587,2021-04-05 08:30:00+00:00,BUY,1725.64,1723.1369560055416,1723.1369560055416,1730.6460879889169,0.1,-25.73043994458494,-250.3043994458494,-1.0,SL,2021Q2,2021,0,2021-04-05 08:30:00+00:00,2021Q2,2021
1108,36599,2021-04-05 14:30:00+00:00,36600,2021-04-05 15:00:00+00:00,BUY,1726.91,1724.0200336241305,1724.0200336241305,1732.689932751739,0.1,-29.599663758695623,-288.99663758695624,-1.0,SL,2021Q2,2021,1,2021-04-05 14:30:00+00:00,2021Q2,2021
1109,36607,2021-04-05 18:30:00+00:00,36610,2021-04-05 20:00:00+00:00,BUY,1731.81,1727.5085791514155,1727.5085791514155,1740.412841697169,0.1,-43.71420848584485,-430.14208485844847,-1.0,SL,2021Q2,2021,3,2021-04-05 18:30:00+00:00,2021Q2,2021
1110,36685,2021-04-07 11:30:00+00:00,36692,2021-04-07 15:00:00+00:00,SELL,1737.42,1731.733393393471,1740.2633033032646,1731.733393393471,0.1,56.166066065290394,568.660660652904,1.9279168771186017,TP,2021Q2,2021,7,2021-04-07 11:30:00+00:00,2021Q2,2021
1111,36696,2021-04-07 17:00:00+00:00,36706,2021-04-07 22:00:00+00:00,BUY,1740.09,1736.4439592342312,1736.4439592342312,1747.3820815315373,0.1,-37.16040765768703,-364.6040765768703,-1.0,SL,2021Q2,2021,10,2021-04-07 17:00:00+00:00,2021Q2,2021
1112,36707,2021-04-07 22:30:00+00:00,36721,2021-04-08 06:30:00+00:00,SELL,1736.28,1739.6958370210682,1739.6958370210682,1729.4483259578637,0.1,-34.85837021068228,-341.5837021068228,-1.0,SL,2021Q2,2021,14,2021-04-07 22:30:00+00:00,2021Q2,2021
1113,36732,2021-04-08 12:00:00+00:00,36734,2021-04-08 13:00:00+00:00,SELL,1743.05,1746.1590296472714,1746.1590296472714,1736.8319407054573,0.1,-31.79029647271427,-310.9029647271427,-1.0,SL,2021Q2,2021,2,2021-04-08 12:00:00+00:00,2021Q2,2021
1114,36763,2021-04-09 04:30:00+00:00,36764,2021-04-09 05:00:00+00:00,BUY,1756.71,1754.0656539262823,1754.0656539262823,1761.9986921474358,0.1,-27.1434607371777,-264.434607371777,-1.0,SL,2021Q2,2021,1,2021-04-09 04:30:00+00:00,2021Q2,2021
1115,36817,2021-04-12 08:30:00+00:00,36818,2021-04-12 09:00:00+00:00,SELL,1736.17,1738.922316711294,1738.922316711294,1730.6653665774127,0.1,-28.223167112938153,-275.23167112938154,-1.0,SL,2021Q2,2021,1,2021-04-12 08:30:00+00:00,2021Q2,2021
1116,36855,2021-04-13 04:30:00+00:00,36855,2021-04-13 04:30:00+00:00,SELL,1729.31,1732.0514963550004,1732.0514963550004,1723.8270072899988,0.1,-28.114963550004358,-274.1496355000436,-1.0,SL,2021Q2,2021,0,2021-04-13 04:30:00+00:00,2021Q2,2021
1117,36864,2021-04-13 09:00:00+00:00,36876,2021-04-13 15:00:00+00:00,SELL,1727.6,1730.6924734694098,1730.6924734694098,1721.4150530611798,0.1,-31.624734694099242,-309.24734694099243,-1.0,SL,2021Q2,2021,12,2021-04-13 09:00:00+00:00,2021Q2,2021
1118,36877,2021-04-13 15:30:00+00:00,36877,2021-04-13 15:30:00+00:00,BUY,1732.52,1728.9927732626352,1728.9927732626352,1739.5744534747296,0.1,-35.972267373647995,-352.7226737364799,-1.0,SL_AMBIGUOUS_PESSIMISTIC,2021Q2,2021,0,2021-04-13 15:30:00+00:00,2021Q2,2021
1119,36937,2021-04-14 22:30:00+00:00,36957,2021-04-15 09:30:00+00:00,BUY,1737.34,1744.3281791550173,1733.8459104224912,1744.3281791550173,0.1,69.18179155017405,698.8179155017406,1.9410789219987028,TP,2021Q2,2021,20,2021-04-14 22:30:00+00:00,2021Q2,2021
1120,36979,2021-04-15 20:30:00+00:00,37009,2021-04-16 12:30:00+00:00,SELL,1765.61,1769.8614319582239,1769.8614319582239,1757.1071360835522,0.1,-43.21431958223975,-425.1431958223975,-1.0,SL,2021Q2,2021,30,2021-04-15 20:30:00+00:00,2021Q2,2021
1121,37037,2021-04-19 03:30:00+00:00,37038,2021-04-19 04:00:00+00:00,BUY,1780.41,1777.0301819219465,1777.0301819219465,1787.1696361561076,0.1,-34.498180780536316,-337.98180780536313,-1.0,SL,2021Q2,2021,1,2021-04-19 03:30:00+00:00,2021Q2,2021
1122,37063,2021-04-19 16:30:00+00:00,37066,2021-04-19 18:00:00+00:00,SELL,1771.22,1776.2862860182424,1776.2862860182424,1761.0874279635154,0.1,-51.362860182424086,-506.62860182424083,-1.0,SL,2021Q2,2021,3,2021-04-19 16:30:00+00:00,2021Q2,2021
1123,37082,2021-04-20 03:00:00+00:00,37083,2021-04-20 03:30:00+00:00,BUY,1772.28,1769.3088645935782,1769.3088645935782,1778.2222708128436,0.1,-30.411354064218084,-297.11354064218085,-1.0,SL,2021Q2,2021,1,2021-04-20 03:00:00+00:00,2021Q2,2021
1124,37114,2021-04-20 19:00:00+00:00,37155,2021-04-21 16:30:00+00:00,BUY,1778.91,1788.9411002069294,1773.8944498965354,1788.9411002069294,0.1,99.61100206929295,1003.1100206929295,1.9587065320904156,TP,2021Q2,2021,41,2021-04-20 19:00:00+00:00,2021Q2,2021
1125,37173,2021-04-22 02:30:00+00:00,37182,2021-04-22 07:00:00+00:00,BUY,1794.67,1791.685614763859,1791.685614763859,1800.6387704722824,0.1,-30.54385236141179,-298.4385236141179,-1.0,SL,2021Q2,2021,9,2021-04-22 02:30:00+00:00,2021Q2,2021
1126,37185,2021-04-22 08:30:00+00:00,37185,2021-04-22 08:30:00+00:00,BUY,1794.18,1791.3371573769878,1791.3371573769878,1799.8656852460247,0.1,-29.128426230123022,-284.2842623012302,-1.0,SL,2021Q2,2021,0,2021-04-22 08:30:00+00:00,2021Q2,2021
1127,37205,2021-04-22 18:30:00+00:00,37217,2021-04-23 01:30:00+00:00,SELL,1780.26,1785.0862426650274,1785.0862426650274,1770.6075146699452,0.1,-48.96242665027394,-482.6242665027394,-1.0,SL,2021Q2,2021,12,2021-04-22 18:30:00+00:00,2021Q2,2021
1128,37220,2021-04-23 03:00:00+00:00,37222,2021-04-23 04:00:00+00:00,SELL,1783.04,1786.4250640545292,1786.4250640545292,1776.2698718909412,0.1,-34.550640545292666,-338.50640545292663,-1.0,SL,2021Q2,2021,2,2021-04-23 03:00:00+00:00,2021Q2,2021
1129,37265,2021-04-26 02:30:00+00:00,37266,2021-04-26 03:00:00+00:00,SELL,1774.08,1777.158353192294,1777.158353192294,1767.9232936154115,0.1,-31.483531922941165,-307.83531922941165,-1.0,SL,2021Q2,2021,1,2021-04-26 02:30:00+00:00,2021Q2,2021
1130,37315,2021-04-27 04:30:00+00:00,37321,2021-04-27 07:30:00+00:00,SELL,1778.68,1781.5729237819767,1781.5729237819767,1772.8941524360469,0.1,-29.629237819766058,-289.2923781976606,-1.0,SL,2021Q2,2021,6,2021-04-27 04:30:00+00:00,2021Q2,2021
1131,37328,2021-04-27 11:00:00+00:00,37330,2021-04-27 12:00:00+00:00,SELL,1778.04,1781.1472521700966,1781.1472521700966,1771.8254956598064,0.1,-31.772521700966717,-310.7252170096672,-1.0,SL,2021Q2,2021,2,2021-04-27 11:00:00+00:00,2021Q2,2021
1132,37407,2021-04-29 04:30:00+00:00,37411,2021-04-29 06:30:00+00:00,BUY,1788.15,1784.9415439838872,1784.9415439838872,1794.566912032226,0.1,-32.78456016112905,-320.8456016112905,-1.0,SL,2021Q2,2021,4,2021-04-29 04:30:00+00:00,2021Q2,2021
1133,37412,2021-04-29 07:00:00+00:00,37417,2021-04-29 09:30:00+00:00,SELL,1784.41,1778.5041631106437,1787.3629184446784,1778.5041631106437,0.1,58.35836889356351,590.5836889356351,1.9305307093646793,TP,2021Q2,2021,5,2021-04-29 07:00:00+00:00,2021Q2,2021
1134,37424,2021-04-29 13:00:00+00:00,37428,2021-04-29 15:00:00+00:00,SELL,1774.65,1777.9837976003255,1777.9837976003255,1767.9824047993493,0.1,-34.03797600325397,-333.3797600325397,-1.0,SL,2021Q2,2021,4,2021-04-29 13:00:00+00:00,2021Q2,2021
1135,37444,2021-04-29 23:00:00+00:00,37450,2021-04-30 03:00:00+00:00,BUY,1774.74,1770.2946887818623,1770.2946887818623,1783.6306224362754,0.1,-45.15311218137704,-444.53112181377037,-1.0,SL,2021Q2,2021,6,2021-04-29 23:00:00+00:00,2021Q2,2021
1136,37457,2021-04-30 06:30:00+00:00,37459,2021-04-30 07:30:00+00:00,SELL,1765.68,1769.105349050858,1769.105349050858,1758.829301898284,0.1,-34.95349050857904,-342.53490508579034,-1.0,SL,2021Q2,2021,2,2021-04-30 06:30:00+00:00,2021Q2,2021
1137,37509,2021-05-03 09:30:00+00:00,37517,2021-05-03 13:30:00+00:00,BUY,1776.96,1782.4366224180646,1774.2216887909678,1782.4366224180646,0.1,54.066224180646074,547.6622418064608,1.9252219628208,TP,2021Q2,2021,8,2021-05-03 09:30:00+00:00,2021Q2,2021
1138,37549,2021-05-04 06:30:00+00:00,37561,2021-05-04 12:30:00+00:00,SELL,1789.04,1783.8709694879342,1791.6245152560327,1783.8709694879342,0.1,50.99030512065774,516.9030512065774,1.9208895109860389,TP,2021Q2,2021,12,2021-05-04 06:30:00+00:00,2021Q2,2021
1139,37568,2021-05-04 16:00:00+00:00,37570,2021-05-04 17:00:00+00:00,BUY,1788.54,1795.6992793685326,1784.9603603157336,1795.6992793685326,0.1,70.8927936853268,715.927936853268,1.9424600732764623,TP,2021Q2,2021,2,2021-05-04 16:00:00+00:00,2021Q2,2021
1140,37591,2021-05-05 04:30:00+00:00,37601,2021-05-05 09:30:00+00:00,BUY,1779.63,1775.9872484916605,1775.9872484916605,1786.9155030166796,0.1,-37.12751508339643,-364.2751508339643,-1.0,SL,2021Q2,2021,10,2021-05-05 04:30:00+00:00,2021Q2,2021
1141,37640,2021-05-06 06:00:00+00:00,37661,2021-05-06 16:30:00+00:00,BUY,1790.04,1796.5405808650125,1786.7897095674937,1796.5405808650125,0.1,64.3058086501258,650.058086501258,1.93675252082045,TP,2021Q2,2021,21,2021-05-06 06:00:00+00:00,2021Q2,2021
1142,37692,2021-05-07 09:00:00+00:00,37694,2021-05-07 10:00:00+00:00,SELL,1818.29,1821.5220277160238,1821.5220277160238,1811.8259445679525,0.1,-33.02027716023822,-323.2027716023822,-1.0,SL,2021Q2,2021,2,2021-05-07 09:00:00+00:00,2021Q2,2021
1143,37723,2021-05-10 01:30:00+00:00,37750,2021-05-10 15:00:00+00:00,BUY,1832.75,1842.0984082361751,1828.0757958819124,1842.0984082361751,0.1,92.78408236175146,934.8408236175146,1.9557354627303318,TP,2021Q2,2021,27,2021-05-10 01:30:00+00:00,2021Q2,2021
1144,37780,2021-05-11 07:00:00+00:00,37783,2021-05-11 08:30:00+00:00,SELL,1834.72,1838.021774212694,1838.021774212694,1828.1164515746118,0.1,-33.717742126939996,-330.17742126939993,-1.0,SL,2021Q2,2021,3,2021-05-11 07:00:00+00:00,2021Q2,2021
1145,37804,2021-05-11 19:00:00+00:00,37822,2021-05-12 05:00:00+00:00,BUY,1833.57,1827.9235431507586,1827.9235431507586,1844.8629136984825,0.1,-57.16456849241304,-564.6456849241304,-1.0,SL,2021Q2,2021,18,2021-05-11 19:00:00+00:00,2021Q2,2021
1146,37870,2021-05-13 06:00:00+00:00,37884,2021-05-13 13:00:00+00:00,SELL,1819.82,1810.845032730133,1824.3074836349335,1810.845032730133,0.1,89.04967269866965,897.4967269866966,1.9539219409608943,TP,2021Q2,2021,14,2021-05-13 06:00:00+00:00,2021Q2,2021
1147,37892,2021-05-13 17:00:00+00:00,37922,2021-05-14 09:00:00+00:00,BUY,1822.05,1831.2139610255042,1817.4680194872478,1831.2139610255042,0.1,90.9396102550425,916.396102550425,1.954857936437106,TP,2021Q2,2021,30,2021-05-13 17:00:00+00:00,2021Q2,2021
1148,37975,2021-05-17 12:30:00+00:00,37981,2021-05-17 15:30:00+00:00,SELL,1851.52,1845.4895216865546,1854.5352391567226,1845.4895216865546,0.1,59.60478313445428,603.0478313445428,1.931933963841282,TP,2021Q2,2021,6,2021-05-17 12:30:00+00:00,2021Q2,2021
1149,38056,2021-05-19 07:00:00+00:00,38065,2021-05-19 11:30:00+00:00,BUY,1868.8,1865.8195094793407,1865.8195094793407,1874.7609810413185,0.1,-30.504905206592593,-298.04905206592593,-1.0,SL,2021Q2,2021,9,2021-05-19 07:00:00+00:00,2021Q2,2021
1150,38066,2021-05-19 12:00:00+00:00,38068,2021-05-19 13:00:00+00:00,SELL,1863.13,1855.1605492180856,1867.1147253909573,1855.1605492180856,0.1,78.99450781914474,796.9450781914475,1.948208576475157,TP,2021Q2,2021,2,2021-05-19 12:00:00+00:00,2021Q2,2021
1151,38082,2021-05-19 20:00:00+00:00,38084,2021-05-19 21:00:00+00:00,SELL,1881.86,1867.6722132257746,1888.9538933871124,1867.6722132257746,0.1,141.1778677422529,1418.7786774225287,1.9706863309303917,TP,2021Q2,2021,2,2021-05-19 20:00:00+00:00,2021Q2,2021
1152,38085,2021-05-19 21:30:00+00:00,38105,2021-05-20 08:30:00+00:00,SELL,1871.14,1878.7871560756146,1878.7871560756146,1855.845687848771,0.1,-77.17156075614476,-764.7156075614475,-1.0,SL,2021Q2,2021,20,2021-05-19 21:30:00+00:00,2021Q2,2021
1153,38130,2021-05-20 21:00:00+00:00,38164,2021-05-21 15:00:00+00:00,SELL,1876.59,1881.4653493708925,1881.4653493708925,1866.8393012582148,0.1,-49.453493708925365,-487.5349370892536,-1.0,SL,2021Q2,2021,34,2021-05-20 21:00:00+00:00,2021Q2,2021
1154,38182,2021-05-24 01:00:00+00:00,38203,2021-05-24 11:30:00+00:00,BUY,1882.31,1878.338280460197,1878.338280460197,1890.2534390796059,0.1,-40.41719539802962,-397.17195398029617,-1.0,SL,2021Q2,2021,21,2021-05-24 01:00:00+00:00,2021Q2,2021
1155,38204,2021-05-24 12:00:00+00:00,38205,2021-05-24 12:30:00+00:00,SELL,1877.48,1880.81441272591,1880.81441272591,1870.8111745481801,0.1,-34.044127259099426,-333.44127259099423,-1.0,SL,2021Q2,2021,1,2021-05-24 12:00:00+00:00,2021Q2,2021
1156,38231,2021-05-25 02:30:00+00:00,38245,2021-05-25 09:30:00+00:00,SELL,1877.71,1880.6177100209886,1880.6177100209886,1871.894579958023,0.1,-29.777100209885884,-290.77100209885884,-1.0,SL,2021Q2,2021,14,2021-05-25 02:30:00+00:00,2021Q2,2021
1157,38272,2021-05-25 23:00:00+00:00,38284,2021-05-26 06:00:00+00:00,BUY,1900.08,1907.5904799793216,1896.324760010339,1907.5904799793216,0.1,74.40479979321644,751.0479979321644,1.945101483680081,TP,2021Q2,2021,12,2021-05-25 23:00:00+00:00,2021Q2,2021
1158,38294,2021-05-26 11:00:00+00:00,38295,2021-05-26 11:30:00+00:00,BUY,1909.42,1905.9306011990209,1905.9306011990209,1916.3987976019582,0.1,-35.593988009791886,-348.93988009791883,-1.0,SL,2021Q2,2021,1,2021-05-26 11:00:00+00:00,2021Q2,2021
1159,38313,2021-05-26 20:30:00+00:00,38313,2021-05-26 20:30:00+00:00,SELL,1900.93,1891.73362514625,1905.528187426875,1891.73362514625,0.1,91.26374853750058,919.6374853750058,1.955014659696177,TP,2021Q2,2021,0,2021-05-26 20:30:00+00:00,2021Q2,2021
1160,38330,2021-05-27 06:00:00+00:00,38336,2021-05-27 09:00:00+00:00,BUY,1896.6,1903.4110069848348,1893.1944965075825,1903.4110069848348,0.1,67.41006984834875,681.1006984834876,1.9395770999919404,TP,2021Q2,2021,6,2021-05-27 06:00:00+00:00,2021Q2,2021
1161,38342,2021-05-27 12:00:00+00:00,38351,2021-05-27 16:30:00+00:00,SELL,1896.35,1888.8115471545816,1900.119226422709,1888.8115471545816,0.1,74.68452845418305,753.8452845418306,1.9453014808509745,TP,2021Q2,2021,9,2021-05-27 12:00:00+00:00,2021Q2,2021
1162,38359,2021-05-27 20:30:00+00:00,38380,2021-05-28 08:00:00+00:00,BUY,1895.9,1891.2534117759692,1891.2534117759692,1905.1931764480619,0.1,-47.16588224030893,-464.6588224030893,-1.0,SL,2021Q2,2021,21,2021-05-27 20:30:00+00:00,2021Q2,2021
1163,38419,2021-05-31 04:30:00+00:00,38429,2021-05-31 09:30:00+00:00,BUY,1907.81,1904.3818963383642,1904.3818963383642,1914.6662073232715,0.1,-34.9810366163576,-342.81036616357596,-1.0,SL,2021Q2,2021,10,2021-05-31 04:30:00+00:00,2021Q2,2021
1164,38450,2021-06-01 01:00:00+00:00,38457,2021-06-01 04:30:00+00:00,BUY,1906.77,1911.587561473413,1904.3612192632936,1911.587561473413,0.1,47.47561473412979,481.75614734129795,1.9152809294948752,TP,2021Q2,2021,7,2021-06-01 01:00:00+00:00,2021Q2,2021
1165,38492,2021-06-01 22:00:00+00:00,38524,2021-06-02 15:00:00+00:00,SELL,1900.79,1905.1305293208984,1905.1305293208984,1892.108941358203,0.1,-44.105293208984406,-434.05293208984403,-1.0,SL,2021Q2,2021,32,2021-06-01 22:00:00+00:00,2021Q2,2021
1166,38540,2021-06-02 23:00:00+00:00,38548,2021-06-03 04:00:00+00:00,BUY,1909.14,1906.0738557054774,1906.0738557054774,1915.2722885890453,0.1,-31.361442945227008,-306.6144294522701,-1.0,SL,2021Q2,2021,8,2021-06-02 23:00:00+00:00,2021Q2,2021
1167,38562,2021-06-03 11:00:00+00:00,38566,2021-06-03 13:00:00+00:00,SELL,1893.52,1896.4912810090605,1896.4912810090605,1887.5774379818793,0.1,-30.41281009060476,-297.1281009060476,-1.0,SL,2021Q2,2021,4,2021-06-03 11:00:00+00:00,2021Q2,2021
1168,38571,2021-06-03 15:30:00+00:00,38572,2021-06-03 16:00:00+00:00,SELL,1888.38,1880.876544540553,1892.1317277297237,1880.876544540553,0.1,74.33455459447195,750.3455459447196,1.945051030619811,TP,2021Q2,2021,1,2021-06-03 15:30:00+00:00,2021Q2,2021
1169,38647,2021-06-07 07:30:00+00:00,38664,2021-06-07 16:00:00+00:00,SELL,1885.9,1888.6554219839115,1888.6554219839115,1880.389156032177,0.1,-28.254219839114466,-275.54219839114467,-1.0,SL,2021Q2,2021,17,2021-06-07 07:30:00+00:00,2021Q2,2021
1170,38712,2021-06-08 17:00:00+00:00,38712,2021-06-08 17:00:00+00:00,SELL,1887.73,1892.6379042580224,1892.6379042580224,1877.9141914839554,0.1,-49.77904258022427,-490.7904258022427,-1.0,SL,2021Q2,2021,0,2021-06-08 17:00:00+00:00,2021Q2,2021
1171,38716,2021-06-08 19:00:00+00:00,38736,2021-06-09 06:00:00+00:00,SELL,1891.07,1896.218141490873,1896.218141490873,1880.7737170182538,0.1,-52.18141490873059,-514.8141490873059,-1.0,SL,2021Q2,2021,20,2021-06-08 19:00:00+00:00,2021Q2,2021
1172,38755,2021-06-09 15:30:00+00:00,38758,2021-06-09 17:00:00+00:00,BUY,1893.32,1890.1963872362237,1890.1963872362237,1899.5672255275524,0.1,-31.936127637762365,-312.36127637762365,-1.0,SL,2021Q2,2021,3,2021-06-09 15:30:00+00:00,2021Q2,2021
1173,38791,2021-06-10 10:30:00+00:00,38800,2021-06-10 15:00:00+00:00,SELL,1881.3,1874.750766403571,1884.5746167982145,1874.750766403571,0.1,64.79233596428848,654.9233596428849,1.937212538036545,TP,2021Q2,2021,9,2021-06-10 10:30:00+00:00,2021Q2,2021
1174,38808,2021-06-10 19:00:00+00:00,38844,2021-06-11 14:00:00+00:00,BUY,1893.88,1888.211000650931,1888.211000650931,1905.217998698138,0.1,-57.38999349069054,-566.8999349069054,-1.0,SL,2021Q2,2021,36,2021-06-10 19:00:00+00:00,2021Q2,2021
1175,38847,2021-06-11 15:30:00+00:00,38851,2021-06-11 17:30:00+00:00,SELL,1886.64,1878.934089823103,1890.4929550884488,1878.934089823103,0.1,76.35910176897077,770.5910176897078,1.946468925780317,TP,2021Q2,2021,4,2021-06-11 15:30:00+00:00,2021Q2,2021
1176,38877,2021-06-14 07:30:00+00:00,38877,2021-06-14 07:30:00+00:00,SELL,1861.81,1865.6089405401515,1865.6089405401515,1854.2121189196966,0.1,-38.689405401515344,-379.8940540151534,-1.0,SL,2021Q2,2021,0,2021-06-14 07:30:00+00:00,2021Q2,2021
1177,38889,2021-06-14 13:30:00+00:00,38892,2021-06-14 15:00:00+00:00,SELL,1856.32,1848.0529089439444,1860.4535455280277,1848.0529089439444,0.1,81.97091056055505,826.7091056055506,1.9500421730656192,TP,2021Q2,2021,3,2021-06-14 13:30:00+00:00,2021Q2,2021
1178,38893,2021-06-14 15:30:00+00:00,38895,2021-06-14 16:30:00+00:00,SELL,1850.98,1855.4792263985319,1855.4792263985319,1841.981547202936,0.1,-45.69226398531846,-449.9226398531846,-1.0,SL,2021Q2,2021,2,2021-06-14 15:30:00+00:00,2021Q2,2021
1179,38896,2021-06-14 17:00:00+00:00,38942,2021-06-15 17:00:00+00:00,BUY,1864.62,1858.3642555037993,1858.3642555037993,1877.1314889924013,0.1,-63.25744496200578,-625.5744496200577,-1.0,SL,2021Q2,2021,46,2021-06-14 17:00:00+00:00,2021Q2,2021
1180,38953,2021-06-15 22:30:00+00:00,38961,2021-06-16 03:30:00+00:00,BUY,1858.64,1854.8467561419704,1854.8467561419704,1866.2264877160594,0.1,-38.63243858029655,-379.3243858029655,-1.0,SL,2021Q2,2021,8,2021-06-15 22:30:00+00:00,2021Q2,2021
1181,38992,2021-06-16 19:00:00+00:00,38996,2021-06-16 21:00:00+00:00,BUY,1859.93,1856.200631496986,1856.200631496986,1867.3887370060284,0.1,-37.9936850301403,-372.93685030140296,-1.0,SL,2021Q2,2021,4,2021-06-16 19:00:00+00:00,2021Q2,2021
1182,39000,2021-06-16 23:00:00+00:00,39001,2021-06-16 23:30:00+00:00,SELL,1827.82,1813.283704189712,1835.088147905144,1813.283704189712,0.1,144.6629581028804,1453.6295810288038,1.9713824247324023,TP,2021Q2,2021,1,2021-06-16 23:00:00+00:00,2021Q2,2021
1183,39017,2021-06-17 08:30:00+00:00,39021,2021-06-17 10:30:00+00:00,SELL,1818.63,1808.1298387398529,1823.8800806300737,1808.1298387398529,0.1,104.30161260147251,1050.0161260147252,1.9605269140447041,TP,2021Q2,2021,4,2021-06-17 08:30:00+00:00,2021Q2,2021
1184,39030,2021-06-17 15:00:00+00:00,39034,2021-06-17 17:00:00+00:00,SELL,1788.33,1775.1923385702707,1794.8988307148645,1775.1923385702707,0.1,130.6766142972918,1313.7661429729178,1.968367923657128,TP,2021Q2,2021,4,2021-06-17 15:00:00+00:00,2021Q2,2021
1185,39063,2021-06-18 08:30:00+00:00,39066,2021-06-18 10:00:00+00:00,SELL,1782.86,1787.5332897935743,1787.5332897935743,1773.5134204128512,0.1,-47.43289793574441,-467.32897935744404,-1.0,SL,2021Q2,2021,3,2021-06-18 08:30:00+00:00,2021Q2,2021
1186,39095,2021-06-21 01:30:00+00:00,39114,2021-06-21 11:00:00+00:00,BUY,1768.94,1781.1750582870943,1762.822470856453,1781.1750582870943,0.1,121.65058287094261,1223.5058287094262,1.96606076591675,TP,2021Q2,2021,19,2021-06-21 01:30:00+00:00,2021Q2,2021
1187,39115,2021-06-21 11:30:00+00:00,39122,2021-06-21 15:00:00+00:00,BUY,1782.07,1776.7598967200363,1776.7598967200363,1792.6902065599272,0.1,-53.80103279963642,-531.0103279963641,-1.0,SL,2021Q2,2021,7,2021-06-21 11:30:00+00:00,2021Q2,2021
1188,39123,2021-06-21 15:30:00+00:00,39126,2021-06-21 17:00:00+00:00,SELL,1775.59,1780.6863342318443,1780.6863342318443,1765.3973315363112,0.1,-51.66334231844367,-509.63342318443665,-1.0,SL,2021Q2,2021,3,2021-06-21 15:30:00+00:00,2021Q2,2021
1189,39144,2021-06-22 03:00:00+00:00,39149,2021-06-22 05:30:00+00:00,SELL,1783.41,1787.0778995449352,1787.0778995449352,1776.0742009101295,0.1,-37.378995449351535,-366.7899544935153,-1.0,SL,2021Q2,2021,5,2021-06-22 03:00:00+00:00,2021Q2,2021
1190,39163,2021-06-22 12:30:00+00:00,39169,2021-06-22 15:30:00+00:00,BUY,1779.8,1775.905700264197,1775.905700264197,1787.588599471606,0.1,-39.64299735802861,-389.42997358028606,-1.0,SL,2021Q2,2021,6,2021-06-22 12:30:00+00:00,2021Q2,2021
1191,39182,2021-06-22 22:00:00+00:00,39183,2021-06-22 22:30:00+00:00,BUY,1780.25,1775.7856906965242,1775.7856906965242,1789.1786186069517,0.1,-45.3430930347583,-446.43093034758294,-1.0,SL,2021Q2,2021,1,2021-06-22 22:00:00+00:00,2021Q2,2021
1192,39184,2021-06-22 23:00:00+00:00,39192,2021-06-23 04:00:00+00:00,SELL,1776.22,1780.5477080218745,1780.5477080218745,1767.564583956251,0.1,-43.977080218745144,-432.7708021874514,-1.0,SL,2021Q2,2021,8,2021-06-22 23:00:00+00:00,2021Q2,2021
1193,39234,2021-06-24 02:00:00+00:00,39234,2021-06-24 02:00:00+00:00,BUY,1779.76,1776.1265145674674,1776.1265145674674,1787.0269708650653,0.1,-37.034854325325526,-363.34854325325523,-1.0,SL,2021Q2,2021,0,2021-06-24 02:00:00+00:00,2021Q2,2021
1194,39266,2021-06-24 18:00:00+00:00,39296,2021-06-25 10:00:00+00:00,SELL,1778.3,1782.720847736508,1782.720847736508,1769.458304526984,0.1,-44.908477365079946,-442.08477365079943,-1.0,SL,2021Q2,2021,30,2021-06-24 18:00:00+00:00,2021Q2,2021
1195,39297,2021-06-25 10:30:00+00:00,39307,2021-06-25 15:30:00+00:00,BUY,1783.52,1789.5622651666035,1780.4988674166982,1789.5622651666035,0.1,59.72265166603556,604.2265166603556,1.9320637357535504,TP,2021Q2,2021,10,2021-06-25 10:30:00+00:00,2021Q2,2021
1196,39312,2021-06-25 18:00:00+00:00,39331,2021-06-28 04:30:00+00:00,SELL,1781.84,1773.9081480725886,1785.8059259637057,1773.9081480725886,0.1,78.61851927411344,793.1851927411344,1.9479673309449397,TP,2021Q2,2021,19,2021-06-25 18:00:00+00:00,2021Q2,2021
1197,39334,2021-06-28 06:00:00+00:00,39344,2021-06-28 11:00:00+00:00,BUY,1779.45,1775.8330200208031,1775.8330200208031,1786.683959958394,0.1,-36.86979979196913,-361.69799791969126,-1.0,SL,2021Q2,2021,10,2021-06-28 06:00:00+00:00,2021Q2,2021
1198,39358,2021-06-28 18:00:00+00:00,39358,2021-06-28 18:00:00+00:00,SELL,1777.73,1781.8915504159256,1781.8915504159256,1769.4068991681486,0.1,-42.31550415925604,-416.15504159256034,-1.0,SL,2021Q2,2021,0,2021-06-28 18:00:00+00:00,2021Q2,2021
1199,39405,2021-06-29 18:30:00+00:00,39435,2021-06-30 10:30:00+00:00,BUY,1761.48,1755.7167597288776,1755.7167597288776,1773.0064805422448,0.1,-58.332402711224134,-576.3240271122413,-1.0,SL,2021Q2,2021,30,2021-06-29 18:30:00+00:00,2021Q2,2021
1200,39436,2021-06-30 11:00:00+00:00,39438,2021-06-30 12:00:00+00:00,SELL,1755.45,1758.9474232272496,1758.9474232272496,1748.4551535455012,0.1,-35.67423227249556,-349.74232272495556,-1.0,SL,2021Q2,2021,2,2021-06-30 11:00:00+00:00,2021Q2,2021
1201,39495,2021-07-01 17:30:00+00:00,39528,2021-07-02 11:00:00+00:00,SELL,1776.7,1780.9896033412979,1780.9896033412979,1768.1207933174042,0.1,-43.59603341297834,-428.9603341297834,-1.0,SL,2021Q3,2021,33,2021-07-01 17:30:00+00:00,2021Q3,2021
1202,39552,2021-07-02 23:00:00+00:00,39573,2021-07-05 10:30:00+00:00,SELL,1787.72,1792.5000795306667,1792.5000795306667,1778.159840938667,0.1,-48.50079530666626,-478.0079530666626,-1.0,SL,2021Q3,2021,21,2021-07-02 23:00:00+00:00,2021Q3,2021
1203,39587,2021-07-05 17:30:00+00:00,39598,2021-07-06 04:00:00+00:00,SELL,1790.46,1793.4105071290826,1793.4105071290826,1784.558985741835,0.1,-30.205071290825526,-295.05071290825526,-1.0,SL,2021Q3,2021,11,2021-07-05 17:30:00+00:00,2021Q3,2021
1204,39612,2021-07-06 11:00:00+00:00,39612,2021-07-06 11:00:00+00:00,BUY,1807.52,1804.4994139096939,1804.4994139096939,1813.561172180612,0.1,-30.905860903060965,-302.05860903060966,-1.0,SL,2021Q3,2021,0,2021-07-06 11:00:00+00:00,2021Q3,2021
1205,39639,2021-07-07 01:30:00+00:00,39644,2021-07-07 04:00:00+00:00,SELL,1795.36,1799.0352387031983,1799.0352387031983,1788.0095225936034,0.1,-37.45238703198375,-367.52387031983744,-1.0,SL,2021Q3,2021,5,2021-07-07 01:30:00+00:00,2021Q3,2021
1206,39645,2021-07-07 04:30:00+00:00,39648,2021-07-07 06:00:00+00:00,BUY,1801.96,1798.396362061388,1798.396362061388,1809.0872758772243,0.1,-36.336379386121465,-356.3637938612146,-1.0,SL,2021Q3,2021,3,2021-07-07 04:30:00+00:00,2021Q3,2021
1207,39654,2021-07-07 09:00:00+00:00,39666,2021-07-07 15:00:00+00:00,BUY,1801.93,1808.6280439479085,1798.5809780260458,1808.6280439479085,0.1,66.28043947908445,669.8043947908445,1.938578926488405,TP,2021Q3,2021,12,2021-07-07 09:00:00+00:00,2021Q3,2021
1208,39723,2021-07-08 20:30:00+00:00,39764,2021-07-09 18:00:00+00:00,BUY,1799.98,1810.8343373710632,1794.5528313144684,1810.8343373710632,0.1,107.84337371063138,1085.4337371063139,1.9617985162884457,TP,2021Q3,2021,41,2021-07-08 20:30:00+00:00,2021Q3,2021
1209,39765,2021-07-09 18:30:00+00:00,39783,2021-07-12 04:30:00+00:00,BUY,1809.46,1804.929941471086,1804.929941471086,1818.520117057828,0.1,-46.00058528913969,-453.0058528913969,-1.0,SL,2021Q3,2021,18,2021-07-09 18:30:00+00:00,2021Q3,2021
1210,39832,2021-07-13 06:00:00+00:00,39833,2021-07-13 06:30:00+00:00,BUY,1811.98,1809.2937562730895,1809.2937562730895,1817.3524874538214,0.1,-27.56243726910561,-268.6243726910561,-1.0,SL,2021Q3,2021,1,2021-07-13 06:00:00+00:00,2021Q3,2021
1211,39834,2021-07-13 07:00:00+00:00,39839,2021-07-13 09:30:00+00:00,SELL,1809.26,1811.8918887237137,1811.8918887237137,1803.9962225525724,0.1,-27.018887237137005,-263.18887237137005,-1.0,SL,2021Q3,2021,5,2021-07-13 07:00:00+00:00,2021Q3,2021
1212,39843,2021-07-13 11:30:00+00:00,39847,2021-07-13 13:30:00+00:00,SELL,1806.95,1809.9607057066792,1809.9607057066792,1800.9285885866418,0.1,-30.807057066791184,-301.07057066791185,-1.0,SL,2021Q3,2021,4,2021-07-13 11:30:00+00:00,2021Q3,2021
1213,39860,2021-07-13 20:00:00+00:00,39893,2021-07-14 13:30:00+00:00,SELL,1811.44,1816.300819668186,1816.300819668186,1801.7183606636281,0.1,-49.308196681859684,-486.0819668185968,-1.0,SL,2021Q3,2021,33,2021-07-13 20:00:00+00:00,2021Q3,2021
1214,39907,2021-07-14 20:30:00+00:00,39932,2021-07-15 10:00:00+00:00,BUY,1824.74,1833.4127655920224,1820.403617203989,1833.4127655920224,0.1,86.02765592022415,867.2765592022415,1.9523418618577857,TP,2021Q3,2021,25,2021-07-14 20:30:00+00:00,2021Q3,2021
1215,39939,2021-07-15 13:30:00+00:00,39939,2021-07-15 13:30:00+00:00,SELL,1823.92,1827.2682364789525,1827.2682364789525,1817.2235270420952,0.1,-34.182364789524584,-334.8236478952458,-1.0,SL,2021Q3,2021,0,2021-07-15 13:30:00+00:00,2021Q3,2021
1216,39953,2021-07-15 20:30:00+00:00,39975,2021-07-16 08:30:00+00:00,BUY,1828.58,1824.6721009404312,1824.6721009404312,1836.3957981191375,0.1,-39.77899059568763,-390.7899059568763,-1.0,SL,2021Q3,2021,22,2021-07-15 20:30:00+00:00,2021Q3,2021
1217,39989,2021-07-16 15:30:00+00:00,39992,2021-07-16 17:00:00+00:00,BUY,1821.13,1817.592361196136,1817.592361196136,1828.2052776077285,0.1,-36.07638803864184,-353.76388038641835,-1.0,SL,2021Q3,2021,3,2021-07-16 15:30:00+00:00,2021Q3,2021
1218,40033,2021-07-19 14:30:00+00:00,40033,2021-07-19 14:30:00+00:00,BUY,1806.01,1802.5451525924577,1802.5451525924577,1812.9396948150845,0.1,-35.34847407542266,-346.48474075422655,-1.0,SL,2021Q3,2021,0,2021-07-19 14:30:00+00:00,2021Q3,2021
1219,40059,2021-07-20 04:30:00+00:00,40072,2021-07-20 11:00:00+00:00,BUY,1815.85,1812.562800405402,1812.562800405402,1822.4243991891956,0.1,-33.57199594597951,-328.71995945979506,-1.0,SL,2021Q3,2021,13,2021-07-20 04:30:00+00:00,2021Q3,2021
1220,40105,2021-07-21 04:30:00+00:00,40113,2021-07-21 08:30:00+00:00,SELL,1806.68,1809.7134301663132,1809.7134301663132,1800.613139667374,0.1,-31.0343016631311,-303.343016631311,-1.0,SL,2021Q3,2021,8,2021-07-21 04:30:00+00:00,2021Q3,2021
1221,40124,2021-07-21 14:00:00+00:00,40129,2021-07-21 16:30:00+00:00,SELL,1801.78,1805.437535701869,1805.437535701869,1794.464928596262,0.1,-37.27535701868938,-365.75357018689374,-1.0,SL,2021Q3,2021,5,2021-07-21 14:00:00+00:00,2021Q3,2021
1222,40130,2021-07-21 17:00:00+00:00,40131,2021-07-21 17:30:00+00:00,BUY,1805.35,1800.5625666301212,1800.5625666301212,1814.9248667397571,0.1,-48.57433369878727,-478.7433369878727,-1.0,SL,2021Q3,2021,1,2021-07-21 17:00:00+00:00,2021Q3,2021
1223,40154,2021-07-22 06:00:00+00:00,40161,2021-07-22 09:30:00+00:00,SELL,1798.67,1801.2998348793637,1801.2998348793637,1793.4103302412727,0.1,-26.998348793636705,-262.98348793636706,-1.0,SL,2021Q3,2021,7,2021-07-22 06:00:00+00:00,2021Q3,2021
1224,40193,2021-07-23 02:30:00+00:00,40196,2021-07-23 04:00:00+00:00,BUY,1808.27,1805.5521139347063,1805.5521139347063,1813.7057721305873,0.1,-27.87886065293669,-271.7886065293669,-1.0,SL,2021Q3,2021,3,2021-07-23 02:30:00+00:00,2021Q3,2021
1225,40217,2021-07-23 14:30:00+00:00,40219,2021-07-23 15:30:00+00:00,SELL,1794.52,1798.105344196063,1798.105344196063,1787.349311607874,0.1,-36.55344196063034,-358.53441960630335,-1.0,SL,2021Q3,2021,2,2021-07-23 14:30:00+00:00,2021Q3,2021
1226,40255,2021-07-26 10:30:00+00:00,40255,2021-07-26 10:30:00+00:00,BUY,1810.59,1807.4093992303362,1807.4093992303362,1816.9512015393273,0.1,-32.5060076966367,-318.060076966367,-1.0,SL,2021Q3,2021,0,2021-07-26 10:30:00+00:00,2021Q3,2021
1227,40265,2021-07-26 15:30:00+00:00,40289,2021-07-27 04:30:00+00:00,SELL,1803.0,1796.3789874466934,1806.3105062766533,1796.3789874466934,0.1,65.51012553306627,662.1012553306628,1.9378791273217513,TP,2021Q3,2021,24,2021-07-26 15:30:00+00:00,2021Q3,2021
1228,40328,2021-07-28 01:00:00+00:00,40334,2021-07-28 04:00:00+00:00,SELL,1798.76,1801.8645620423008,1801.8645620423008,1792.5508759153984,0.1,-31.74562042300813,-310.4562042300813,-1.0,SL,2021Q3,2021,6,2021-07-28 01:00:00+00:00,2021Q3,2021
1229,40366,2021-07-28 20:00:00+00:00,40367,2021-07-28 20:30:00+00:00,BUY,1802.52,1799.3762612870419,1799.3762612870419,1808.8074774259162,0.1,-32.137387129581114,-314.3738712958111,-1.0,SL,2021Q3,2021,1,2021-07-28 20:00:00+00:00,2021Q3,2021
1230,40376,2021-07-29 02:00:00+00:00,40380,2021-07-29 04:00:00+00:00,BUY,1808.85,1816.7675707055866,1804.8912146472067,1816.7675707055866,0.1,78.4757070558674,791.7570705586741,1.9478751083489283,TP,2021Q3,2021,4,2021-07-29 02:00:00+00:00,2021Q3,2021
1231,40399,2021-07-29 13:30:00+00:00,40408,2021-07-29 18:00:00+00:00,BUY,1822.78,1829.5819978518377,1819.379001074081,1829.5819978518377,0.1,67.31997851837768,680.1997851837768,1.939498684821861,TP,2021Q3,2021,9,2021-07-29 13:30:00+00:00,2021Q3,2021
1232,40423,2021-07-30 02:30:00+00:00,40424,2021-07-30 03:00:00+00:00,BUY,1830.54,1827.88014579054,1827.88014579054,1835.85970841892,0.1,-27.29854209460036,-265.9854209460036,-1.0,SL,2021Q3,2021,1,2021-07-30 02:30:00+00:00,2021Q3,2021
1233,40439,2021-07-30 10:30:00+00:00,40440,2021-07-30 11:00:00+00:00,BUY,1830.95,1828.279753205162,1828.279753205162,1836.2904935896763,0.1,-27.402467948380217,-267.0246794838022,-1.0,SL,2021Q3,2021,1,2021-07-30 10:30:00+00:00,2021Q3,2021
1234,40461,2021-07-30 21:30:00+00:00,40463,2021-07-30 22:30:00+00:00,SELL,1811.17,1814.9825694733054,1814.9825694733054,1803.5448610533895,0.1,-38.82569473305303,-381.25694733053024,-1.0,SL,2021Q3,2021,2,2021-07-30 21:30:00+00:00,2021Q3,2021
1235,40490,2021-08-02 13:00:00+00:00,40494,2021-08-02 15:00:00+00:00,BUY,1810.35,1807.3504381730668,1807.3504381730668,1816.3491236538664,0.1,-30.695618269331316,-299.95618269331317,-1.0,SL,2021Q3,2021,4,2021-08-02 13:00:00+00:00,2021Q3,2021
1236,40573,2021-08-04 08:30:00+00:00,40579,2021-08-04 11:30:00+00:00,BUY,1813.66,1811.8255116518253,1811.8255116518253,1817.3289766963496,0.1,-19.04488348174773,-183.4488348174773,-1.0,SL,2021Q3,2021,6,2021-08-04 08:30:00+00:00,2021Q3,2021
1237,40585,2021-08-04 14:30:00+00:00,40586,2021-08-04 15:00:00+00:00,BUY,1816.36,1820.9584190073547,1814.0607904963224,1820.9584190073547,0.1,45.28419007354778,459.8419007354778,1.9113628407811702,TP,2021Q3,2021,1,2021-08-04 14:30:00+00:00,2021Q3,2021
1238,40615,2021-08-05 06:30:00+00:00,40619,2021-08-05 08:30:00+00:00,BUY,1811.67,1809.1794761654714,1809.1794761654714,1816.6510476690573,0.1,-25.605238345286306,-249.05238345286307,-1.0,SL,2021Q3,2021,4,2021-08-05 06:30:00+00:00,2021Q3,2021
1239,40675,2021-08-06 13:30:00+00:00,40677,2021-08-06 14:30:00+00:00,SELL,1797.64,1799.9074967554106,1799.9074967554106,1793.105006489179,0.1,-23.374967554105478,-226.74967554105478,-1.0,SL,2021Q3,2021,2,2021-08-06 13:30:00+00:00,2021Q3,2021
1240,40678,2021-08-06 15:00:00+00:00,40678,2021-08-06 15:00:00+00:00,BUY,1799.73,1797.081748224622,1797.081748224622,1805.0265035507557,0.1,-27.182517753779575,-264.82517753779575,-1.0,SL,2021Q3,2021,0,2021-08-06 15:00:00+00:00,2021Q3,2021
1241,40684,2021-08-06 18:00:00+00:00,40697,2021-08-09 01:30:00+00:00,SELL,1760.62,1749.1377182156616,1766.361140892169,1749.1377182156616,0.1,114.12281784338283,1148.2281784338284,1.963862517895068,TP,2021Q3,2021,13,2021-08-06 18:00:00+00:00,2021Q3,2021
1242,40702,2021-08-09 04:00:00+00:00,40822,2021-08-11 18:00:00+00:00,BUY,1727.84,1749.17,1713.604326731547,1756.3113465369058,0.1,212.60000000000156,2133.0000000000155,1.486123693799366,TIME_EXIT,2021Q3,2021,120,2021-08-09 04:00:00+00:00,2021Q3,2021
1243,40901,2021-08-13 11:30:00+00:00,40903,2021-08-13 12:30:00+00:00,SELL,1756.26,1758.842089967711,1758.842089967711,1751.095820064578,0.1,-26.52089967710999,-258.2089967710999,-1.0,SL,2021Q3,2021,2,2021-08-13 11:30:00+00:00,2021Q3,2021
1244,40915,2021-08-13 18:30:00+00:00,40932,2021-08-16 04:00:00+00:00,BUY,1774.99,1782.4442435587985,1771.262878220601,1782.4442435587985,0.1,73.84243558798453,745.4243558798453,1.9446949525982795,TP,2021Q3,2021,17,2021-08-13 18:30:00+00:00,2021Q3,2021
1245,40945,2021-08-16 10:30:00+00:00,40946,2021-08-16 11:00:00+00:00,BUY,1776.95,1773.8010132683385,1773.8010132683385,1783.247973463323,0.1,-32.1898673166158,-314.898673166158,-1.0,SL,2021Q3,2021,1,2021-08-16 10:30:00+00:00,2021Q3,2021
1246,40960,2021-08-16 18:00:00+00:00,40961,2021-08-16 18:30:00+00:00,BUY,1788.53,1784.4006078244129,1784.4006078244129,1796.7887843511742,0.1,-41.993921755871,-412.93921755870997,-1.0,SL,2021Q3,2021,1,2021-08-16 18:00:00+00:00,2021Q3,2021
1247,40965,2021-08-16 20:30:00+00:00,40979,2021-08-17 04:30:00+00:00,BUY,1788.11,1784.410353188868,1784.410353188868,1795.5092936222638,0.1,-37.6964681113197,-369.964681113197,-1.0,SL,2021Q3,2021,14,2021-08-16 20:30:00+00:00,2021Q3,2021
1248,41011,2021-08-17 20:30:00+00:00,41037,2021-08-18 10:30:00+00:00,BUY,1785.92,1793.7590478736438,1782.0004760631782,1793.7590478736438,0.1,77.69047873643721,783.9047873643722,1.9473621406148796,TP,2021Q3,2021,26,2021-08-17 20:30:00+00:00,2021Q3,2021
1249,41058,2021-08-18 21:00:00+00:00,41058,2021-08-18 21:00:00+00:00,SELL,1781.09,1784.7740397438677,1784.7740397438677,1773.7219205122642,0.1,-37.54039743867743,-368.4039743867743,-1.0,SL,2021Q3,2021,0,2021-08-18 21:00:00+00:00,2021Q3,2021
1250,41178,2021-08-23 12:00:00+00:00,41185,2021-08-23 15:30:00+00:00,BUY,1788.11,1794.0049385183536,1785.162530740823,1794.0049385183536,0.1,58.24938518353683,589.4938518353683,1.9304052562055636,TP,2021Q3,2021,7,2021-08-23 12:00:00+00:00,2021Q3,2021
1251,41189,2021-08-23 17:30:00+00:00,41189,2021-08-23 17:30:00+00:00,SELL,1797.75,1802.0280599228013,1802.0280599228013,1789.1938801543972,0.1,-43.480599228012764,-427.8059922801276,-1.0,SL,2021Q3,2021,0,2021-08-23 17:30:00+00:00,2021Q3,2021
1252,41221,2021-08-24 10:30:00+00:00,41226,2021-08-24 13:00:00+00:00,SELL,1802.01,1804.5101291181452,1804.5101291181452,1797.0097417637098,0.1,-25.70129118145196,-250.0129118145196,-1.0,SL,2021Q3,2021,5,2021-08-24 10:30:00+00:00,2021Q3,2021
1253,41246,2021-08-24 23:00:00+00:00,41253,2021-08-25 03:30:00+00:00,SELL,1803.06,1797.4660664784735,1805.856966760763,1797.4660664784735,0.1,55.239335215264234,559.3933521526424,1.9267518539545687,TP,2021Q3,2021,7,2021-08-24 23:00:00+00:00,2021Q3,2021
1254,41280,2021-08-25 17:00:00+00:00,41324,2021-08-26 16:00:00+00:00,SELL,1789.1,1780.166709691728,1793.5666451541358,1780.166709691728,0.1,88.63290308271807,893.3290308271808,1.95371028747784,TP,2021Q3,2021,44,2021-08-25 17:00:00+00:00,2021Q3,2021
1255,41344,2021-08-27 03:00:00+00:00,41350,2021-08-27 06:00:00+00:00,BUY,1793.68,1799.0511178909128,1790.9944410545436,1799.0511178909128,0.1,53.01117890912728,537.1117890912728,1.9237904163340482,TP,2021Q3,2021,6,2021-08-27 03:00:00+00:00,2021Q3,2021
1256,41376,2021-08-27 19:00:00+00:00,41462,2021-08-31 16:00:00+00:00,BUY,1813.02,1806.7979275729267,1806.7979275729267,1825.4641448541468,0.1,-62.92072427073272,-622.2072427073272,-1.0,SL,2021Q3,2021,86,2021-08-27 19:00:00+00:00,2021Q3,2021
1257,41497,2021-09-01 10:30:00+00:00,41506,2021-09-01 15:00:00+00:00,SELL,1812.8,1815.5528861301548,1815.5528861301548,1807.2942277396903,0.1,-28.228861301548203,-275.28861301548204,-1.0,SL,2021Q3,2021,9,2021-09-01 10:30:00+00:00,2021Q3,2021
1258,41594,2021-09-03 13:00:00+00:00,41599,2021-09-03 15:30:00+00:00,BUY,1813.66,1817.6403419580963,1811.669829020952,1817.6403419580963,0.1,39.103419580962324,398.03419580962327,1.8980667128429172,TP,2021Q3,2021,5,2021-09-03 13:00:00+00:00,2021Q3,2021
1259,41628,2021-09-06 07:00:00+00:00,41633,2021-09-06 09:30:00+00:00,SELL,1825.7,1828.1137739668811,1828.1137739668811,1820.872452066238,0.1,-24.83773966881081,-241.3773966881081,-1.0,SL,2021Q3,2021,5,2021-09-06 07:00:00+00:00,2021Q3,2021
1260,41695,2021-09-07 21:30:00+00:00,41697,2021-09-07 22:30:00+00:00,BUY,1797.94,1793.5078430356598,1793.5078430356598,1806.8043139286808,0.1,-45.02156964340266,-443.21569643402654,-1.0,SL,2021Q3,2021,2,2021-09-07 21:30:00+00:00,2021Q3,2021
1261,41753,2021-09-09 04:30:00+00:00,41756,2021-09-09 06:00:00+00:00,SELL,1787.55,1790.5080607552923,1790.5080607552923,1781.633878489415,0.1,-30.280607552923083,-295.80607552923084,-1.0,SL,2021Q3,2021,3,2021-09-09 04:30:00+00:00,2021Q3,2021
1262,41783,2021-09-09 19:30:00+00:00,41807,2021-09-10 08:30:00+00:00,BUY,1794.16,1802.9328553923692,1789.7735723038156,1802.9328553923692,0.1,87.02855392369138,877.2855392369138,1.9528770543770804,TP,2021Q3,2021,24,2021-09-09 19:30:00+00:00,2021Q3,2021
1263,41849,2021-09-13 06:30:00+00:00,41854,2021-09-13 09:00:00+00:00,BUY,1792.53,1789.498557923426,1789.498557923426,1798.592884153148,0.1,-31.01442076573967,-303.1442076573967,-1.0,SL,2021Q3,2021,5,2021-09-13 06:30:00+00:00,2021Q3,2021
1264,41877,2021-09-13 20:30:00+00:00,41909,2021-09-14 13:30:00+00:00,SELL,1792.45,1785.9394480342032,1795.7052759828985,1785.9394480342032,0.1,64.40551965796821,651.0551965796822,1.9368473470833665,TP,2021Q3,2021,32,2021-09-13 20:30:00+00:00,2021Q3,2021
1265,41914,2021-09-14 16:00:00+00:00,41915,2021-09-14 16:30:00+00:00,BUY,1797.33,1793.0452840747148,1793.0452840747148,1805.89943185057,0.1,-43.54715925285127,-428.4715925285127,-1.0,SL,2021Q3,2021,1,2021-09-14 16:00:00+00:00,2021Q3,2021
1266,41918,2021-09-14 18:00:00+00:00,41951,2021-09-15 11:30:00+00:00,BUY,1804.88,1799.1863639748526,1799.1863639748526,1816.267272050295,0.1,-57.63636025147498,-569.3636025147498,-1.0,SL,2021Q3,2021,33,2021-09-14 18:00:00+00:00,2021Q3,2021
1267,41959,2021-09-15 15:30:00+00:00,41959,2021-09-15 15:30:00+00:00,BUY,1806.9,1804.155131410751,1804.155131410751,1812.3897371784983,0.1,-28.148685892491084,-274.48685892491085,-1.0,SL,2021Q3,2021,0,2021-09-15 15:30:00+00:00,2021Q3,2021
1268,42015,2021-09-16 20:30:00+00:00,42021,2021-09-16 23:30:00+00:00,BUY,1756.62,1751.638641703757,1751.638641703757,1766.5827165924857,0.1,-50.513582962428885,-498.1358296242888,-1.0,SL,2021Q3,2021,6,2021-09-16 20:30:00+00:00,2021Q3,2021
1269,42044,2021-09-17 12:00:00+00:00,42047,2021-09-17 13:30:00+00:00,BUY,1766.23,1763.192769964724,1763.192769964724,1772.304460070552,0.1,-31.072300352760248,-303.7230035276025,-1.0,SL,2021Q3,2021,3,2021-09-17 12:00:00+00:00,2021Q3,2021
1270,42068,2021-09-20 01:00:00+00:00,42075,2021-09-20 04:30:00+00:00,BUY,1754.69,1750.8899394925188,1750.8899394925188,1762.2901210149628,0.1,-38.700605074812486,-380.00605074812484,-1.0,SL,2021Q3,2021,7,2021-09-20 01:00:00+00:00,2021Q3,2021
1271,42088,2021-09-20 11:00:00+00:00,42100,2021-09-20 17:00:00+00:00,BUY,1754.52,1762.1030858482773,1750.7284570758613,1762.1030858482773,0.1,75.13085848277278,758.3085848277278,1.9456175927276935,TP,2021Q3,2021,12,2021-09-20 11:00:00+00:00,2021Q3,2021
1272,42107,2021-09-20 20:30:00+00:00,42132,2021-09-21 10:00:00+00:00,BUY,1763.58,1758.9564711176472,1758.9564711176472,1772.8270577647056,0.1,-46.9352888235273,-462.352888235273,-1.0,SL,2021Q3,2021,25,2021-09-20 20:30:00+00:00,2021Q3,2021
1273,42151,2021-09-21 19:30:00+00:00,42176,2021-09-22 09:00:00+00:00,SELL,1775.54,1779.6960043819715,1779.6960043819715,1767.227991236057,0.1,-42.260043819715705,-415.600438197157,-1.0,SL,2021Q3,2021,25,2021-09-21 19:30:00+00:00,2021Q3,2021
1274,42186,2021-09-22 14:00:00+00:00,42191,2021-09-22 16:30:00+00:00,SELL,1774.65,1777.272841158695,1777.272841158695,1769.4043176826103,0.1,-26.928411586948823,-262.28411586948823,-1.0,SL,2021Q3,2021,5,2021-09-22 14:00:00+00:00,2021Q3,2021
1275,42255,2021-09-24 02:30:00+00:00,42267,2021-09-24 08:30:00+00:00,BUY,1745.88,1754.936327825807,1741.3518360870967,1754.936327825807,0.1,89.86327825806875,905.6327825806875,1.9543295967743353,TP,2021Q3,2021,12,2021-09-24 02:30:00+00:00,2021Q3,2021
1276,42330,2021-09-27 17:00:00+00:00,42331,2021-09-27 17:30:00+00:00,BUY,1756.19,1751.9185056646986,1751.9185056646986,1764.7329886706027,0.1,-43.41494335301441,-427.14943353014405,-1.0,SL,2021Q3,2021,1,2021-09-27 17:00:00+00:00,2021Q3,2021
1277,42332,2021-09-27 18:00:00+00:00,42334,2021-09-27 19:00:00+00:00,SELL,1748.94,1753.4209696054384,1753.4209696054384,1739.9780607891232,0.1,-45.50969605438304,-448.0969605438304,-1.0,SL,2021Q3,2021,2,2021-09-27 18:00:00+00:00,2021Q3,2021
1278,42339,2021-09-27 21:30:00+00:00,42360,2021-09-28 09:00:00+00:00,SELL,1750.99,1743.5834879424776,1754.6932560287612,1743.5834879424776,0.1,73.36512057522377,740.6512057522377,1.9443451495474198,TP,2021Q3,2021,21,2021-09-27 21:30:00+00:00,2021Q3,2021
1279,42368,2021-09-28 13:00:00+00:00,42373,2021-09-28 15:30:00+00:00,SELL,1738.1,1730.321722181482,1741.9891389092588,1730.321722181482,0.1,77.08277818517836,777.8277818517836,1.9469581631730852,TP,2021Q3,2021,5,2021-09-28 13:00:00+00:00,2021Q3,2021
1280,42419,2021-09-29 15:30:00+00:00,42422,2021-09-29 17:00:00+00:00,SELL,1739.28,1732.1901630055274,1742.8249184972362,1732.1901630055274,0.1,70.19836994472534,708.9836994472535,1.9419074039537674,TP,2021Q3,2021,3,2021-09-29 15:30:00+00:00,2021Q3,2021
1281,42427,2021-09-29 19:30:00+00:00,42443,2021-09-30 04:30:00+00:00,SELL,1726.81,1731.6572489551204,1731.6572489551204,1717.1155020897588,0.1,-49.17248955120449,-484.7248955120449,-1.0,SL,2021Q3,2021,16,2021-09-29 19:30:00+00:00,2021Q3,2021
1282,42449,2021-09-30 07:30:00+00:00,42456,2021-09-30 11:00:00+00:00,SELL,1731.43,1734.2280977256164,1734.2280977256164,1725.8338045487676,0.1,-28.68097725616344,-279.8097725616344,-1.0,SL,2021Q3,2021,7,2021-09-30 07:30:00+00:00,2021Q3,2021
1283,42536,2021-10-04 05:00:00+00:00,42546,2021-10-04 10:00:00+00:00,SELL,1762.07,1755.509071525901,1765.3504642370494,1755.509071525901,0.1,64.90928474099,656.0928474099001,1.937322118625289,TP,2021Q4,2021,10,2021-10-04 05:00:00+00:00,2021Q4,2021
1284,42558,2021-10-04 16:00:00+00:00,42558,2021-10-04 16:00:00+00:00,BUY,1755.34,1751.44617219854,1751.44617219854,1763.12765560292,0.1,-39.6382780146002,-389.382780146002,-1.0,SL,2021Q4,2021,0,2021-10-04 16:00:00+00:00,2021Q4,2021
1285,42584,2021-10-05 06:00:00+00:00,42591,2021-10-05 09:30:00+00:00,SELL,1761.83,1755.5473181587445,1764.9713409206277,1755.5473181587445,0.1,62.12681841255453,628.2681841255453,1.93460675612138,TP,2021Q4,2021,7,2021-10-05 06:00:00+00:00,2021Q4,2021
1286,42609,2021-10-05 18:30:00+00:00,42632,2021-10-06 07:00:00+00:00,BUY,1757.05,1752.3990735201673,1752.3990735201673,1766.3518529596652,0.1,-47.20926479832606,-465.0926479832606,-1.0,SL,2021Q4,2021,23,2021-10-05 18:30:00+00:00,2021Q4,2021
1287,42645,2021-10-06 13:30:00+00:00,42648,2021-10-06 15:00:00+00:00,BUY,1750.31,1757.3153186177647,1746.8073406911176,1757.3153186177647,0.1,69.35318617764715,700.5318617764715,1.941220255881131,TP,2021Q4,2021,3,2021-10-06 13:30:00+00:00,2021Q4,2021
1288,42649,2021-10-06 15:30:00+00:00,42650,2021-10-06 16:00:00+00:00,BUY,1759.24,1755.1591286828148,1755.1591286828148,1767.4017426343705,0.1,-41.50871317185256,-408.0871317185256,-1.0,SL,2021Q4,2021,1,2021-10-06 15:30:00+00:00,2021Q4,2021
1289,42666,2021-10-07 01:00:00+00:00,42684,2021-10-07 10:00:00+00:00,SELL,1762.34,1765.8409729324676,1765.8409729324676,1755.3380541350648,0.1,-35.70972932467676,-350.09729324676755,-1.0,SL,2021Q4,2021,18,2021-10-07 01:00:00+00:00,2021Q4,2021
1290,42707,2021-10-07 21:30:00+00:00,42720,2021-10-08 05:00:00+00:00,SELL,1756.1,1759.6795987952576,1759.6795987952576,1748.9408024094844,0.1,-36.49598795257653,-357.95987952576525,-1.0,SL,2021Q4,2021,13,2021-10-07 21:30:00+00:00,2021Q4,2021
1291,42731,2021-10-08 10:30:00+00:00,42731,2021-10-08 10:30:00+00:00,SELL,1754.48,1757.3181814054913,1757.3181814054913,1748.8036371890175,0.1,-29.08181405491241,-283.8181405491241,-1.0,SL,2021Q4,2021,0,2021-10-08 10:30:00+00:00,2021Q4,2021
1292,42763,2021-10-11 03:30:00+00:00,42779,2021-10-11 11:30:00+00:00,BUY,1757.39,1753.3303678580694,1753.3303678580694,1765.5092642838615,0.1,-41.29632141930706,-405.9632141930706,-1.0,SL,2021Q4,2021,16,2021-10-11 03:30:00+00:00,2021Q4,2021
1293,42780,2021-10-11 12:00:00+00:00,42782,2021-10-11 13:00:00+00:00,SELL,1753.01,1756.3051945577363,1756.3051945577363,1746.4196108845274,0.1,-33.65194557736295,-329.5194557736295,-1.0,SL,2021Q4,2021,2,2021-10-11 12:00:00+00:00,2021Q4,2021
1294,42811,2021-10-12 04:30:00+00:00,42818,2021-10-12 08:00:00+00:00,BUY,1754.07,1759.417592277433,1751.3962038612835,1759.417592277433,0.1,52.775922774330226,534.7592277433023,1.9234637016079428,TP,2021Q4,2021,7,2021-10-12 04:30:00+00:00,2021Q4,2021
1295,42942,2021-10-15 01:00:00+00:00,42960,2021-10-15 10:00:00+00:00,SELL,1795.77,1790.1011335846672,1798.6044332076663,1790.1011335846672,0.1,55.98866415332786,566.8866415332786,1.9276967363389608,TP,2021Q4,2021,18,2021-10-15 01:00:00+00:00,2021Q4,2021
1296,42978,2021-10-15 19:00:00+00:00,43043,2021-10-19 05:30:00+00:00,SELL,1768.34,1773.3642460836538,1773.3642460836538,1758.2915078326919,0.1,-50.94246083653907,-502.42460836539067,-1.0,SL,2021Q4,2021,65,2021-10-15 19:00:00+00:00,2021Q4,2021
1297,43044,2021-10-19 06:00:00+00:00,43053,2021-10-19 10:30:00+00:00,BUY,1774.3,1780.1377153045858,1771.381142347707,1780.1377153045858,0.1,57.67715304585799,583.77153045858,1.9297390426610317,TP,2021Q4,2021,9,2021-10-19 06:00:00+00:00,2021Q4,2021
1298,43134,2021-10-21 05:00:00+00:00,43140,2021-10-21 08:00:00+00:00,BUY,1786.94,1783.7556818805876,1783.7556818805876,1793.3086362388249,0.1,-32.5431811941241,-318.431811941241,-1.0,SL,2021Q4,2021,6,2021-10-21 05:00:00+00:00,2021Q4,2021
1299,43152,2021-10-21 14:00:00+00:00,43152,2021-10-21 14:00:00+00:00,SELL,1784.07,1778.0545440178578,1787.077727991071,1778.0545440178578,0.1,59.45455982142157,601.5455982142157,1.9317678493326118,TP,2021Q4,2021,0,2021-10-21 14:00:00+00:00,2021Q4,2021
1300,43158,2021-10-21 17:00:00+00:00,43168,2021-10-21 22:00:00+00:00,SELL,1779.74,1784.0666558738617,1784.0666558738617,1771.0866882522764,0.1,-43.966558738616826,-432.6655873861682,-1.0,SL,2021Q4,2021,10,2021-10-21 17:00:00+00:00,2021Q4,2021
1301,43186,2021-10-22 08:00:00+00:00,43188,2021-10-22 09:00:00+00:00,SELL,1786.24,1788.6745168147302,1788.6745168147302,1781.3709663705395,0.1,-25.04516814730159,-243.45168147301592,-1.0,SL,2021Q4,2021,2,2021-10-22 08:00:00+00:00,2021Q4,2021
1302,43201,2021-10-22 15:30:00+00:00,43201,2021-10-22 15:30:00+00:00,BUY,1799.46,1806.3617889877362,1796.0091055061318,1806.3617889877362,0.1,68.31788987736154,690.1788987736154,1.9403560656628724,TP,2021Q4,2021,0,2021-10-22 15:30:00+00:00,2021Q4,2021
1303,43239,2021-10-25 11:30:00+00:00,43249,2021-10-25 16:30:00+00:00,BUY,1800.52,1808.3694943613446,1796.5952528193277,1808.3694943613446,0.1,77.79494361344568,784.9494361344568,1.9474309660906601,TP,2021Q4,2021,10,2021-10-25 11:30:00+00:00,2021Q4,2021
1304,43250,2021-10-25 17:00:00+00:00,43271,2021-10-26 04:30:00+00:00,BUY,1808.06,1804.1986470638788,1804.1986470638788,1815.7827058722423,0.1,-39.313529361211934,-386.1352936121193,-1.0,SL,2021Q4,2021,21,2021-10-25 17:00:00+00:00,2021Q4,2021
1305,43369,2021-10-28 07:30:00+00:00,43379,2021-10-28 12:30:00+00:00,BUY,1800.72,1797.585017155342,1797.585017155342,1806.9899656893163,0.1,-32.04982844657998,-313.49828446579977,-1.0,SL,2021Q4,2021,10,2021-10-28 07:30:00+00:00,2021Q4,2021
1306,43399,2021-10-28 22:30:00+00:00,43430,2021-10-29 15:00:00+00:00,SELL,1798.9,1789.9744742731295,1803.3627628634354,1789.9744742731295,0.1,88.55525726870546,892.5525726870546,1.9536706405503756,TP,2021Q4,2021,31,2021-10-28 22:30:00+00:00,2021Q4,2021
1307,43434,2021-10-29 17:00:00+00:00,43434,2021-10-29 17:00:00+00:00,SELL,1774.09,1779.8353576137524,1779.8353576137524,1762.5992847724947,0.1,-58.153576137525036,-574.5357613752503,-1.0,SL,2021Q4,2021,0,2021-10-29 17:00:00+00:00,2021Q4,2021
1308,43441,2021-10-29 20:30:00+00:00,43480,2021-11-01 16:00:00+00:00,BUY,1782.85,1793.8872422113513,1777.3313788943242,1793.8872422113513,0.1,109.6724221135144,1103.724221135144,1.9624236469016072,TP,2021Q4,2021,39,2021-10-29 20:30:00+00:00,2021Q4,2021
1309,43487,2021-11-01 19:30:00+00:00,43499,2021-11-02 02:30:00+00:00,BUY,1794.66,1790.667571749014,1790.667571749014,1802.6448565019723,0.1,-40.62428250985995,-399.2428250985995,-1.0,SL,2021Q4,2021,12,2021-11-01 19:30:00+00:00,2021Q4,2021
1310,43515,2021-11-02 10:30:00+00:00,43515,2021-11-02 10:30:00+00:00,SELL,1792.13,1794.6772020426845,1794.6772020426845,1787.0355959146311,0.1,-26.172020426843755,-254.72020426843756,-1.0,SL,2021Q4,2021,0,2021-11-02 10:30:00+00:00,2021Q4,2021
1311,43586,2021-11-04 00:00:00+00:00,43586,2021-11-04 00:00:00+00:00,SELL,1768.43,1773.6759624831218,1773.6759624831218,1757.9380750337564,0.1,-53.1596248312173,-524.596248312173,-1.0,SL,2021Q4,2021,0,2021-11-04 00:00:00+00:00,2021Q4,2021
1312,43595,2021-11-04 04:30:00+00:00,43602,2021-11-04 08:00:00+00:00,BUY,1777.02,1772.8576612139339,1772.8576612139339,1785.3446775721325,0.1,-42.3233878606613,-416.23387860661296,-1.0,SL,2021Q4,2021,7,2021-11-04 04:30:00+00:00,2021Q4,2021
1313,43605,2021-11-04 09:30:00+00:00,43606,2021-11-04 10:00:00+00:00,BUY,1775.35,1772.074513344779,1772.074513344779,1781.9009733104415,0.1,-33.454866552209026,-327.54866552209023,-1.0,SL,2021Q4,2021,1,2021-11-04 09:30:00+00:00,2021Q4,2021
1314,43635,2021-11-05 01:30:00+00:00,43650,2021-11-05 09:00:00+00:00,BUY,1792.1,1797.697369631359,1789.3013151843204,1797.697369631359,0.1,55.27369631359015,559.7369631359015,1.9267957222584395,TP,2021Q4,2021,15,2021-11-05 01:30:00+00:00,2021Q4,2021
1315,43653,2021-11-05 10:30:00+00:00,43654,2021-11-05 11:00:00+00:00,BUY,1798.75,1795.830995801418,1795.830995801418,1804.588008397164,0.1,-29.89004198581888,-291.9004198581888,-1.0,SL,2021Q4,2021,1,2021-11-05 10:30:00+00:00,2021Q4,2021
1316,43655,2021-11-05 11:30:00+00:00,43661,2021-11-05 14:30:00+00:00,SELL,1794.34,1797.3630189263283,1797.3630189263283,1788.2939621473433,0.1,-30.930189263284046,-302.30189263284046,-1.0,SL_AMBIGUOUS_PESSIMISTIC,2021Q4,2021,6,2021-11-05 11:30:00+00:00,2021Q4,2021
1317,43673,2021-11-05 20:30:00+00:00,43728,2021-11-09 03:00:00+00:00,BUY,1815.91,1826.472813273417,1810.6285933632917,1826.472813273417,0.1,104.9281327341685,1056.281327341685,1.960757981170878,TP,2021Q4,2021,55,2021-11-05 20:30:00+00:00,2021Q4,2021
1318,43819,2021-11-11 02:30:00+00:00,43821,2021-11-11 03:30:00+00:00,BUY,1850.6,1845.2760455668908,1845.2760455668908,1861.2479088662178,0.1,-53.93954433109066,-532.3954433109066,-1.0,SL,2021Q4,2021,2,2021-11-11 02:30:00+00:00,2021Q4,2021
1319,43883,2021-11-12 11:30:00+00:00,43890,2021-11-12 15:00:00+00:00,SELL,1851.81,1855.2252389178218,1855.2252389178218,1844.979522164356,0.1,-34.85238917821853,-341.5238917821853,-1.0,SL,2021Q4,2021,7,2021-11-12 11:30:00+00:00,2021Q4,2021
1320,43891,2021-11-12 15:30:00+00:00,43891,2021-11-12 15:30:00+00:00,BUY,1857.88,1853.8787457820517,1853.8787457820517,1865.882508435897,0.1,-40.71254217948372,-400.12542179483717,-1.0,SL,2021Q4,2021,0,2021-11-12 15:30:00+00:00,2021Q4,2021
1321,43894,2021-11-12 17:00:00+00:00,43901,2021-11-12 20:30:00+00:00,BUY,1858.59,1867.0521213679538,1854.358939316023,1867.0521213679538,0.1,83.92121367953841,846.2121367953841,1.9511748344350661,TP,2021Q4,2021,7,2021-11-12 17:00:00+00:00,2021Q4,2021
1322,43904,2021-11-12 22:00:00+00:00,43908,2021-11-15 01:00:00+00:00,SELL,1863.57,1868.28,1867.7706340958498,1855.1687318083,0.1,-47.80000000000037,-471.00000000000364,-1.1192717270358437,SL_GAP_OPEN_PESSIMISTIC,2021Q4,2021,4,2021-11-12 22:00:00+00:00,2021Q4,2021
1323,43943,2021-11-15 18:30:00+00:00,43973,2021-11-16 10:30:00+00:00,BUY,1864.5,1873.6132259464518,1859.943387026774,1873.6132259464518,0.1,90.43225946451848,911.3225946451848,1.9546104242530147,TP,2021Q4,2021,30,2021-11-15 18:30:00+00:00,2021Q4,2021
1324,43982,2021-11-16 15:00:00+00:00,43982,2021-11-16 15:00:00+00:00,SELL,1870.64,1874.1494306134318,1874.1494306134318,1863.6211387731366,0.1,-35.794306134317324,-350.9430613431732,-1.0,SL,2021Q4,2021,0,2021-11-16 15:00:00+00:00,2021Q4,2021
1325,43989,2021-11-16 18:30:00+00:00,44020,2021-11-17 11:00:00+00:00,SELL,1855.57,1861.2169259124262,1861.2169259124262,1844.2761481751477,0.1,-57.16925912426241,-564.6925912426241,-1.0,SL,2021Q4,2021,31,2021-11-16 18:30:00+00:00,2021Q4,2021
1326,44054,2021-11-18 05:00:00+00:00,44064,2021-11-18 10:00:00+00:00,SELL,1866.76,1869.8511517990478,1869.8511517990478,1860.5776964019044,0.1,-31.61151799047793,-309.1151799047793,-1.0,SL,2021Q4,2021,10,2021-11-18 05:00:00+00:00,2021Q4,2021
1327,44097,2021-11-19 03:30:00+00:00,44108,2021-11-19 09:00:00+00:00,BUY,1861.02,1858.043427708412,1858.043427708412,1866.9731445831758,0.1,-30.465722915878995,-297.65722915878996,-1.0,SL,2021Q4,2021,11,2021-11-19 03:30:00+00:00,2021Q4,2021
1328,44157,2021-11-22 10:30:00+00:00,44160,2021-11-22 12:00:00+00:00,BUY,1845.88,1841.8792198873643,1841.8792198873643,1853.8815602252716,0.1,-40.707801126357666,-400.0780112635766,-1.0,SL,2021Q4,2021,3,2021-11-22 10:30:00+00:00,2021Q4,2021
1329,44164,2021-11-22 14:00:00+00:00,44166,2021-11-22 15:00:00+00:00,BUY,1842.77,1838.6911119092154,1838.6911119092154,1850.9277761815695,0.1,-41.48888090784631,-407.88880907846305,-1.0,SL,2021Q4,2021,2,2021-11-22 14:00:00+00:00,2021Q4,2021
1330,44177,2021-11-22 20:30:00+00:00,44189,2021-11-23 03:30:00+00:00,SELL,1805.9,1812.541468982111,1812.541468982111,1792.6170620357784,0.1,-67.11468982110837,-664.1468982110837,-1.0,SL,2021Q4,2021,12,2021-11-22 20:30:00+00:00,2021Q4,2021
1331,44265,2021-11-24 18:30:00+00:00,44270,2021-11-24 21:00:00+00:00,BUY,1787.75,1783.2426781894385,1783.2426781894385,1796.7646436211228,0.1,-45.77321810561507,-450.7321810561507,-1.0,SL,2021Q4,2021,5,2021-11-24 18:30:00+00:00,2021Q4,2021
1332,44295,2021-11-25 10:30:00+00:00,44296,2021-11-25 11:00:00+00:00,BUY,1794.8,1792.4340373944788,1792.4340373944788,1799.5319252110423,0.1,-24.3596260552119,-236.59626055211902,-1.0,SL,2021Q4,2021,1,2021-11-25 10:30:00+00:00,2021Q4,2021
1333,44299,2021-11-25 12:30:00+00:00,44302,2021-11-25 14:00:00+00:00,SELL,1790.48,1792.8806558589206,1792.8806558589206,1785.678688282159,0.1,-24.706558589205724,-240.06558589205724,-1.0,SL,2021Q4,2021,3,2021-11-25 12:30:00+00:00,2021Q4,2021
1334,44303,2021-11-25 14:30:00+00:00,44304,2021-11-25 15:00:00+00:00,BUY,1792.35,1790.004124076254,1790.004124076254,1797.041751847492,0.1,-24.15875923746007,-234.58759237460072,-1.0,SL,2021Q4,2021,1,2021-11-25 14:30:00+00:00,2021Q4,2021
1335,44305,2021-11-25 15:30:00+00:00,44315,2021-11-26 01:30:00+00:00,SELL,1790.1,1792.4437016893523,1792.4437016893523,1785.412596621295,0.1,-24.137016893524287,-234.37016893524287,-1.0,SL,2021Q4,2021,10,2021-11-25 15:30:00+00:00,2021Q4,2021
1336,44322,2021-11-26 05:00:00+00:00,44329,2021-11-26 08:30:00+00:00,BUY,1794.34,1799.6300701929927,1791.6949649035034,1799.6300701929927,0.1,52.20070192992743,529.0070192992744,1.9226529335583122,TP,2021Q4,2021,7,2021-11-26 05:00:00+00:00,2021Q4,2021
1337,44349,2021-11-26 18:30:00+00:00,44349,2021-11-26 18:30:00+00:00,SELL,1796.07,1784.6560079211933,1801.7769960394032,1784.6560079211933,0.1,113.43992078806586,1141.3992078806587,1.9636489278220637,TP,2021Q4,2021,0,2021-11-26 18:30:00+00:00,2021Q4,2021
1338,44413,2021-11-30 07:30:00+00:00,44421,2021-11-30 11:30:00+00:00,BUY,1791.74,1797.4412347261054,1788.8893826369474,1797.4412347261054,0.1,56.3123472610544,570.123472610544,1.9280973938399508,TP,2021Q4,2021,8,2021-11-30 07:30:00+00:00,2021Q4,2021
1339,44432,2021-11-30 17:00:00+00:00,44433,2021-11-30 17:30:00+00:00,BUY,1802.59,1797.7784329046722,1797.7784329046722,1812.2131341906554,0.1,-48.81567095327746,-481.1567095327746,-1.0,SL,2021Q4,2021,1,2021-11-30 17:00:00+00:00,2021Q4,2021
1340,44450,2021-12-01 03:00:00+00:00,44459,2021-12-01 07:30:00+00:00,BUY,1777.73,1787.9373311521238,1772.626334423938,1787.9373311521238,0.1,101.37331152123743,1020.7331152123743,1.959409823284312,TP,2021Q4,2021,9,2021-12-01 03:00:00+00:00,2021Q4,2021
1341,44559,2021-12-03 11:30:00+00:00,44560,2021-12-03 12:00:00+00:00,SELL,1766.89,1770.1525678982014,1770.1525678982014,1760.3648642035976,0.1,-33.32567898201269,-326.25678982012687,-1.0,SL,2021Q4,2021,1,2021-12-03 11:30:00+00:00,2021Q4,2021
1342,44561,2021-12-03 12:30:00+00:00,44566,2021-12-03 15:00:00+00:00,BUY,1771.57,1768.239265434714,1768.239265434714,1778.2314691305714,0.1,-34.00734565285866,-333.0734565285866,-1.0,SL,2021Q4,2021,5,2021-12-03 12:30:00+00:00,2021Q4,2021
1343,44573,2021-12-03 18:30:00+00:00,44591,2021-12-06 04:30:00+00:00,BUY,1776.97,1787.634269066105,1771.6378654669475,1787.634269066105,0.1,105.94269066104907,1066.4269066104907,1.961126477188719,TP,2021Q4,2021,18,2021-12-03 18:30:00+00:00,2021Q4,2021
1344,44620,2021-12-06 19:00:00+00:00,44621,2021-12-06 19:30:00+00:00,BUY,1784.62,1780.6559593414252,1780.6559593414252,1792.5480813171494,0.1,-40.34040658574732,-396.40406585747314,-1.0,SL,2021Q4,2021,1,2021-12-06 19:00:00+00:00,2021Q4,2021
1345,44634,2021-12-07 03:00:00+00:00,44644,2021-12-07 08:00:00+00:00,SELL,1779.38,1782.1898915834543,1782.1898915834543,1773.7602168330918,0.1,-28.798915834541457,-280.9891583454146,-1.0,SL,2021Q4,2021,10,2021-12-07 03:00:00+00:00,2021Q4,2021
1346,44655,2021-12-07 13:30:00+00:00,44658,2021-12-07 15:00:00+00:00,BUY,1781.98,1779.1979618805603,1779.1979618805603,1787.5440762388794,0.1,-28.52038119439676,-278.2038119439676,-1.0,SL,2021Q4,2021,3,2021-12-07 13:30:00+00:00,2021Q4,2021
1347,44659,2021-12-07 15:30:00+00:00,44660,2021-12-07 16:00:00+00:00,SELL,1778.25,1781.2757019400592,1781.2757019400592,1772.1985961198816,0.1,-30.95701940059207,-302.5701940059207,-1.0,SL,2021Q4,2021,1,2021-12-07 15:30:00+00:00,2021Q4,2021
1348,44732,2021-12-09 06:00:00+00:00,44743,2021-12-09 11:30:00+00:00,BUY,1784.63,1782.286933268383,1782.286933268383,1789.316133463234,0.1,-24.13066731617,-234.30667316170002,-1.0,SL,2021Q4,2021,11,2021-12-09 06:00:00+00:00,2021Q4,2021
1349,44748,2021-12-09 14:00:00+00:00,44750,2021-12-09 15:00:00+00:00,SELL,1780.02,1774.5916501239758,1782.734174938012,1774.5916501239758,0.1,53.58349876024185,542.8349876024186,1.924573705074028,TP,2021Q4,2021,2,2021-12-09 14:00:00+00:00,2021Q4,2021
1350,44753,2021-12-09 16:30:00+00:00,44753,2021-12-09 16:30:00+00:00,BUY,1782.56,1778.7071398305777,1778.7071398305777,1790.2657203388442,0.1,-39.22860169422229,-385.2860169422229,-1.0,SL,2021Q4,2021,0,2021-12-09 16:30:00+00:00,2021Q4,2021
1351,44833,2021-12-13 10:30:00+00:00,44834,2021-12-13 11:00:00+00:00,BUY,1786.6,1784.3944564856472,1784.3944564856472,1791.0110870287053,0.1,-22.75543514352712,-220.5543514352712,-1.0,SL,2021Q4,2021,1,2021-12-13 10:30:00+00:00,2021Q4,2021
1352,44864,2021-12-14 03:00:00+00:00,44870,2021-12-14 06:00:00+00:00,BUY,1788.11,1785.74,1785.7565807593053,1792.8168384813891,0.1,-24.399999999998908,-236.9999999999891,-1.0068418864663788,SL_GAP_OPEN_PESSIMISTIC,2021Q4,2021,6,2021-12-14 03:00:00+00:00,2021Q4,2021
1353,44915,2021-12-15 05:30:00+00:00,44935,2021-12-15 15:30:00+00:00,SELL,1769.71,1772.156781630944,1772.156781630944,1764.816436738112,0.1,-25.167816309438603,-244.67816309438604,-1.0,SL,2021Q4,2021,20,2021-12-15 05:30:00+00:00,2021Q4,2021
1354,44944,2021-12-15 20:00:00+00:00,44946,2021-12-15 21:00:00+00:00,SELL,1765.62,1759.2628542072675,1768.798572896366,1759.2628542072675,0.1,62.87145792732353,635.7145792732354,1.935356229735554,TP,2021Q4,2021,2,2021-12-15 20:00:00+00:00,2021Q4,2021
1355,44953,2021-12-16 01:30:00+00:00,44982,2021-12-16 16:00:00+00:00,BUY,1780.02,1790.250596650596,1774.904701674702,1790.250596650596,0.1,101.60596650595998,1023.0596650595999,1.9595008836858134,TP,2021Q4,2021,29,2021-12-16 01:30:00+00:00,2021Q4,2021
1356,45047,2021-12-20 02:30:00+00:00,45061,2021-12-20 09:30:00+00:00,BUY,1802.36,1798.877687777471,1798.877687777471,1809.3246244450577,0.1,-35.5231222252889,-348.231222252889,-1.0,SL,2021Q4,2021,14,2021-12-20 02:30:00+00:00,2021Q4,2021
1357,45073,2021-12-20 15:30:00+00:00,45073,2021-12-20 15:30:00+00:00,SELL,1794.52,1797.6755301143958,1797.6755301143958,1788.2089397712082,0.1,-32.25530114395788,-315.55301143957877,-1.0,SL,2021Q4,2021,0,2021-12-20 15:30:00+00:00,2021Q4,2021
1358,45076,2021-12-20 17:00:00+00:00,45076,2021-12-20 17:00:00+00:00,SELL,1791.82,1795.4144240748278,1795.4144240748278,1784.6311518503442,0.1,-36.64424074827885,-359.44240748278844,-1.0,SL,2021Q4,2021,0,2021-12-20 17:00:00+00:00,2021Q4,2021
1359,45159,2021-12-22 12:30:00+00:00,45165,2021-12-22 15:30:00+00:00,BUY,1790.27,1794.3695620647,1788.22021896765,1794.3695620647,0.1,40.295620646999666,409.9562064699967,1.9009331639470353,TP,2021Q4,2021,6,2021-12-22 12:30:00+00:00,2021Q4,2021
1360,45170,2021-12-22 18:00:00+00:00,45174,2021-12-22 20:00:00+00:00,BUY,1795.74,1801.4835692344946,1792.8682153827526,1801.4835692344946,0.1,56.735692344945434,574.3569234494544,1.9286147603162316,TP,2021Q4,2021,4,2021-12-22 18:00:00+00:00,2021Q4,2021
1361,45187,2021-12-23 03:30:00+00:00,45211,2021-12-23 15:30:00+00:00,BUY,1805.1,1809.752812995045,1802.7735935024773,1809.752812995045,0.1,45.82812995044996,465.28129950449966,1.9123687904296187,TP,2021Q4,2021,24,2021-12-23 03:30:00+00:00,2021Q4,2021
1362,45217,2021-12-23 18:30:00+00:00,45256,2021-12-27 15:00:00+00:00,BUY,1807.66,1804.4121025554778,1804.4121025554778,1814.1557948890445,0.1,-33.17897444522323,-324.7897444522323,-1.0,SL,2021Q4,2021,39,2021-12-23 18:30:00+00:00,2021Q4,2021
1363,45290,2021-12-28 09:00:00+00:00,45303,2021-12-28 15:30:00+00:00,BUY,1815.12,1818.917393227209,1813.2213033863954,1818.917393227209,0.1,37.27393227209113,379.73932272091133,1.8933304407857499,TP,2021Q4,2021,13,2021-12-28 09:00:00+00:00,2021Q4,2021
1364,45318,2021-12-28 23:00:00+00:00,45342,2021-12-29 12:00:00+00:00,SELL,1805.45,1799.4106261226339,1808.4696869386833,1799.4106261226339,0.1,59.69373877366188,603.9373877366188,1.9320319488129993,TP,2021Q4,2021,24,2021-12-28 23:00:00+00:00,2021Q4,2021
1365,45355,2021-12-29 18:30:00+00:00,45378,2021-12-30 07:00:00+00:00,BUY,1804.2,1800.0566843406896,1800.0566843406896,1812.486631318621,0.1,-42.133156593104744,-414.3315659310474,-1.0,SL,2021Q4,2021,23,2021-12-29 18:30:00+00:00,2021Q4,2021
1366,45385,2021-12-30 10:30:00+00:00,45397,2021-12-30 16:30:00+00:00,BUY,1800.53,1805.5173800561322,1798.0363099719339,1805.5173800561322,0.1,49.17380056132224,498.7380056132224,1.9180868210661135,TP,2021Q4,2021,12,2021-12-30 10:30:00+00:00,2021Q4,2021
1367,45398,2021-12-30 17:00:00+00:00,45401,2021-12-30 18:30:00+00:00,BUY,1805.97,1812.4743932168844,1802.717803391558,1812.4743932168844,0.1,64.34393216884409,650.4393216884409,1.9367888103111843,TP,2021Q4,2021,3,2021-12-30 17:00:00+00:00,2021Q4,2021
1368,45426,2021-12-31 08:00:00+00:00,45429,2021-12-31 09:30:00+00:00,BUY,1818.8,1816.6066119818797,1816.6066119818797,1823.1867760362406,0.1,-22.63388018120231,-219.33880181202312,-1.0,SL,2021Q4,2021,3,2021-12-31 08:00:00+00:00,2021Q4,2021
1369,45448,2022-01-03 01:00:00+00:00,45450,2022-01-03 02:00:00+00:00,BUY,1829.93,1826.8861222398177,1826.8861222398177,1836.0177555203645,0.1,-31.138777601823403,-304.38777601823404,-1.0,SL,2022Q1,2022,2,2022-01-03 01:00:00+00:00,2022Q1,2022
1370,45480,2022-01-03 17:00:00+00:00,45500,2022-01-04 04:00:00+00:00,SELL,1802.87,1807.08155438954,1807.08155438954,1794.4468912209193,0.1,-42.81554389540197,-421.1554389540197,-1.0,SL,2022Q1,2022,20,2022-01-03 17:00:00+00:00,2022Q1,2022
1371,45521,2022-01-04 14:30:00+00:00,45522,2022-01-04 15:00:00+00:00,SELL,1799.39,1802.7191045870247,1802.7191045870247,1792.7317908259508,0.1,-33.99104587024631,-332.9104587024631,-1.0,SL,2022Q1,2022,1,2022-01-04 14:30:00+00:00,2022Q1,2022
1372,45541,2022-01-05 01:30:00+00:00,45547,2022-01-05 04:30:00+00:00,SELL,1813.39,1816.2826363520662,1816.2826363520662,1807.604727295868,0.1,-29.626363520661197,-289.263635206612,-1.0,SL,2022Q1,2022,6,2022-01-05 01:30:00+00:00,2022Q1,2022
1373,45561,2022-01-05 11:30:00+00:00,45568,2022-01-05 15:00:00+00:00,BUY,1818.41,1815.7476789999505,1815.7476789999505,1823.7346420000993,0.1,-27.323210000495873,-266.23210000495874,-1.0,SL,2022Q1,2022,7,2022-01-05 11:30:00+00:00,2022Q1,2022
1374,45581,2022-01-05 21:30:00+00:00,45582,2022-01-05 22:00:00+00:00,SELL,1819.3,1811.1380968392039,1823.380951580398,1811.1380968392039,0.1,80.919031607961,816.19031607961,1.9494091906560223,TP,2022Q1,2022,1,2022-01-05 21:30:00+00:00,2022Q1,2022
1375,45589,2022-01-06 02:30:00+00:00,45591,2022-01-06 03:30:00+00:00,SELL,1807.75,1811.5503738395264,1811.5503738395264,1800.1492523209472,0.1,-38.70373839526401,-380.0373839526401,-1.0,SL,2022Q1,2022,2,2022-01-06 02:30:00+00:00,2022Q1,2022
1376,45660,2022-01-07 15:00:00+00:00,45661,2022-01-07 15:30:00+00:00,SELL,1789.26,1792.1749313442137,1792.1749313442137,1783.4301373115725,0.1,-29.849313442137554,-291.49313442137554,-1.0,SL_AMBIGUOUS_PESSIMISTIC,2022Q1,2022,1,2022-01-07 15:00:00+00:00,2022Q1,2022
1377,45678,2022-01-10 01:00:00+00:00,45687,2022-01-10 05:30:00+00:00,BUY,1795.18,1791.5602525892439,1791.5602525892439,1802.4194948215127,0.1,-36.897474107561905,-361.974741075619,-1.0,SL,2022Q1,2022,9,2022-01-10 01:00:00+00:00,2022Q1,2022
1378,45701,2022-01-10 12:30:00+00:00,45704,2022-01-10 14:00:00+00:00,BUY,1799.7,1796.7536627510378,1796.7536627510378,1805.5926744979242,0.1,-30.163372489622088,-294.6337248962209,-1.0,SL,2022Q1,2022,3,2022-01-10 12:30:00+00:00,2022Q1,2022
1379,45729,2022-01-11 03:30:00+00:00,45754,2022-01-11 16:00:00+00:00,BUY,1805.75,1802.6190781056937,1802.6190781056937,1812.0118437886129,0.1,-32.00921894306312,-313.09218943063115,-1.0,SL,2022Q1,2022,25,2022-01-11 03:30:00+00:00,2022Q1,2022
1380,45798,2022-01-12 15:00:00+00:00,45799,2022-01-12 15:30:00+00:00,BUY,1819.55,1824.2440760090074,1817.2029619954963,1824.2440760090074,0.1,46.24076009007403,469.40760090074036,1.9131167984910853,TP,2022Q1,2022,1,2022-01-12 15:00:00+00:00,2022Q1,2022
1381,45818,2022-01-13 02:00:00+00:00,45829,2022-01-13 07:30:00+00:00,SELL,1825.2,1827.7316688282,1827.7316688282,1820.1366623436002,0.1,-26.01668828200054,-253.1668828200054,-1.0,SL,2022Q1,2022,11,2022-01-13 02:00:00+00:00,2022Q1,2022
1382,45848,2022-01-13 17:00:00+00:00,45854,2022-01-13 20:00:00+00:00,SELL,1818.53,1821.7915456864516,1821.7915456864516,1812.0069086270967,0.1,-33.31545686451655,-326.15456864516545,-1.0,SL,2022Q1,2022,6,2022-01-13 17:00:00+00:00,2022Q1,2022
1383,45876,2022-01-14 08:00:00+00:00,45881,2022-01-14 10:30:00+00:00,BUY,1827.93,1825.541789683513,1825.541789683513,1832.7064206329744,0.1,-24.58210316487175,-238.8210316487175,-1.0,SL,2022Q1,2022,5,2022-01-14 08:00:00+00:00,2022Q1,2022
1384,45948,2022-01-17 21:00:00+00:00,45951,2022-01-18 02:00:00+00:00,SELL,1818.15,1819.80893445582,1819.80893445582,1814.8321310883605,0.1,-17.289344558199172,-165.89344558199173,-1.0,SL,2022Q1,2022,3,2022-01-17 21:00:00+00:00,2022Q1,2022
1385,45966,2022-01-18 09:30:00+00:00,45966,2022-01-18 09:30:00+00:00,SELL,1814.5,1816.9546349897244,1816.9546349897244,1809.5907300205513,0.1,-25.246349897243544,-245.46349897243545,-1.0,SL,2022Q1,2022,0,2022-01-18 09:30:00+00:00,2022Q1,2022
1386,45983,2022-01-18 18:00:00+00:00,45983,2022-01-18 18:00:00+00:00,BUY,1820.06,1814.809260770691,1814.809260770691,1830.5614784586178,0.1,-53.2073922930892,-525.073922930892,-1.0,SL,2022Q1,2022,0,2022-01-18 18:00:00+00:00,2022Q1,2022
1387,45990,2022-01-18 21:30:00+00:00,46003,2022-01-19 05:00:00+00:00,BUY,1815.13,1810.3062151594888,1810.3062151594888,1824.7775696810224,0.1,-48.9378484051128,-482.378484051128,-1.0,SL,2022Q1,2022,13,2022-01-18 21:30:00+00:00,2022Q1,2022
1388,46024,2022-01-19 15:30:00+00:00,46027,2022-01-19 17:00:00+00:00,BUY,1824.17,1830.2635577245921,1821.123221137704,1830.2635577245921,0.1,60.23557724592074,609.3557724592074,1.9326227463421901,TP,2022Q1,2022,3,2022-01-19 15:30:00+00:00,2022Q1,2022
1389,46037,2022-01-19 22:00:00+00:00,46041,2022-01-20 01:00:00+00:00,BUY,1842.93,1839.33,1839.3504304914463,1850.0891390171073,0.1,-36.70000000000137,-360.00000000001364,-1.0055980551674712,SL_GAP_OPEN_PESSIMISTIC,2022Q1,2022,4,2022-01-19 22:00:00+00:00,2022Q1,2022
1390,46063,2022-01-20 12:00:00+00:00,46069,2022-01-20 15:00:00+00:00,SELL,1838.35,1841.1374763940516,1841.1374763940516,1832.7750472118967,0.1,-28.574763940517368,-278.7476394051737,-1.0,SL,2022Q1,2022,6,2022-01-20 12:00:00+00:00,2022Q1,2022
1391,46092,2022-01-21 03:30:00+00:00,46093,2022-01-21 04:00:00+00:00,SELL,1836.64,1839.3335980405031,1839.3335980405031,1831.2528039189938,0.1,-27.635980405030477,-269.3598040503048,-1.0,SL,2022Q1,2022,1,2022-01-21 03:30:00+00:00,2022Q1,2022
1392,46094,2022-01-21 04:30:00+00:00,46104,2022-01-21 09:30:00+00:00,BUY,1840.28,1837.5816935263008,1837.5816935263008,1845.6766129473983,0.1,-27.683064736991764,-269.83064736991764,-1.0,SL,2022Q1,2022,10,2022-01-21 04:30:00+00:00,2022Q1,2022
1393,46109,2022-01-21 12:00:00+00:00,46116,2022-01-21 15:30:00+00:00,BUY,1834.19,1840.6884276179658,1830.9407861910172,1840.6884276179658,0.1,64.28427617965717,649.8427617965717,1.9367320058046056,TP,2022Q1,2022,7,2022-01-21 12:00:00+00:00,2022Q1,2022
1394,46133,2022-01-24 01:00:00+00:00,46153,2022-01-24 11:00:00+00:00,BUY,1834.76,1842.0167325951325,1831.1316337024339,1842.0167325951325,0.1,71.86732595132462,725.6732595132462,1.9432181717268044,TP,2022Q1,2022,20,2022-01-24 01:00:00+00:00,2022Q1,2022
1395,46156,2022-01-24 12:30:00+00:00,46162,2022-01-24 15:30:00+00:00,SELL,1839.68,1842.7304506667947,1842.7304506667947,1833.5790986664108,0.1,-31.204506667946315,-305.04506667946316,-1.0,SL,2022Q1,2022,6,2022-01-24 12:30:00+00:00,2022Q1,2022
1396,46165,2022-01-24 17:00:00+00:00,46170,2022-01-24 19:30:00+00:00,SELL,1834.04,1838.476802299462,1838.476802299462,1825.1663954010762,0.1,-45.06802299461988,-443.6802299461988,-1.0,SL,2022Q1,2022,5,2022-01-24 17:00:00+00:00,2022Q1,2022
1397,46207,2022-01-25 15:00:00+00:00,46210,2022-01-25 16:30:00+00:00,BUY,1840.08,1845.5150889858003,1837.3624555070996,1845.5150889858003,0.1,53.65088985800348,543.5088985800348,1.9246648795974073,TP,2022Q1,2022,3,2022-01-25 15:00:00+00:00,2022Q1,2022
1398,46230,2022-01-26 03:30:00+00:00,46255,2022-01-26 16:00:00+00:00,SELL,1846.78,1840.808604334227,1849.7656978328864,1840.808604334227,0.1,59.01395665772888,597.1395665772889,1.9312759273054063,TP,2022Q1,2022,25,2022-01-26 03:30:00+00:00,2022Q1,2022
1399,46276,2022-01-27 03:30:00+00:00,46299,2022-01-27 15:00:00+00:00,SELL,1816.02,1806.4251315135004,1820.8174342432499,1806.4251315135004,0.1,95.24868486499535,959.4868486499536,1.956856119773687,TP,2022Q1,2022,23,2022-01-27 03:30:00+00:00,2022Q1,2022
1400,46305,2022-01-27 18:00:00+00:00,46341,2022-01-28 13:00:00+00:00,SELL,1796.35,1784.5582851365325,1802.2458574317336,1784.5582851365325,0.1,117.21714863467405,1179.1714863467405,1.964799695198386,TP,2022Q1,2022,36,2022-01-27 18:00:00+00:00,2022Q1,2022
1401,46344,2022-01-28 14:30:00+00:00,46344,2022-01-28 14:30:00+00:00,BUY,1788.51,1785.0674995262968,1785.0674995262968,1795.395000947406,0.1,-35.12500473703149,-344.25004737031486,-1.0,SL,2022Q1,2022,0,2022-01-28 14:30:00+00:00,2022Q1,2022
1402,46380,2022-01-31 09:30:00+00:00,46380,2022-01-31 09:30:00+00:00,SELL,1786.24,1789.0220026921659,1789.0220026921659,1780.6759946156683,0.1,-28.52002692165861,-278.2002692165861,-1.0,SL,2022Q1,2022,0,2022-01-31 09:30:00+00:00,2022Q1,2022
1403,46406,2022-01-31 22:30:00+00:00,46421,2022-02-01 07:00:00+00:00,SELL,1796.6,1800.0020038550288,1800.0020038550288,1789.7959922899424,0.1,-34.72003855028852,-340.2003855028852,-1.0,SL,2022Q1,2022,15,2022-01-31 22:30:00+00:00,2022Q1,2022
1404,46482,2022-02-02 14:30:00+00:00,46484,2022-02-02 15:30:00+00:00,BUY,1804.74,1802.275510855373,1802.275510855373,1809.6689782892538,0.1,-25.344891446268957,-246.44891446268957,-1.0,SL,2022Q1,2022,2,2022-02-02 14:30:00+00:00,2022Q1,2022
1405,46506,2022-02-03 03:30:00+00:00,46507,2022-02-03 04:00:00+00:00,SELL,1806.4,1808.7929041922566,1808.7929041922566,1801.614191615487,0.1,-24.629041922565374,-239.29041922565375,-1.0,SL,2022Q1,2022,1,2022-02-03 03:30:00+00:00,2022Q1,2022
1406,46527,2022-02-03 14:00:00+00:00,46527,2022-02-03 14:00:00+00:00,BUY,1804.38,1802.2200432472648,1802.2200432472648,1808.6999135054705,0.1,-22.299567527352973,-215.99567527352974,-1.0,SL,2022Q1,2022,0,2022-02-03 14:00:00+00:00,2022Q1,2022
1407,46628,2022-02-07 18:30:00+00:00,46668,2022-02-08 15:30:00+00:00,BUY,1817.12,1823.9369959607163,1813.7115020196416,1823.9369959607163,0.1,67.4699596071644,681.699596071644,1.939629115444076,TP,2022Q1,2022,40,2022-02-07 18:30:00+00:00,2022Q1,2022
1408,46676,2022-02-08 19:30:00+00:00,46720,2022-02-09 18:30:00+00:00,BUY,1827.17,1833.160520933422,1824.174739533289,1833.160520933422,0.1,59.20520933421976,599.0520933421976,1.9314903244665111,TP,2022Q1,2022,44,2022-02-08 19:30:00+00:00,2022Q1,2022
1409,46721,2022-02-09 19:00:00+00:00,46759,2022-02-10 15:00:00+00:00,BUY,1832.69,1829.5694981125084,1829.5694981125084,1838.9310037749833,0.1,-31.905018874916276,-312.05018874916277,-1.0,SL,2022Q1,2022,38,2022-02-09 19:00:00+00:00,2022Q1,2022
1410,46769,2022-02-10 20:00:00+00:00,46779,2022-02-11 02:00:00+00:00,SELL,1835.1,1825.4753401329665,1839.9123299335167,1825.4753401329665,0.1,95.54659867033415,962.4659867033415,1.9569877491157257,TP,2022Q1,2022,10,2022-02-10 20:00:00+00:00,2022Q1,2022
1411,46780,2022-02-11 02:30:00+00:00,46803,2022-02-11 14:00:00+00:00,SELL,1824.82,1828.7012349077945,1828.7012349077945,1817.0575301844108,0.1,-39.512349077945785,-388.1234907794578,-1.0,SL,2022Q1,2022,23,2022-02-11 02:30:00+00:00,2022Q1,2022
1412,46861,2022-02-14 20:00:00+00:00,46876,2022-02-15 04:30:00+00:00,BUY,1864.71,1874.573862662806,1859.778068668597,1874.573862662806,0.1,97.93862662806013,986.3862662806014,1.9580162169196913,TP,2022Q1,2022,15,2022-02-14 20:00:00+00:00,2022Q1,2022
1413,46895,2022-02-15 14:00:00+00:00,46933,2022-02-16 10:00:00+00:00,SELL,1852.4,1857.4989522192498,1857.4989522192498,1842.2020955615008,0.1,-51.68952219249668,-509.8952219249668,-1.0,SL,2022Q1,2022,38,2022-02-15 14:00:00+00:00,2022Q1,2022
1414,46941,2022-02-16 14:00:00+00:00,46941,2022-02-16 14:00:00+00:00,BUY,1856.57,1853.9402978400678,1853.9402978400678,1861.8294043198641,0.1,-26.99702159932094,-262.9702159932094,-1.0,SL,2022Q1,2022,0,2022-02-16 14:00:00+00:00,2022Q1,2022
1415,46980,2022-02-17 10:30:00+00:00,46990,2022-02-17 15:30:00+00:00,BUY,1884.62,1894.5542792054023,1879.6528603972988,1894.5542792054023,0.1,98.6427920540239,993.427920540239,1.9583096724404532,TP,2022Q1,2022,10,2022-02-17 10:30:00+00:00,2022Q1,2022
1416,47026,2022-02-18 10:30:00+00:00,47029,2022-02-18 12:00:00+00:00,BUY,1894.57,1891.18937202066,1891.18937202066,1901.3312559586798,0.1,-34.50627979340034,-338.06279793400336,-1.0,SL,2022Q1,2022,3,2022-02-18 10:30:00+00:00,2022Q1,2022
1417,47030,2022-02-18 12:30:00+00:00,47034,2022-02-18 14:30:00+00:00,SELL,1889.42,1893.1510864149816,1893.1510864149816,1881.9578271700373,0.1,-38.01086414981519,-373.1086414981519,-1.0,SL,2022Q1,2022,4,2022-02-18 12:30:00+00:00,2022Q1,2022
1418,47035,2022-02-18 15:00:00+00:00,47053,2022-02-21 01:00:00+00:00,BUY,1894.09,1901.8332185743948,1890.2183907128024,1901.8332185743948,0.1,76.73218574394859,774.3218574394859,1.9467222688249914,TP,2022Q1,2022,18,2022-02-18 15:00:00+00:00,2022Q1,2022
1419,47079,2022-02-21 14:00:00+00:00,47091,2022-02-21 20:00:00+00:00,SELL,1894.52,1898.4909989053112,1898.4909989053112,1886.5780021893777,0.1,-40.409989053112625,-397.0998905311262,-1.0,SL,2022Q1,2022,12,2022-02-21 14:00:00+00:00,2022Q1,2022
1420,47122,2022-02-22 15:00:00+00:00,47127,2022-02-22 17:30:00+00:00,BUY,1899.64,1894.4492451554336,1894.4492451554336,1910.0215096891334,0.1,-52.60754844566527,-519.0754844566527,-1.0,SL,2022Q1,2022,5,2022-02-22 15:00:00+00:00,2022Q1,2022
1421,47144,2022-02-23 03:00:00+00:00,47151,2022-02-23 06:30:00+00:00,BUY,1900.57,1896.949448946387,1896.949448946387,1907.8111021072255,0.1,-36.905510536128716,-362.05510536128713,-1.0,SL,2022Q1,2022,7,2022-02-23 03:00:00+00:00,2022Q1,2022
1422,47172,2022-02-23 17:00:00+00:00,47192,2022-02-24 04:00:00+00:00,BUY,1906.42,1914.8617817861248,1902.1991091069376,1914.8617817861248,0.1,83.71781786124693,844.1781786124693,1.9510591144743956,TP,2022Q1,2022,20,2022-02-23 17:00:00+00:00,2022Q1,2022
1423,47212,2022-02-24 14:00:00+00:00,47217,2022-02-24 16:30:00+00:00,SELL,1961.64,1943.28561980955,1970.8171900952252,1943.28561980955,0.1,182.84380190450003,1835.4380190450001,1.9772903987224548,TP,2022Q1,2022,5,2022-02-24 14:00:00+00:00,2022Q1,2022
1424,47233,2022-02-25 01:30:00+00:00,47257,2022-02-25 13:30:00+00:00,BUY,1911.72,1898.4793539638802,1898.4793539638802,1938.2012920722398,0.1,-133.10646036119869,-1324.064603611987,-1.0,SL,2022Q1,2022,24,2022-02-25 01:30:00+00:00,2022Q1,2022
1425,47279,2022-02-28 01:30:00+00:00,47279,2022-02-28 01:30:00+00:00,BUY,1914.39,1905.0773114024487,1905.0773114024487,1933.0153771951027,0.1,-93.82688597551414,-931.2688597551414,-1.0,SL,2022Q1,2022,0,2022-02-28 01:30:00+00:00,2022Q1,2022
1426,47282,2022-02-28 03:00:00+00:00,47282,2022-02-28 03:00:00+00:00,BUY,1917.52,1908.0674847489722,1908.0674847489722,1936.4250305020555,0.1,-95.22515251027762,-945.2515251027762,-1.0,SL,2022Q1,2022,0,2022-02-28 03:00:00+00:00,2022Q1,2022
1427,47301,2022-02-28 12:30:00+00:00,47307,2022-02-28 15:30:00+00:00,BUY,1903.41,1916.9066506754573,1896.6616746622715,1916.9066506754573,0.1,134.26650675457205,1349.6650675457204,1.9692006483119862,TP,2022Q1,2022,6,2022-02-28 12:30:00+00:00,2022Q1,2022
1428,47343,2022-03-01 10:30:00+00:00,47347,2022-03-01 12:30:00+00:00,BUY,1911.91,1919.8242994292427,1907.9528502853789,1919.8242994292427,0.1,78.44299429242646,791.4299429242647,1.947853937677724,TP,2022Q1,2022,4,2022-03-01 10:30:00+00:00,2022Q1,2022
1429,47360,2022-03-01 19:00:00+00:00,47367,2022-03-01 22:30:00+00:00,BUY,1931.57,1945.723124355581,1924.4934378222094,1945.723124355581,0.1,140.83124355580986,1415.3124355580985,1.9706152420176766,TP,2022Q1,2022,7,2022-03-01 19:00:00+00:00,2022Q1,2022
1430,47397,2022-03-02 14:30:00+00:00,47399,2022-03-02 15:30:00+00:00,SELL,1923.59,1931.5455933367407,1931.5455933367407,1907.6788133265181,0.1,-80.25593336740776,-795.5593336740776,-1.0,SL,2022Q1,2022,2,2022-03-02 14:30:00+00:00,2022Q1,2022
1431,47439,2022-03-03 12:30:00+00:00,47445,2022-03-03 15:30:00+00:00,BUY,1933.65,1928.0096024308054,1928.0096024308054,1944.9307951383894,0.1,-57.103975691946474,-564.0397569194647,-1.0,SL,2022Q1,2022,6,2022-03-03 12:30:00+00:00,2022Q1,2022
1432,47459,2022-03-03 22:30:00+00:00,47465,2022-03-04 02:30:00+00:00,BUY,1939.39,1950.6105113376543,1933.779744331173,1950.6105113376543,0.1,111.50511337654216,1122.0511337654216,1.9630298331196174,TP,2022Q1,2022,6,2022-03-03 22:30:00+00:00,2022Q1,2022
1433,47476,2022-03-04 08:00:00+00:00,47482,2022-03-04 11:00:00+00:00,SELL,1935.44,1940.9800602421587,1940.9800602421587,1924.3598795156825,0.1,-56.100602421586885,-554.0060242158688,-1.0,SL,2022Q1,2022,6,2022-03-04 08:00:00+00:00,2022Q1,2022
1434,47516,2022-03-07 05:00:00+00:00,47526,2022-03-07 10:00:00+00:00,SELL,1986.94,1994.3903273329975,1994.3903273329975,1972.0393453340055,0.1,-75.20327332997404,-745.0327332997404,-1.0,SL,2022Q1,2022,10,2022-03-07 05:00:00+00:00,2022Q1,2022
1435,47532,2022-03-07 13:00:00+00:00,47532,2022-03-07 13:00:00+00:00,BUY,2002.45,1995.3673218866825,1995.3673218866825,2016.615356226635,0.1,-71.5267811331757,-708.267811331757,-1.0,SL,2022Q1,2022,0,2022-03-07 13:00:00+00:00,2022Q1,2022
1436,47540,2022-03-07 17:00:00+00:00,47569,2022-03-08 08:30:00+00:00,BUY,1984.67,2005.6214932611072,1974.1942533694464,2005.6214932611072,0.1,208.8149326110709,2095.149326110709,1.9800867584480168,TP,2022Q1,2022,29,2022-03-07 17:00:00+00:00,2022Q1,2022
1437,47577,2022-03-08 12:30:00+00:00,47580,2022-03-08 14:00:00+00:00,SELL,2003.71,2012.5546644237686,2012.5546644237686,1986.0206711524631,0.1,-89.14664423768563,-884.4664423768563,-1.0,SL,2022Q1,2022,3,2022-03-08 12:30:00+00:00,2022Q1,2022
1438,47586,2022-03-08 17:00:00+00:00,47586,2022-03-08 17:00:00+00:00,BUY,2040.02,2061.6558290065386,2029.2020854967307,2061.6558290065386,0.1,215.65829006538644,2163.5829006538643,1.9807125597893938,TP,2022Q1,2022,0,2022-03-08 17:00:00+00:00,2022Q1,2022
1439,47594,2022-03-08 21:00:00+00:00,47620,2022-03-09 11:00:00+00:00,BUY,2044.44,2026.2997654018443,2026.2997654018443,2080.7204691963116,0.1,-182.10234598155756,-1814.0234598155757,-1.0,SL,2022Q1,2022,26,2022-03-08 21:00:00+00:00,2022Q1,2022
1440,47649,2022-03-10 02:30:00+00:00,47668,2022-03-10 12:00:00+00:00,SELL,1985.62,1995.9805348677291,1995.9805348677291,1964.8989302645416,0.1,-104.30534867729257,-1036.0534867729257,-1.0,SL,2022Q1,2022,19,2022-03-10 02:30:00+00:00,2022Q1,2022
1441,47676,2022-03-10 16:00:00+00:00,47677,2022-03-10 16:30:00+00:00,SELL,1996.31,2006.5309167493556,2006.5309167493556,1975.8681665012887,0.1,-102.90916749355638,-1022.0916749355638,-1.0,SL,2022Q1,2022,1,2022-03-10 16:00:00+00:00,2022Q1,2022
1442,47724,2022-03-11 17:00:00+00:00,47760,2022-03-14 11:00:00+00:00,BUY,1975.35,1965.0441510565772,1965.0441510565772,1995.9616978868455,0.1,-103.75848943422689,-1030.5848943422689,-1.0,SL,2022Q1,2022,36,2022-03-11 17:00:00+00:00,2022Q1,2022
1443,47791,2022-03-15 03:30:00+00:00,47798,2022-03-15 07:00:00+00:00,SELL,1942.86,1930.179443291978,1949.2002783540108,1930.179443291978,0.1,126.10556708021868,1268.0556708021868,1.96724011214449,TP,2022Q1,2022,7,2022-03-15 03:30:00+00:00,2022Q1,2022
1444,47822,2022-03-15 19:00:00+00:00,47825,2022-03-15 20:30:00+00:00,BUY,1929.49,1920.5799051753588,1920.5799051753588,1947.3101896492826,0.1,-89.80094824641192,-891.0094824641192,-1.0,SL,2022Q1,2022,3,2022-03-15 19:00:00+00:00,2022Q1,2022
1445,47846,2022-03-16 08:00:00+00:00,47847,2022-03-16 08:30:00+00:00,BUY,1919.89,1915.044717994708,1915.044717994708,1929.5805640105843,0.1,-49.1528200529212,-484.528200529212,-1.0,SL,2022Q1,2022,1,2022-03-16 08:00:00+00:00,2022Q1,2022
1446,47854,2022-03-16 12:00:00+00:00,47858,2022-03-16 14:00:00+00:00,BUY,1921.95,1916.8340540006093,1916.8340540006093,1932.1818919987816,0.1,-51.859459993907606,-511.59459993907603,-1.0,SL,2022Q1,2022,4,2022-03-16 12:00:00+00:00,2022Q1,2022
1447,47893,2022-03-17 08:30:00+00:00,47896,2022-03-17 10:00:00+00:00,SELL,1932.47,1937.6871661125708,1937.6871661125708,1922.0356677748584,0.1,-52.871661125707945,-521.7166112570794,-1.0,SL,2022Q1,2022,3,2022-03-17 08:30:00+00:00,2022Q1,2022
1448,47913,2022-03-17 18:30:00+00:00,47933,2022-03-18 05:30:00+00:00,SELL,1943.4,1930.716640943743,1949.7416795281285,1930.716640943743,0.1,126.13359056257131,1268.3359056257132,1.967247271315029,TP,2022Q1,2022,20,2022-03-17 18:30:00+00:00,2022Q1,2022
1449,47964,2022-03-18 21:00:00+00:00,47999,2022-03-21 15:30:00+00:00,SELL,1923.64,1929.5549433641656,1929.5549433641656,1911.8101132716693,0.1,-59.84943364165538,-591.4943364165538,-1.0,SL,2022Q1,2022,35,2022-03-18 21:00:00+00:00,2022Q1,2022
1450,48024,2022-03-22 05:00:00+00:00,48034,2022-03-22 10:00:00+00:00,BUY,1935.9,1931.8341217076504,1931.8341217076504,1944.0317565846995,0.1,-41.358782923496804,-406.587829234968,-1.0,SL,2022Q1,2022,10,2022-03-22 05:00:00+00:00,2022Q1,2022
1451,48069,2022-03-23 04:30:00+00:00,48076,2022-03-23 08:00:00+00:00,BUY,1922.29,1918.2141962779274,1918.2141962779274,1930.4416074441453,0.1,-41.458037220725785,-407.5803722072578,-1.0,SL,2022Q1,2022,7,2022-03-23 04:30:00+00:00,2022Q1,2022
1452,48089,2022-03-23 14:30:00+00:00,48090,2022-03-23 15:00:00+00:00,SELL,1926.47,1930.7681822133115,1930.7681822133115,1917.8736355733768,0.1,-43.681822133115205,-429.818221331152,-1.0,SL,2022Q1,2022,1,2022-03-23 14:30:00+00:00,2022Q1,2022
1453,48091,2022-03-23 15:30:00+00:00,48095,2022-03-23 17:30:00+00:00,BUY,1931.57,1927.1611719691343,1927.1611719691343,1940.3876560617311,0.1,-44.78828030865607,-440.88280308656067,-1.0,SL,2022Q1,2022,4,2022-03-23 15:30:00+00:00,2022Q1,2022
1454,48113,2022-03-24 03:30:00+00:00,48133,2022-03-24 13:30:00+00:00,SELL,1943.77,1947.8733179883407,1947.8733179883407,1935.5633640233184,0.1,-41.73317988340678,-410.33179883406774,-1.0,SL,2022Q1,2022,20,2022-03-24 03:30:00+00:00,2022Q1,2022
1455,48166,2022-03-25 07:00:00+00:00,48177,2022-03-25 12:30:00+00:00,SELL,1959.98,1952.0251916673262,1963.957404166337,1952.0251916673262,0.1,78.84808332673792,795.4808332673792,1.9481148925657497,TP,2022Q1,2022,11,2022-03-25 07:00:00+00:00,2022Q1,2022
1456,48187,2022-03-25 17:30:00+00:00,48191,2022-03-25 19:30:00+00:00,BUY,1958.61,1952.7462188170744,1952.7462188170744,1970.3375623658508,0.1,-59.3378118292555,-586.378118292555,-1.0,SL,2022Q1,2022,4,2022-03-25 17:30:00+00:00,2022Q1,2022
1457,48198,2022-03-28 01:00:00+00:00,48204,2022-03-28 04:00:00+00:00,BUY,1958.33,1953.6060351942526,1953.6060351942526,1967.7779296114945,0.1,-47.93964805747301,-472.39648057473005,-1.0,SL,2022Q1,2022,6,2022-03-28 01:00:00+00:00,2022Q1,2022
1458,48219,2022-03-28 11:30:00+00:00,48226,2022-03-28 15:00:00+00:00,SELL,1930.38,1935.5003651448196,1935.5003651448196,1920.1392697103613,0.1,-51.90365144819516,-512.0365144819516,-1.0,SL,2022Q1,2022,7,2022-03-28 11:30:00+00:00,2022Q1,2022
1459,48227,2022-03-28 15:30:00+00:00,48228,2022-03-28 16:00:00+00:00,BUY,1941.62,1935.0378085370508,1935.0378085370508,1954.7843829258982,0.1,-66.5219146294914,-658.219146294914,-1.0,SL,2022Q1,2022,1,2022-03-28 15:30:00+00:00,2022Q1,2022
1460,48280,2022-03-29 19:00:00+00:00,48318,2022-03-30 15:00:00+00:00,BUY,1915.53,1930.7597742845398,1907.91511285773,1930.7597742845398,0.1,151.59774284539873,1522.9774284539872,1.9726736390382473,TP,2022Q1,2022,38,2022-03-29 19:00:00+00:00,2022Q1,2022
1461,48324,2022-03-30 18:00:00+00:00,48329,2022-03-30 20:30:00+00:00,BUY,1937.43,1931.5480987072858,1931.5480987072858,1949.1938025854286,0.1,-59.51901292714247,-588.1901292714247,-1.0,SL,2022Q1,2022,5,2022-03-30 18:00:00+00:00,2022Q1,2022
1462,48361,2022-03-31 13:30:00+00:00,48366,2022-03-31 16:00:00+00:00,BUY,1927.57,1936.9492786779485,1922.8803606610256,1936.9492786779485,0.1,93.09278677948605,937.9278677948605,1.955879009932451,TP,2022Q1,2022,5,2022-03-31 13:30:00+00:00,2022Q1,2022
1463,48371,2022-03-31 18:30:00+00:00,48379,2022-03-31 22:30:00+00:00,BUY,1943.62,1938.3563498874305,1938.3563498874305,1954.1473002251387,0.1,-53.33650112569394,-526.3650112569394,-1.0,SL,2022Q1,2022,8,2022-03-31 18:30:00+00:00,2022Q1,2022
1464,48394,2022-04-01 07:00:00+00:00,48399,2022-04-01 09:30:00+00:00,BUY,1938.3,1934.4754107229144,1934.4754107229144,1945.949178554171,0.1,-38.94589277085579,-382.4589277085579,-1.0,SL,2022Q2,2022,5,2022-04-01 07:00:00+00:00,2022Q2,2022
1465,48405,2022-04-01 12:30:00+00:00,48407,2022-04-01 13:30:00+00:00,BUY,1935.24,1931.3564511511545,1931.3564511511545,1943.007097697691,0.1,-39.535488488455215,-388.3548848845521,-1.0,SL,2022Q2,2022,2,2022-04-01 12:30:00+00:00,2022Q2,2022
1466,48518,2022-04-05 23:00:00+00:00,48541,2022-04-06 11:30:00+00:00,SELL,1920.2,1925.8607538832766,1925.8607538832766,1908.8784922334469,0.1,-57.30753883276584,-566.0753883276584,-1.0,SL,2022Q2,2022,23,2022-04-05 23:00:00+00:00,2022Q2,2022
1467,48549,2022-04-06 15:30:00+00:00,48558,2022-04-06 20:00:00+00:00,BUY,1925.47,1920.2309149089042,1920.2309149089042,1935.948170182192,0.1,-53.09085091095831,-523.9085091095831,-1.0,SL,2022Q2,2022,9,2022-04-06 15:30:00+00:00,2022Q2,2022
1468,48575,2022-04-07 05:30:00+00:00,48583,2022-04-07 09:30:00+00:00,SELL,1921.57,1925.932362145464,1925.932362145464,1912.8452757090718,0.1,-44.32362145463976,-436.2362145463976,-1.0,SL,2022Q2,2022,8,2022-04-07 05:30:00+00:00,2022Q2,2022
1469,48641,2022-04-08 15:30:00+00:00,48641,2022-04-08 15:30:00+00:00,BUY,1935.58,1932.1381542773663,1932.1381542773663,1942.4636914452672,0.1,-35.11845722633616,-344.1845722633616,-1.0,SL,2022Q2,2022,0,2022-04-08 15:30:00+00:00,2022Q2,2022
1470,48661,2022-04-11 02:30:00+00:00,48678,2022-04-11 11:00:00+00:00,SELL,1944.85,1948.8048926194772,1948.8048926194772,1936.9402147610451,0.1,-40.24892619477278,-395.48926194772775,-1.0,SL,2022Q2,2022,17,2022-04-11 02:30:00+00:00,2022Q2,2022
1471,48683,2022-04-11 13:30:00+00:00,48685,2022-04-11 14:30:00+00:00,SELL,1954.4,1959.0026960301811,1959.0026960301811,1945.1946079396382,0.1,-46.72696030181051,-460.26960301810504,-1.0,SL,2022Q2,2022,2,2022-04-11 13:30:00+00:00,2022Q2,2022
1472,48716,2022-04-12 07:00:00+00:00,48722,2022-04-12 10:00:00+00:00,BUY,1959.24,1955.399200048717,1955.399200048717,1966.9215999025664,0.1,-39.10799951283089,-384.07999512830884,-1.0,SL,2022Q2,2022,6,2022-04-12 07:00:00+00:00,2022Q2,2022
1473,48738,2022-04-12 18:00:00+00:00,48744,2022-04-12 21:00:00+00:00,BUY,1975.79,1968.7206885408134,1968.7206885408134,1989.928622918373,0.1,-71.39311459186565,-706.9311459186565,-1.0,SL,2022Q2,2022,6,2022-04-12 18:00:00+00:00,2022Q2,2022
1474,48753,2022-04-13 02:30:00+00:00,48758,2022-04-13 05:00:00+00:00,SELL,1965.27,1970.3502031980697,1970.3502031980697,1955.1095936038607,0.1,-51.502031980697396,-508.02031980697393,-1.0,SL,2022Q2,2022,5,2022-04-13 02:30:00+00:00,2022Q2,2022
1475,48786,2022-04-13 19:00:00+00:00,48792,2022-04-13 22:00:00+00:00,BUY,1981.1,1975.556272588915,1975.556272588915,1992.1874548221697,0.1,-56.137274110850015,-554.3727411085001,-1.0,SL,2022Q2,2022,6,2022-04-13 19:00:00+00:00,2022Q2,2022
1476,48818,2022-04-14 12:00:00+00:00,48821,2022-04-14 13:30:00+00:00,SELL,1971.27,1975.1222522615342,1975.1222522615342,1963.5654954769313,0.1,-39.222522615342044,-385.2252261534204,-1.0,SL,2022Q2,2022,3,2022-04-14 12:00:00+00:00,2022Q2,2022
1477,48822,2022-04-14 14:00:00+00:00,48825,2022-04-14 15:30:00+00:00,BUY,1974.41,1970.1288319491441,1970.1288319491441,1982.972336101712,0.1,-43.51168050855968,-428.11680508559675,-1.0,SL,2022Q2,2022,3,2022-04-14 14:00:00+00:00,2022Q2,2022
1478,48852,2022-04-18 06:00:00+00:00,48857,2022-04-18 08:30:00+00:00,SELL,1982.7,1987.540570192927,1987.540570192927,1973.0188596141463,0.1,-49.10570192926862,-484.05701929268616,-1.0,SL,2022Q2,2022,5,2022-04-18 06:00:00+00:00,2022Q2,2022
1479,48865,2022-04-18 12:30:00+00:00,48866,2022-04-18 13:00:00+00:00,BUY,1993.64,1989.623637698455,1989.623637698455,2001.6727246030903,0.1,-40.86362301545087,-401.63623015450867,-1.0,SL,2022Q2,2022,1,2022-04-18 12:30:00+00:00,2022Q2,2022
1480,48896,2022-04-19 05:00:00+00:00,48901,2022-04-19 07:30:00+00:00,BUY,1978.38,1974.7224161055049,1974.7224161055049,1985.6951677889904,0.1,-37.27583894495247,-365.75838944952466,-1.0,SL,2022Q2,2022,5,2022-04-19 05:00:00+00:00,2022Q2,2022
1481,48931,2022-04-19 22:30:00+00:00,48934,2022-04-20 01:00:00+00:00,SELL,1945.28,1951.0198670102184,1951.0198670102184,1933.8002659795634,0.1,-58.098670102184045,-573.9867010218404,-1.0,SL,2022Q2,2022,3,2022-04-19 22:30:00+00:00,2022Q2,2022
1482,49001,2022-04-21 11:30:00+00:00,49007,2022-04-21 14:30:00+00:00,SELL,1945.64,1938.8887161784128,1949.0156419107939,1938.8887161784128,0.1,66.81283821587321,675.1283821587322,1.9390534462265552,TP,2022Q2,2022,6,2022-04-21 11:30:00+00:00,2022Q2,2022
1483,49010,2022-04-21 16:00:00+00:00,49012,2022-04-21 17:00:00+00:00,BUY,1947.92,1943.0665652542784,1943.0665652542784,1957.6268694914434,0.1,-49.23434745721643,-485.34347457216427,-1.0,SL,2022Q2,2022,2,2022-04-21 16:00:00+00:00,2022Q2,2022
1484,49016,2022-04-21 19:00:00+00:00,49018,2022-04-21 20:00:00+00:00,SELL,1939.98,1945.333232582866,1945.333232582866,1929.273534834268,0.1,-54.23232582865985,-535.3232582865985,-1.0,SL,2022Q2,2022,2,2022-04-21 19:00:00+00:00,2022Q2,2022
1485,49051,2022-04-22 13:30:00+00:00,49052,2022-04-22 14:00:00+00:00,SELL,1932.49,1937.3813210627563,1937.3813210627563,1922.7073578744873,0.1,-49.61321062756333,-489.1321062756333,-1.0,SL,2022Q2,2022,1,2022-04-22 13:30:00+00:00,2022Q2,2022
1486,49086,2022-04-25 08:00:00+00:00,49090,2022-04-25 10:00:00+00:00,SELL,1916.21,1921.1095846577882,1921.1095846577882,1906.410830684424,0.1,-49.695846577881824,-489.9584657788182,-1.0,SL,2022Q2,2022,4,2022-04-25 08:00:00+00:00,2022Q2,2022
1487,49101,2022-04-25 15:30:00+00:00,49102,2022-04-25 16:00:00+00:00,SELL,1896.72,1903.5621930879315,1903.5621930879315,1883.0356138241368,0.1,-69.12193087931492,-684.2193087931491,-1.0,SL,2022Q2,2022,1,2022-04-25 15:30:00+00:00,2022Q2,2022
1488,49125,2022-04-26 04:30:00+00:00,49127,2022-04-26 05:30:00+00:00,SELL,1898.51,1903.4176375556747,1903.4176375556747,1888.6947248886504,0.1,-49.77637555674683,-490.76375556746825,-1.0,SL,2022Q2,2022,2,2022-04-26 04:30:00+00:00,2022Q2,2022
1489,49128,2022-04-26 06:00:00+00:00,49136,2022-04-26 10:00:00+00:00,BUY,1903.62,1898.877933779221,1898.877933779221,1913.1041324415578,0.1,-48.12066220778952,-474.2066220778952,-1.0,SL,2022Q2,2022,8,2022-04-26 06:00:00+00:00,2022Q2,2022
1490,49238,2022-04-28 15:00:00+00:00,49239,2022-04-28 15:30:00+00:00,SELL,1886.15,1891.296634764399,1891.296634764399,1875.8567304712024,0.1,-52.166347643988686,-514.6634764398868,-1.0,SL,2022Q2,2022,1,2022-04-28 15:00:00+00:00,2022Q2,2022
1491,49281,2022-04-29 13:30:00+00:00,49284,2022-04-29 15:00:00+00:00,BUY,1917.93,1913.6329083346325,1913.6329083346325,1926.5241833307352,0.1,-43.67091665367589,-429.70916653675886,-1.0,SL,2022Q2,2022,3,2022-04-29 13:30:00+00:00,2022Q2,2022
1492,49295,2022-04-29 20:30:00+00:00,49298,2022-04-29 22:00:00+00:00,BUY,1910.35,1904.4954753724926,1904.4954753724926,1922.0590492550143,0.1,-59.24524627507317,-585.4524627507317,-1.0,SL,2022Q2,2022,3,2022-04-29 20:30:00+00:00,2022Q2,2022
1493,49315,2022-05-02 07:30:00+00:00,49330,2022-05-02 15:00:00+00:00,SELL,1885.43,1875.7613723944864,1890.2643138027568,1875.7613723944864,0.1,95.9862760551362,966.862760551362,1.9571805540090577,TP,2022Q2,2022,15,2022-05-02 07:30:00+00:00,2022Q2,2022
1494,49344,2022-05-02 22:00:00+00:00,49352,2022-05-03 03:00:00+00:00,SELL,1860.0,1865.9311580524493,1865.9311580524493,1848.1376838951014,0.1,-60.01158052449291,-593.1158052449291,-1.0,SL,2022Q2,2022,8,2022-05-02 22:00:00+00:00,2022Q2,2022
1495,49353,2022-05-03 03:30:00+00:00,49355,2022-05-03 04:30:00+00:00,BUY,1864.88,1860.7664525537791,1860.7664525537791,1873.107094892442,0.1,-41.835474462209916,-411.35474462209913,-1.0,SL,2022Q2,2022,2,2022-05-03 03:30:00+00:00,2022Q2,2022
1496,49358,2022-05-03 06:00:00+00:00,49361,2022-05-03 07:30:00+00:00,BUY,1865.49,1861.2669191976377,1861.2669191976377,1873.9361616047247,0.1,-42.93080802362347,-422.3080802362347,-1.0,SL,2022Q2,2022,3,2022-05-03 06:00:00+00:00,2022Q2,2022
1497,49389,2022-05-03 21:30:00+00:00,49434,2022-05-04 21:00:00+00:00,SELL,1867.73,1873.4039832569142,1873.4039832569142,1856.3820334861714,0.1,-57.439832569141984,-567.3983256914198,-1.0,SL,2022Q2,2022,45,2022-05-03 21:30:00+00:00,2022Q2,2022
1498,49443,2022-05-05 02:30:00+00:00,49446,2022-05-05 04:00:00+00:00,BUY,1887.35,1900.406130504691,1880.8219347476545,1900.406130504691,0.1,129.86130504691056,1305.6130504691055,1.9681724881509586,TP,2022Q2,2022,3,2022-05-05 02:30:00+00:00,2022Q2,2022
1499,49461,2022-05-05 11:30:00+00:00,49462,2022-05-05 12:00:00+00:00,SELL,1890.49,1895.5651090913136,1895.5651090913136,1880.3397818173726,0.1,-51.45109091313607,-507.5109091313607,-1.0,SL,2022Q2,2022,1,2022-05-05 11:30:00+00:00,2022Q2,2022
1500,49469,2022-05-05 15:30:00+00:00,49471,2022-05-05 16:30:00+00:00,BUY,1901.15,1896.1711757668209,1896.1711757668209,1911.1076484663586,0.1,-50.48824233179239,-497.8824233179239,-1.0,SL,2022Q2,2022,2,2022-05-05 15:30:00+00:00,2022Q2,2022
1501,49490,2022-05-06 03:00:00+00:00,49507,2022-05-06 11:30:00+00:00,SELL,1874.13,1879.0815021366134,1879.0815021366134,1864.2269957267733,0.1,-50.21502136613272,-495.15021366132714,-1.0,SL,2022Q2,2022,17,2022-05-06 03:00:00+00:00,2022Q2,2022
1502,49557,2022-05-09 13:30:00+00:00,49560,2022-05-09 15:00:00+00:00,SELL,1858.98,1864.0145893138347,1864.0145893138347,1848.9108213723307,0.1,-51.045893138346585,-503.4589313834658,-1.0,SL,2022Q2,2022,3,2022-05-09 13:30:00+00:00,2022Q2,2022
1503,49574,2022-05-09 22:00:00+00:00,49586,2022-05-10 05:00:00+00:00,SELL,1853.61,1859.7040410356142,1859.7040410356142,1841.4219179287716,0.1,-61.64041035614282,-609.4041035614282,-1.0,SL,2022Q2,2022,12,2022-05-09 22:00:00+00:00,2022Q2,2022
1504,49587,2022-05-10 05:30:00+00:00,49609,2022-05-10 16:30:00+00:00,BUY,1859.74,1855.3842342762146,1855.3842342762146,1868.451531447571,0.1,-44.25765723785453,-435.5765723785453,-1.0,SL,2022Q2,2022,22,2022-05-10 05:30:00+00:00,2022Q2,2022
1505,49612,2022-05-10 18:00:00+00:00,49621,2022-05-10 22:30:00+00:00,SELL,1849.8,1838.196599574703,1855.6017002126484,1838.196599574703,0.1,115.33400425296968,1160.3400425296968,1.9642352312967835,TP,2022Q2,2022,9,2022-05-10 18:00:00+00:00,2022Q2,2022
1506,49622,2022-05-10 23:00:00+00:00,49640,2022-05-11 09:00:00+00:00,SELL,1836.76,1842.645745611229,1842.645745611229,1824.9885087775424,0.1,-59.55745611228913,-588.5745611228913,-1.0,SL,2022Q2,2022,18,2022-05-10 23:00:00+00:00,2022Q2,2022
1507,49684,2022-05-12 08:00:00+00:00,49697,2022-05-12 14:30:00+00:00,SELL,1851.09,1843.2394403545907,1855.0152798227045,1843.2394403545907,0.1,77.80559645409248,785.0559645409248,1.9474379744801353,TP,2022Q2,2022,13,2022-05-12 08:00:00+00:00,2022Q2,2022
1508,49749,2022-05-13 17:30:00+00:00,49751,2022-05-13 18:30:00+00:00,BUY,1816.37,1809.7462113536617,1809.7462113536617,1829.6175772926763,0.1,-66.93788646338199,-662.3788646338198,-1.0,SL,2022Q2,2022,2,2022-05-13 17:30:00+00:00,2022Q2,2022
1509,49785,2022-05-16 12:30:00+00:00,49785,2022-05-16 12:30:00+00:00,BUY,1806.21,1799.9730572605404,1799.9730572605404,1818.6838854789196,0.1,-63.069427394596644,-623.6942739459664,-1.0,SL,2022Q2,2022,0,2022-05-16 12:30:00+00:00,2022Q2,2022
1510,49804,2022-05-16 22:00:00+00:00,49835,2022-05-17 14:30:00+00:00,BUY,1822.67,1834.7091248206925,1816.6504375896538,1834.7091248206925,0.1,119.6912482069245,1203.912482069245,1.965514763483956,TP,2022Q2,2022,31,2022-05-16 22:00:00+00:00,2022Q2,2022
1511,49865,2022-05-18 06:30:00+00:00,49870,2022-05-18 09:00:00+00:00,SELL,1808.28,1812.3069972488722,1812.3069972488722,1800.2260055022555,0.1,-40.96997248872249,-402.6997248872249,-1.0,SL,2022Q2,2022,5,2022-05-18 06:30:00+00:00,2022Q2,2022
1512,49878,2022-05-18 13:00:00+00:00,49879,2022-05-18 13:30:00+00:00,BUY,1819.63,1815.8441661825652,1815.8441661825652,1827.2016676348699,0.1,-38.558338174348776,-378.58338174348773,-1.0,SL,2022Q2,2022,1,2022-05-18 13:00:00+00:00,2022Q2,2022
1513,49893,2022-05-18 20:30:00+00:00,49921,2022-05-19 11:30:00+00:00,SELL,1817.64,1822.7056602787413,1822.7056602787413,1807.5086794425179,0.1,-51.35660278741234,-506.5660278741234,-1.0,SL,2022Q2,2022,28,2022-05-18 20:30:00+00:00,2022Q2,2022
1514,49985,2022-05-20 20:30:00+00:00,49997,2022-05-23 03:30:00+00:00,BUY,1844.22,1853.5762136419967,1839.5418931790018,1853.5762136419967,0.1,92.86213641996646,935.6213641996646,1.9557718459342446,TP,2022Q2,2022,12,2022-05-20 20:30:00+00:00,2022Q2,2022
1515,50057,2022-05-24 10:30:00+00:00,50069,2022-05-24 16:30:00+00:00,BUY,1857.12,1863.5259345806726,1853.9170327096635,1863.5259345806726,0.1,63.35934580672692,640.5934580672692,1.9358380388890413,TP,2022Q2,2022,12,2022-05-24 10:30:00+00:00,2022Q2,2022
1516,50120,2022-05-25 19:00:00+00:00,50124,2022-05-25 21:00:00+00:00,SELL,1845.75,1850.5061750332543,1850.5061750332543,1836.2376499334916,0.1,-48.261750332542945,-475.6175033254294,-1.0,SL,2022Q2,2022,4,2022-05-25 19:00:00+00:00,2022Q2,2022
1517,50143,2022-05-26 07:30:00+00:00,50156,2022-05-26 14:00:00+00:00,SELL,1848.22,1841.8407134302574,1851.4096432848712,1841.8407134302574,0.1,63.09286569742589,637.928656974259,1.935575772669839,TP,2022Q2,2022,13,2022-05-26 07:30:00+00:00,2022Q2,2022
1518,50175,2022-05-26 23:30:00+00:00,50183,2022-05-27 04:30:00+00:00,SELL,1850.9,1854.4293835985509,1854.4293835985509,1843.8412328028983,0.1,-35.99383598550794,-352.9383598550794,-1.0,SL,2022Q2,2022,8,2022-05-26 23:30:00+00:00,2022Q2,2022
1519,50195,2022-05-27 10:30:00+00:00,50205,2022-05-27 15:30:00+00:00,BUY,1857.2,1853.8753879061815,1853.8753879061815,1863.8492241876372,0.1,-33.94612093818587,-332.4612093818587,-1.0,SL,2022Q2,2022,10,2022-05-27 10:30:00+00:00,2022Q2,2022
1520,50222,2022-05-30 01:00:00+00:00,50229,2022-05-30 04:30:00+00:00,SELL,1852.46,1855.5496520710362,1855.5496520710362,1846.2806958579276,0.1,-31.596520710361983,-308.96520710361983,-1.0,SL,2022Q2,2022,7,2022-05-30 01:00:00+00:00,2022Q2,2022
1521,50234,2022-05-30 07:00:00+00:00,50242,2022-05-30 11:00:00+00:00,BUY,1860.8,1857.4240696611996,1857.4240696611996,1867.5518606776006,0.1,-34.45930338800345,-337.59303388003445,-1.0,SL,2022Q2,2022,8,2022-05-30 07:00:00+00:00,2022Q2,2022
1522,50258,2022-05-30 19:00:00+00:00,50267,2022-05-31 03:00:00+00:00,SELL,1855.62,1848.8697021833584,1858.9951489083207,1848.8697021833584,0.1,66.80297816641477,675.0297816641478,1.9390447247452705,TP,2022Q2,2022,9,2022-05-30 19:00:00+00:00,2022Q2,2022
1523,50268,2022-05-31 03:30:00+00:00,50272,2022-05-31 05:30:00+00:00,SELL,1848.27,1851.2032002903868,1851.2032002903868,1842.403599419226,0.1,-30.032002903868214,-293.32002903868215,-1.0,SL,2022Q2,2022,4,2022-05-31 03:30:00+00:00,2022Q2,2022
1524,50338,2022-06-01 15:30:00+00:00,50338,2022-06-01 15:30:00+00:00,BUY,1833.77,1842.0825784314236,1829.6137107842883,1842.0825784314236,0.1,82.42578431423617,831.2578431423617,1.9503110200742828,TP,2022Q2,2022,0,2022-06-01 15:30:00+00:00,2022Q2,2022
1525,50397,2022-06-02 22:00:00+00:00,50418,2022-06-03 09:30:00+00:00,BUY,1869.55,1865.878363577945,1865.878363577945,1876.8932728441098,0.1,-37.41636422054917,-367.16364220549167,-1.0,SL,2022Q2,2022,21,2022-06-02 22:00:00+00:00,2022Q2,2022
1526,50440,2022-06-03 20:30:00+00:00,50447,2022-06-06 01:00:00+00:00,SELL,1847.43,1851.8017366392553,1851.8017366392553,1838.6865267214898,0.1,-44.417366392552324,-437.1736639255232,-1.0,SL,2022Q2,2022,7,2022-06-03 20:30:00+00:00,2022Q2,2022
1527,50457,2022-06-06 06:00:00+00:00,50466,2022-06-06 10:30:00+00:00,BUY,1854.75,1851.9737338332122,1851.9737338332122,1860.3025323335755,0.1,-28.462661667877637,-277.6266166787764,-1.0,SL,2022Q2,2022,9,2022-06-06 06:00:00+00:00,2022Q2,2022
1528,50471,2022-06-06 13:00:00+00:00,50476,2022-06-06 15:30:00+00:00,BUY,1854.14,1851.466699733318,1851.466699733318,1859.4866005333645,0.1,-27.433002666821903,-267.33002666821903,-1.0,SL,2022Q2,2022,5,2022-06-06 13:00:00+00:00,2022Q2,2022
1529,50479,2022-06-06 17:00:00+00:00,50481,2022-06-06 18:00:00+00:00,SELL,1850.35,1843.5519303248711,1853.7490348375643,1843.5519303248711,0.1,67.28069675128772,679.8069675128772,1.9394644303579718,TP,2022Q2,2022,2,2022-06-06 17:00:00+00:00,2022Q2,2022
1530,50555,2022-06-08 09:00:00+00:00,50557,2022-06-08 10:00:00+00:00,BUY,1849.7,1847.0262772635715,1847.0262772635715,1855.047445472857,0.1,-27.437227364285445,-267.37227364285445,-1.0,SL,2022Q2,2022,2,2022-06-08 09:00:00+00:00,2022Q2,2022
1531,50650,2022-06-10 10:30:00+00:00,50650,2022-06-10 10:30:00+00:00,BUY,1847.16,1844.553355555263,1844.553355555263,1852.3732888894745,0.1,-26.76644444737185,-260.6644444737185,-1.0,SL,2022Q2,2022,0,2022-06-10 10:30:00+00:00,2022Q2,2022
1532,50658,2022-06-10 14:30:00+00:00,50658,2022-06-10 14:30:00+00:00,SELL,1840.72,1835.1282774468737,1843.515861276563,1835.1282774468737,0.1,55.217225531263736,559.1722553126374,1.926723599039093,TP,2022Q2,2022,0,2022-06-10 14:30:00+00:00,2022Q2,2022
1533,50678,2022-06-13 01:30:00+00:00,50683,2022-06-13 04:00:00+00:00,BUY,1876.83,1870.6362122626997,1870.6362122626997,1889.2175754746002,0.1,-62.63787737300227,-619.3787737300227,-1.0,SL,2022Q2,2022,5,2022-06-13 01:30:00+00:00,2022Q2,2022
1534,50745,2022-06-14 12:00:00+00:00,50750,2022-06-14 14:30:00+00:00,SELL,1825.74,1816.87325175826,1830.17337412087,1816.87325175826,0.1,87.9674824173997,886.674824173997,1.9533682979997602,TP,2022Q2,2022,5,2022-06-14 12:00:00+00:00,2022Q2,2022
1535,50755,2022-06-14 17:00:00+00:00,50765,2022-06-14 22:00:00+00:00,SELL,1815.96,1805.6214861482351,1821.1292569258826,1805.6214861482351,0.1,102.68513851764901,1033.85138517649,1.9599179801695155,TP,2022Q2,2022,10,2022-06-14 17:00:00+00:00,2022Q2,2022
1536,50776,2022-06-15 04:30:00+00:00,50786,2022-06-15 09:30:00+00:00,BUY,1815.0,1822.502003876722,1811.248998061639,1822.502003876722,0.1,74.32003876722028,750.2003876722029,1.9450405931774852,TP,2022Q2,2022,10,2022-06-15 04:30:00+00:00,2022Q2,2022
1537,50866,2022-06-17 03:30:00+00:00,50890,2022-06-17 15:30:00+00:00,SELL,1847.86,1852.8240732478578,1852.8240732478578,1837.931853504284,0.1,-50.34073247857869,-496.40732478578684,-1.0,SL,2022Q2,2022,24,2022-06-17 03:30:00+00:00,2022Q2,2022
1538,50932,2022-06-20 13:30:00+00:00,50937,2022-06-20 16:00:00+00:00,SELL,1838.65,1842.5110725095926,1842.5110725095926,1830.927854980815,0.1,-39.31072509592532,-386.1072509592532,-1.0,SL,2022Q2,2022,5,2022-06-20 13:30:00+00:00,2022Q2,2022
1539,50940,2022-06-20 17:30:00+00:00,50952,2022-06-21 03:00:00+00:00,SELL,1837.08,1840.6884442981502,1840.6884442981502,1829.8631114036996,0.1,-36.78444298150289,-360.8444298150289,-1.0,SL,2022Q2,2022,12,2022-06-20 17:30:00+00:00,2022Q2,2022
1540,51034,2022-06-22 21:00:00+00:00,51045,2022-06-23 03:30:00+00:00,BUY,1840.77,1835.2536768253563,1835.2536768253563,1851.8026463492872,0.1,-55.86323174643731,-551.632317464373,-1.0,SL,2022Q2,2022,11,2022-06-22 21:00:00+00:00,2022Q2,2022
1541,51062,2022-06-23 12:00:00+00:00,51066,2022-06-23 14:00:00+00:00,SELL,1832.97,1826.0062853207787,1836.4518573396108,1826.0062853207787,0.1,68.93714679221311,696.3714679221312,1.9408760037577295,TP,2022Q2,2022,4,2022-06-23 12:00:00+00:00,2022Q2,2022
1542,51067,2022-06-23 14:30:00+00:00,51068,2022-06-23 15:00:00+00:00,SELL,1826.31,1829.8449227297333,1829.8449227297333,1819.2401545405332,0.1,-36.04922729733353,-353.4922729733353,-1.0,SL,2022Q2,2022,1,2022-06-23 14:30:00+00:00,2022Q2,2022
1543,51075,2022-06-23 18:30:00+00:00,51079,2022-06-23 20:30:00+00:00,SELL,1836.45,1826.659678227222,1841.345160886389,1826.659678227222,0.1,97.20321772778043,979.0321772778043,1.9577052980144767,TP,2022Q2,2022,4,2022-06-23 18:30:00+00:00,2022Q2,2022
1544,51121,2022-06-24 18:30:00+00:00,51129,2022-06-24 22:30:00+00:00,BUY,1830.61,1825.5855557571604,1825.5855557571604,1840.6588884856792,0.1,-50.94444242839536,-502.4444242839536,-1.0,SL,2022Q2,2022,8,2022-06-24 18:30:00+00:00,2022Q2,2022
1545,51227,2022-06-29 02:30:00+00:00,51231,2022-06-29 04:30:00+00:00,SELL,1818.66,1821.3859726809205,1821.3859726809205,1813.2080546381592,0.1,-27.959726809204493,-272.59726809204494,-1.0,SL,2022Q2,2022,4,2022-06-29 02:30:00+00:00,2022Q2,2022
1546,51256,2022-06-29 17:00:00+00:00,51278,2022-06-30 05:00:00+00:00,SELL,1816.71,1821.7187472316512,1821.7187472316512,1806.6925055366978,0.1,-50.78747231651114,-500.8747231651114,-1.0,SL,2022Q2,2022,22,2022-06-29 17:00:00+00:00,2022Q2,2022
1547,51290,2022-06-30 11:00:00+00:00,51296,2022-06-30 14:00:00+00:00,SELL,1814.94,1809.5868810037416,1817.6165594981292,1809.5868810037416,0.1,52.831189962584446,535.3118996258445,1.9235407060568614,TP,2022Q2,2022,6,2022-06-30 11:00:00+00:00,2022Q2,2022
1548,51300,2022-06-30 16:00:00+00:00,51300,2022-06-30 16:00:00+00:00,BUY,1822.77,1817.3686696439981,1817.3686696439981,1833.5726607120034,0.1,-54.71330356001836,-540.1330356001836,-1.0,SL,2022Q2,2022,0,2022-06-30 16:00:00+00:00,2022Q2,2022
1549,51303,2022-06-30 17:30:00+00:00,51331,2022-07-01 08:30:00+00:00,SELL,1812.4,1799.9032268278895,1818.6483865860555,1799.9032268278895,0.1,124.26773172110579,1249.677317211058,1.9667636670944295,TP,2022Q2,2022,28,2022-06-30 17:30:00+00:00,2022Q2,2022
1550,51341,2022-07-01 13:30:00+00:00,51346,2022-07-01 16:00:00+00:00,SELL,1791.57,1795.5345732820922,1795.5345732820922,1783.6408534358154,0.1,-40.345732820922606,-396.45732820922603,-1.0,SL,2022Q3,2022,5,2022-07-01 13:30:00+00:00,2022Q3,2022
1551,51351,2022-07-01 18:30:00+00:00,51353,2022-07-01 19:30:00+00:00,BUY,1807.2,1800.7425113573952,1800.7425113573952,1820.1149772852098,0.1,-65.27488642604858,-645.7488642604858,-1.0,SL,2022Q3,2022,2,2022-07-01 18:30:00+00:00,2022Q3,2022
1552,51362,2022-07-04 01:00:00+00:00,51368,2022-07-04 04:00:00+00:00,BUY,1812.18,1806.9619832103797,1806.9619832103797,1822.616033579241,0.1,-52.88016789620379,-521.8016789620378,-1.0,SL,2022Q3,2022,6,2022-07-04 01:00:00+00:00,2022Q3,2022
1553,51386,2022-07-04 13:00:00+00:00,51390,2022-07-04 15:00:00+00:00,SELL,1805.7,1809.0900436116274,1809.0900436116274,1798.9199127767452,0.1,-34.60043611627334,-339.0043611627334,-1.0,SL,2022Q3,2022,4,2022-07-04 13:00:00+00:00,2022Q3,2022
1554,51391,2022-07-04 15:30:00+00:00,51423,2022-07-05 11:00:00+00:00,BUY,1808.43,1804.9224962902513,1804.9224962902513,1815.4450074194979,0.1,-35.775037097487896,-350.75037097487893,-1.0,SL,2022Q3,2022,32,2022-07-04 15:30:00+00:00,2022Q3,2022
1555,51424,2022-07-05 11:30:00+00:00,51425,2022-07-05 12:00:00+00:00,SELL,1802.62,1805.3791211813887,1805.3791211813887,1797.1017576372221,0.1,-28.29121181388764,-275.9121181388764,-1.0,SL,2022Q3,2022,1,2022-07-05 11:30:00+00:00,2022Q3,2022
1556,51465,2022-07-06 09:00:00+00:00,51465,2022-07-06 09:00:00+00:00,SELL,1763.27,1766.9784718054175,1766.9784718054175,1755.8530563891647,0.1,-37.78471805417503,-370.8471805417503,-1.0,SL,2022Q3,2022,0,2022-07-06 09:00:00+00:00,2022Q3,2022
1557,51505,2022-07-07 06:00:00+00:00,51524,2022-07-07 15:30:00+00:00,BUY,1744.15,1739.7055593704508,1739.7055593704508,1753.0388812590986,0.1,-45.14440629549263,-444.44406295492627,-1.0,SL,2022Q3,2022,19,2022-07-07 06:00:00+00:00,2022Q3,2022
1558,51552,2022-07-08 06:30:00+00:00,51560,2022-07-08 10:30:00+00:00,SELL,1741.8,1736.1617263060953,1744.6191368469522,1736.1617263060953,0.1,55.68273693904693,563.8273693904694,1.9273139310720768,TP,2022Q3,2022,8,2022-07-08 06:30:00+00:00,2022Q3,2022
1559,51566,2022-07-08 13:30:00+00:00,51570,2022-07-08 15:30:00+00:00,BUY,1740.53,1736.3598004947194,1736.3598004947194,1748.870399010561,0.1,-42.40199505280607,-417.0199505280607,-1.0,SL,2022Q3,2022,4,2022-07-08 13:30:00+00:00,2022Q3,2022
1560,51603,2022-07-11 09:00:00+00:00,51614,2022-07-11 14:30:00+00:00,SELL,1740.22,1734.0620155061458,1743.2989922469271,1734.0620155061458,0.1,60.87984493854201,615.7984493854201,1.9333119984004643,TP,2022Q3,2022,11,2022-07-11 09:00:00+00:00,2022Q3,2022
1561,51619,2022-07-11 17:00:00+00:00,51619,2022-07-11 17:00:00+00:00,BUY,1741.48,1737.8459676190773,1737.8459676190773,1748.7480647618452,0.1,-37.040323809226905,-363.403238092269,-1.0,SL,2022Q3,2022,0,2022-07-11 17:00:00+00:00,2022Q3,2022
1562,51624,2022-07-11 19:30:00+00:00,51639,2022-07-12 04:00:00+00:00,SELL,1735.51,1727.5083334796889,1739.5108332601556,1727.5083334796889,0.1,79.31666520311119,800.1666520311119,1.9484135098198603,TP,2022Q3,2022,15,2022-07-11 19:30:00+00:00,2022Q3,2022
1563,51713,2022-07-13 18:00:00+00:00,51719,2022-07-13 21:00:00+00:00,BUY,1742.43,1735.015065962459,1735.015065962459,1757.2598680750823,0.1,-74.84934037541116,-741.4934037541116,-1.0,SL,2022Q3,2022,6,2022-07-13 18:00:00+00:00,2022Q3,2022
1564,51751,2022-07-14 14:00:00+00:00,51751,2022-07-14 14:00:00+00:00,SELL,1710.83,1715.4274950380589,1715.4274950380589,1701.6350099238819,0.1,-46.67495038058924,-459.74950380589235,-1.0,SL,2022Q3,2022,0,2022-07-14 14:00:00+00:00,2022Q3,2022
1565,51857,2022-07-18 21:00:00+00:00,51886,2022-07-19 12:30:00+00:00,SELL,1709.67,1713.8295352801401,1713.8295352801401,1701.35092943972,0.1,-42.295352801400625,-415.9535280140062,-1.0,SL,2022Q3,2022,29,2022-07-18 21:00:00+00:00,2022Q3,2022
1566,51935,2022-07-20 14:00:00+00:00,51937,2022-07-20 15:00:00+00:00,SELL,1708.64,1711.7643939843674,1711.7643939843674,1702.3912120312657,0.1,-31.94393984367316,-312.4393984367316,-1.0,SL,2022Q3,2022,2,2022-07-20 14:00:00+00:00,2022Q3,2022
1567,51940,2022-07-20 16:30:00+00:00,51940,2022-07-20 16:30:00+00:00,BUY,1713.63,1709.8859614006858,1709.8859614006858,1721.118077198629,0.1,-38.140385993143084,-374.4038599314308,-1.0,SL,2022Q3,2022,0,2022-07-20 16:30:00+00:00,2022Q3,2022
1568,51947,2022-07-20 20:00:00+00:00,51953,2022-07-20 23:00:00+00:00,SELL,1702.83,1694.8744310140712,1706.8077844929642,1694.8744310140712,0.1,78.85568985928721,795.5568985928721,1.9481197676494908,TP,2022Q3,2022,6,2022-07-20 20:00:00+00:00,2022Q3,2022
1569,51960,2022-07-21 03:30:00+00:00,51973,2022-07-21 10:00:00+00:00,SELL,1693.68,1687.0462989808873,1696.9968505095565,1687.0462989808873,0.1,65.63701019112777,663.3701019112777,1.9379954918566789,TP,2022Q3,2022,13,2022-07-21 03:30:00+00:00,2022Q3,2022
1570,51983,2022-07-21 15:00:00+00:00,51983,2022-07-21 15:00:00+00:00,BUY,1684.92,1692.4836891245418,1681.1381554377292,1692.4836891245418,0.1,74.93689124541724,756.3689124541725,1.945480666053618,TP,2022Q3,2022,0,2022-07-21 15:00:00+00:00,2022Q3,2022
1571,52032,2022-07-22 16:30:00+00:00,52032,2022-07-22 16:30:00+00:00,SELL,1722.22,1726.5492845033084,1726.5492845033084,1713.5614309933833,0.1,-43.992845033083725,-432.9284503308372,-1.0,SL,2022Q3,2022,0,2022-07-22 16:30:00+00:00,2022Q3,2022
1572,52050,2022-07-25 02:30:00+00:00,52057,2022-07-25 06:00:00+00:00,SELL,1724.34,1728.4710282176493,1728.4710282176493,1716.0779435647012,0.1,-42.01028217649373,-413.1028217649373,-1.0,SL,2022Q3,2022,7,2022-07-25 02:30:00+00:00,2022Q3,2022
1573,52155,2022-07-27 09:00:00+00:00,52159,2022-07-27 11:00:00+00:00,BUY,1719.1,1724.6023614203136,1716.348819289843,1724.6023614203136,0.1,54.32361420313718,550.2361420313719,1.9255630810022362,TP,2022Q3,2022,4,2022-07-27 09:00:00+00:00,2022Q3,2022
1574,52160,2022-07-27 11:30:00+00:00,52164,2022-07-27 13:30:00+00:00,BUY,1724.21,1721.0849815192028,1721.0849815192028,1730.4600369615944,0.1,-31.9501848079728,-312.501848079728,-1.0,SL,2022Q3,2022,4,2022-07-27 11:30:00+00:00,2022Q3,2022
1575,52165,2022-07-27 14:00:00+00:00,52167,2022-07-27 15:00:00+00:00,SELL,1719.91,1722.966284280342,1722.966284280342,1713.7974314393161,0.1,-31.262842803419698,-305.628428034197,-1.0,SL,2022Q3,2022,2,2022-07-27 14:00:00+00:00,2022Q3,2022
1576,52222,2022-07-28 19:30:00+00:00,52241,2022-07-29 06:00:00+00:00,SELL,1751.21,1757.1920137963327,1757.1920137963327,1739.2459724073349,0.1,-60.520137963326945,-598.2013796332694,-1.0,SL,2022Q3,2022,19,2022-07-28 19:30:00+00:00,2022Q3,2022
1577,52254,2022-07-29 12:30:00+00:00,52265,2022-07-29 18:00:00+00:00,SELL,1759.86,1763.7543629302206,1763.7543629302206,1752.0712741395585,0.1,-39.64362930220723,-389.4362930220723,-1.0,SL,2022Q3,2022,11,2022-07-29 12:30:00+00:00,2022Q3,2022
1578,52284,2022-08-01 04:30:00+00:00,52290,2022-08-01 07:30:00+00:00,BUY,1764.81,1761.0925009424188,1761.0925009424188,1772.244998115162,0.1,-37.87499057581108,-371.7499057581108,-1.0,SL,2022Q3,2022,6,2022-08-01 04:30:00+00:00,2022Q3,2022
1579,52328,2022-08-02 03:30:00+00:00,52338,2022-08-02 08:30:00+00:00,BUY,1774.73,1771.3987057900156,1771.3987057900156,1781.392588419969,0.1,-34.01294209984435,-333.1294209984435,-1.0,SL,2022Q3,2022,10,2022-08-02 03:30:00+00:00,2022Q3,2022
1580,52350,2022-08-02 14:30:00+00:00,52352,2022-08-02 15:30:00+00:00,BUY,1779.82,1787.5132325982497,1775.973383700875,1787.5132325982497,0.1,76.23232598249778,769.3232598249779,1.9463822892104794,TP,2022Q3,2022,2,2022-08-02 14:30:00+00:00,2022Q3,2022
1581,52376,2022-08-03 04:30:00+00:00,52401,2022-08-03 17:00:00+00:00,BUY,1763.42,1758.3192645082613,1758.3192645082613,1773.6214709834776,0.1,-51.707354917387605,-510.073549173876,-1.0,SL,2022Q3,2022,25,2022-08-03 04:30:00+00:00,2022Q3,2022
1582,52464,2022-08-05 02:30:00+00:00,52468,2022-08-05 04:30:00+00:00,BUY,1793.06,1789.4695203764402,1789.4695203764402,1800.2409592471197,0.1,-36.60479623559759,-359.04796235597587,-1.0,SL,2022Q3,2022,4,2022-08-05 02:30:00+00:00,2022Q3,2022
1583,52489,2022-08-05 15:00:00+00:00,52490,2022-08-05 15:30:00+00:00,BUY,1787.96,1784.8070105351317,1784.8070105351317,1794.265978929737,0.1,-32.2298946486837,-315.29894648683694,-1.0,SL,2022Q3,2022,1,2022-08-05 15:00:00+00:00,2022Q3,2022
1584,52536,2022-08-08 15:30:00+00:00,52536,2022-08-08 15:30:00+00:00,BUY,1785.64,1782.3110191554088,1782.3110191554088,1792.297961689183,0.1,-33.989808445913425,-332.8980844591342,-1.0,SL,2022Q3,2022,0,2022-08-08 15:30:00+00:00,2022Q3,2022
1585,52546,2022-08-08 20:30:00+00:00,52559,2022-08-09 04:00:00+00:00,BUY,1789.06,1785.5243939644145,1785.5243939644145,1796.1312120711711,0.1,-36.05606035585488,-353.5606035585488,-1.0,SL,2022Q3,2022,13,2022-08-08 20:30:00+00:00,2022Q3,2022
1586,52560,2022-08-09 04:30:00+00:00,52568,2022-08-09 08:30:00+00:00,SELL,1786.19,1788.902515462627,1788.902515462627,1780.7649690747462,0.1,-27.82515462626925,-271.2515462626925,-1.0,SL,2022Q3,2022,8,2022-08-09 04:30:00+00:00,2022Q3,2022
1587,52572,2022-08-09 10:30:00+00:00,52572,2022-08-09 10:30:00+00:00,SELL,1783.98,1786.6940894205525,1786.6940894205525,1778.5518211588953,0.1,-27.840894205524545,-271.40894205524546,-1.0,SL,2022Q3,2022,0,2022-08-09 10:30:00+00:00,2022Q3,2022
1588,52581,2022-08-09 15:00:00+00:00,52582,2022-08-09 15:30:00+00:00,SELL,1789.4,1792.7961766575836,1792.7961766575836,1782.607646684833,0.1,-34.6617665758351,-339.617665758351,-1.0,SL,2022Q3,2022,1,2022-08-09 15:00:00+00:00,2022Q3,2022
1589,52593,2022-08-09 21:00:00+00:00,52628,2022-08-10 15:30:00+00:00,SELL,1794.3,1798.1863331558927,1798.1863331558927,1786.5273336882142,0.1,-39.563331558927715,-388.6333155892771,-1.0,SL,2022Q3,2022,35,2022-08-09 21:00:00+00:00,2022Q3,2022
1590,52691,2022-08-12 01:00:00+00:00,52715,2022-08-12 13:00:00+00:00,BUY,1789.67,1785.9486103190168,1785.9486103190168,1797.1127793619664,0.1,-37.913896809832934,-372.1389680983293,-1.0,SL,2022Q3,2022,24,2022-08-12 01:00:00+00:00,2022Q3,2022
1591,52802,2022-08-16 10:30:00+00:00,52812,2022-08-16 15:30:00+00:00,SELL,1777.65,1772.265723935377,1780.3421380323116,1772.265723935377,0.1,53.14276064623009,538.4276064623009,1.923971938569536,TP,2022Q3,2022,10,2022-08-16 10:30:00+00:00,2022Q3,2022
1592,52834,2022-08-17 03:30:00+00:00,52837,2022-08-17 05:00:00+00:00,SELL,1774.35,1776.6976031158524,1776.6976031158524,1769.6547937682951,0.1,-24.176031158525074,-234.76031158525075,-1.0,SL,2022Q3,2022,3,2022-08-17 03:30:00+00:00,2022Q3,2022
1593,52842,2022-08-17 07:30:00+00:00,52847,2022-08-17 10:00:00+00:00,BUY,1777.95,1775.6906106642089,1775.6906106642089,1782.4687786715822,0.1,-23.293893357911838,-225.93893357911838,-1.0,SL,2022Q3,2022,5,2022-08-17 07:30:00+00:00,2022Q3,2022
1594,52856,2022-08-17 14:30:00+00:00,52857,2022-08-17 15:00:00+00:00,SELL,1767.98,1770.9965763579075,1770.9965763579075,1761.9468472841847,0.1,-30.865763579075246,-301.65763579075247,-1.0,SL,2022Q3,2022,1,2022-08-17 14:30:00+00:00,2022Q3,2022
1595,52887,2022-08-18 07:00:00+00:00,52890,2022-08-18 08:30:00+00:00,SELL,1762.15,1765.188344254622,1765.188344254622,1756.0733114907562,0.1,-31.08344254621961,-303.8344254621961,-1.0,SL,2022Q3,2022,3,2022-08-18 07:00:00+00:00,2022Q3,2022
1596,52917,2022-08-18 22:00:00+00:00,52925,2022-08-19 03:00:00+00:00,BUY,1759.76,1756.380553682466,1756.380553682466,1766.518892635068,0.1,-34.494463175340755,-337.9446317534075,-1.0,SL,2022Q3,2022,8,2022-08-18 22:00:00+00:00,2022Q3,2022
1597,52940,2022-08-19 10:30:00+00:00,52950,2022-08-19 15:30:00+00:00,SELL,1753.51,1756.3344550508684,1756.3344550508684,1747.8610898982631,0.1,-28.94455050868437,-282.4455050868437,-1.0,SL,2022Q3,2022,10,2022-08-19 10:30:00+00:00,2022Q3,2022
1598,52976,2022-08-22 05:30:00+00:00,52979,2022-08-22 07:00:00+00:00,BUY,1748.09,1745.552466497709,1745.552466497709,1753.1650670045815,0.1,-26.075335022908984,-253.75335022908985,-1.0,SL,2022Q3,2022,3,2022-08-22 05:30:00+00:00,2022Q3,2022
1599,53027,2022-08-23 08:00:00+00:00,53033,2022-08-23 11:00:00+00:00,SELL,1736.77,1739.260774026162,1739.260774026162,1731.7884519476759,0.1,-25.607740261619437,-249.07740261619438,-1.0,SL,2022Q3,2022,6,2022-08-23 08:00:00+00:00,2022Q3,2022
1600,53108,2022-08-25 02:30:00+00:00,53119,2022-08-25 08:00:00+00:00,BUY,1752.49,1758.135888458258,1749.667055770871,1758.135888458258,0.1,55.75888458258014,564.5888458258014,1.927409592661513,TP,2022Q3,2022,11,2022-08-25 02:30:00+00:00,2022Q3,2022
1601,53134,2022-08-25 15:30:00+00:00,53136,2022-08-25 16:30:00+00:00,SELL,1760.26,1754.0309679771876,1763.374516011406,1754.0309679771876,0.1,61.590320228123616,622.9032022812362,1.9340559132855322,TP,2022Q3,2022,2,2022-08-25 15:30:00+00:00,2022Q3,2022
1602,53154,2022-08-26 02:30:00+00:00,53171,2022-08-26 11:00:00+00:00,SELL,1756.42,1751.2188065903322,1759.020596704834,1751.2188065903322,0.1,51.31193409667894,520.1193409667894,1.9213658881478928,TP,2022Q3,2022,17,2022-08-26 02:30:00+00:00,2022Q3,2022
1603,53175,2022-08-26 13:00:00+00:00,53178,2022-08-26 14:30:00+00:00,SELL,1749.75,1744.0497381909329,1752.6001309045334,1744.0497381909329,0.1,56.302618090671146,570.0261809067115,1.9280854157347014,TP,2022Q3,2022,3,2022-08-26 13:00:00+00:00,2022Q3,2022
1604,53260,2022-08-30 09:30:00+00:00,53263,2022-08-30 11:00:00+00:00,SELL,1733.22,1735.9047242901263,1735.9047242901263,1727.8505514197475,0.1,-27.54724290126269,-268.4724290126269,-1.0,SL,2022Q3,2022,3,2022-08-30 09:30:00+00:00,2022Q3,2022
1605,53296,2022-08-31 04:30:00+00:00,53301,2022-08-31 07:00:00+00:00,SELL,1722.07,1724.573508357811,1724.573508357811,1717.0629832843779,0.1,-25.735083578111425,-250.35083578111426,-1.0,SL,2022Q3,2022,5,2022-08-31 04:30:00+00:00,2022Q3,2022
1606,53310,2022-08-31 11:30:00+00:00,53320,2022-08-31 16:30:00+00:00,SELL,1714.98,1718.1041224130447,1718.1041224130447,1708.7317551739106,0.1,-31.94122413044688,-312.4122413044688,-1.0,SL,2022Q3,2022,10,2022-08-31 11:30:00+00:00,2022Q3,2022
1607,53321,2022-08-31 17:00:00+00:00,53329,2022-08-31 21:00:00+00:00,BUY,1716.32,1712.0691332785311,1712.0691332785311,1724.8217334429378,0.1,-43.208667214688106,-425.086672146881,-1.0,SL,2022Q3,2022,8,2022-08-31 17:00:00+00:00,2022Q3,2022
1608,53397,2022-09-02 09:00:00+00:00,53405,2022-09-02 13:00:00+00:00,BUY,1701.76,1707.1026196319306,1699.0886901840347,1707.1026196319306,0.1,52.72619631930574,534.2619631930575,1.9233942844486356,TP,2022Q3,2022,8,2022-09-02 09:00:00+00:00,2022Q3,2022
1609,53427,2022-09-05 01:00:00+00:00,53430,2022-09-05 02:30:00+00:00,BUY,1712.14,1708.5244940076811,1708.5244940076811,1719.371011984638,0.1,-36.855059923189586,-361.55059923189583,-1.0,SL,2022Q3,2022,3,2022-09-05 01:00:00+00:00,2022Q3,2022
1610,53434,2022-09-05 04:30:00+00:00,53435,2022-09-05 05:00:00+00:00,BUY,1712.44,1709.1150942226518,1709.1150942226518,1719.0898115546968,0.1,-33.949057773482494,-332.4905777348249,-1.0,SL,2022Q3,2022,1,2022-09-05 04:30:00+00:00,2022Q3,2022
1611,53448,2022-09-05 11:30:00+00:00,53467,2022-09-05 21:00:00+00:00,BUY,1713.07,1709.8190928640697,1709.8190928640697,1719.5718142718606,0.1,-33.2090713593022,-325.090713593022,-1.0,SL,2022Q3,2022,19,2022-09-05 11:30:00+00:00,2022Q3,2022
1612,53472,2022-09-06 03:00:00+00:00,53473,2022-09-06 03:30:00+00:00,BUY,1714.06,1718.4176650813877,1711.8811674593062,1718.4176650813877,0.1,42.87665081387722,435.7665081387722,1.9066182135842853,TP,2022Q3,2022,1,2022-09-06 03:00:00+00:00,2022Q3,2022
1613,53482,2022-09-06 08:00:00+00:00,53483,2022-09-06 08:30:00+00:00,SELL,1715.52,1718.646912005048,1718.646912005048,1709.266175989904,0.1,-31.969120050480978,-312.6912005048098,-1.0,SL,2022Q3,2022,1,2022-09-06 08:00:00+00:00,2022Q3,2022
1614,53593,2022-09-08 17:30:00+00:00,53599,2022-09-08 20:30:00+00:00,SELL,1704.89,1709.9263482180152,1709.9263482180152,1694.81730356397,0.1,-51.06348218015064,-503.6348218015064,-1.0,SL,2022Q3,2022,6,2022-09-08 17:30:00+00:00,2022Q3,2022
1615,53625,2022-09-09 10:30:00+00:00,53633,2022-09-09 14:30:00+00:00,BUY,1728.09,1724.521574213808,1724.521574213808,1735.2268515723838,0.1,-36.38425786191938,-356.8425786191938,-1.0,SL,2022Q3,2022,8,2022-09-09 10:30:00+00:00,2022Q3,2022
1616,53652,2022-09-12 01:00:00+00:00,53661,2022-09-12 05:30:00+00:00,BUY,1717.32,1713.9897624958567,1713.9897624958567,1723.9804750082862,0.1,-34.0023750414327,-333.02375041432697,-1.0,SL,2022Q3,2022,9,2022-09-12 01:00:00+00:00,2022Q3,2022
1617,53667,2022-09-12 08:30:00+00:00,53667,2022-09-12 08:30:00+00:00,BUY,1714.98,1712.1934253975985,1712.1934253975985,1720.553149204803,0.1,-28.56574602401515,-278.6574602401515,-1.0,SL,2022Q3,2022,0,2022-09-12 08:30:00+00:00,2022Q3,2022
1618,53774,2022-09-14 16:00:00+00:00,53776,2022-09-14 17:00:00+00:00,BUY,1705.99,1702.067981345242,1702.067981345242,1713.8340373095161,0.1,-39.92018654757949,-392.2018654757949,-1.0,SL,2022Q3,2022,2,2022-09-14 16:00:00+00:00,2022Q3,2022
1619,53837,2022-09-16 01:30:00+00:00,53842,2022-09-16 04:00:00+00:00,SELL,1662.66,1667.759908384766,1667.759908384766,1652.4601832304681,0.1,-51.69908384765968,-509.99083847659676,-1.0,SL,2022Q3,2022,5,2022-09-16 01:30:00+00:00,2022Q3,2022
1620,53901,2022-09-19 10:30:00+00:00,53902,2022-09-19 11:00:00+00:00,SELL,1660.38,1663.9841476744707,1663.9841476744707,1653.1717046510591,0.1,-36.74147674470596,-360.4147674470596,-1.0,SL,2022Q3,2022,1,2022-09-19 10:30:00+00:00,2022Q3,2022
1621,53911,2022-09-19 15:30:00+00:00,53913,2022-09-19 16:30:00+00:00,BUY,1666.53,1662.5131281664042,1662.5131281664042,1674.5637436671916,0.1,-40.86871833595815,-401.68718335958147,-1.0,SL,2022Q3,2022,2,2022-09-19 15:30:00+00:00,2022Q3,2022
1622,53916,2022-09-19 18:00:00+00:00,53950,2022-09-20 12:00:00+00:00,BUY,1672.22,1667.6063268816354,1667.6063268816354,1681.4473462367291,0.1,-46.83673118364659,-461.3673118364659,-1.0,SL,2022Q3,2022,34,2022-09-19 18:00:00+00:00,2022Q3,2022
1623,53967,2022-09-20 20:30:00+00:00,53977,2022-09-21 02:30:00+00:00,SELL,1662.87,1666.6340512222605,1666.6340512222605,1655.3418975554787,0.1,-38.34051222260605,-376.4051222260605,-1.0,SL,2022Q3,2022,10,2022-09-20 20:30:00+00:00,2022Q3,2022
1624,53985,2022-09-21 06:30:00+00:00,53989,2022-09-21 08:30:00+00:00,SELL,1663.34,1665.9779144263227,1665.9779144263227,1658.0641711473545,0.1,-27.079144263228226,-263.79144263228227,-1.0,SL,2022Q3,2022,4,2022-09-21 06:30:00+00:00,2022Q3,2022
1625,54023,2022-09-22 02:30:00+00:00,54026,2022-09-22 04:00:00+00:00,SELL,1668.89,1657.080195116208,1674.794902441896,1657.080195116208,0.1,117.3980488379214,1180.980488379214,1.96485298261487,TP,2022Q3,2022,3,2022-09-22 02:30:00+00:00,2022Q3,2022
1626,54030,2022-09-22 06:00:00+00:00,54037,2022-09-22 09:30:00+00:00,BUY,1663.8,1658.2772148002389,1658.2772148002389,1674.845570399522,0.1,-55.927851997610745,-552.2785199761074,-1.0,SL,2022Q3,2022,7,2022-09-22 06:00:00+00:00,2022Q3,2022
1627,54058,2022-09-22 20:00:00+00:00,54084,2022-09-23 10:00:00+00:00,BUY,1674.18,1667.5191647135107,1667.5191647135107,1687.5016705729788,0.1,-67.30835286489373,-666.0835286489373,-1.0,SL,2022Q3,2022,26,2022-09-22 20:00:00+00:00,2022Q3,2022
1628,54092,2022-09-23 14:00:00+00:00,54094,2022-09-23 15:00:00+00:00,SELL,1643.4,1648.8155809448062,1648.8155809448062,1632.5688381103878,0.1,-54.85580944806152,-541.5580944806152,-1.0,SL,2022Q3,2022,2,2022-09-23 14:00:00+00:00,2022Q3,2022
1629,54163,2022-09-27 03:30:00+00:00,54176,2022-09-27 10:00:00+00:00,BUY,1629.37,1639.1950071004114,1624.457496449794,1639.1950071004114,0.1,97.5500710041154,982.500710041154,1.9578525137244407,TP,2022Q3,2022,13,2022-09-27 03:30:00+00:00,2022Q3,2022
1630,54193,2022-09-27 18:30:00+00:00,54193,2022-09-27 18:30:00+00:00,SELL,1632.28,1637.2102847976919,1637.2102847976919,1622.419430404616,0.1,-50.002847976919114,-493.0284797691911,-1.0,SL,2022Q3,2022,0,2022-09-27 18:30:00+00:00,2022Q3,2022
1631,54223,2022-09-28 10:30:00+00:00,54223,2022-09-28 10:30:00+00:00,SELL,1618.49,1622.3449229786117,1622.3449229786117,1610.7801540427765,0.1,-39.2492297861174,-385.49229786117394,-1.0,SL,2022Q3,2022,0,2022-09-28 10:30:00+00:00,2022Q3,2022
1632,54232,2022-09-28 15:00:00+00:00,54232,2022-09-28 15:00:00+00:00,SELL,1624.35,1629.988528081986,1629.988528081986,1613.0729438360277,0.1,-57.08528081986124,-563.8528081986124,-1.0,SL,2022Q3,2022,0,2022-09-28 15:00:00+00:00,2022Q3,2022
1633,54285,2022-09-29 18:30:00+00:00,54314,2022-09-30 10:00:00+00:00,BUY,1657.2,1670.6831770567685,1650.4584114716158,1670.6831770567685,0.1,134.13177056768455,1348.3177056768454,1.969170187082658,TP,2022Q3,2022,29,2022-09-29 18:30:00+00:00,2022Q3,2022
1634,54371,2022-10-03 15:30:00+00:00,54374,2022-10-03 17:00:00+00:00,BUY,1668.9,1676.857546347322,1664.921226826339,1676.857546347322,0.1,78.87546347322022,795.7546347322022,1.9481324364214474,TP,2022Q4,2022,3,2022-10-03 15:30:00+00:00,2022Q4,2022
1635,54375,2022-10-03 17:30:00+00:00,54383,2022-10-03 21:30:00+00:00,BUY,1685.29,1697.342055295342,1679.263972352329,1697.342055295342,0.1,119.82055295342143,1205.2055295342143,1.9655513373401072,TP,2022Q4,2022,8,2022-10-03 17:30:00+00:00,2022Q4,2022
1636,54393,2022-10-04 03:30:00+00:00,54403,2022-10-04 08:30:00+00:00,SELL,1698.11,1702.699166789508,1702.699166789508,1688.9316664209841,0.1,-46.59166789507999,-458.9166789507999,-1.0,SL,2022Q4,2022,10,2022-10-04 03:30:00+00:00,2022Q4,2022
1637,54406,2022-10-04 10:00:00+00:00,54414,2022-10-04 14:00:00+00:00,BUY,1706.21,1702.0183562598327,1702.0183562598327,1714.5932874803345,0.1,-42.61643740167365,-419.1643740167365,-1.0,SL,2022Q4,2022,8,2022-10-04 10:00:00+00:00,2022Q4,2022
1638,54417,2022-10-04 15:30:00+00:00,54421,2022-10-04 17:30:00+00:00,BUY,1709.02,1719.1157846859248,1703.9721076570374,1719.1157846859248,0.1,100.25784685924855,1009.5784685924855,1.958967483892272,TP,2022Q4,2022,4,2022-10-04 15:30:00+00:00,2022Q4,2022
1639,54458,2022-10-05 13:00:00+00:00,54459,2022-10-05 13:30:00+00:00,SELL,1706.36,1711.5349657169597,1711.5349657169597,1696.0100685660805,0.1,-52.449657169598325,-517.4965716959832,-1.0,SL,2022Q4,2022,1,2022-10-05 13:00:00+00:00,2022Q4,2022
1640,54466,2022-10-05 17:00:00+00:00,54473,2022-10-05 20:30:00+00:00,SELL,1707.5,1713.3449633469472,1713.3449633469472,1695.8100733061056,0.1,-59.14963346947225,-584.4963346947225,-1.0,SL,2022Q4,2022,7,2022-10-05 17:00:00+00:00,2022Q4,2022
1641,54483,2022-10-06 02:30:00+00:00,54501,2022-10-06 11:30:00+00:00,BUY,1718.3,1714.1166224645751,1714.1166224645751,1726.6667550708498,0.1,-42.53377535424825,-418.33775354248246,-1.0,SL,2022Q4,2022,18,2022-10-06 02:30:00+00:00,2022Q4,2022
1642,54509,2022-10-06 15:30:00+00:00,54510,2022-10-06 16:00:00+00:00,BUY,1716.94,1712.5198901962729,1712.5198901962729,1725.7802196074545,0.1,-44.90109803727201,-442.01098037272004,-1.0,SL,2022Q4,2022,1,2022-10-06 15:30:00+00:00,2022Q4,2022
1643,54556,2022-10-07 16:00:00+00:00,54556,2022-10-07 16:00:00+00:00,SELL,1697.74,1703.3256580928512,1703.3256580928512,1686.5686838142976,0.1,-56.556580928511906,-558.565809285119,-1.0,SL,2022Q4,2022,0,2022-10-07 16:00:00+00:00,2022Q4,2022
1644,54585,2022-10-10 07:30:00+00:00,54599,2022-10-10 14:30:00+00:00,SELL,1685.54,1677.3141002998464,1689.6529498500768,1677.3141002998464,0.1,81.55899700153604,822.5899700153604,1.9497961946648381,TP,2022Q4,2022,14,2022-10-10 07:30:00+00:00,2022Q4,2022
1645,54630,2022-10-11 07:00:00+00:00,54634,2022-10-11 09:00:00+00:00,SELL,1664.04,1667.8964797560857,1667.8964797560857,1656.3270404878285,0.1,-39.26479756085719,-385.64797560857187,-1.0,SL,2022Q4,2022,4,2022-10-11 07:00:00+00:00,2022Q4,2022
1646,54657,2022-10-11 20:30:00+00:00,54659,2022-10-11 21:30:00+00:00,SELL,1678.37,1668.2920434050695,1683.408978297465,1668.2920434050695,0.1,100.07956594930356,1007.7956594930356,1.9588958911600838,TP,2022Q4,2022,2,2022-10-11 20:30:00+00:00,2022Q4,2022
1647,54660,2022-10-11 22:00:00+00:00,54680,2022-10-12 09:00:00+00:00,SELL,1667.11,1672.53509031324,1672.53509031324,1656.2598193735196,0.1,-54.95090313240162,-542.5090313240162,-1.0,SL,2022Q4,2022,20,2022-10-11 22:00:00+00:00,2022Q4,2022
1648,54736,2022-10-13 14:00:00+00:00,54737,2022-10-13 14:30:00+00:00,SELL,1674.02,1676.915653486691,1676.915653486691,1668.2286930266177,0.1,-29.65653486691117,-289.5653486691117,-1.0,SL,2022Q4,2022,1,2022-10-13 14:00:00+00:00,2022Q4,2022
1649,54745,2022-10-13 18:30:00+00:00,54779,2022-10-14 12:30:00+00:00,BUY,1659.41,1651.9933900621522,1651.9933900621522,1674.2432198756958,0.1,-74.86609937847852,-741.6609937847852,-1.0,SL,2022Q4,2022,34,2022-10-13 18:30:00+00:00,2022Q4,2022
1650,54817,2022-10-17 08:30:00+00:00,54819,2022-10-17 09:30:00+00:00,BUY,1652.49,1649.0634065346549,1649.0634065346549,1659.3431869306903,0.1,-34.9659346534515,-342.65934653451495,-1.0,SL,2022Q4,2022,2,2022-10-17 08:30:00+00:00,2022Q4,2022
1651,54840,2022-10-17 20:00:00+00:00,54845,2022-10-17 22:30:00+00:00,SELL,1657.28,1648.5126816514364,1661.6636591742817,1648.5126816514364,0.1,86.97318348563549,876.7318348563549,1.9528477614064694,TP,2022Q4,2022,5,2022-10-17 20:00:00+00:00,2022Q4,2022
1652,54877,2022-10-18 15:30:00+00:00,54879,2022-10-18 16:30:00+00:00,BUY,1655.98,1651.8608140818258,1651.8608140818258,1664.2183718363483,0.1,-41.89185918174253,-411.9185918174253,-1.0,SL,2022Q4,2022,2,2022-10-18 15:30:00+00:00,2022Q4,2022
1653,54904,2022-10-19 06:00:00+00:00,54910,2022-10-19 09:00:00+00:00,SELL,1649.61,1643.6500248014663,1652.5899875992668,1643.6500248014663,0.1,58.89975198533584,595.9975198533584,1.9311472610410931,TP,2022Q4,2022,6,2022-10-19 06:00:00+00:00,2022Q4,2022
1654,54966,2022-10-20 14:00:00+00:00,54969,2022-10-20 15:30:00+00:00,BUY,1638.16,1634.0256798351547,1634.0256798351547,1646.428640329691,0.1,-42.04320164845349,-413.43201648453487,-1.0,SL,2022Q4,2022,3,2022-10-20 14:00:00+00:00,2022Q4,2022
1655,54977,2022-10-20 19:30:00+00:00,54982,2022-10-20 22:00:00+00:00,SELL,1637.33,1626.952686346913,1642.5186568265435,1626.952686346913,0.1,103.07313653086958,1037.7313653086958,1.9600658481952593,TP,2022Q4,2022,5,2022-10-20 19:30:00+00:00,2022Q4,2022
1656,54996,2022-10-21 06:00:00+00:00,55004,2022-10-21 10:00:00+00:00,SELL,1625.43,1619.069005476045,1628.6104972619776,1619.069005476045,0.1,62.90994523955014,636.0994523955014,1.935394500264171,TP,2022Q4,2022,8,2022-10-21 06:00:00+00:00,2022Q4,2022
1657,55032,2022-10-24 01:00:00+00:00,55035,2022-10-24 02:30:00+00:00,BUY,1658.94,1670.4031622998095,1653.2084188500953,1670.4031622998095,0.1,113.93162299809482,1146.3162299809483,1.9638029711945943,TP,2022Q4,2022,3,2022-10-24 01:00:00+00:00,2022Q4,2022
1658,55079,2022-10-25 01:30:00+00:00,55087,2022-10-25 05:30:00+00:00,BUY,1651.38,1647.6909731636536,1647.6909731636536,1658.758053672693,0.1,-37.59026836346557,-368.90268363465566,-1.0,SL,2022Q4,2022,8,2022-10-25 01:30:00+00:00,2022Q4,2022
1659,55134,2022-10-26 06:00:00+00:00,55140,2022-10-26 09:00:00+00:00,BUY,1656.4,1662.9686585122752,1653.1156707438624,1662.9686585122752,0.1,64.98658512275078,656.8658512275078,1.9373943390870243,TP,2022Q4,2022,6,2022-10-26 06:00:00+00:00,2022Q4,2022
1660,55174,2022-10-27 03:00:00+00:00,55178,2022-10-27 05:00:00+00:00,BUY,1667.62,1664.2628505466112,1664.2628505466112,1674.3342989067773,0.1,-34.27149453388729,-335.7149453388729,-1.0,SL,2022Q4,2022,4,2022-10-27 03:00:00+00:00,2022Q4,2022
1661,55191,2022-10-27 11:30:00+00:00,55193,2022-10-27 12:30:00+00:00,BUY,1665.21,1661.1956766259295,1661.1956766259295,1673.238646748141,0.1,-40.843233740705,-401.43233740705,-1.0,SL,2022Q4,2022,2,2022-10-27 11:30:00+00:00,2022Q4,2022
1662,55274,2022-10-31 06:00:00+00:00,55277,2022-10-31 07:30:00+00:00,BUY,1644.55,1641.4571352878586,1641.4571352878586,1650.7357294242827,0.1,-31.628647121413632,-309.2864712141363,-1.0,SL,2022Q4,2022,3,2022-10-31 06:00:00+00:00,2022Q4,2022
1663,55283,2022-10-31 10:30:00+00:00,55288,2022-10-31 13:00:00+00:00,SELL,1637.54,1640.7140070089883,1640.7140070089883,1631.1919859820232,0.1,-32.44007008988383,-317.4007008988383,-1.0,SL,2022Q4,2022,5,2022-10-31 10:30:00+00:00,2022Q4,2022
1664,55304,2022-10-31 21:00:00+00:00,55315,2022-11-01 03:30:00+00:00,SELL,1634.63,1638.0439828562867,1638.0439828562867,1627.802034287427,0.1,-34.83982856286566,-341.3982856286566,-1.0,SL,2022Q4,2022,11,2022-10-31 21:00:00+00:00,2022Q4,2022
1665,55335,2022-11-01 13:30:00+00:00,55339,2022-11-01 15:30:00+00:00,BUY,1654.61,1651.0059501423696,1651.0059501423696,1661.8180997152606,0.1,-36.74049857630344,-360.40498576303435,-1.0,SL,2022Q4,2022,4,2022-11-01 13:30:00+00:00,2022Q4,2022
1666,55386,2022-11-02 16:00:00+00:00,55388,2022-11-02 17:00:00+00:00,SELL,1653.31,1646.6648625159116,1656.632568742044,1646.6648625159116,0.1,65.75137484088309,664.5137484088309,1.93810000151294,TP,2022Q4,2022,2,2022-11-02 16:00:00+00:00,2022Q4,2022
1667,55394,2022-11-02 20:00:00+00:00,55394,2022-11-02 20:00:00+00:00,BUY,1649.76,1656.161433115106,1646.559283442447,1656.161433115106,0.1,63.31433115106101,640.1433115106101,1.9357938860476769,TP,2022Q4,2022,0,2022-11-02 20:00:00+00:00,2022Q4,2022
1668,55419,2022-11-03 09:30:00+00:00,55422,2022-11-03 11:00:00+00:00,SELL,1630.19,1622.1532482761686,1634.2083758619158,1622.1532482761686,0.1,79.66751723831457,803.6751723831458,1.9486348596379788,TP,2022Q4,2022,3,2022-11-03 09:30:00+00:00,2022Q4,2022
1669,55427,2022-11-03 13:30:00+00:00,55428,2022-11-03 14:00:00+00:00,SELL,1618.56,1623.1336121829609,1623.1336121829609,1609.4127756340781,0.1,-46.43612182960915,-457.36121829609147,-1.0,SL,2022Q4,2022,1,2022-11-03 13:30:00+00:00,2022Q4,2022
1670,55466,2022-11-04 10:00:00+00:00,55466,2022-11-04 10:00:00+00:00,SELL,1644.88,1648.6824990100567,1648.6824990100567,1637.2750019798868,0.1,-38.72499010056636,-380.24990100566356,-1.0,SL,2022Q4,2022,0,2022-11-04 10:00:00+00:00,2022Q4,2022
1671,55469,2022-11-04 11:30:00+00:00,55469,2022-11-04 11:30:00+00:00,BUY,1651.04,1647.1162425928956,1647.1162425928956,1658.8875148142088,0.1,-39.93757407104404,-392.37574071044037,-1.0,SL,2022Q4,2022,0,2022-11-04 11:30:00+00:00,2022Q4,2022
1672,55493,2022-11-07 01:30:00+00:00,55522,2022-11-07 16:00:00+00:00,SELL,1675.97,1680.9150834599475,1680.9150834599475,1666.0798330801051,0.1,-50.15083459947455,-494.50834599474547,-1.0,SL,2022Q4,2022,29,2022-11-07 01:30:00+00:00,2022Q4,2022
1673,55567,2022-11-08 15:30:00+00:00,55570,2022-11-08 17:00:00+00:00,BUY,1673.96,1680.4209947402137,1670.7295026298932,1680.4209947402137,0.1,63.90994740213664,646.0994740213664,1.9363732260773765,TP,2022Q4,2022,3,2022-11-08 15:30:00+00:00,2022Q4,2022
1674,55672,2022-11-10 22:00:00+00:00,55681,2022-11-11 03:30:00+00:00,BUY,1754.26,1748.7709404311747,1748.7709404311747,1765.2381191376508,0.1,-55.59059568825269,-548.9059568825269,-1.0,SL,2022Q4,2022,9,2022-11-10 22:00:00+00:00,2022Q4,2022
1675,55684,2022-11-11 05:00:00+00:00,55689,2022-11-11 07:30:00+00:00,BUY,1752.9,1761.632533723043,1748.5337331384785,1761.632533723043,0.1,86.62533723042934,873.2533723042934,1.9526629018146575,TP,2022Q4,2022,5,2022-11-11 05:00:00+00:00,2022Q4,2022
1676,55769,2022-11-15 01:30:00+00:00,55780,2022-11-15 07:00:00+00:00,SELL,1770.04,1773.4989371176014,1773.4989371176014,1763.1221257647971,0.1,-35.289371176014086,-345.89371176014083,-1.0,SL,2022Q4,2022,11,2022-11-15 01:30:00+00:00,2022Q4,2022
1677,55781,2022-11-15 07:30:00+00:00,55782,2022-11-15 08:00:00+00:00,BUY,1773.3,1770.1304143206883,1770.1304143206883,1779.6391713586236,0.1,-32.39585679311695,-316.95856793116945,-1.0,SL,2022Q4,2022,1,2022-11-15 07:30:00+00:00,2022Q4,2022
1678,55800,2022-11-15 17:00:00+00:00,55807,2022-11-15 20:30:00+00:00,SELL,1771.92,1777.304899170414,1777.304899170414,1761.150201659172,0.1,-54.54899170413974,-538.4899170413973,-1.0,SL,2022Q4,2022,7,2022-11-15 17:00:00+00:00,2022Q4,2022
1679,55898,2022-11-17 20:00:00+00:00,55936,2022-11-18 16:00:00+00:00,BUY,1760.45,1755.972102323609,1755.972102323609,1769.4057953527822,0.1,-45.47897676390967,-447.7897676390967,-1.0,SL,2022Q4,2022,38,2022-11-17 20:00:00+00:00,2022Q4,2022
1680,55937,2022-11-18 16:30:00+00:00,55956,2022-11-21 03:00:00+00:00,SELL,1755.25,1746.7588021870356,1759.4955989064822,1746.7588021870356,0.1,84.21197812964401,849.1197812964401,1.951339314762414,TP,2022Q4,2022,19,2022-11-18 16:30:00+00:00,2022Q4,2022
1681,55987,2022-11-21 18:30:00+00:00,55990,2022-11-21 20:00:00+00:00,SELL,1733.8,1737.9688090143047,1737.9688090143047,1725.4623819713906,0.1,-42.388090143047705,-416.880901430477,-1.0,SL,2022Q4,2022,3,2022-11-21 18:30:00+00:00,2022Q4,2022
1682,56001,2022-11-22 02:30:00+00:00,56019,2022-11-22 11:30:00+00:00,BUY,1740.97,1747.3969285771675,1737.7565357114163,1747.3969285771675,0.1,63.56928577167473,642.6928577167473,1.9360431600458854,TP,2022Q4,2022,18,2022-11-22 02:30:00+00:00,2022Q4,2022
1683,56020,2022-11-22 12:00:00+00:00,56026,2022-11-22 15:00:00+00:00,BUY,1747.13,1744.0708197570666,1744.0708197570666,1753.2483604858671,0.1,-31.291802429335075,-305.91802429335075,-1.0,SL,2022Q4,2022,6,2022-11-22 12:00:00+00:00,2022Q4,2022
1684,56032,2022-11-22 18:00:00+00:00,56054,2022-11-23 06:00:00+00:00,SELL,1741.82,1735.246496756927,1745.1067516215364,1735.246496756927,0.1,65.03503243072991,657.3503243072992,1.937439517820542,TP,2022Q4,2022,22,2022-11-22 18:00:00+00:00,2022Q4,2022
1685,56064,2022-11-23 11:00:00+00:00,56073,2022-11-23 15:30:00+00:00,SELL,1739.34,1732.7975484382205,1742.6112257808898,1732.7975484382205,0.1,64.72451561779444,654.2451561779444,1.9371488149046003,TP,2022Q4,2022,9,2022-11-23 11:00:00+00:00,2022Q4,2022
1686,56076,2022-11-23 17:00:00+00:00,56084,2022-11-23 21:00:00+00:00,BUY,1742.71,1753.2561618955735,1737.4369190522134,1753.2561618955735,0.1,104.76161895573505,1054.6161895573505,1.9606968335213477,TP,2022Q4,2022,8,2022-11-23 17:00:00+00:00,2022Q4,2022
1687,56157,2022-11-25 14:00:00+00:00,56167,2022-11-25 19:00:00+00:00,SELL,1750.95,1754.0473115043474,1754.0473115043474,1744.7553769913056,0.1,-31.67311504347317,-309.7311504347317,-1.0,SL,2022Q4,2022,10,2022-11-25 14:00:00+00:00,2022Q4,2022
1688,56170,2022-11-25 20:30:00+00:00,56171,2022-11-28 01:00:00+00:00,BUY,1755.99,1752.5475183016422,1752.5475183016422,1762.8749633967154,0.1,-35.12481698357824,-344.2481698357824,-1.0,SL,2022Q4,2022,1,2022-11-25 20:30:00+00:00,2022Q4,2022
1689,56172,2022-11-28 01:30:00+00:00,56189,2022-11-28 10:00:00+00:00,SELL,1750.62,1754.2188745256246,1754.2188745256246,1743.4222509487504,0.1,-36.688745256247515,-359.8874525624751,-1.0,SL,2022Q4,2022,17,2022-11-28 01:30:00+00:00,2022Q4,2022
1690,56319,2022-12-01 06:00:00+00:00,56337,2022-12-01 15:00:00+00:00,BUY,1776.69,1785.7788408994911,1772.1455795502545,1785.7788408994911,0.1,90.1884089949106,908.884089949106,1.9544904929476936,TP,2022Q4,2022,18,2022-12-01 06:00:00+00:00,2022Q4,2022
1691,56358,2022-12-02 02:30:00+00:00,56384,2022-12-02 15:30:00+00:00,SELL,1800.78,1793.4162595689747,1804.4618702155126,1793.4162595689747,0.1,72.93740431025235,736.3740431025235,1.944027914629955,TP,2022Q4,2022,26,2022-12-02 02:30:00+00:00,2022Q4,2022
1692,56502,2022-12-07 05:30:00+00:00,56506,2022-12-07 07:30:00+00:00,SELL,1771.43,1774.510432543229,1774.510432543229,1765.2691349135423,0.1,-31.504325432288805,-308.04325432288806,-1.0,SL,2022Q4,2022,4,2022-12-07 05:30:00+00:00,2022Q4,2022
1693,56510,2022-12-07 09:30:00+00:00,56519,2022-12-07 14:00:00+00:00,BUY,1773.86,1770.8953182172077,1770.8953182172077,1779.7893635655846,0.1,-30.346817827922404,-296.46817827922405,-1.0,SL,2022Q4,2022,9,2022-12-07 09:30:00+00:00,2022Q4,2022
1694,56532,2022-12-07 20:30:00+00:00,56571,2022-12-08 17:00:00+00:00,BUY,1785.45,1794.6356562301019,1780.8571718849491,1794.6356562301019,0.1,91.15656230101813,918.5656230101813,1.9549629549238257,TP,2022Q4,2022,39,2022-12-07 20:30:00+00:00,2022Q4,2022
1695,56594,2022-12-09 05:30:00+00:00,56602,2022-12-09 09:30:00+00:00,BUY,1795.24,1792.2654313298056,1792.2654313298056,1801.1891373403892,0.1,-30.445686701944577,-297.4568670194458,-1.0,SL,2022Q4,2022,8,2022-12-09 05:30:00+00:00,2022Q4,2022
1696,56610,2022-12-09 13:30:00+00:00,56614,2022-12-09 15:30:00+00:00,BUY,1798.64,1795.4657315400832,1795.4657315400832,1804.988536919834,0.1,-32.44268459916903,-317.42684599169024,-1.0,SL,2022Q4,2022,4,2022-12-09 13:30:00+00:00,2022Q4,2022
1697,56620,2022-12-09 18:30:00+00:00,56623,2022-12-09 20:00:00+00:00,BUY,1802.66,1797.289893514564,1797.289893514564,1813.4002129708722,0.1,-54.40106485436054,-537.0106485436054,-1.0,SL,2022Q4,2022,3,2022-12-09 18:30:00+00:00,2022Q4,2022
1698,56644,2022-12-12 07:30:00+00:00,56646,2022-12-12 08:30:00+00:00,SELL,1786.32,1789.3167030197749,1789.3167030197749,1780.32659396045,0.1,-30.66703019774941,-299.6703019774941,-1.0,SL,2022Q4,2022,2,2022-12-12 07:30:00+00:00,2022Q4,2022
1699,56661,2022-12-12 16:00:00+00:00,56669,2022-12-12 20:00:00+00:00,SELL,1787.45,1781.0468290484905,1790.6515854757547,1781.0468290484905,0.1,63.33170951509537,640.3170951509537,1.935810938899179,TP,2022Q4,2022,8,2022-12-12 16:00:00+00:00,2022Q4,2022
1700,56716,2022-12-13 20:30:00+00:00,56741,2022-12-14 10:00:00+00:00,BUY,1813.7,1806.8611075597157,1806.8611075597157,1827.377784880569,0.1,-69.08892440284326,-683.8892440284326,-1.0,SL,2022Q4,2022,25,2022-12-13 20:30:00+00:00,2022Q4,2022
1701,56762,2022-12-14 20:30:00+00:00,56763,2022-12-14 21:00:00+00:00,SELL,1807.21,1800.6326704141234,1810.4986647929384,1800.6326704141234,0.1,65.07329585876668,657.7329585876669,1.9374751536856163,TP,2022Q4,2022,1,2022-12-14 20:30:00+00:00,2022Q4,2022
1702,56770,2022-12-15 01:30:00+00:00,56773,2022-12-15 03:00:00+00:00,BUY,1808.55,1803.749529353641,1803.749529353641,1818.150941292718,0.1,-48.704706463589176,-480.04706463589173,-1.0,SL,2022Q4,2022,3,2022-12-15 01:30:00+00:00,2022Q4,2022
1703,56780,2022-12-15 06:30:00+00:00,56783,2022-12-15 08:00:00+00:00,SELL,1791.19,1795.4301890101203,1795.4301890101203,1782.7096219797595,0.1,-43.101890101202756,-424.0189010120275,-1.0,SL,2022Q4,2022,3,2022-12-15 06:30:00+00:00,2022Q4,2022
1704,56816,2022-12-16 01:30:00+00:00,56821,2022-12-16 04:00:00+00:00,SELL,1775.73,1779.7172696796035,1779.7172696796035,1767.755460640793,0.1,-40.572696796035146,-398.72696796035143,-1.0,SL,2022Q4,2022,5,2022-12-16 01:30:00+00:00,2022Q4,2022
1705,56822,2022-12-16 04:30:00+00:00,56828,2022-12-16 07:30:00+00:00,BUY,1781.4,1777.85390343609,1777.85390343609,1788.4921931278204,0.1,-36.16096563910169,-354.60965639101687,-1.0,SL,2022Q4,2022,6,2022-12-16 04:30:00+00:00,2022Q4,2022
1706,56838,2022-12-16 12:30:00+00:00,56846,2022-12-16 16:30:00+00:00,BUY,1780.23,1787.8883293859358,1776.4008353070321,1787.8883293859358,0.1,75.88329385935758,765.8329385935758,1.9461423108444906,TP,2022Q4,2022,8,2022-12-16 12:30:00+00:00,2022Q4,2022
1707,56857,2022-12-16 22:00:00+00:00,56892,2022-12-19 16:30:00+00:00,BUY,1793.01,1788.8875749688634,1788.8875749688634,1801.2548500622734,0.1,-41.924250311365725,-412.2425031136572,-1.0,SL,2022Q4,2022,35,2022-12-16 22:00:00+00:00,2022Q4,2022
1708,56910,2022-12-20 02:30:00+00:00,56912,2022-12-20 03:30:00+00:00,SELL,1785.27,1787.750416396864,1787.750416396864,1780.309167206272,0.1,-25.504163968640295,-248.04163968640296,-1.0,SL,2022Q4,2022,2,2022-12-20 02:30:00+00:00,2022Q4,2022
1709,56929,2022-12-20 12:00:00+00:00,56934,2022-12-20 14:30:00+00:00,BUY,1807.35,1803.006522462751,1803.006522462751,1816.0369550744979,0.1,-44.13477537248873,-434.3477537248873,-1.0,SL,2022Q4,2022,5,2022-12-20 12:00:00+00:00,2022Q4,2022
1710,56992,2022-12-21 20:30:00+00:00,57003,2022-12-22 03:00:00+00:00,SELL,1815.45,1818.890285500616,1818.890285500616,1808.569428998768,0.1,-35.10285500616028,-344.0285500616028,-1.0,SL,2022Q4,2022,11,2022-12-21 20:30:00+00:00,2022Q4,2022
1711,57009,2022-12-22 06:00:00+00:00,57014,2022-12-22 08:30:00+00:00,BUY,1819.51,1816.8819129696108,1816.8819129696108,1824.7661740607784,0.1,-26.980870303892242,-262.80870303892243,-1.0,SL,2022Q4,2022,5,2022-12-22 06:00:00+00:00,2022Q4,2022
1712,57020,2022-12-22 11:30:00+00:00,57020,2022-12-22 11:30:00+00:00,SELL,1815.4,1818.2929319503255,1818.2929319503255,1809.6141360993495,0.1,-29.62931950325419,-289.2931950325419,-1.0,SL,2022Q4,2022,0,2022-12-22 11:30:00+00:00,2022Q4,2022
1713,57041,2022-12-22 22:00:00+00:00,57061,2022-12-23 09:00:00+00:00,BUY,1789.14,1797.6200790296436,1784.8999604851783,1797.6200790296436,0.1,84.10079029643548,848.0079029643548,1.9512765487931532,TP,2022Q4,2022,20,2022-12-22 22:00:00+00:00,2022Q4,2022
1714,57062,2022-12-23 09:30:00+00:00,57074,2022-12-23 15:30:00+00:00,BUY,1796.96,1794.1301221855176,1794.1301221855176,1802.6197556289646,0.1,-28.998778144824154,-282.98778144824155,-1.0,SL,2022Q4,2022,12,2022-12-23 09:30:00+00:00,2022Q4,2022
1715,57142,2022-12-28 03:30:00+00:00,57143,2022-12-28 04:00:00+00:00,BUY,1814.33,1810.3404314276636,1810.3404314276636,1822.3091371446724,0.1,-40.59568572336339,-398.95685723363385,-1.0,SL,2022Q4,2022,1,2022-12-28 03:30:00+00:00,2022Q4,2022
1716,57278,2023-01-03 02:30:00+00:00,57279,2023-01-03 03:00:00+00:00,BUY,1831.51,1827.6002698442308,1827.6002698442308,1839.3294603115385,0.1,-39.79730155769239,-390.9730155769239,-1.0,SL,2023Q1,2023,1,2023-01-03 02:30:00+00:00,2023Q1,2023
1717,57280,2023-01-03 03:30:00+00:00,57282,2023-01-03 04:30:00+00:00,SELL,1828.0,1832.023887226148,1832.023887226148,1819.952225547704,0.1,-40.93887226147963,-402.3887226147963,-1.0,SL,2023Q1,2023,2,2023-01-03 03:30:00+00:00,2023Q1,2023
1718,57290,2023-01-03 08:30:00+00:00,57294,2023-01-03 10:30:00+00:00,BUY,1841.96,1837.7882161228924,1837.7882161228924,1850.3035677542152,0.1,-42.417838771076006,-417.17838771076003,-1.0,SL,2023Q1,2023,4,2023-01-03 08:30:00+00:00,2023Q1,2023
1719,57338,2023-01-04 09:30:00+00:00,57339,2023-01-04 10:00:00+00:00,BUY,1853.11,1860.4597507975277,1849.4351246012359,1860.4597507975277,0.1,72.79750797527804,734.9750797527804,1.9439233678990928,TP,2023Q1,2023,1,2023-01-04 09:30:00+00:00,2023Q1,2023
1720,57348,2023-01-04 14:30:00+00:00,57349,2023-01-04 15:00:00+00:00,SELL,1854.97,1859.4765171222475,1859.4765171222475,1845.9569657555048,0.1,-45.765171222474876,-450.65171222474874,-1.0,SL,2023Q1,2023,1,2023-01-04 14:30:00+00:00,2023Q1,2023
1721,57372,2023-01-05 03:30:00+00:00,57376,2023-01-05 05:30:00+00:00,BUY,1857.57,1853.2417079189881,1853.2417079189881,1866.2265841620233,0.1,-43.98292081011796,-432.8292081011796,-1.0,SL,2023Q1,2023,4,2023-01-05 03:30:00+00:00,2023Q1,2023
1722,57480,2023-01-09 11:30:00+00:00,57487,2023-01-09 15:00:00+00:00,SELL,1872.38,1876.3225942787594,1876.3225942787594,1864.4948114424815,0.1,-40.12594278759316,-394.2594278759316,-1.0,SL,2023Q1,2023,7,2023-01-09 11:30:00+00:00,2023Q1,2023
1723,57488,2023-01-09 15:30:00+00:00,57492,2023-01-09 17:30:00+00:00,BUY,1876.94,1873.160168023688,1873.160168023688,1884.4996639526244,0.1,-38.49831976312153,-377.98319763121526,-1.0,SL,2023Q1,2023,4,2023-01-09 15:30:00+00:00,2023Q1,2023
1724,57501,2023-01-09 22:00:00+00:00,57501,2023-01-09 22:00:00+00:00,BUY,1875.34,1870.6566643728975,1870.6566643728975,1884.7066712542046,0.1,-47.533356271024516,-468.33356271024513,-1.0,SL,2023Q1,2023,0,2023-01-09 22:00:00+00:00,2023Q1,2023
1725,57541,2023-01-10 19:00:00+00:00,57542,2023-01-10 19:30:00+00:00,SELL,1871.44,1875.5686119128027,1875.5686119128027,1863.1827761743948,0.1,-41.98611912802626,-412.8611912802626,-1.0,SL,2023Q1,2023,1,2023-01-10 19:00:00+00:00,2023Q1,2023
1726,57583,2023-01-11 17:00:00+00:00,57587,2023-01-11 19:00:00+00:00,SELL,1871.62,1875.8878322969574,1875.8878322969574,1863.084335406085,0.1,-43.37832296957522,-426.7832296957522,-1.0,SL,2023Q1,2023,4,2023-01-11 17:00:00+00:00,2023Q1,2023
1727,57597,2023-01-12 01:00:00+00:00,57601,2023-01-12 03:00:00+00:00,SELL,1875.0,1878.4724707275896,1878.4724707275896,1868.055058544821,0.1,-35.42470727589553,-347.24707275895526,-1.0,SL,2023Q1,2023,4,2023-01-12 01:00:00+00:00,2023Q1,2023
1728,57622,2023-01-12 13:30:00+00:00,57625,2023-01-12 15:00:00+00:00,BUY,1885.36,1890.768692562806,1882.6556537185968,1890.768692562806,0.1,53.38692562806209,540.8692562806209,1.9243064928817053,TP,2023Q1,2023,3,2023-01-12 13:30:00+00:00,2023Q1,2023
1729,57786,2023-01-18 06:00:00+00:00,57790,2023-01-18 08:00:00+00:00,SELL,1899.97,1903.7169251043501,1903.7169251043501,1892.4761497912996,0.1,-38.16925104350112,-374.6925104350112,-1.0,SL,2023Q1,2023,4,2023-01-18 06:00:00+00:00,2023Q1,2023
1730,57793,2023-01-18 09:30:00+00:00,57797,2023-01-18 11:30:00+00:00,BUY,1907.42,1915.5695669925374,1903.3452165037315,1915.5695669925374,0.1,80.79566992537302,814.9566992537302,1.9493339036432586,TP,2023Q1,2023,4,2023-01-18 09:30:00+00:00,2023Q1,2023
1731,57855,2023-01-19 17:30:00+00:00,57863,2023-01-19 21:30:00+00:00,BUY,1921.66,1931.1289565313393,1916.9255217343305,1931.1289565313393,0.1,93.98956531339245,946.8956531339245,1.9562907794795212,TP,2023Q1,2023,8,2023-01-19 17:30:00+00:00,2023Q1,2023
1732,57917,2023-01-23 02:30:00+00:00,57928,2023-01-23 08:00:00+00:00,BUY,1928.87,1925.466615272753,1925.466615272753,1935.6767694544938,0.1,-34.733847272469305,-340.338472724693,-1.0,SL,2023Q1,2023,11,2023-01-23 02:30:00+00:00,2023Q1,2023
1733,57944,2023-01-23 16:00:00+00:00,57945,2023-01-23 16:30:00+00:00,SELL,1921.76,1914.1159613689128,1925.5820193155437,1914.1159613689128,0.1,75.74038631087141,764.4038631087142,1.9460434332477374,TP,2023Q1,2023,1,2023-01-23 16:00:00+00:00,2023Q1,2023
1734,57970,2023-01-24 06:00:00+00:00,57974,2023-01-24 08:00:00+00:00,SELL,1933.34,1936.6223728002228,1936.6223728002228,1926.775254399554,0.1,-33.52372800222902,-328.2372800222902,-1.0,SL,2023Q1,2023,4,2023-01-24 06:00:00+00:00,2023Q1,2023
1735,58077,2023-01-26 13:30:00+00:00,58081,2023-01-26 15:30:00+00:00,SELL,1934.56,1938.5567367741696,1938.5567367741696,1926.5665264516606,0.1,-40.667367741696765,-399.6736774169676,-1.0,SL,2023Q1,2023,4,2023-01-26 13:30:00+00:00,2023Q1,2023
1736,58086,2023-01-26 18:00:00+00:00,58088,2023-01-26 19:00:00+00:00,SELL,1924.67,1930.255377158349,1930.255377158349,1913.4992456833027,0.1,-56.5537715834882,-558.537715834882,-1.0,SL,2023Q1,2023,2,2023-01-26 18:00:00+00:00,2023Q1,2023
1737,58161,2023-01-30 09:30:00+00:00,58200,2023-01-31 06:00:00+00:00,SELL,1928.5,1920.7542271132018,1932.372886443399,1920.7542271132018,0.1,76.7577288679825,774.577288679825,1.946739526229231,TP,2023Q1,2023,39,2023-01-30 09:30:00+00:00,2023Q1,2023
1738,58209,2023-01-31 10:30:00+00:00,58217,2023-01-31 14:30:00+00:00,SELL,1907.26,1911.1072062379287,1911.1072062379287,1899.5655875241425,0.1,-39.17206237928731,-384.7206237928731,-1.0,SL,2023Q1,2023,8,2023-01-31 10:30:00+00:00,2023Q1,2023
1739,58220,2023-01-31 16:00:00+00:00,58226,2023-01-31 19:00:00+00:00,BUY,1919.81,1930.1096155398088,1914.6601922300956,1930.1096155398088,0.1,102.29615539808883,1029.9615539808883,1.9597686333947846,TP,2023Q1,2023,6,2023-01-31 16:00:00+00:00,2023Q1,2023
1740,58272,2023-02-01 19:00:00+00:00,58277,2023-02-01 21:30:00+00:00,SELL,1925.01,1929.458346375599,1929.458346375599,1916.1133072488021,0.1,-45.18346375598931,-444.83463755989305,-1.0,SL,2023Q1,2023,5,2023-02-01 19:00:00+00:00,2023Q1,2023
1741,58306,2023-02-02 13:00:00+00:00,58312,2023-02-02 16:00:00+00:00,SELL,1952.56,1943.4120411209185,1957.1339794395408,1943.4120411209185,0.1,90.77958879081443,914.7958879081443,1.9547801615545068,TP,2023Q1,2023,6,2023-02-02 13:00:00+00:00,2023Q1,2023
1742,58320,2023-02-02 20:00:00+00:00,58357,2023-02-03 15:30:00+00:00,SELL,1912.15,1897.971334719257,1919.2393326403717,1897.971334719257,0.1,141.0866528074319,1417.866528074319,1.9706676570919746,TP,2023Q1,2023,37,2023-02-02 20:00:00+00:00,2023Q1,2023
1743,58363,2023-02-03 18:30:00+00:00,58380,2023-02-06 04:00:00+00:00,SELL,1866.09,1874.2794887977082,1874.2794887977082,1849.7110224045834,0.1,-82.59488797708237,-818.9488797708236,-1.0,SL,2023Q1,2023,17,2023-02-03 18:30:00+00:00,2023Q1,2023
1744,58395,2023-02-06 11:30:00+00:00,58407,2023-02-06 17:30:00+00:00,SELL,1874.03,1863.8064767369028,1879.1417616315484,1863.8064767369028,0.1,101.53523263097149,1022.352326309715,1.9594732419335508,TP,2023Q1,2023,12,2023-02-06 11:30:00+00:00,2023Q1,2023
1745,58411,2023-02-06 19:30:00+00:00,58414,2023-02-06 21:00:00+00:00,SELL,1864.46,1869.4655411601202,1869.4655411601202,1854.4489176797597,0.1,-50.75541160120174,-500.5541160120174,-1.0,SL,2023Q1,2023,3,2023-02-06 19:30:00+00:00,2023Q1,2023
1746,58422,2023-02-07 02:00:00+00:00,58435,2023-02-07 08:30:00+00:00,BUY,1868.7,1876.38537287609,1864.857313561955,1876.38537287609,0.1,76.15372876090014,768.5372876090014,1.9463284361459976,TP,2023Q1,2023,13,2023-02-07 02:00:00+00:00,2023Q1,2023
1747,58444,2023-02-07 13:00:00+00:00,58453,2023-02-07 17:30:00+00:00,SELL,1871.83,1875.7378945813366,1875.7378945813366,1864.0142108373268,0.1,-39.778945813366775,-390.7894581336677,-1.0,SL,2023Q1,2023,9,2023-02-07 13:00:00+00:00,2023Q1,2023
1748,58460,2023-02-07 21:00:00+00:00,58465,2023-02-07 23:30:00+00:00,SELL,1869.21,1876.2344983556047,1876.2344983556047,1855.1610032887909,0.1,-70.94498355604692,-702.4498355604692,-1.0,SL,2023Q1,2023,5,2023-02-07 21:00:00+00:00,2023Q1,2023
1749,58479,2023-02-08 07:30:00+00:00,58482,2023-02-08 09:00:00+00:00,SELL,1875.46,1879.6027791983254,1879.6027791983254,1867.1744416033494,0.1,-42.12779198325343,-414.2779198325343,-1.0,SL,2023Q1,2023,3,2023-02-08 07:30:00+00:00,2023Q1,2023
1750,58497,2023-02-08 16:30:00+00:00,58497,2023-02-08 16:30:00+00:00,BUY,1881.16,1875.8857749891883,1875.8857749891883,1891.7084500216235,0.1,-53.442250108117335,-527.4225010811733,-1.0,SL,2023Q1,2023,0,2023-02-08 16:30:00+00:00,2023Q1,2023
1751,58579,2023-02-10 11:30:00+00:00,58587,2023-02-10 15:30:00+00:00,SELL,1862.42,1867.6144206900067,1867.6144206900067,1852.0311586199869,0.1,-52.644206900066095,-519.4420690006609,-1.0,SL,2023Q1,2023,8,2023-02-10 11:30:00+00:00,2023Q1,2023
1752,58614,2023-02-13 06:00:00+00:00,58618,2023-02-13 08:00:00+00:00,SELL,1858.66,1862.2886128476816,1862.2886128476816,1851.4027743046368,0.1,-36.98612847681552,-362.8612847681552,-1.0,SL,2023Q1,2023,4,2023-02-13 06:00:00+00:00,2023Q1,2023
1753,58755,2023-02-16 07:30:00+00:00,58759,2023-02-16 09:30:00+00:00,SELL,1837.84,1841.0563316227606,1841.0563316227606,1831.4073367544786,0.1,-32.86331622760663,-321.6331622760663,-1.0,SL,2023Q1,2023,4,2023-02-16 07:30:00+00:00,2023Q1,2023
1754,58764,2023-02-16 12:00:00+00:00,58765,2023-02-16 12:30:00+00:00,SELL,1835.35,1839.3092139282337,1839.3092139282337,1827.4315721435325,0.1,-40.29213928233794,-395.9213928233794,-1.0,SL,2023Q1,2023,1,2023-02-16 12:00:00+00:00,2023Q1,2023
1755,58810,2023-02-17 12:00:00+00:00,58820,2023-02-17 17:00:00+00:00,BUY,1825.92,1834.4369532701141,1821.661523364943,1834.4369532701141,0.1,84.46953270114072,851.6953270114072,1.9514840860409415,TP,2023Q1,2023,10,2023-02-17 12:00:00+00:00,2023Q1,2023
1756,58839,2023-02-20 03:30:00+00:00,58884,2023-02-21 05:30:00+00:00,BUY,1841.34,1837.8343038780533,1837.8343038780533,1848.351392243893,0.1,-35.75696121946585,-350.5696121946585,-1.0,SL,2023Q1,2023,45,2023-02-20 03:30:00+00:00,2023Q1,2023
1757,58946,2023-02-22 13:30:00+00:00,58946,2023-02-22 13:30:00+00:00,BUY,1839.49,1836.0337118115847,1836.0337118115847,1846.4025763768304,0.1,-35.26288188415329,-345.62881884153285,-1.0,SL,2023Q1,2023,0,2023-02-22 13:30:00+00:00,2023Q1,2023
1758,58972,2023-02-23 03:30:00+00:00,58982,2023-02-23 08:30:00+00:00,BUY,1826.08,1833.0790289732795,1822.5804855133601,1833.0790289732795,0.1,69.29028973279564,699.9028973279565,1.9411684696095217,TP,2023Q1,2023,10,2023-02-23 03:30:00+00:00,2023Q1,2023
1759,58986,2023-02-23 10:30:00+00:00,58996,2023-02-23 15:30:00+00:00,SELL,1827.54,1820.9416958143283,1830.8391520928358,1820.9416958143283,0.1,65.28304185671622,659.8304185671623,1.9376697773761695,TP,2023Q1,2023,10,2023-02-23 10:30:00+00:00,2023Q1,2023
1760,59016,2023-02-24 02:30:00+00:00,59031,2023-02-24 10:00:00+00:00,BUY,1824.01,1820.9047174426871,1820.9047174426871,1830.2205651146255,0.1,-31.752825573128757,-310.5282557312876,-1.0,SL,2023Q1,2023,15,2023-02-24 02:30:00+00:00,2023Q1,2023
1761,59056,2023-02-24 22:30:00+00:00,59068,2023-02-27 05:30:00+00:00,BUY,1812.66,1808.9719255586285,1808.9719255586285,1820.0361488827432,0.1,-37.58074441371555,-368.80744413715547,-1.0,SL,2023Q1,2023,12,2023-02-24 22:30:00+00:00,2023Q1,2023
1762,59129,2023-02-28 13:00:00+00:00,59134,2023-02-28 15:30:00+00:00,SELL,1808.95,1812.3013481769049,1812.3013481769049,1802.2473036461902,0.1,-34.213481769048215,-335.1348176904821,-1.0,SL,2023Q1,2023,5,2023-02-28 13:00:00+00:00,2023Q1,2023
1763,59142,2023-02-28 19:30:00+00:00,59152,2023-03-01 01:30:00+00:00,BUY,1830.53,1826.1822827896099,1826.1822827896099,1839.2254344207804,0.1,-44.177172103901015,-434.7717210390101,-1.0,SL,2023Q1,2023,10,2023-02-28 19:30:00+00:00,2023Q1,2023
1764,59153,2023-03-01 02:00:00+00:00,59156,2023-03-01 03:30:00+00:00,SELL,1825.44,1828.567941903029,1828.567941903029,1819.1841161939421,0.1,-31.97941903028841,-312.7941903028841,-1.0,SL,2023Q1,2023,3,2023-03-01 02:00:00+00:00,2023Q1,2023
1765,59157,2023-03-01 04:00:00+00:00,59166,2023-03-01 08:30:00+00:00,BUY,1829.23,1835.6388907586636,1826.0255546206683,1835.6388907586636,0.1,63.38890758663574,640.8890758663574,1.9358670016836148,TP,2023Q1,2023,9,2023-03-01 04:00:00+00:00,2023Q1,2023
1766,59179,2023-03-01 15:00:00+00:00,59179,2023-03-01 15:00:00+00:00,BUY,1840.67,1836.7642227685812,1836.7642227685812,1848.4815544628377,0.1,-39.757772314188244,-390.5777231418824,-1.0,SL,2023Q1,2023,0,2023-03-01 15:00:00+00:00,2023Q1,2023
1767,59237,2023-03-02 21:00:00+00:00,59258,2023-03-03 08:30:00+00:00,BUY,1836.06,1843.475480115485,1832.3522599422574,1843.475480115485,0.1,73.45480115485024,741.5480115485025,1.9444112096676414,TP,2023Q1,2023,21,2023-03-02 21:00:00+00:00,2023Q1,2023
1768,59413,2023-03-08 17:00:00+00:00,59413,2023-03-08 17:00:00+00:00,BUY,1820.66,1817.4508978360927,1817.4508978360927,1827.0782043278145,0.1,-32.79102163907346,-320.9102163907346,-1.0,SL,2023Q1,2023,0,2023-03-08 17:00:00+00:00,2023Q1,2023
1769,59417,2023-03-08 19:00:00+00:00,59456,2023-03-09 15:30:00+00:00,SELL,1817.65,1821.3928380597501,1821.3928380597501,1810.1643238805002,0.1,-38.128380597500566,-374.28380597500563,-1.0,SL,2023Q1,2023,39,2023-03-08 19:00:00+00:00,2023Q1,2023
1770,59495,2023-03-10 12:00:00+00:00,59495,2023-03-10 12:00:00+00:00,SELL,1831.57,1835.0507840875248,1835.0507840875248,1824.6084318249502,0.1,-35.50784087524853,-348.0784087524853,-1.0,SL,2023Q1,2023,0,2023-03-10 12:00:00+00:00,2023Q1,2023
1771,59608,2023-03-14 21:30:00+00:00,59631,2023-03-15 10:00:00+00:00,SELL,1905.45,1894.5344950351268,1910.9077524824368,1894.5344950351268,0.1,108.45504964873207,1091.5504964873207,1.962009876406829,TP,2023Q1,2023,23,2023-03-14 21:30:00+00:00,2023Q1,2023
1772,59635,2023-03-15 12:00:00+00:00,59635,2023-03-15 12:00:00+00:00,BUY,1896.48,1905.8809819965923,1891.779509001704,1905.8809819965923,0.1,93.30981996592236,940.0981996592236,1.955979374015168,TP,2023Q1,2023,0,2023-03-15 12:00:00+00:00,2023Q1,2023
1773,59668,2023-03-16 05:30:00+00:00,59684,2023-03-16 13:30:00+00:00,BUY,1913.19,1925.4400523344523,1907.064973832774,1925.4400523344523,0.1,121.8005233445222,1225.005233445222,1.9661018380986424,TP,2023Q1,2023,16,2023-03-16 05:30:00+00:00,2023Q1,2023
1774,59691,2023-03-16 17:00:00+00:00,59713,2023-03-17 05:00:00+00:00,SELL,1922.42,1929.4562780498907,1929.4562780498907,1908.3474439002189,0.1,-71.06278049890598,-703.6278049890598,-1.0,SL,2023Q1,2023,22,2023-03-16 17:00:00+00:00,2023Q1,2023
1775,59717,2023-03-17 07:00:00+00:00,59731,2023-03-17 14:00:00+00:00,BUY,1931.11,1939.1608418750552,1927.0845790624721,1939.1608418750552,0.1,79.80841875055312,805.0841875055312,1.948723219614393,TP,2023Q1,2023,14,2023-03-17 07:00:00+00:00,2023Q1,2023
1776,59732,2023-03-17 14:30:00+00:00,59733,2023-03-17 15:00:00+00:00,BUY,1940.92,1950.0167793428348,1936.3716103285826,1950.0167793428348,0.1,90.26779342834679,909.677934283468,1.9545296055679564,TP,2023Q1,2023,1,2023-03-17 14:30:00+00:00,2023Q1,2023
1777,59755,2023-03-20 03:00:00+00:00,59764,2023-03-20 07:30:00+00:00,SELL,1972.1,1979.4594674711548,1979.4594674711548,1957.3810650576904,0.1,-74.29467471154858,-735.9467471154858,-1.0,SL,2023Q1,2023,9,2023-03-20 03:00:00+00:00,2023Q1,2023
1778,59768,2023-03-20 09:30:00+00:00,59769,2023-03-20 10:00:00+00:00,BUY,2006.31,1998.1371552541896,1998.1371552541896,2022.6556894916207,0.1,-82.4284474581038,-817.284474581038,-1.0,SL,2023Q1,2023,1,2023-03-20 09:30:00+00:00,2023Q1,2023
1779,59844,2023-03-22 01:30:00+00:00,59851,2023-03-22 05:00:00+00:00,BUY,1943.54,1938.345475889027,1938.345475889027,1953.929048221946,0.1,-52.64524110972907,-519.4524110972907,-1.0,SL,2023Q1,2023,7,2023-03-22 01:30:00+00:00,2023Q1,2023
1780,59862,2023-03-22 10:30:00+00:00,59866,2023-03-22 12:30:00+00:00,BUY,1944.98,1940.1697577909467,1940.1697577909467,1954.6004844181066,0.1,-48.80242209053286,-481.02422090532855,-1.0,SL,2023Q1,2023,4,2023-03-22 10:30:00+00:00,2023Q1,2023
1781,59873,2023-03-22 16:00:00+00:00,59881,2023-03-22 20:00:00+00:00,BUY,1943.01,1952.527234777757,1938.2513826111215,1952.527234777757,0.1,94.47234777757039,951.7234777757039,1.9565092897019172,TP,2023Q1,2023,8,2023-03-22 16:00:00+00:00,2023Q1,2023
1782,59922,2023-03-23 17:30:00+00:00,59927,2023-03-23 20:00:00+00:00,BUY,1985.92,1999.9351097412532,1978.9124451293735,1999.9351097412532,0.1,139.45109741253128,1401.5109741253127,1.9703287358644797,TP,2023Q1,2023,5,2023-03-23 17:30:00+00:00,2023Q1,2023
1783,59950,2023-03-24 08:30:00+00:00,59953,2023-03-24 10:00:00+00:00,SELL,1987.0,1991.5949076298195,1991.5949076298195,1977.8101847403611,0.1,-46.64907629819545,-459.4907629819545,-1.0,SL,2023Q1,2023,3,2023-03-24 08:30:00+00:00,2023Q1,2023
1784,59965,2023-03-24 16:00:00+00:00,59965,2023-03-24 16:00:00+00:00,SELL,1989.46,1995.9932782986937,1995.9932782986937,1976.3934434026128,0.1,-66.03278298693631,-653.3278298693631,-1.0,SL,2023Q1,2023,0,2023-03-24 16:00:00+00:00,2023Q1,2023
1785,59972,2023-03-24 19:30:00+00:00,59997,2023-03-27 10:00:00+00:00,SELL,1980.88,1966.2283699032753,1988.2058150483624,1966.2283699032753,0.1,145.8163009672483,1465.163009672483,1.971605563602314,TP,2023Q1,2023,25,2023-03-24 19:30:00+00:00,2023Q1,2023
1786,60047,2023-03-28 12:00:00+00:00,60049,2023-03-28 13:00:00+00:00,SELL,1950.11,1954.1280743599075,1954.1280743599075,1942.0738512801847,0.1,-40.88074359907587,-401.8074359907587,-1.0,SL,2023Q1,2023,2,2023-03-28 12:00:00+00:00,2023Q1,2023
1787,60098,2023-03-29 14:30:00+00:00,60099,2023-03-29 15:00:00+00:00,SELL,1964.45,1968.24668231594,1968.24668231594,1956.8566353681204,0.1,-38.66682315939961,-379.6682315939961,-1.0,SL,2023Q1,2023,1,2023-03-29 14:30:00+00:00,2023Q1,2023
1788,60105,2023-03-29 18:00:00+00:00,60105,2023-03-29 18:00:00+00:00,BUY,1969.25,1964.385932416611,1964.385932416611,1978.9781351667782,0.1,-49.340675833889875,-486.4067583388987,-1.0,SL,2023Q1,2023,0,2023-03-29 18:00:00+00:00,2023Q1,2023
1789,60273,2023-04-04 10:00:00+00:00,60286,2023-04-04 16:30:00+00:00,BUY,1981.72,1988.611180174564,1978.274409912718,1988.611180174564,0.1,68.21180174563942,689.1180174563942,1.9402660734652488,TP,2023Q2,2023,13,2023-04-04 10:00:00+00:00,2023Q2,2023
1790,60304,2023-04-05 02:30:00+00:00,60333,2023-04-05 17:00:00+00:00,BUY,2023.46,2019.0999751526194,2019.0999751526194,2032.180049694761,0.1,-44.30024847380601,-436.00248473806005,-1.0,SL,2023Q2,2023,29,2023-04-05 02:30:00+00:00,2023Q2,2023
1791,60384,2023-04-06 19:30:00+00:00,60386,2023-04-06 20:30:00+00:00,BUY,2014.27,2009.0377952962078,2009.0377952962078,2024.734409407584,0.1,-53.022047037921496,-523.2204703792149,-1.0,SL,2023Q2,2023,2,2023-04-06 19:30:00+00:00,2023Q2,2023
1792,60402,2023-04-10 05:30:00+00:00,60414,2023-04-10 11:30:00+00:00,SELL,1993.95,1998.8950148218134,1998.8950148218134,1984.0599703563732,0.1,-50.15014821813402,-494.5014821813402,-1.0,SL,2023Q2,2023,12,2023-04-10 05:30:00+00:00,2023Q2,2023
1793,60442,2023-04-11 02:30:00+00:00,60446,2023-04-11 04:30:00+00:00,BUY,1992.25,1988.9642637510653,1988.9642637510653,1998.8214724978695,0.1,-33.557362489346545,-328.5736248934654,-1.0,SL,2023Q2,2023,4,2023-04-11 02:30:00+00:00,2023Q2,2023
1794,60498,2023-04-12 07:30:00+00:00,60501,2023-04-12 09:00:00+00:00,BUY,2018.9,2015.5162798764609,2015.5162798764609,2025.6674402470787,0.1,-34.53720123539206,-338.3720123539206,-1.0,SL,2023Q2,2023,3,2023-04-12 07:30:00+00:00,2023Q2,2023
1795,60502,2023-04-12 09:30:00+00:00,60509,2023-04-12 13:00:00+00:00,SELL,2014.63,2007.5214960980632,2018.1842519509687,2007.5214960980632,0.1,70.38503901936956,710.8503901936956,1.9420570084968554,TP,2023Q2,2023,7,2023-04-12 09:30:00+00:00,2023Q2,2023
1796,60524,2023-04-12 20:30:00+00:00,60548,2023-04-13 09:30:00+00:00,BUY,2010.17,2022.8191957311622,2003.8454021344191,2022.8191957311622,0.1,125.7919573116208,1264.919573116208,1.9671597801121938,TP,2023Q2,2023,24,2023-04-12 20:30:00+00:00,2023Q2,2023
1797,60551,2023-04-13 11:00:00+00:00,60560,2023-04-13 15:30:00+00:00,BUY,2024.61,2032.1110729294264,2020.8594635352867,2032.1110729294264,0.1,74.31072929426527,750.1072929426527,1.945033897218531,TP,2023Q2,2023,9,2023-04-13 11:00:00+00:00,2023Q2,2023
1798,60563,2023-04-13 17:00:00+00:00,60563,2023-04-13 17:00:00+00:00,BUY,2046.63,2041.2153128524462,2041.2153128524462,2057.459374295108,0.1,-54.84687147553878,-541.4687147553877,-1.0,SL,2023Q2,2023,0,2023-04-13 17:00:00+00:00,2023Q2,2023
1799,60601,2023-04-14 13:00:00+00:00,60603,2023-04-14 14:00:00+00:00,BUY,2038.8,2034.7312941225357,2034.7312941225357,2046.9374117549287,0.1,-41.38705877464254,-406.8705877464254,-1.0,SL,2023Q2,2023,2,2023-04-14 13:00:00+00:00,2023Q2,2023
1800,60648,2023-04-17 13:30:00+00:00,60652,2023-04-17 15:30:00+00:00,SELL,2007.72,1999.481745811971,2011.8391270940147,1999.481745811971,0.1,81.68254188029032,823.8254188029032,1.9498702246823034,TP,2023Q2,2023,4,2023-04-17 13:30:00+00:00,2023Q2,2023
1801,60679,2023-04-18 06:00:00+00:00,60683,2023-04-18 08:00:00+00:00,BUY,2000.48,1997.0090408988967,1997.0090408988967,2007.4219182022064,0.1,-35.4095910110329,-347.095910110329,-1.0,SL,2023Q2,2023,4,2023-04-18 06:00:00+00:00,2023Q2,2023
1802,60692,2023-04-18 12:30:00+00:00,60693,2023-04-18 13:00:00+00:00,SELL,1999.98,2003.4916729543504,2003.4916729543504,1992.9566540912992,0.1,-35.81672954350388,-351.1672954350388,-1.0,SL,2023Q2,2023,1,2023-04-18 12:30:00+00:00,2023Q2,2023
1803,60731,2023-04-19 09:00:00+00:00,60731,2023-04-19 09:00:00+00:00,SELL,2000.37,1993.9926194512009,2003.5586902743994,1993.9926194512009,0.1,63.0738054879901,637.738054879901,1.9355569316759633,TP,2023Q2,2023,0,2023-04-19 09:00:00+00:00,2023Q2,2023
1804,60736,2023-04-19 11:30:00+00:00,60738,2023-04-19 12:30:00+00:00,SELL,1986.06,1976.1692964313506,1991.0053517843246,1976.1692964313506,0.1,98.20703568649314,989.0703568649315,1.9581285602624425,TP,2023Q2,2023,2,2023-04-19 11:30:00+00:00,2023Q2,2023
1805,60739,2023-04-19 13:00:00+00:00,60744,2023-04-19 15:30:00+00:00,SELL,1973.99,1979.4709768112832,1979.4709768112832,1963.0280463774336,0.1,-55.50976811283199,-548.0976811283199,-1.0,SL,2023Q2,2023,5,2023-04-19 13:00:00+00:00,2023Q2,2023
1806,60751,2023-04-19 19:00:00+00:00,60756,2023-04-19 21:30:00+00:00,SELL,1990.75,1996.7444549471886,1996.7444549471886,1978.7610901056225,0.1,-60.64454947188615,-599.4454947188615,-1.0,SL,2023Q2,2023,5,2023-04-19 19:00:00+00:00,2023Q2,2023
1807,60887,2023-04-24 18:00:00+00:00,60899,2023-04-25 01:00:00+00:00,BUY,1982.65,1992.0683397329808,1977.9408301335097,1992.0683397329808,0.1,93.48339732980712,941.8339732980712,1.9560593145114098,TP,2023Q2,2023,12,2023-04-24 18:00:00+00:00,2023Q2,2023
1808,60909,2023-04-25 06:00:00+00:00,60923,2023-04-25 13:00:00+00:00,SELL,1994.56,1986.7882891361098,1998.4458554319451,1986.7882891361098,0.1,77.0171086389012,777.1710863890121,1.9469141368755818,TP,2023Q2,2023,14,2023-04-25 06:00:00+00:00,2023Q2,2023
1809,60956,2023-04-26 06:30:00+00:00,60962,2023-04-26 09:30:00+00:00,SELL,1994.63,1998.8908887550626,1998.8908887550626,1986.1082224898748,0.1,-43.30888755062524,-426.0888755062524,-1.0,SL,2023Q2,2023,6,2023-04-26 06:30:00+00:00,2023Q2,2023
1810,60968,2023-04-26 12:30:00+00:00,60972,2023-04-26 14:30:00+00:00,BUY,1999.06,1995.451494582919,1995.451494582919,2006.277010834162,0.1,-36.78505417081006,-360.85054170810054,-1.0,SL,2023Q2,2023,4,2023-04-26 12:30:00+00:00,2023Q2,2023
1811,60992,2023-04-27 01:30:00+00:00,61001,2023-04-27 06:00:00+00:00,BUY,1990.58,2000.7329588695538,1985.503520565223,2000.7329588695538,0.1,100.82958869553913,1015.2958869553913,1.9591954067510808,TP,2023Q2,2023,9,2023-04-27 01:30:00+00:00,2023Q2,2023
1812,61066,2023-04-28 15:30:00+00:00,61066,2023-04-28 15:30:00+00:00,SELL,1980.77,1984.2216517291206,1984.2216517291206,1973.8666965417588,0.1,-35.21651729120613,-345.1651729120613,-1.0,SL,2023Q2,2023,0,2023-04-28 15:30:00+00:00,2023Q2,2023
1813,61098,2023-05-01 08:30:00+00:00,61106,2023-05-01 12:30:00+00:00,SELL,1980.85,1984.2895682538283,1984.2895682538283,1973.9708634923431,0.1,-35.09568253828384,-343.95682538283836,-1.0,SL,2023Q2,2023,8,2023-05-01 08:30:00+00:00,2023Q2,2023
1814,61165,2023-05-02 19:00:00+00:00,61203,2023-05-03 15:00:00+00:00,BUY,2014.55,2008.9568512612054,2008.9568512612054,2025.736297477589,0.1,-56.631487387945256,-559.3148738794525,-1.0,SL,2023Q2,2023,38,2023-05-02 19:00:00+00:00,2023Q2,2023
1815,61206,2023-05-03 16:30:00+00:00,61206,2023-05-03 16:30:00+00:00,BUY,2018.9,2015.1059576934126,2015.1059576934126,2026.488084613175,0.1,-38.640423065874714,-379.4042306587471,-1.0,SL,2023Q2,2023,0,2023-05-03 16:30:00+00:00,2023Q2,2023
1816,61221,2023-05-04 01:00:00+00:00,61221,2023-05-04 01:00:00+00:00,BUY,2045.25,2061.024992418672,2037.362503790664,2061.024992418672,0.1,157.049924186719,1577.49924186719,1.9736097895021776,TP,2023Q2,2023,0,2023-05-04 01:00:00+00:00,2023Q2,2023
1817,61228,2023-05-04 04:30:00+00:00,61254,2023-05-04 17:30:00+00:00,SELL,2049.08,2058.7787968963535,2058.7787968963535,2029.6824062072926,0.1,-97.68796896353543,-969.8796896353542,-1.0,SL,2023Q2,2023,26,2023-05-04 04:30:00+00:00,2023Q2,2023
1818,61263,2023-05-04 22:00:00+00:00,61285,2023-05-05 10:00:00+00:00,BUY,2049.64,2042.3406633846737,2042.3406633846737,2064.2386732306522,0.1,-73.69336615326183,-729.9336615326183,-1.0,SL,2023Q2,2023,22,2023-05-04 22:00:00+00:00,2023Q2,2023
1819,61286,2023-05-05 10:30:00+00:00,61295,2023-05-05 15:00:00+00:00,SELL,2043.07,2034.7982041118305,2047.2058979440847,2034.7982041118305,0.1,82.01795888169436,827.1795888169436,1.950070115159273,TP,2023Q2,2023,9,2023-05-05 10:30:00+00:00,2023Q2,2023
1820,61377,2023-05-09 10:00:00+00:00,61381,2023-05-09 12:00:00+00:00,SELL,2023.95,2026.9591933506563,2026.9591933506563,2017.9316132986876,0.1,-30.791933506562327,-300.9193350656233,-1.0,SL,2023Q2,2023,4,2023-05-09 10:00:00+00:00,2023Q2,2023
1821,61398,2023-05-09 20:30:00+00:00,61414,2023-05-10 05:30:00+00:00,BUY,2035.46,2031.1496592970507,2031.1496592970507,2044.0806814058988,0.1,-43.80340702949361,-431.0340702949361,-1.0,SL,2023Q2,2023,16,2023-05-09 20:30:00+00:00,2023Q2,2023
1822,61439,2023-05-10 18:00:00+00:00,61456,2023-05-11 03:30:00+00:00,SELL,2029.03,2035.1608461007954,2035.1608461007954,2016.7683077984093,0.1,-62.00846100795452,-613.0846100795452,-1.0,SL,2023Q2,2023,17,2023-05-10 18:00:00+00:00,2023Q2,2023
1823,61487,2023-05-11 19:00:00+00:00,61528,2023-05-12 16:30:00+00:00,SELL,2013.45,2020.604485783972,2020.604485783972,1999.141028432056,0.1,-72.2448578397195,-715.448578397195,-1.0,SL,2023Q2,2023,41,2023-05-11 19:00:00+00:00,2023Q2,2023
1824,61544,2023-05-15 01:30:00+00:00,61562,2023-05-15 10:30:00+00:00,BUY,2012.06,2019.9234332630215,2008.128283368489,2019.9234332630215,0.1,77.93433263021534,786.3433263021534,1.9475225211234057,TP,2023Q2,2023,18,2023-05-15 01:30:00+00:00,2023Q2,2023
1825,61569,2023-05-15 14:00:00+00:00,61572,2023-05-15 15:30:00+00:00,SELL,2014.6,2017.828105504403,2017.828105504403,2008.1437889911938,0.1,-32.98105504403175,-322.81055044031746,-1.0,SL,2023Q2,2023,3,2023-05-15 14:00:00+00:00,2023Q2,2023
1826,61579,2023-05-15 19:00:00+00:00,61591,2023-05-16 02:00:00+00:00,BUY,2017.85,2013.6669337070336,2013.6669337070336,2026.2161325859322,0.1,-42.5306629296626,-418.30662929662594,-1.0,SL,2023Q2,2023,12,2023-05-15 19:00:00+00:00,2023Q2,2023
1827,61602,2023-05-16 07:30:00+00:00,61605,2023-05-16 09:00:00+00:00,SELL,2016.05,2011.2891329956874,2018.4304335021563,2011.2891329956874,0.1,46.90867004312558,476.08670043125585,1.9143008778587844,TP,2023Q2,2023,3,2023-05-16 07:30:00+00:00,2023Q2,2023
1828,61609,2023-05-16 11:00:00+00:00,61616,2023-05-16 14:30:00+00:00,BUY,2010.16,2006.8333930950876,2006.8333930950876,2016.8132138098251,0.1,-33.96606904912524,-332.66069049125235,-1.0,SL,2023Q2,2023,7,2023-05-16 11:00:00+00:00,2023Q2,2023
1829,61622,2023-05-16 17:30:00+00:00,61624,2023-05-16 18:30:00+00:00,SELL,2006.01,1997.433675708803,2010.2981621455983,1997.433675708803,0.1,85.06324291196897,857.6324291196897,1.9518145509542664,TP,2023Q2,2023,2,2023-05-16 17:30:00+00:00,2023Q2,2023
1830,61673,2023-05-17 20:00:00+00:00,61694,2023-05-18 07:30:00+00:00,BUY,1983.97,1979.717097801323,1979.717097801323,1992.475804397354,0.1,-43.229021986770206,-425.29021986770204,-1.0,SL,2023Q2,2023,21,2023-05-17 20:00:00+00:00,2023Q2,2023
1831,61728,2023-05-19 01:30:00+00:00,61733,2023-05-19 04:00:00+00:00,BUY,1958.32,1955.213466014302,1955.213466014302,1964.5330679713961,0.1,-31.76533985697979,-310.6533985697979,-1.0,SL,2023Q2,2023,5,2023-05-19 01:30:00+00:00,2023Q2,2023
1832,61754,2023-05-19 14:30:00+00:00,61761,2023-05-19 18:00:00+00:00,SELL,1962.4,1966.1587567818492,1966.1587567818492,1954.8824864363019,0.1,-38.287567818491155,-375.8756781849115,-1.0,SL,2023Q2,2023,7,2023-05-19 14:30:00+00:00,2023Q2,2023
1833,61769,2023-05-19 22:00:00+00:00,61779,2023-05-22 04:00:00+00:00,SELL,1976.83,1982.1975074040965,1982.1975074040965,1966.094985191807,0.1,-54.37507404096614,-536.7507404096614,-1.0,SL,2023Q2,2023,10,2023-05-19 22:00:00+00:00,2023Q2,2023
1834,61795,2023-05-22 12:00:00+00:00,61799,2023-05-22 14:00:00+00:00,BUY,1980.81,1976.9810582007628,1976.9810582007628,1988.4678835984741,0.1,-38.989417992371,-382.89417992371,-1.0,SL,2023Q2,2023,4,2023-05-22 12:00:00+00:00,2023Q2,2023
1835,61838,2023-05-23 10:30:00+00:00,61841,2023-05-23 12:00:00+00:00,SELL,1957.12,1960.9331547535762,1960.9331547535762,1949.493690492847,0.1,-38.83154753576328,-381.31547535763275,-1.0,SL,2023Q2,2023,3,2023-05-23 10:30:00+00:00,2023Q2,2023
1836,61929,2023-05-25 10:00:00+00:00,61940,2023-05-25 15:30:00+00:00,BUY,1959.1,1955.6712652708266,1955.6712652708266,1965.9574694583464,0.1,-34.98734729173357,-342.8734729173357,-1.0,SL,2023Q2,2023,11,2023-05-25 10:00:00+00:00,2023Q2,2023
1837,61958,2023-05-26 01:30:00+00:00,61962,2023-05-26 03:30:00+00:00,BUY,1942.44,1938.461947517759,1938.461947517759,1950.3961049644824,0.1,-40.48052482241083,-397.80524822410825,-1.0,SL,2023Q2,2023,4,2023-05-26 01:30:00+00:00,2023Q2,2023
1838,62001,2023-05-26 23:00:00+00:00,62003,2023-05-29 01:00:00+00:00,BUY,1947.56,1941.47,1943.7410744497888,1955.1978511004224,0.1,-61.599999999999184,-608.9999999999918,-1.5839850674604674,SL_GAP_OPEN_PESSIMISTIC,2023Q2,2023,2,2023-05-26 23:00:00+00:00,2023Q2,2023
1839,62008,2023-05-29 03:30:00+00:00,62009,2023-05-29 04:00:00+00:00,SELL,1942.49,1945.8021491196391,1945.8021491196391,1935.865701760722,0.1,-33.821491196391165,-331.2149119639116,-1.0,SL,2023Q2,2023,1,2023-05-29 03:30:00+00:00,2023Q2,2023
1840,62051,2023-05-30 04:30:00+00:00,62055,2023-05-30 06:30:00+00:00,BUY,1943.41,1941.1910402878873,1941.1910402878873,1947.8479194242257,0.1,-22.889597121127917,-221.89597121127917,-1.0,SL,2023Q2,2023,4,2023-05-30 04:30:00+00:00,2023Q2,2023
1841,62095,2023-05-31 03:30:00+00:00,62105,2023-05-31 08:30:00+00:00,SELL,1957.84,1960.6586607892805,1960.6586607892805,1952.2026784214388,0.1,-28.886607892805568,-281.8660789280557,-1.0,SL,2023Q2,2023,10,2023-05-31 03:30:00+00:00,2023Q2,2023
1842,62109,2023-05-31 10:30:00+00:00,62118,2023-05-31 15:00:00+00:00,SELL,1957.48,1961.091021701908,1961.091021701908,1950.2579565961842,0.1,-36.8102170190793,-361.102170190793,-1.0,SL,2023Q2,2023,9,2023-05-31 10:30:00+00:00,2023Q2,2023
1843,62137,2023-06-01 01:30:00+00:00,62154,2023-06-01 10:00:00+00:00,BUY,1964.31,1960.2432949430931,1960.2432949430931,1972.4434101138136,0.1,-41.36705056906813,-406.67050569068124,-1.0,SL,2023Q2,2023,17,2023-06-01 01:30:00+00:00,2023Q2,2023
1844,62171,2023-06-01 18:30:00+00:00,62211,2023-06-02 15:30:00+00:00,BUY,1979.1,1973.7879058446551,1973.7879058446551,1989.7241883106894,0.1,-53.82094155344767,-531.2094155344766,-1.0,SL,2023Q2,2023,40,2023-06-01 18:30:00+00:00,2023Q2,2023
1845,62214,2023-06-02 17:00:00+00:00,62219,2023-06-02 19:30:00+00:00,SELL,1963.44,1952.9230808821567,1968.6984595589217,1952.9230808821567,0.1,104.46919117843372,1051.6919117843372,1.9605889849255986,TP,2023Q2,2023,5,2023-06-02 17:00:00+00:00,2023Q2,2023
1846,62234,2023-06-05 04:00:00+00:00,62247,2023-06-05 10:30:00+00:00,SELL,1946.38,1939.4935031695823,1949.823248415209,1939.4935031695823,0.1,68.16496830417854,688.6496830417855,1.9402262592389123,TP,2023Q2,2023,13,2023-06-05 04:00:00+00:00,2023Q2,2023
1847,62271,2023-06-05 22:30:00+00:00,62280,2023-06-06 04:00:00+00:00,BUY,1963.9,1959.5922115093342,1959.5922115093342,1972.5155769813316,0.1,-43.77788490665871,-430.7788490665871,-1.0,SL,2023Q2,2023,9,2023-06-05 22:30:00+00:00,2023Q2,2023
1848,62288,2023-06-06 08:00:00+00:00,62289,2023-06-06 08:30:00+00:00,BUY,1961.36,1958.4245254389311,1958.4245254389311,1967.2309491221374,0.1,-30.054745610687586,-293.54745610687587,-1.0,SL,2023Q2,2023,1,2023-06-06 08:00:00+00:00,2023Q2,2023
1849,62293,2023-06-06 10:30:00+00:00,62294,2023-06-06 11:00:00+00:00,SELL,1957.19,1960.3975182702945,1960.3975182702945,1950.7749634594109,0.1,-32.77518270294486,-320.7518270294486,-1.0,SL,2023Q2,2023,1,2023-06-06 10:30:00+00:00,2023Q2,2023
1850,62321,2023-06-07 01:30:00+00:00,62336,2023-06-07 09:00:00+00:00,BUY,1964.24,1961.2245066207954,1961.2245066207954,1970.2709867584092,0.1,-30.854933792045994,-301.54933792045995,-1.0,SL,2023Q2,2023,15,2023-06-07 01:30:00+00:00,2023Q2,2023
1851,62341,2023-06-07 11:30:00+00:00,62344,2023-06-07 13:00:00+00:00,BUY,1959.36,1965.0651364755058,1956.5074317622468,1965.0651364755058,0.1,56.35136475505924,570.5136475505924,1.9281453903154442,TP,2023Q2,2023,3,2023-06-07 11:30:00+00:00,2023Q2,2023
1852,62354,2023-06-07 18:00:00+00:00,62355,2023-06-07 18:30:00+00:00,SELL,1957.58,1948.242808275638,1962.248595862181,1948.242808275638,0.1,92.671917243619,933.7191724361901,1.9556830744575102,TP,2023Q2,2023,1,2023-06-07 18:00:00+00:00,2023Q2,2023
1853,62360,2023-06-07 21:00:00+00:00,62366,2023-06-08 01:00:00+00:00,BUY,1944.64,1939.571338607726,1939.571338607726,1954.7773227845482,0.1,-51.3866139227418,-506.866139227418,-1.0,SL,2023Q2,2023,6,2023-06-07 21:00:00+00:00,2023Q2,2023
1854,62405,2023-06-08 20:30:00+00:00,62441,2023-06-09 15:30:00+00:00,SELL,1963.37,1967.6771913399887,1967.6771913399887,1954.7556173200223,0.1,-43.771913399887765,-430.7191339988776,-1.0,SL,2023Q2,2023,36,2023-06-08 20:30:00+00:00,2023Q2,2023
1855,62444,2023-06-09 17:00:00+00:00,62444,2023-06-09 17:00:00+00:00,SELL,1961.44,1965.3377251221675,1965.3377251221675,1953.6445497556654,0.1,-39.67725122167458,-389.7725122167458,-1.0,SL,2023Q2,2023,0,2023-06-09 17:00:00+00:00,2023Q2,2023
1856,62479,2023-06-12 11:30:00+00:00,62487,2023-06-12 15:30:00+00:00,BUY,1964.25,1961.1707162527707,1961.1707162527707,1970.4085674944586,0.1,-31.49283747229283,-307.9283747229283,-1.0,SL,2023Q2,2023,8,2023-06-12 11:30:00+00:00,2023Q2,2023
1857,62506,2023-06-13 02:00:00+00:00,62522,2023-06-13 10:00:00+00:00,BUY,1958.42,1964.6719209190853,1955.2940395404573,1964.6719209190853,0.1,61.819209190852504,625.1920919085251,1.9342920531531629,TP,2023Q2,2023,16,2023-06-13 02:00:00+00:00,2023Q2,2023
1858,62539,2023-06-13 18:30:00+00:00,62569,2023-06-14 10:30:00+00:00,SELL,1945.26,1951.4572094862788,1951.4572094862788,1932.8655810274422,0.1,-62.6720948627878,-619.720948627878,-1.0,SL,2023Q2,2023,30,2023-06-13 18:30:00+00:00,2023Q2,2023
1859,62573,2023-06-14 12:30:00+00:00,62575,2023-06-14 13:30:00+00:00,BUY,1951.83,1948.8769446022761,1948.8769446022761,1957.7361107954473,0.1,-30.230553977238014,-295.30553977238014,-1.0,SL,2023Q2,2023,2,2023-06-14 12:30:00+00:00,2023Q2,2023
1860,62614,2023-06-15 10:00:00+00:00,62620,2023-06-15 13:00:00+00:00,SELL,1932.49,1936.786948697248,1936.786948697248,1923.8961026055044,0.1,-43.66948697247899,-429.6948697247899,-1.0,SL,2023Q2,2023,6,2023-06-15 10:00:00+00:00,2023Q2,2023
1861,62652,2023-06-16 06:00:00+00:00,62658,2023-06-16 09:00:00+00:00,SELL,1955.28,1958.5912649676713,1958.5912649676713,1948.657470064657,0.1,-33.812649676713775,-331.1264967671377,-1.0,SL,2023Q2,2023,6,2023-06-16 06:00:00+00:00,2023Q2,2023
1862,62664,2023-06-16 12:00:00+00:00,62672,2023-06-16 16:00:00+00:00,BUY,1963.31,1959.9090986973047,1959.9090986973047,1970.1118026053903,0.1,-34.709013026952746,-340.09013026952744,-1.0,SL,2023Q2,2023,8,2023-06-16 12:00:00+00:00,2023Q2,2023
1863,62716,2023-06-19 15:00:00+00:00,62716,2023-06-19 15:00:00+00:00,SELL,1948.4,1951.155478860866,1951.155478860866,1942.889042278268,0.1,-28.25478860865878,-275.5478860865878,-1.0,SL,2023Q2,2023,0,2023-06-19 15:00:00+00:00,2023Q2,2023
1864,62746,2023-06-20 09:30:00+00:00,62758,2023-06-20 15:30:00+00:00,BUY,1951.27,1948.545840022785,1948.545840022785,1956.7183199544302,0.1,-27.941599772150948,-272.4159977215095,-1.0,SL,2023Q2,2023,12,2023-06-20 09:30:00+00:00,2023Q2,2023
1865,62794,2023-06-21 10:30:00+00:00,62797,2023-06-21 12:00:00+00:00,BUY,1936.02,1933.118574126745,1933.118574126745,1941.8228517465097,0.1,-29.714258732549933,-290.14258732549933,-1.0,SL,2023Q2,2023,3,2023-06-21 10:30:00+00:00,2023Q2,2023
1866,62877,2023-06-23 06:00:00+00:00,62879,2023-06-23 07:00:00+00:00,SELL,1910.26,1913.067459451597,1913.067459451597,1904.645081096806,0.1,-28.774594515969692,-280.74594515969693,-1.0,SL,2023Q2,2023,2,2023-06-23 06:00:00+00:00,2023Q2,2023
1867,62887,2023-06-23 11:00:00+00:00,62896,2023-06-23 15:30:00+00:00,BUY,1918.18,1924.3361656998943,1915.101917150053,1924.3361656998943,0.1,60.86165699894245,615.6165699894245,1.9332927340195232,TP,2023Q2,2023,9,2023-06-23 11:00:00+00:00,2023Q2,2023
1868,62913,2023-06-26 01:00:00+00:00,62933,2023-06-26 11:00:00+00:00,BUY,1925.12,1932.03860998012,1921.66069500994,1932.03860998012,0.1,68.48609980120209,691.8609980120209,1.9404981999030342,TP,2023Q2,2023,20,2023-06-26 01:00:00+00:00,2023Q2,2023
1869,62980,2023-06-27 11:30:00+00:00,62987,2023-06-27 15:00:00+00:00,SELL,1925.27,1928.062531565286,1928.062531565286,1919.6849368694277,0.1,-28.625315652860262,-279.25315652860263,-1.0,SL,2023Q2,2023,7,2023-06-27 11:30:00+00:00,2023Q2,2023
1870,62988,2023-06-27 15:30:00+00:00,62988,2023-06-27 15:30:00+00:00,BUY,1927.13,1924.0374665252305,1924.0374665252305,1933.3150669495392,0.1,-31.625334747696524,-309.25334747696525,-1.0,SL,2023Q2,2023,0,2023-06-27 15:30:00+00:00,2023Q2,2023
1871,62999,2023-06-27 21:00:00+00:00,63009,2023-06-28 03:00:00+00:00,SELL,1912.07,1916.399557900227,1916.399557900227,1903.4108841995462,0.1,-43.995579002269736,-432.95579002269733,-1.0,SL,2023Q2,2023,10,2023-06-27 21:00:00+00:00,2023Q2,2023
1872,63016,2023-06-28 06:30:00+00:00,63021,2023-06-28 09:00:00+00:00,BUY,1916.48,1913.6159831671619,1913.6159831671619,1922.208033665676,0.1,-29.340168328381605,-286.40168328381606,-1.0,SL,2023Q2,2023,5,2023-06-28 06:30:00+00:00,2023Q2,2023
1873,63048,2023-06-28 22:30:00+00:00,63067,2023-06-29 09:00:00+00:00,SELL,1909.78,1902.8765824233237,1913.231708788338,1902.8765824233237,0.1,68.33417576676247,690.3417576676247,1.940369856617566,TP,2023Q2,2023,19,2023-06-28 22:30:00+00:00,2023Q2,2023
1874,63133,2023-06-30 19:00:00+00:00,63152,2023-07-03 05:30:00+00:00,BUY,1919.15,1915.183075744006,1915.183075744006,1927.0838485119884,0.1,-40.369242559941725,-396.6924255994172,-1.0,SL,2023Q2,2023,19,2023-06-30 19:00:00+00:00,2023Q2,2023
1875,63153,2023-07-03 06:00:00+00:00,63154,2023-07-03 06:30:00+00:00,SELL,1914.69,1917.2817362810983,1917.2817362810983,1909.5065274378037,0.1,-26.61736281098292,-259.1736281098292,-1.0,SL,2023Q3,2023,1,2023-07-03 06:00:00+00:00,2023Q3,2023
1876,63155,2023-07-03 07:00:00+00:00,63159,2023-07-03 09:00:00+00:00,BUY,1918.42,1915.7597146351757,1915.7597146351757,1923.740570729649,0.1,-27.302853648244035,-266.02853648244036,-1.0,SL,2023Q3,2023,4,2023-07-03 07:00:00+00:00,2023Q3,2023
1877,63253,2023-07-05 12:30:00+00:00,63256,2023-07-05 14:00:00+00:00,BUY,1928.8,1926.4473074810255,1926.4473074810255,1933.5053850379488,0.1,-24.22692518974436,-235.2692518974436,-1.0,SL,2023Q3,2023,3,2023-07-05 12:30:00+00:00,2023Q3,2023
1878,63276,2023-07-06 01:00:00+00:00,63276,2023-07-06 01:00:00+00:00,SELL,1914.57,1917.835296745798,1917.835296745798,1908.039406508404,0.1,-33.35296745797969,-326.52967457979685,-1.0,SL,2023Q3,2023,0,2023-07-06 01:00:00+00:00,2023Q3,2023
1879,63325,2023-07-07 02:30:00+00:00,63350,2023-07-07 15:00:00+00:00,BUY,1912.07,1918.6635528228396,1908.77322358858,1918.6635528228396,0.1,65.23552822839683,659.3552822839683,1.9376257956163359,TP,2023Q3,2023,25,2023-07-07 02:30:00+00:00,2023Q3,2023
1880,63375,2023-07-10 04:30:00+00:00,63379,2023-07-10 06:30:00+00:00,BUY,1926.11,1922.848670684437,1922.848670684437,1932.6326586311259,0.1,-33.31329315562989,-326.1329315562989,-1.0,SL,2023Q3,2023,4,2023-07-10 04:30:00+00:00,2023Q3,2023
1881,63382,2023-07-10 08:00:00+00:00,63385,2023-07-10 09:30:00+00:00,SELL,1921.11,1923.8988450971158,1923.8988450971158,1915.5323098057681,0.1,-28.588450971158817,-278.8845097115882,-1.0,SL,2023Q3,2023,3,2023-07-10 08:00:00+00:00,2023Q3,2023
1882,63415,2023-07-11 01:30:00+00:00,63418,2023-07-11 03:00:00+00:00,SELL,1924.55,1927.1608672187099,1927.1608672187099,1919.32826556258,0.1,-26.808672187099273,-261.08672187099273,-1.0,SL,2023Q3,2023,3,2023-07-11 01:30:00+00:00,2023Q3,2023
1883,63431,2023-07-11 09:30:00+00:00,63431,2023-07-11 09:30:00+00:00,BUY,1931.8,1936.6989898462762,1929.3505050768617,1936.6989898462762,0.1,48.28989846276208,489.89898462762085,1.9166499610411372,TP,2023Q3,2023,0,2023-07-11 09:30:00+00:00,2023Q3,2023
1884,63438,2023-07-11 13:00:00+00:00,63439,2023-07-11 13:30:00+00:00,BUY,1938.3,1934.9518087662332,1934.9518087662332,1944.9963824675337,0.1,-34.18191233766784,-334.81912337667836,-1.0,SL,2023Q3,2023,1,2023-07-11 13:00:00+00:00,2023Q3,2023
1885,63520,2023-07-13 08:00:00+00:00,63522,2023-07-13 09:00:00+00:00,SELL,1957.12,1959.9606310392217,1959.9606310392217,1951.4387379215566,0.1,-29.10631039221762,-284.0631039221762,-1.0,SL,2023Q3,2023,2,2023-07-13 08:00:00+00:00,2023Q3,2023
1886,63531,2023-07-13 13:30:00+00:00,63534,2023-07-13 15:00:00+00:00,SELL,1958.1,1961.0699067998005,1961.0699067998005,1952.1601864003987,0.1,-30.39906799800583,-296.9906799800583,-1.0,SL,2023Q3,2023,3,2023-07-13 13:30:00+00:00,2023Q3,2023
1887,63542,2023-07-13 19:00:00+00:00,63542,2023-07-13 19:00:00+00:00,SELL,1954.91,1959.3377615227453,1959.3377615227453,1946.0544769545097,0.1,-44.977615227451864,-442.7761522745186,-1.0,SL,2023Q3,2023,0,2023-07-13 19:00:00+00:00,2023Q3,2023
1888,63619,2023-07-17 11:30:00+00:00,63626,2023-07-17 15:00:00+00:00,BUY,1956.32,1953.185623128128,1953.185623128128,1962.5887537437436,0.1,-32.04376871871837,-313.43768718718366,-1.0,SL,2023Q3,2023,7,2023-07-17 11:30:00+00:00,2023Q3,2023
1889,63693,2023-07-19 02:30:00+00:00,63708,2023-07-19 10:00:00+00:00,SELL,1977.78,1981.125957400631,1981.125957400631,1971.0880851987376,0.1,-34.15957400631051,-334.59574006310504,-1.0,SL,2023Q3,2023,15,2023-07-19 02:30:00+00:00,2023Q3,2023
1890,63761,2023-07-20 13:30:00+00:00,63762,2023-07-20 14:00:00+00:00,BUY,1982.89,1979.857530757258,1979.857530757258,1988.9549384854843,0.1,-31.024692427420813,-303.24692427420814,-1.0,SL,2023Q3,2023,1,2023-07-20 13:30:00+00:00,2023Q3,2023
1891,63769,2023-07-20 17:30:00+00:00,63802,2023-07-21 11:00:00+00:00,SELL,1971.7,1962.652634915166,1976.2236825424172,1962.652634915166,0.1,89.77365084834155,904.7365084834155,1.954285042977801,TP,2023Q3,2023,33,2023-07-20 17:30:00+00:00,2023Q3,2023
1892,63820,2023-07-21 20:00:00+00:00,63834,2023-07-24 04:00:00+00:00,BUY,1963.69,1959.7059189383244,1959.7059189383244,1971.6581621233515,0.1,-40.54081061675625,-398.40810616756244,-1.0,SL,2023Q3,2023,14,2023-07-21 20:00:00+00:00,2023Q3,2023
1893,63871,2023-07-24 22:30:00+00:00,63880,2023-07-25 04:00:00+00:00,SELL,1953.49,1957.0429958637983,1957.0429958637983,1946.3840082724032,0.1,-36.229958637982875,-355.2995863798287,-1.0,SL,2023Q3,2023,9,2023-07-24 22:30:00+00:00,2023Q3,2023
1894,63888,2023-07-25 08:00:00+00:00,63889,2023-07-25 08:30:00+00:00,SELL,1960.47,1962.8653848093327,1962.8653848093327,1955.6792303813347,0.1,-24.65384809332654,-239.53848093326542,-1.0,SL,2023Q3,2023,1,2023-07-25 08:00:00+00:00,2023Q3,2023
1895,63927,2023-07-26 04:30:00+00:00,63936,2023-07-26 09:00:00+00:00,SELL,1963.24,1965.8962456887377,1965.8962456887377,1957.9275086225246,0.1,-27.262456887377265,-265.62456887377266,-1.0,SL,2023Q3,2023,9,2023-07-26 04:30:00+00:00,2023Q3,2023
1896,63945,2023-07-26 13:30:00+00:00,63945,2023-07-26 13:30:00+00:00,SELL,1969.74,1972.178685793812,1972.178685793812,1964.8626284123757,0.1,-25.086857938120556,-243.86857938120556,-1.0,SL,2023Q3,2023,0,2023-07-26 13:30:00+00:00,2023Q3,2023
1897,64019,2023-07-28 04:30:00+00:00,64024,2023-07-28 07:00:00+00:00,BUY,1948.58,1955.5999383187818,1945.070030840609,1955.5999383187818,0.1,69.49938318781896,701.9938318781897,1.941340276787265,TP,2023Q3,2023,5,2023-07-28 04:30:00+00:00,2023Q3,2023
1898,64047,2023-07-28 18:30:00+00:00,64054,2023-07-28 22:00:00+00:00,BUY,1962.81,1958.2768188638624,1958.2768188638624,1971.876362272275,0.1,-46.031811361375006,-453.31811361375003,-1.0,SL,2023Q3,2023,7,2023-07-28 18:30:00+00:00,2023Q3,2023
1899,64059,2023-07-31 01:30:00+00:00,64063,2023-07-31 03:30:00+00:00,BUY,1960.36,1957.2457446077651,1957.2457446077651,1966.5885107844692,0.1,-31.842553922347815,-311.42553922347815,-1.0,SL,2023Q3,2023,4,2023-07-31 01:30:00+00:00,2023Q3,2023
1900,64070,2023-07-31 07:00:00+00:00,64082,2023-07-31 13:00:00+00:00,SELL,1954.47,1957.3267561377043,1957.3267561377043,1948.7564877245916,0.1,-29.267561377042238,-285.6756137704224,-1.0,SL,2023Q3,2023,12,2023-07-31 07:00:00+00:00,2023Q3,2023
1901,64090,2023-07-31 17:00:00+00:00,64090,2023-07-31 17:00:00+00:00,BUY,1971.5,1967.674931893059,1967.674931893059,1979.150136213882,0.1,-38.950681069409896,-382.50681069409893,-1.0,SL,2023Q3,2023,0,2023-07-31 17:00:00+00:00,2023Q3,2023
1902,64153,2023-08-02 02:30:00+00:00,64154,2023-08-02 03:00:00+00:00,BUY,1953.03,1949.6437314602415,1949.6437314602415,1959.802537079517,0.1,-34.56268539758476,-338.62685397584755,-1.0,SL,2023Q3,2023,1,2023-08-02 02:30:00+00:00,2023Q3,2023
1903,64155,2023-08-02 03:30:00+00:00,64175,2023-08-02 13:30:00+00:00,SELL,1948.83,1952.2091039960162,1952.2091039960162,1942.0717920079676,0.1,-34.49103996016284,-337.91039960162834,-1.0,SL,2023Q3,2023,20,2023-08-02 03:30:00+00:00,2023Q3,2023
1904,64295,2023-08-07 04:30:00+00:00,64303,2023-08-07 08:30:00+00:00,SELL,1942.39,1936.5174469035885,1945.326276548206,1936.5174469035885,0.1,58.02553096411593,587.2553096411593,1.9301461470251857,TP,2023Q3,2023,8,2023-08-07 04:30:00+00:00,2023Q3,2023
1905,64316,2023-08-07 15:00:00+00:00,64316,2023-08-07 15:00:00+00:00,BUY,1936.32,1933.6129799145476,1933.6129799145476,1941.7340401709046,0.1,-27.770200854523136,-270.70200854523137,-1.0,SL,2023Q3,2023,0,2023-08-07 15:00:00+00:00,2023Q3,2023
1906,64339,2023-08-08 03:30:00+00:00,64353,2023-08-08 10:30:00+00:00,SELL,1935.43,1930.7764196721691,1937.7567901639154,1930.7764196721691,0.1,45.83580327830923,465.3580327830923,1.9123828180032578,TP,2023Q3,2023,14,2023-08-08 03:30:00+00:00,2023Q3,2023
1907,64359,2023-08-08 13:30:00+00:00,64362,2023-08-08 15:00:00+00:00,SELL,1932.36,1926.85444519477,1935.112777402615,1926.85444519477,0.1,54.35554805229849,550.5554805229849,1.9256051859400312,TP,2023Q3,2023,3,2023-08-08 13:30:00+00:00,2023Q3,2023
1908,64390,2023-08-09 06:00:00+00:00,64402,2023-08-09 12:00:00+00:00,BUY,1929.75,1927.3240273243748,1927.3240273243748,1934.6019453512504,0.1,-24.959726756251893,-242.59726756251894,-1.0,SL,2023Q3,2023,12,2023-08-09 06:00:00+00:00,2023Q3,2023
1909,64431,2023-08-10 03:30:00+00:00,64433,2023-08-10 04:30:00+00:00,SELL,1915.86,1917.9694724486724,1917.9694724486724,1911.6410551026552,0.1,-21.79472448672477,-210.94724486724772,-1.0,SL,2023Q3,2023,2,2023-08-10 03:30:00+00:00,2023Q3,2023
1910,64440,2023-08-10 08:00:00+00:00,64441,2023-08-10 08:30:00+00:00,SELL,1916.6,1918.711409029838,1918.711409029838,1912.3771819403237,0.1,-21.814090298381142,-211.14090298381143,-1.0,SL,2023Q3,2023,1,2023-08-10 08:00:00+00:00,2023Q3,2023
1911,64523,2023-08-14 03:30:00+00:00,64528,2023-08-14 06:00:00+00:00,SELL,1911.23,1913.7012755892774,1913.7012755892774,1906.2874488214452,0.1,-25.41275589277411,-247.12755892774112,-1.0,SL,2023Q3,2023,5,2023-08-14 03:30:00+00:00,2023Q3,2023
1912,64549,2023-08-14 16:30:00+00:00,64550,2023-08-14 17:00:00+00:00,SELL,1905.54,1908.9043696087451,1908.9043696087451,1898.8112607825099,0.1,-34.34369608745165,-336.43696087451644,-1.0,SL,2023Q3,2023,1,2023-08-14 16:30:00+00:00,2023Q3,2023
1913,64579,2023-08-15 08:30:00+00:00,64592,2023-08-15 15:00:00+00:00,SELL,1905.96,1901.4950217719777,1908.192489114011,1901.4950217719777,0.1,43.94978228022346,446.4978228022346,1.9087943570625872,TP,2023Q3,2023,13,2023-08-15 08:30:00+00:00,2023Q3,2023
1914,64601,2023-08-15 19:30:00+00:00,64649,2023-08-16 20:30:00+00:00,SELL,1904.89,1897.1766957116142,1908.746652144193,1897.1766957116142,0.1,76.4330428838587,771.3304288385871,1.946519326823909,TP,2023Q3,2023,48,2023-08-15 19:30:00+00:00,2023Q3,2023
1915,64678,2023-08-17 12:00:00+00:00,64680,2023-08-17 13:00:00+00:00,SELL,1893.86,1896.2025421616456,1896.2025421616456,1889.1749156767087,0.1,-24.125421616457242,-234.25421616457243,-1.0,SL,2023Q3,2023,2,2023-08-17 12:00:00+00:00,2023Q3,2023
1916,64694,2023-08-17 20:00:00+00:00,64706,2023-08-18 03:00:00+00:00,SELL,1888.28,1891.9228518070613,1891.9228518070613,1880.9942963858773,0.1,-37.12851807061334,-364.28518070613336,-1.0,SL,2023Q3,2023,12,2023-08-17 20:00:00+00:00,2023Q3,2023
1917,64718,2023-08-18 09:00:00+00:00,64722,2023-08-18 11:00:00+00:00,BUY,1893.88,1891.55389854244,1891.55389854244,1898.53220291512,0.1,-23.96101457560071,-232.6101457560071,-1.0,SL,2023Q3,2023,4,2023-08-18 09:00:00+00:00,2023Q3,2023
1918,64738,2023-08-18 19:00:00+00:00,64776,2023-08-21 15:00:00+00:00,SELL,1891.2,1894.357654792366,1894.357654792366,1884.8846904152683,0.1,-32.27654792365975,-315.76547923659746,-1.0,SL,2023Q3,2023,38,2023-08-18 19:00:00+00:00,2023Q3,2023
1919,64808,2023-08-22 08:00:00+00:00,64808,2023-08-22 08:00:00+00:00,SELL,1893.87,1896.0974958961033,1896.0974958961033,1889.415008207793,0.1,-22.974958961033916,-222.74958961033917,-1.0,SL,2023Q3,2023,0,2023-08-22 08:00:00+00:00,2023Q3,2023
1920,64811,2023-08-22 09:30:00+00:00,64823,2023-08-22 15:30:00+00:00,BUY,1900.05,1897.4953048528648,1897.4953048528648,1905.1593902942705,0.1,-26.24695147135135,-255.4695147135135,-1.0,SL,2023Q3,2023,12,2023-08-22 09:30:00+00:00,2023Q3,2023
1921,64854,2023-08-23 08:00:00+00:00,64865,2023-08-23 13:30:00+00:00,BUY,1903.47,1901.4186093843743,1901.4186093843743,1907.5727812312514,0.1,-21.21390615625678,-205.1390615625678,-1.0,SL,2023Q3,2023,11,2023-08-23 08:00:00+00:00,2023Q3,2023
1922,64937,2023-08-25 03:30:00+00:00,64939,2023-08-25 04:30:00+00:00,SELL,1915.24,1917.3494562186277,1917.3494562186277,1911.0210875627445,0.1,-21.79456218627656,-210.94562186276562,-1.0,SL,2023Q3,2023,2,2023-08-25 03:30:00+00:00,2023Q3,2023
1923,64942,2023-08-25 06:00:00+00:00,64954,2023-08-25 12:00:00+00:00,SELL,1914.71,1916.804867285177,1916.804867285177,1910.5202654296463,0.1,-21.648672851768605,-209.48672851768606,-1.0,SL,2023Q3,2023,12,2023-08-25 06:00:00+00:00,2023Q3,2023
1924,64971,2023-08-25 20:30:00+00:00,65012,2023-08-28 18:00:00+00:00,BUY,1912.69,1920.570105517201,1908.7499472413997,1920.570105517201,0.1,78.10105517200945,788.0105517200946,1.9476316116915453,TP,2023Q3,2023,41,2023-08-25 20:30:00+00:00,2023Q3,2023
1925,65013,2023-08-28 18:30:00+00:00,65016,2023-08-28 20:00:00+00:00,BUY,1920.87,1918.1215391152705,1918.1215391152705,1926.3669217694587,0.1,-28.18460884729411,-274.8460884729411,-1.0,SL,2023Q3,2023,3,2023-08-28 18:30:00+00:00,2023Q3,2023
1926,65031,2023-08-29 04:30:00+00:00,65049,2023-08-29 13:30:00+00:00,BUY,1922.39,1920.5250670096677,1920.5250670096677,1926.1198659806648,0.1,-19.349329903323632,-186.49329903323633,-1.0,SL,2023Q3,2023,18,2023-08-29 04:30:00+00:00,2023Q3,2023
1927,65065,2023-08-29 21:30:00+00:00,65092,2023-08-30 12:00:00+00:00,SELL,1935.15,1938.6340303155405,1938.6340303155405,1928.1819393689193,0.1,-35.54030315540395,-348.40303155403944,-1.0,SL,2023Q3,2023,27,2023-08-29 21:30:00+00:00,2023Q3,2023
1928,65093,2023-08-30 12:30:00+00:00,65094,2023-08-30 13:00:00+00:00,BUY,1938.62,1936.7152971998537,1936.7152971998537,1942.4294056002925,0.1,-19.747028001461967,-190.47028001461968,-1.0,SL,2023Q3,2023,1,2023-08-30 12:30:00+00:00,2023Q3,2023
1929,65097,2023-08-30 14:30:00+00:00,65099,2023-08-30 15:30:00+00:00,BUY,1938.83,1942.6301564022792,1936.9299217988603,1942.6301564022792,0.1,37.30156402279299,380.0156402279299,1.89340524661482,TP,2023Q3,2023,2,2023-08-30 14:30:00+00:00,2023Q3,2023
1930,65152,2023-08-31 19:00:00+00:00,65168,2023-09-01 04:00:00+00:00,SELL,1940.58,1943.3357139758662,1943.3357139758662,1935.0685720482675,0.1,-28.257139758662287,-275.5713975866229,-1.0,SL,2023Q3,2023,16,2023-08-31 19:00:00+00:00,2023Q3,2023
1931,65175,2023-09-01 07:30:00+00:00,65175,2023-09-01 07:30:00+00:00,SELL,1938.34,1940.18647136223,1940.18647136223,1934.6470572755397,0.1,-19.164713622299768,-184.6471362229977,-1.0,SL,2023Q3,2023,0,2023-09-01 07:30:00+00:00,2023Q3,2023
1932,65194,2023-09-01 17:00:00+00:00,65194,2023-09-01 17:00:00+00:00,SELL,1943.57,1936.7161293700347,1946.9969353149825,1936.7161293700347,0.1,67.83870629965286,685.3870629965286,1.9399474164992319,TP,2023Q3,2023,0,2023-09-01 17:00:00+00:00,2023Q3,2023
1933,65234,2023-09-04 14:00:00+00:00,65256,2023-09-05 04:30:00+00:00,SELL,1940.45,1936.409751740304,1942.470124129848,1936.409751740304,0.1,39.702482596959996,404.0248259696,1.8995274983905994,TP,2023Q3,2023,22,2023-09-04 14:00:00+00:00,2023Q3,2023
1934,65262,2023-09-05 07:30:00+00:00,65265,2023-09-05 09:00:00+00:00,BUY,1937.74,1936.19046749774,1936.19046749774,1940.8390650045199,0.1,-16.195325022600354,-154.95325022600355,-1.0,SL,2023Q3,2023,3,2023-09-05 07:30:00+00:00,2023Q3,2023
1935,65301,2023-09-06 04:00:00+00:00,65304,2023-09-06 05:30:00+00:00,SELL,1924.66,1926.6060265427345,1926.6060265427345,1920.7679469145312,0.1,-20.160265427344438,-194.6026542734444,-1.0,SL,2023Q3,2023,3,2023-09-06 04:00:00+00:00,2023Q3,2023
1936,65348,2023-09-07 04:30:00+00:00,65369,2023-09-07 15:00:00+00:00,BUY,1918.4,1922.586208147738,1916.3068959261311,1922.586208147738,0.1,41.16208147737943,418.62081477379434,1.90291729254414,TP,2023Q3,2023,21,2023-09-07 04:30:00+00:00,2023Q3,2023
1937,65385,2023-09-07 23:00:00+00:00,65391,2023-09-08 03:00:00+00:00,SELL,1918.73,1921.1780450400104,1921.1780450400104,1913.8339099199795,0.1,-25.180450400103563,-244.80450400103564,-1.0,SL,2023Q3,2023,6,2023-09-07 23:00:00+00:00,2023Q3,2023
1938,65392,2023-09-08 03:30:00+00:00,65393,2023-09-08 04:00:00+00:00,BUY,1921.47,1925.2109078278027,1919.5995460860988,1925.2109078278027,0.1,36.7090782780263,374.090782780263,1.8917778987198017,TP,2023Q3,2023,1,2023-09-08 03:30:00+00:00,2023Q3,2023
1939,65446,2023-09-11 07:30:00+00:00,65450,2023-09-11 09:30:00+00:00,BUY,1924.1,1928.0905070758938,1922.104746462053,1928.0905070758938,0.1,39.205070758939016,399.0507075893902,1.8983175691791607,TP,2023Q3,2023,4,2023-09-11 07:30:00+00:00,2023Q3,2023
1940,65470,2023-09-11 19:30:00+00:00,65473,2023-09-11 21:00:00+00:00,BUY,1924.92,1922.0702301845834,1922.0702301845834,1930.6195396308333,0.1,-29.19769815416721,-284.9769815416721,-1.0,SL,2023Q3,2023,3,2023-09-11 19:30:00+00:00,2023Q3,2023
1941,65482,2023-09-12 02:30:00+00:00,65485,2023-09-12 04:00:00+00:00,SELL,1921.76,1923.6082858338666,1923.6082858338666,1918.063428332267,0.1,-19.18285833866612,-184.8285833866612,-1.0,SL,2023Q3,2023,3,2023-09-12 02:30:00+00:00,2023Q3,2023
1942,65593,2023-09-14 12:00:00+00:00,65600,2023-09-14 15:30:00+00:00,BUY,1907.42,1905.354591352987,1905.354591352987,1911.550817294026,0.1,-21.354086470131005,-206.54086470131006,-1.0,SL,2023Q3,2023,7,2023-09-14 12:00:00+00:00,2023Q3,2023
1943,65666,2023-09-18 02:30:00+00:00,65669,2023-09-18 04:00:00+00:00,SELL,1922.7,1924.933416291338,1924.933416291338,1918.2331674173238,0.1,-23.034162913380168,-223.3416291338017,-1.0,SL,2023Q3,2023,3,2023-09-18 02:30:00+00:00,2023Q3,2023
1944,65679,2023-09-18 09:00:00+00:00,65681,2023-09-18 10:00:00+00:00,BUY,1930.0,1927.9770700518286,1927.9770700518286,1934.0458598963428,0.1,-20.92929948171395,-202.29299481713952,-1.0,SL,2023Q3,2023,2,2023-09-18 09:00:00+00:00,2023Q3,2023
1945,65698,2023-09-18 18:30:00+00:00,65707,2023-09-18 23:00:00+00:00,BUY,1928.07,1933.6174946969027,1925.2962526515487,1933.6174946969027,0.1,54.77494696902731,554.7494696902731,1.9261537772987667,TP,2023Q3,2023,9,2023-09-18 18:30:00+00:00,2023Q3,2023
1946,65722,2023-09-19 07:30:00+00:00,65728,2023-09-19 10:30:00+00:00,SELL,1931.86,1933.4113245217336,1933.4113245217336,1928.7573509565325,0.1,-16.213245217337043,-155.13245217337044,-1.0,SL,2023Q3,2023,6,2023-09-19 07:30:00+00:00,2023Q3,2023
1947,65758,2023-09-20 02:30:00+00:00,65783,2023-09-20 15:00:00+00:00,SELL,1931.28,1933.035057311426,1933.035057311426,1927.7698853771478,0.1,-18.250573114260714,-175.50573114260715,-1.0,SL,2023Q3,2023,25,2023-09-20 02:30:00+00:00,2023Q3,2023
1948,65787,2023-09-20 17:00:00+00:00,65792,2023-09-20 19:30:00+00:00,BUY,1940.72,1946.1531728116909,1938.0034135941546,1946.1531728116909,0.1,53.63172811690838,543.3172811690838,1.9246389777975363,TP,2023Q3,2023,5,2023-09-20 17:00:00+00:00,2023Q3,2023
1949,65796,2023-09-20 21:30:00+00:00,65796,2023-09-20 21:30:00+00:00,SELL,1942.86,1946.247205843112,1946.247205843112,1936.0855883137758,0.1,-34.572058431120425,-338.7205843112042,-1.0,SL,2023Q3,2023,0,2023-09-20 21:30:00+00:00,2023Q3,2023
1950,65993,2023-09-27 05:00:00+00:00,65994,2023-09-27 05:30:00+00:00,BUY,1902.69,1900.4839494372866,1900.4839494372866,1907.102101125427,0.1,-22.760505627134716,-220.60505627134717,-1.0,SL,2023Q3,2023,1,2023-09-27 05:00:00+00:00,2023Q3,2023
1951,66019,2023-09-27 18:00:00+00:00,66021,2023-09-27 19:00:00+00:00,SELL,1883.51,1877.2013912920604,1886.6643043539698,1877.2013912920604,0.1,62.386087079395836,630.8608707939584,1.9348696720452438,TP,2023Q3,2023,2,2023-09-27 18:00:00+00:00,2023Q3,2023
1952,66022,2023-09-27 19:30:00+00:00,66064,2023-09-28 17:30:00+00:00,SELL,1877.07,1869.9273293253123,1880.641335337344,1869.9273293253123,0.1,70.72670674687679,714.2670674687679,1.9423288490223465,TP,2023Q3,2023,42,2023-09-27 19:30:00+00:00,2023Q3,2023
1953,66065,2023-09-28 18:00:00+00:00,66093,2023-09-29 09:00:00+00:00,SELL,1865.22,1869.1690903805443,1869.1690903805443,1857.3218192389113,0.1,-40.19090380544249,-394.90903805442485,-1.0,SL,2023Q3,2023,28,2023-09-28 18:00:00+00:00,2023Q3,2023
1954,66112,2023-09-29 18:30:00+00:00,66123,2023-10-02 01:00:00+00:00,SELL,1854.74,1845.1824312234128,1859.5187843882936,1845.1824312234128,0.1,94.87568776587231,955.7568776587232,1.9566901756846515,TP,2023Q3,2023,11,2023-09-29 18:30:00+00:00,2023Q3,2023
1955,66127,2023-10-02 03:00:00+00:00,66130,2023-10-02 04:30:00+00:00,BUY,1848.46,1844.6365143497067,1844.6365143497067,1856.1069713005868,0.1,-38.93485650293378,-382.3485650293378,-1.0,SL,2023Q4,2023,3,2023-10-02 03:00:00+00:00,2023Q4,2023
1956,66131,2023-10-02 05:00:00+00:00,66145,2023-10-02 12:00:00+00:00,SELL,1843.84,1836.831975418678,1847.3440122906609,1836.831975418678,0.1,69.38024581321933,700.8024581321934,1.9412425076016837,TP,2023Q4,2023,14,2023-10-02 05:00:00+00:00,2023Q4,2023
1957,66151,2023-10-02 15:00:00+00:00,66154,2023-10-02 16:30:00+00:00,BUY,1837.43,1833.6247759577716,1833.6247759577716,1845.040448084457,0.1,-38.75224042228474,-380.5224042228474,-1.0,SL,2023Q4,2023,3,2023-10-02 15:00:00+00:00,2023Q4,2023
1958,66181,2023-10-03 07:00:00+00:00,66189,2023-10-03 11:00:00+00:00,BUY,1820.78,1828.5508879742208,1816.8945560128896,1828.5508879742208,0.1,77.0088797422084,777.0887974220841,1.9469086148901802,TP,2023Q4,2023,8,2023-10-03 07:00:00+00:00,2023Q4,2023
1959,66190,2023-10-03 11:30:00+00:00,66191,2023-10-03 12:00:00+00:00,BUY,1828.94,1825.1490052239726,1825.1490052239726,1836.521989552055,0.1,-38.609947760274466,-379.0994776027446,-1.0,SL,2023Q4,2023,1,2023-10-03 11:30:00+00:00,2023Q4,2023
1960,66250,2023-10-04 18:30:00+00:00,66253,2023-10-04 20:00:00+00:00,BUY,1824.46,1819.6134138954535,1819.6134138954535,1834.153172209093,0.1,-49.16586104546532,-484.65861045465317,-1.0,SL,2023Q4,2023,3,2023-10-04 18:30:00+00:00,2023Q4,2023
1961,66308,2023-10-06 01:30:00+00:00,66323,2023-10-06 09:00:00+00:00,BUY,1821.42,1818.5268577280035,1818.5268577280035,1827.2062845439932,0.1,-29.631422719965666,-289.31422719965667,-1.0,SL,2023Q4,2023,15,2023-10-06 01:30:00+00:00,2023Q4,2023
1962,66348,2023-10-06 21:30:00+00:00,66353,2023-10-09 01:00:00+00:00,BUY,1833.8,1843.8759349459326,1828.7620325270336,1843.8759349459326,0.1,100.05934945932658,1007.5934945932659,1.958887756997002,TP,2023Q4,2023,5,2023-10-06 21:30:00+00:00,2023Q4,2023
1963,66359,2023-10-09 04:00:00+00:00,66382,2023-10-09 15:30:00+00:00,BUY,1852.48,1846.8998612283262,1846.8998612283262,1863.6402775433476,0.1,-56.50138771673774,-558.0138771673774,-1.0,SL,2023Q4,2023,23,2023-10-09 04:00:00+00:00,2023Q4,2023
1964,66386,2023-10-09 17:30:00+00:00,66395,2023-10-09 22:00:00+00:00,BUY,1850.68,1858.58582400769,1846.7270879961552,1858.58582400769,0.1,78.35824007689943,790.5824007689944,1.9477990073362113,TP,2023Q4,2023,9,2023-10-09 17:30:00+00:00,2023Q4,2023
1965,66488,2023-10-11 22:30:00+00:00,66508,2023-10-12 09:30:00+00:00,BUY,1873.93,1880.456680056629,1870.6666599716857,1880.456680056629,0.1,64.56680056628947,652.6680056628948,1.9370001265349552,TP,2023Q4,2023,20,2023-10-11 22:30:00+00:00,2023Q4,2023
1966,66511,2023-10-12 11:00:00+00:00,66511,2023-10-12 11:00:00+00:00,SELL,1878.7,1881.2150993520315,1881.2150993520315,1873.6698012959368,0.1,-25.85099352031484,-251.50993520314842,-1.0,SL,2023Q4,2023,0,2023-10-12 11:00:00+00:00,2023Q4,2023
1967,66523,2023-10-12 17:00:00+00:00,66552,2023-10-13 08:30:00+00:00,SELL,1873.7,1877.28190223825,1877.28190223825,1866.5361955235,0.1,-36.519022382499955,-358.1902238249995,-1.0,SL,2023Q4,2023,29,2023-10-12 17:00:00+00:00,2023Q4,2023
1968,66560,2023-10-13 12:30:00+00:00,66563,2023-10-13 14:00:00+00:00,BUY,1886.45,1891.9213565375555,1883.7143217312223,1891.9213565375555,0.1,54.01356537555493,547.1356537555494,1.9251517886648195,TP,2023Q4,2023,3,2023-10-13 12:30:00+00:00,2023Q4,2023
1969,66589,2023-10-16 04:00:00+00:00,66600,2023-10-16 09:30:00+00:00,SELL,1921.54,1911.5587193927854,1926.5306403036072,1911.5587193927854,0.1,99.11280607214557,998.1280607214558,1.9585032748029314,TP,2023Q4,2023,11,2023-10-16 04:00:00+00:00,2023Q4,2023
1970,66606,2023-10-16 12:30:00+00:00,66611,2023-10-16 15:00:00+00:00,BUY,1914.06,1922.13738610277,1910.021306948615,1922.13738610277,0.1,80.07386102770106,807.7386102770106,1.9488888565357276,TP,2023Q4,2023,5,2023-10-16 12:30:00+00:00,2023Q4,2023
1971,66618,2023-10-16 18:30:00+00:00,66634,2023-10-17 03:30:00+00:00,BUY,1921.52,1916.6751568420277,1916.6751568420277,1931.2096863159445,0.1,-49.14843157972264,-484.4843157972264,-1.0,SL,2023Q4,2023,16,2023-10-16 18:30:00+00:00,2023Q4,2023
1972,66648,2023-10-17 10:30:00+00:00,66653,2023-10-17 13:00:00+00:00,BUY,1919.86,1925.6646903781038,1916.9576548109478,1925.6646903781038,0.1,57.346903781039416,580.4690378103942,1.9293487173785495,TP,2023Q4,2023,5,2023-10-17 10:30:00+00:00,2023Q4,2023
1973,66709,2023-10-18 18:00:00+00:00,66713,2023-10-18 20:00:00+00:00,SELL,1946.83,1952.3654615989335,1952.3654615989335,1935.759076802133,0.1,-56.0546159893358,-553.546159893358,-1.0,SL,2023Q4,2023,4,2023-10-18 18:00:00+00:00,2023Q4,2023
1974,66729,2023-10-19 05:00:00+00:00,66740,2023-10-19 10:30:00+00:00,SELL,1948.06,1952.2185437448636,1952.2185437448636,1939.7429125102724,0.1,-42.28543744863664,-415.8543744863664,-1.0,SL,2023Q4,2023,11,2023-10-19 05:00:00+00:00,2023Q4,2023
1975,66749,2023-10-19 15:00:00+00:00,66756,2023-10-19 18:30:00+00:00,BUY,1952.3,1959.449483935849,1948.7252580320753,1959.449483935849,0.1,70.79483935849048,714.9483935849048,1.9423827525107888,TP,2023Q4,2023,7,2023-10-19 15:00:00+00:00,2023Q4,2023
1976,66764,2023-10-19 22:30:00+00:00,66799,2023-10-20 17:00:00+00:00,BUY,1977.24,1989.247503065642,1971.2362484671792,1989.247503065642,0.1,119.37503065641913,1200.7503065641913,1.9654249932903918,TP,2023Q4,2023,35,2023-10-19 22:30:00+00:00,2023Q4,2023
1977,66845,2023-10-23 17:00:00+00:00,66867,2023-10-24 05:00:00+00:00,SELL,1974.65,1979.6934649415157,1979.6934649415157,1964.563070116969,0.1,-51.13464941515595,-504.34649415155945,-1.0,SL,2023Q4,2023,22,2023-10-23 17:00:00+00:00,2023Q4,2023
1978,66868,2023-10-24 05:30:00+00:00,66869,2023-10-24 06:00:00+00:00,BUY,1979.56,1975.638255061445,1975.638255061445,1987.40348987711,0.1,-39.917449385548665,-392.1744938554866,-1.0,SL,2023Q4,2023,1,2023-10-24 05:30:00+00:00,2023Q4,2023
1979,66979,2023-10-26 15:00:00+00:00,66980,2023-10-26 15:30:00+00:00,SELL,1984.49,1977.0544525312127,1988.2077737343936,1977.0544525312127,0.1,73.65547468787263,743.5547468787263,1.9445584623777379,TP,2023Q4,2023,1,2023-10-26 15:00:00+00:00,2023Q4,2023
1980,66981,2023-10-26 16:00:00+00:00,66987,2023-10-26 19:00:00+00:00,SELL,1979.43,1983.9268941893497,1983.9268941893497,1970.4362116213008,0.1,-45.668941893496324,-449.6894189349632,-1.0,SL,2023Q4,2023,6,2023-10-26 16:00:00+00:00,2023Q4,2023
1981,66990,2023-10-26 20:30:00+00:00,67022,2023-10-27 13:30:00+00:00,BUY,1987.08,1981.526498673001,1981.526498673001,1998.1870026539978,0.1,-56.235013269989125,-555.3501326998912,-1.0,SL,2023Q4,2023,32,2023-10-26 20:30:00+00:00,2023Q4,2023
1982,67032,2023-10-27 18:30:00+00:00,67035,2023-10-27 20:00:00+00:00,SELL,1979.69,1984.3627229125836,1984.3627229125836,1970.344554174833,0.1,-47.42722912583595,-467.2722912583595,-1.0,SL,2023Q4,2023,3,2023-10-27 18:30:00+00:00,2023Q4,2023
1983,67096,2023-10-31 03:30:00+00:00,67098,2023-10-31 04:30:00+00:00,BUY,1997.23,1994.18526805113,1994.18526805113,2003.3194638977404,0.1,-31.14731948870094,-304.4731948870094,-1.0,SL,2023Q4,2023,2,2023-10-31 03:30:00+00:00,2023Q4,2023
1984,67126,2023-10-31 18:30:00+00:00,67130,2023-10-31 20:30:00+00:00,SELL,1990.65,1980.1171171485498,1995.9164414257252,1980.1171171485498,0.1,104.62882851450267,1053.2882851450267,1.9606479330987006,TP,2023Q4,2023,4,2023-10-31 18:30:00+00:00,2023Q4,2023
1985,67134,2023-10-31 22:30:00+00:00,67164,2023-11-01 14:30:00+00:00,SELL,1983.59,1988.5586671986073,1988.5586671986073,1973.652665602785,0.1,-50.38667198607364,-496.86671986073634,-1.0,SL,2023Q4,2023,30,2023-10-31 22:30:00+00:00,2023Q4,2023
1986,67252,2023-11-03 12:30:00+00:00,67255,2023-11-03 14:00:00+00:00,SELL,1987.86,1990.2970996545882,1990.2970996545882,1982.985800690823,0.1,-25.07099654588337,-243.70996545883372,-1.0,SL,2023Q4,2023,3,2023-11-03 12:30:00+00:00,2023Q4,2023
1987,67274,2023-11-06 01:30:00+00:00,67278,2023-11-06 03:30:00+00:00,SELL,1988.61,1992.9102663833844,1992.9102663833844,1980.009467233231,0.1,-43.702663833844966,-430.02663833844963,-1.0,SL,2023Q4,2023,4,2023-11-06 01:30:00+00:00,2023Q4,2023
1988,67296,2023-11-06 12:30:00+00:00,67299,2023-11-06 14:00:00+00:00,BUY,1987.94,1984.774332177787,1984.774332177787,1994.2713356444258,0.1,-32.356678222129815,-316.5667822212981,-1.0,SL,2023Q4,2023,3,2023-11-06 12:30:00+00:00,2023Q4,2023
1989,67312,2023-11-06 20:30:00+00:00,67323,2023-11-07 03:00:00+00:00,SELL,1981.58,1975.4128639709963,1984.6635680145018,1975.4128639709963,0.1,60.97136029003586,616.7136029003586,1.9334087614300604,TP,2023Q4,2023,11,2023-11-06 20:30:00+00:00,2023Q4,2023
1990,67326,2023-11-07 04:30:00+00:00,67335,2023-11-07 09:00:00+00:00,SELL,1974.27,1969.5028380235167,1976.6535809882416,1969.5028380235167,0.1,46.97161976483294,476.7161976483294,1.914410813824207,TP,2023Q4,2023,9,2023-11-07 04:30:00+00:00,2023Q4,2023
1991,67356,2023-11-07 19:30:00+00:00,67357,2023-11-07 20:00:00+00:00,SELL,1962.08,1966.0995091485554,1966.0995091485554,1954.040981702889,0.1,-40.895091485554715,-401.9509148555471,-1.0,SL,2023Q4,2023,1,2023-11-07 19:30:00+00:00,2023Q4,2023
1992,67414,2023-11-09 02:30:00+00:00,67415,2023-11-09 03:00:00+00:00,SELL,1949.1,1952.2089934174405,1952.2089934174405,1942.8820131651185,0.1,-31.789934174406152,-310.89934174406153,-1.0,SL,2023Q4,2023,1,2023-11-09 02:30:00+00:00,2023Q4,2023
1993,67425,2023-11-09 08:00:00+00:00,67429,2023-11-09 10:00:00+00:00,BUY,1950.31,1947.5622280519997,1947.5622280519997,1955.8055438960005,0.1,-28.177719480002633,-274.77719480002634,-1.0,SL,2023Q4,2023,4,2023-11-09 08:00:00+00:00,2023Q4,2023
1994,67437,2023-11-09 14:00:00+00:00,67437,2023-11-09 14:00:00+00:00,BUY,1948.94,1946.168440633308,1946.168440633308,1954.4831187333841,0.1,-28.41559366692145,-277.1559366692145,-1.0,SL,2023Q4,2023,0,2023-11-09 14:00:00+00:00,2023Q4,2023
1995,67495,2023-11-10 20:00:00+00:00,67503,2023-11-13 01:00:00+00:00,SELL,1936.66,1940.7997583984109,1940.7997583984109,1928.3804832031785,0.1,-42.09758398410777,-413.9758398410777,-1.0,SL,2023Q4,2023,8,2023-11-10 20:00:00+00:00,2023Q4,2023
1996,67610,2023-11-15 08:30:00+00:00,67611,2023-11-15 09:00:00+00:00,BUY,1969.67,1967.2250884743382,1967.2250884743382,1974.5598230513237,0.1,-25.14911525661837,-244.4911525661837,-1.0,SL,2023Q4,2023,1,2023-11-15 08:30:00+00:00,2023Q4,2023
1997,67668,2023-11-16 14:30:00+00:00,67669,2023-11-16 15:00:00+00:00,SELL,1963.37,1965.809326532778,1965.809326532778,1958.4913469344438,0.1,-25.09326532778068,-243.93265327780682,-1.0,SL,2023Q4,2023,1,2023-11-16 14:30:00+00:00,2023Q4,2023
1998,67680,2023-11-16 20:30:00+00:00,67709,2023-11-17 12:00:00+00:00,BUY,1984.17,1992.5515810885565,1979.979209455722,1992.5515810885565,0.1,83.11581088556458,838.1581088556459,1.9507133716578051,TP,2023Q4,2023,29,2023-11-16 20:30:00+00:00,2023Q4,2023
1999,67719,2023-11-17 17:00:00+00:00,67720,2023-11-17 17:30:00+00:00,SELL,1980.24,1984.125451984106,1984.125451984106,1972.4690960317885,0.1,-39.55451984105885,-388.54519841058845,-1.0,SL,2023Q4,2023,1,2023-11-17 17:00:00+00:00,2023Q4,2023
2000,67726,2023-11-17 20:30:00+00:00,67733,2023-11-20 01:00:00+00:00,BUY,1982.06,1977.99,1978.5152900867915,1989.149419826417,0.1,-41.399999999999366,-406.99999999999363,-1.1453201223345977,SL_GAP_OPEN_PESSIMISTIC,2023Q4,2023,7,2023-11-17 20:30:00+00:00,2023Q4,2023
2001,67789,2023-11-21 06:00:00+00:00,67793,2023-11-21 08:00:00+00:00,BUY,1993.4,1989.7575969705576,1989.7575969705576,2000.6848060588852,0.1,-37.124030294424486,-364.24030294424483,-1.0,SL,2023Q4,2023,4,2023-11-21 06:00:00+00:00,2023Q4,2023
2002,67842,2023-11-22 09:30:00+00:00,67844,2023-11-22 10:30:00+00:00,BUY,2002.72,1999.8566135816577,1999.8566135816577,2008.4467728366844,0.1,-29.333864183423156,-286.33864183423157,-1.0,SL,2023Q4,2023,2,2023-11-22 09:30:00+00:00,2023Q4,2023
2003,67892,2023-11-23 11:30:00+00:00,67934,2023-11-24 12:00:00+00:00,SELL,1992.71,1995.650494898244,1995.650494898244,1986.829010203512,0.1,-30.10494898243969,-294.0494898243969,-1.0,SL,2023Q4,2023,42,2023-11-23 11:30:00+00:00,2023Q4,2023
2004,67949,2023-11-24 19:30:00+00:00,67956,2023-11-27 03:00:00+00:00,BUY,2002.16,2008.1422492110246,1999.1688753944877,2008.1422492110246,0.1,59.12249211024509,598.2249211024509,1.931397761586684,TP,2023Q4,2023,7,2023-11-24 19:30:00+00:00,2023Q4,2023
2005,68018,2023-11-28 11:00:00+00:00,68026,2023-11-28 15:00:00+00:00,BUY,2015.56,2012.7783010527546,2012.7783010527546,2021.1233978944904,0.1,-28.516989472453314,-278.16989472453315,-1.0,SL,2023Q4,2023,8,2023-11-28 11:00:00+00:00,2023Q4,2023
2006,68053,2023-11-29 05:30:00+00:00,68056,2023-11-29 07:00:00+00:00,SELL,2044.26,2048.2247024310254,2048.2247024310254,2036.3305951379496,0.1,-40.34702431025444,-396.4702431025444,-1.0,SL,2023Q4,2023,3,2023-11-29 05:30:00+00:00,2023Q4,2023
2007,68065,2023-11-29 11:30:00+00:00,68075,2023-11-29 16:30:00+00:00,SELL,2039.75,2043.3324493668504,2043.3324493668504,2032.585101266299,0.1,-36.524493668503695,-358.2449366850369,-1.0,SL,2023Q4,2023,10,2023-11-29 11:30:00+00:00,2023Q4,2023
2008,68081,2023-11-29 19:30:00+00:00,68109,2023-11-30 10:30:00+00:00,BUY,2044.59,2040.2947965448736,2040.2947965448736,2053.1804069102527,0.1,-43.652034551262844,-429.5203455126284,-1.0,SL,2023Q4,2023,28,2023-11-29 19:30:00+00:00,2023Q4,2023
2009,68119,2023-11-30 15:30:00+00:00,68119,2023-11-30 15:30:00+00:00,BUY,2041.44,2038.288772873792,2038.288772873792,2047.742454252416,0.1,-32.212271262081416,-315.1227126208141,-1.0,SL,2023Q4,2023,0,2023-11-30 15:30:00+00:00,2023Q4,2023
2010,68137,2023-12-01 01:30:00+00:00,68156,2023-12-01 11:00:00+00:00,BUY,2039.46,2046.5579191907816,2035.9110404046094,2046.5579191907816,0.1,70.27919190781567,709.7919190781568,1.9419722728412767,TP,2023Q4,2023,19,2023-12-01 01:30:00+00:00,2023Q4,2023
2011,68164,2023-12-01 15:00:00+00:00,68164,2023-12-01 15:00:00+00:00,SELL,2035.92,2039.4089794166307,2039.4089794166307,2028.9420411667388,0.1,-35.58979416630628,-348.89794166306274,-1.0,SL,2023Q4,2023,0,2023-12-01 15:00:00+00:00,2023Q4,2023
2012,68171,2023-12-01 18:30:00+00:00,68174,2023-12-01 20:00:00+00:00,BUY,2057.26,2069.0321628333713,2051.3739185833147,2069.0321628333713,0.1,117.02162833371112,1177.2162833371112,1.964741919173284,TP,2023Q4,2023,3,2023-12-01 18:30:00+00:00,2023Q4,2023
2013,68178,2023-12-01 22:00:00+00:00,68182,2023-12-04 01:00:00+00:00,SELL,2066.88,2073.07,2072.856212122697,2054.927575754606,0.1,-62.60000000000055,-619.0000000000055,-1.0353589773175076,SL_GAP_OPEN_PESSIMISTIC,2023Q4,2023,4,2023-12-01 22:00:00+00:00,2023Q4,2023
2014,68183,2023-12-04 01:30:00+00:00,68183,2023-12-04 01:30:00+00:00,BUY,2129.52,2118.850935463697,2118.850935463697,2150.8581290726056,0.1,-107.39064536302813,-1066.9064536302812,-1.0,SL,2023Q4,2023,0,2023-12-04 01:30:00+00:00,2023Q4,2023
2015,68195,2023-12-04 07:30:00+00:00,68197,2023-12-04 08:30:00+00:00,BUY,2088.49,2078.4337774014,2078.4337774014,2108.6024451971984,0.1,-101.26222598599561,-1005.6222598599561,-1.0,SL,2023Q4,2023,2,2023-12-04 07:30:00+00:00,2023Q4,2023
2016,68215,2023-12-04 17:30:00+00:00,68261,2023-12-05 17:30:00+00:00,SELL,2033.11,2011.3684354003694,2043.9807822998152,2011.3684354003694,0.1,216.71564599630466,2174.1564599630465,1.980805760114268,TP,2023Q4,2023,46,2023-12-04 17:30:00+00:00,2023Q4,2023
2017,68291,2023-12-06 09:30:00+00:00,68291,2023-12-06 09:30:00+00:00,BUY,2028.07,2034.947725138374,2024.631137430813,2034.947725138374,0.1,68.07725138373989,687.772513837399,1.9401515460183276,TP,2023Q4,2023,0,2023-12-06 09:30:00+00:00,2023Q4,2023
2018,68294,2023-12-06 11:00:00+00:00,68302,2023-12-06 15:00:00+00:00,SELL,2025.23,2029.5801069841486,2029.5801069841486,2016.5297860317025,0.1,-44.201069841486245,-435.0106984148624,-1.0,SL,2023Q4,2023,8,2023-12-06 11:00:00+00:00,2023Q4,2023
2019,68330,2023-12-07 06:00:00+00:00,68336,2023-12-07 09:00:00+00:00,SELL,2026.7,2030.2451764476373,2030.2451764476373,2019.6096471047254,0.1,-36.15176447637232,-354.5176447637232,-1.0,SL,2023Q4,2023,6,2023-12-07 06:00:00+00:00,2023Q4,2023
2020,68352,2023-12-07 17:00:00+00:00,68353,2023-12-07 17:30:00+00:00,SELL,2026.19,2031.0617353079795,2031.0617353079795,2016.4465293840415,0.1,-49.41735307979407,-487.17353079794066,-1.0,SL,2023Q4,2023,1,2023-12-07 17:00:00+00:00,2023Q4,2023
2021,68356,2023-12-07 19:00:00+00:00,68357,2023-12-07 19:30:00+00:00,SELL,2026.34,2031.112552637734,2031.112552637734,2016.7948947245316,0.1,-48.4255263773418,-477.25526377341794,-1.0,SL,2023Q4,2023,1,2023-12-07 19:00:00+00:00,2023Q4,2023
2022,68401,2023-12-08 18:30:00+00:00,68429,2023-12-11 09:30:00+00:00,SELL,2005.12,1992.8602167645533,2011.249891617723,1992.8602167645533,0.1,121.89783235446548,1225.9783235446548,1.9661284401489436,TP,2023Q4,2023,28,2023-12-08 18:30:00+00:00,2023Q4,2023
2023,68464,2023-12-12 04:00:00+00:00,68468,2023-12-12 06:00:00+00:00,SELL,1983.07,1986.512039735165,1986.512039735165,1976.1859205296698,0.1,-35.12039735165054,-344.20397351650536,-1.0,SL,2023Q4,2023,4,2023-12-12 04:00:00+00:00,2023Q4,2023
2024,68475,2023-12-12 09:30:00+00:00,68486,2023-12-12 15:00:00+00:00,SELL,1986.83,1989.58059418385,1989.58059418385,1981.3288116322994,0.1,-28.205941838501257,-275.0594183850126,-1.0,SL,2023Q4,2023,11,2023-12-12 09:30:00+00:00,2023Q4,2023
2025,68490,2023-12-12 17:00:00+00:00,68533,2023-12-13 15:30:00+00:00,SELL,1981.72,1986.145307124447,1986.145307124447,1972.869385751106,0.1,-44.95307124447045,-442.5307124447045,-1.0,SL,2023Q4,2023,43,2023-12-12 17:00:00+00:00,2023Q4,2023
2026,68537,2023-12-13 17:30:00+00:00,68538,2023-12-13 18:00:00+00:00,SELL,1979.29,1982.7049892358707,1982.7049892358707,1972.4600215282587,0.1,-34.84989235870735,-341.4989235870735,-1.0,SL,2023Q4,2023,1,2023-12-13 17:30:00+00:00,2023Q4,2023
2027,68564,2023-12-14 08:00:00+00:00,68567,2023-12-14 09:30:00+00:00,BUY,2035.33,2029.8934108861445,2029.8934108861445,2046.2031782277109,0.1,-55.06589113855462,-543.6589113855462,-1.0,SL,2023Q4,2023,3,2023-12-14 08:00:00+00:00,2023Q4,2023
2028,68597,2023-12-15 01:30:00+00:00,68598,2023-12-15 02:00:00+00:00,BUY,2038.67,2034.0682532055855,2034.0682532055855,2047.873493588829,0.1,-46.71746794414567,-460.17467944145665,-1.0,SL,2023Q4,2023,1,2023-12-15 01:30:00+00:00,2023Q4,2023
2029,68613,2023-12-15 09:30:00+00:00,68623,2023-12-15 14:30:00+00:00,BUY,2037.69,2044.4198008387214,2034.3250995806395,2044.4198008387214,0.1,66.59800838721303,672.9800838721303,1.938862856455423,TP,2023Q4,2023,10,2023-12-15 09:30:00+00:00,2023Q4,2023
2030,68715,2023-12-19 14:30:00+00:00,68719,2023-12-19 16:30:00+00:00,BUY,2028.06,2033.4239377492777,2025.378031125361,2033.4239377492777,0.1,52.93937749277738,536.3937749277738,1.9236909974036107,TP,2023Q4,2023,4,2023-12-19 14:30:00+00:00,2023Q4,2023
2031,68751,2023-12-20 09:30:00+00:00,68752,2023-12-20 10:00:00+00:00,BUY,2042.7,2040.3119631210693,2040.3119631210693,2047.4760737578613,0.1,-24.58036878930734,-238.8036878930734,-1.0,SL,2023Q4,2023,1,2023-12-20 09:30:00+00:00,2023Q4,2023
2032,68763,2023-12-20 15:30:00+00:00,68763,2023-12-20 15:30:00+00:00,SELL,2032.4,2035.3256104744696,2035.3256104744696,2026.5487790510613,0.1,-29.95610474469522,-292.5610474469522,-1.0,SL,2023Q4,2023,0,2023-12-20 15:30:00+00:00,2023Q4,2023
2033,68778,2023-12-20 23:00:00+00:00,68782,2023-12-21 02:00:00+00:00,SELL,2029.61,2033.6412961949968,2033.6412961949968,2021.5474076100063,0.1,-41.012961949969124,-403.1296194996912,-1.0,SL,2023Q4,2023,4,2023-12-20 23:00:00+00:00,2023Q4,2023
2034,68815,2023-12-21 18:30:00+00:00,68818,2023-12-21 20:00:00+00:00,BUY,2044.72,2040.2405736767803,2040.2405736767803,2053.6788526464393,0.1,-45.49426323219741,-447.9426323219741,-1.0,SL,2023Q4,2023,3,2023-12-21 18:30:00+00:00,2023Q4,2023
2035,68821,2023-12-21 21:30:00+00:00,68827,2023-12-22 01:30:00+00:00,BUY,2043.08,2051.7351264491604,2038.7524367754197,2051.7351264491604,0.1,85.85126449160434,865.5126449160434,1.95224628066148,TP,2023Q4,2023,6,2023-12-21 21:30:00+00:00,2023Q4,2023
2036,68851,2023-12-22 13:30:00+00:00,68851,2023-12-22 13:30:00+00:00,BUY,2062.17,2058.7774041723414,2058.7774041723414,2068.955191655317,0.1,-34.625958276586246,-339.25958276586243,-1.0,SL,2023Q4,2023,0,2023-12-22 13:30:00+00:00,2023Q4,2023
2037,68867,2023-12-22 21:30:00+00:00,68872,2023-12-26 01:00:00+00:00,SELL,2052.32,2057.702763686358,2057.702763686358,2041.5544726272842,0.1,-54.52763686357976,-538.2763686357976,-1.0,SL,2023Q4,2023,5,2023-12-22 21:30:00+00:00,2023Q4,2023
2038,68896,2023-12-26 13:00:00+00:00,68899,2023-12-26 14:30:00+00:00,BUY,2063.91,2061.2467132925985,2061.2467132925985,2069.236573414803,0.1,-27.33286707401312,-266.3286707401312,-1.0,SL,2023Q4,2023,3,2023-12-26 13:00:00+00:00,2023Q4,2023
2039,68910,2023-12-26 20:00:00+00:00,68912,2023-12-26 21:00:00+00:00,SELL,2057.62,2060.603551053118,2060.603551053118,2051.652897893764,0.1,-30.53551053117935,-298.3551053117935,-1.0,SL,2023Q4,2023,2,2023-12-26 20:00:00+00:00,2023Q4,2023
2040,68913,2023-12-26 21:30:00+00:00,68915,2023-12-26 22:30:00+00:00,BUY,2060.37,2066.2604421747083,2057.4247789126457,2066.2604421747083,0.1,58.204421747083686,589.0442174708369,1.9303533658341876,TP,2023Q4,2023,2,2023-12-26 21:30:00+00:00,2023Q4,2023
2041,68937,2023-12-27 10:30:00+00:00,68940,2023-12-27 12:00:00+00:00,BUY,2067.19,2064.747720720016,2064.747720720016,2072.074558559968,0.1,-25.122792799841772,-244.22792799841773,-1.0,SL,2023Q4,2023,3,2023-12-27 10:30:00+00:00,2023Q4,2023
2042,68941,2023-12-27 12:30:00+00:00,68942,2023-12-27 13:00:00+00:00,SELL,2063.63,2066.212410350261,2066.212410350261,2058.4651792994787,0.1,-26.52410350260943,-258.2410350260943,-1.0,SL,2023Q4,2023,1,2023-12-27 12:30:00+00:00,2023Q4,2023
2043,69013,2023-12-29 02:30:00+00:00,69026,2023-12-29 09:00:00+00:00,BUY,2067.62,2074.622901700322,2064.1185491498386,2074.622901700322,0.1,69.32901700322127,700.2901700322127,1.9412003667946398,TP,2023Q4,2023,13,2023-12-29 02:30:00+00:00,2023Q4,2023
2044,69052,2023-12-29 22:00:00+00:00,69053,2023-12-29 22:30:00+00:00,BUY,2067.52,2063.396825848045,2063.396825848045,2075.76634830391,0.1,-41.93174151955027,-412.3174151955027,-1.0,SL,2023Q4,2023,1,2023-12-29 22:00:00+00:00,2023Q4,2023
2045,69054,2023-12-29 23:00:00+00:00,69060,2024-01-02 03:00:00+00:00,SELL,2063.12,2067.141321080002,2067.141321080002,2055.077357839996,0.1,-40.913210800020536,-402.13210800020533,-1.0,SL,2023Q4,2023,6,2023-12-29 23:00:00+00:00,2023Q4,2023
2046,69099,2024-01-02 22:30:00+00:00,69108,2024-01-03 04:00:00+00:00,SELL,2059.59,2064.427881447651,2064.427881447651,2049.9142371046987,0.1,-49.078814476509436,-483.78814476509433,-1.0,SL,2024Q1,2024,9,2024-01-02 22:30:00+00:00,2024Q1,2024
2047,69119,2024-01-03 09:30:00+00:00,69120,2024-01-03 10:00:00+00:00,SELL,2061.41,2064.379915652955,2064.379915652955,2055.4701686940903,0.1,-30.399156529550236,-296.99156529550237,-1.0,SL,2024Q1,2024,1,2024-01-03 09:30:00+00:00,2024Q1,2024
2048,69127,2024-01-03 13:30:00+00:00,69128,2024-01-03 14:00:00+00:00,SELL,2052.21,2044.7327304900728,2055.9486347549637,2044.7327304900728,0.1,74.07269509927282,747.7269509927282,1.944862132099615,TP,2024Q1,2024,1,2024-01-03 13:30:00+00:00,2024Q1,2024
2049,69149,2024-01-04 01:30:00+00:00,69178,2024-01-04 16:00:00+00:00,BUY,2042.64,2037.4935875633223,2037.4935875633223,2052.9328248733555,0.1,-52.164124366777926,-514.6412436677792,-1.0,SL,2024Q1,2024,29,2024-01-04 01:30:00+00:00,2024Q1,2024
2050,69185,2024-01-04 19:30:00+00:00,69198,2024-01-05 03:00:00+00:00,SELL,2041.62,2046.0571295048208,2046.0571295048208,2032.7457409903582,0.1,-45.0712950482086,-443.71295048208594,-1.0,SL,2024Q1,2024,13,2024-01-04 19:30:00+00:00,2024Q1,2024
2051,69207,2024-01-05 07:30:00+00:00,69210,2024-01-05 09:00:00+00:00,SELL,2044.21,2046.8739326706989,2046.8739326706989,2038.8821346586026,0.1,-27.339326706988412,-266.39326706988413,-1.0,SL,2024Q1,2024,3,2024-01-05 07:30:00+00:00,2024Q1,2024
2052,69234,2024-01-05 21:00:00+00:00,69246,2024-01-08 04:00:00+00:00,BUY,2048.34,2041.8395037195667,2041.8395037195667,2061.340992560867,0.1,-65.70496280433481,-650.0496280433481,-1.0,SL,2024Q1,2024,12,2024-01-05 21:00:00+00:00,2024Q1,2024
2053,69272,2024-01-08 17:00:00+00:00,69303,2024-01-09 09:30:00+00:00,BUY,2026.51,2037.012944557288,2021.2585277213561,2037.012944557288,0.1,104.32944557287946,1050.2944557287947,1.9605372368766167,TP,2024Q1,2024,31,2024-01-08 17:00:00+00:00,2024Q1,2024
2054,69332,2024-01-10 01:00:00+00:00,69345,2024-01-10 07:30:00+00:00,BUY,2030.13,2026.789626332428,2026.789626332428,2036.8107473351442,0.1,-34.10373667572067,-334.03736675720666,-1.0,SL,2024Q1,2024,13,2024-01-10 01:00:00+00:00,2024Q1,2024
2055,69370,2024-01-10 20:00:00+00:00,69379,2024-01-11 01:30:00+00:00,SELL,2023.91,2027.9502504732966,2027.9502504732966,2015.829499053407,0.1,-41.1025047329651,-404.025047329651,-1.0,SL,2024Q1,2024,9,2024-01-10 20:00:00+00:00,2024Q1,2024
2056,69397,2024-01-11 10:30:00+00:00,69406,2024-01-11 15:00:00+00:00,SELL,2033.26,2035.9798024803738,2035.9798024803738,2027.8203950392524,0.1,-27.898024803738007,-271.9802480373801,-1.0,SL,2024Q1,2024,9,2024-01-11 10:30:00+00:00,2024Q1,2024
2057,69425,2024-01-12 01:30:00+00:00,69447,2024-01-12 12:30:00+00:00,BUY,2033.17,2044.433230654889,2027.5383846725556,2044.433230654889,0.1,111.93230654888957,1126.3230654888957,1.9631683324918159,TP,2024Q1,2024,22,2024-01-12 01:30:00+00:00,2024Q1,2024
2058,69458,2024-01-12 18:00:00+00:00,69461,2024-01-12 19:30:00+00:00,SELL,2053.56,2042.5057126541974,2059.087143672901,2042.5057126541974,0.1,109.8428734580255,1105.428734580255,1.9624808630486437,TP,2024Q1,2024,3,2024-01-12 18:00:00+00:00,2024Q1,2024
2059,69530,2024-01-16 10:30:00+00:00,69530,2024-01-16 10:30:00+00:00,SELL,2047.44,2042.454861947485,2049.9325690262576,2042.454861947485,0.1,49.151380525151396,498.513805251514,1.9180509879545806,TP,2024Q1,2024,0,2024-01-16 10:30:00+00:00,2024Q1,2024
2060,69540,2024-01-16 15:30:00+00:00,69540,2024-01-16 15:30:00+00:00,SELL,2033.56,2037.2632320480816,2037.2632320480816,2026.1535359038367,0.1,-37.732320480816455,-370.3232048081645,-1.0,SL,2024Q1,2024,0,2024-01-16 15:30:00+00:00,2024Q1,2024
2061,69572,2024-01-17 08:30:00+00:00,69574,2024-01-17 09:30:00+00:00,SELL,2017.65,2021.4623828766935,2021.4623828766935,2010.0252342466133,0.1,-38.823828766933914,-381.2382876693391,-1.0,SL,2024Q1,2024,2,2024-01-17 08:30:00+00:00,2024Q1,2024
2062,69593,2024-01-17 19:00:00+00:00,69607,2024-01-18 03:00:00+00:00,SELL,2005.33,2011.1659651642078,2011.1659651642078,1993.6580696715844,0.1,-59.05965164207892,-583.5965164207892,-1.0,SL,2024Q1,2024,14,2024-01-17 19:00:00+00:00,2024Q1,2024
2063,69611,2024-01-18 05:00:00+00:00,69617,2024-01-18 08:00:00+00:00,SELL,2007.46,2011.1232365003643,2011.1232365003643,2000.1335269992712,0.1,-37.33236500364292,-366.32365003642917,-1.0,SL,2024Q1,2024,6,2024-01-18 05:00:00+00:00,2024Q1,2024
2064,69704,2024-01-22 05:30:00+00:00,69709,2024-01-22 08:00:00+00:00,SELL,2026.48,2020.298550075994,2029.5707249620032,2020.298550075994,0.1,61.11449924006074,618.1449924006074,1.9335595464569821,TP,2024Q1,2024,5,2024-01-22 05:30:00+00:00,2024Q1,2024
2065,69754,2024-01-23 07:30:00+00:00,69756,2024-01-23 08:30:00+00:00,BUY,2029.95,2035.6688915083291,2027.0905542458356,2035.6688915083291,0.1,56.48891508329079,571.889150832908,1.9283140847714138,TP,2024Q1,2024,2,2024-01-23 07:30:00+00:00,2024Q1,2024
2066,69781,2024-01-23 21:00:00+00:00,69807,2024-01-24 11:00:00+00:00,BUY,2025.39,2032.9797068839744,2021.595146558013,2032.9797068839744,0.1,75.19706883974258,758.9706883974259,1.9456641750710715,TP,2024Q1,2024,26,2024-01-23 21:00:00+00:00,2024Q1,2024
2067,69816,2024-01-24 15:30:00+00:00,69816,2024-01-24 15:30:00+00:00,BUY,2035.8,2032.4059891854126,2032.4059891854126,2042.5880216291746,0.1,-34.640108145873185,-339.4010814587318,-1.0,SL,2024Q1,2024,0,2024-01-24 15:30:00+00:00,2024Q1,2024
2068,69819,2024-01-24 17:00:00+00:00,69820,2024-01-24 17:30:00+00:00,SELL,2024.52,2015.7181291839297,2028.9209354080351,2015.7181291839297,0.1,87.31870816070277,880.1870816070277,1.9530299633444514,TP,2024Q1,2024,1,2024-01-24 17:00:00+00:00,2024Q1,2024
2069,69824,2024-01-24 19:30:00+00:00,69827,2024-01-24 21:00:00+00:00,BUY,2017.58,2012.8355634409106,2012.8355634409106,2027.0688731181783,0.1,-48.14436559089309,-474.44365590893085,-1.0,SL,2024Q1,2024,3,2024-01-24 19:30:00+00:00,2024Q1,2024
2070,69828,2024-01-24 21:30:00+00:00,69833,2024-01-25 01:00:00+00:00,SELL,2012.44,2017.212356636926,2017.212356636926,2002.895286726148,0.1,-48.42356636925906,-477.2356636925906,-1.0,SL,2024Q1,2024,5,2024-01-24 21:30:00+00:00,2024Q1,2024
2071,69872,2024-01-25 20:30:00+00:00,69925,2024-01-29 01:00:00+00:00,BUY,2017.7,2027.3390387621732,2012.8804806189135,2027.3390387621732,0.1,95.69038762173186,963.9038762173186,1.9570509934345872,TP,2024Q1,2024,53,2024-01-25 20:30:00+00:00,2024Q1,2024
2072,69936,2024-01-29 06:30:00+00:00,69942,2024-01-29 09:30:00+00:00,BUY,2026.69,2033.3344857078453,2023.3677571460776,2033.3344857078453,0.1,65.74485707845206,664.4485707845206,1.9380940548649257,TP,2024Q1,2024,6,2024-01-29 06:30:00+00:00,2024Q1,2024
2073,69946,2024-01-29 11:30:00+00:00,69954,2024-01-29 15:30:00+00:00,SELL,2030.01,2033.1604194191814,2033.1604194191814,2023.7091611616374,0.1,-32.2041941918139,-315.04194191813895,-1.0,SL,2024Q1,2024,8,2024-01-29 11:30:00+00:00,2024Q1,2024
2074,69957,2024-01-29 17:00:00+00:00,69961,2024-01-29 19:00:00+00:00,SELL,2024.59,2028.9106802189506,2028.9106802189506,2015.9486395620988,0.1,-43.906802189506564,-432.0680218950656,-1.0,SL,2024Q1,2024,4,2024-01-29 17:00:00+00:00,2024Q1,2024
2075,69968,2024-01-29 22:30:00+00:00,70001,2024-01-30 16:00:00+00:00,BUY,2032.92,2041.7261826857448,2028.5169086571277,2041.7261826857448,0.1,87.36182685744716,880.6182685744716,1.953052601902569,TP,2024Q1,2024,33,2024-01-29 22:30:00+00:00,2024Q1,2024
2076,70004,2024-01-30 17:30:00+00:00,70017,2024-01-31 01:00:00+00:00,SELL,2031.93,2037.330416718485,2037.330416718485,2021.1291665630306,0.1,-54.70416718484849,-540.0416718484848,-1.0,SL,2024Q1,2024,13,2024-01-30 17:30:00+00:00,2024Q1,2024
2077,70064,2024-02-01 01:30:00+00:00,70086,2024-02-01 12:30:00+00:00,BUY,2041.03,2035.2088717719937,2035.2088717719937,2052.6722564560127,0.1,-58.911282280062736,-582.1128228006273,-1.0,SL,2024Q1,2024,22,2024-02-01 01:30:00+00:00,2024Q1,2024
2078,70101,2024-02-01 20:00:00+00:00,70138,2024-02-02 15:30:00+00:00,SELL,2054.27,2040.7476901695325,2061.031154915234,2040.7476901695325,0.1,134.52309830467522,1352.230983046752,1.9692584925087975,TP,2024Q1,2024,37,2024-02-01 20:00:00+00:00,2024Q1,2024
2079,70153,2024-02-02 23:00:00+00:00,70155,2024-02-05 01:00:00+00:00,SELL,2035.98,2040.2908787259844,2040.2908787259844,2027.358242548031,0.1,-43.80878725984367,-431.08787259843666,-1.0,SL,2024Q1,2024,2,2024-02-02 23:00:00+00:00,2024Q1,2024
2080,70158,2024-02-05 02:30:00+00:00,70173,2024-02-05 10:00:00+00:00,SELL,2035.07,2026.7464497035946,2039.2317751482026,2026.7464497035946,0.1,82.53550296405301,832.3550296405301,1.9503754352144174,TP,2024Q1,2024,15,2024-02-05 02:30:00+00:00,2024Q1,2024
2081,70174,2024-02-05 10:30:00+00:00,70180,2024-02-05 13:30:00+00:00,SELL,2023.08,2027.0163436676644,2027.0163436676644,2015.207312664671,0.1,-40.0634366766446,-393.63436676644596,-1.0,SL,2024Q1,2024,6,2024-02-05 10:30:00+00:00,2024Q1,2024
2082,70210,2024-02-06 05:30:00+00:00,70212,2024-02-06 06:30:00+00:00,SELL,2023.66,2026.4206388060163,2026.4206388060163,2018.1387223879676,0.1,-28.306388060162316,-276.06388060162317,-1.0,SL,2024Q1,2024,2,2024-02-06 05:30:00+00:00,2024Q1,2024
2083,70217,2024-02-06 09:00:00+00:00,70229,2024-02-06 15:00:00+00:00,SELL,2026.6,2029.1709945491202,2029.1709945491202,2021.4580109017593,0.1,-26.409945491203143,-257.09945491203143,-1.0,SL,2024Q1,2024,12,2024-02-06 09:00:00+00:00,2024Q1,2024
2084,70385,2024-02-12 01:00:00+00:00,70385,2024-02-12 01:00:00+00:00,SELL,2023.06,2026.0022118571956,2026.0022118571956,2017.175576285609,0.1,-30.12211857195616,-294.2211857195616,-1.0,SL,2024Q1,2024,0,2024-02-12 01:00:00+00:00,2024Q1,2024
2085,70444,2024-02-13 07:30:00+00:00,70447,2024-02-13 09:00:00+00:00,BUY,2020.16,2024.2043632991692,2018.1378183504155,2024.2043632991692,0.1,39.743632991691626,404.4363299169163,1.8996263063287562,TP,2024Q1,2024,3,2024-02-13 07:30:00+00:00,2024Q1,2024
2086,70509,2024-02-14 17:00:00+00:00,70511,2024-02-14 18:00:00+00:00,SELL,1987.32,1990.7285795948515,1990.7285795948515,1980.5028408102967,0.1,-34.78579594851517,-340.8579594851517,-1.0,SL,2024Q1,2024,2,2024-02-14 17:00:00+00:00,2024Q1,2024
2087,70512,2024-02-14 18:30:00+00:00,70550,2024-02-15 14:30:00+00:00,BUY,1991.41,1998.8069929809687,1987.7115035095158,1998.8069929809687,0.1,73.26992980968662,739.6992980968662,1.9442748585463028,TP,2024Q1,2024,38,2024-02-14 18:30:00+00:00,2024Q1,2024
2088,70557,2024-02-15 18:00:00+00:00,70560,2024-02-15 19:30:00+00:00,SELL,2000.65,2004.6137409193677,2004.6137409193677,1992.7225181612646,0.1,-40.33740919367638,-396.37409193676376,-1.0,SL,2024Q1,2024,3,2024-02-15 18:00:00+00:00,2024Q1,2024
2089,70586,2024-02-16 09:30:00+00:00,70598,2024-02-16 15:30:00+00:00,BUY,2005.0,2003.046432299621,2003.046432299621,2008.907135400758,0.1,-20.23567700378926,-195.3567700378926,-1.0,SL,2024Q1,2024,12,2024-02-16 09:30:00+00:00,2024Q1,2024
2090,70618,2024-02-19 02:30:00+00:00,70649,2024-02-19 18:00:00+00:00,BUY,2017.37,2013.656273230277,2013.656273230277,2024.7974535394458,0.1,-37.837267697228256,-371.37267697228253,-1.0,SL,2024Q1,2024,31,2024-02-19 02:30:00+00:00,2024Q1,2024
2091,70707,2024-02-21 03:30:00+00:00,70710,2024-02-21 05:00:00+00:00,BUY,2025.55,2029.7436752151216,2023.4531623924393,2029.7436752151216,0.1,41.236752151216294,419.36752151216297,1.9030845692971987,TP,2024Q1,2024,3,2024-02-21 03:30:00+00:00,2024Q1,2024
2092,70734,2024-02-21 17:00:00+00:00,70734,2024-02-21 17:00:00+00:00,SELL,2027.41,2029.8862899343023,2029.8862899343023,2022.4574201313956,0.1,-25.46289934302258,-247.62899343022582,-1.0,SL,2024Q1,2024,0,2024-02-21 17:00:00+00:00,2024Q1,2024
2093,70758,2024-02-22 06:00:00+00:00,70759,2024-02-22 06:30:00+00:00,SELL,2026.12,2028.5149186699473,2028.5149186699473,2021.330162660105,0.1,-24.64918669947401,-239.49186699474012,-1.0,SL,2024Q1,2024,1,2024-02-22 06:00:00+00:00,2024Q1,2024
2094,70766,2024-02-22 10:00:00+00:00,70768,2024-02-22 11:00:00+00:00,BUY,2031.67,2029.395831901067,2029.395831901067,2036.2183361978666,0.1,-23.441680989331598,-227.41680989331599,-1.0,SL,2024Q1,2024,2,2024-02-22 10:00:00+00:00,2024Q1,2024
2095,70792,2024-02-22 23:00:00+00:00,70808,2024-02-23 08:00:00+00:00,BUY,2024.75,2021.6749128441506,2021.6749128441506,2030.9001743116987,0.1,-31.4508715584936,-307.508715584936,-1.0,SL,2024Q1,2024,16,2024-02-22 23:00:00+00:00,2024Q1,2024
2096,70828,2024-02-23 18:00:00+00:00,70829,2024-02-23 18:30:00+00:00,BUY,2030.33,2037.3398605556035,2026.8250697221981,2037.3398605556035,0.1,69.39860555603609,700.9860555603609,1.9412575956225002,TP,2024Q1,2024,1,2024-02-23 18:00:00+00:00,2024Q1,2024
2097,70836,2024-02-23 22:00:00+00:00,70844,2024-02-26 03:00:00+00:00,SELL,2037.21,2030.064791755376,2040.782604122312,2030.064791755376,0.1,70.75208244623973,714.5208244623973,1.9423489369284763,TP,2024Q1,2024,8,2024-02-23 22:00:00+00:00,2024Q1,2024
2098,71013,2024-02-29 18:30:00+00:00,71040,2024-03-01 09:00:00+00:00,SELL,2044.65,2048.7402379545474,2048.7402379545474,2036.469524090906,0.1,-41.6023795454732,-409.02379545473195,-1.0,SL,2024Q1,2024,27,2024-02-29 18:30:00+00:00,2024Q1,2024
2099,71096,2024-03-04 14:00:00+00:00,71099,2024-03-04 15:30:00+00:00,SELL,2082.0,2084.905387835149,2084.905387835149,2076.1892243297016,0.1,-29.75387835149213,-290.5387835149213,-1.0,SL,2024Q1,2024,3,2024-03-04 14:00:00+00:00,2024Q1,2024
2100,71135,2024-03-05 10:30:00+00:00,71144,2024-03-05 15:00:00+00:00,BUY,2121.0,2128.649203193161,2117.1753984034194,2128.649203193161,0.1,75.79203193161156,764.9203193161156,1.9460792086706946,TP,2024Q1,2024,9,2024-03-05 10:30:00+00:00,2024Q1,2024
2101,71162,2024-03-06 01:00:00+00:00,71188,2024-03-06 14:00:00+00:00,SELL,2127.82,2133.232909897107,2133.232909897107,2116.994180205786,0.1,-54.829098971070565,-541.2909897107056,-1.0,SL,2024Q1,2024,26,2024-03-06 01:00:00+00:00,2024Q1,2024
2102,71197,2024-03-06 18:30:00+00:00,71203,2024-03-06 21:30:00+00:00,BUY,2146.45,2140.497229663017,2140.497229663017,2158.355540673965,0.1,-60.22770336982667,-595.2770336982667,-1.0,SL,2024Q1,2024,6,2024-03-06 18:30:00+00:00,2024Q1,2024
2103,71213,2024-03-07 03:30:00+00:00,71215,2024-03-07 04:30:00+00:00,SELL,2145.32,2150.5318365991548,2150.5318365991548,2134.896326801691,0.1,-52.818365991545946,-521.1836599154594,-1.0,SL,2024Q1,2024,2,2024-03-07 03:30:00+00:00,2024Q1,2024
2104,71239,2024-03-07 16:30:00+00:00,71249,2024-03-07 21:30:00+00:00,SELL,2154.68,2159.808045001358,2159.808045001358,2144.4239099972833,0.1,-51.9804500135826,-512.804500135826,-1.0,SL,2024Q1,2024,10,2024-03-07 16:30:00+00:00,2024Q1,2024
2105,71276,2024-03-08 12:00:00+00:00,71282,2024-03-08 15:00:00+00:00,BUY,2169.17,2165.2234674756373,2165.2234674756373,2177.0630650487255,0.1,-40.16532524362738,-394.65325243627376,-1.0,SL,2024Q1,2024,6,2024-03-08 12:00:00+00:00,2024Q1,2024
2106,71288,2024-03-08 18:00:00+00:00,71290,2024-03-08 19:00:00+00:00,BUY,2177.32,2191.5817248951766,2170.189137552412,2191.5817248951766,0.1,141.91724895176486,1426.1724895176485,1.9708368266261864,TP,2024Q1,2024,2,2024-03-08 18:00:00+00:00,2024Q1,2024
2107,71375,2024-03-12 14:30:00+00:00,71375,2024-03-12 14:30:00+00:00,SELL,2169.67,2173.2210988626653,2173.2210988626653,2162.56780227467,0.1,-36.210988626651854,-355.1098862665185,-1.0,SL_AMBIGUOUS_PESSIMISTIC,2024Q1,2024,0,2024-03-12 14:30:00+00:00,2024Q1,2024
2108,71384,2024-03-12 19:00:00+00:00,71385,2024-03-12 19:30:00+00:00,BUY,2165.93,2159.5099930936613,2159.5099930936613,2178.770013812677,0.1,-64.90006906338586,-642.0006906338585,-1.0,SL,2024Q1,2024,1,2024-03-12 19:00:00+00:00,2024Q1,2024
2109,71417,2024-03-13 12:30:00+00:00,71423,2024-03-13 15:30:00+00:00,BUY,2160.91,2167.445559677343,2157.642220161328,2167.445559677343,0.1,64.65559677343371,653.5559677343372,1.9370839269963434,TP,2024Q1,2024,6,2024-03-13 12:30:00+00:00,2024Q1,2024
2110,71443,2024-03-14 02:30:00+00:00,71455,2024-03-14 08:30:00+00:00,SELL,2174.22,2167.6542706588466,2177.5028646705764,2167.6542706588466,0.1,64.957293411532,656.5729341153201,1.937366991921005,TP,2024Q1,2024,12,2024-03-14 02:30:00+00:00,2024Q1,2024
2111,71459,2024-03-14 10:30:00+00:00,71465,2024-03-14 13:30:00+00:00,BUY,2169.86,2167.19108321869,2167.19108321869,2175.1978335626204,0.1,-27.389167813101448,-266.8916781310145,-1.0,SL,2024Q1,2024,6,2024-03-14 10:30:00+00:00,2024Q1,2024
2112,71513,2024-03-15 14:30:00+00:00,71517,2024-03-15 16:30:00+00:00,SELL,2162.87,2166.404861740554,2166.404861740554,2155.8002765188908,0.1,-36.04861740554334,-353.48617405543337,-1.0,SL,2024Q1,2024,4,2024-03-15 14:30:00+00:00,2024Q1,2024
2113,71528,2024-03-15 22:00:00+00:00,71539,2024-03-18 04:30:00+00:00,SELL,2156.78,2148.4043000765896,2160.9678499617057,2148.4043000765896,0.1,83.05699923410593,837.5699923410593,1.950679333022731,TP,2024Q1,2024,11,2024-03-15 22:00:00+00:00,2024Q1,2024
2114,71615,2024-03-19 19:30:00+00:00,71646,2024-03-20 12:00:00+00:00,BUY,2156.58,2152.3309829642026,2152.3309829642026,2165.0780340715946,0.1,-43.190170357973514,-424.9017035797351,-1.0,SL,2024Q1,2024,31,2024-03-19 19:30:00+00:00,2024Q1,2024
2115,71669,2024-03-21 00:30:00+00:00,71669,2024-03-21 00:30:00+00:00,BUY,2208.62,2199.0647678210757,2199.0647678210757,2227.7304643578486,0.1,-96.25232178924144,-955.5232178924143,-1.0,SL,2024Q1,2024,0,2024-03-21 00:30:00+00:00,2024Q1,2024
2116,71705,2024-03-21 18:30:00+00:00,71731,2024-03-22 08:30:00+00:00,BUY,2177.87,2169.8436845117676,2169.8436845117676,2193.9226309764645,0.1,-80.96315488232285,-802.6315488232285,-1.0,SL,2024Q1,2024,26,2024-03-21 18:30:00+00:00,2024Q1,2024
2117,71746,2024-03-22 16:00:00+00:00,71746,2024-03-22 16:00:00+00:00,BUY,2178.25,2173.2462995415863,2173.2462995415863,2188.2574009168275,0.1,-50.737004584137324,-500.3700458413732,-1.0,SL,2024Q1,2024,0,2024-03-22 16:00:00+00:00,2024Q1,2024
2118,71767,2024-03-25 03:30:00+00:00,71774,2024-03-25 07:00:00+00:00,BUY,2172.59,2167.7024318368994,2167.7024318368994,2182.3651363262015,0.1,-49.57568163100696,-488.75681631006955,-1.0,SL,2024Q1,2024,7,2024-03-25 03:30:00+00:00,2024Q1,2024
2119,71784,2024-03-25 12:00:00+00:00,71791,2024-03-25 15:30:00+00:00,BUY,2168.55,2177.2384603092346,2164.205769845383,2177.2384603092346,0.1,86.18460309234415,868.8460309234415,1.952426585691301,TP,2024Q1,2024,7,2024-03-25 12:00:00+00:00,2024Q1,2024
2120,71832,2024-03-26 13:00:00+00:00,71834,2024-03-26 14:00:00+00:00,BUY,2197.91,2193.2910552084923,2193.2910552084923,2207.147889583015,0.1,-46.88944791507602,-461.89447915076016,-1.0,SL,2024Q1,2024,2,2024-03-26 13:00:00+00:00,2024Q1,2024
2121,71932,2024-03-28 17:00:00+00:00,71943,2024-03-28 22:30:00+00:00,BUY,2214.41,2228.4258209331715,2207.402089533414,2228.4258209331715,0.1,139.45820933171655,1401.5820933171653,1.9703302265560099,TP,2024Q1,2024,11,2024-03-28 17:00:00+00:00,2024Q1,2024
2122,71944,2024-04-01 01:00:00+00:00,71949,2024-04-01 03:30:00+00:00,BUY,2240.72,2254.4928147728247,2233.8335926135874,2254.4928147728247,0.1,137.0281477282486,1377.2814772824859,1.9698120037635833,TP,2024Q2,2024,5,2024-04-01 01:00:00+00:00,2024Q2,2024
2123,71960,2024-04-01 09:00:00+00:00,71966,2024-04-01 12:00:00+00:00,BUY,2261.75,2255.174467421615,2255.174467421615,2274.9010651567696,0.1,-66.4553257838481,-657.5532578384809,-1.0,SL,2024Q2,2024,6,2024-04-01 09:00:00+00:00,2024Q2,2024
2124,72033,2024-04-02 22:30:00+00:00,72064,2024-04-03 15:00:00+00:00,BUY,2273.7,2266.1885724483527,2266.1885724483527,2288.722855103294,0.1,-75.81427551647103,-751.1427551647103,-1.0,SL,2024Q2,2024,31,2024-04-02 22:30:00+00:00,2024Q2,2024
2125,72078,2024-04-03 22:00:00+00:00,72109,2024-04-04 14:30:00+00:00,BUY,2296.53,2289.5946128234036,2289.5946128234036,2310.4007743531934,0.1,-70.05387176596578,-693.5387176596578,-1.0,SL,2024Q2,2024,31,2024-04-03 22:00:00+00:00,2024Q2,2024
2126,72139,2024-04-05 06:30:00+00:00,72151,2024-04-05 12:30:00+00:00,BUY,2278.49,2292.706549264758,2271.3817253676207,2292.706549264758,0.1,141.46549264758215,1421.6549264758214,1.9707450591186981,TP,2024Q2,2024,12,2024-04-05 06:30:00+00:00,2024Q2,2024
2127,72171,2024-04-05 22:30:00+00:00,72174,2024-04-08 01:00:00+00:00,SELL,2322.79,2306.713091864474,2330.828454067763,2306.713091864474,0.1,160.06908135526083,1607.6908135526082,1.974101105063362,TP,2024Q2,2024,3,2024-04-05 22:30:00+00:00,2024Q2,2024
2128,72227,2024-04-09 04:30:00+00:00,72228,2024-04-09 05:00:00+00:00,BUY,2343.72,2338.3559994385832,2338.3559994385832,2354.4480011228334,0.1,-54.340005614165605,-536.400056141656,-1.0,SL,2024Q2,2024,1,2024-04-09 04:30:00+00:00,2024Q2,2024
2129,72239,2024-04-09 10:30:00+00:00,72242,2024-04-09 12:00:00+00:00,BUY,2352.41,2363.4428585247438,2346.8935707376277,2363.4428585247438,0.1,109.62858524743915,1103.2858524743915,1.9624089037670402,TP,2024Q2,2024,3,2024-04-09 10:30:00+00:00,2024Q2,2024
2130,72279,2024-04-10 07:30:00+00:00,72289,2024-04-10 12:30:00+00:00,BUY,2354.17,2349.082267760074,2349.082267760074,2364.3454644798517,0.1,-51.57732239926027,-508.77322399260265,-1.0,SL,2024Q2,2024,10,2024-04-10 07:30:00+00:00,2024Q2,2024
2131,72308,2024-04-10 22:00:00+00:00,72318,2024-04-11 04:00:00+00:00,SELL,2327.34,2338.0331709092,2338.0331709092,2305.9536581816,0.1,-107.63170909200035,-1069.3170909200035,-1.0,SL,2024Q2,2024,10,2024-04-10 22:00:00+00:00,2024Q2,2024
2132,72322,2024-04-11 06:00:00+00:00,72328,2024-04-11 09:00:00+00:00,BUY,2344.0,2337.4030871281775,2337.4030871281775,2357.193825743645,0.1,-66.66912871822497,-659.6912871822497,-1.0,SL,2024Q2,2024,6,2024-04-11 06:00:00+00:00,2024Q2,2024
2133,72333,2024-04-11 11:30:00+00:00,72337,2024-04-11 13:30:00+00:00,SELL,2332.21,2338.415033276646,2338.415033276646,2319.7999334467077,0.1,-62.75033276646191,-620.5033276646191,-1.0,SL,2024Q2,2024,4,2024-04-11 11:30:00+00:00,2024Q2,2024
2134,72376,2024-04-12 10:00:00+00:00,72390,2024-04-12 17:00:00+00:00,BUY,2395.26,2408.9082566133925,2388.435871693304,2408.9082566133925,0.1,135.78256613392278,1364.8256613392277,1.9695392962448235,TP,2024Q2,2024,14,2024-04-12 10:00:00+00:00,2024Q2,2024
2135,72408,2024-04-15 03:00:00+00:00,72409,2024-04-15 03:30:00+00:00,BUY,2364.79,2351.1974902969328,2351.1974902969328,2391.975019406135,0.1,-136.62509703067207,-1359.2509703067208,-1.0,SL,2024Q2,2024,1,2024-04-15 03:00:00+00:00,2024Q2,2024
2136,72413,2024-04-15 05:30:00+00:00,72424,2024-04-15 11:00:00+00:00,BUY,2362.03,2349.196226906607,2349.196226906607,2387.697546186786,0.1,-129.0377309339312,-1283.377309339312,-1.0,SL,2024Q2,2024,11,2024-04-15 05:30:00+00:00,2024Q2,2024
2137,72442,2024-04-15 20:00:00+00:00,72446,2024-04-15 22:00:00+00:00,BUY,2357.16,2380.0330220752476,2345.723488962376,2380.0330220752476,0.1,228.0302207524772,2287.302207524772,1.9817494634721728,TP,2024Q2,2024,4,2024-04-15 20:00:00+00:00,2024Q2,2024
2138,72470,2024-04-16 11:00:00+00:00,72474,2024-04-16 13:00:00+00:00,SELL,2365.44,2373.7617713801005,2373.7617713801005,2348.7964572397987,0.1,-83.91771380100472,-832.1771380100472,-1.0,SL,2024Q2,2024,4,2024-04-16 11:00:00+00:00,2024Q2,2024
2139,72516,2024-04-17 11:00:00+00:00,72527,2024-04-17 16:30:00+00:00,BUY,2382.66,2394.689614246595,2376.6451928767024,2394.689614246595,0.1,119.59614246594974,1202.9614246594974,1.9654878132133469,TP,2024Q2,2024,11,2024-04-17 11:00:00+00:00,2024Q2,2024
2140,72539,2024-04-17 22:30:00+00:00,72558,2024-04-18 09:00:00+00:00,SELL,2370.21,2378.488102354692,2378.488102354692,2353.6537952906165,0.1,-83.48102354691783,-827.8102354691782,-1.0,SL,2024Q2,2024,19,2024-04-17 22:30:00+00:00,2024Q2,2024
2141,72580,2024-04-18 20:00:00+00:00,72582,2024-04-18 21:00:00+00:00,BUY,2388.21,2380.6598520312195,2380.6598520312195,2403.310295937561,0.1,-76.20147968780493,-755.0147968780493,-1.0,SL,2024Q2,2024,2,2024-04-18 20:00:00+00:00,2024Q2,2024
2142,72585,2024-04-18 22:30:00+00:00,72594,2024-04-19 04:00:00+00:00,SELL,2378.56,2385.762108965521,2385.762108965521,2364.155782068958,0.1,-72.72108965520893,-720.2108965520893,-1.0,SL,2024Q2,2024,9,2024-04-18 22:30:00+00:00,2024Q2,2024
2143,72595,2024-04-19 04:30:00+00:00,72595,2024-04-19 04:30:00+00:00,BUY,2395.87,2409.5899493518573,2389.010025324071,2409.5899493518573,0.1,136.49949351857396,1371.9949351857395,1.9696968589611972,TP,2024Q2,2024,0,2024-04-19 04:30:00+00:00,2024Q2,2024
2144,72626,2024-04-19 20:00:00+00:00,72631,2024-04-19 22:30:00+00:00,BUY,2399.81,2390.9645436985406,2390.9645436985406,2417.500912602919,0.1,-89.15456301459308,-884.5456301459308,-1.0,SL,2024Q2,2024,5,2024-04-19 20:00:00+00:00,2024Q2,2024
2145,72652,2024-04-22 10:00:00+00:00,72656,2024-04-22 12:00:00+00:00,SELL,2355.78,2363.3250922737425,2363.3250922737425,2340.6898154525156,0.1,-76.15092273742285,-754.5092273742284,-1.0,SL,2024Q2,2024,4,2024-04-22 10:00:00+00:00,2024Q2,2024
2146,72671,2024-04-22 19:30:00+00:00,72687,2024-04-23 04:30:00+00:00,SELL,2331.31,2313.55466119851,2340.1876694007447,2313.55466119851,0.1,176.8533880148987,1775.533880148987,1.9765302012631283,TP,2024Q2,2024,16,2024-04-22 19:30:00+00:00,2024Q2,2024
2147,72697,2024-04-23 09:30:00+00:00,72709,2024-04-23 15:30:00+00:00,SELL,2302.51,2311.6777089569355,2311.6777089569355,2284.1745820861292,0.1,-92.37708956935258,-916.7708956935257,-1.0,SL,2024Q2,2024,12,2024-04-23 09:30:00+00:00,2024Q2,2024
2148,72717,2024-04-23 19:30:00+00:00,72732,2024-04-24 04:00:00+00:00,BUY,2326.89,2317.215884264195,2317.215884264195,2346.2382314716097,0.1,-97.44115735804662,-967.4115735804662,-1.0,SL,2024Q2,2024,15,2024-04-23 19:30:00+00:00,2024Q2,2024
2149,72760,2024-04-24 18:00:00+00:00,72761,2024-04-24 18:30:00+00:00,BUY,2329.82,2322.930444846355,2322.930444846355,2343.599110307291,0.1,-69.59555153645233,-688.9555153645233,-1.0,SL,2024Q2,2024,1,2024-04-24 18:00:00+00:00,2024Q2,2024
2150,72790,2024-04-25 10:00:00+00:00,72801,2024-04-25 15:30:00+00:00,BUY,2322.83,2333.6155491194254,2317.437225440287,2333.6155491194254,0.1,107.15549119425468,1078.5549119425468,1.961557996270033,TP,2024Q2,2024,11,2024-04-25 10:00:00+00:00,2024Q2,2024
2151,72846,2024-04-26 15:00:00+00:00,72847,2024-04-26 15:30:00+00:00,SELL,2344.82,2349.937929053445,2349.937929053445,2334.584141893111,0.1,-51.87929053444641,-511.7929053444641,-1.0,SL,2024Q2,2024,1,2024-04-26 15:00:00+00:00,2024Q2,2024
2152,72892,2024-04-29 15:00:00+00:00,72895,2024-04-29 16:30:00+00:00,SELL,2336.91,2326.087963254009,2342.3210183729952,2326.087963254009,0.1,107.52036745990772,1082.2036745990772,1.9616859521882546,TP,2024Q2,2024,3,2024-04-29 15:00:00+00:00,2024Q2,2024
2153,72913,2024-04-30 02:30:00+00:00,72925,2024-04-30 08:30:00+00:00,SELL,2333.29,2323.052269736861,2338.4088651315697,2323.052269736861,0.1,101.67730263138928,1023.7730263138928,1.9595287226251479,TP,2024Q2,2024,12,2024-04-30 02:30:00+00:00,2024Q2,2024
2154,72956,2024-05-01 01:00:00+00:00,72958,2024-05-01 02:00:00+00:00,SELL,2286.03,2292.3085696744693,2292.3085696744693,2273.4728606510625,0.1,-63.48569674469054,-627.8569674469054,-1.0,SL,2024Q2,2024,2,2024-05-01 01:00:00+00:00,2024Q2,2024
2155,72979,2024-05-01 12:30:00+00:00,72983,2024-05-01 14:30:00+00:00,BUY,2287.56,2296.184851428583,2283.2475742857087,2296.184851428583,0.1,85.54851428583042,862.4851428583042,1.9520813326476416,TP,2024Q2,2024,4,2024-05-01 12:30:00+00:00,2024Q2,2024
2156,72995,2024-05-01 20:30:00+00:00,72996,2024-05-01 21:00:00+00:00,SELL,2299.97,2305.934740726654,2305.934740726654,2288.040518546691,0.1,-60.34740726654327,-596.4740726654327,-1.0,SL,2024Q2,2024,1,2024-05-01 20:30:00+00:00,2024Q2,2024
2157,73023,2024-05-02 11:30:00+00:00,73032,2024-05-02 16:00:00+00:00,SELL,2304.53,2292.0895950089157,2310.7502024955425,2292.0895950089157,0.1,123.70404991084506,1244.0404991084506,1.9666147472758113,TP,2024Q2,2024,9,2024-05-02 11:30:00+00:00,2024Q2,2024
2158,73042,2024-05-02 21:00:00+00:00,73052,2024-05-03 03:00:00+00:00,BUY,2308.22,2300.308506007379,2300.308506007379,2324.0429879852413,0.1,-79.81493992620763,-791.1493992620763,-1.0,SL,2024Q2,2024,10,2024-05-02 21:00:00+00:00,2024Q2,2024
2159,73080,2024-05-03 17:00:00+00:00,73080,2024-05-03 17:00:00+00:00,SELL,2289.99,2298.5943673508204,2298.5943673508204,2272.781265298359,0.1,-86.74367350820667,-860.4367350820667,-1.0,SL,2024Q2,2024,0,2024-05-03 17:00:00+00:00,2024Q2,2024
2160,73113,2024-05-06 10:30:00+00:00,73123,2024-05-06 15:30:00+00:00,BUY,2316.59,2327.9766634674975,2310.8966682662513,2327.9766634674975,0.1,113.16663467497328,1138.6663467497328,1.963562742923379,TP,2024Q2,2024,10,2024-05-06 10:30:00+00:00,2024Q2,2024
2161,73128,2024-05-06 18:00:00+00:00,73138,2024-05-06 23:00:00+00:00,SELL,2320.97,2328.127340660044,2328.127340660044,2306.6553186799115,0.1,-72.27340660044156,-715.7340660044156,-1.0,SL,2024Q2,2024,10,2024-05-06 18:00:00+00:00,2024Q2,2024
2162,73145,2024-05-07 03:30:00+00:00,73147,2024-05-07 04:30:00+00:00,BUY,2328.02,2323.0011352023403,2323.0011352023403,2338.05772959532,0.1,-50.88864797659717,-501.88647976597167,-1.0,SL,2024Q2,2024,2,2024-05-07 03:30:00+00:00,2024Q2,2024
2163,73152,2024-05-07 07:00:00+00:00,73155,2024-05-07 08:30:00+00:00,BUY,2325.06,2320.2643287207616,2320.2643287207616,2334.6513425584762,0.1,-48.65671279238377,-479.5671279238377,-1.0,SL,2024Q2,2024,3,2024-05-07 07:00:00+00:00,2024Q2,2024
2164,73196,2024-05-08 06:00:00+00:00,73204,2024-05-08 10:00:00+00:00,BUY,2317.24,2312.7898116646998,2312.7898116646998,2326.1403766706,0.1,-45.20188335300027,-445.01883353000267,-1.0,SL,2024Q2,2024,8,2024-05-08 06:00:00+00:00,2024Q2,2024
2165,73227,2024-05-08 21:30:00+00:00,73246,2024-05-09 08:00:00+00:00,SELL,2311.94,2316.941927679826,2316.941927679826,2301.9361446403477,0.1,-50.719276798261674,-500.1927679826167,-1.0,SL,2024Q2,2024,19,2024-05-08 21:30:00+00:00,2024Q2,2024
2166,73265,2024-05-09 17:30:00+00:00,73284,2024-05-10 04:00:00+00:00,BUY,2335.1,2349.371957131306,2327.964021434347,2349.371957131306,0.1,142.01957131305954,1427.1957131305953,1.9708575319665107,TP,2024Q2,2024,19,2024-05-09 17:30:00+00:00,2024Q2,2024
2167,73337,2024-05-13 07:30:00+00:00,73344,2024-05-13 11:00:00+00:00,SELL,2355.47,2346.402990349223,2360.0035048253885,2346.402990349223,0.1,89.97009650776981,906.7009650776981,1.9543825828437742,TP,2024Q2,2024,7,2024-05-13 07:30:00+00:00,2024Q2,2024
2168,73359,2024-05-13 18:30:00+00:00,73376,2024-05-14 04:00:00+00:00,SELL,2334.0,2340.1475783858723,2340.1475783858723,2321.704843228256,0.1,-62.17578385872294,-614.7578385872293,-1.0,SL,2024Q2,2024,17,2024-05-13 18:30:00+00:00,2024Q2,2024
2169,73416,2024-05-15 01:00:00+00:00,73436,2024-05-15 11:00:00+00:00,BUY,2357.53,2367.458959536317,2352.5655202318417,2367.458959536317,0.1,98.58959536316597,992.8959536316597,1.9582876464558188,TP,2024Q2,2024,20,2024-05-15 01:00:00+00:00,2024Q2,2024
2170,73442,2024-05-15 14:00:00+00:00,73445,2024-05-15 15:30:00+00:00,SELL,2365.75,2369.988324212564,2369.988324212564,2357.2733515748723,0.1,-43.08324212563839,-423.8324212563839,-1.0,SL,2024Q2,2024,3,2024-05-15 14:00:00+00:00,2024Q2,2024
2171,73448,2024-05-15 17:00:00+00:00,73448,2024-05-15 17:00:00+00:00,SELL,2358.0,2365.524372199578,2365.524372199578,2342.9512556008444,0.1,-75.94372199578011,-752.4372199578011,-1.0,SL,2024Q2,2024,0,2024-05-15 17:00:00+00:00,2024Q2,2024
2172,73450,2024-05-15 18:00:00+00:00,73464,2024-05-16 02:00:00+00:00,BUY,2373.96,2390.5520296094764,2365.663985195262,2390.5520296094764,0.1,165.22029609476414,1659.2029609476413,1.974898442699257,TP,2024Q2,2024,14,2024-05-15 18:00:00+00:00,2024Q2,2024
2173,73465,2024-05-16 02:30:00+00:00,73480,2024-05-16 10:00:00+00:00,BUY,2390.91,2384.7210838218602,2384.7210838218602,2403.2878323562795,0.1,-62.58916178139607,-618.8916178139607,-1.0,SL,2024Q2,2024,15,2024-05-16 02:30:00+00:00,2024Q2,2024
2174,73517,2024-05-17 05:30:00+00:00,73517,2024-05-17 05:30:00+00:00,BUY,2381.15,2377.4009579436492,2377.4009579436492,2388.6480841127013,0.1,-38.190420563508454,-374.9042056350845,-1.0,SL,2024Q2,2024,0,2024-05-17 05:30:00+00:00,2024Q2,2024
2175,73534,2024-05-17 14:00:00+00:00,73538,2024-05-17 16:00:00+00:00,BUY,2387.49,2395.603355864036,2383.4333220679814,2395.603355864036,0.1,80.43355864036293,811.3355864036293,1.9491116090327545,TP,2024Q2,2024,4,2024-05-17 14:00:00+00:00,2024Q2,2024
2176,73541,2024-05-17 17:30:00+00:00,73542,2024-05-17 18:00:00+00:00,BUY,2406.03,2417.7745890259143,2400.157705487043,2417.7745890259143,0.1,116.74589025914138,1174.4589025914138,1.9646601157949846,TP,2024Q2,2024,1,2024-05-17 17:30:00+00:00,2024Q2,2024
2177,73554,2024-05-20 01:00:00+00:00,73554,2024-05-20 01:00:00+00:00,SELL,2417.95,2424.6701647437676,2424.6701647437676,2404.5096705124647,0.1,-67.90164743767782,-672.0164743767782,-1.0,SL,2024Q2,2024,0,2024-05-20 01:00:00+00:00,2024Q2,2024
2178,73597,2024-05-20 22:30:00+00:00,73609,2024-05-21 05:30:00+00:00,SELL,2429.26,2412.720382794361,2437.5298086028197,2412.720382794361,0.1,164.6961720563939,1653.9617205639388,1.974819566011557,TP,2024Q2,2024,12,2024-05-20 22:30:00+00:00,2024Q2,2024
2179,73618,2024-05-21 10:00:00+00:00,73619,2024-05-21 10:30:00+00:00,SELL,2410.59,2417.884909668623,2417.884909668623,2396.0001806627542,0.1,-73.6490966862295,-729.490966862295,-1.0,SL,2024Q2,2024,1,2024-05-21 10:00:00+00:00,2024Q2,2024
2180,73626,2024-05-21 14:00:00+00:00,73634,2024-05-21 18:00:00+00:00,BUY,2419.87,2433.608743033785,2413.0006284831074,2433.608743033785,0.1,136.68743033784887,1373.8743033784885,1.9697378934837544,TP,2024Q2,2024,8,2024-05-21 14:00:00+00:00,2024Q2,2024
2181,73658,2024-05-22 07:00:00+00:00,73670,2024-05-22 13:00:00+00:00,SELL,2414.08,2419.10832379568,2419.10832379568,2404.0233524086398,0.1,-50.98323795680081,-502.83237956800804,-1.0,SL,2024Q2,2024,12,2024-05-22 07:00:00+00:00,2024Q2,2024
2182,73722,2024-05-23 16:00:00+00:00,73722,2024-05-23 16:00:00+00:00,SELL,2362.61,2368.6444992009074,2368.6444992009074,2350.541001598186,0.1,-61.04499200907249,-603.4499200907248,-1.0,SL,2024Q2,2024,0,2024-05-23 16:00:00+00:00,2024Q2,2024
2183,73736,2024-05-23 23:00:00+00:00,73753,2024-05-24 08:30:00+00:00,SELL,2331.43,2339.170252046597,2339.170252046597,2315.9494959068056,0.1,-78.10252046597107,-774.0252046597107,-1.0,SL,2024Q2,2024,17,2024-05-23 23:00:00+00:00,2024Q2,2024
2184,73754,2024-05-24 09:00:00+00:00,73773,2024-05-24 18:30:00+00:00,BUY,2338.69,2333.109903094204,2333.109903094204,2349.850193811592,0.1,-56.50096905795927,-558.0096905795926,-1.0,SL,2024Q2,2024,19,2024-05-24 09:00:00+00:00,2024Q2,2024
2185,73797,2024-05-27 07:30:00+00:00,73812,2024-05-27 15:00:00+00:00,SELL,2343.02,2347.7801783107943,2347.7801783107943,2333.499643378411,0.1,-48.30178310794345,-476.0178310794345,-1.0,SL,2024Q2,2024,15,2024-05-27 07:30:00+00:00,2024Q2,2024
2186,73815,2024-05-27 16:30:00+00:00,73841,2024-05-28 09:00:00+00:00,BUY,2350.56,2345.9832462036134,2345.9832462036134,2359.7135075927727,0.1,-46.46753796386584,-457.67537963865834,-1.0,SL,2024Q2,2024,26,2024-05-27 16:30:00+00:00,2024Q2,2024
2187,73887,2024-05-29 09:00:00+00:00,73891,2024-05-29 11:00:00+00:00,SELL,2356.59,2348.1574535620634,2360.8062732189683,2348.1574535620634,0.1,83.62546437936707,843.2546437936708,1.951006389636986,TP,2024Q2,2024,4,2024-05-29 09:00:00+00:00,2024Q2,2024
2188,73901,2024-05-29 16:00:00+00:00,73901,2024-05-29 16:00:00+00:00,SELL,2337.53,2343.0775830940706,2343.0775830940706,2326.4348338118593,0.1,-56.17583094070433,-554.7583094070433,-1.0,SL,2024Q2,2024,0,2024-05-29 16:00:00+00:00,2024Q2,2024
2189,73927,2024-05-30 06:00:00+00:00,73929,2024-05-30 07:00:00+00:00,SELL,2330.71,2335.3775528021124,2335.3775528021124,2321.3748943957758,0.1,-47.375528021123685,-466.7552802112368,-1.0,SL,2024Q2,2024,2,2024-05-30 06:00:00+00:00,2024Q2,2024
2190,73935,2024-05-30 10:00:00+00:00,73946,2024-05-30 15:30:00+00:00,BUY,2333.06,2343.428736973643,2327.8756315131786,2343.428736973643,0.1,102.98736973643081,1036.873697364308,1.9600332560370946,TP,2024Q2,2024,11,2024-05-30 10:00:00+00:00,2024Q2,2024
2191,73949,2024-05-30 17:00:00+00:00,73951,2024-05-30 18:00:00+00:00,BUY,2348.83,2342.4630298772554,2342.4630298772554,2361.563940245489,0.1,-64.36970122744533,-636.6970122744533,-1.0,SL,2024Q2,2024,2,2024-05-30 17:00:00+00:00,2024Q2,2024
2192,73983,2024-05-31 11:00:00+00:00,73988,2024-05-31 13:30:00+00:00,SELL,2340.25,2344.617384474446,2344.617384474446,2331.5152310511075,0.1,-44.37384474446226,-436.7384474446226,-1.0,SL,2024Q2,2024,5,2024-05-31 11:00:00+00:00,2024Q2,2024
2193,74005,2024-05-31 22:00:00+00:00,74008,2024-05-31 23:30:00+00:00,SELL,2322.74,2329.512612546009,2329.512612546009,2309.1947749079814,0.1,-68.42612546009441,-677.2612546009441,-1.0,SL,2024Q2,2024,3,2024-05-31 22:00:00+00:00,2024Q2,2024
2194,74019,2024-06-03 06:00:00+00:00,74024,2024-06-03 08:30:00+00:00,SELL,2326.25,2315.788364549785,2331.4808177251075,2315.788364549785,0.1,103.91635450214999,1046.1635450214999,1.9603834708359564,TP,2024Q2,2024,5,2024-06-03 06:00:00+00:00,2024Q2,2024
2195,74052,2024-06-03 22:30:00+00:00,74055,2024-06-04 01:00:00+00:00,SELL,2345.55,2351.61,2351.5093710646524,2333.6312578706957,0.1,-61.29999999999946,-605.9999999999945,-1.016689789742355,SL_GAP_OPEN_PESSIMISTIC,2024Q2,2024,3,2024-06-03 22:30:00+00:00,2024Q2,2024
2196,74193,2024-06-07 01:00:00+00:00,74200,2024-06-07 04:30:00+00:00,BUY,2375.65,2370.4783594521205,2370.4783594521205,2385.9932810957594,0.1,-52.416405478796335,-517.1640547879633,-1.0,SL,2024Q2,2024,7,2024-06-07 01:00:00+00:00,2024Q2,2024
2197,74218,2024-06-07 13:30:00+00:00,74222,2024-06-07 15:30:00+00:00,SELL,2336.47,2321.115987842906,2344.147006078547,2321.115987842906,0.1,152.84012157093622,1535.401215709362,1.9728927539398755,TP,2024Q2,2024,4,2024-06-07 13:30:00+00:00,2024Q2,2024
2198,74225,2024-06-07 17:00:00+00:00,74225,2024-06-07 17:00:00+00:00,SELL,2309.4,2319.933372063069,2319.933372063069,2288.333255873862,0.1,-106.03372063068782,-1053.3372063068782,-1.0,SL,2024Q2,2024,0,2024-06-07 17:00:00+00:00,2024Q2,2024
2199,74308,2024-06-11 12:30:00+00:00,74308,2024-06-11 12:30:00+00:00,SELL,2302.37,2306.8072502906825,2306.8072502906825,2293.4954994186346,0.1,-45.072502906826415,-443.7250290682641,-1.0,SL,2024Q2,2024,0,2024-06-11 12:30:00+00:00,2024Q2,2024
2200,74314,2024-06-11 15:30:00+00:00,74316,2024-06-11 16:30:00+00:00,BUY,2314.59,2309.869201583495,2309.869201583495,2324.031596833011,0.1,-47.90798416505204,-472.0798416505204,-1.0,SL,2024Q2,2024,2,2024-06-11 15:30:00+00:00,2024Q2,2024
2201,74407,2024-06-13 16:00:00+00:00,74407,2024-06-13 16:00:00+00:00,BUY,2323.46,2316.465997149658,2316.465997149658,2337.448005700684,0.1,-70.64002850341986,-699.4002850341985,-1.0,SL,2024Q2,2024,0,2024-06-13 16:00:00+00:00,2024Q2,2024
2202,74470,2024-06-17 01:30:00+00:00,74484,2024-06-17 08:30:00+00:00,SELL,2329.94,2320.2015747888054,2334.809212605597,2320.2015747888054,0.1,96.6842521119468,973.8425211194681,1.9574831017070262,TP,2024Q2,2024,14,2024-06-17 01:30:00+00:00,2024Q2,2024
2203,74497,2024-06-17 15:00:00+00:00,74499,2024-06-17 16:00:00+00:00,SELL,2318.12,2322.0998162748538,2322.0998162748538,2310.1603674502917,0.1,-40.498162748538746,-397.98162748538743,-1.0,SL,2024Q2,2024,2,2024-06-17 15:00:00+00:00,2024Q2,2024
2204,74520,2024-06-18 03:30:00+00:00,74533,2024-06-18 10:00:00+00:00,BUY,2322.33,2318.5804079215454,2318.5804079215454,2329.8291841569085,0.1,-38.19592078454498,-374.9592078454498,-1.0,SL,2024Q2,2024,13,2024-06-18 03:30:00+00:00,2024Q2,2024
2205,74540,2024-06-18 13:30:00+00:00,74542,2024-06-18 14:30:00+00:00,SELL,2309.97,2313.766710676846,2313.766710676846,2302.3765786463077,0.1,-38.66710676846033,-379.67106768460326,-1.0,SL,2024Q2,2024,2,2024-06-18 13:30:00+00:00,2024Q2,2024
2206,74547,2024-06-18 17:00:00+00:00,74549,2024-06-18 18:00:00+00:00,BUY,2326.83,2320.746094546576,2320.746094546576,2338.9978109068484,0.1,-61.53905453423995,-608.3905453423995,-1.0,SL,2024Q2,2024,2,2024-06-18 17:00:00+00:00,2024Q2,2024
2207,74582,2024-06-19 11:30:00+00:00,74583,2024-06-19 12:00:00+00:00,BUY,2333.99,2330.9201586497707,2330.9201586497707,2340.1296827004585,0.1,-31.39841350229126,-306.9841350229126,-1.0,SL,2024Q2,2024,1,2024-06-19 11:30:00+00:00,2024Q2,2024
2208,74584,2024-06-19 12:30:00+00:00,74589,2024-06-19 15:00:00+00:00,SELL,2329.34,2332.4563427968815,2332.4563427968815,2323.1073144062375,0.1,-31.863427968813266,-311.63427968813266,-1.0,SL,2024Q2,2024,5,2024-06-19 12:30:00+00:00,2024Q2,2024
2209,74597,2024-06-19 19:00:00+00:00,74609,2024-06-20 04:30:00+00:00,BUY,2329.95,2337.598830762289,2326.1255846188556,2337.598830762289,0.1,75.7883076228898,764.8830762288981,1.9460766303932777,TP,2024Q2,2024,12,2024-06-19 19:00:00+00:00,2024Q2,2024
2210,74615,2024-06-20 07:30:00+00:00,74619,2024-06-20 09:30:00+00:00,BUY,2338.46,2345.4157810707884,2334.982109464606,2345.4157810707884,0.1,68.85781070788362,695.5781070788362,1.940809898753917,TP,2024Q2,2024,4,2024-06-20 07:30:00+00:00,2024Q2,2024
2211,74634,2024-06-20 17:00:00+00:00,74635,2024-06-20 17:30:00+00:00,BUY,2349.47,2360.3410701049847,2344.0344649475073,2360.3410701049847,0.1,108.01070104984937,1087.1070104984938,1.9618565683448097,TP,2024Q2,2024,1,2024-06-20 17:00:00+00:00,2024Q2,2024
2212,74653,2024-06-21 03:30:00+00:00,74655,2024-06-21 04:30:00+00:00,BUY,2363.26,2358.931361335587,2358.931361335587,2371.9172773288265,0.1,-43.9863866441312,-432.863866441312,-1.0,SL,2024Q2,2024,2,2024-06-21 03:30:00+00:00,2024Q2,2024
2213,74675,2024-06-21 14:30:00+00:00,74677,2024-06-21 15:30:00+00:00,BUY,2365.46,2361.4804889285488,2361.4804889285488,2373.419022142903,0.1,-40.495110714512705,-397.951107145127,-1.0,SL,2024Q2,2024,2,2024-06-21 14:30:00+00:00,2024Q2,2024
2214,74683,2024-06-21 18:30:00+00:00,74735,2024-06-24 21:30:00+00:00,SELL,2326.53,2334.2882036425826,2334.2882036425826,2311.0135927148353,0.1,-78.2820364258243,-775.820364258243,-1.0,SL,2024Q2,2024,52,2024-06-21 18:30:00+00:00,2024Q2,2024
2215,74745,2024-06-25 03:30:00+00:00,74762,2024-06-25 12:00:00+00:00,SELL,2329.05,2332.2343680514596,2332.2343680514596,2322.681263897082,0.1,-32.54368051459387,-318.4368051459387,-1.0,SL,2024Q2,2024,17,2024-06-25 03:30:00+00:00,2024Q2,2024
2216,74765,2024-06-25 13:30:00+00:00,74766,2024-06-25 14:00:00+00:00,BUY,2335.92,2331.8809543095476,2331.8809543095476,2343.9980913809045,0.1,-41.0904569045244,-403.904569045244,-1.0,SL,2024Q2,2024,1,2024-06-25 13:30:00+00:00,2024Q2,2024
2217,74767,2024-06-25 14:30:00+00:00,74770,2024-06-25 16:00:00+00:00,SELL,2330.35,2321.9405742685058,2334.554712865747,2321.9405742685058,0.1,83.39425731494138,840.9425731494139,1.950873893382838,TP,2024Q2,2024,3,2024-06-25 14:30:00+00:00,2024Q2,2024
2218,74785,2024-06-25 23:30:00+00:00,74790,2024-06-26 03:00:00+00:00,SELL,2318.0,2322.559260800515,2322.559260800515,2308.88147839897,0.1,-46.29260800514949,-455.92608005149486,-1.0,SL,2024Q2,2024,5,2024-06-25 23:30:00+00:00,2024Q2,2024
2219,74813,2024-06-26 14:30:00+00:00,74813,2024-06-26 14:30:00+00:00,SELL,2304.45,2309.311546829855,2309.311546829855,2294.7269063402896,0.1,-49.31546829855343,-486.15468298553424,-1.0,SL,2024Q2,2024,0,2024-06-26 14:30:00+00:00,2024Q2,2024
2220,74893,2024-06-28 08:30:00+00:00,74898,2024-06-28 11:00:00+00:00,BUY,2323.03,2329.905443860432,2319.5922780697842,2329.905443860432,0.1,68.05443860431915,687.5443860431915,1.9401320845329744,TP,2024Q2,2024,5,2024-06-28 08:30:00+00:00,2024Q2,2024
2221,74961,2024-07-01 19:30:00+00:00,74982,2024-07-02 07:00:00+00:00,BUY,2330.89,2324.927635250123,2324.927635250123,2342.8147294997543,0.1,-60.32364749876997,-596.2364749876997,-1.0,SL,2024Q3,2024,21,2024-07-01 19:30:00+00:00,2024Q3,2024
2222,74994,2024-07-02 13:00:00+00:00,75000,2024-07-02 16:00:00+00:00,SELL,2324.78,2329.182283024498,2329.182283024498,2315.9754339510046,0.1,-44.722830244975924,-440.2283024497592,-1.0,SL,2024Q3,2024,6,2024-07-02 13:00:00+00:00,2024Q3,2024
2223,75062,2024-07-04 01:00:00+00:00,75079,2024-07-04 09:30:00+00:00,BUY,2357.04,2352.3626355235688,2352.3626355235688,2366.394728952862,0.1,-47.47364476431194,-467.7364476431194,-1.0,SL,2024Q3,2024,17,2024-07-04 01:00:00+00:00,2024Q3,2024
2224,75082,2024-07-04 11:00:00+00:00,75119,2024-07-05 09:00:00+00:00,BUY,2357.76,2365.366343051901,2353.95682847405,2365.366343051901,0.1,75.36343051900694,760.6343051900694,1.9457808675414978,TP,2024Q3,2024,37,2024-07-04 11:00:00+00:00,2024Q3,2024
2225,75159,2024-07-08 06:00:00+00:00,75170,2024-07-08 11:30:00+00:00,SELL,2382.74,2372.814719388269,2387.7026403058653,2372.814719388269,0.1,98.55280611730613,992.5280611730614,1.958272400323206,TP,2024Q3,2024,11,2024-07-08 06:00:00+00:00,2024Q3,2024
2226,75269,2024-07-10 15:00:00+00:00,75272,2024-07-10 16:30:00+00:00,BUY,2378.46,2385.55997988881,2374.910010055595,2385.55997988881,0.1,70.29979888810139,709.997988881014,1.9419887891334815,TP,2024Q3,2024,3,2024-07-10 15:00:00+00:00,2024Q3,2024
2227,75297,2024-07-11 06:00:00+00:00,75307,2024-07-11 11:00:00+00:00,BUY,2377.55,2383.640103939289,2374.5049480303555,2383.640103939289,0.1,60.201039392888376,609.0103939288838,1.9325853943860811,TP,2024Q3,2024,10,2024-07-11 06:00:00+00:00,2024Q3,2024
2228,75354,2024-07-12 11:30:00+00:00,75357,2024-07-12 13:00:00+00:00,BUY,2406.28,2401.635048086776,2401.635048086776,2415.569903826449,0.1,-47.14951913224304,-464.4951913224304,-1.0,SL,2024Q3,2024,3,2024-07-12 11:30:00+00:00,2024Q3,2024
2229,75366,2024-07-12 17:30:00+00:00,75396,2024-07-15 09:30:00+00:00,BUY,2408.32,2402.3450769840833,2402.3450769840833,2420.269846031834,0.1,-60.449230159168295,-597.4923015916829,-1.0,SL,2024Q3,2024,30,2024-07-12 17:30:00+00:00,2024Q3,2024
2230,75459,2024-07-16 18:00:00+00:00,75464,2024-07-16 20:30:00+00:00,BUY,2452.2,2465.9812135598877,2445.309393220056,2465.9812135598877,0.1,137.11213559887875,1378.1213559887874,1.9698302164395944,TP,2024Q3,2024,5,2024-07-16 18:00:00+00:00,2024Q3,2024
2231,75520,2024-07-18 02:30:00+00:00,75535,2024-07-18 10:00:00+00:00,BUY,2460.7,2472.414045193346,2454.8429774033266,2472.414045193346,0.1,116.4404519334601,1171.404519334601,1.9645690569632168,TP,2024Q3,2024,15,2024-07-18 02:30:00+00:00,2024Q3,2024
2232,75538,2024-07-18 11:30:00+00:00,75548,2024-07-18 16:30:00+00:00,SELL,2469.89,2460.1302888024816,2474.769855598759,2460.1302888024816,0.1,96.897111975183,975.97111975183,1.9575745199410173,TP,2024Q3,2024,10,2024-07-18 11:30:00+00:00,2024Q3,2024
2233,75570,2024-07-19 04:30:00+00:00,75571,2024-07-19 05:00:00+00:00,SELL,2421.73,2428.4843750516948,2428.4843750516948,2408.2212498966105,0.1,-68.24375051694751,-675.4375051694751,-1.0,SL,2024Q3,2024,1,2024-07-19 04:30:00+00:00,2024Q3,2024
2234,75635,2024-07-22 14:00:00+00:00,75636,2024-07-22 14:30:00+00:00,BUY,2406.97,2401.8789665674644,2401.8789665674644,2417.15206686507,0.1,-51.61033432535369,-509.1033432535369,-1.0,SL,2024Q3,2024,1,2024-07-22 14:00:00+00:00,2024Q3,2024
2235,75657,2024-07-23 02:00:00+00:00,75660,2024-07-23 03:30:00+00:00,SELL,2395.05,2399.620707527729,2399.620707527729,2385.908584944543,0.1,-46.40707527728701,-457.07075277287004,-1.0,SL,2024Q3,2024,3,2024-07-23 02:00:00+00:00,2024Q3,2024
2236,75698,2024-07-23 22:30:00+00:00,75711,2024-07-24 06:00:00+00:00,BUY,2407.92,2417.7324310645454,2403.0137844677274,2417.7324310645454,0.1,97.42431064545308,981.2431064545308,1.957799255551117,TP,2024Q3,2024,13,2024-07-23 22:30:00+00:00,2024Q3,2024
2237,75712,2024-07-24 06:30:00+00:00,75720,2024-07-24 10:30:00+00:00,BUY,2417.34,2412.6002659328,2412.6002659328,2426.8194681344007,0.1,-48.09734067200061,-473.9734067200061,-1.0,SL,2024Q3,2024,8,2024-07-24 06:30:00+00:00,2024Q3,2024
2238,75750,2024-07-25 02:30:00+00:00,75753,2024-07-25 04:00:00+00:00,BUY,2400.1,2394.0360988524153,2394.0360988524153,2412.227802295169,0.1,-61.33901147584602,-606.3901147584602,-1.0,SL,2024Q3,2024,3,2024-07-25 02:30:00+00:00,2024Q3,2024
2239,75773,2024-07-25 14:00:00+00:00,75773,2024-07-25 14:00:00+00:00,BUY,2381.41,2374.0570135182725,2374.0570135182725,2396.115972963455,0.1,-74.22986481727385,-735.2986481727385,-1.0,SL,2024Q3,2024,0,2024-07-25 14:00:00+00:00,2024Q3,2024
2240,75866,2024-07-29 14:30:00+00:00,75869,2024-07-29 16:00:00+00:00,SELL,2390.4,2395.221569319508,2395.221569319508,2380.7568613609847,0.1,-48.91569319507944,-482.1569319507944,-1.0,SL,2024Q3,2024,3,2024-07-29 14:30:00+00:00,2024Q3,2024
2241,75901,2024-07-30 09:00:00+00:00,75916,2024-07-30 16:30:00+00:00,BUY,2389.07,2397.464750857138,2384.8726245714315,2397.464750857138,0.1,83.24750857137751,839.4750857137751,1.9507894246675213,TP,2024Q3,2024,15,2024-07-30 09:00:00+00:00,2024Q3,2024
2242,75953,2024-07-31 12:00:00+00:00,75972,2024-07-31 21:30:00+00:00,BUY,2421.58,2432.95651394238,2415.8917430288097,2432.95651394238,0.1,113.06513942379915,1137.6513942379916,1.963530630701073,TP,2024Q3,2024,19,2024-07-31 12:00:00+00:00,2024Q3,2024
2243,75980,2024-08-01 02:30:00+00:00,75983,2024-08-01 04:00:00+00:00,SELL,2445.15,2451.090356896112,2451.090356896112,2433.2692862077765,0.1,-60.103568961120075,-594.0356896112007,-1.0,SL,2024Q3,2024,3,2024-08-01 02:30:00+00:00,2024Q3,2024
2244,76004,2024-08-01 14:30:00+00:00,76006,2024-08-01 15:30:00+00:00,BUY,2438.9,2449.781941591256,2433.459029204372,2449.781941591256,0.1,108.11941591255781,1088.1941591255782,1.9618941910984897,TP,2024Q3,2024,2,2024-08-01 14:30:00+00:00,2024Q3,2024
2245,76020,2024-08-01 22:30:00+00:00,76029,2024-08-02 04:00:00+00:00,BUY,2443.42,2435.6972025713194,2435.6972025713194,2458.865594857361,0.1,-77.92797428680679,-772.2797428680678,-1.0,SL,2024Q3,2024,9,2024-08-01 22:30:00+00:00,2024Q3,2024
2246,76039,2024-08-02 09:00:00+00:00,76049,2024-08-02 14:00:00+00:00,BUY,2466.93,2459.880380132518,2459.880380132518,2481.029239734964,0.1,-71.19619867481852,-704.9619867481852,-1.0,SL,2024Q3,2024,10,2024-08-02 09:00:00+00:00,2024Q3,2024
2247,76069,2024-08-05 01:00:00+00:00,76073,2024-08-05 03:00:00+00:00,BUY,2444.19,2433.6106329228865,2433.6106329228865,2465.348734154227,0.1,-106.49367077113602,-1057.9367077113602,-1.0,SL,2024Q3,2024,4,2024-08-05 01:00:00+00:00,2024Q3,2024
2248,76084,2024-08-05 08:30:00+00:00,76091,2024-08-05 12:00:00+00:00,SELL,2444.35,2421.397652690892,2455.826173654554,2421.397652690892,0.1,228.82347309108064,2295.2347309108063,1.9818121564525732,TP,2024Q3,2024,7,2024-08-05 08:30:00+00:00,2024Q3,2024
2249,76119,2024-08-06 03:00:00+00:00,76120,2024-08-06 03:30:00+00:00,SELL,2404.72,2413.6505250586347,2413.6505250586347,2386.8589498827296,0.1,-90.00525058634885,-893.0525058634885,-1.0,SL,2024Q3,2024,1,2024-08-06 03:00:00+00:00,2024Q3,2024
2250,76164,2024-08-07 02:30:00+00:00,76173,2024-08-07 07:00:00+00:00,SELL,2386.19,2392.429597115809,2392.429597115809,2373.7108057683818,0.1,-63.0959711580892,-623.959711580892,-1.0,SL,2024Q3,2024,9,2024-08-07 02:30:00+00:00,2024Q3,2024
2251,76174,2024-08-07 07:30:00+00:00,76190,2024-08-07 15:30:00+00:00,BUY,2392.05,2405.265275406556,2385.4423622967224,2405.265275406556,0.1,131.45275406555976,1321.5275406555975,1.9685517529804792,TP,2024Q3,2024,16,2024-08-07 07:30:00+00:00,2024Q3,2024
2252,76199,2024-08-07 20:00:00+00:00,76199,2024-08-07 20:00:00+00:00,BUY,2399.85,2393.441156760191,2393.441156760191,2412.667686479618,0.1,-64.78843239808903,-640.8843239808903,-1.0,SL,2024Q3,2024,0,2024-08-07 20:00:00+00:00,2024Q3,2024
2253,76219,2024-08-08 07:00:00+00:00,76232,2024-08-08 13:30:00+00:00,BUY,2394.41,2404.9078825249208,2389.1610587375394,2404.9078825249208,0.1,104.27882524920896,1049.7882524920897,1.9605184585357014,TP,2024Q3,2024,13,2024-08-08 07:00:00+00:00,2024Q3,2024
2254,76256,2024-08-09 02:30:00+00:00,76261,2024-08-09 05:00:00+00:00,SELL,2423.26,2429.0471169139414,2429.0471169139414,2411.685766172118,0.1,-58.57116913941191,-578.711691394119,-1.0,SL,2024Q3,2024,5,2024-08-09 02:30:00+00:00,2024Q3,2024
2255,76267,2024-08-09 08:00:00+00:00,76268,2024-08-09 08:30:00+00:00,BUY,2424.06,2419.312298432994,2419.312298432994,2433.555403134012,0.1,-48.17701567006061,-474.7701567006061,-1.0,SL,2024Q3,2024,1,2024-08-09 08:00:00+00:00,2024Q3,2024
2256,76269,2024-08-09 09:00:00+00:00,76270,2024-08-09 09:30:00+00:00,SELL,2417.04,2421.8283243103265,2421.8283243103265,2407.463351379347,0.1,-48.58324310326516,-478.8324310326516,-1.0,SL,2024Q3,2024,1,2024-08-09 09:00:00+00:00,2024Q3,2024
2257,76279,2024-08-09 14:00:00+00:00,76280,2024-08-09 14:30:00+00:00,BUY,2430.7,2425.9936508414035,2425.9936508414035,2440.1126983171926,0.1,-47.76349158596368,-470.63491585963675,-1.0,SL,2024Q3,2024,1,2024-08-09 14:00:00+00:00,2024Q3,2024
2258,76325,2024-08-12 14:00:00+00:00,76326,2024-08-12 14:30:00+00:00,BUY,2443.95,2439.7913168920372,2439.7913168920372,2452.2673662159254,0.1,-42.286831079625884,-415.8683107962588,-1.0,SL,2024Q3,2024,1,2024-08-12 14:00:00+00:00,2024Q3,2024
2259,76336,2024-08-12 19:30:00+00:00,76349,2024-08-13 03:00:00+00:00,BUY,2463.8,2476.343045987455,2457.5284770062726,2476.343045987455,0.1,124.73045987454661,1254.3045987454661,1.9668849265061141,TP,2024Q3,2024,13,2024-08-12 19:30:00+00:00,2024Q3,2024
2260,76427,2024-08-14 19:00:00+00:00,76442,2024-08-15 03:30:00+00:00,SELL,2443.93,2451.988283365644,2451.988283365644,2427.813433268712,0.1,-81.28283365644002,-805.8283365644002,-1.0,SL,2024Q3,2024,15,2024-08-14 19:00:00+00:00,2024Q3,2024
2261,76478,2024-08-15 21:30:00+00:00,76510,2024-08-16 14:30:00+00:00,BUY,2457.36,2471.161472489319,2450.4592637553405,2471.161472489319,0.1,137.31472489318713,1380.1472489318712,1.9698740573979772,TP,2024Q3,2024,32,2024-08-15 21:30:00+00:00,2024Q3,2024
2262,76533,2024-08-19 03:00:00+00:00,76534,2024-08-19 03:30:00+00:00,BUY,2506.68,2500.2727071603304,2500.2727071603304,2519.4945856793393,0.1,-64.77292839669481,-640.7292839669481,-1.0,SL,2024Q3,2024,1,2024-08-19 03:00:00+00:00,2024Q3,2024
2263,76602,2024-08-20 14:30:00+00:00,76609,2024-08-20 18:00:00+00:00,BUY,2525.26,2519.758957555958,2519.758957555958,2536.2620848880842,0.1,-55.71042444042014,-550.1042444042014,-1.0,SL,2024Q3,2024,7,2024-08-20 14:30:00+00:00,2024Q3,2024
2264,76610,2024-08-20 18:30:00+00:00,76629,2024-08-21 05:00:00+00:00,SELL,2509.43,2517.7341514335703,2517.7341514335703,2492.821697132859,0.1,-83.74151433570496,-830.4151433570496,-1.0,SL,2024Q3,2024,19,2024-08-20 18:30:00+00:00,2024Q3,2024
2265,76656,2024-08-21 18:30:00+00:00,76676,2024-08-22 05:30:00+00:00,BUY,2507.4,2499.980473894349,2499.980473894349,2522.2390522113024,0.1,-74.8952610565113,-741.952610565113,-1.0,SL,2024Q3,2024,20,2024-08-21 18:30:00+00:00,2024Q3,2024
2266,76762,2024-08-26 02:30:00+00:00,76766,2024-08-26 04:30:00+00:00,BUY,2515.92,2510.4462670672183,2510.4462670672183,2526.8674658655636,0.1,-55.437329327817864,-547.3732932781786,-1.0,SL,2024Q3,2024,4,2024-08-26 02:30:00+00:00,2024Q3,2024
2267,76797,2024-08-26 20:00:00+00:00,76809,2024-08-27 03:00:00+00:00,BUY,2520.33,2514.6533201200446,2514.6533201200446,2531.6833597599107,0.1,-57.46679879955373,-567.6679879955373,-1.0,SL,2024Q3,2024,12,2024-08-26 20:00:00+00:00,2024Q3,2024
2268,76891,2024-08-28 21:00:00+00:00,76909,2024-08-29 07:00:00+00:00,BUY,2505.52,2517.6209758440255,2499.4695120779875,2517.6209758440255,0.1,120.3097584402547,1210.097584402547,1.9656890099816593,TP,2024Q3,2024,18,2024-08-28 21:00:00+00:00,2024Q3,2024
2269,76925,2024-08-29 15:00:00+00:00,76926,2024-08-29 15:30:00+00:00,SELL,2519.76,2510.993552864686,2524.1432235676575,2510.993552864686,0.1,86.96447135314138,876.6447135314138,1.9528431490559703,TP,2024Q3,2024,1,2024-08-29 15:00:00+00:00,2024Q3,2024
2270,76946,2024-08-30 02:30:00+00:00,76963,2024-08-30 11:00:00+00:00,SELL,2519.76,2524.2812405351424,2524.2812405351424,2510.7175189297154,0.1,-45.9124053514217,-452.12405351421694,-1.0,SL,2024Q3,2024,17,2024-08-30 02:30:00+00:00,2024Q3,2024
2271,76964,2024-08-30 11:30:00+00:00,76967,2024-08-30 13:00:00+00:00,BUY,2525.76,2520.8506306026807,2520.8506306026807,2535.5787387946393,0.1,-49.793693973195516,-490.93693973195514,-1.0,SL,2024Q3,2024,3,2024-08-30 11:30:00+00:00,2024Q3,2024
2272,76968,2024-08-30 13:30:00+00:00,76971,2024-08-30 15:00:00+00:00,SELL,2519.45,2524.4985106949407,2524.4985106949407,2509.3529786101185,0.1,-51.185106949408876,-504.85106949408873,-1.0,SL,2024Q3,2024,3,2024-08-30 13:30:00+00:00,2024Q3,2024
2273,76972,2024-08-30 15:30:00+00:00,76972,2024-08-30 15:30:00+00:00,BUY,2523.32,2517.9165170382603,2517.9165170382603,2534.12696592348,0.1,-54.73482961739883,-540.3482961739883,-1.0,SL,2024Q3,2024,0,2024-08-30 15:30:00+00:00,2024Q3,2024
2274,76976,2024-08-30 17:30:00+00:00,76980,2024-08-30 19:30:00+00:00,SELL,2509.87,2496.9542532085457,2516.3278733957272,2496.9542532085457,0.1,128.4574679145424,1291.574679145424,1.967830258451718,TP,2024Q3,2024,4,2024-08-30 17:30:00+00:00,2024Q3,2024
2275,76981,2024-08-30 20:00:00+00:00,76984,2024-08-30 21:30:00+00:00,SELL,2497.65,2504.650062519002,2504.650062519002,2483.6498749619964,0.1,-70.70062519001858,-700.0062519001858,-1.0,SL,2024Q3,2024,3,2024-08-30 20:00:00+00:00,2024Q3,2024
2276,77034,2024-09-03 03:00:00+00:00,77036,2024-09-03 04:00:00+00:00,SELL,2497.15,2490.8933752009116,2500.2783123995446,2490.8933752009116,0.1,61.86624799088513,625.6624799088513,1.9343403727445874,TP,2024Q3,2024,2,2024-09-03 03:00:00+00:00,2024Q3,2024
2277,77086,2024-09-04 06:00:00+00:00,77092,2024-09-04 09:00:00+00:00,BUY,2495.34,2491.0842316936296,2491.0842316936296,2503.851536612741,0.1,-43.25768306370556,-425.57683063705554,-1.0,SL,2024Q3,2024,6,2024-09-04 06:00:00+00:00,2024Q3,2024
2278,77157,2024-09-05 18:30:00+00:00,77160,2024-09-05 20:00:00+00:00,SELL,2505.96,2512.5590011253626,2512.5590011253626,2492.761997749275,0.1,-66.6900112536252,-659.900112536252,-1.0,SL,2024Q3,2024,3,2024-09-05 18:30:00+00:00,2024Q3,2024
2279,77168,2024-09-06 01:00:00+00:00,77197,2024-09-06 15:30:00+00:00,BUY,2516.62,2512.004936652432,2512.004936652432,2525.8501266951353,0.1,-46.850633475676844,-461.5063347567684,-1.0,SL_AMBIGUOUS_PESSIMISTIC,2024Q3,2024,29,2024-09-06 01:00:00+00:00,2024Q3,2024
2280,77254,2024-09-09 21:00:00+00:00,77257,2024-09-09 22:30:00+00:00,SELL,2499.84,2505.5525068786055,2505.5525068786055,2488.4149862427894,0.1,-57.82506878605382,-571.2506878605382,-1.0,SL,2024Q3,2024,3,2024-09-09 21:00:00+00:00,2024Q3,2024
2281,77258,2024-09-09 23:00:00+00:00,77273,2024-09-10 07:30:00+00:00,BUY,2506.15,2500.91952743753,2500.91952743753,2516.61094512494,0.1,-53.004725624699134,-523.0472562469913,-1.0,SL,2024Q3,2024,15,2024-09-09 23:00:00+00:00,2024Q3,2024
2282,77284,2024-09-10 13:00:00+00:00,77289,2024-09-10 15:30:00+00:00,BUY,2506.2,2513.3668374340646,2502.6165812829677,2513.3668374340646,0.1,70.96837434064746,716.6837434064746,1.9425195915758215,TP,2024Q3,2024,5,2024-09-10 13:00:00+00:00,2024Q3,2024
2283,77309,2024-09-11 02:30:00+00:00,77322,2024-09-11 09:00:00+00:00,BUY,2517.64,2524.856740868232,2514.0316295658836,2524.856740868232,0.1,71.46740868232136,721.6740868232137,1.9429095019760003,TP,2024Q3,2024,13,2024-09-11 02:30:00+00:00,2024Q3,2024
2284,77323,2024-09-11 09:30:00+00:00,77325,2024-09-11 10:30:00+00:00,BUY,2525.0,2521.5225146729135,2521.5225146729135,2531.954970654173,0.1,-35.4748532708647,-347.74853270864696,-1.0,SL,2024Q3,2024,2,2024-09-11 09:30:00+00:00,2024Q3,2024
2285,77326,2024-09-11 11:00:00+00:00,77327,2024-09-11 11:30:00+00:00,SELL,2521.3,2525.3414441558343,2525.3414441558343,2513.217111688332,0.1,-41.114441558341426,-404.14441558341423,-1.0,SL,2024Q3,2024,1,2024-09-11 11:00:00+00:00,2024Q3,2024
2286,77386,2024-09-12 18:00:00+00:00,77388,2024-09-12 19:00:00+00:00,BUY,2553.53,2545.3074613964477,2545.3074613964477,2569.975077207105,0.1,-82.92538603552494,-822.2538603552493,-1.0,SL,2024Q3,2024,2,2024-09-12 18:00:00+00:00,2024Q3,2024
2287,77389,2024-09-12 19:30:00+00:00,77390,2024-09-12 20:00:00+00:00,SELL,2545.47,2553.5737280655994,2553.5737280655994,2529.262543868801,0.1,-81.73728065599626,-810.3728065599626,-1.0,SL,2024Q3,2024,1,2024-09-12 19:30:00+00:00,2024Q3,2024
2288,77465,2024-09-16 11:30:00+00:00,77468,2024-09-16 13:00:00+00:00,BUY,2587.05,2582.749408099349,2582.749408099349,2595.6511838013025,0.1,-43.70591900651398,-430.0591900651398,-1.0,SL,2024Q3,2024,3,2024-09-16 11:30:00+00:00,2024Q3,2024
2289,77537,2024-09-18 01:30:00+00:00,77576,2024-09-18 21:00:00+00:00,BUY,2570.82,2581.2492584754273,2565.605370762287,2581.2492584754273,0.1,103.59258475427104,1042.9258475427105,1.9602621129026616,TP,2024Q3,2024,39,2024-09-18 01:30:00+00:00,2024Q3,2024
2290,77589,2024-09-19 04:30:00+00:00,77591,2024-09-19 05:30:00+00:00,SELL,2555.68,2564.388405170524,2564.388405170524,2538.263189658951,0.1,-87.78405170524202,-870.8405170524202,-1.0,SL,2024Q3,2024,2,2024-09-19 04:30:00+00:00,2024Q3,2024
2291,77659,2024-09-20 16:30:00+00:00,77661,2024-09-20 17:30:00+00:00,SELL,2609.24,2614.680571062334,2614.680571062334,2598.358857875332,0.1,-55.105710623341295,-544.0571062334129,-1.0,SL,2024Q3,2024,2,2024-09-20 16:30:00+00:00,2024Q3,2024
2292,77684,2024-09-23 06:00:00+00:00,77692,2024-09-23 10:00:00+00:00,BUY,2625.51,2620.9387640400846,2620.9387640400846,2634.6524719198314,0.1,-46.41235959915612,-457.12359599156116,-1.0,SL,2024Q3,2024,8,2024-09-23 06:00:00+00:00,2024Q3,2024
2293,77750,2024-09-24 16:00:00+00:00,77753,2024-09-24 17:30:00+00:00,BUY,2633.33,2644.7151607113656,2627.637419644317,2644.7151607113656,0.1,113.15160711365642,1138.5160711365643,1.9635579918997732,TP,2024Q3,2024,3,2024-09-24 16:00:00+00:00,2024Q3,2024
2294,77766,2024-09-25 01:00:00+00:00,77774,2024-09-25 05:00:00+00:00,SELL,2657.73,2664.0089927768267,2664.0089927768267,2645.172014446347,0.1,-63.489927768267265,-627.8992776826726,-1.0,SL,2024Q3,2024,8,2024-09-25 01:00:00+00:00,2024Q3,2024
2295,77779,2024-09-25 07:30:00+00:00,77796,2024-09-25 16:00:00+00:00,SELL,2658.89,2664.9355924486767,2664.9355924486767,2646.7988151026466,0.1,-61.15592448676871,-604.5592448676871,-1.0,SL,2024Q3,2024,17,2024-09-25 07:30:00+00:00,2024Q3,2024
2296,77853,2024-09-26 21:30:00+00:00,77865,2024-09-27 04:30:00+00:00,BUY,2674.47,2666.644275253241,2666.644275253241,2690.121449493517,0.1,-78.95724746758624,-782.5724746758624,-1.0,SL,2024Q3,2024,12,2024-09-26 21:30:00+00:00,2024Q3,2024
2297,77885,2024-09-27 14:30:00+00:00,77886,2024-09-27 15:00:00+00:00,BUY,2667.29,2662.2846873419758,2662.2846873419758,2677.3006253160484,0.1,-50.753126580241954,-500.5312658024195,-1.0,SL,2024Q3,2024,1,2024-09-27 14:30:00+00:00,2024Q3,2024
2298,77929,2024-09-30 13:30:00+00:00,77935,2024-09-30 16:30:00+00:00,SELL,2644.9,2633.375439048207,2650.6622804758968,2633.375439048207,0.1,114.54560951792864,1152.4560951792864,1.9639935011924867,TP,2024Q3,2024,6,2024-09-30 13:30:00+00:00,2024Q3,2024
2299,77990,2024-10-01 21:00:00+00:00,78011,2024-10-02 08:30:00+00:00,SELL,2662.24,2645.9400564996317,2670.3899717501836,2645.9400564996317,0.1,162.29943500368046,1629.9943500368045,1.9744524669449321,TP,2024Q4,2024,21,2024-10-01 21:00:00+00:00,2024Q4,2024
2300,78025,2024-10-02 15:30:00+00:00,78025,2024-10-02 15:30:00+00:00,SELL,2645.35,2650.7750631542262,2650.7750631542262,2634.4998736915472,0.1,-54.950631542263366,-542.5063154226336,-1.0,SL,2024Q4,2024,0,2024-10-02 15:30:00+00:00,2024Q4,2024
2301,78047,2024-10-03 03:30:00+00:00,78060,2024-10-03 10:00:00+00:00,SELL,2658.35,2649.2367832246186,2662.9066083876905,2649.2367832246186,0.1,90.4321677538126,911.3216775381261,1.9546103792664367,TP,2024Q4,2024,13,2024-10-03 03:30:00+00:00,2024Q4,2024
2302,78080,2024-10-03 20:00:00+00:00,78117,2024-10-04 15:30:00+00:00,BUY,2660.17,2652.776077824531,2652.776077824531,2674.9578443509386,0.1,-74.63922175469015,-739.3922175469015,-1.0,SL,2024Q4,2024,37,2024-10-03 20:00:00+00:00,2024Q4,2024
2303,78126,2024-10-04 20:00:00+00:00,78133,2024-10-04 23:30:00+00:00,SELL,2645.26,2653.9856791571674,2653.9856791571674,2627.8086416856654,0.1,-87.95679157167179,-872.5679157167178,-1.0,SL,2024Q4,2024,7,2024-10-04 20:00:00+00:00,2024Q4,2024
2304,78134,2024-10-07 01:00:00+00:00,78141,2024-10-07 04:30:00+00:00,BUY,2651.07,2643.9336517135375,2643.9336517135375,2665.3426965729254,0.1,-72.06348286462635,-713.6348286462635,-1.0,SL,2024Q4,2024,7,2024-10-07 01:00:00+00:00,2024Q4,2024
2305,78181,2024-10-08 01:30:00+00:00,78186,2024-10-08 04:00:00+00:00,BUY,2644.63,2639.223416414083,2639.223416414083,2655.443167171834,0.1,-54.76583585916906,-540.6583585916906,-1.0,SL,2024Q4,2024,5,2024-10-08 01:30:00+00:00,2024Q4,2024
2306,78204,2024-10-08 13:00:00+00:00,78212,2024-10-08 17:00:00+00:00,BUY,2641.57,2635.3481396411407,2635.3481396411407,2654.013720717719,0.1,-62.91860358859431,-622.186035885943,-1.0,SL,2024Q4,2024,8,2024-10-08 13:00:00+00:00,2024Q4,2024
2307,78229,2024-10-09 02:30:00+00:00,78234,2024-10-09 05:00:00+00:00,BUY,2623.33,2617.008222926085,2617.008222926085,2635.97355414783,0.1,-63.91777073914746,-632.1777073914745,-1.0,SL,2024Q4,2024,5,2024-10-09 02:30:00+00:00,2024Q4,2024
2308,78252,2024-10-09 14:00:00+00:00,78255,2024-10-09 15:30:00+00:00,BUY,2621.24,2615.8919392242688,2615.8919392242688,2631.9361215514623,0.1,-54.180607757310284,-534.8060775731028,-1.0,SL,2024Q4,2024,3,2024-10-09 14:00:00+00:00,2024Q4,2024
2309,78282,2024-10-10 06:00:00+00:00,78289,2024-10-10 09:30:00+00:00,BUY,2615.35,2611.1473808133023,2611.1473808133023,2623.7552383733946,0.1,-42.72619186697575,-420.2619186697575,-1.0,SL,2024Q4,2024,7,2024-10-10 06:00:00+00:00,2024Q4,2024
2310,78338,2024-10-11 11:00:00+00:00,78339,2024-10-11 11:30:00+00:00,BUY,2645.48,2640.4933234924474,2640.4933234924474,2655.4533530151048,0.1,-50.56676507552602,-498.6676507552602,-1.0,SL,2024Q4,2024,1,2024-10-11 11:00:00+00:00,2024Q4,2024
2311,78346,2024-10-11 15:00:00+00:00,78351,2024-10-11 17:30:00+00:00,BUY,2644.79,2654.5118224655944,2639.9290887672028,2654.5118224655944,0.1,96.51822465594414,972.1822465594414,1.9574115229243598,TP,2024Q4,2024,5,2024-10-11 15:00:00+00:00,2024Q4,2024
2312,78378,2024-10-14 08:00:00+00:00,78390,2024-10-14 14:00:00+00:00,BUY,2659.25,2654.5261234697127,2654.5261234697127,2668.697753060574,0.1,-47.93876530287271,-472.3876530287271,-1.0,SL,2024Q4,2024,12,2024-10-14 08:00:00+00:00,2024Q4,2024
2313,78421,2024-10-15 06:30:00+00:00,78425,2024-10-15 08:30:00+00:00,SELL,2647.35,2638.479244584576,2651.7853777077116,2638.479244584576,0.1,88.007554154239,887.07554154239,1.9533890355873837,TP,2024Q4,2024,4,2024-10-15 06:30:00+00:00,2024Q4,2024
2314,78437,2024-10-15 14:30:00+00:00,78438,2024-10-15 15:00:00+00:00,SELL,2650.79,2655.4967292349365,2655.4967292349365,2641.376541530127,0.1,-47.767292349365746,-470.67292349365744,-1.0,SL,2024Q4,2024,1,2024-10-15 14:30:00+00:00,2024Q4,2024
2315,78472,2024-10-16 09:00:00+00:00,78477,2024-10-16 11:30:00+00:00,BUY,2669.56,2678.0560269797365,2665.3119865101316,2678.0560269797365,0.1,84.26026979736598,849.6026979736598,1.9513665252568708,TP,2024Q4,2024,5,2024-10-16 09:00:00+00:00,2024Q4,2024
2316,78478,2024-10-16 12:00:00+00:00,78481,2024-10-16 13:30:00+00:00,BUY,2679.63,2674.9204149312764,2674.9204149312764,2689.0491701374476,0.1,-47.79585068723755,-470.95850687237544,-1.0,SL,2024Q4,2024,3,2024-10-16 12:00:00+00:00,2024Q4,2024
2317,78527,2024-10-17 13:30:00+00:00,78529,2024-10-17 14:30:00+00:00,BUY,2687.02,2681.856200808024,2681.856200808024,2697.3475983839517,0.1,-52.33799191976068,-516.3799191976068,-1.0,SL,2024Q4,2024,2,2024-10-17 13:30:00+00:00,2024Q4,2024
2318,78617,2024-10-21 12:30:00+00:00,78618,2024-10-21 13:00:00+00:00,BUY,2735.62,2730.7049251615167,2730.7049251615167,2745.450149676966,0.1,-49.85074838483179,-491.50748384831786,-1.0,SL,2024Q4,2024,1,2024-10-21 12:30:00+00:00,2024Q4,2024
2319,78645,2024-10-22 03:30:00+00:00,78651,2024-10-22 06:30:00+00:00,BUY,2723.71,2732.9964351555805,2719.0667824222096,2732.9964351555805,0.1,92.1643515558042,928.643515558042,1.95544445030715,TP,2024Q4,2024,6,2024-10-22 03:30:00+00:00,2024Q4,2024
2320,78678,2024-10-22 20:00:00+00:00,78693,2024-10-23 04:30:00+00:00,BUY,2745.51,2739.6422169699044,2739.6422169699044,2757.245566060192,0.1,-59.3778303009578,-586.7783030095779,-1.0,SL,2024Q4,2024,15,2024-10-22 20:00:00+00:00,2024Q4,2024
2321,78698,2024-10-23 07:00:00+00:00,78705,2024-10-23 10:30:00+00:00,BUY,2746.26,2754.860316334128,2741.959841832936,2754.860316334128,0.1,85.3031633412791,860.031633412791,1.9519468193203793,TP,2024Q4,2024,7,2024-10-23 07:00:00+00:00,2024Q4,2024
2322,78733,2024-10-24 01:30:00+00:00,78748,2024-10-24 09:00:00+00:00,BUY,2717.85,2729.935682780202,2711.807158609899,2729.935682780202,0.1,120.15682780202205,1208.5682780202205,1.965646090484268,TP,2024Q4,2024,15,2024-10-24 01:30:00+00:00,2024Q4,2024
2323,78798,2024-10-25 11:00:00+00:00,78800,2024-10-25 12:00:00+00:00,SELL,2726.29,2717.6426035554427,2730.6136982222783,2717.6426035554427,0.1,85.77396444557216,864.7396444557216,1.9522042731713491,TP,2024Q4,2024,2,2024-10-25 11:00:00+00:00,2024Q4,2024
2324,78811,2024-10-25 17:30:00+00:00,78823,2024-10-25 23:30:00+00:00,BUY,2735.1,2747.5339389687474,2728.883030515626,2747.5339389687474,0.1,123.63938968747497,1243.3938968747498,1.966597579243552,TP,2024Q4,2024,12,2024-10-25 17:30:00+00:00,2024Q4,2024
2325,78827,2024-10-28 01:30:00+00:00,78829,2024-10-28 02:30:00+00:00,BUY,2738.2,2732.1252341061304,2732.1252341061304,2750.349531787739,0.1,-61.44765893869426,-607.4765893869426,-1.0,SL,2024Q4,2024,2,2024-10-28 01:30:00+00:00,2024Q4,2024
2326,78846,2024-10-28 11:00:00+00:00,78854,2024-10-28 15:00:00+00:00,SELL,2731.88,2737.8842474188846,2737.8842474188846,2719.8715051622307,0.1,-60.74247418884461,-600.4247418884461,-1.0,SL,2024Q4,2024,8,2024-10-28 11:00:00+00:00,2024Q4,2024
2327,78930,2024-10-30 07:00:00+00:00,78933,2024-10-30 08:30:00+00:00,BUY,2780.32,2788.968416426076,2775.995791786962,2788.968416426076,0.1,85.78416426075982,864.8416426075983,1.9522098203318274,TP,2024Q4,2024,3,2024-10-30 07:00:00+00:00,2024Q4,2024
2328,78999,2024-10-31 18:30:00+00:00,79037,2024-11-01 14:30:00+00:00,BUY,2742.68,2758.4244738949856,2734.8077630525067,2758.4244738949856,0.1,156.74473894985732,1574.447389498573,1.9735590865157027,TP,2024Q4,2024,38,2024-10-31 18:30:00+00:00,2024Q4,2024
2329,79063,2024-11-04 05:30:00+00:00,79068,2024-11-04 08:00:00+00:00,BUY,2742.34,2736.849377292766,2736.849377292766,2753.321245414469,0.1,-55.60622707234252,-549.0622707234252,-1.0,SL,2024Q4,2024,5,2024-11-04 05:30:00+00:00,2024Q4,2024
2330,79108,2024-11-05 05:00:00+00:00,79109,2024-11-05 05:30:00+00:00,SELL,2728.33,2732.817533705309,2732.817533705309,2719.354932589382,0.1,-45.57533705309034,-448.75337053090334,-1.0,SL,2024Q4,2024,1,2024-11-05 05:00:00+00:00,2024Q4,2024
2331,79110,2024-11-05 06:00:00+00:00,79120,2024-11-05 11:00:00+00:00,BUY,2735.37,2744.666869348951,2730.7215653255244,2744.666869348951,0.1,92.26869348951077,929.6869348951077,1.955493714655837,TP,2024Q4,2024,10,2024-11-05 06:00:00+00:00,2024Q4,2024
2332,79154,2024-11-06 05:00:00+00:00,79160,2024-11-06 08:00:00+00:00,SELL,2737.35,2723.9058487481484,2744.0720756259257,2723.9058487481484,0.1,133.7415125185151,1344.4151251851508,1.9690816163473774,TP,2024Q4,2024,6,2024-11-06 05:00:00+00:00,2024Q4,2024
2333,79174,2024-11-06 15:00:00+00:00,79175,2024-11-06 15:30:00+00:00,SELL,2694.99,2670.411201873542,2707.2793990632285,2670.411201873542,0.1,245.0879812645797,2457.879812645797,1.9830088826386123,TP,2024Q4,2024,1,2024-11-06 15:00:00+00:00,2024Q4,2024
2334,79189,2024-11-06 22:30:00+00:00,79219,2024-11-07 14:30:00+00:00,SELL,2662.5,2672.8957621533664,2672.8957621533664,2641.708475693267,0.1,-104.65762153366377,-1039.5762153366377,-1.0,SL,2024Q4,2024,30,2024-11-06 22:30:00+00:00,2024Q4,2024
2335,79289,2024-11-11 03:30:00+00:00,79307,2024-11-11 12:30:00+00:00,SELL,2675.56,2663.4165986770804,2681.63170066146,2663.4165986770804,0.1,120.73401322919544,1214.3401322919544,1.965807516260401,TP,2024Q4,2024,18,2024-11-11 03:30:00+00:00,2024Q4,2024
2336,79318,2024-11-11 18:00:00+00:00,79326,2024-11-11 22:00:00+00:00,SELL,2614.45,2622.9276493198877,2622.9276493198877,2597.4947013602236,0.1,-85.4764931988786,-847.764931988786,-1.0,SL,2024Q4,2024,8,2024-11-11 18:00:00+00:00,2024Q4,2024
2337,79327,2024-11-11 22:30:00+00:00,79340,2024-11-12 06:00:00+00:00,BUY,2622.47,2615.6311355567686,2615.6311355567686,2636.1477288864617,0.1,-69.0886444323116,-683.8864443231159,-1.0,SL,2024Q4,2024,13,2024-11-11 22:30:00+00:00,2024Q4,2024
2338,79351,2024-11-12 11:30:00+00:00,79356,2024-11-12 14:00:00+00:00,SELL,2594.45,2601.7476118348436,2601.7476118348436,2579.8547763303127,0.1,-73.67611834843792,-729.7611834843792,-1.0,SL,2024Q4,2024,5,2024-11-12 11:30:00+00:00,2024Q4,2024
2339,79357,2024-11-12 14:30:00+00:00,79366,2024-11-12 19:00:00+00:00,BUY,2602.78,2595.237321487615,2595.237321487615,2617.86535702477,0.1,-76.1267851238501,-754.267851238501,-1.0,SL,2024Q4,2024,9,2024-11-12 14:30:00+00:00,2024Q4,2024
2340,79367,2024-11-12 19:30:00+00:00,79380,2024-11-13 03:00:00+00:00,SELL,2593.97,2602.3730066165235,2602.3730066165235,2577.1639867669523,0.1,-84.73006616523726,-840.3006616523726,-1.0,SL,2024Q4,2024,13,2024-11-12 19:30:00+00:00,2024Q4,2024
2341,79408,2024-11-13 17:00:00+00:00,79411,2024-11-13 18:30:00+00:00,SELL,2601.9,2589.067920190422,2608.3160399047892,2589.067920190422,0.1,127.62079809578317,1283.2079809578318,1.9676227708921523,TP,2024Q4,2024,3,2024-11-13 17:00:00+00:00,2024Q4,2024
2342,79443,2024-11-14 11:30:00+00:00,79443,2024-11-14 11:30:00+00:00,SELL,2552.1,2538.4452036057123,2558.9273981971437,2538.4452036057123,0.1,135.84796394287588,1365.4796394287587,1.9695537369312734,TP,2024Q4,2024,0,2024-11-14 11:30:00+00:00,2024Q4,2024
2343,79463,2024-11-14 21:30:00+00:00,79464,2024-11-14 22:00:00+00:00,BUY,2574.74,2566.463494827566,2566.463494827566,2591.2930103448666,0.1,-83.46505172433645,-827.6505172433644,-1.0,SL,2024Q4,2024,1,2024-11-14 21:30:00+00:00,2024Q4,2024
2344,79507,2024-11-15 20:30:00+00:00,79518,2024-11-18 03:00:00+00:00,BUY,2565.8,2580.426995657694,2558.486502171153,2580.426995657694,0.1,145.56995657693898,1462.6995657693897,1.9715581957402373,TP,2024Q4,2024,11,2024-11-15 20:30:00+00:00,2024Q4,2024
2345,79535,2024-11-18 11:30:00+00:00,79544,2024-11-18 16:00:00+00:00,BUY,2591.86,2605.2988140231714,2585.1405929884145,2605.2988140231714,0.1,133.6881402317129,1343.881402317129,1.9690694637040247,TP,2024Q4,2024,9,2024-11-18 11:30:00+00:00,2024Q4,2024
2346,79586,2024-11-19 14:00:00+00:00,79586,2024-11-19 14:00:00+00:00,SELL,2629.51,2634.8397529543763,2634.8397529543763,2618.8504940912476,0.1,-53.997529543760905,-532.975295437609,-1.0,SL,2024Q4,2024,0,2024-11-19 14:00:00+00:00,2024Q4,2024
2347,79616,2024-11-20 06:00:00+00:00,79622,2024-11-20 09:00:00+00:00,SELL,2637.85,2628.3430720748456,2642.603463962577,2628.3430720748456,0.1,94.36927925154286,950.6927925154287,1.9564628238898762,TP,2024Q4,2024,6,2024-11-20 06:00:00+00:00,2024Q4,2024
2348,79623,2024-11-20 09:30:00+00:00,79633,2024-11-20 14:30:00+00:00,SELL,2626.21,2630.937887613689,2630.937887613689,2616.754224772622,0.1,-47.97887613688836,-472.78876136888357,-1.0,SL,2024Q4,2024,10,2024-11-20 09:30:00+00:00,2024Q4,2024
2349,79690,2024-11-21 20:00:00+00:00,79705,2024-11-22 04:30:00+00:00,BUY,2671.96,2685.634622206846,2665.122688896577,2685.634622206846,0.1,136.04622206845926,1367.4622206845925,1.969597431351263,TP,2024Q4,2024,15,2024-11-21 20:00:00+00:00,2024Q4,2024
2350,79723,2024-11-22 13:30:00+00:00,79728,2024-11-22 16:00:00+00:00,SELL,2700.74,2686.994291984225,2707.612854007887,2686.994291984225,0.1,136.75708015774654,1374.5708015774653,1.96975307276209,TP,2024Q4,2024,5,2024-11-22 13:30:00+00:00,2024Q4,2024
2351,79748,2024-11-25 03:00:00+00:00,79751,2024-11-25 04:30:00+00:00,SELL,2710.5,2693.853353205062,2718.823323397469,2693.853353205062,0.1,165.7664679493808,1664.6646794938079,1.9749801133526113,TP,2024Q4,2024,3,2024-11-25 03:00:00+00:00,2024Q4,2024
2352,79807,2024-11-26 09:30:00+00:00,79811,2024-11-26 11:30:00+00:00,SELL,2616.0,2623.9297236733437,2623.9297236733437,2600.1405526533126,0.1,-79.99723673343688,-792.9723673343688,-1.0,SL,2024Q4,2024,4,2024-11-26 09:30:00+00:00,2024Q4,2024
2353,79822,2024-11-26 17:00:00+00:00,79823,2024-11-26 17:30:00+00:00,SELL,2622.34,2630.977543315355,2630.977543315355,2605.0649133692905,0.1,-87.07543315354833,-863.7543315354833,-1.0,SL,2024Q4,2024,1,2024-11-26 17:00:00+00:00,2024Q4,2024
2354,79847,2024-11-27 06:30:00+00:00,79855,2024-11-27 10:30:00+00:00,BUY,2640.33,2651.4549846190857,2634.767507690457,2651.4549846190857,0.1,110.54984619085808,1112.4984619085808,1.9627163272563717,TP,2024Q4,2024,8,2024-11-27 06:30:00+00:00,2024Q4,2024
2355,79861,2024-11-27 13:30:00+00:00,79861,2024-11-27 13:30:00+00:00,SELL,2646.34,2651.659652235943,2651.659652235943,2635.7006955281145,0.1,-53.896522359430676,-531.9652235943067,-1.0,SL,2024Q4,2024,0,2024-11-27 13:30:00+00:00,2024Q4,2024
2356,79869,2024-11-27 17:30:00+00:00,79886,2024-11-28 03:00:00+00:00,SELL,2642.27,2627.258067152234,2649.775966423883,2627.258067152234,0.1,149.4193284776582,1501.193284776582,1.9722807641625781,TP,2024Q4,2024,17,2024-11-27 17:30:00+00:00,2024Q4,2024
2357,79969,2024-12-02 03:00:00+00:00,79969,2024-12-02 03:00:00+00:00,SELL,2637.34,2623.368375856054,2644.325812071973,2623.368375856054,0.1,139.01624143945975,1397.1624143945974,1.9702373025447049,TP,2024Q4,2024,0,2024-12-02 03:00:00+00:00,2024Q4,2024
2358,79990,2024-12-02 13:30:00+00:00,80041,2024-12-03 16:00:00+00:00,BUY,2639.76,2654.2644786764718,2632.507760661764,2654.2644786764718,0.1,144.34478676471537,1450.4478676471535,1.9713202491341884,TP,2024Q4,2024,51,2024-12-02 13:30:00+00:00,2024Q4,2024
2359,80081,2024-12-04 13:00:00+00:00,80084,2024-12-04 14:30:00+00:00,BUY,2644.59,2639.7890417199037,2639.7890417199037,2654.191916560193,0.1,-48.709582800964384,-480.0958280096438,-1.0,SL,2024Q4,2024,3,2024-12-04 13:00:00+00:00,2024Q4,2024
2360,80119,2024-12-05 09:00:00+00:00,80128,2024-12-05 13:30:00+00:00,SELL,2646.76,2651.5870692821595,2651.5870692821595,2637.105861435681,0.1,-48.970692821593005,-482.70692821593,-1.0,SL,2024Q4,2024,9,2024-12-05 09:00:00+00:00,2024Q4,2024
2361,80129,2024-12-05 14:00:00+00:00,80131,2024-12-05 15:00:00+00:00,BUY,2651.49,2646.6050110656333,2646.6050110656333,2661.2599778687327,0.1,-49.549889343664475,-488.4988934366447,-1.0,SL,2024Q4,2024,2,2024-12-05 14:00:00+00:00,2024Q4,2024
2362,80135,2024-12-05 17:00:00+00:00,80139,2024-12-05 19:00:00+00:00,SELL,2640.24,2628.2312542145223,2646.2443728927387,2628.2312542145223,0.1,119.38745785477458,1200.8745785477458,1.9654285300378118,TP,2024Q4,2024,4,2024-12-05 17:00:00+00:00,2024Q4,2024
2363,80157,2024-12-06 05:00:00+00:00,80158,2024-12-06 05:30:00+00:00,BUY,2625.46,2638.380632502264,2618.999683748868,2638.380632502264,0.1,128.50632502263744,1292.0632502263743,1.967842292482535,TP,2024Q4,2024,1,2024-12-06 05:00:00+00:00,2024Q4,2024
2364,80163,2024-12-06 08:00:00+00:00,80168,2024-12-06 10:30:00+00:00,SELL,2637.81,2644.555681382134,2644.555681382134,2624.3186372357313,0.1,-68.1568138213408,-674.568138213408,-1.0,SL,2024Q4,2024,5,2024-12-06 08:00:00+00:00,2024Q4,2024
2365,80233,2024-12-09 20:00:00+00:00,80247,2024-12-10 04:00:00+00:00,SELL,2664.51,2670.864297168169,2670.864297168169,2651.801405663663,0.1,-64.24297168168614,-635.4297168168614,-1.0,SL,2024Q4,2024,14,2024-12-09 20:00:00+00:00,2024Q4,2024
2366,80254,2024-12-10 07:30:00+00:00,80264,2024-12-10 12:30:00+00:00,SELL,2668.34,2673.2341625173644,2673.2341625173644,2658.551674965271,0.1,-49.641625173642936,-489.41625173642933,-1.0,SL,2024Q4,2024,10,2024-12-10 07:30:00+00:00,2024Q4,2024
2367,80268,2024-12-10 14:30:00+00:00,80272,2024-12-10 16:30:00+00:00,BUY,2677.85,2689.313127394099,2672.1184363029506,2689.313127394099,0.1,113.93127394099047,1146.3127394099047,1.9638028623030799,TP,2024Q4,2024,4,2024-12-10 14:30:00+00:00,2024Q4,2024
2368,80287,2024-12-11 01:00:00+00:00,80291,2024-12-11 03:00:00+00:00,BUY,2693.72,2703.1654692545276,2688.997265372736,2703.1654692545276,0.1,93.75469254527779,944.5469254527779,1.9561836787696532,TP,2024Q4,2024,4,2024-12-11 01:00:00+00:00,2024Q4,2024
2369,80297,2024-12-11 06:00:00+00:00,80298,2024-12-11 06:30:00+00:00,SELL,2695.51,2684.608571150891,2700.9607144245547,2684.608571150891,0.1,108.31428849109379,1090.142884910938,1.9619614448692493,TP,2024Q4,2024,1,2024-12-11 06:00:00+00:00,2024Q4,2024
2370,80299,2024-12-11 07:00:00+00:00,80300,2024-12-11 07:30:00+00:00,SELL,2684.62,2690.635029274233,2690.635029274233,2672.5899414515334,0.1,-60.85029274233257,-601.5029274233257,-1.0,SL,2024Q4,2024,1,2024-12-11 07:00:00+00:00,2024Q4,2024
2371,80343,2024-12-12 06:00:00+00:00,80361,2024-12-12 15:00:00+00:00,BUY,2710.5,2703.8547554684674,2703.8547554684674,2723.790489063065,0.1,-67.15244531532626,-664.5244531532626,-1.0,SL,2024Q4,2024,18,2024-12-12 06:00:00+00:00,2024Q4,2024
2372,80367,2024-12-12 18:00:00+00:00,80383,2024-12-13 03:00:00+00:00,SELL,2679.61,2688.076548951293,2688.076548951293,2662.6769020974148,0.1,-85.3654895129268,-846.654895129268,-1.0,SL,2024Q4,2024,16,2024-12-12 18:00:00+00:00,2024Q4,2024
2373,80399,2024-12-13 11:00:00+00:00,80408,2024-12-13 15:30:00+00:00,SELL,2674.79,2662.628505091182,2680.870747454409,2662.628505091182,0.1,120.91494908817985,1216.1494908817986,1.9658578080864841,TP,2024Q4,2024,9,2024-12-13 11:00:00+00:00,2024Q4,2024
2374,80429,2024-12-16 03:00:00+00:00,80429,2024-12-16 03:00:00+00:00,SELL,2647.05,2652.529176280503,2652.529176280503,2636.091647438994,0.1,-55.49176280502998,-547.9176280502998,-1.0,SL,2024Q4,2024,0,2024-12-16 03:00:00+00:00,2024Q4,2024
2375,80440,2024-12-16 08:30:00+00:00,80451,2024-12-16 14:00:00+00:00,BUY,2654.77,2664.0600759846207,2650.1249620076896,2664.0600759846207,0.1,92.20075984620671,929.0075984620671,1.9554616526224209,TP,2024Q4,2024,11,2024-12-16 08:30:00+00:00,2024Q4,2024
2376,80548,2024-12-18 16:30:00+00:00,80557,2024-12-18 21:00:00+00:00,SELL,2638.54,2629.174852903908,2643.222573548046,2629.174852903908,0.1,92.95147096092187,936.5147096092187,1.9558134139583516,TP,2024Q4,2024,9,2024-12-18 16:30:00+00:00,2024Q4,2024
2377,80563,2024-12-19 01:00:00+00:00,80565,2024-12-19 02:00:00+00:00,SELL,2584.79,2593.211483418701,2593.211483418701,2567.947033162598,0.1,-84.91483418700973,-842.1483418700973,-1.0,SL,2024Q4,2024,2,2024-12-19 01:00:00+00:00,2024Q4,2024
2378,80566,2024-12-19 02:30:00+00:00,80568,2024-12-19 03:30:00+00:00,BUY,2593.55,2610.4309942207624,2585.109502889619,2610.4309942207624,0.1,168.10994220762205,1688.0994220762204,1.975324590646498,TP,2024Q4,2024,2,2024-12-19 02:30:00+00:00,2024Q4,2024
2379,80589,2024-12-19 14:00:00+00:00,80591,2024-12-19 15:00:00+00:00,SELL,2616.64,2602.73278150653,2623.5936092467346,2602.73278150653,0.1,138.37218493469828,1390.7218493469827,1.9701008423700144,TP,2024Q4,2024,2,2024-12-19 14:00:00+00:00,2024Q4,2024
2380,80613,2024-12-20 03:00:00+00:00,80613,2024-12-20 03:00:00+00:00,SELL,2590.7,2596.286422609213,2596.286422609213,2579.5271547815737,0.1,-56.564226092130596,-558.6422609213059,-1.0,SL,2024Q4,2024,0,2024-12-20 03:00:00+00:00,2024Q4,2024
2381,80634,2024-12-20 13:30:00+00:00,80635,2024-12-20 14:00:00+00:00,SELL,2601.35,2606.1441048040324,2606.1441048040324,2591.7617903919354,0.1,-48.64104804032486,-479.4104804032486,-1.0,SL,2024Q4,2024,1,2024-12-20 13:30:00+00:00,2024Q4,2024
2382,80736,2024-12-24 18:30:00+00:00,80740,2024-12-26 08:00:00+00:00,BUY,2615.81,2624.2990819343886,2611.565459032806,2624.2990819343886,0.1,84.1908193438865,848.908193438865,1.9513273830063742,TP,2024Q4,2024,4,2024-12-24 18:30:00+00:00,2024Q4,2024
2383,80741,2024-12-26 08:30:00+00:00,80755,2024-12-26 15:30:00+00:00,BUY,2627.08,2622.519220708201,2622.519220708201,2636.201558583598,0.1,-46.307792917990085,-456.0779291799008,-1.0,SL,2024Q4,2024,14,2024-12-26 08:30:00+00:00,2024Q4,2024
2384,80758,2024-12-26 17:00:00+00:00,80792,2024-12-27 11:00:00+00:00,BUY,2630.16,2625.659759591279,2625.659759591279,2639.1604808174416,0.1,-45.70240408720856,-450.0240408720856,-1.0,SL,2024Q4,2024,34,2024-12-26 17:00:00+00:00,2024Q4,2024
2385,80798,2024-12-27 14:00:00+00:00,80800,2024-12-27 15:00:00+00:00,BUY,2628.88,2624.6405725100594,2624.6405725100594,2637.358854979881,0.1,-43.09427489940681,-423.9427489940681,-1.0,SL,2024Q4,2024,2,2024-12-27 14:00:00+00:00,2024Q4,2024
2386,80814,2024-12-27 22:00:00+00:00,80814,2024-12-27 22:00:00+00:00,BUY,2620.89,2616.334273511007,2616.334273511007,2630.0014529779855,0.1,-46.257264889930596,-455.57264889930593,-1.0,SL,2024Q4,2024,0,2024-12-27 22:00:00+00:00,2024Q4,2024
2387,80818,2024-12-30 01:00:00+00:00,80836,2024-12-30 10:00:00+00:00,BUY,2619.63,2614.721041382442,2614.721041382442,2629.447917235117,0.1,-49.789586175582556,-490.89586175582554,-1.0,SL,2024Q4,2024,18,2024-12-30 01:00:00+00:00,2024Q4,2024
2388,80842,2024-12-30 13:00:00+00:00,80842,2024-12-30 13:00:00+00:00,SELL,2610.44,2615.232566855041,2615.232566855041,2600.854866289918,0.1,-48.625668550410595,-479.2566855041059,-1.0,SL,2024Q4,2024,0,2024-12-30 13:00:00+00:00,2024Q4,2024
2389,80846,2024-12-30 15:00:00+00:00,80847,2024-12-30 15:30:00+00:00,BUY,2621.73,2616.6024228980937,2616.6024228980937,2631.9851542038127,0.1,-51.975771019063544,-512.7577101906354,-1.0,SL,2024Q4,2024,1,2024-12-30 15:00:00+00:00,2024Q4,2024
2390,80851,2024-12-30 17:30:00+00:00,80868,2024-12-31 03:00:00+00:00,SELL,2602.71,2609.8730280024656,2609.8730280024656,2588.383943995069,0.1,-72.3302800246558,-716.302800246558,-1.0,SL,2024Q4,2024,17,2024-12-30 17:30:00+00:00,2024Q4,2024
2391,80904,2025-01-02 08:30:00+00:00,80911,2025-01-02 12:00:00+00:00,BUY,2634.4,2645.569664127979,2628.8151679360103,2645.569664127979,0.1,110.99664127979104,1116.9664127979104,1.9628636186496597,TP,2025Q1,2025,7,2025-01-02 08:30:00+00:00,2025Q1,2025
2392,80948,2025-01-03 07:30:00+00:00,80954,2025-01-03 10:30:00+00:00,SELL,2660.4,2651.262502988509,2664.9687485057457,2651.262502988509,0.1,90.67497011491177,913.7497011491178,1.9547291689256503,TP,2025Q1,2025,6,2025-01-03 07:30:00+00:00,2025Q1,2025
2393,80962,2025-01-03 14:30:00+00:00,80964,2025-01-03 15:30:00+00:00,SELL,2655.39,2646.2831999665295,2659.9434000167353,2646.2831999665295,0.1,90.36800033470335,910.6800033470336,1.9545788815070477,TP,2025Q1,2025,2,2025-01-03 14:30:00+00:00,2025Q1,2025
2394,80981,2025-01-06 01:00:00+00:00,80992,2025-01-06 06:30:00+00:00,BUY,2639.45,2634.946510800224,2634.946510800224,2648.4569783995507,0.1,-45.73489199775686,-450.3489199775686,-1.0,SL,2025Q1,2025,11,2025-01-06 01:00:00+00:00,2025Q1,2025
2395,81017,2025-01-06 19:00:00+00:00,81055,2025-01-07 15:00:00+00:00,BUY,2641.0,2658.2927825846314,2632.353608707684,2658.2927825846314,0.1,172.2278258463137,1729.2782584631368,1.9759074606729068,TP,2025Q1,2025,38,2025-01-06 19:00:00+00:00,2025Q1,2025
2396,81060,2025-01-07 17:30:00+00:00,81101,2025-01-08 15:00:00+00:00,SELL,2651.17,2658.1746411501895,2658.1746411501895,2637.1607176996213,0.1,-70.746411501894,-700.46411501894,-1.0,SL,2025Q1,2025,41,2025-01-07 17:30:00+00:00,2025Q1,2025
2397,81124,2025-01-09 03:30:00+00:00,81134,2025-01-09 08:30:00+00:00,SELL,2657.74,2662.84488003021,2662.84488003021,2647.530239939579,0.1,-51.748800302100975,-510.4880030210097,-1.0,SL,2025Q1,2025,10,2025-01-09 03:30:00+00:00,2025Q1,2025
2398,81147,2025-01-09 15:00:00+00:00,81149,2025-01-09 16:00:00+00:00,BUY,2674.17,2669.34447173201,2669.34447173201,2683.8210565359805,0.1,-48.95528267990194,-482.5528267990194,-1.0,SL,2025Q1,2025,2,2025-01-09 15:00:00+00:00,2025Q1,2025
2399,81153,2025-01-09 18:00:00+00:00,81171,2025-01-10 04:00:00+00:00,SELL,2668.23,2674.001805369041,2674.001805369041,2656.6863892619176,0.1,-58.418053690409764,-577.1805369040976,-1.0,SL,2025Q1,2025,18,2025-01-09 18:00:00+00:00,2025Q1,2025
2400,81172,2025-01-10 04:30:00+00:00,81185,2025-01-10 11:00:00+00:00,BUY,2673.54,2681.347252537424,2669.6363737312877,2681.347252537424,0.1,77.37252537424119,780.725253742412,1.9471515472771148,TP,2025Q1,2025,13,2025-01-10 04:30:00+00:00,2025Q1,2025
2401,81234,2025-01-13 12:30:00+00:00,81238,2025-01-13 14:30:00+00:00,SELL,2678.16,2666.683773826556,2683.898113086722,2666.683773826556,0.1,114.06226173444047,1147.6226173444047,1.9638436792010672,TP,2025Q1,2025,4,2025-01-13 12:30:00+00:00,2025Q1,2025
2402,81245,2025-01-13 18:00:00+00:00,81258,2025-01-14 01:30:00+00:00,SELL,2661.63,2668.828108849883,2668.828108849883,2647.233782300234,0.1,-72.68108849882829,-719.8108849882829,-1.0,SL,2025Q1,2025,13,2025-01-13 18:00:00+00:00,2025Q1,2025
2403,81261,2025-01-14 03:00:00+00:00,81278,2025-01-14 11:30:00+00:00,BUY,2670.61,2665.5319722474155,2665.5319722474155,2680.7660555051693,0.1,-51.480277525846034,-507.8027752584603,-1.0,SL,2025Q1,2025,17,2025-01-14 03:00:00+00:00,2025Q1,2025
2404,81354,2025-01-16 03:30:00+00:00,81361,2025-01-16 07:00:00+00:00,BUY,2699.99,2695.0263280668973,2695.0263280668973,2709.9173438662046,0.1,-50.33671933102433,-496.36719331024324,-1.0,SL,2025Q1,2025,7,2025-01-16 03:30:00+00:00,2025Q1,2025
2405,81362,2025-01-16 07:30:00+00:00,81365,2025-01-16 09:00:00+00:00,SELL,2694.49,2698.6656206256025,2698.6656206256025,2686.1387587487948,0.1,-42.45620625602733,-417.56206256027326,-1.0,SL,2025Q1,2025,3,2025-01-16 07:30:00+00:00,2025Q1,2025
2406,81366,2025-01-16 09:30:00+00:00,81371,2025-01-16 12:00:00+00:00,BUY,2697.19,2706.0588138113203,2692.75559309434,2706.0588138113203,0.1,87.98813811320251,886.8813811320251,1.9533789898652096,TP,2025Q1,2025,5,2025-01-16 09:30:00+00:00,2025Q1,2025
2407,81374,2025-01-16 13:30:00+00:00,81375,2025-01-16 14:00:00+00:00,BUY,2709.23,2704.4018716043342,2704.4018716043342,2718.8862567913316,0.1,-48.98128395665772,-482.81283956657717,-1.0,SL,2025Q1,2025,1,2025-01-16 13:30:00+00:00,2025Q1,2025
2408,81434,2025-01-17 20:30:00+00:00,81441,2025-01-20 01:00:00+00:00,SELL,2708.28,2698.2023496357256,2713.3188251821375,2698.2023496357256,0.1,100.07650364274632,1007.7650364274632,1.9588946592390257,TP,2025Q1,2025,7,2025-01-17 20:30:00+00:00,2025Q1,2025
2409,81455,2025-01-20 08:00:00+00:00,81458,2025-01-20 09:30:00+00:00,BUY,2707.47,2702.779128720113,2702.779128720113,2716.851742559773,0.1,-47.608712798867785,-469.0871279886778,-1.0,SL,2025Q1,2025,3,2025-01-20 08:00:00+00:00,2025Q1,2025
2410,81464,2025-01-20 12:30:00+00:00,81470,2025-01-20 15:30:00+00:00,BUY,2709.39,2704.3363591106595,2704.3363591106595,2719.49728177868,0.1,-51.23640889340386,-505.3640889340386,-1.0,SL,2025Q1,2025,6,2025-01-20 12:30:00+00:00,2025Q1,2025
2411,81528,2025-01-22 01:00:00+00:00,81541,2025-01-22 07:30:00+00:00,BUY,2744.09,2754.1090088356013,2739.0804955821995,2754.1090088356013,0.1,99.49008835601198,1001.9008835601198,1.95865738412116,TP,2025Q1,2025,13,2025-01-22 01:00:00+00:00,2025Q1,2025
2412,81589,2025-01-23 08:30:00+00:00,81594,2025-01-23 11:00:00+00:00,BUY,2754.93,2751.2373692982333,2751.2373692982333,2762.315261403533,0.1,-37.62630701766575,-369.2630701766575,-1.0,SL,2025Q1,2025,5,2025-01-23 08:30:00+00:00,2025Q1,2025
2413,81595,2025-01-23 11:30:00+00:00,81596,2025-01-23 12:00:00+00:00,SELL,2743.65,2747.8587776514337,2747.8587776514337,2735.2324446971334,0.1,-42.78777651433593,-420.8777651433593,-1.0,SL,2025Q1,2025,1,2025-01-23 11:30:00+00:00,2025Q1,2025
2414,81601,2025-01-23 14:30:00+00:00,81608,2025-01-23 18:00:00+00:00,SELL,2745.56,2750.4812667765236,2750.4812667765236,2735.717466446953,0.1,-49.912667765236804,-492.126677652368,-1.0,SL,2025Q1,2025,7,2025-01-23 14:30:00+00:00,2025Q1,2025
2415,81620,2025-01-24 01:00:00+00:00,81626,2025-01-24 04:00:00+00:00,BUY,2754.25,2764.116298228406,2749.316850885797,2764.116298228406,0.1,97.96298228405867,986.6298228405867,1.9580264359093649,TP,2025Q1,2025,6,2025-01-24 01:00:00+00:00,2025Q1,2025
2416,81664,2025-01-24 23:00:00+00:00,81672,2025-01-27 04:00:00+00:00,SELL,2770.99,2760.188849366438,2776.390575316781,2760.188849366438,0.1,107.31150633561974,1080.1150633561974,1.9616128125763534,TP,2025Q1,2025,8,2025-01-24 23:00:00+00:00,2025Q1,2025
2417,81689,2025-01-27 12:30:00+00:00,81692,2025-01-27 14:00:00+00:00,BUY,2767.66,2761.462930882436,2761.462930882436,2780.054138235127,0.1,-62.670691175638424,-619.7069117563842,-1.0,SL,2025Q1,2025,3,2025-01-27 12:30:00+00:00,2025Q1,2025
2418,81777,2025-01-29 10:30:00+00:00,81778,2025-01-29 11:00:00+00:00,BUY,2764.72,2761.5730398706523,2761.5730398706523,2771.0139202586943,0.1,-32.16960129347463,-314.69601293474625,-1.0,SL,2025Q1,2025,1,2025-01-29 10:30:00+00:00,2025Q1,2025
2419,81785,2025-01-29 14:30:00+00:00,81788,2025-01-29 16:00:00+00:00,SELL,2756.55,2759.921298657644,2759.921298657644,2749.8074026847125,0.1,-34.4129865764382,-337.129865764382,-1.0,SL,2025Q1,2025,3,2025-01-29 14:30:00+00:00,2025Q1,2025
2420,81791,2025-01-29 17:30:00+00:00,81792,2025-01-29 18:00:00+00:00,SELL,2750.12,2754.838265712509,2754.838265712509,2740.683468574982,0.1,-47.882657125090375,-471.8265712509037,-1.0,SL,2025Q1,2025,1,2025-01-29 17:30:00+00:00,2025Q1,2025
2421,81807,2025-01-30 02:30:00+00:00,81822,2025-01-30 10:00:00+00:00,BUY,2761.34,2771.513863631601,2756.2530681841995,2771.513863631601,0.1,101.03863631600852,1017.3863631600852,1.9592781119663008,TP,2025Q1,2025,15,2025-01-30 02:30:00+00:00,2025Q1,2025
2422,81827,2025-01-30 12:30:00+00:00,81834,2025-01-30 16:00:00+00:00,BUY,2778.2,2787.1854888756125,2773.7072555621935,2787.1854888756125,0.1,89.15488875612645,898.5488875612646,1.9539750685442807,TP,2025Q1,2025,7,2025-01-30 12:30:00+00:00,2025Q1,2025
2423,81861,2025-01-31 06:30:00+00:00,81866,2025-01-31 09:00:00+00:00,SELL,2794.82,2799.338545648079,2799.338545648079,2785.7829087038426,0.1,-45.88545648078998,-451.8545648078998,-1.0,SL,2025Q1,2025,5,2025-01-31 06:30:00+00:00,2025Q1,2025
2424,81882,2025-01-31 17:00:00+00:00,81884,2025-01-31 18:00:00+00:00,BUY,2812.52,2807.4405653684444,2807.4405653684444,2822.678869263111,0.1,-51.49434631555614,-507.9434631555614,-1.0,SL,2025Q1,2025,2,2025-01-31 17:00:00+00:00,2025Q1,2025
2425,81909,2025-02-03 07:30:00+00:00,81915,2025-02-03 10:30:00+00:00,BUY,2784.91,2800.3581480509984,2777.1859259745006,2800.3581480509984,0.1,153.781480509985,1544.8148050998498,1.9730564529778702,TP,2025Q1,2025,6,2025-02-03 07:30:00+00:00,2025Q1,2025
2426,81927,2025-02-03 16:30:00+00:00,81927,2025-02-03 16:30:00+00:00,BUY,2814.47,2827.856665147553,2807.776667426223,2827.856665147553,0.1,133.16665147553232,1338.666514755323,1.9689502182970156,TP,2025Q1,2025,0,2025-02-03 16:30:00+00:00,2025Q1,2025
2427,81946,2025-02-04 03:00:00+00:00,81956,2025-02-04 08:00:00+00:00,BUY,2817.67,2811.5024471421425,2811.5024471421425,2830.005105715715,0.1,-62.375528578575725,-616.7552857857572,-1.0,SL,2025Q1,2025,10,2025-02-04 03:00:00+00:00,2025Q1,2025
2428,81957,2025-02-04 08:30:00+00:00,81960,2025-02-04 10:00:00+00:00,SELL,2811.91,2817.7713149483416,2817.7713149483416,2800.187370103317,0.1,-59.31314948341715,-586.1314948341715,-1.0,SL,2025Q1,2025,3,2025-02-04 08:30:00+00:00,2025Q1,2025
2429,82012,2025-02-05 13:00:00+00:00,82020,2025-02-05 17:00:00+00:00,SELL,2867.79,2873.87,2873.6708436057056,2856.0283127885887,0.1,-61.499999999999275,-607.9999999999927,-1.0334669178842688,SL_GAP_OPEN_PESSIMISTIC,2025Q1,2025,8,2025-02-05 13:00:00+00:00,2025Q1,2025
2430,82034,2025-02-06 01:00:00+00:00,82049,2025-02-06 08:30:00+00:00,BUY,2865.74,2858.6003275429935,2858.6003275429935,2880.0193449140124,0.1,-72.09672457006327,-713.9672457006327,-1.0,SL,2025Q1,2025,15,2025-02-06 01:00:00+00:00,2025Q1,2025
2431,82052,2025-02-06 10:00:00+00:00,82058,2025-02-06 13:00:00+00:00,SELL,2855.63,2861.9508155544445,2861.9508155544445,2842.9883688911113,0.1,-63.9081555444438,-632.081555444438,-1.0,SL,2025Q1,2025,6,2025-02-06 10:00:00+00:00,2025Q1,2025
2432,82176,2025-02-11 03:00:00+00:00,82177,2025-02-11 03:30:00+00:00,BUY,2922.78,2935.7601678667797,2916.28991606661,2935.7601678667797,0.1,129.1016786677954,1298.0167866779539,1.967988214459943,TP,2025Q1,2025,1,2025-02-11 03:00:00+00:00,2025Q1,2025
2433,82186,2025-02-11 08:00:00+00:00,82188,2025-02-11 09:00:00+00:00,BUY,2923.02,2913.6693075660496,2913.6693075660496,2941.7213848679003,0.1,-94.20692433950371,-935.0692433950371,-1.0,SL,2025Q1,2025,2,2025-02-11 08:00:00+00:00,2025Q1,2025
2434,82213,2025-02-11 21:30:00+00:00,82223,2025-02-12 03:30:00+00:00,SELL,2901.5,2885.2382829672783,2909.630858516361,2885.2382829672783,0.1,161.91717032721664,1626.1717032721663,1.9743929248893277,TP,2025Q1,2025,10,2025-02-11 21:30:00+00:00,2025Q1,2025
2435,82300,2025-02-13 19:00:00+00:00,82303,2025-02-13 20:30:00+00:00,SELL,2913.62,2920.4719957931775,2920.4719957931775,2899.916008413645,0.1,-69.21995793177594,-685.1995793177593,-1.0,SL,2025Q1,2025,3,2025-02-13 19:00:00+00:00,2025Q1,2025
2436,82354,2025-02-14 23:00:00+00:00,82365,2025-02-17 05:30:00+00:00,BUY,2885.54,2902.8585507466605,2876.8807246266697,2902.8585507466605,0.1,172.4855074666055,1731.8550746660549,1.9759430203517703,TP,2025Q1,2025,11,2025-02-14 23:00:00+00:00,2025Q1,2025
2437,82379,2025-02-17 12:30:00+00:00,82404,2025-02-18 04:30:00+00:00,SELL,2898.18,2905.2426996897834,2905.2426996897834,2884.0546006204327,0.1,-71.32699689783585,-706.2699689783585,-1.0,SL,2025Q1,2025,25,2025-02-17 12:30:00+00:00,2025Q1,2025
2438,82451,2025-02-19 05:00:00+00:00,82457,2025-02-19 08:00:00+00:00,SELL,2929.11,2934.6925017342583,2934.6925017342583,2917.944996531484,0.1,-56.52501734258131,-558.250173425813,-1.0,SL,2025Q1,2025,6,2025-02-19 05:00:00+00:00,2025Q1,2025
2439,82462,2025-02-19 10:30:00+00:00,82468,2025-02-19 13:30:00+00:00,BUY,2939.28,2934.127336767894,2934.127336767894,2949.5853264642124,0.1,-52.22663232106079,-515.2663232106079,-1.0,SL,2025Q1,2025,6,2025-02-19 10:30:00+00:00,2025Q1,2025
2440,82477,2025-02-19 18:00:00+00:00,82485,2025-02-19 22:00:00+00:00,SELL,2925.59,2933.4112073584533,2933.4112073584533,2909.947585283094,0.1,-78.91207358453194,-782.1207358453194,-1.0,SL,2025Q1,2025,8,2025-02-19 18:00:00+00:00,2025Q1,2025
2441,82515,2025-02-20 14:00:00+00:00,82518,2025-02-20 15:30:00+00:00,SELL,2948.64,2938.1902804848396,2953.86485975758,2938.1902804848396,0.1,103.79719515160268,1044.9719515160268,1.960338892885894,TP,2025Q1,2025,3,2025-02-20 14:00:00+00:00,2025Q1,2025
2442,82540,2025-02-21 03:30:00+00:00,82540,2025-02-21 03:30:00+00:00,BUY,2945.76,2939.6612813041143,2939.6612813041143,2957.957437391772,0.1,-61.68718695885964,-609.8718695885964,-1.0,SL,2025Q1,2025,0,2025-02-21 03:30:00+00:00,2025Q1,2025
2443,82595,2025-02-24 08:00:00+00:00,82598,2025-02-24 09:30:00+00:00,SELL,2936.19,2942.93962616988,2942.93962616988,2922.6907476602405,0.1,-68.19626169879776,-674.9626169879775,-1.0,SL,2025Q1,2025,3,2025-02-24 08:00:00+00:00,2025Q1,2025
2444,82601,2025-02-24 11:00:00+00:00,82604,2025-02-24 12:30:00+00:00,BUY,2946.5,2939.576860213443,2939.576860213443,2960.3462795731134,0.1,-69.93139786556931,-692.3139786556931,-1.0,SL,2025Q1,2025,3,2025-02-24 11:00:00+00:00,2025Q1,2025
2445,82625,2025-02-24 23:00:00+00:00,82636,2025-02-25 05:30:00+00:00,BUY,2950.78,2944.633318493239,2944.633318493239,2963.073363013522,0.1,-62.1668150676107,-614.668150676107,-1.0,SL,2025Q1,2025,11,2025-02-24 23:00:00+00:00,2025Q1,2025
2446,82657,2025-02-25 16:00:00+00:00,82659,2025-02-25 17:00:00+00:00,BUY,2937.58,2930.772798205079,2930.772798205079,2951.1944035898414,0.1,-68.7720179492073,-680.7201794920729,-1.0,SL,2025Q1,2025,2,2025-02-25 16:00:00+00:00,2025Q1,2025
2447,82672,2025-02-25 23:30:00+00:00,82688,2025-02-26 08:30:00+00:00,BUY,2916.3,2907.764631328622,2907.764631328622,2933.370737342757,0.1,-86.05368671378365,-853.5368671378365,-1.0,SL,2025Q1,2025,16,2025-02-25 23:30:00+00:00,2025Q1,2025
2448,82774,2025-02-28 05:30:00+00:00,82784,2025-02-28 10:30:00+00:00,SELL,2868.28,2853.3656725302626,2875.737163734869,2853.3656725302626,0.1,148.443274697376,1491.43274697376,1.9721010453078431,TP,2025Q1,2025,10,2025-02-28 05:30:00+00:00,2025Q1,2025
2449,82823,2025-03-03 07:00:00+00:00,82828,2025-03-03 09:30:00+00:00,BUY,2867.49,2860.121796479979,2860.121796479979,2882.226407040041,0.1,-74.3820352002087,-736.820352002087,-1.0,SL,2025Q1,2025,5,2025-03-03 07:00:00+00:00,2025Q1,2025
2450,82838,2025-03-03 14:30:00+00:00,82839,2025-03-03 15:00:00+00:00,BUY,2876.25,2870.109784652429,2870.109784652429,2888.530430695142,0.1,-62.102153475710296,-614.0215347571029,-1.0,SL,2025Q1,2025,1,2025-03-03 14:30:00+00:00,2025Q1,2025
2451,82847,2025-03-03 19:00:00+00:00,82852,2025-03-03 21:30:00+00:00,BUY,2891.64,2884.385332320144,2884.385332320144,2906.1493353597116,0.1,-73.24667679856084,-725.4667679856084,-1.0,SL,2025Q1,2025,5,2025-03-03 19:00:00+00:00,2025Q1,2025
2452,82853,2025-03-03 22:00:00+00:00,82854,2025-03-03 22:30:00+00:00,SELL,2881.43,2888.655699432095,2888.655699432095,2866.97860113581,0.1,-72.95699432095098,-722.5699432095098,-1.0,SL,2025Q1,2025,1,2025-03-03 22:00:00+00:00,2025Q1,2025
2453,82862,2025-03-04 03:30:00+00:00,82865,2025-03-04 05:00:00+00:00,SELL,2883.92,2890.6917648386493,2890.6917648386493,2870.376470322702,0.1,-68.41764838649233,-677.1764838649233,-1.0,SL,2025Q1,2025,3,2025-03-04 03:30:00+00:00,2025Q1,2025
2454,82876,2025-03-04 10:30:00+00:00,82888,2025-03-04 16:30:00+00:00,BUY,2913.96,2906.1855751410817,2906.1855751410817,2929.5088497178367,0.1,-78.44424858918337,-777.4424858918337,-1.0,SL,2025Q1,2025,12,2025-03-04 10:30:00+00:00,2025Q1,2025
2455,82908,2025-03-05 03:30:00+00:00,82916,2025-03-05 07:30:00+00:00,SELL,2910.5,2917.469462055128,2917.469462055128,2896.561075889744,0.1,-70.39462055128133,-696.9462055128133,-1.0,SL,2025Q1,2025,8,2025-03-05 03:30:00+00:00,2025Q1,2025
2456,82993,2025-03-06 23:00:00+00:00,83012,2025-03-07 09:30:00+00:00,SELL,2908.71,2916.0539752997515,2916.0539752997515,2894.022049400497,0.1,-74.13975299751492,-734.3975299751492,-1.0,SL,2025Q1,2025,19,2025-03-06 23:00:00+00:00,2025Q1,2025
2457,83013,2025-03-07 10:00:00+00:00,83023,2025-03-07 15:00:00+00:00,BUY,2917.32,2911.2807519483,2911.2807519483,2929.398496103401,0.1,-61.0924805170027,-603.924805170027,-1.0,SL,2025Q1,2025,10,2025-03-07 10:00:00+00:00,2025Q1,2025
2458,83032,2025-03-07 19:30:00+00:00,83045,2025-03-10 02:00:00+00:00,SELL,2908.27,2918.0186342494226,2918.0186342494226,2888.772731501155,0.1,-98.18634249422594,-974.8634249422594,-1.0,SL,2025Q1,2025,13,2025-03-07 19:30:00+00:00,2025Q1,2025
2459,83094,2025-03-11 03:30:00+00:00,83107,2025-03-11 10:00:00+00:00,BUY,2889.62,2904.0880730991153,2882.3859634504424,2904.0880730991153,0.1,143.98073099115373,1446.8073099115372,1.9712487747597227,TP,2025Q1,2025,13,2025-03-11 03:30:00+00:00,2025Q1,2025
2460,83225,2025-03-14 00:00:00+00:00,83232,2025-03-14 03:30:00+00:00,BUY,2988.69,2982.2399097054063,2982.2399097054063,3001.5901805891876,0.1,-65.20090294593793,-645.0090294593792,-1.0,SL,2025Q1,2025,7,2025-03-14 00:00:00+00:00,2025Q1,2025
2461,83260,2025-03-14 17:30:00+00:00,83261,2025-03-14 18:00:00+00:00,SELL,2981.03,2989.1959182044507,2989.1959182044507,2964.6981635910993,0.1,-82.35918204450464,-816.5918204450463,-1.0,SL,2025Q1,2025,1,2025-03-14 17:30:00+00:00,2025Q1,2025
2462,83327,2025-03-18 05:00:00+00:00,83331,2025-03-18 07:00:00+00:00,BUY,3011.03,3006.016824628837,3006.016824628837,3021.0563507423262,0.1,-50.83175371163016,-501.31753711630154,-1.0,SL,2025Q1,2025,4,2025-03-18 05:00:00+00:00,2025Q1,2025
2463,83338,2025-03-18 10:30:00+00:00,83340,2025-03-18 11:30:00+00:00,BUY,3024.51,3018.3391171171447,3018.3391171171447,3036.8517657657117,0.1,-62.408828828554945,-617.0882882855494,-1.0,SL,2025Q1,2025,2,2025-03-18 10:30:00+00:00,2025Q1,2025
2464,83359,2025-03-18 21:00:00+00:00,83369,2025-03-19 03:00:00+00:00,BUY,3035.91,3029.8094112931094,3029.8094112931094,3048.1111774137808,0.1,-61.70588706890449,-610.0588706890449,-1.0,SL,2025Q1,2025,10,2025-03-18 21:00:00+00:00,2025Q1,2025
2465,83400,2025-03-19 18:30:00+00:00,83402,2025-03-19 19:30:00+00:00,BUY,3036.58,3029.974371676278,3029.974371676278,3049.7912566474433,0.1,-66.75628323721703,-660.5628323721703,-1.0,SL,2025Q1,2025,2,2025-03-19 18:30:00+00:00,2025Q1,2025
2466,83432,2025-03-20 11:30:00+00:00,83433,2025-03-20 12:00:00+00:00,BUY,3044.73,3038.4860799584435,3038.4860799584435,3057.2178400831126,0.1,-63.13920041556521,-624.3920041556521,-1.0,SL,2025Q1,2025,1,2025-03-20 11:30:00+00:00,2025Q1,2025
2467,83443,2025-03-20 17:00:00+00:00,83465,2025-03-21 05:00:00+00:00,BUY,3040.29,3032.283844199963,3032.283844199963,3056.3023116000745,0.1,-80.7615580003705,-800.615580003705,-1.0,SL,2025Q1,2025,22,2025-03-20 17:00:00+00:00,2025Q1,2025
2468,83500,2025-03-21 22:30:00+00:00,83510,2025-03-24 04:30:00+00:00,BUY,3023.39,3016.6978803253223,3016.6978803253223,3036.7742393493545,0.1,-67.62119674677542,-669.2119674677542,-1.0,SL,2025Q1,2025,10,2025-03-21 22:30:00+00:00,2025Q1,2025
2469,83511,2025-03-24 05:00:00+00:00,83515,2025-03-24 07:00:00+00:00,SELL,3016.09,3022.3133249809143,3022.3133249809143,3003.6433500381713,0.1,-62.933249809141856,-622.3324980914185,-1.0,SL,2025Q1,2025,4,2025-03-24 05:00:00+00:00,2025Q1,2025
2470,83571,2025-03-25 12:00:00+00:00,83575,2025-03-25 14:00:00+00:00,BUY,3023.46,3018.280495142666,3018.280495142666,3033.819009714668,0.1,-52.49504857333996,-517.9504857333995,-1.0,SL,2025Q1,2025,4,2025-03-25 12:00:00+00:00,2025Q1,2025
2471,83588,2025-03-25 20:30:00+00:00,83600,2025-03-26 03:30:00+00:00,SELL,3018.76,3024.6999527208063,3024.6999527208063,3006.880094558388,0.1,-60.09952720806105,-593.9952720806104,-1.0,SL,2025Q1,2025,12,2025-03-25 20:30:00+00:00,2025Q1,2025
2472,83638,2025-03-26 22:30:00+00:00,83648,2025-03-27 04:30:00+00:00,BUY,3019.91,3029.807910778842,3014.9610446105785,3029.807910778842,0.1,98.27910778842288,989.7910778842288,1.9581586239154307,TP,2025Q1,2025,10,2025-03-26 22:30:00+00:00,2025Q1,2025
2473,83651,2025-03-27 06:00:00+00:00,83655,2025-03-27 08:00:00+00:00,BUY,3033.68,3029.0680035280675,3029.0680035280675,3042.9039929438645,0.1,-46.81996471932344,-461.19964719323434,-1.0,SL,2025Q1,2025,4,2025-03-27 06:00:00+00:00,2025Q1,2025
2474,83692,2025-03-28 03:30:00+00:00,83693,2025-03-28 04:00:00+00:00,BUY,3065.85,3076.5512825732208,3060.4993587133895,3076.5512825732208,0.1,106.31282573220851,1070.1282573220851,1.961259196302341,TP,2025Q1,2025,1,2025-03-28 03:30:00+00:00,2025Q1,2025
2475,83700,2025-03-28 07:30:00+00:00,83705,2025-03-28 10:00:00+00:00,BUY,3076.62,3071.0407934452155,3071.0407934452155,3087.7784131095686,0.1,-56.49206554784378,-557.9206554784378,-1.0,SL,2025Q1,2025,5,2025-03-28 07:30:00+00:00,2025Q1,2025
2476,83765,2025-03-31 18:00:00+00:00,83766,2025-03-31 18:30:00+00:00,BUY,3123.33,3113.3260300393626,3113.3260300393626,3143.337939921274,0.1,-100.73969960637278,-1000.3969960637278,-1.0,SL,2025Q1,2025,1,2025-03-31 18:00:00+00:00,2025Q1,2025
2477,83783,2025-04-01 04:00:00+00:00,83785,2025-04-01 05:00:00+00:00,BUY,3127.31,3140.0147095908446,3120.9576452045776,3140.0147095908446,0.1,126.34709590844686,1270.4709590844686,1.967301713049288,TP,2025Q2,2025,2,2025-04-01 04:00:00+00:00,2025Q2,2025
2478,83802,2025-04-01 13:30:00+00:00,83805,2025-04-01 15:00:00+00:00,BUY,3136.29,3128.2776475892197,3128.2776475892197,3152.31470482156,0.1,-80.82352410780295,-801.2352410780295,-1.0,SL,2025Q2,2025,3,2025-04-01 13:30:00+00:00,2025Q2,2025
2479,83810,2025-04-01 17:30:00+00:00,83813,2025-04-01 19:00:00+00:00,SELL,3126.4,3109.553050158289,3134.823474920856,3109.553050158289,0.1,167.76949841711195,1684.6949841711194,1.975275137448773,TP,2025Q2,2025,3,2025-04-01 17:30:00+00:00,2025Q2,2025
2480,83852,2025-04-02 15:30:00+00:00,83854,2025-04-02 16:30:00+00:00,BUY,3126.11,3117.3466601684463,3117.3466601684463,3143.636679663108,0.1,-88.33339831553822,-876.3339831553822,-1.0,SL,2025Q2,2025,2,2025-04-02 15:30:00+00:00,2025Q2,2025
2481,83860,2025-04-02 19:30:00+00:00,83861,2025-04-02 20:00:00+00:00,BUY,3132.67,3123.6302960401263,3123.6302960401263,3150.7494079197477,0.1,-91.09703959873805,-903.9703959873805,-1.0,SL,2025Q2,2025,1,2025-04-02 19:30:00+00:00,2025Q2,2025
2482,83862,2025-04-02 20:30:00+00:00,83867,2025-04-02 23:00:00+00:00,SELL,3124.11,3133.19735953683,3133.19735953683,3105.9352809263405,0.1,-91.57359536829809,-908.7359536829808,-1.0,SL_AMBIGUOUS_PESSIMISTIC,2025Q2,2025,5,2025-04-02 20:30:00+00:00,2025Q2,2025
2483,83872,2025-04-03 02:30:00+00:00,83873,2025-04-03 03:00:00+00:00,BUY,3159.95,3146.8353471533974,3146.8353471533974,3186.1793056932047,0.1,-131.84652846602438,-1311.465284660244,-1.0,SL,2025Q2,2025,1,2025-04-03 02:30:00+00:00,2025Q2,2025
2484,83883,2025-04-03 08:00:00+00:00,83893,2025-04-03 13:00:00+00:00,SELL,3140.44,3116.528807636304,3152.3955961818483,3116.528807636304,0.1,238.41192363696047,2391.1192363696046,1.9825372483139394,TP,2025Q2,2025,10,2025-04-03 08:00:00+00:00,2025Q2,2025
2485,83940,2025-04-04 13:30:00+00:00,83941,2025-04-04 14:00:00+00:00,BUY,3107.15,3130.447922506542,3095.501038746729,3130.447922506542,0.1,232.2792250654191,2329.792250654191,1.9820803230370452,TP,2025Q2,2025,1,2025-04-04 13:30:00+00:00,2025Q2,2025
2486,83947,2025-04-04 17:00:00+00:00,83949,2025-04-04 18:00:00+00:00,SELL,3061.83,3024.3035196482374,3080.593240175881,3024.3035196482374,0.1,374.5648035176253,3752.648035176253,1.9888495023671773,TP,2025Q2,2025,2,2025-04-04 17:00:00+00:00,2025Q2,2025
2487,83962,2025-04-07 01:30:00+00:00,83965,2025-04-07 03:00:00+00:00,SELL,3014.03,2974.6164997086944,3033.736750145653,2974.6164997086944,0.1,393.4350029130581,3941.350029130581,1.9893814707445396,TP,2025Q2,2025,3,2025-04-07 01:30:00+00:00,2025Q2,2025
2488,83968,2025-04-07 04:30:00+00:00,83995,2025-04-07 18:00:00+00:00,BUY,3019.21,2992.41402427503,2992.41402427503,3072.80195144994,0.1,-268.6597572497005,-2679.597572497005,-1.0,SL,2025Q2,2025,27,2025-04-07 04:30:00+00:00,2025Q2,2025
2489,84018,2025-04-08 06:30:00+00:00,84022,2025-04-08 08:30:00+00:00,SELL,2995.09,3008.325027284291,3008.325027284291,2968.619945431418,0.1,-133.05027284290935,-1323.5027284290936,-1.0,SL,2025Q2,2025,4,2025-04-08 06:30:00+00:00,2025Q2,2025
2490,84030,2025-04-08 12:30:00+00:00,84030,2025-04-08 12:30:00+00:00,SELL,2995.7,3007.080347842298,3007.080347842298,2972.939304315403,0.1,-114.50347842298306,-1138.0347842298306,-1.0,SL,2025Q2,2025,0,2025-04-08 12:30:00+00:00,2025Q2,2025
2491,84070,2025-04-09 09:30:00+00:00,84079,2025-04-09 14:00:00+00:00,BUY,3029.49,3056.5927320179344,3015.9386339910325,3056.5927320179344,0.1,270.32732017934615,2710.2732017934613,1.9845830440308447,TP,2025Q2,2025,9,2025-04-09 09:30:00+00:00,2025Q2,2025
2492,84080,2025-04-09 14:30:00+00:00,84082,2025-04-09 15:30:00+00:00,BUY,3060.4,3045.97001424638,3045.97001424638,3089.2599715072406,0.1,-144.99985753620257,-1442.9985753620258,-1.0,SL,2025Q2,2025,2,2025-04-09 14:30:00+00:00,2025Q2,2025
2493,84099,2025-04-10 01:00:00+00:00,84107,2025-04-10 05:00:00+00:00,SELL,3082.71,3102.517423152991,3102.517423152991,3043.0951536940183,0.1,-198.7742315299085,-1980.742315299085,-1.0,SL,2025Q2,2025,8,2025-04-10 01:00:00+00:00,2025Q2,2025
2494,84121,2025-04-10 12:00:00+00:00,84123,2025-04-10 13:00:00+00:00,SELL,3104.92,3118.549195335841,3118.549195335841,3077.661609328318,0.1,-136.99195335840903,-1362.9195335840905,-1.0,SL,2025Q2,2025,2,2025-04-10 12:00:00+00:00,2025Q2,2025
2495,84166,2025-04-11 11:30:00+00:00,84220,2025-04-14 15:30:00+00:00,BUY,3219.34,3203.160271606716,3203.160271606716,3251.699456786568,0.1,-162.4972839328422,-1617.9728393284222,-1.0,SL,2025Q2,2025,54,2025-04-11 11:30:00+00:00,2025Q2,2025
2496,84225,2025-04-14 18:00:00+00:00,84226,2025-04-14 18:30:00+00:00,BUY,3211.17,3197.6086238034695,3197.6086238034695,3238.2927523930607,0.1,-136.31376196530545,-1356.1376196530546,-1.0,SL,2025Q2,2025,1,2025-04-14 18:00:00+00:00,2025Q2,2025
2497,84227,2025-04-14 19:00:00+00:00,84229,2025-04-14 20:00:00+00:00,SELL,3197.99,3211.1399238633344,3211.1399238633344,3171.69015227333,0.1,-132.19923863334606,-1314.9923863334607,-1.0,SL,2025Q2,2025,2,2025-04-14 19:00:00+00:00,2025Q2,2025
2498,84244,2025-04-15 04:30:00+00:00,84265,2025-04-15 15:00:00+00:00,BUY,3223.35,3214.677460901342,3214.677460901342,3240.6950781973164,0.1,-87.42539098658035,-867.2539098658035,-1.0,SL,2025Q2,2025,21,2025-04-15 04:30:00+00:00,2025Q2,2025
2499,84348,2025-04-17 10:30:00+00:00,84353,2025-04-17 13:00:00+00:00,SELL,3316.86,3328.4592658438323,3328.4592658438323,3293.6614683123357,0.1,-116.692658438322,-1159.92658438322,-1.0,SL,2025Q2,2025,5,2025-04-17 10:30:00+00:00,2025Q2,2025
2500,84366,2025-04-17 19:30:00+00:00,84375,2025-04-21 01:00:00+00:00,BUY,3310.04,3337.8825890622584,3296.1187054688708,3337.8825890622584,0.1,277.72589062258413,2784.258906225841,1.9849906669084287,TP,2025Q2,2025,9,2025-04-17 19:30:00+00:00,2025Q2,2025
2501,84380,2025-04-21 03:30:00+00:00,84383,2025-04-21 05:00:00+00:00,BUY,3355.64,3379.856992455659,3343.5315037721703,3379.856992455659,0.1,241.4699245565924,2421.699245565924,1.9827564917645482,TP,2025Q2,2025,3,2025-04-21 03:30:00+00:00,2025Q2,2025
2502,84388,2025-04-21 07:30:00+00:00,84389,2025-04-21 08:00:00+00:00,SELL,3374.25,3385.6747868396687,3385.6747868396687,3351.4004263206625,0.1,-114.94786839668741,-1142.478683966874,-1.0,SL,2025Q2,2025,1,2025-04-21 07:30:00+00:00,2025Q2,2025
2503,84424,2025-04-22 02:30:00+00:00,84425,2025-04-22 03:00:00+00:00,BUY,3441.57,3430.416680826307,3430.416680826307,3463.8766383473862,0.1,-112.23319173693035,-1115.3319173693035,-1.0,SL,2025Q2,2025,1,2025-04-22 02:30:00+00:00,2025Q2,2025
2504,84428,2025-04-22 04:30:00+00:00,84430,2025-04-22 05:30:00+00:00,BUY,3439.93,3467.314769961466,3426.2376150192667,3467.314769961466,0.1,273.1476996146619,2738.476996146619,1.9847410168881345,TP,2025Q2,2025,2,2025-04-22 04:30:00+00:00,2025Q2,2025
2505,84468,2025-04-23 01:30:00+00:00,84469,2025-04-23 02:00:00+00:00,SELL,3318.22,3343.0744783355726,3343.0744783355726,3268.511043328854,0.1,-249.2447833557282,-2485.447833557282,-1.0,SL,2025Q2,2025,1,2025-04-23 01:30:00+00:00,2025Q2,2025
2506,84477,2025-04-23 06:00:00+00:00,84484,2025-04-23 09:30:00+00:00,SELL,3354.01,3304.2901184046004,3378.8699407977,3304.2901184046004,0.1,496.49881595399785,4971.988159539978,1.9915763939552005,TP,2025Q2,2025,7,2025-04-23 06:00:00+00:00,2025Q2,2025
2507,84523,2025-04-24 06:00:00+00:00,84559,2025-04-25 01:00:00+00:00,SELL,3342.0,3361.2603092039167,3361.2603092039167,3303.4793815921666,0.1,-193.30309203916676,-1926.0309203916677,-1.0,SL,2025Q2,2025,36,2025-04-24 06:00:00+00:00,2025Q2,2025
2508,84580,2025-04-25 11:30:00+00:00,84589,2025-04-25 16:00:00+00:00,SELL,3301.33,3270.898006038653,3316.5459969806734,3270.898006038653,0.1,303.6199396134696,3043.199396134696,1.9862619363156027,TP,2025Q2,2025,9,2025-04-25 11:30:00+00:00,2025Q2,2025
2509,84590,2025-04-25 16:30:00+00:00,84597,2025-04-25 20:00:00+00:00,SELL,3273.33,3288.1330097002274,3288.1330097002274,3243.723980599545,0.1,-148.73009700227448,-1480.3009700227449,-1.0,SL,2025Q2,2025,7,2025-04-25 16:30:00+00:00,2025Q2,2025
2510,84605,2025-04-28 01:00:00+00:00,84606,2025-04-28 01:30:00+00:00,BUY,3325.19,3312.0435726911132,3312.0435726911132,3351.4828546177732,0.1,-132.16427308886813,-1314.6427308886814,-1.0,SL,2025Q2,2025,1,2025-04-28 01:00:00+00:00,2025Q2,2025
2511,84623,2025-04-28 10:00:00+00:00,84632,2025-04-28 14:30:00+00:00,SELL,3283.12,3296.811423613704,3296.811423613704,3255.7371527725913,0.1,-137.61423613704045,-1369.1423613704046,-1.0,SL,2025Q2,2025,9,2025-04-28 10:00:00+00:00,2025Q2,2025
2512,84651,2025-04-29 01:00:00+00:00,84660,2025-04-29 05:30:00+00:00,SELL,3344.61,3320.8223012044846,3356.503849397758,3320.8223012044846,0.1,237.17698795515554,2378.7698795515553,1.982447121071266,TP,2025Q2,2025,9,2025-04-29 01:00:00+00:00,2025Q2,2025
2513,84661,2025-04-29 06:00:00+00:00,84717,2025-04-30 11:00:00+00:00,SELL,3320.53,3295.6798501715857,3332.9550749142077,3295.6798501715857,0.1,247.80149828414488,2485.0149828414487,1.9831933780755748,TP,2025Q2,2025,56,2025-04-29 06:00:00+00:00,2025Q2,2025
2514,84726,2025-04-30 15:30:00+00:00,84728,2025-04-30 16:30:00+00:00,BUY,3289.57,3315.824506136116,3276.4427469319426,3315.824506136116,0.1,261.8450613611565,2625.450613611565,1.98408759770563,TP,2025Q2,2025,2,2025-04-30 15:30:00+00:00,2025Q2,2025
2515,84738,2025-04-30 21:30:00+00:00,84743,2025-05-01 01:00:00+00:00,SELL,3301.29,3274.6204578503034,3314.6247710748485,3274.6204578503034,0.1,265.99542149696555,2666.9542149696554,1.9843339361166357,TP,2025Q2,2025,5,2025-04-30 21:30:00+00:00,2025Q2,2025
2516,84754,2025-05-01 06:30:00+00:00,84771,2025-05-01 15:00:00+00:00,SELL,3233.62,3202.026109471633,3249.416945264183,3202.026109471633,0.1,315.23890528366957,3159.3890528366956,1.9867649382724235,TP,2025Q2,2025,17,2025-05-01 06:30:00+00:00,2025Q2,2025
2517,84781,2025-05-01 20:00:00+00:00,84798,2025-05-02 05:30:00+00:00,BUY,3219.74,3247.747736053973,3205.736131973013,3247.747736053973,0.1,279.3773605397308,2800.7736053973076,1.9850787289181784,TP,2025Q2,2025,17,2025-05-01 20:00:00+00:00,2025Q2,2025
2518,84867,2025-05-05 17:00:00+00:00,84867,2025-05-05 17:00:00+00:00,SELL,3314.84,3325.0139125539863,3325.0139125539863,3294.4921748920283,0.1,-102.43912553986156,-1017.3912553986156,-1.0,SL,2025Q2,2025,0,2025-05-05 17:00:00+00:00,2025Q2,2025
2519,84900,2025-05-06 10:30:00+00:00,84917,2025-05-06 19:00:00+00:00,BUY,3374.47,3401.8141367081407,3360.7979316459296,3401.8141367081407,0.1,272.74136708140924,2734.4136708140923,1.9847184576157821,TP,2025Q2,2025,17,2025-05-06 10:30:00+00:00,2025Q2,2025
2520,84980,2025-05-08 04:30:00+00:00,84981,2025-05-08 05:00:00+00:00,BUY,3388.31,3413.505230085177,3375.7123849574114,3413.505230085177,0.1,251.25230085177174,2519.5230085177172,1.983422293834003,TP,2025Q2,2025,1,2025-05-08 04:30:00+00:00,2025Q2,2025
2521,85008,2025-05-08 18:30:00+00:00,85009,2025-05-08 19:00:00+00:00,SELL,3347.0,3318.019439881832,3361.490280059084,3318.019439881832,0.1,289.1056011816789,2898.0560118167887,1.9855772004969794,TP,2025Q2,2025,1,2025-05-08 18:30:00+00:00,2025Q2,2025
2522,85012,2025-05-08 20:30:00+00:00,85020,2025-05-09 01:30:00+00:00,SELL,3301.94,3318.472987264877,3318.472987264877,3268.874025470247,0.1,-166.02987264876737,-1653.2987264876738,-1.0,SL,2025Q2,2025,8,2025-05-08 20:30:00+00:00,2025Q2,2025
2523,85062,2025-05-09 22:30:00+00:00,85065,2025-05-12 01:00:00+00:00,SELL,3329.71,3309.1188968055476,3340.0055515972263,3309.1188968055476,0.1,205.21103194452445,2059.1103194452444,1.9797405861106132,TP,2025Q2,2025,3,2025-05-09 22:30:00+00:00,2025Q2,2025
2524,85084,2025-05-12 10:30:00+00:00,85096,2025-05-12 16:30:00+00:00,SELL,3230.93,3247.6075731795686,3247.6075731795686,3197.5748536408623,0.1,-167.47573179568752,-1667.7573179568753,-1.0,SL,2025Q2,2025,12,2025-05-12 10:30:00+00:00,2025Q2,2025
2525,85147,2025-05-13 19:00:00+00:00,85162,2025-05-14 03:30:00+00:00,BUY,3253.46,3241.5740380044876,3241.5740380044876,3277.2319239910253,0.1,-119.55961995512389,-1188.596199551239,-1.0,SL,2025Q2,2025,15,2025-05-13 19:00:00+00:00,2025Q2,2025
2526,85216,2025-05-15 07:30:00+00:00,85218,2025-05-15 08:30:00+00:00,SELL,3146.88,3124.7313055684426,3157.954347215779,3124.7313055684426,0.1,220.78694431557489,2214.8694431557487,1.9811563660092473,TP,2025Q2,2025,2,2025-05-15 07:30:00+00:00,2025Q2,2025
2527,85219,2025-05-15 09:00:00+00:00,85220,2025-05-15 09:30:00+00:00,SELL,3128.9,3140.9153483356654,3140.9153483356654,3104.8693033286695,0.1,-120.85348335665294,-1201.5348335665294,-1.0,SL,2025Q2,2025,1,2025-05-15 09:00:00+00:00,2025Q2,2025
2528,85236,2025-05-15 17:30:00+00:00,85247,2025-05-15 23:00:00+00:00,BUY,3206.06,3232.956950251647,3192.611524874176,3232.956950251647,0.1,268.26950251647014,2689.6950251647013,1.9844657035615432,TP,2025Q2,2025,11,2025-05-15 17:30:00+00:00,2025Q2,2025
2529,85277,2025-05-16 15:00:00+00:00,85278,2025-05-16 15:30:00+00:00,SELL,3163.11,3178.247282038324,3178.247282038324,3132.8354359233526,0.1,-152.07282038323973,-1513.7282038323974,-1.0,SL,2025Q2,2025,1,2025-05-16 15:00:00+00:00,2025Q2,2025
2530,85296,2025-05-19 01:30:00+00:00,85302,2025-05-19 04:30:00+00:00,BUY,3235.6,3221.2626485099922,3221.2626485099922,3264.2747029800153,0.1,-144.07351490007676,-1433.7351490007677,-1.0,SL,2025Q2,2025,6,2025-05-19 01:30:00+00:00,2025Q2,2025
2531,85363,2025-05-20 12:00:00+00:00,85372,2025-05-20 16:30:00+00:00,BUY,3235.97,3256.3411086256765,3225.784445687161,3256.3411086256765,0.1,203.011086256767,2037.1108625676698,1.979523291126491,TP,2025Q2,2025,9,2025-05-20 12:00:00+00:00,2025Q2,2025
2532,85397,2025-05-21 06:00:00+00:00,85437,2025-05-22 03:00:00+00:00,BUY,3301.89,3325.4719796236704,3290.099010188165,3325.4719796236704,0.1,235.11979623670578,2358.1979623670577,1.9822949009036326,TP,2025Q2,2025,40,2025-05-21 06:00:00+00:00,2025Q2,2025
2533,85440,2025-05-22 04:30:00+00:00,85448,2025-05-22 08:30:00+00:00,BUY,3338.58,3328.385203128828,3328.385203128828,3358.9695937423435,0.1,-102.64796871172003,-1019.4796871172002,-1.0,SL,2025Q2,2025,8,2025-05-22 04:30:00+00:00,2025Q2,2025
2534,85454,2025-05-22 11:30:00+00:00,85457,2025-05-22 13:00:00+00:00,SELL,3318.51,3299.3926649260484,3328.068667536976,3299.3926649260484,0.1,190.47335073951837,1911.7335073951836,1.9781901286763137,TP,2025Q2,2025,3,2025-05-22 11:30:00+00:00,2025Q2,2025
2535,85502,2025-05-23 12:30:00+00:00,85507,2025-05-23 15:00:00+00:00,BUY,3332.27,3351.597931921215,3322.6060340393924,3351.597931921215,0.1,192.5793192121517,1932.7931921215168,1.9784260597530494,TP,2025Q2,2025,5,2025-05-23 12:30:00+00:00,2025Q2,2025
2536,85525,2025-05-26 01:00:00+00:00,85529,2025-05-26 03:00:00+00:00,SELL,3353.13,3333.7820919385576,3362.8039540307213,3333.7820919385576,0.1,192.7790806144247,1934.7908061442467,1.9784481741869984,TP,2025Q2,2025,4,2025-05-26 01:00:00+00:00,2025Q2,2025
2537,85584,2025-05-27 10:00:00+00:00,85592,2025-05-27 14:00:00+00:00,SELL,3308.42,3290.741888269224,3317.2590558653883,3290.741888269224,0.1,176.08111730775983,1767.8111730775981,1.9764284787104875,TP,2025Q2,2025,8,2025-05-27 10:00:00+00:00,2025Q2,2025
2538,85605,2025-05-27 20:30:00+00:00,85622,2025-05-28 06:00:00+00:00,BUY,3302.04,3292.134459811657,3292.134459811657,3321.851080376686,0.1,-99.75540188342912,-990.5540188342911,-1.0,SL,2025Q2,2025,17,2025-05-27 20:30:00+00:00,2025Q2,2025
2539,85623,2025-05-28 06:30:00+00:00,85626,2025-05-28 08:00:00+00:00,SELL,3293.82,3303.3031796475866,3303.3031796475866,3274.8536407048277,0.1,-95.5317964758644,-948.3179647586439,-1.0,SL,2025Q2,2025,3,2025-05-28 06:30:00+00:00,2025Q2,2025
2540,85653,2025-05-28 21:30:00+00:00,85656,2025-05-28 23:00:00+00:00,BUY,3301.79,3292.817575186218,3292.817575186218,3319.7348496275636,0.1,-90.424248137818,-897.24248137818,-1.0,SL,2025Q2,2025,3,2025-05-28 21:30:00+00:00,2025Q2,2025
2541,85661,2025-05-29 02:30:00+00:00,85669,2025-05-29 06:30:00+00:00,SELL,3266.09,3277.6068477333033,3277.6068477333033,3243.0563045333943,0.1,-115.86847733303166,-1151.6847733303166,-1.0,SL,2025Q2,2025,8,2025-05-29 02:30:00+00:00,2025Q2,2025
2542,85677,2025-05-29 10:30:00+00:00,85685,2025-05-29 14:30:00+00:00,BUY,3281.15,3303.3232816186887,3270.063359190656,3303.3232816186887,0.1,221.03281618688635,2217.3281618688634,1.9811771299633387,TP,2025Q2,2025,8,2025-05-29 10:30:00+00:00,2025Q2,2025
2543,85808,2025-06-03 07:00:00+00:00,85827,2025-06-03 16:30:00+00:00,SELL,3361.0,3342.289239077218,3370.3553804613907,3342.289239077218,0.1,186.40760922781902,1871.0760922781901,1.9777197322845725,TP,2025Q2,2025,19,2025-06-03 07:00:00+00:00,2025Q2,2025
2544,85854,2025-06-04 07:00:00+00:00,85874,2025-06-04 17:00:00+00:00,SELL,3359.06,3366.92365295567,3366.92365295567,3343.3326940886595,0.1,-79.33652955670205,-786.3652955670204,-1.0,SL,2025Q2,2025,20,2025-06-04 07:00:00+00:00,2025Q2,2025
2545,85893,2025-06-05 03:30:00+00:00,85893,2025-06-05 03:30:00+00:00,BUY,3381.18,3373.819532507602,3373.819532507602,3395.900934984795,0.1,-74.30467492397675,-736.0467492397675,-1.0,SL,2025Q2,2025,0,2025-06-05 03:30:00+00:00,2025Q2,2025
2546,85910,2025-06-05 12:00:00+00:00,85911,2025-06-05 12:30:00+00:00,BUY,3375.42,3390.2214445820846,3368.019277708958,3390.2214445820846,0.1,147.31444582084515,1480.1444582084514,1.971890268193773,TP,2025Q2,2025,1,2025-06-05 12:00:00+00:00,2025Q2,2025
2547,85981,2025-06-09 01:30:00+00:00,85984,2025-06-09 03:00:00+00:00,BUY,3318.1,3308.6585301473356,3308.6585301473356,3336.982939705328,0.1,-95.11469852664341,-944.1469852664341,-1.0,SL,2025Q2,2025,3,2025-06-09 01:30:00+00:00,2025Q2,2025
2548,85988,2025-06-09 05:00:00+00:00,85989,2025-06-09 05:30:00+00:00,SELL,3295.99,3306.6693538236323,3306.6693538236323,3274.631292352735,0.1,-107.49353823632482,-1067.9353823632482,-1.0,SL,2025Q2,2025,1,2025-06-09 05:00:00+00:00,2025Q2,2025
2549,86002,2025-06-09 12:00:00+00:00,86014,2025-06-09 18:00:00+00:00,SELL,3319.75,3328.3793074013424,3328.3793074013424,3302.491385197315,0.1,-86.9930740134243,-862.930740134243,-1.0,SL,2025Q2,2025,12,2025-06-09 12:00:00+00:00,2025Q2,2025
2550,86039,2025-06-10 07:30:00+00:00,86040,2025-06-10 08:00:00+00:00,SELL,3303.38,3310.9167168025074,3310.9167168025074,3288.306566394985,0.1,-76.06716802507272,-753.6716802507271,-1.0,SL,2025Q2,2025,1,2025-06-10 07:30:00+00:00,2025Q2,2025
2551,86098,2025-06-11 14:00:00+00:00,86100,2025-06-11 15:00:00+00:00,SELL,3329.71,3337.786862398554,3337.786862398554,3313.5562752028914,0.1,-81.46862398554113,-807.6862398554113,-1.0,SL,2025Q2,2025,2,2025-06-11 14:00:00+00:00,2025Q2,2025
2552,86179,2025-06-13 08:30:00+00:00,86193,2025-06-13 15:30:00+00:00,SELL,3419.66,3431.7396873448524,3431.7396873448524,3395.500625310295,0.1,-121.49687344852573,-1207.9687344852573,-1.0,SL,2025Q2,2025,14,2025-06-13 08:30:00+00:00,2025Q2,2025
2553,86245,2025-06-16 18:30:00+00:00,86249,2025-06-16 20:30:00+00:00,BUY,3404.61,3392.587246697812,3392.587246697812,3428.655506604376,0.1,-120.92753302187994,-1202.2753302187994,-1.0,SL,2025Q2,2025,4,2025-06-16 18:30:00+00:00,2025Q2,2025
2554,86373,2025-06-19 13:30:00+00:00,86376,2025-06-19 15:00:00+00:00,BUY,3376.23,3366.283305031212,3366.283305031212,3396.123389937576,0.1,-100.16694968788052,-994.6694968788051,-1.0,SL,2025Q2,2025,3,2025-06-19 13:30:00+00:00,2025Q2,2025
2555,86379,2025-06-19 16:30:00+00:00,86379,2025-06-19 16:30:00+00:00,SELL,3362.74,3371.88786901153,3371.88786901153,3344.4442619769397,0.1,-92.1786901153002,-914.786901153002,-1.0,SL,2025Q2,2025,0,2025-06-19 16:30:00+00:00,2025Q2,2025
2556,86387,2025-06-19 20:30:00+00:00,86389,2025-06-20 01:00:00+00:00,BUY,3373.81,3365.1129458864943,3365.1129458864943,3391.204108227011,0.1,-87.67054113505601,-869.7054113505601,-1.0,SL,2025Q2,2025,2,2025-06-19 20:30:00+00:00,2025Q2,2025
2557,86416,2025-06-20 14:30:00+00:00,86420,2025-06-20 16:30:00+00:00,SELL,3351.8,3359.0672631034827,3359.0672631034827,3337.2654737930347,0.1,-73.37263103482492,-726.7263103482492,-1.0,SL,2025Q2,2025,4,2025-06-20 14:30:00+00:00,2025Q2,2025
2558,86429,2025-06-20 21:00:00+00:00,86435,2025-06-23 01:00:00+00:00,SELL,3367.33,3389.69,3375.0520232648983,3351.8859534702037,0.1,-224.30000000000126,-2236.0000000000127,-2.8785848344477194,SL_GAP_OPEN_PESSIMISTIC,2025Q2,2025,6,2025-06-20 21:00:00+00:00,2025Q2,2025
2559,86458,2025-06-23 12:30:00+00:00,86464,2025-06-23 15:30:00+00:00,BUY,3366.17,3357.9499660368006,3357.9499660368006,3382.610067926399,0.1,-82.90033963199512,-822.0033963199512,-1.0,SL,2025Q2,2025,6,2025-06-23 12:30:00+00:00,2025Q2,2025
2560,86516,2025-06-24 18:30:00+00:00,86546,2025-06-25 10:30:00+00:00,BUY,3312.34,3335.2486899971027,3300.885655001449,3335.2486899971027,0.1,228.38689997102557,2290.8689997102556,1.9817777062361115,TP,2025Q2,2025,30,2025-06-24 18:30:00+00:00,2025Q2,2025
2561,86550,2025-06-25 12:30:00+00:00,86551,2025-06-25 13:00:00+00:00,SELL,3322.55,3328.736655733436,3328.736655733436,3310.1766885331294,0.1,-62.566557334356006,-618.66557334356,-1.0,SL,2025Q2,2025,1,2025-06-25 12:30:00+00:00,2025Q2,2025
2562,86576,2025-06-26 02:30:00+00:00,86579,2025-06-26 04:00:00+00:00,BUY,3337.16,3331.243454493323,3331.243454493323,3348.9930910133535,0.1,-59.86545506676812,-591.6545506676812,-1.0,SL,2025Q2,2025,3,2025-06-26 02:30:00+00:00,2025Q2,2025
2563,86666,2025-06-30 01:30:00+00:00,86666,2025-06-30 01:30:00+00:00,SELL,3249.06,3260.263898394315,3260.263898394315,3226.652203211369,0.1,-112.73898394315275,-1120.3898394315274,-1.0,SL,2025Q2,2025,0,2025-06-30 01:30:00+00:00,2025Q2,2025
2564,86702,2025-06-30 19:30:00+00:00,86712,2025-07-01 01:30:00+00:00,BUY,3292.44,3309.4689915777817,3283.9255042111095,3309.4689915777817,0.1,169.58991577781654,1702.8991577781653,1.9755372936088675,TP,2025Q2,2025,10,2025-06-30 19:30:00+00:00,2025Q2,2025
2565,86726,2025-07-01 08:30:00+00:00,86733,2025-07-01 12:00:00+00:00,BUY,3329.73,3342.392126612653,3323.3989366936735,3342.392126612653,0.1,125.92126612653082,1266.2126612653083,1.9671929506161194,TP,2025Q3,2025,7,2025-07-01 08:30:00+00:00,2025Q3,2025
2566,86772,2025-07-02 08:30:00+00:00,86772,2025-07-02 08:30:00+00:00,BUY,3343.05,3336.828125738295,3336.828125738295,3355.49374852341,0.1,-62.91874261705125,-622.1874261705125,-1.0,SL,2025Q3,2025,0,2025-07-02 08:30:00+00:00,2025Q3,2025
2567,86794,2025-07-02 19:30:00+00:00,86803,2025-07-03 01:00:00+00:00,BUY,3346.07,3361.1764589511126,3338.516770524444,3361.1764589511126,0.1,150.36458951112473,1510.6458951112472,1.9724526198937915,TP,2025Q3,2025,9,2025-07-02 19:30:00+00:00,2025Q3,2025
2568,86806,2025-07-03 02:30:00+00:00,86818,2025-07-03 08:30:00+00:00,SELL,3350.23,3357.1691283874725,3357.1691283874725,3336.3517432250555,0.1,-70.09128387472465,-693.9128387472465,-1.0,SL,2025Q3,2025,12,2025-07-03 02:30:00+00:00,2025Q3,2025
2569,86829,2025-07-03 14:00:00+00:00,86830,2025-07-03 14:30:00+00:00,BUY,3353.27,3346.3796591206938,3346.3796591206938,3367.050681758613,0.1,-69.60340879306223,-689.0340879306223,-1.0,SL,2025Q3,2025,1,2025-07-03 14:00:00+00:00,2025Q3,2025
2570,86856,2025-07-04 04:30:00+00:00,86859,2025-07-04 06:00:00+00:00,BUY,3332.54,3326.468983936705,3326.468983936705,3344.68203212659,0.1,-61.41016063294792,-607.1016063294792,-1.0,SL,2025Q3,2025,3,2025-07-04 04:30:00+00:00,2025Q3,2025
2571,86868,2025-07-04 10:30:00+00:00,86868,2025-07-04 10:30:00+00:00,SELL,3337.33,3342.9794731956426,3342.9794731956426,3326.0310536087145,0.1,-57.194731956427134,-564.9473195642713,-1.0,SL,2025Q3,2025,0,2025-07-04 10:30:00+00:00,2025Q3,2025
2572,86897,2025-07-07 06:00:00+00:00,86918,2025-07-07 16:30:00+00:00,SELL,3308.72,3316.2981847291817,3316.2981847291817,3293.563630541636,0.1,-76.48184729181885,-757.8184729181885,-1.0,SL,2025Q3,2025,21,2025-07-07 06:00:00+00:00,2025Q3,2025
2573,86919,2025-07-07 17:00:00+00:00,86926,2025-07-07 20:30:00+00:00,BUY,3316.73,3334.3380795622547,3307.9259602188727,3334.3380795622547,0.1,175.38079562254717,1760.8079562254716,1.9763354678162914,TP,2025Q3,2025,7,2025-07-07 17:00:00+00:00,2025Q3,2025
2574,86936,2025-07-08 02:30:00+00:00,86956,2025-07-08 12:30:00+00:00,SELL,3336.04,3322.138775482963,3342.9906122585185,3322.138775482963,0.1,138.3122451703701,1390.1224517037008,1.9700880788929491,TP,2025Q3,2025,20,2025-07-08 02:30:00+00:00,2025Q3,2025
2575,87022,2025-07-09 22:30:00+00:00,87043,2025-07-10 10:00:00+00:00,BUY,3314.54,3328.746172175136,3307.436913912432,3328.746172175136,0.1,141.3617217513609,1420.617217513609,1.9707238979936461,TP,2025Q3,2025,21,2025-07-09 22:30:00+00:00,2025Q3,2025
2576,87088,2025-07-11 09:30:00+00:00,87088,2025-07-11 09:30:00+00:00,BUY,3343.0,3336.2837361010725,3336.2837361010725,3356.4325277978555,0.1,-67.86263898927537,-671.6263898927537,-1.0,SL,2025Q3,2025,0,2025-07-11 09:30:00+00:00,2025Q3,2025
2577,87105,2025-07-11 18:00:00+00:00,87107,2025-07-11 19:00:00+00:00,BUY,3361.34,3353.264789663838,3353.264789663838,3377.4904206723236,0.1,-81.45210336161945,-807.5210336161945,-1.0,SL,2025Q3,2025,2,2025-07-11 18:00:00+00:00,2025Q3,2025
2578,87112,2025-07-11 21:30:00+00:00,87119,2025-07-14 02:00:00+00:00,BUY,3355.89,3371.184639973636,3348.2426800131816,3371.184639973636,0.1,152.24639973636096,1529.4639973636095,1.9727884809287228,TP,2025Q3,2025,7,2025-07-11 21:30:00+00:00,2025Q3,2025
2579,87165,2025-07-15 02:00:00+00:00,87174,2025-07-15 06:30:00+00:00,BUY,3345.72,3357.3993457724405,3339.8803271137795,3357.3993457724405,0.1,116.09345772440683,1167.9345772440684,1.9644650382443907,TP,2025Q3,2025,9,2025-07-15 02:00:00+00:00,2025Q3,2025
2580,87209,2025-07-16 01:00:00+00:00,87212,2025-07-16 02:30:00+00:00,SELL,3324.03,3331.4546406757786,3331.4546406757786,3309.1807186484434,0.1,-74.94640675778392,-742.4640675778392,-1.0,SL,2025Q3,2025,3,2025-07-16 01:00:00+00:00,2025Q3,2025
2581,87234,2025-07-16 13:30:00+00:00,87240,2025-07-16 16:30:00+00:00,SELL,3338.57,3328.7340120558097,3343.4879939720954,3328.7340120558097,0.1,97.65987944190492,983.5987944190492,1.9578989066196106,TP,2025Q3,2025,6,2025-07-16 13:30:00+00:00,2025Q3,2025
2582,87312,2025-07-18 06:30:00+00:00,87318,2025-07-18 09:30:00+00:00,SELL,3335.0,3340.709946275517,3340.709946275517,3323.580107448967,0.1,-57.799462755168136,-570.9946275516813,-1.0,SL,2025Q3,2025,6,2025-07-18 06:30:00+00:00,2025Q3,2025
2583,87324,2025-07-18 12:30:00+00:00,87347,2025-07-21 01:00:00+00:00,BUY,3352.18,3346.3429650857133,3346.3429650857133,3363.854069828573,0.1,-59.070349142865055,-583.7034914286505,-1.0,SL,2025Q3,2025,23,2025-07-18 12:30:00+00:00,2025Q3,2025
2584,87359,2025-07-21 07:00:00+00:00,87360,2025-07-21 07:30:00+00:00,SELL,3351.11,3355.99414662848,3355.99414662848,3341.3417067430405,0.1,-49.54146628479812,-488.41466284798116,-1.0,SL,2025Q3,2025,1,2025-07-21 07:00:00+00:00,2025Q3,2025
2585,87436,2025-07-22 22:30:00+00:00,87445,2025-07-23 04:00:00+00:00,BUY,3431.72,3425.203924519035,3425.203924519035,3444.7521509619296,0.1,-65.86075480964901,-651.6075480964901,-1.0,SL,2025Q3,2025,9,2025-07-22 22:30:00+00:00,2025Q3,2025
2586,87446,2025-07-23 04:30:00+00:00,87461,2025-07-23 12:00:00+00:00,SELL,3424.8,3431.479732064753,3431.479732064753,3411.4405358704944,0.1,-67.49732064752898,-667.9732064752898,-1.0,SL,2025Q3,2025,15,2025-07-23 04:30:00+00:00,2025Q3,2025
2587,87464,2025-07-23 13:30:00+00:00,87469,2025-07-23 16:00:00+00:00,SELL,3423.2,3409.382537818701,3430.108731090649,3409.382537818701,0.1,137.47462181298653,1381.7462181298652,1.9699085697281882,TP,2025Q3,2025,5,2025-07-23 13:30:00+00:00,2025Q3,2025
2588,87479,2025-07-23 21:00:00+00:00,87493,2025-07-24 05:00:00+00:00,BUY,3393.44,3383.908441600654,3383.908441600654,3412.5031167986917,0.1,-96.01558399346068,-953.1558399346068,-1.0,SL,2025Q3,2025,14,2025-07-23 21:00:00+00:00,2025Q3,2025
2589,87496,2025-07-24 06:30:00+00:00,87507,2025-07-24 12:00:00+00:00,SELL,3379.74,3364.700814320435,3387.2595928397823,3364.700814320435,0.1,149.6918567956498,1503.918567956498,1.9723305315010788,TP,2025Q3,2025,11,2025-07-24 06:30:00+00:00,2025Q3,2025
2590,87513,2025-07-24 15:00:00+00:00,87516,2025-07-24 16:30:00+00:00,SELL,3361.99,3368.949417164806,3368.949417164806,3348.071165670387,0.1,-70.29417164806382,-695.9417164806382,-1.0,SL,2025Q3,2025,3,2025-07-24 15:00:00+00:00,2025Q3,2025
2591,87609,2025-07-28 17:00:00+00:00,87609,2025-07-28 17:00:00+00:00,SELL,3302.15,3310.4044205380783,3310.4044205380783,3285.6411589238437,0.1,-83.24420538078193,-825.4420538078193,-1.0,SL,2025Q3,2025,0,2025-07-28 17:00:00+00:00,2025Q3,2025
2592,87618,2025-07-28 21:30:00+00:00,87643,2025-07-29 11:00:00+00:00,BUY,3313.89,3328.7291104565056,3306.470444771747,3328.7291104565056,0.1,147.69110456505751,1483.911045650575,1.971960951805607,TP,2025Q3,2025,25,2025-07-28 21:30:00+00:00,2025Q3,2025
2593,87644,2025-07-29 11:30:00+00:00,87649,2025-07-29 14:00:00+00:00,BUY,3327.67,3320.6272507216795,3320.6272507216795,3341.755498556641,0.1,-71.12749278320571,-704.2749278320571,-1.0,SL,2025Q3,2025,5,2025-07-29 11:30:00+00:00,2025Q3,2025
2594,87655,2025-07-29 17:00:00+00:00,87655,2025-07-29 17:00:00+00:00,SELL,3316.9,3323.8940161281057,3323.8940161281057,3302.9119677437884,0.1,-70.64016128105614,-699.4016128105613,-1.0,SL,2025Q3,2025,0,2025-07-29 17:00:00+00:00,2025Q3,2025
2595,87743,2025-07-31 15:00:00+00:00,87747,2025-07-31 17:00:00+00:00,BUY,3306.23,3298.0504411501865,3298.0504411501865,3322.5891176996265,0.1,-82.49558849813475,-817.9558849813475,-1.0,SL,2025Q3,2025,4,2025-07-31 15:00:00+00:00,2025Q3,2025
2596,87758,2025-07-31 22:30:00+00:00,87776,2025-08-01 08:30:00+00:00,SELL,3290.92,3297.9547523551055,3297.9547523551055,3276.8504952897893,0.1,-71.04752355105411,-703.4752355105411,-1.0,SL,2025Q3,2025,18,2025-07-31 22:30:00+00:00,2025Q3,2025
2597,87777,2025-08-01 09:00:00+00:00,87779,2025-08-01 10:00:00+00:00,BUY,3296.75,3290.2598725579046,3290.2598725579046,3309.730254884191,0.1,-65.601274420954,-649.01274420954,-1.0,SL,2025Q3,2025,2,2025-08-01 09:00:00+00:00,2025Q3,2025
2598,87783,2025-08-01 12:00:00+00:00,87790,2025-08-01 15:30:00+00:00,BUY,3294.43,3307.3122816966816,3287.988859151659,3307.3122816966816,0.1,128.1228169668173,1288.228169668173,1.9677475875747545,TP,2025Q3,2025,7,2025-08-01 12:00:00+00:00,2025Q3,2025
2599,87805,2025-08-01 23:00:00+00:00,87813,2025-08-04 04:00:00+00:00,BUY,3357.33,3348.238674971269,3348.238674971269,3375.5126500574615,0.1,-91.61325028730808,-909.1325028730807,-1.0,SL,2025Q3,2025,8,2025-08-01 23:00:00+00:00,2025Q3,2025
2600,87818,2025-08-04 06:30:00+00:00,87837,2025-08-04 16:00:00+00:00,BUY,3357.04,3372.196119448582,3349.461940275709,3372.196119448582,0.1,150.86119448582104,1515.6119448582103,1.9725420554270756,TP,2025Q3,2025,19,2025-08-04 06:30:00+00:00,2025Q3,2025
2601,87853,2025-08-05 01:00:00+00:00,87856,2025-08-05 02:30:00+00:00,SELL,3374.05,3379.7419140195016,3379.7419140195016,3362.6661719609974,0.1,-57.61914019501383,-569.1914019501382,-1.0,SL,2025Q3,2025,3,2025-08-05 01:00:00+00:00,2025Q3,2025
2602,87862,2025-08-05 05:30:00+00:00,87875,2025-08-05 12:00:00+00:00,SELL,3375.75,3365.3242933994634,3380.9628533002683,3365.3242933994634,0.1,103.55706600536614,1042.5706600536614,1.9602487542121725,TP,2025Q3,2025,13,2025-08-05 05:30:00+00:00,2025Q3,2025
2603,87913,2025-08-06 08:00:00+00:00,87915,2025-08-06 09:00:00+00:00,SELL,3372.29,3377.460361309146,3377.460361309146,3361.9492773817083,0.1,-52.40361309145847,-517.0361309145846,-1.0,SL,2025Q3,2025,2,2025-08-06 08:00:00+00:00,2025Q3,2025
2604,87926,2025-08-06 14:30:00+00:00,87932,2025-08-06 17:30:00+00:00,BUY,3366.32,3378.834661816932,3360.062669091534,3378.834661816932,0.1,124.44661816931948,1251.4661816931948,1.9668106500137332,TP,2025Q3,2025,6,2025-08-06 14:30:00+00:00,2025Q3,2025
2605,87940,2025-08-06 21:30:00+00:00,87951,2025-08-07 04:00:00+00:00,SELL,3369.52,3376.286510981793,3376.286510981793,3355.986978036414,0.1,-68.3651098179309,-676.651098179309,-1.0,SL,2025Q3,2025,11,2025-08-06 21:30:00+00:00,2025Q3,2025
2606,88054,2025-08-11 09:30:00+00:00,88065,2025-08-11 15:00:00+00:00,SELL,3366.4,3348.1789486583284,3375.510525670836,3348.1789486583284,0.1,181.51051341671683,1822.1051341671682,1.9771254928606579,TP,2025Q3,2025,11,2025-08-11 09:30:00+00:00,2025Q3,2025
2607,88071,2025-08-11 18:00:00+00:00,88076,2025-08-11 20:30:00+00:00,SELL,3346.22,3357.033983561441,3357.033983561441,3324.592032877117,0.1,-108.83983561441092,-1081.3983561441091,-1.0,SL,2025Q3,2025,5,2025-08-11 18:00:00+00:00,2025Q3,2025
2608,88118,2025-08-12 18:30:00+00:00,88134,2025-08-13 03:30:00+00:00,BUY,3354.9,3342.7212479185077,3342.7212479185077,3379.2575041629852,0.1,-122.48752081492349,-1217.8752081492348,-1.0,SL,2025Q3,2025,16,2025-08-12 18:30:00+00:00,2025Q3,2025
2609,88153,2025-08-13 13:00:00+00:00,88157,2025-08-13 15:00:00+00:00,BUY,3364.71,3358.037209680027,3358.037209680027,3378.0555806399466,0.1,-67.42790319973047,-667.2790319973046,-1.0,SL,2025Q3,2025,4,2025-08-13 13:00:00+00:00,2025Q3,2025
2610,88178,2025-08-14 02:30:00+00:00,88179,2025-08-14 03:00:00+00:00,BUY,3361.04,3371.3595285362753,3355.8802357318623,3371.3595285362753,0.1,102.49528536275356,1031.9528536275357,1.9598452264322075,TP,2025Q3,2025,1,2025-08-14 02:30:00+00:00,2025Q3,2025
2611,88270,2025-08-18 02:30:00+00:00,88271,2025-08-18 03:00:00+00:00,SELL,3328.98,3334.7550314086134,3334.7550314086134,3317.4299371827738,0.1,-58.45031408613359,-577.5031408613359,-1.0,SL,2025Q3,2025,1,2025-08-18 02:30:00+00:00,2025Q3,2025
2612,88272,2025-08-18 03:30:00+00:00,88280,2025-08-18 07:30:00+00:00,BUY,3340.4,3353.7376817148534,3333.7311591425732,3353.7376817148534,0.1,132.67681714853262,1333.768171485326,1.968837370633406,TP,2025Q3,2025,8,2025-08-18 03:30:00+00:00,2025Q3,2025
2613,88286,2025-08-18 10:30:00+00:00,88287,2025-08-18 11:00:00+00:00,BUY,3352.43,3345.844658285255,3345.844658285255,3365.6006834294894,0.1,-66.55341714745028,-658.5341714745027,-1.0,SL,2025Q3,2025,1,2025-08-18 10:30:00+00:00,2025Q3,2025
2614,88293,2025-08-18 14:00:00+00:00,88299,2025-08-18 17:00:00+00:00,SELL,3346.5,3334.6950162563903,3352.402491871805,3334.6950162563903,0.1,117.34983743609682,1180.4983743609682,1.9648387968526464,TP,2025Q3,2025,6,2025-08-18 14:00:00+00:00,2025Q3,2025
2615,88347,2025-08-19 18:00:00+00:00,88365,2025-08-20 04:00:00+00:00,SELL,3325.2,3311.725385929624,3331.9373070351876,3311.725385929624,0.1,134.04614070375993,1347.4614070375992,1.9691507965023423,TP,2025Q3,2025,18,2025-08-19 18:00:00+00:00,2025Q3,2025
2616,88402,2025-08-20 22:30:00+00:00,88409,2025-08-21 03:00:00+00:00,BUY,3348.72,3343.5928500520213,3343.5928500520213,3358.974299895957,0.1,-51.97149947978524,-512.7149947978523,-1.0,SL,2025Q3,2025,7,2025-08-20 22:30:00+00:00,2025Q3,2025
2617,88417,2025-08-21 07:00:00+00:00,88430,2025-08-21 13:30:00+00:00,SELL,3339.77,3331.2110505164537,3344.049474741773,3331.2110505164537,0.1,84.88949483546257,855.8949483546257,1.9517183079642515,TP,2025Q3,2025,13,2025-08-21 07:00:00+00:00,2025Q3,2025
2618,88431,2025-08-21 14:00:00+00:00,88432,2025-08-21 14:30:00+00:00,SELL,3328.58,3333.4986575897296,3333.4986575897296,3318.74268482054,0.1,-49.88657589729719,-491.8657589729719,-1.0,SL,2025Q3,2025,1,2025-08-21 14:00:00+00:00,2025Q3,2025
2619,88494,2025-08-22 22:30:00+00:00,88545,2025-08-26 02:00:00+00:00,SELL,3369.84,3355.91341104824,3376.80329447588,3355.91341104824,0.1,138.56588951760097,1392.6588951760095,1.9701420151366942,TP,2025Q3,2025,51,2025-08-22 22:30:00+00:00,2025Q3,2025
2620,88626,2025-08-27 19:30:00+00:00,88642,2025-08-28 04:30:00+00:00,BUY,3391.26,3385.537977912863,3385.537977912863,3402.7040441742747,0.1,-57.92022087137248,-572.2022087137248,-1.0,SL,2025Q3,2025,16,2025-08-27 19:30:00+00:00,2025Q3,2025
2621,88662,2025-08-28 14:30:00+00:00,88664,2025-08-28 15:30:00+00:00,BUY,3404.27,3399.278742908151,3399.278742908151,3414.252514183698,0.1,-50.61257091849093,-499.1257091849093,-1.0,SL,2025Q3,2025,2,2025-08-28 14:30:00+00:00,2025Q3,2025
2622,88685,2025-08-29 03:00:00+00:00,88706,2025-08-29 13:30:00+00:00,SELL,3414.6,3405.517891520407,3419.1410542397966,3405.517891520407,0.1,90.12108479592989,908.2108479592989,1.954457269622204,TP,2025Q3,2025,21,2025-08-29 03:00:00+00:00,2025Q3,2025
2623,88750,2025-09-01 12:30:00+00:00,88759,2025-09-01 17:00:00+00:00,SELL,3471.27,3480.952403289511,3480.952403289511,3451.905193420978,0.1,-97.52403289511058,-968.2403289511058,-1.0,SL,2025Q3,2025,9,2025-09-01 12:30:00+00:00,2025Q3,2025
2624,88773,2025-09-02 03:30:00+00:00,88774,2025-09-02 04:00:00+00:00,BUY,3483.1,3476.845682273072,3476.845682273072,3495.6086354538556,0.1,-63.243177269280935,-625.4317726928093,-1.0,SL_AMBIGUOUS_PESSIMISTIC,2025Q3,2025,1,2025-09-02 03:30:00+00:00,2025Q3,2025
2625,88938,2025-09-05 17:00:00+00:00,88938,2025-09-05 17:00:00+00:00,BUY,3594.58,3584.0588403693087,3584.0588403693087,3615.6223192613825,0.1,-105.91159630691273,-1052.1159630691272,-1.0,SL,2025Q3,2025,0,2025-09-05 17:00:00+00:00,2025Q3,2025
2626,88963,2025-09-08 06:30:00+00:00,88968,2025-09-08 09:00:00+00:00,SELL,3584.91,3594.287014138828,3594.287014138828,3566.1559717223436,0.1,-94.47014138828145,-937.7014138828144,-1.0,SL,2025Q3,2025,5,2025-09-08 06:30:00+00:00,2025Q3,2025
2627,88999,2025-09-09 01:30:00+00:00,89002,2025-09-09 03:00:00+00:00,SELL,3632.16,3639.887147593536,3639.887147593536,3616.705704812927,0.1,-77.97147593536302,-772.7147593536301,-1.0,SL,2025Q3,2025,3,2025-09-09 01:30:00+00:00,2025Q3,2025
2628,89005,2025-09-09 04:30:00+00:00,89014,2025-09-09 09:00:00+00:00,BUY,3644.61,3636.9260721110427,3636.9260721110427,3659.9778557779155,0.1,-77.53927888957442,-768.3927888957442,-1.0,SL,2025Q3,2025,9,2025-09-09 04:30:00+00:00,2025Q3,2025
2629,89040,2025-09-09 22:00:00+00:00,89067,2025-09-10 12:30:00+00:00,SELL,3640.31,3650.5148170835228,3650.5148170835228,3619.9003658329543,0.1,-102.74817083522812,-1020.4817083522812,-1.0,SL,2025Q3,2025,27,2025-09-09 22:00:00+00:00,2025Q3,2025
2630,89068,2025-09-10 13:00:00+00:00,89072,2025-09-10 15:00:00+00:00,BUY,3655.26,3647.4465689700173,3647.4465689700173,3670.886862059966,0.1,-78.83431029982894,-781.3431029982894,-1.0,SL,2025Q3,2025,4,2025-09-10 13:00:00+00:00,2025Q3,2025
2631,89140,2025-09-12 03:00:00+00:00,89142,2025-09-12 04:00:00+00:00,SELL,3631.63,3638.8025603447754,3638.8025603447754,3617.284879310449,0.1,-72.4256034477532,-717.256034477532,-1.0,SL,2025Q3,2025,2,2025-09-12 03:00:00+00:00,2025Q3,2025
2632,89185,2025-09-15 02:30:00+00:00,89188,2025-09-15 04:00:00+00:00,SELL,3639.16,3628.6435258919314,3644.418237054034,3628.6435258919314,0.1,104.4647410806845,1051.647410806845,1.9605873391386452,TP,2025Q3,2025,3,2025-09-15 02:30:00+00:00,2025Q3,2025
2633,89194,2025-09-15 07:00:00+00:00,89199,2025-09-15 09:30:00+00:00,BUY,3646.19,3639.887277706095,3639.887277706095,3658.79544458781,0.1,-63.727222939049355,-630.2722293904935,-1.0,SL,2025Q3,2025,5,2025-09-15 07:00:00+00:00,2025Q3,2025
2634,89254,2025-09-16 14:00:00+00:00,89255,2025-09-16 14:30:00+00:00,SELL,3693.07,3699.5838416833326,3699.5838416833326,3680.0423166333353,0.1,-65.8384168333243,-651.384168333243,-1.0,SL,2025Q3,2025,1,2025-09-16 14:00:00+00:00,2025Q3,2025
2635,89270,2025-09-16 22:00:00+00:00,89281,2025-09-17 04:30:00+00:00,BUY,3690.76,3683.743081683157,3683.743081683157,3704.793836633686,0.1,-70.86918316843203,-701.6918316843203,-1.0,SL,2025Q3,2025,11,2025-09-16 22:00:00+00:00,2025Q3,2025
2636,89321,2025-09-18 01:30:00+00:00,89335,2025-09-18 08:30:00+00:00,BUY,3664.17,3650.7826802659724,3650.7826802659724,3690.944639468056,0.1,-134.5731973402764,-1338.7319734027642,-1.0,SL,2025Q3,2025,14,2025-09-18 01:30:00+00:00,2025Q3,2025
2637,89342,2025-09-18 12:00:00+00:00,89350,2025-09-18 16:00:00+00:00,BUY,3665.59,3654.3307068630484,3654.3307068630484,3688.1085862739037,0.1,-113.29293136951783,-1125.9293136951783,-1.0,SL,2025Q3,2025,8,2025-09-18 12:00:00+00:00,2025Q3,2025
2638,89357,2025-09-18 19:30:00+00:00,89373,2025-09-19 04:30:00+00:00,BUY,3644.42,3633.668610140897,3633.668610140897,3665.9227797182066,0.1,-108.21389859103256,-1075.1389859103256,-1.0,SL,2025Q3,2025,16,2025-09-18 19:30:00+00:00,2025Q3,2025
2639,89424,2025-09-22 07:00:00+00:00,89429,2025-09-22 09:30:00+00:00,BUY,3695.53,3709.6717207320216,3688.4591396339897,3709.6717207320216,0.1,140.7172073202144,1414.172073202144,1.9705917789683838,TP,2025Q3,2025,5,2025-09-22 07:00:00+00:00,2025Q3,2025
2640,89470,2025-09-23 07:00:00+00:00,89479,2025-09-23 11:30:00+00:00,BUY,3746.77,3763.7715593301214,3738.2692203349393,3763.7715593301214,0.1,169.31559330121382,1700.1559330121381,1.9754981450688696,TP,2025Q3,2025,9,2025-09-23 07:00:00+00:00,2025Q3,2025
2641,89500,2025-09-23 22:00:00+00:00,89501,2025-09-23 22:30:00+00:00,SELL,3756.54,3768.270053225302,3768.270053225302,3733.0798935493963,0.1,-118.00053225302072,-1173.0053225302072,-1.0,SL,2025Q3,2025,1,2025-09-23 22:00:00+00:00,2025Q3,2025
2642,89507,2025-09-24 02:30:00+00:00,89508,2025-09-24 03:00:00+00:00,BUY,3769.59,3759.438935059177,3759.438935059177,3789.892129881647,0.1,-102.2106494082329,-1015.1064940823289,-1.0,SL,2025Q3,2025,1,2025-09-24 02:30:00+00:00,2025Q3,2025
2643,89540,2025-09-24 19:00:00+00:00,89546,2025-09-24 22:00:00+00:00,SELL,3741.01,3722.397434240867,3750.316282879567,3722.397434240867,0.1,185.42565759133305,1861.2565759133304,1.9776030648074736,TP,2025Q3,2025,6,2025-09-24 19:00:00+00:00,2025Q3,2025
2644,89570,2025-09-25 11:00:00+00:00,89576,2025-09-25 14:00:00+00:00,BUY,3752.39,3743.418570100677,3743.418570100677,3770.3328597986456,0.1,-90.41429899323084,-897.1429899323084,-1.0,SL,2025Q3,2025,6,2025-09-25 11:00:00+00:00,2025Q3,2025
2645,89594,2025-09-25 23:00:00+00:00,89626,2025-09-26 16:00:00+00:00,SELL,3746.49,3757.9514905942756,3757.9514905942756,3723.5670188114477,0.1,-115.31490594275802,-1146.1490594275801,-1.0,SL,2025Q3,2025,32,2025-09-25 23:00:00+00:00,2025Q3,2025
2646,89629,2025-09-26 17:30:00+00:00,89639,2025-09-26 22:30:00+00:00,BUY,3777.8,3767.0849693291466,3767.0849693291466,3799.230061341707,0.1,-107.85030670853594,-1071.5030670853594,-1.0,SL,2025Q3,2025,10,2025-09-26 17:30:00+00:00,2025Q3,2025
2647,89642,2025-09-29 01:00:00+00:00,89642,2025-09-29 01:00:00+00:00,SELL,3759.31,3768.436281911656,3768.436281911656,3741.057436176688,0.1,-91.96281911655952,-912.6281911655951,-1.0,SL,2025Q3,2025,0,2025-09-29 01:00:00+00:00,2025Q3,2025
2648,89651,2025-09-29 05:30:00+00:00,89658,2025-09-29 09:00:00+00:00,BUY,3793.17,3817.7165034135287,3780.8967482932358,3817.7165034135287,0.1,244.76503413528627,2454.6503413528626,1.9829866549764261,TP,2025Q3,2025,7,2025-09-29 05:30:00+00:00,2025Q3,2025
2649,89662,2025-09-29 11:00:00+00:00,89663,2025-09-29 11:30:00+00:00,SELL,3806.2,3817.720051268848,3817.720051268848,3783.159897462304,0.1,-115.90051268847965,-1152.0051268847965,-1.0,SL,2025Q3,2025,1,2025-09-29 11:00:00+00:00,2025Q3,2025
2650,89681,2025-09-29 20:30:00+00:00,89692,2025-09-30 03:00:00+00:00,SELL,3826.72,3837.803496168484,3837.803496168484,3804.553007663031,0.1,-111.5349616848409,-1108.349616848409,-1.0,SL,2025Q3,2025,11,2025-09-29 20:30:00+00:00,2025Q3,2025
2651,89695,2025-09-30 04:30:00+00:00,89699,2025-09-30 06:30:00+00:00,BUY,3844.33,3862.239792255948,3835.375103872026,3862.239792255948,0.1,178.39792255948106,1790.9792255948105,1.976731034128069,TP,2025Q3,2025,4,2025-09-30 04:30:00+00:00,2025Q3,2025
2652,89718,2025-09-30 16:00:00+00:00,89720,2025-09-30 17:00:00+00:00,BUY,3819.44,3847.043687505014,3805.638156247493,3847.043687505014,0.1,275.33687505014024,2760.3687505014022,1.9848614211818782,TP,2025Q3,2025,2,2025-09-30 16:00:00+00:00,2025Q3,2025
2653,89797,2025-10-02 09:30:00+00:00,89797,2025-10-02 09:30:00+00:00,BUY,3872.05,3863.9439653452005,3863.9439653452005,3888.2620693096,0.1,-81.76034654799714,-810.6034654799714,-1.0,SL,2025Q4,2025,0,2025-10-02 09:30:00+00:00,2025Q4,2025
2654,89811,2025-10-02 16:30:00+00:00,89811,2025-10-02 16:30:00+00:00,BUY,3894.18,3885.156566588951,3885.156566588951,3912.226866822097,0.1,-90.934334110487,-902.34334110487,-1.0,SL,2025Q4,2025,0,2025-10-02 16:30:00+00:00,2025Q4,2025
2655,89841,2025-10-03 08:30:00+00:00,89855,2025-10-03 15:30:00+00:00,BUY,3854.36,3873.7226000837627,3844.678699958119,3873.7226000837627,0.1,192.92600083762574,1936.2600083762572,1.9784644099660957,TP,2025Q4,2025,14,2025-10-03 08:30:00+00:00,2025Q4,2025
2656,89861,2025-10-03 18:30:00+00:00,89874,2025-10-06 02:00:00+00:00,BUY,3888.01,3912.1975008922946,3875.916249553853,3912.1975008922946,0.1,241.1750089229434,2418.750089229434,1.9827355879315565,TP,2025Q4,2025,13,2025-10-03 18:30:00+00:00,2025Q4,2025
2657,89904,2025-10-06 17:00:00+00:00,89908,2025-10-06 19:00:00+00:00,BUY,3944.78,3969.657120872477,3932.3414395637615,3969.657120872477,0.1,248.0712087247701,2487.7120872477008,1.9832114973524804,TP,2025Q4,2025,4,2025-10-06 17:00:00+00:00,2025Q4,2025
2658,89946,2025-10-07 15:00:00+00:00,89952,2025-10-07 18:00:00+00:00,BUY,3966.99,3989.0500163559295,3955.959991822035,3989.0500163559295,0.1,219.90016355929748,2206.0016355929747,1.9810810950196929,TP,2025Q4,2025,6,2025-10-07 15:00:00+00:00,2025Q4,2025
2659,90001,2025-10-08 19:30:00+00:00,90003,2025-10-08 20:30:00+00:00,BUY,4055.81,4043.9030145384822,4043.9030145384822,4079.6239709230354,0.1,-119.76985461517707,-1190.6985461517706,-1.0,SL,2025Q4,2025,2,2025-10-08 19:30:00+00:00,2025Q4,2025
2660,90013,2025-10-09 02:30:00+00:00,90015,2025-10-09 03:30:00+00:00,SELL,4014.11,4027.92853272065,4027.92853272065,3986.4729345587,0.1,-138.88532720649727,-1381.8532720649728,-1.0,SL,2025Q4,2025,2,2025-10-09 02:30:00+00:00,2025Q4,2025
2661,90031,2025-10-09 11:30:00+00:00,90041,2025-10-09 16:30:00+00:00,BUY,4036.87,4023.592090411505,4023.592090411505,4063.42581917699,0.1,-133.4790958849482,-1327.7909588494822,-1.0,SL,2025Q4,2025,10,2025-10-09 11:30:00+00:00,2025Q4,2025
2662,90053,2025-10-09 22:30:00+00:00,90068,2025-10-10 07:00:00+00:00,BUY,3978.23,3957.322550383436,3957.322550383436,4020.044899233128,0.1,-209.77449616564007,-2090.744961656401,-1.0,SL,2025Q4,2025,15,2025-10-09 22:30:00+00:00,2025Q4,2025
2663,90084,2025-10-10 15:00:00+00:00,90090,2025-10-10 18:00:00+00:00,SELL,3986.99,4002.115407028476,4002.115407028476,3956.7391859430472,0.1,-151.95407028476274,-1512.5407028476275,-1.0,SL,2025Q4,2025,6,2025-10-10 15:00:00+00:00,2025Q4,2025
2664,90105,2025-10-13 02:30:00+00:00,90106,2025-10-13 03:00:00+00:00,BUY,4049.06,4028.018651996422,4028.018651996422,4091.1426960071567,0.1,-211.1134800357815,-2104.134800357815,-1.0,SL,2025Q4,2025,1,2025-10-13 02:30:00+00:00,2025Q4,2025
2665,90128,2025-10-13 14:00:00+00:00,90138,2025-10-13 19:00:00+00:00,BUY,4081.07,4109.721047614681,4066.7444761926595,4109.721047614681,0.1,285.8104761468092,2865.104761468092,1.9854121320758493,TP,2025Q4,2025,10,2025-10-13 14:00:00+00:00,2025Q4,2025
2666,90169,2025-10-14 11:30:00+00:00,90171,2025-10-14 12:30:00+00:00,BUY,4144.32,4121.806789940345,4121.806789940345,4189.346420119309,0.1,-225.83210059654738,-2251.321005965474,-1.0,SL,2025Q4,2025,2,2025-10-14 11:30:00+00:00,2025Q4,2025
2667,90172,2025-10-14 13:00:00+00:00,90185,2025-10-14 19:30:00+00:00,SELL,4127.26,4149.261415816713,4149.261415816713,4083.2571683665733,0.1,-220.71415816713233,-2200.1415816713234,-1.0,SL,2025Q4,2025,13,2025-10-14 13:00:00+00:00,2025Q4,2025
2668,90195,2025-10-15 01:30:00+00:00,90200,2025-10-15 04:00:00+00:00,BUY,4152.2,4186.428203868766,4135.085898065617,4186.428203868766,0.1,341.5820386876629,3422.8203868766286,1.9877794021007398,TP,2025Q4,2025,5,2025-10-15 01:30:00+00:00,2025Q4,2025
2669,90201,2025-10-15 04:30:00+00:00,90203,2025-10-15 05:30:00+00:00,BUY,4185.66,4168.447803968757,4168.447803968757,4220.084392062485,0.1,-172.82196031242455,-1721.2196031242456,-1.0,SL,2025Q4,2025,2,2025-10-15 04:30:00+00:00,2025Q4,2025
2670,90209,2025-10-15 08:30:00+00:00,90216,2025-10-15 12:00:00+00:00,BUY,4192.96,4177.200231498152,4177.200231498152,4224.479537003696,0.1,-158.29768501848156,-1575.9768501848157,-1.0,SL,2025Q4,2025,7,2025-10-15 08:30:00+00:00,2025Q4,2025
2671,90217,2025-10-15 12:30:00+00:00,90226,2025-10-15 17:00:00+00:00,SELL,4190.03,4207.657652089108,4207.657652089108,4154.774695821784,0.1,-176.97652089107868,-1762.765208910787,-1.0,SL,2025Q4,2025,9,2025-10-15 12:30:00+00:00,2025Q4,2025
2672,90237,2025-10-15 22:30:00+00:00,90265,2025-10-16 13:30:00+00:00,BUY,4211.03,4243.963772163204,4194.563113918397,4243.963772163204,0.1,328.63772163204595,3293.3772163204594,1.9873011158833265,TP,2025Q4,2025,28,2025-10-15 22:30:00+00:00,2025Q4,2025
2673,90296,2025-10-17 06:00:00+00:00,90304,2025-10-17 10:00:00+00:00,BUY,4342.66,4314.553661707565,4314.553661707565,4398.87267658487,0.1,-281.76338292434883,-2810.6338292434884,-1.0,SL,2025Q4,2025,8,2025-10-17 06:00:00+00:00,2025Q4,2025
2674,90312,2025-10-17 14:00:00+00:00,90317,2025-10-17 16:30:00+00:00,SELL,4327.55,4275.873683038471,4353.388158480765,4275.873683038471,0.1,516.0631696152875,5167.6316961528755,1.9918944451356193,TP,2025Q4,2025,5,2025-10-17 14:00:00+00:00,2025Q4,2025
2675,90318,2025-10-17 17:00:00+00:00,90323,2025-10-17 19:30:00+00:00,SELL,4273.79,4211.315223486977,4305.027388256512,4211.315223486977,0.1,624.0477651302324,6247.477651302324,1.9932923181493325,TP,2025Q4,2025,5,2025-10-17 17:00:00+00:00,2025Q4,2025
2676,90331,2025-10-17 23:30:00+00:00,90361,2025-10-20 15:30:00+00:00,BUY,4245.93,4309.91773272216,4213.936133638921,4309.91773272216,0.1,639.177327221593,6398.773272215931,1.993450571505188,TP,2025Q4,2025,30,2025-10-17 23:30:00+00:00,2025Q4,2025
2677,90398,2025-10-21 11:00:00+00:00,90398,2025-10-21 11:00:00+00:00,SELL,4298.47,4258.507238664273,4318.451380667864,4258.507238664273,0.1,398.9276133572701,3996.276133572701,1.9895269057288674,TP,2025Q4,2025,0,2025-10-21 11:00:00+00:00,2025Q4,2025
2678,90431,2025-10-22 04:30:00+00:00,90444,2025-10-22 11:00:00+00:00,BUY,4104.46,4066.0769937204454,4066.0769937204454,4181.226012559109,0.1,-384.5300627955459,-3838.3006279554593,-1.0,SL,2025Q4,2025,13,2025-10-22 04:30:00+00:00,2025Q4,2025
2679,90445,2025-10-22 11:30:00+00:00,90449,2025-10-22 13:30:00+00:00,SELL,4102.61,4032.2855445464947,4137.772227726752,4032.2855445464947,0.1,702.5445545350492,7032.4455453504925,1.9940395480629645,TP,2025Q4,2025,4,2025-10-22 11:30:00+00:00,2025Q4,2025
2680,90458,2025-10-22 18:00:00+00:00,90461,2025-10-22 19:30:00+00:00,SELL,4015.02,4054.64674901087,4054.64674901087,3935.76650197826,0.1,-396.9674901086984,-3962.6749010869844,-1.0,SL,2025Q4,2025,3,2025-10-22 18:00:00+00:00,2025Q4,2025
2681,90462,2025-10-22 20:00:00+00:00,90486,2025-10-23 09:00:00+00:00,BUY,4059.03,4134.519653581813,4021.285173209094,4134.519653581813,0.1,754.1965358181294,7548.9653581812945,1.9944466227186304,TP,2025Q4,2025,24,2025-10-22 20:00:00+00:00,2025Q4,2025
2682,90490,2025-10-23 11:00:00+00:00,90490,2025-10-23 11:00:00+00:00,SELL,4094.05,4116.876845651032,4116.876845651032,4048.396308697935,0.1,-228.9684565103227,-2282.684565103227,-1.0,SL,2025Q4,2025,0,2025-10-23 11:00:00+00:00,2025Q4,2025
2683,90493,2025-10-23 12:30:00+00:00,90532,2025-10-24 09:00:00+00:00,BUY,4121.61,4099.482556525029,4099.482556525029,4165.86488694994,0.1,-221.97443474970277,-2212.744347497028,-1.0,SL,2025Q4,2025,39,2025-10-23 12:30:00+00:00,2025Q4,2025
2684,90536,2025-10-24 11:00:00+00:00,90545,2025-10-24 15:30:00+00:00,SELL,4074.13,4091.7688200131674,4091.7688200131674,4038.852359973666,0.1,-177.08820013167332,-1763.8820013167333,-1.0,SL,2025Q4,2025,9,2025-10-24 11:00:00+00:00,2025Q4,2025
2685,90546,2025-10-24 16:00:00+00:00,90546,2025-10-24 16:00:00+00:00,BUY,4082.32,4120.667395750843,4063.1463021245786,4120.667395750843,0.1,382.7739575084268,3834.739575084268,1.9890873364693245,TP,2025Q4,2025,0,2025-10-24 16:00:00+00:00,2025Q4,2025
2686,90566,2025-10-27 02:00:00+00:00,90568,2025-10-27 03:00:00+00:00,SELL,4064.42,4086.6484504825075,4086.6484504825075,4019.9630990349856,0.1,-222.98450482507468,-2222.845048250747,-1.0,SL,2025Q4,2025,2,2025-10-27 02:00:00+00:00,2025Q4,2025
2687,90571,2025-10-27 04:30:00+00:00,90583,2025-10-27 10:30:00+00:00,SELL,4073.09,4030.56846785379,4094.350766073105,4030.56846785379,0.1,424.5153214621012,4252.153214621012,1.9901550652573714,TP,2025Q4,2025,12,2025-10-27 04:30:00+00:00,2025Q4,2025
2688,90617,2025-10-28 04:30:00+00:00,90623,2025-10-28 07:30:00+00:00,SELL,4000.64,3961.584246173299,4020.1678769133505,3961.584246173299,0.1,389.85753826700767,3905.5753826700766,1.9892845535805261,TP,2025Q4,2025,6,2025-10-28 04:30:00+00:00,2025Q4,2025
2689,90634,2025-10-28 13:00:00+00:00,90646,2025-10-28 19:00:00+00:00,BUY,3926.66,3969.63172824748,3905.1741358762597,3969.63172824748,0.1,429.01728247480315,4297.172824748031,1.9902578714175176,TP,2025Q4,2025,12,2025-10-28 13:00:00+00:00,2025Q4,2025
2690,90655,2025-10-29 00:30:00+00:00,90657,2025-10-29 01:30:00+00:00,SELL,3946.23,3965.921281971209,3965.921281971209,3906.8474360575824,0.1,-197.61281971208808,-1969.128197120881,-1.0,SL,2025Q4,2025,2,2025-10-29 00:30:00+00:00,2025Q4,2025
2691,90693,2025-10-29 19:30:00+00:00,90694,2025-10-29 20:00:00+00:00,SELL,3986.57,4002.1698249009314,4002.1698249009314,3955.3703501981377,0.1,-156.69824900931252,-1559.9824900931253,-1.0,SL,2025Q4,2025,1,2025-10-29 19:30:00+00:00,2025Q4,2025
2692,90695,2025-10-29 20:30:00+00:00,90695,2025-10-29 20:30:00+00:00,SELL,3980.9,3946.933975425945,3997.8830122870277,3946.933975425945,0.1,338.96024574055156,3396.6024574055155,1.9876854601131235,TP,2025Q4,2025,0,2025-10-29 20:30:00+00:00,2025Q4,2025
2693,90709,2025-10-30 04:30:00+00:00,90712,2025-10-30 06:00:00+00:00,SELL,3933.89,3956.5245345333647,3956.5245345333647,3888.62093093327,0.1,-227.04534533364784,-2263.4534533364786,-1.0,SL,2025Q4,2025,3,2025-10-30 04:30:00+00:00,2025Q4,2025
2694,90718,2025-10-30 09:00:00+00:00,90744,2025-10-30 22:00:00+00:00,BUY,3976.84,4025.6982042161817,3952.4108978919094,4025.6982042161817,0.1,487.8820421618155,4885.820421618155,1.9914282572857784,TP,2025Q4,2025,26,2025-10-30 09:00:00+00:00,2025Q4,2025
2695,90765,2025-10-31 09:30:00+00:00,90768,2025-10-31 11:00:00+00:00,BUY,4023.34,4005.907146229355,4005.907146229355,4058.205707541291,0.1,-175.02853770645123,-1743.2853770645124,-1.0,SL,2025Q4,2025,3,2025-10-31 09:30:00+00:00,2025Q4,2025
2696,90797,2025-11-03 03:30:00+00:00,90841,2025-11-04 02:30:00+00:00,BUY,3999.04,3978.9590538465914,3978.9590538465914,4039.201892306817,0.1,-201.50946153408603,-2008.0946153408604,-1.0,SL,2025Q4,2025,44,2025-11-03 03:30:00+00:00,2025Q4,2025
2697,90847,2025-11-04 05:30:00+00:00,90851,2025-11-04 07:30:00+00:00,BUY,3992.87,3978.6527829237357,3978.6527829237357,4021.304434152528,0.1,-142.87217076264204,-1421.7217076264205,-1.0,SL,2025Q4,2025,4,2025-11-04 05:30:00+00:00,2025Q4,2025
2698,90857,2025-11-04 10:30:00+00:00,90860,2025-11-04 12:00:00+00:00,BUY,3999.94,3986.6824000057018,3986.6824000057018,4026.455199988597,0.1,-133.27599994298288,-1325.759999429829,-1.0,SL,2025Q4,2025,3,2025-11-04 10:30:00+00:00,2025Q4,2025
2699,90896,2025-11-05 07:00:00+00:00,90906,2025-11-05 12:00:00+00:00,BUY,3970.43,3957.0590965547613,3957.0590965547613,3997.1718068904765,0.1,-134.4090344523858,-1337.0903445238582,-1.0,SL,2025Q4,2025,10,2025-11-05 07:00:00+00:00,2025Q4,2025
2700,90913,2025-11-05 15:30:00+00:00,90946,2025-11-06 09:00:00+00:00,BUY,3976.18,4002.5626063329732,3962.988696833513,4002.5626063329732,0.1,263.1260633297341,2638.260633297341,1.9841644522138142,TP,2025Q4,2025,33,2025-11-05 15:30:00+00:00,2025Q4,2025
2701,90949,2025-11-06 10:30:00+00:00,90952,2025-11-06 12:00:00+00:00,BUY,4015.91,4005.8651556091036,4005.8651556091036,4035.9996887817924,0.1,-101.14844390896288,-1004.4844390896287,-1.0,SL,2025Q4,2025,3,2025-11-06 10:30:00+00:00,2025Q4,2025
2702,90958,2025-11-06 15:00:00+00:00,90958,2025-11-06 15:00:00+00:00,SELL,4005.15,4014.5137917273337,4014.5137917273337,3986.4224165453334,0.1,-94.33791727333592,-936.3791727333592,-1.0,SL,2025Q4,2025,0,2025-11-06 15:00:00+00:00,2025Q4,2025
2703,90963,2025-11-06 17:30:00+00:00,90980,2025-11-07 03:00:00+00:00,SELL,3986.92,3998.9203278662108,3998.9203278662108,3962.919344267579,0.1,-120.70327866210683,-1200.0327866210682,-1.0,SL,2025Q4,2025,17,2025-11-06 17:30:00+00:00,2025Q4,2025
2704,91001,2025-11-07 13:30:00+00:00,91010,2025-11-07 18:00:00+00:00,SELL,3999.02,4008.9895858589243,4008.9895858589243,3979.0808282821513,0.1,-100.39585858924347,-996.9585858924347,-1.0,SL,2025Q4,2025,9,2025-11-07 13:30:00+00:00,2025Q4,2025
2705,91041,2025-11-10 10:30:00+00:00,91050,2025-11-10 15:00:00+00:00,BUY,4080.39,4103.098432208124,4069.0357838959376,4103.098432208124,0.1,226.38432208124124,2270.8432208124123,1.9816179947851493,TP,2025Q4,2025,9,2025-11-10 10:30:00+00:00,2025Q4,2025
2706,91089,2025-11-11 11:30:00+00:00,91095,2025-11-11 14:30:00+00:00,BUY,4143.93,4133.216910452671,4133.216910452671,4165.356179094659,0.1,-107.83089547329219,-1071.3089547329218,-1.0,SL,2025Q4,2025,6,2025-11-11 11:30:00+00:00,2025Q4,2025
2707,91122,2025-11-12 05:00:00+00:00,91127,2025-11-12 07:30:00+00:00,SELL,4123.95,4101.850112815517,4134.999943592241,4101.850112815517,0.1,220.29887184483124,2209.9887184483123,1.9811150121170025,TP,2025Q4,2025,5,2025-11-12 05:00:00+00:00,2025Q4,2025
2708,91141,2025-11-12 14:30:00+00:00,91142,2025-11-12 15:00:00+00:00,BUY,4136.37,4124.730076305212,4124.730076305212,4159.649847389575,0.1,-117.09923694788195,-1163.9923694788195,-1.0,SL,2025Q4,2025,1,2025-11-12 14:30:00+00:00,2025Q4,2025
2709,91177,2025-11-13 09:30:00+00:00,91187,2025-11-13 14:30:00+00:00,BUY,4216.67,4244.6877183475535,4202.661140826223,4244.6877183475535,0.1,279.47718347553456,2801.7718347553455,1.9850840187114633,TP,2025Q4,2025,10,2025-11-13 09:30:00+00:00,2025Q4,2025
2710,91199,2025-11-13 20:30:00+00:00,91199,2025-11-13 20:30:00+00:00,SELL,4190.34,4155.040155885131,4207.989922057434,4155.040155885131,0.1,352.29844114869303,3529.98441148693,1.9881489320710086,TP,2025Q4,2025,0,2025-11-13 20:30:00+00:00,2025Q4,2025
2711,91219,2025-11-14 07:30:00+00:00,91230,2025-11-14 13:00:00+00:00,SELL,4188.13,4155.016200142171,4204.6868999289145,4155.016200142171,0.1,330.4379985782878,3311.379985782878,1.9873698644426911,TP,2025Q4,2025,11,2025-11-14 07:30:00+00:00,2025Q4,2025
2712,91240,2025-11-14 18:00:00+00:00,91264,2025-11-17 07:00:00+00:00,BUY,4093.83,4066.637436858257,4066.637436858257,4148.215126283486,0.1,-272.62563141742993,-2719.2563141742994,-1.0,SL,2025Q4,2025,24,2025-11-14 18:00:00+00:00,2025Q4,2025
2713,91365,2025-11-19 11:30:00+00:00,91366,2025-11-19 12:00:00+00:00,BUY,4091.22,4117.33055954437,4078.1647202278145,4117.33055954437,0.1,260.40559544370063,2611.055954437006,1.9840003410483122,TP,2025Q4,2025,1,2025-11-19 11:30:00+00:00,2025Q4,2025
2714,91415,2025-11-20 13:30:00+00:00,91416,2025-11-20 14:00:00+00:00,SELL,4056.45,4074.1306798367223,4074.1306798367223,4021.0886403265554,0.1,-177.50679836722446,-1768.0679836722447,-1.0,SL,2025Q4,2025,1,2025-11-20 13:30:00+00:00,2025Q4,2025
2715,91424,2025-11-20 18:00:00+00:00,91452,2025-11-21 09:00:00+00:00,SELL,4070.1,4027.3227824213845,4091.488608789308,4027.3227824213845,0.1,427.07217578615365,4277.721757861536,1.9902137178573718,TP,2025Q4,2025,28,2025-11-20 18:00:00+00:00,2025Q4,2025
2716,91457,2025-11-21 11:30:00+00:00,91458,2025-11-21 12:00:00+00:00,BUY,4056.16,4037.285455133072,4037.285455133072,4093.9090897338556,0.1,-189.44544866927862,-1887.4544866927863,-1.0,SL,2025Q4,2025,1,2025-11-21 11:30:00+00:00,2025Q4,2025
2717,91459,2025-11-21 12:30:00+00:00,91463,2025-11-21 14:30:00+00:00,SELL,4032.43,4051.5385999107693,4051.5385999107693,3994.212800178461,0.1,-191.78599910769498,-1910.8599910769499,-1.0,SL,2025Q4,2025,4,2025-11-21 12:30:00+00:00,2025Q4,2025
2718,91466,2025-11-21 16:00:00+00:00,91469,2025-11-21 17:30:00+00:00,BUY,4079.85,4061.0445207038215,4061.0445207038215,4117.460958592357,0.1,-188.75479296178418,-1880.5479296178419,-1.0,SL,2025Q4,2025,3,2025-11-21 16:00:00+00:00,2025Q4,2025
2719,91483,2025-11-24 01:30:00+00:00,91486,2025-11-24 03:00:00+00:00,BUY,4070.62,4053.470248991474,4053.470248991474,4104.919502017052,0.1,-172.1975100852598,-1714.9751008525982,-1.0,SL,2025Q4,2025,3,2025-11-24 01:30:00+00:00,2025Q4,2025
2720,91487,2025-11-24 03:30:00+00:00,91502,2025-11-24 11:00:00+00:00,SELL,4055.19,4072.6699917626643,4072.6699917626643,4020.230016474671,0.1,-175.49991762664212,-1747.9991762664213,-1.0,SL,2025Q4,2025,15,2025-11-24 03:30:00+00:00,2025Q4,2025
2721,91542,2025-11-25 08:00:00+00:00,91543,2025-11-25 08:30:00+00:00,BUY,4151.08,4138.606384143177,4138.606384143177,4176.027231713647,0.1,-125.43615856823017,-1247.3615856823017,-1.0,SL,2025Q4,2025,1,2025-11-25 08:00:00+00:00,2025Q4,2025
2722,91563,2025-11-25 18:30:00+00:00,91664,2025-11-28 02:30:00+00:00,BUY,4140.66,4173.773333753437,4124.103333123281,4173.773333753437,0.1,330.43333753437474,3311.3333753437473,1.987369687408963,TP,2025Q4,2025,101,2025-11-25 18:30:00+00:00,2025Q4,2025
2723,91715,2025-12-01 07:00:00+00:00,91715,2025-12-01 07:00:00+00:00,BUY,4245.72,4232.486456741014,4232.486456741014,4272.187086517973,0.1,-133.03543258986173,-1323.3543258986174,-1.0,SL,2025Q4,2025,0,2025-12-01 07:00:00+00:00,2025Q4,2025
2724,91749,2025-12-02 01:00:00+00:00,91753,2025-12-02 03:00:00+00:00,SELL,4231.92,4204.855907018294,4245.452046490854,4204.855907018294,0.1,269.9409298170638,2706.409298170638,1.9845611467258168,TP,2025Q4,2025,4,2025-12-02 01:00:00+00:00,2025Q4,2025
2725,91770,2025-12-02 11:30:00+00:00,91775,2025-12-02 14:00:00+00:00,SELL,4194.31,4207.758971324361,4207.758971324361,4167.412057351281,0.1,-135.18971324360172,-1344.8971324360173,-1.0,SL,2025Q4,2025,5,2025-12-02 11:30:00+00:00,2025Q4,2025
2726,91780,2025-12-02 16:30:00+00:00,91781,2025-12-02 17:00:00+00:00,BUY,4227.77,4213.924546988438,4213.924546988438,4255.460906023125,0.1,-139.15453011562312,-1384.5453011562313,-1.0,SL,2025Q4,2025,1,2025-12-02 16:30:00+00:00,2025Q4,2025
2727,91782,2025-12-02 17:30:00+00:00,91792,2025-12-02 22:30:00+00:00,SELL,4187.91,4204.024956933438,4204.024956933438,4155.680086133122,0.1,-161.84956933438406,-1611.4956933438407,-1.0,SL,2025Q4,2025,10,2025-12-02 17:30:00+00:00,2025Q4,2025
2728,91793,2025-12-02 23:00:00+00:00,91817,2025-12-03 12:00:00+00:00,BUY,4210.17,4196.071898633024,4196.071898633024,4238.3662027339515,0.1,-141.6810136697615,-1409.8101366976152,-1.0,SL,2025Q4,2025,24,2025-12-02 23:00:00+00:00,2025Q4,2025
2729,91850,2025-12-04 05:30:00+00:00,91865,2025-12-04 13:00:00+00:00,SELL,4193.15,4205.210827829389,4205.210827829389,4169.028344341221,0.1,-121.30827829389382,-1206.0827829389382,-1.0,SL,2025Q4,2025,15,2025-12-04 05:30:00+00:00,2025Q4,2025
2730,91881,2025-12-04 21:00:00+00:00,91899,2025-12-05 07:00:00+00:00,SELL,4207.87,4219.493237805802,4219.493237805802,4184.623524388396,0.1,-116.93237805802092,-1162.3237805802091,-1.0,SL,2025Q4,2025,18,2025-12-04 21:00:00+00:00,2025Q4,2025
2731,91904,2025-12-05 09:30:00+00:00,91906,2025-12-05 10:30:00+00:00,BUY,4230.2,4221.520182130281,4221.520182130281,4247.559635739438,0.1,-87.49817869719045,-867.9817869719045,-1.0,SL,2025Q4,2025,2,2025-12-05 09:30:00+00:00,2025Q4,2025
2732,92121,2025-12-12 03:00:00+00:00,92132,2025-12-12 08:30:00+00:00,SELL,4269.41,4281.641380593667,4281.641380593667,4244.947238812665,0.1,-123.01380593667382,-1223.1380593667382,-1.0,SL,2025Q4,2025,11,2025-12-12 03:00:00+00:00,2025Q4,2025
2733,92217,2025-12-16 05:00:00+00:00,92238,2025-12-16 15:30:00+00:00,SELL,4289.53,4302.428005451279,4302.428005451279,4263.733989097441,0.1,-129.68005451279458,-1289.800545127946,-1.0,SL,2025Q4,2025,21,2025-12-16 05:00:00+00:00,2025Q4,2025
2734,92244,2025-12-16 18:30:00+00:00,92260,2025-12-17 03:30:00+00:00,SELL,4307.4,4321.922484912128,4321.922484912128,4278.355030175743,0.1,-145.92484912128674,-1452.2484912128675,-1.0,SL,2025Q4,2025,16,2025-12-16 18:30:00+00:00,2025Q4,2025
2735,92276,2025-12-17 11:30:00+00:00,92278,2025-12-17 12:30:00+00:00,BUY,4322.33,4311.297048174629,4311.297048174629,4344.395903650742,0.1,-111.02951825371129,-1103.2951825371129,-1.0,SL,2025Q4,2025,2,2025-12-17 11:30:00+00:00,2025Q4,2025
2736,92284,2025-12-17 15:30:00+00:00,92327,2025-12-18 14:00:00+00:00,BUY,4328.19,4317.375242574435,4317.375242574435,4349.819514851129,0.1,-108.84757425564494,-1081.4757425564494,-1.0,SL,2025Q4,2025,43,2025-12-17 15:30:00+00:00,2025Q4,2025
2737,92328,2025-12-18 14:30:00+00:00,92330,2025-12-18 15:30:00+00:00,SELL,4319.19,4327.003254006221,4327.003254006221,4303.563491987556,0.1,-78.83254006221541,-781.3254006221541,-1.0,SL,2025Q4,2025,2,2025-12-18 14:30:00+00:00,2025Q4,2025
2738,92338,2025-12-18 19:30:00+00:00,92379,2025-12-19 17:00:00+00:00,SELL,4327.76,4345.18236203213,4345.18236203213,4292.915275935739,0.1,-174.92362032129967,-1742.2362032129968,-1.0,SL,2025Q4,2025,41,2025-12-18 19:30:00+00:00,2025Q4,2025
2739,92401,2025-12-22 05:00:00+00:00,92406,2025-12-22 07:30:00+00:00,BUY,4386.11,4407.1255525452025,4375.602223727398,4407.1255525452025,0.1,209.4555254520281,2101.555254520281,1.9801470559985332,TP,2025Q4,2025,5,2025-12-22 05:00:00+00:00,2025Q4,2025
2740,92409,2025-12-22 09:00:00+00:00,92412,2025-12-22 10:30:00+00:00,BUY,4419.75,4408.4759243453955,4408.4759243453955,4442.298151309208,0.1,-113.44075654604531,-1127.407565460453,-1.0,SL,2025Q4,2025,3,2025-12-22 09:00:00+00:00,2025Q4,2025
2741,92447,2025-12-23 05:00:00+00:00,92450,2025-12-23 06:30:00+00:00,BUY,4493.48,4481.660292484964,4481.660292484964,4517.11941503007,0.1,-118.89707515035589,-1181.9707515035589,-1.0,SL,2025Q4,2025,3,2025-12-23 05:00:00+00:00,2025Q4,2025
2742,92451,2025-12-23 07:00:00+00:00,92464,2025-12-23 13:30:00+00:00,SELL,4482.48,4493.676387021994,4493.676387021994,4460.087225956011,0.1,-112.6638702199427,-1119.638702199427,-1.0,SL,2025Q4,2025,13,2025-12-23 07:00:00+00:00,2025Q4,2025
2743,92485,2025-12-24 01:00:00+00:00,92486,2025-12-24 01:30:00+00:00,SELL,4487.01,4500.259004665413,4500.259004665413,4460.511990669174,0.1,-133.1900466541294,-1324.900466541294,-1.0,SL,2025Q4,2025,1,2025-12-24 01:00:00+00:00,2025Q4,2025
2744,92503,2025-12-24 10:00:00+00:00,92507,2025-12-24 12:00:00+00:00,SELL,4483.66,4498.002626533127,4498.002626533127,4454.974746933745,0.1,-144.12626533127258,-1434.262653312726,-1.0,SL,2025Q4,2025,4,2025-12-24 10:00:00+00:00,2025Q4,2025
2745,92519,2025-12-24 18:00:00+00:00,92520,2025-12-24 18:30:00+00:00,SELL,4458.32,4474.277644838502,4474.277644838502,4426.404710322995,0.1,-160.27644838502346,-1595.7644838502347,-1.0,SL,2025Q4,2025,1,2025-12-24 18:00:00+00:00,2025Q4,2025
2746,92521,2025-12-24 19:00:00+00:00,92523,2025-12-26 08:00:00+00:00,BUY,4477.01,4508.972545690887,4461.028727154557,4508.972545690887,0.1,318.92545690887056,3196.2545690887055,1.9869169254038561,TP,2025Q4,2025,2,2025-12-24 19:00:00+00:00,2025Q4,2025
2747,92524,2025-12-26 08:30:00+00:00,92557,2025-12-29 02:00:00+00:00,BUY,4518.55,4500.8964808886885,4500.8964808886885,4553.8570382226235,0.1,-177.2351911131165,-1765.3519111311653,-1.0,SL,2025Q4,2025,33,2025-12-26 08:30:00+00:00,2025Q4,2025
2748,92558,2025-12-29 02:30:00+00:00,92558,2025-12-29 02:30:00+00:00,SELL,4486.78,4505.801306512955,4505.801306512955,4448.737386974089,0.1,-190.9130651295556,-1902.1306512955562,-1.0,SL,2025Q4,2025,0,2025-12-29 02:30:00+00:00,2025Q4,2025
2749,92604,2025-12-30 02:30:00+00:00,92605,2025-12-30 03:00:00+00:00,BUY,4349.29,4328.592665627117,4328.592665627117,4390.684668745766,0.1,-207.67334372883232,-2069.7334372883233,-1.0,SL,2025Q4,2025,1,2025-12-30 02:30:00+00:00,2025Q4,2025
2750,92624,2025-12-30 12:30:00+00:00,92632,2025-12-30 16:30:00+00:00,BUY,4381.85,4363.9447141330675,4363.9447141330675,4417.660571733866,0.1,-179.752858669329,-1790.52858669329,-1.0,SL,2025Q4,2025,8,2025-12-30 12:30:00+00:00,2025Q4,2025
2751,92633,2025-12-30 17:00:00+00:00,92660,2025-12-31 07:30:00+00:00,SELL,4365.64,4328.260718287747,4384.329640856127,4328.260718287747,0.1,373.09281712253033,3737.9281712253032,1.9888057558451435,TP,2025Q4,2025,27,2025-12-30 17:00:00+00:00,2025Q4,2025
2752,92703,2026-01-02 17:00:00+00:00,92705,2026-01-02 18:00:00+00:00,SELL,4353.34,4318.902449538492,4370.558775230754,4318.902449538492,0.1,343.6755046150818,3443.755046150818,1.987853390584572,TP,2026Q1,2026,2,2026-01-02 17:00:00+00:00,2026Q1,2026
2753,92706,2026-01-02 18:30:00+00:00,92717,2026-01-05 01:00:00+00:00,SELL,4321.47,4350.95,4340.562670073603,4283.284659852794,0.1,-295.4999999999956,-2947.9999999999563,-1.5420606776873875,SL_GAP_OPEN_PESSIMISTIC,2026Q1,2026,11,2026-01-02 18:30:00+00:00,2026Q1,2026
2754,92789,2026-01-06 14:00:00+00:00,92795,2026-01-06 17:00:00+00:00,BUY,4463.39,4490.41709853419,4449.876450732906,4490.41709853419,0.1,269.57098534189464,2702.7098534189463,1.9845401230657878,TP,2026Q1,2026,6,2026-01-06 14:00:00+00:00,2026Q1,2026
2755,92820,2026-01-07 06:30:00+00:00,92835,2026-01-07 14:00:00+00:00,SELL,4466.0,4440.405648174756,4478.797175912622,4440.405648174756,0.1,255.24351825244304,2559.4351825244303,1.983679402424739,TP,2026Q1,2026,15,2026-01-07 06:30:00+00:00,2026Q1,2026
2756,92847,2026-01-07 20:00:00+00:00,92868,2026-01-08 07:30:00+00:00,SELL,4451.56,4420.60335483379,4467.038322583106,4420.60335483379,0.1,308.86645166210366,3095.6645166210365,1.986493719893091,TP,2026Q1,2026,21,2026-01-07 20:00:00+00:00,2026Q1,2026
2757,92878,2026-01-08 12:30:00+00:00,92886,2026-01-08 16:30:00+00:00,SELL,4424.47,4436.654604974888,4436.654604974888,4400.100790050225,0.1,-122.54604974887407,-1218.4604974887407,-1.0,SL,2026Q1,2026,8,2026-01-08 12:30:00+00:00,2026Q1,2026
2758,92894,2026-01-08 20:30:00+00:00,92897,2026-01-08 22:00:00+00:00,SELL,4451.94,4466.417895007197,4466.417895007197,4422.984209985604,0.1,-145.4789500719773,-1447.789500719773,-1.0,SL,2026Q1,2026,3,2026-01-08 20:30:00+00:00,2026Q1,2026
2759,92967,2026-01-12 11:00:00+00:00,92973,2026-01-12 14:00:00+00:00,BUY,4596.87,4580.870140584893,4580.870140584893,4628.869718830212,0.1,-160.69859415106583,-1599.9859415106584,-1.0,SL,2026Q1,2026,6,2026-01-12 11:00:00+00:00,2026Q1,2026
2760,92980,2026-01-12 17:30:00+00:00,92985,2026-01-12 20:00:00+00:00,BUY,4619.69,4601.124955270462,4601.124955270462,4656.820089459075,0.1,-186.35044729537475,-1856.5044729537476,-1.0,SL,2026Q1,2026,5,2026-01-12 17:30:00+00:00,2026Q1,2026
2761,93028,2026-01-13 18:30:00+00:00,93043,2026-01-14 03:00:00+00:00,SELL,4598.35,4616.518801492307,4616.518801492307,4562.012397015387,0.1,-182.38801492306555,-1816.8801492306557,-1.0,SL,2026Q1,2026,15,2026-01-13 18:30:00+00:00,2026Q1,2026
2762,93044,2026-01-14 03:30:00+00:00,93071,2026-01-14 17:00:00+00:00,BUY,4614.61,4599.494229375899,4599.494229375899,4644.841541248203,0.1,-151.8577062410106,-1511.577062410106,-1.0,SL,2026Q1,2026,27,2026-01-14 03:30:00+00:00,2026Q1,2026
2763,93107,2026-01-15 12:00:00+00:00,93114,2026-01-15 15:30:00+00:00,BUY,4612.68,4597.501053356816,4597.501053356816,4643.03789328637,0.1,-152.48946643184644,-1517.8946643184645,-1.0,SL,2026Q1,2026,7,2026-01-15 12:00:00+00:00,2026Q1,2026
2764,93178,2026-01-19 01:30:00+00:00,93183,2026-01-19 04:00:00+00:00,BUY,4678.68,4655.22218880711,4655.22218880711,4725.59562238578,0.1,-235.27811192890402,-2345.7811192890404,-1.0,SL,2026Q1,2026,5,2026-01-19 01:30:00+00:00,2026Q1,2026
2765,93193,2026-01-19 09:00:00+00:00,93196,2026-01-19 10:30:00+00:00,BUY,4678.01,4661.589254008528,4661.589254008528,4710.851491982945,0.1,-164.90745991472357,-1642.0745991472359,-1.0,SL,2026Q1,2026,3,2026-01-19 09:00:00+00:00,2026Q1,2026
2766,93207,2026-01-19 16:00:00+00:00,93214,2026-01-19 19:30:00+00:00,SELL,4665.98,4678.203687066538,4678.203687066538,4641.532625866922,0.1,-122.93687066538332,-1222.3687066538332,-1.0,SL,2026Q1,2026,7,2026-01-19 16:00:00+00:00,2026Q1,2026
2767,93218,2026-01-20 01:00:00+00:00,93228,2026-01-20 06:00:00+00:00,SELL,4672.16,4681.926096199561,4681.926096199561,4652.627807600878,0.1,-98.36096199560707,-976.6096199560707,-1.0,SL,2026Q1,2026,10,2026-01-20 01:00:00+00:00,2026Q1,2026
2768,93261,2026-01-20 22:30:00+00:00,93264,2026-01-21 01:00:00+00:00,SELL,4750.3,4765.308001452746,4765.308001452746,4720.283997094509,0.1,-150.780014527457,-1500.8001452745702,-1.0,SL,2026Q1,2026,3,2026-01-20 22:30:00+00:00,2026Q1,2026
2769,93268,2026-01-21 03:00:00+00:00,93268,2026-01-21 03:00:00+00:00,BUY,4784.72,4813.182446627211,4770.488776686395,4813.182446627211,0.1,283.9244662721074,2846.244662721074,1.9853159414831167,TP,2026Q1,2026,0,2026-01-21 03:00:00+00:00,2026Q1,2026
2770,93297,2026-01-21 17:30:00+00:00,93305,2026-01-21 21:30:00+00:00,SELL,4831.13,4779.617738692991,4856.886130653505,4779.617738692991,0.1,514.4226130700888,5151.2261307008885,1.9918687006266071,TP,2026Q1,2026,8,2026-01-21 17:30:00+00:00,2026Q1,2026
2771,93308,2026-01-21 23:00:00+00:00,93310,2026-01-22 01:00:00+00:00,BUY,4826.66,4792.883391893795,4792.883391893795,4894.213216212409,0.1,-338.4660810620455,-3377.660810620455,-1.0,SL,2026Q1,2026,2,2026-01-21 23:00:00+00:00,2026Q1,2026
2772,93327,2026-01-22 09:30:00+00:00,93331,2026-01-22 11:30:00+00:00,BUY,4837.11,4814.992622162742,4814.992622162742,4881.344755674515,0.1,-221.87377837257662,-2211.7377837257663,-1.0,SL,2026Q1,2026,4,2026-01-22 09:30:00+00:00,2026Q1,2026
2773,93356,2026-01-23 01:00:00+00:00,93374,2026-01-23 10:00:00+00:00,BUY,4937.26,4918.491331656341,4918.491331656341,4974.79733668732,0.1,-188.38668343659555,-1876.8668343659556,-1.0,SL,2026Q1,2026,18,2026-01-23 01:00:00+00:00,2026Q1,2026
2774,93383,2026-01-23 14:30:00+00:00,93390,2026-01-23 18:00:00+00:00,BUY,4934.31,4972.794901079262,4915.067549460369,4972.794901079262,0.1,384.14901079261364,3848.4901079261363,1.989126185743753,TP,2026Q1,2026,7,2026-01-23 14:30:00+00:00,2026Q1,2026
2775,93394,2026-01-23 20:00:00+00:00,93397,2026-01-23 21:30:00+00:00,SELL,4965.43,4986.6972479826045,4986.6972479826045,4922.895504034793,0.1,-213.37247982604202,-2126.7247982604204,-1.0,SL,2026Q1,2026,3,2026-01-23 20:00:00+00:00,2026Q1,2026
2776,93398,2026-01-23 22:00:00+00:00,93402,2026-01-26 01:00:00+00:00,BUY,4984.14,5026.601327032025,4962.909336483987,5026.601327032025,0.1,423.9132703202511,4246.132703202511,1.9901411521832155,TP,2026Q1,2026,4,2026-01-23 22:00:00+00:00,2026Q1,2026
2777,93502,2026-01-28 05:00:00+00:00,93511,2026-01-28 09:30:00+00:00,BUY,5231.91,5286.389848598581,5204.670075700709,5286.389848598581,0.1,544.0984859858115,5447.984859858116,1.9923104876564797,TP,2026Q1,2026,9,2026-01-28 05:00:00+00:00,2026Q1,2026
2778,93536,2026-01-28 22:00:00+00:00,93538,2026-01-28 23:00:00+00:00,BUY,5325.38,5393.429421923972,5291.355289038014,5393.429421923972,0.1,679.7942192397174,6804.942192397175,1.993840686896154,TP,2026Q1,2026,2,2026-01-28 22:00:00+00:00,2026Q1,2026
2779,93559,2026-01-29 10:30:00+00:00,93572,2026-01-29 17:00:00+00:00,SELL,5530.09,5442.68474970848,5573.79262514576,5442.68474970848,0.1,873.3525029152013,8740.525029152013,1.9952024810186568,TP,2026Q1,2026,13,2026-01-29 10:30:00+00:00,2026Q1,2026
2780,93637,2026-02-02 03:30:00+00:00,93646,2026-02-02 08:00:00+00:00,SELL,4697.1,4448.740134426164,4821.279932786918,4448.740134426164,0.1,2482.8986557383605,24835.986557383603,1.9983098582406542,TP,2026Q1,2026,9,2026-02-02 03:30:00+00:00,2026Q1,2026
2781,93679,2026-02-03 01:30:00+00:00,93694,2026-02-03 09:00:00+00:00,BUY,4738.19,4896.057795955674,4659.256102022162,4896.057795955674,0.1,1577.977959556744,15786.779595567441,1.9973419033063429,TP,2026Q1,2026,15,2026-02-03 01:30:00+00:00,2026Q1,2026
2782,93713,2026-02-03 18:30:00+00:00,93714,2026-02-03 19:00:00+00:00,BUY,4973.27,4925.681876994517,4925.681876994517,5068.446246010967,0.1,-476.58123005483793,-4758.812300548379,-1.0,SL,2026Q1,2026,1,2026-02-03 18:30:00+00:00,2026Q1,2026
2783,93727,2026-02-04 02:30:00+00:00,93736,2026-02-04 07:00:00+00:00,BUY,4981.6,5081.101813206059,4931.849093396971,5081.101813206059,0.1,994.3181320605861,9950.181320605861,1.9957849020758658,TP,2026Q1,2026,9,2026-02-04 02:30:00+00:00,2026Q1,2026
2784,93741,2026-02-04 09:30:00+00:00,93745,2026-02-04 11:30:00+00:00,BUY,5089.55,5050.553100238099,5050.553100238099,5167.543799523802,0.1,-390.6689976190075,-3899.689976190075,-1.0,SL,2026Q1,2026,4,2026-02-04 09:30:00+00:00,2026Q1,2026
2785,93749,2026-02-04 13:30:00+00:00,93751,2026-02-04 14:30:00+00:00,SELL,5023.8,5059.275518524006,5059.275518524006,4952.848962951989,0.1,-355.45518524005564,-3547.5518524005565,-1.0,SL,2026Q1,2026,2,2026-02-04 13:30:00+00:00,2026Q1,2026
2786,93816,2026-02-06 01:00:00+00:00,93818,2026-02-06 02:00:00+00:00,SELL,4790.02,4694.946659757579,4837.556670121211,4694.946659757579,0.1,950.0334024242118,9507.334024242118,1.9955888534218982,TP,2026Q1,2026,2,2026-02-06 01:00:00+00:00,2026Q1,2026
2787,93835,2026-02-06 10:30:00+00:00,93854,2026-02-06 20:00:00+00:00,BUY,4867.64,4970.7656319229745,4816.077184038513,4970.7656319229745,0.1,1030.556319229742,10312.56319229742,1.9959328191560062,TP,2026Q1,2026,19,2026-02-06 10:30:00+00:00,2026Q1,2026
2788,93879,2026-02-09 09:30:00+00:00,93882,2026-02-09 11:00:00+00:00,SELL,5008.28,5040.324668730986,5040.324668730986,4944.190662538028,0.1,-321.14668730985903,-3204.4668730985904,-1.0,SL,2026Q1,2026,3,2026-02-09 09:30:00+00:00,2026Q1,2026
2789,93909,2026-02-10 01:30:00+00:00,93914,2026-02-10 04:00:00+00:00,SELL,5023.37,5053.037625610818,5053.037625610818,4964.034748778363,0.1,-297.37625610818503,-2966.7625610818504,-1.0,SL,2026Q1,2026,5,2026-02-10 01:30:00+00:00,2026Q1,2026
2790,93915,2026-02-10 04:30:00+00:00,93916,2026-02-10 05:00:00+00:00,BUY,5047.34,5017.366894217727,5017.366894217727,5107.286211564545,0.1,-300.43105782272795,-2997.3105782272796,-1.0,SL,2026Q1,2026,1,2026-02-10 04:30:00+00:00,2026Q1,2026
2791,93917,2026-02-10 05:30:00+00:00,93927,2026-02-10 10:30:00+00:00,SELL,5021.51,5050.785471312266,5050.785471312266,4962.9590573754695,0.1,-293.45471312265835,-2927.5471312265836,-1.0,SL,2026Q1,2026,10,2026-02-10 05:30:00+00:00,2026Q1,2026
2792,93938,2026-02-10 16:00:00+00:00,93939,2026-02-10 16:30:00+00:00,BUY,5051.15,5028.02504806086,5028.02504806086,5097.399903878279,0.1,-231.94951939139463,-2312.4951939139464,-1.0,SL,2026Q1,2026,1,2026-02-10 16:00:00+00:00,2026Q1,2026
2793,93966,2026-02-11 07:00:00+00:00,93970,2026-02-11 09:00:00+00:00,SELL,5046.23,5066.345302157045,5066.345302157045,5005.999395685908,0.1,-201.85302157045334,-2011.5302157045335,-1.0,SL,2026Q1,2026,4,2026-02-11 07:00:00+00:00,2026Q1,2026
2794,94039,2026-02-12 20:30:00+00:00,94050,2026-02-13 03:00:00+00:00,SELL,4928.51,4971.84962397707,4971.84962397707,4841.83075204586,0.1,-434.09623977070004,-4333.9623977070005,-1.0,SL,2026Q1,2026,11,2026-02-12 20:30:00+00:00,2026Q1,2026
2795,94051,2026-02-13 03:30:00+00:00,94086,2026-02-13 21:00:00+00:00,BUY,4969.94,5044.717363193685,4932.551318403157,5044.717363193685,0.1,747.0736319368523,7477.736319368523,1.994393822979138,TP,2026Q1,2026,35,2026-02-13 03:30:00+00:00,2026Q1,2026
2796,94136,2026-02-17 02:30:00+00:00,94136,2026-02-17 02:30:00+00:00,SELL,4973.43,4944.934130132926,4987.6779349335375,4944.934130132926,0.1,284.2586986707436,2849.586986707436,1.9853330804354956,TP,2026Q1,2026,0,2026-02-17 02:30:00+00:00,2026Q1,2026
2797,94146,2026-02-17 07:30:00+00:00,94151,2026-02-17 10:00:00+00:00,SELL,4900.58,4922.776394289126,4922.776394289126,4856.187211421748,0.1,-222.66394289126146,-2219.6394289126147,-1.0,SL,2026Q1,2026,5,2026-02-17 07:30:00+00:00,2026Q1,2026
2798,94160,2026-02-17 14:30:00+00:00,94161,2026-02-17 15:00:00+00:00,BUY,4943.01,4921.7561867986715,4921.7561867986715,4985.517626402658,0.1,-213.23813201328738,-2125.381320132874,-1.0,SL,2026Q1,2026,1,2026-02-17 14:30:00+00:00,2026Q1,2026
2799,94162,2026-02-17 15:30:00+00:00,94162,2026-02-17 15:30:00+00:00,SELL,4919.56,4876.423704785465,4941.128147607268,4876.423704785465,0.1,430.66295214535495,4313.629521453549,1.9902949178547307,TP,2026Q1,2026,0,2026-02-17 15:30:00+00:00,2026Q1,2026
2800,94172,2026-02-17 20:30:00+00:00,94180,2026-02-18 01:30:00+00:00,BUY,4887.09,4857.315905217567,4857.315905217567,4946.638189564867,0.1,-298.44094782433166,-2977.4094782433167,-1.0,SL,2026Q1,2026,8,2026-02-17 20:30:00+00:00,2026Q1,2026
2801,94211,2026-02-18 17:00:00+00:00,94225,2026-02-19 01:00:00+00:00,BUY,4991.65,4972.183278931631,4972.183278931631,5030.583442136736,0.1,-195.36721068368314,-1946.6721068368315,-1.0,SL,2026Q1,2026,14,2026-02-18 17:00:00+00:00,2026Q1,2026
2802,94263,2026-02-19 20:00:00+00:00,94271,2026-02-20 01:00:00+00:00,SELL,4984.93,5005.368549547338,5005.368549547338,4944.052900905323,0.1,-205.0854954733797,-2043.854954733797,-1.0,SL,2026Q1,2026,8,2026-02-19 20:00:00+00:00,2026Q1,2026
2803,94297,2026-02-20 14:00:00+00:00,94300,2026-02-20 15:30:00+00:00,SELL,5017.14,5033.26081253209,5033.26081253209,4984.898374935821,0.1,-161.90812532089984,-1612.0812532089985,-1.0,SL,2026Q1,2026,3,2026-02-20 14:00:00+00:00,2026Q1,2026
2804,94303,2026-02-20 17:00:00+00:00,94303,2026-02-20 17:00:00+00:00,BUY,5054.32,5036.124520940307,5036.124520940307,5090.710958119385,0.1,-182.65479059692842,-1819.5479059692843,-1.0,SL,2026Q1,2026,0,2026-02-20 17:00:00+00:00,2026Q1,2026
2805,94325,2026-02-23 05:00:00+00:00,94332,2026-02-23 08:30:00+00:00,BUY,5173.74,5149.8278335246105,5149.8278335246105,5221.564332950778,0.1,-239.82166475389312,-2391.2166475389313,-1.0,SL,2026Q1,2026,7,2026-02-23 05:00:00+00:00,2026Q1,2026
2806,94368,2026-02-24 03:30:00+00:00,94370,2026-02-24 04:30:00+00:00,SELL,5165.22,5190.0368802622,5190.0368802622,5115.586239475601,0.1,-248.86880262199446,-2481.6880262199447,-1.0,SL,2026Q1,2026,2,2026-02-24 03:30:00+00:00,2026Q1,2026
2807,94393,2026-02-24 16:00:00+00:00,94394,2026-02-24 16:30:00+00:00,SELL,5114.79,5136.275263025615,5136.275263025615,5071.81947394877,0.1,-215.55263025614585,-2148.5263025614586,-1.0,SL,2026Q1,2026,1,2026-02-24 16:00:00+00:00,2026Q1,2026
2808,94406,2026-02-24 22:30:00+00:00,94408,2026-02-24 23:30:00+00:00,BUY,5168.66,5147.135912364472,5147.135912364472,5211.708175271057,0.1,-215.94087635528302,-2152.4087635528304,-1.0,SL,2026Q1,2026,2,2026-02-24 22:30:00+00:00,2026Q1,2026
2809,94422,2026-02-25 07:30:00+00:00,94431,2026-02-25 12:00:00+00:00,BUY,5195.53,5175.132686218973,5175.132686218973,5236.324627562053,0.1,-204.6731378102715,-2039.731378102715,-1.0,SL,2026Q1,2026,9,2026-02-25 07:30:00+00:00,2026Q1,2026
2810,94440,2026-02-25 16:30:00+00:00,94441,2026-02-25 17:00:00+00:00,SELL,5177.55,5194.766733526634,5194.766733526634,5143.116532946732,0.1,-172.86733526634015,-1721.6733526634016,-1.0,SL,2026Q1,2026,1,2026-02-25 16:30:00+00:00,2026Q1,2026
2811,94449,2026-02-25 21:00:00+00:00,94452,2026-02-25 22:30:00+00:00,SELL,5201.92,5166.37553313464,5219.69223343268,5166.37553313464,0.1,354.7446686535994,3554.4466865359936,1.988230173044628,TP,2026Q1,2026,3,2026-02-25 21:00:00+00:00,2026Q1,2026
2812,94458,2026-02-26 02:30:00+00:00,94480,2026-02-26 13:30:00+00:00,BUY,5185.44,5162.749718728328,5162.749718728328,5230.820562543342,0.1,-227.60281271671664,-2269.0281271671665,-1.0,SL,2026Q1,2026,22,2026-02-26 02:30:00+00:00,2026Q1,2026
2813,94481,2026-02-26 14:00:00+00:00,94482,2026-02-26 14:30:00+00:00,SELL,5164.66,5180.528498137153,5180.528498137153,5132.923003725693,0.1,-159.38498137153437,-1586.8498137153438,-1.0,SL,2026Q1,2026,1,2026-02-26 14:00:00+00:00,2026Q1,2026
2814,94517,2026-02-27 09:00:00+00:00,94529,2026-02-27 15:00:00+00:00,SELL,5185.51,5201.340948049646,5201.340948049646,5153.84810390071,0.1,-159.00948049645484,-1583.0948049645485,-1.0,SL,2026Q1,2026,12,2026-02-27 09:00:00+00:00,2026Q1,2026
2815,94544,2026-02-27 22:30:00+00:00,94547,2026-03-02 01:00:00+00:00,BUY,5257.16,5295.936429514493,5237.771785242753,5295.936429514493,0.1,387.0642951449343,3877.642951449343,1.989207643012482,TP,2026Q1,2026,3,2026-02-27 22:30:00+00:00,2026Q1,2026
2816,94555,2026-03-02 05:00:00+00:00,94563,2026-03-02 09:00:00+00:00,BUY,5346.78,5410.183144077272,5315.078427961364,5410.183144077272,0.1,633.3314407727237,6340.314407727237,1.993390317616496,TP,2026Q1,2026,8,2026-03-02 05:00:00+00:00,2026Q1,2026
2817,94593,2026-03-03 01:00:00+00:00,94595,2026-03-03 02:00:00+00:00,SELL,5322.98,5351.820257260294,5351.820257260294,5265.299485479411,0.1,-289.1025726029449,-2884.0257260294493,-1.0,SL,2026Q1,2026,2,2026-03-03 01:00:00+00:00,2026Q1,2026
2818,94596,2026-03-03 02:30:00+00:00,94606,2026-03-03 07:30:00+00:00,BUY,5358.29,5329.910182142541,5329.910182142541,5415.049635714918,0.1,-284.49817857458874,-2837.9817857458875,-1.0,SL,2026Q1,2026,10,2026-03-03 02:30:00+00:00,2026Q1,2026
2819,94676,2026-03-04 19:30:00+00:00,94686,2026-03-05 01:30:00+00:00,SELL,5133.53,5165.422024107098,5165.422024107098,5069.745951785804,0.1,-319.6202410709822,-3189.2024107098223,-1.0,SL,2026Q1,2026,10,2026-03-04 19:30:00+00:00,2026Q1,2026
2820,94699,2026-03-05 08:00:00+00:00,94701,2026-03-05 09:00:00+00:00,SELL,5148.47,5169.910679730777,5169.910679730777,5105.588640538446,0.1,-215.10679730776536,-2144.0679730776537,-1.0,SL,2026Q1,2026,2,2026-03-05 08:00:00+00:00,2026Q1,2026
2821,94771,2026-03-06 21:00:00+00:00,94777,2026-03-09 00:00:00+00:00,BUY,5161.21,5132.7520821307,5132.7520821307,5218.1258357386,0.1,-285.27917869300217,-2845.7917869300218,-1.0,SL,2026Q1,2026,6,2026-03-06 21:00:00+00:00,2026Q1,2026
2822,94803,2026-03-09 13:00:00+00:00,94818,2026-03-09 20:30:00+00:00,SELL,5087.04,5118.099898275763,5118.099898275763,5024.920203448475,0.1,-311.2989827576286,-3105.989827576286,-1.0,SL,2026Q1,2026,15,2026-03-09 13:00:00+00:00,2026Q1,2026
2823,94838,2026-03-10 07:30:00+00:00,94853,2026-03-10 15:00:00+00:00,BUY,5171.61,5215.922375985788,5149.453812007106,5215.922375985788,0.1,442.42375985788095,4431.237598578809,1.9905516861430699,TP,2026Q1,2026,15,2026-03-10 07:30:00+00:00,2026Q1,2026
2824,94858,2026-03-10 17:30:00+00:00,94863,2026-03-10 20:00:00+00:00,BUY,5225.82,5203.118058781617,5203.118058781617,5271.223882436765,0.1,-227.7194121838267,-2270.194121838267,-1.0,SL,2026Q1,2026,5,2026-03-10 17:30:00+00:00,2026Q1,2026
2825,94864,2026-03-10 20:30:00+00:00,94900,2026-03-11 15:30:00+00:00,SELL,5202.86,5153.915217289521,5227.3323913552385,5153.915217289521,0.1,488.7478271047865,4894.478271047865,1.991443376606646,TP,2026Q1,2026,36,2026-03-10 20:30:00+00:00,2026Q1,2026
2826,94916,2026-03-12 00:30:00+00:00,94916,2026-03-12 00:30:00+00:00,SELL,5169.93,5137.291177586972,5186.249411206514,5137.291177586972,0.1,325.6882241302872,3263.882241302872,1.987186849036064,TP,2026Q1,2026,0,2026-03-12 00:30:00+00:00,2026Q1,2026
2827,94929,2026-03-12 07:00:00+00:00,94932,2026-03-12 08:30:00+00:00,SELL,5142.42,5160.625742844786,5160.625742844786,5106.008514310429,0.1,-182.75742844786072,-1820.5742844786073,-1.0,SL,2026Q1,2026,3,2026-03-12 07:00:00+00:00,2026Q1,2026
2828,94949,2026-03-12 17:00:00+00:00,94954,2026-03-12 19:30:00+00:00,SELL,5142.63,5106.732802428924,5160.578598785538,5106.732802428924,0.1,358.27197571076505,3589.7197571076504,1.9883453756588643,TP,2026Q1,2026,5,2026-03-12 17:00:00+00:00,2026Q1,2026
2829,94989,2026-03-13 14:00:00+00:00,94993,2026-03-13 16:00:00+00:00,BUY,5107.75,5090.168602914042,5090.168602914042,5142.912794171916,0.1,-176.51397085958087,-1758.1397085958088,-1.0,SL,2026Q1,2026,4,2026-03-13 14:00:00+00:00,2026Q1,2026
2830,95010,2026-03-16 01:30:00+00:00,95011,2026-03-16 02:00:00+00:00,SELL,4989.67,5017.10270790752,5017.10270790752,4934.80458418496,0.1,-275.02707907520124,-2743.2707907520125,-1.0,SL,2026Q1,2026,1,2026-03-16 01:30:00+00:00,2026Q1,2026
2831,95019,2026-03-16 06:00:00+00:00,95026,2026-03-16 09:30:00+00:00,BUY,5019.22,4992.409702764833,4992.409702764833,5072.840594470334,0.1,-268.80297235167126,-2681.0297235167127,-1.0,SL,2026Q1,2026,7,2026-03-16 06:00:00+00:00,2026Q1,2026
2832,95064,2026-03-17 05:30:00+00:00,95069,2026-03-17 08:00:00+00:00,BUY,5032.64,5015.2595970246175,5015.2595970246175,5067.400805950766,0.1,-174.5040297538282,-1738.0402975382822,-1.0,SL,2026Q1,2026,5,2026-03-17 05:30:00+00:00,2026Q1,2026
2833,95165,2026-03-19 10:00:00+00:00,95170,2026-03-19 12:30:00+00:00,SELL,4727.55,4669.697575878154,4756.476212060923,4669.697575878154,0.1,577.8242412184652,5785.2424121846525,1.9927576747073765,TP,2026Q1,2026,5,2026-03-19 10:00:00+00:00,2026Q1,2026
2834,95173,2026-03-19 14:00:00+00:00,95174,2026-03-19 14:30:00+00:00,SELL,4651.65,4579.284244391861,4687.832877804069,4579.284244391861,0.1,722.9575560813889,7236.57556081389,1.9942073564163911,TP,2026Q1,2026,1,2026-03-19 14:00:00+00:00,2026Q1,2026
2835,95211,2026-03-20 10:00:00+00:00,95214,2026-03-20 11:30:00+00:00,BUY,4706.4,4674.71173613049,4674.71173613049,4769.776527739019,0.1,-317.5826386950968,-3168.8263869509683,-1.0,SL,2026Q1,2026,3,2026-03-20 10:00:00+00:00,2026Q1,2026
2836,95228,2026-03-20 18:30:00+00:00,95231,2026-03-20 20:00:00+00:00,BUY,4584.88,4542.498440695544,4542.498440695544,4669.643118608912,0.1,-424.5155930445646,-4238.155930445646,-1.0,SL,2026Q1,2026,3,2026-03-20 18:30:00+00:00,2026Q1,2026
2837,95238,2026-03-23 00:30:00+00:00,95240,2026-03-23 01:30:00+00:00,BUY,4523.76,4478.217082686059,4478.217082686059,4614.845834627882,0.1,-456.1291731394096,-4554.291731394096,-1.0,SL,2026Q1,2026,2,2026-03-23 00:30:00+00:00,2026Q1,2026
2838,95247,2026-03-23 05:00:00+00:00,95254,2026-03-23 08:30:00+00:00,SELL,4360.39,4236.294268365883,4422.437865817059,4236.294268365883,0.1,1240.2573163411732,12409.573163411733,1.9966193300874424,TP,2026Q1,2026,7,2026-03-23 05:00:00+00:00,2026Q1,2026
2839,95313,2026-03-24 15:00:00+00:00,95316,2026-03-24 16:30:00+00:00,SELL,4378.97,4425.654811267723,4425.654811267723,4285.600377464554,0.1,-467.5481126772258,-4668.481126772258,-1.0,SL,2026Q1,2026,3,2026-03-24 15:00:00+00:00,2026Q1,2026
2840,95328,2026-03-24 22:30:00+00:00,95332,2026-03-25 01:30:00+00:00,BUY,4455.66,4541.985754370698,4412.4971228146505,4541.985754370698,0.1,862.5575437069772,8632.575437069772,1.9951425856044558,TP,2026Q1,2026,4,2026-03-24 22:30:00+00:00,2026Q1,2026
2841,95344,2026-03-25 07:30:00+00:00,95356,2026-03-25 13:30:00+00:00,SELL,4554.4,4585.095059670353,4585.095059670353,4493.009880659292,0.1,-307.65059670353656,-3069.5059670353658,-1.0,SL,2026Q1,2026,12,2026-03-25 07:30:00+00:00,2026Q1,2026
2842,95385,2026-03-26 05:00:00+00:00,95390,2026-03-26 07:30:00+00:00,SELL,4508.86,4451.247246996675,4537.666376501662,4451.247246996675,0.1,575.4275300332454,5761.275300332454,1.9927276194093149,TP,2026Q1,2026,5,2026-03-26 05:00:00+00:00,2026Q1,2026
2843,95406,2026-03-26 15:30:00+00:00,95411,2026-03-26 18:00:00+00:00,BUY,4447.99,4416.941423966909,4416.941423966909,4510.087152066181,0.1,-311.18576033091193,-3104.8576033091194,-1.0,SL,2026Q1,2026,5,2026-03-26 15:30:00+00:00,2026Q1,2026
2844,95416,2026-03-26 20:30:00+00:00,95419,2026-03-26 22:00:00+00:00,SELL,4374.17,4407.261011589538,4407.261011589538,4307.987976820925,0.1,-331.6101158953763,-3309.101158953763,-1.0,SL,2026Q1,2026,3,2026-03-26 20:30:00+00:00,2026Q1,2026
2845,95437,2026-03-27 08:00:00+00:00,95442,2026-03-27 10:30:00+00:00,BUY,4454.47,4426.473291430109,4426.473291430109,4510.463417139783,0.1,-280.6670856989087,-2799.670856989087,-1.0,SL,2026Q1,2026,5,2026-03-27 08:00:00+00:00,2026Q1,2026
2846,95467,2026-03-30 01:00:00+00:00,95471,2026-03-30 03:00:00+00:00,SELL,4492.98,4433.874318910533,4522.5328405447335,4433.874318910533,0.1,590.3568108946699,5910.5681089467,1.992910875657458,TP,2026Q1,2026,4,2026-03-30 01:00:00+00:00,2026Q1,2026
2847,95477,2026-03-30 06:00:00+00:00,95494,2026-03-30 14:30:00+00:00,BUY,4481.2,4550.920804064768,4446.339597967616,4550.920804064768,0.1,696.5080406476834,6972.0804064768345,1.9939880451474792,TP,2026Q1,2026,17,2026-03-30 06:00:00+00:00,2026Q1,2026
2848,95509,2026-03-30 22:00:00+00:00,95517,2026-03-31 03:00:00+00:00,SELL,4498.48,4524.987007200496,4524.987007200496,4445.465985599007,0.1,-265.77007200496445,-2650.7007200496446,-1.0,SL,2026Q1,2026,8,2026-03-30 22:00:00+00:00,2026Q1,2026
2849,95523,2026-03-31 06:00:00+00:00,95544,2026-03-31 16:30:00+00:00,SELL,4567.78,4599.782166220205,4599.782166220205,4503.775667559588,0.1,-320.7216622020525,-3200.2166220205254,-1.0,SL,2026Q1,2026,21,2026-03-31 06:00:00+00:00,2026Q1,2026
2850,95574,2026-04-01 08:30:00+00:00,95578,2026-04-01 10:30:00+00:00,BUY,4686.43,4733.328644311574,4662.9806778442135,4733.328644311574,0.1,468.28644311573663,4689.864431157366,1.9910711712434142,TP,2026Q2,2026,4,2026-04-01 08:30:00+00:00,2026Q2,2026
2851,95612,2026-04-02 04:30:00+00:00,95620,2026-04-02 08:30:00+00:00,SELL,4695.85,4634.155026569933,4726.697486715034,4634.155026569933,0.1,616.2497343006696,6169.497343006697,1.9932077273312812,TP,2026Q2,2026,8,2026-04-02 04:30:00+00:00,2026Q2,2026
2852,95633,2026-04-02 15:00:00+00:00,95636,2026-04-02 16:30:00+00:00,SELL,4600.2,4632.961054241273,4632.961054241273,4534.677891517453,0.1,-328.31054241273085,-3276.1054241273087,-1.0,SL,2026Q2,2026,3,2026-04-02 15:00:00+00:00,2026Q2,2026
2853,95658,2026-04-06 04:30:00+00:00,95729,2026-04-07 17:00:00+00:00,BUY,4641.28,4607.877693891181,4607.877693891181,4708.084612217639,0.1,-334.72306108819174,-3340.2306108819175,-1.0,SL,2026Q2,2026,71,2026-04-06 04:30:00+00:00,2026Q2,2026
2854,95767,2026-04-08 13:00:00+00:00,95783,2026-04-08 21:00:00+00:00,SELL,4783.03,4729.923067039584,4809.583466480208,4729.923067039584,0.1,530.3693296041608,5310.693296041609,1.9921122217440723,TP,2026Q2,2026,16,2026-04-08 13:00:00+00:00,2026Q2,2026
2855,95814,2026-04-09 13:30:00+00:00,95823,2026-04-09 18:00:00+00:00,BUY,4738.3,4778.01949538484,4718.4402523075805,4778.01949538484,0.1,396.4949538484023,3971.949538484023,1.9894629875279877,TP,2026Q2,2026,9,2026-04-09 13:30:00+00:00,2026Q2,2026
2856,95882,2026-04-13 01:30:00+00:00,95884,2026-04-13 02:30:00+00:00,SELL,4646.9,4671.734817530266,4671.734817530266,4597.230364939467,0.1,-249.04817530266263,-2483.4817530266264,-1.0,SL,2026Q2,2026,2,2026-04-13 01:30:00+00:00,2026Q2,2026
2857,95903,2026-04-13 12:00:00+00:00,95912,2026-04-13 16:30:00+00:00,SELL,4723.17,4741.402733935146,4741.402733935146,4686.704532129709,0.1,-183.02733935145915,-1823.2733935145916,-1.0,SL,2026Q2,2026,9,2026-04-13 12:00:00+00:00,2026Q2,2026
2858,95918,2026-04-13 19:30:00+00:00,95932,2026-04-14 03:30:00+00:00,BUY,4730.51,4771.379956758855,4710.075021620572,4771.379956758855,0.1,407.9995675885464,4086.995675885464,1.9897585846658783,TP,2026Q2,2026,14,2026-04-13 19:30:00+00:00,2026Q2,2026
2859,95937,2026-04-14 06:00:00+00:00,95942,2026-04-14 08:30:00+00:00,BUY,4775.23,4758.342376942242,4758.342376942242,4809.005246115516,0.1,-169.5762305775799,-1688.7623057757992,-1.0,SL,2026Q2,2026,5,2026-04-14 06:00:00+00:00,2026Q2,2026
2860,96004,2026-04-15 16:30:00+00:00,96007,2026-04-15 18:00:00+00:00,BUY,4821.79,4806.036967500426,4806.036967500426,4853.296064999149,0.1,-158.23032499574146,-1575.3032499574147,-1.0,SL,2026Q2,2026,3,2026-04-15 16:30:00+00:00,2026Q2,2026
2861,96027,2026-04-16 05:00:00+00:00,96032,2026-04-16 07:30:00+00:00,SELL,4817.79,4832.210610487027,4832.210610487027,4788.9487790259445,0.1,-144.9061048702726,-1442.061048702726,-1.0,SL,2026Q2,2026,5,2026-04-16 05:00:00+00:00,2026Q2,2026
2862,96040,2026-04-16 11:30:00+00:00,96052,2026-04-16 17:30:00+00:00,SELL,4811.43,4783.4146135731535,4825.437693213424,4783.4146135731535,0.1,279.4538642684682,2801.5386426846817,1.9850827833213642,TP,2026Q2,2026,12,2026-04-16 11:30:00+00:00,2026Q2,2026
2863,96079,2026-04-17 08:00:00+00:00,96081,2026-04-17 09:00:00+00:00,BUY,4803.03,4790.1609414895875,4790.1609414895875,4828.768117020824,0.1,-129.39058510412286,-1286.9058510412287,-1.0,SL,2026Q2,2026,2,2026-04-17 08:00:00+00:00,2026Q2,2026
2864,96087,2026-04-17 12:00:00+00:00,96090,2026-04-17 13:30:00+00:00,BUY,4795.95,4782.748453136066,4782.748453136066,4822.353093727867,0.1,-132.71546863933798,-1320.15468639338,-1.0,SL,2026Q2,2026,3,2026-04-17 12:00:00+00:00,2026Q2,2026
2865,96104,2026-04-17 20:30:00+00:00,96111,2026-04-20 01:00:00+00:00,SELL,4858.35,4817.295821491542,4878.87708925423,4817.295821491542,0.1,409.8417850845879,4105.417850845879,1.9898043846192066,TP,2026Q2,2026,7,2026-04-17 20:30:00+00:00,2026Q2,2026
2866,96138,2026-04-20 14:30:00+00:00,96138,2026-04-20 14:30:00+00:00,SELL,4788.33,4802.997553438382,4802.997553438382,4758.994893123237,0.1,-147.37553438382128,-1466.7553438382129,-1.0,SL,2026Q2,2026,0,2026-04-20 14:30:00+00:00,2026Q2,2026
2867,96157,2026-04-21 01:00:00+00:00,96164,2026-04-21 04:30:00+00:00,BUY,4822.47,4808.470735494801,4808.470735494801,4850.468529010398,0.1,-140.6926450519888,-1399.926450519888,-1.0,SL,2026Q2,2026,7,2026-04-21 01:00:00+00:00,2026Q2,2026
2868,96194,2026-04-21 19:30:00+00:00,96200,2026-04-21 22:30:00+00:00,SELL,4720.7,4676.905296872932,4742.597351563534,4676.905296872932,0.1,437.24703127067806,4379.4703127067805,1.990440358757243,TP,2026Q2,2026,6,2026-04-21 19:30:00+00:00,2026Q2,2026
2869,96203,2026-04-22 01:00:00+00:00,96253,2026-04-23 03:00:00+00:00,BUY,4721.12,4694.703056781653,4694.703056781653,4773.953886436693,0.1,-264.86943218347113,-2641.6943218347114,-1.0,SL,2026Q2,2026,50,2026-04-22 01:00:00+00:00,2026Q2,2026
2870,96254,2026-04-23 03:30:00+00:00,96256,2026-04-23 04:30:00+00:00,BUY,4741.65,4726.095314590416,4726.095314590416,4772.759370819167,0.1,-156.24685409583725,-1555.4685409583726,-1.0,SL,2026Q2,2026,2,2026-04-23 03:30:00+00:00,2026Q2,2026
2871,96274,2026-04-23 13:30:00+00:00,96275,2026-04-23 14:00:00+00:00,SELL,4686.7,4702.404544011755,4702.404544011755,4655.29091197649,0.1,-157.74544011755387,-1570.4544011755388,-1.0,SL,2026Q2,2026,1,2026-04-23 13:30:00+00:00,2026Q2,2026
2872,96308,2026-04-24 07:30:00+00:00,96308,2026-04-24 07:30:00+00:00,SELL,4659.66,4676.679103637184,4676.679103637184,4625.621792725631,0.1,-170.89103637184343,-1701.9103637184344,-1.0,SL,2026Q2,2026,0,2026-04-24 07:30:00+00:00,2026Q2,2026
2873,96321,2026-04-24 14:00:00+00:00,96321,2026-04-24 14:00:00+00:00,SELL,4677.59,4692.503171497312,4692.503171497312,4647.7636570053755,0.1,-149.8317149731185,-1491.317149731185,-1.0,SL,2026Q2,2026,0,2026-04-24 14:00:00+00:00,2026Q2,2026
2874,96344,2026-04-27 02:30:00+00:00,96346,2026-04-27 03:30:00+00:00,SELL,4677.07,4692.0087032669135,4692.0087032669135,4647.192593466173,0.1,-150.0870326691376,-1493.8703266913762,-1.0,SL,2026Q2,2026,2,2026-04-27 02:30:00+00:00,2026Q2,2026
2875,96400,2026-04-28 07:30:00+00:00,96402,2026-04-28 08:30:00+00:00,SELL,4667.28,4646.703238796868,4677.568380601566,4646.703238796868,0.1,205.06761203131356,2057.6761203131355,1.9797265607358396,TP,2026Q2,2026,2,2026-04-28 07:30:00+00:00,2026Q2,2026
2876,96440,2026-04-29 04:30:00+00:00,96441,2026-04-29 05:00:00+00:00,SELL,4580.4,4595.3956420049035,4595.3956420049035,4550.408715990191,0.1,-150.65642004903856,-1499.5642004903857,-1.0,SL,2026Q2,2026,1,2026-04-29 04:30:00+00:00,2026Q2,2026
2877,96461,2026-04-29 15:00:00+00:00,96464,2026-04-29 16:30:00+00:00,SELL,4561.55,4529.929166154349,4577.360416922826,4529.929166154349,0.1,315.5083384565085,3162.083384565085,1.98677616582609,TP,2026Q2,2026,3,2026-04-29 15:00:00+00:00,2026Q2,2026
2878,96489,2026-04-30 06:00:00+00:00,96496,2026-04-30 09:30:00+00:00,SELL,4564.76,4580.8706333849905,4580.8706333849905,4532.538733230021,0.1,-161.8063338499025,-1611.0633384990251,-1.0,SL,2026Q2,2026,7,2026-04-30 06:00:00+00:00,2026Q2,2026
2879,96509,2026-04-30 16:00:00+00:00,96510,2026-04-30 16:30:00+00:00,BUY,4639.68,4622.372354645605,4622.372354645605,4674.29529070879,0.1,-173.7764535439539,-1730.764535439539,-1.0,SL,2026Q2,2026,1,2026-04-30 16:00:00+00:00,2026Q2,2026
2880,96576,2026-05-04 03:30:00+00:00,96594,2026-05-04 12:30:00+00:00,SELL,4605.79,4572.647093249705,4622.361453375148,4572.647093249705,0.1,330.7290675029497,3314.290675029497,1.9873809098720598,TP,2026Q2,2026,18,2026-05-04 03:30:00+00:00,2026Q2,2026
2881,96689,2026-05-06 14:00:00+00:00,96690,2026-05-06 14:30:00+00:00,BUY,4718.04,4700.667751148507,4700.667751148507,4752.784497702985,0.1,-174.42248851493167,-1737.2248851493168,-1.0,SL,2026Q2,2026,1,2026-05-06 14:00:00+00:00,2026Q2,2026
2882,96691,2026-05-06 15:00:00+00:00,96695,2026-05-06 17:00:00+00:00,SELL,4692.02,4710.4907783464405,4710.4907783464405,4655.07844330712,0.1,-185.40778346440055,-1847.0778346440056,-1.0,SL,2026Q2,2026,4,2026-05-06 15:00:00+00:00,2026Q2,2026
2883,96698,2026-05-06 18:30:00+00:00,96715,2026-05-07 04:00:00+00:00,SELL,4695.37,4716.103713546794,4716.103713546794,4653.9025729064115,0.1,-208.03713546794205,-2073.3713546794206,-1.0,SL,2026Q2,2026,17,2026-05-06 18:30:00+00:00,2026Q2,2026
2884,96748,2026-05-07 20:30:00+00:00,96762,2026-05-08 04:30:00+00:00,SELL,4698.82,4720.206406719149,4720.206406719149,4656.047186561703,0.1,-214.56406719148907,-2138.640671914891,-1.0,SL,2026Q2,2026,14,2026-05-07 20:30:00+00:00,2026Q2,2026
2885,96774,2026-05-08 10:30:00+00:00,96780,2026-05-08 13:30:00+00:00,SELL,4706.47,4726.388715012667,4726.388715012667,4666.632569974668,0.1,-199.88715012666324,-1991.8715012666325,-1.0,SL,2026Q2,2026,6,2026-05-08 10:30:00+00:00,2026Q2,2026
2886,96787,2026-05-08 17:00:00+00:00,96787,2026-05-08 17:00:00+00:00,BUY,4747.93,4728.79320353358,4728.79320353358,4786.20359293284,0.1,-192.0679646642049,-1913.6796466420492,-1.0,SL,2026Q2,2026,0,2026-05-08 17:00:00+00:00,2026Q2,2026
2887,96824,2026-05-11 12:30:00+00:00,96828,2026-05-11 14:30:00+00:00,SELL,4657.23,4675.040838934876,4675.040838934876,4621.608322130247,0.1,-178.808389348763,-1781.0838934876301,-1.0,SL,2026Q2,2026,4,2026-05-11 12:30:00+00:00,2026Q2,2026
2888,96851,2026-05-12 03:00:00+00:00,96852,2026-05-12 03:30:00+00:00,BUY,4767.39,4752.118912149255,4752.118912149255,4797.93217570149,0.1,-153.4108785074506,-1527.1087850745062,-1.0,SL,2026Q2,2026,1,2026-05-12 03:00:00+00:00,2026Q2,2026
2889,96859,2026-05-12 07:00:00+00:00,96865,2026-05-12 10:00:00+00:00,SELL,4720.05,4687.684272740545,4736.232863629728,4687.684272740545,0.1,322.95727259455526,3236.5727259455525,1.9870792000238107,TP,2026Q2,2026,6,2026-05-12 07:00:00+00:00,2026Q2,2026
2890,96875,2026-05-12 15:00:00+00:00,96876,2026-05-12 15:30:00+00:00,BUY,4706.78,4692.056878300285,4692.056878300285,4736.22624339943,0.1,-147.93121699715192,-1472.3121699715193,-1.0,SL,2026Q2,2026,1,2026-05-12 15:00:00+00:00,2026Q2,2026
2891,96886,2026-05-12 20:30:00+00:00,96891,2026-05-12 23:00:00+00:00,BUY,4679.47,4718.133733674835,4660.138133162583,4718.133733674835,0.1,385.93733674834476,3866.3733674834475,1.989176299282917,TP,2026Q2,2026,5,2026-05-12 20:30:00+00:00,2026Q2,2026
2892,96933,2026-05-13 21:00:00+00:00,96940,2026-05-14 01:30:00+00:00,SELL,4685.45,4700.522148218823,4700.522148218823,4655.305703562353,0.1,-151.42148218822803,-1507.2148218822804,-1.0,SL,2026Q2,2026,7,2026-05-13 21:00:00+00:00,2026Q2,2026
2893,96951,2026-05-14 07:00:00+00:00,96951,2026-05-14 07:00:00+00:00,SELL,4674.84,4689.718241002095,4689.718241002095,4645.083517995811,0.1,-149.4824100209491,-1487.824100209491,-1.0,SL,2026Q2,2026,0,2026-05-14 07:00:00+00:00,2026Q2,2026
2894,97006,2026-05-15 11:30:00+00:00,97016,2026-05-15 16:30:00+00:00,SELL,4558.05,4517.2209350858475,4578.4645324570765,4517.2209350858475,0.1,407.59064914152697,4082.9064914152696,1.9897483625540375,TP,2026Q2,2026,10,2026-05-15 11:30:00+00:00,2026Q2,2026
2895,97039,2026-05-18 05:00:00+00:00,97060,2026-05-18 15:30:00+00:00,BUY,4525.32,4574.30867759809,4500.8256612009545,4574.30867759809,0.1,489.18677598090363,4898.867759809036,1.9914510216734123,TP,2026Q2,2026,21,2026-05-18 05:00:00+00:00,2026Q2,2026
2896,97061,2026-05-18 16:00:00+00:00,97064,2026-05-18 17:30:00+00:00,BUY,4571.42,4550.7249661736405,4550.7249661736405,4612.810067652719,0.1,-207.65033826359576,-2069.5033826359577,-1.0,SL,2026Q2,2026,3,2026-05-18 16:00:00+00:00,2026Q2,2026
2897,97078,2026-05-19 01:30:00+00:00,97083,2026-05-19 04:00:00+00:00,BUY,4573.02,4554.941990820291,4554.941990820291,4609.17601835942,0.1,-181.48009179709624,-1807.8009179709625,-1.0,SL,2026Q2,2026,5,2026-05-19 01:30:00+00:00,2026Q2,2026
2898,97124,2026-05-20 01:30:00+00:00,97126,2026-05-20 02:30:00+00:00,SELL,4479.24,4495.050805748284,4495.050805748284,4447.6183885034325,0.1,-158.8080574828411,-1581.080574828411,-1.0,SL,2026Q2,2026,2,2026-05-20 01:30:00+00:00,2026Q2,2026
2899,97176,2026-05-21 04:30:00+00:00,97177,2026-05-21 05:00:00+00:00,BUY,4566.97,4551.474560688329,4551.474560688329,4597.960878623343,0.1,-155.6543931167136,-1549.5439311671362,-1.0,SL,2026Q2,2026,1,2026-05-21 04:30:00+00:00,2026Q2,2026
2900,97181,2026-05-21 07:00:00+00:00,97199,2026-05-21 16:00:00+00:00,SELL,4528.04,4496.576874150844,4543.771562924579,4496.576874150844,0.1,313.93125849156314,3146.3125849156313,1.9867101753792809,TP,2026Q2,2026,18,2026-05-21 07:00:00+00:00,2026Q2,2026
2901,97208,2026-05-21 20:30:00+00:00,97222,2026-05-22 04:30:00+00:00,BUY,4541.6,4522.926653112154,4522.926653112154,4578.946693775693,0.1,-187.4334688784649,-1867.3346887846492,-1.0,SL,2026Q2,2026,14,2026-05-21 20:30:00+00:00,2026Q2,2026
2902,97227,2026-05-22 07:00:00+00:00,97230,2026-05-22 08:30:00+00:00,BUY,4529.64,4516.348211682182,4516.348211682182,4556.223576635636,0.1,-133.61788317817917,-1329.1788317817918,-1.0,SL,2026Q2,2026,3,2026-05-22 07:00:00+00:00,2026Q2,2026
2903,97250,2026-05-22 18:30:00+00:00,97261,2026-05-25 01:00:00+00:00,BUY,4519.47,4552.625244022374,4502.892377988814,4552.625244022374,0.1,330.85244022374064,3315.5244022374063,1.9873855857696687,TP,2026Q2,2026,11,2026-05-22 18:30:00+00:00,2026Q2,2026
2904,97276,2026-05-25 08:30:00+00:00,97284,2026-05-25 12:30:00+00:00,SELL,4553.99,4568.0700016776445,4568.0700016776445,4525.829996644709,0.1,-141.50001677644758,-1408.000167764476,-1.0,SL,2026Q2,2026,8,2026-05-25 08:30:00+00:00,2026Q2,2026
2905,97296,2026-05-25 18:30:00+00:00,97305,2026-05-26 02:30:00+00:00,BUY,4573.32,4562.051804549713,4562.051804549713,4595.856390900573,0.1,-113.3819545028684,-1126.819545028684,-1.0,SL,2026Q2,2026,9,2026-05-25 18:30:00+00:00,2026Q2,2026
2906,97310,2026-05-26 05:00:00+00:00,97329,2026-05-26 14:30:00+00:00,SELL,4536.82,4511.487906946017,4549.486046526991,4511.487906946017,0.1,252.62093053983045,2533.2093053983044,1.9835113667687263,TP,2026Q2,2026,19,2026-05-26 05:00:00+00:00,2026Q2,2026
2907,97379,2026-05-27 16:30:00+00:00,97379,2026-05-27 16:30:00+00:00,SELL,4404.26,4426.115102554665,4426.115102554665,4360.549794890671,0.1,-219.2510255466488,-2185.510255466488,-1.0,SL,2026Q2,2026,0,2026-05-27 16:30:00+00:00,2026Q2,2026
2908,97381,2026-05-27 17:30:00+00:00,97400,2026-05-28 04:00:00+00:00,BUY,4445.39,4421.466403919703,4421.466403919703,4493.237192160595,0.1,-239.935960802971,-2392.35960802971,-1.0,SL,2026Q2,2026,19,2026-05-27 17:30:00+00:00,2026Q2,2026
2909,97413,2026-05-28 10:30:00+00:00,97423,2026-05-28 15:30:00+00:00,BUY,4392.68,4428.298147477743,4374.870926261128,4428.298147477743,0.1,355.4814747774315,3561.814747774315,1.9882544250855494,TP,2026Q2,2026,10,2026-05-28 10:30:00+00:00,2026Q2,2026
2910,97447,2026-05-29 04:30:00+00:00,97463,2026-05-29 12:30:00+00:00,BUY,4505.55,4536.068283427488,4490.2908582862565,4536.068283427488,0.1,304.48283427487405,3051.8283427487404,1.9863006028699104,TP,2026Q2,2026,16,2026-05-29 04:30:00+00:00,2026Q2,2026
2911,97480,2026-05-29 21:00:00+00:00,97497,2026-06-01 06:30:00+00:00,SELL,4553.27,4513.902345076075,4572.953827461964,4513.902345076075,0.1,392.9765492392533,3936.765492392533,1.9893691488191203,TP,2026Q2,2026,17,2026-05-29 21:00:00+00:00,2026Q2,2026
2912,97521,2026-06-01 18:30:00+00:00,97544,2026-06-02 07:00:00+00:00,BUY,4468.46,4504.541766883285,4450.419116558358,4504.541766883285,0.1,360.1176688328513,3608.1766883285127,1.9884047622151753,TP,2026Q2,2026,23,2026-06-01 18:30:00+00:00,2026Q2,2026
2913,97591,2026-06-03 07:30:00+00:00,97598,2026-06-03 11:00:00+00:00,SELL,4476.96,4450.924313334377,4489.977843332811,4450.924313334377,0.1,259.6568666562296,2603.568666562296,1.9839545756578076,TP,2026Q2,2026,7,2026-06-03 07:30:00+00:00,2026Q2,2026
2914,97623,2026-06-03 23:30:00+00:00,97625,2026-06-04 01:30:00+00:00,SELL,4438.82,4452.615569805686,4452.615569805686,4411.228860388627,0.1,-138.6556980568668,-1379.5569805686682,-1.0,SL,2026Q2,2026,2,2026-06-03 23:30:00+00:00,2026Q2,2026
2915,97628,2026-06-04 03:00:00+00:00,97650,2026-06-04 14:00:00+00:00,BUY,4457.44,4487.279238672363,4442.520380663817,4487.279238672363,0.1,297.69238672363537,2983.9238672363535,1.9859903046707794,TP,2026Q2,2026,22,2026-06-04 03:00:00+00:00,2026Q2,2026
2916,97739,2026-06-08 12:30:00+00:00,97739,2026-06-08 12:30:00+00:00,SELL,4279.59,4300.125989680723,4300.125989680723,4238.518020638555,0.1,-206.05989680723104,-2053.5989680723105,-1.0,SL,2026Q2,2026,0,2026-06-08 12:30:00+00:00,2026Q2,2026
2917,97765,2026-06-09 02:30:00+00:00,97768,2026-06-09 04:00:00+00:00,SELL,4320.47,4334.365271561674,4334.365271561674,4292.679456876653,0.1,-139.65271561673325,-1389.5271561673326,-1.0,SL,2026Q2,2026,3,2026-06-09 02:30:00+00:00,2026Q2,2026
2918,97805,2026-06-09 22:30:00+00:00,97811,2026-06-10 02:30:00+00:00,SELL,4257.08,4213.493639970465,4278.873180014767,4213.493639970465,0.1,435.1636002953517,4358.636002953517,1.9903948099106696,TP,2026Q2,2026,6,2026-06-09 22:30:00+00:00,2026Q2,2026
2919,97842,2026-06-10 18:00:00+00:00,97853,2026-06-10 23:30:00+00:00,SELL,4125.01,4069.0232367647277,4153.0033816176365,4069.0232367647277,0.1,559.1676323527251,5598.676323527252,1.992516938875676,TP,2026Q2,2026,11,2026-06-10 18:00:00+00:00,2026Q2,2026
2920,97859,2026-06-11 03:30:00+00:00,97893,2026-06-11 20:30:00+00:00,BUY,4067.44,4123.760041327504,4039.2799793362483,4123.760041327504,0.1,562.5004132750398,5632.004132750399,1.992561110652349,TP,2026Q2,2026,34,2026-06-11 03:30:00+00:00,2026Q2,2026
2921,97950,2026-06-15 03:00:00+00:00,97967,2026-06-15 11:30:00+00:00,BUY,4293.89,4341.034585261651,4270.317707369175,4341.034585261651,0.1,470.7458526165072,4714.458526165072,1.9911176126918337,TP,2026Q2,2026,17,2026-06-15 03:00:00+00:00,2026Q2,2026
2922,98045,2026-06-17 04:30:00+00:00,98047,2026-06-17 05:30:00+00:00,BUY,4343.36,4332.035487345282,4332.035487345282,4366.009025309437,0.1,-113.94512654718092,-1132.4512654718092,-1.0,SL,2026Q2,2026,2,2026-06-17 04:30:00+00:00,2026Q2,2026
2923,98051,2026-06-17 07:30:00+00:00,98061,2026-06-17 12:30:00+00:00,SELL,4324.4,4335.084794224359,4335.084794224359,4303.03041155128,0.1,-107.54794224359394,-1068.4794224359393,-1.0,SL,2026Q2,2026,10,2026-06-17 07:30:00+00:00,2026Q2,2026
2924,98066,2026-06-17 15:00:00+00:00,98067,2026-06-17 15:30:00+00:00,SELL,4323.06,4333.122065068109,4333.122065068109,4302.935869863783,0.1,-101.32065068108496,-1006.2065068108495,-1.0,SL,2026Q2,2026,1,2026-06-17 15:00:00+00:00,2026Q2,2026
2925,98078,2026-06-17 21:00:00+00:00,98078,2026-06-17 21:00:00+00:00,BUY,4379.11,4364.08273531857,4364.08273531857,4409.164529362859,0.1,-150.97264681430096,-1502.7264681430097,-1.0,SL,2026Q2,2026,0,2026-06-17 21:00:00+00:00,2026Q2,2026
2926,98087,2026-06-18 02:30:00+00:00,98110,2026-06-18 14:00:00+00:00,BUY,4280.05,4251.399499763365,4251.399499763365,4337.35100047327,0.1,-287.20500236634797,-2865.05002366348,-1.0,SL,2026Q2,2026,23,2026-06-18 02:30:00+00:00,2026Q2,2026
2927,98133,2026-06-19 02:30:00+00:00,98141,2026-06-19 06:30:00+00:00,SELL,4197.19,4163.4794453739005,4214.045277313049,4163.4794453739005,0.1,336.4055462609911,3371.055462609911,1.98759252234892,TP,2026Q2,2026,8,2026-06-19 02:30:00+00:00,2026Q2,2026
2928,98188,2026-06-22 11:00:00+00:00,98190,2026-06-22 12:00:00+00:00,SELL,4190.2,4206.1118353094425,4206.1118353094425,4158.3763293811135,0.1,-159.8183530944272,-1591.1835309442722,-1.0,SL,2026Q2,2026,2,2026-06-22 11:00:00+00:00,2026Q2,2026
2929,98204,2026-06-22 19:00:00+00:00,98223,2026-06-23 05:30:00+00:00,SELL,4182.86,4148.974363893487,4199.8028180532565,4148.974363893487,0.1,338.1563610651272,3388.563610651272,1.9876563659622102,TP,2026Q2,2026,19,2026-06-22 19:00:00+00:00,2026Q2,2026
2930,98243,2026-06-23 15:30:00+00:00,98245,2026-06-23 16:30:00+00:00,SELL,4114.93,4132.034660186038,4132.034660186038,4080.720679627925,0.1,-171.74660186038017,-1710.4660186038018,-1.0,SL,2026Q2,2026,2,2026-06-23 15:30:00+00:00,2026Q2,2026
2931,98261,2026-06-24 01:30:00+00:00,98266,2026-06-24 04:00:00+00:00,SELL,4105.73,4077.97082527267,4119.609587363664,4077.97082527267,0.1,276.8917472732954,2775.9174727329537,1.9849457912607118,TP,2026Q2,2026,5,2026-06-24 01:30:00+00:00,2026Q2,2026
2932,98275,2026-06-24 08:30:00+00:00,98284,2026-06-24 13:00:00+00:00,BUY,4073.62,4055.8476976109996,4055.8476976109996,4109.1646047780005,0.1,-178.42302389000287,-1777.2302389000288,-1.0,SL,2026Q2,2026,9,2026-06-24 08:30:00+00:00,2026Q2,2026
2933,98289,2026-06-24 15:30:00+00:00,98290,2026-06-24 16:00:00+00:00,SELL,4015.16,3976.278810241737,4034.600594879131,3976.278810241737,0.1,388.11189758262736,3888.1189758262735,1.989236617268671,TP,2026Q2,2026,1,2026-06-24 15:30:00+00:00,2026Q2,2026
2934,98336,2026-06-25 16:00:00+00:00,98361,2026-06-26 05:30:00+00:00,BUY,4012.63,3993.171595254409,3993.171595254409,4051.5468094911826,0.1,-195.28404745590996,-1945.8404745590997,-1.0,SL,2026Q2,2026,25,2026-06-25 16:00:00+00:00,2026Q2,2026
2935,98422,2026-06-29 13:00:00+00:00,98426,2026-06-29 15:00:00+00:00,SELL,4031.35,4048.570267448872,4048.570267448872,3996.909465102255,0.1,-172.90267448872163,-1722.0267448872164,-1.0,SL,2026Q2,2026,4,2026-06-29 13:00:00+00:00,2026Q2,2026
2936,98477,2026-06-30 17:30:00+00:00,98478,2026-06-30 18:00:00+00:00,BUY,4054.19,4034.2285733222693,4034.2285733222693,4094.1128533554615,0.1,-200.3142667773074,-1996.1426677730742,-1.0,SL,2026Q2,2026,1,2026-06-30 17:30:00+00:00,2026Q2,2026
