id,entry_bar,entry_time,exit_bar,exit_time,direction,entry_price,exit_price,sl,tp,lots,pnl_usd,pnl_pts,pnl_r,exit_reason,quarter,year,holding_bars
1,149,2018-02-06 20:30:00,171,2018-02-07 08:30:00,SELL,1326.03,1330.9542857142858,1330.9542857142858,1313.7192857142857,0.1,-49.94285714285816,-492.42857142858156,-1.0,SL,2018Q1,2018,22
2,249,2018-02-09 01:30:00,254,2018-02-09 04:00:00,BUY,1321.1,1316.9932142857142,1316.9932142857142,1331.3669642857144,0.1,-41.76785714285707,-410.67857142857065,-1.0,SL,2018Q1,2018,5
3,263,2018-02-09 08:30:00,266,2018-02-09 10:00:00,BUY,1318.95,1316.5607142857143,1316.5607142857143,1324.9232142857143,0.1,-24.592857142857337,-238.92857142857338,-1.0,SL,2018Q1,2018,3
4,293,2018-02-09 23:30:00,357,2018-02-13 09:30:00,BUY,1316.23,1328.5969642857144,1311.2832142857142,1328.5969642857144,0.1,122.96964285714402,1236.6964285714403,2.451163949597735,TP,2018Q1,2018,64
5,383,2018-02-13 22:30:00,395,2018-02-14 05:30:00,BUY,1329.16,1336.1376785714288,1326.3689285714286,1336.1376785714288,0.1,69.07678571428669,697.7678571428669,2.4143677443514795,TP,2018Q1,2018,12
6,425,2018-02-14 20:30:00,517,2018-02-16 20:30:00,BUY,1355.35,1348.2196428571428,1348.2196428571428,1373.1758928571426,0.1,-72.00357142857065,-713.0357142857065,-1.0,SL,2018Q1,2018,92
7,518,2018-02-16 21:00:00,579,2018-02-20 09:30:00,SELL,1348.41,1338.1751785714284,1352.5039285714288,1338.1751785714284,0.1,101.64821428571649,1023.482142857165,2.441161334591277,TP,2018Q1,2018,61
8,612,2018-02-21 03:00:00,638,2018-02-21 16:00:00,SELL,1328.58,1331.3657142857144,1331.3657142857144,1321.615714285714,0.1,-28.55714285714448,-278.5714285714448,-1.0,SL,2018Q1,2018,26
9,700,2018-02-23 01:00:00,704,2018-02-23 03:00:00,BUY,1331.48,1328.722142857143,1328.722142857143,1338.3746428571428,0.1,-28.278571428571194,-275.78571428571195,-1.0,SL,2018Q1,2018,4
10,743,2018-02-23 22:30:00,746,2018-02-26 01:00:00,BUY,1330.03,1327.6610714285714,1327.6610714285714,1335.9523214285714,0.1,-24.389285714285688,-236.89285714285688,-1.0,SL,2018Q1,2018,3
11,747,2018-02-26 01:30:00,750,2018-02-26 03:00:00,SELL,1328.51,1330.505,1330.505,1323.5224999999998,0.1,-20.65000000000118,-199.50000000001182,-1.0,SL,2018Q1,2018,3
12,760,2018-02-26 08:00:00,773,2018-02-26 14:30:00,BUY,1339.88,1336.8917857142858,1336.8917857142858,1347.3505357142858,0.1,-30.582142857143207,-298.8214285714321,-1.0,SL,2018Q1,2018,13
13,793,2018-02-27 01:30:00,794,2018-02-27 02:00:00,SELL,1331.66,1333.7578571428573,1333.7578571428573,1326.4153571428571,0.1,-21.67857142857265,-209.7857142857265,-1.0,SL,2018Q1,2018,1
14,840,2018-02-28 02:00:00,859,2018-02-28 11:30:00,SELL,1317.39,1320.0803571428573,1320.0803571428573,1310.664107142857,0.1,-27.603571428572376,-269.03571428572377,-1.0,SL,2018Q1,2018,19
15,895,2018-03-01 06:30:00,910,2018-03-01 14:00:00,SELL,1314.28,1309.19875,1316.3125,1309.19875,0.1,50.11249999999954,508.12499999999545,2.383472057074858,TP,2018Q1,2018,15
16,936,2018-03-02 04:00:00,1050,2018-03-06 15:00:00,BUY,1317.93,1329.3353571428572,1313.3678571428572,1329.3353571428572,0.1,113.35357142857156,1140.5357142857156,2.4471087124132853,TP,2018Q1,2018,114
17,1069,2018-03-07 01:30:00,1072,2018-03-07 03:00:00,BUY,1338.21,1334.9464285714287,1334.9464285714287,1346.3689285714286,0.1,-33.33571428571368,-326.35714285713675,-1.0,SL,2018Q1,2018,3
18,1161,2018-03-09 01:30:00,1188,2018-03-09 15:00:00,SELL,1321.07,1314.381607142857,1323.745357142857,1314.381607142857,0.1,66.18392857142844,668.8392857142844,2.4107584233120853,TP,2018Q1,2018,27
19,1255,2018-03-13 01:30:00,1260,2018-03-13 04:00:00,BUY,1325.08,1323.1235714285713,1323.1235714285713,1329.9710714285713,0.1,-20.264285714286597,-195.64285714286598,-1.0,SL,2018Q1,2018,5
20,1340,2018-03-14 21:00:00,1365,2018-03-15 10:30:00,BUY,1325.73,1322.6785714285716,1322.6785714285716,1333.3585714285712,0.1,-31.214285714284596,-305.14285714284597,-1.0,SL,2018Q1,2018,25
21,1441,2018-03-19 02:30:00,1464,2018-03-19 14:00:00,SELL,1311.59,1313.3728571428571,1313.3728571428571,1307.1328571428571,0.1,-18.528571428572103,-178.28571428572104,-1.0,SL,2018Q1,2018,23
22,1485,2018-03-20 01:30:00,1487,2018-03-20 02:30:00,BUY,1317.97,1315.9514285714286,1315.9514285714286,1323.0164285714286,0.1,-20.885714285714766,-201.85714285714766,-1.0,SL,2018Q1,2018,2
23,1532,2018-03-21 02:00:00,1534,2018-03-21 03:00:00,SELL,1309.94,1311.8814285714286,1311.8814285714286,1305.0864285714288,0.1,-20.114285714285597,-194.14285714285597,-1.0,SL,2018Q1,2018,2
24,1579,2018-03-22 02:30:00,1584,2018-03-22 05:00:00,BUY,1334.13,1329.4810714285716,1329.4810714285716,1345.7523214285716,0.1,-47.18928571428542,-464.89285714285415,-1.0,SL,2018Q1,2018,5
25,1618,2018-03-22 22:00:00,1625,2018-03-23 02:30:00,BUY,1328.55,1337.6008928571428,1324.9296428571429,1337.6008928571428,0.1,89.80892857142798,905.0892857142799,2.4336107616375013,TP,2018Q1,2018,7
26,1677,2018-03-26 06:30:00,1681,2018-03-26 08:30:00,BUY,1348.49,1345.5757142857144,1345.5757142857144,1355.7757142857142,0.1,-29.842857142855973,-291.42857142855974,-1.0,SL,2018Q1,2018,4
27,1771,2018-03-28 07:30:00,1775,2018-03-28 09:30:00,SELL,1344.3,1340.0651785714285,1345.9939285714286,1340.0651785714285,0.1,41.64821428571422,423.4821428571422,2.361105486940615,TP,2018Q1,2018,4
28,1876,2018-04-02 14:00:00,1880,2018-04-02 16:00:00,BUY,1332.44,1335.485535714286,1331.2217857142857,1335.485535714286,0.1,29.755357142859612,304.5535714285961,2.309814250069406,TP,2018Q2,2018,4
29,1939,2018-04-03 22:30:00,1950,2018-04-04 05:00:00,SELL,1330.34,1333.6914285714286,1333.6914285714286,1321.9614285714285,0.1,-34.21428571428642,-335.14285714286416,-1.0,SL,2018Q2,2018,11
30,1983,2018-04-04 21:30:00,2052,2018-04-06 10:00:00,SELL,1332.84,1320.7569642857143,1337.6732142857143,1320.7569642857143,0.1,120.13035714285643,1208.3035714285643,2.4500327773326074,TP,2018Q2,2018,69
31,2062,2018-04-06 15:00:00,2062,2018-04-06 15:00:00,SELL,1322.86,1325.647857142857,1325.647857142857,1315.8903571428568,0.1,-28.57857142857092,-278.7857142857092,-1.0,SL,2018Q2,2018,0
32,2063,2018-04-06 15:30:00,2063,2018-04-06 15:30:00,SELL,1321.25,1324.5414285714287,1324.5414285714287,1313.0214285714285,0.1,-33.614285714286964,-329.1428571428696,-1.0,SL,2018Q2,2018,0
33,2077,2018-04-06 22:30:00,2098,2018-04-09 10:00:00,BUY,1333.32,1328.5146428571427,1328.5146428571427,1345.3333928571428,0.1,-48.75357142857247,-480.5357142857247,-1.0,SL,2018Q2,2018,21
34,2122,2018-04-09 22:00:00,2133,2018-04-10 04:30:00,BUY,1337.44,1334.4314285714286,1334.4314285714286,1344.9614285714285,0.1,-30.785714285714857,-300.8571428571486,-1.0,SL,2018Q2,2018,11
35,2141,2018-04-10 08:30:00,2143,2018-04-10 09:30:00,SELL,1331.49,1333.610357142857,1333.610357142857,1326.1891071428572,0.1,-21.90357142857074,-212.0357142857074,-1.0,SL,2018Q2,2018,2
36,2153,2018-04-10 14:30:00,2188,2018-04-11 09:00:00,BUY,1337.3,1344.0392857142858,1334.6042857142857,1344.0392857142858,0.1,66.6928571428587,673.928571428587,2.41141528925624,TP,2018Q2,2018,35
37,2218,2018-04-12 01:00:00,2239,2018-04-12 11:30:00,BUY,1352.99,1346.8914285714286,1346.8914285714286,1368.2364285714286,0.1,-61.68571428571404,-609.8571428571404,-1.0,SL,2018Q2,2018,21
38,2261,2018-04-12 22:30:00,2270,2018-04-13 04:00:00,SELL,1334.87,1338.9757142857143,1338.9757142857143,1324.6057142857142,0.1,-41.75714285714385,-410.57142857143845,-1.0,SL,2018Q2,2018,9
39,2311,2018-04-16 01:30:00,2312,2018-04-16 02:00:00,SELL,1340.67,1343.8478571428573,1343.8478571428573,1332.7253571428573,0.1,-32.478571428571925,-317.7857142857192,-1.0,SL,2018Q2,2018,1
40,2357,2018-04-17 01:30:00,2366,2018-04-17 06:00:00,BUY,1347.22,1345.1499999999999,1345.1499999999999,1352.3950000000002,0.1,-21.400000000001636,-207.00000000001637,-1.0,SL,2018Q2,2018,9
41,2372,2018-04-17 09:00:00,2375,2018-04-17 10:30:00,BUY,1346.09,1343.9696428571428,1343.9696428571428,1351.3908928571427,0.1,-21.90357142857074,-212.0357142857074,-1.0,SL,2018Q2,2018,3
42,2394,2018-04-17 20:00:00,2412,2018-04-18 06:00:00,BUY,1346.96,1343.3321428571428,1343.3321428571428,1356.0296428571428,0.1,-36.97857142857238,-362.78571428572377,-1.0,SL,2018Q2,2018,18
43,2449,2018-04-19 01:30:00,2470,2018-04-19 12:00:00,BUY,1350.1,1347.7460714285712,1347.7460714285712,1355.9848214285714,0.1,-24.23928571428696,-235.39285714286962,-1.0,SL,2018Q2,2018,21
44,2490,2018-04-19 22:00:00,2540,2018-04-23 01:00:00,SELL,1344.65,1334.6214285714286,1348.6614285714286,1334.6214285714286,0.1,99.58571428571467,1002.8571428571468,2.4399719985999844,TP,2018Q2,2018,50
45,2541,2018-04-23 01:30:00,2562,2018-04-23 12:00:00,SELL,1333.76,1327.6421428571427,1336.207142857143,1327.6421428571427,0.1,60.478571428572465,611.7857142857247,2.402667423382391,TP,2018Q2,2018,21
46,2635,2018-04-25 02:30:00,2636,2018-04-25 03:00:00,BUY,1332.14,1330.1032142857143,1330.1032142857143,1337.2319642857144,0.1,-21.0678571428577,-203.67857142857702,-1.0,SL,2018Q2,2018,1
47,2644,2018-04-25 07:00:00,2650,2018-04-25 10:00:00,SELL,1327.99,1323.878392857143,1329.6346428571428,1323.878392857143,0.1,40.4160714285711,411.16071428571104,2.357113101437262,TP,2018Q2,2018,6
48,2719,2018-04-26 21:30:00,2749,2018-04-27 13:30:00,SELL,1316.32,1319.9382142857141,1319.9382142857141,1307.2744642857144,0.1,-36.88214285714203,-361.82142857142026,-1.0,SL,2018Q2,2018,30
49,2766,2018-04-27 22:00:00,2779,2018-04-30 05:30:00,BUY,1325.17,1322.2235714285714,1322.2235714285714,1332.5360714285714,0.1,-30.164285714286688,-294.6428571428669,-1.0,SL,2018Q2,2018,13
50,2787,2018-04-30 09:30:00,2796,2018-04-30 14:00:00,SELL,1319.07,1314.5030357142857,1320.8967857142857,1314.5030357142857,0.1,44.969642857142205,456.6964285714221,2.370834117868516,TP,2018Q2,2018,9
51,2813,2018-04-30 22:30:00,2843,2018-05-01 14:30:00,SELL,1317.07,1307.8048214285714,1320.7760714285714,1307.8048214285714,0.1,91.95178571428578,926.5178571428578,2.435117752766451,TP,2018Q2,2018,30
52,2860,2018-05-01 23:00:00,2868,2018-05-02 04:00:00,SELL,1304.88,1307.9217857142858,1307.9217857142858,1297.275535714286,0.1,-31.11785714285652,-304.1785714285652,-1.0,SL,2018Q2,2018,8
53,2936,2018-05-03 15:00:00,2937,2018-05-03 15:30:00,BUY,1317.83,1314.7624999999998,1314.7624999999998,1325.49875,0.1,-31.37500000000109,-306.7500000000109,-1.0,SL,2018Q2,2018,1
54,2952,2018-05-03 23:00:00,2961,2018-05-04 04:30:00,SELL,1311.15,1313.912142857143,1313.912142857143,1304.244642857143,0.1,-28.321428571428623,-276.21428571428623,-1.0,SL,2018Q2,2018,9
55,2995,2018-05-04 21:30:00,3027,2018-05-07 14:30:00,BUY,1314.71,1310.9728571428573,1310.9728571428573,1324.052857142857,0.1,-38.07142857142772,-373.71428571427714,-1.0,SL,2018Q2,2018,32
56,3040,2018-05-07 21:00:00,3057,2018-05-08 06:30:00,BUY,1314.66,1312.0092857142859,1312.0092857142859,1321.2867857142858,0.1,-27.207142857142298,-265.071428571423,-1.0,SL,2018Q2,2018,17
57,3096,2018-05-09 03:00:00,3097,2018-05-09 03:30:00,BUY,1316.48,1313.2732142857144,1313.2732142857144,1324.4969642857143,0.1,-32.76785714285616,-320.67857142856155,-1.0,SL,2018Q2,2018,1
58,3136,2018-05-09 23:00:00,3145,2018-05-10 04:30:00,SELL,1311.65,1314.2267857142858,1314.2267857142858,1305.2080357142856,0.1,-26.467857142857337,-257.6785714285734,-1.0,SL,2018Q2,2018,9
59,3230,2018-05-14 01:00:00,3234,2018-05-14 03:00:00,SELL,1318.15,1320.4053571428572,1320.4053571428572,1312.5116071428572,0.1,-23.25357142857065,-225.5357142857065,-1.0,SL,2018Q2,2018,4
60,3329,2018-05-16 04:30:00,3330,2018-05-16 05:00:00,SELL,1292.16,1294.442142857143,1294.442142857143,1286.454642857143,0.1,-23.52142857142844,-228.21428571428442,-1.0,SL,2018Q2,2018,1
61,3365,2018-05-16 22:30:00,3376,2018-05-17 05:00:00,SELL,1291.22,1293.9489285714285,1293.9489285714285,1284.3976785714285,0.1,-27.989285714284687,-272.8928571428469,-1.0,SL,2018Q2,2018,11
62,3508,2018-05-22 02:00:00,3512,2018-05-22 04:00:00,BUY,1293.32,1291.4225,1291.4225,1298.06375,0.1,-19.675000000000363,-189.75000000000364,-1.0,SL,2018Q2,2018,4
63,3567,2018-05-23 08:30:00,3570,2018-05-23 10:00:00,SELL,1291.78,1293.5457142857142,1293.5457142857142,1287.3657142857141,0.1,-18.35714285714239,-176.5714285714239,-1.0,SL,2018Q2,2018,3
64,3593,2018-05-23 21:30:00,3629,2018-05-24 16:30:00,BUY,1294.41,1303.4876785714287,1290.7789285714287,1303.4876785714287,0.1,90.07678571428578,907.7678571428578,2.4338029528128917,TP,2018Q2,2018,36
65,3641,2018-05-24 22:30:00,3648,2018-05-25 03:00:00,BUY,1306.17,1303.442142857143,1303.442142857143,1312.989642857143,0.1,-27.978571428571467,-272.7857142857147,-1.0,SL,2018Q2,2018,7
66,3687,2018-05-25 22:30:00,3748,2018-05-29 11:00:00,SELL,1301.23,1303.9482142857144,1303.9482142857144,1294.4344642857143,0.1,-27.88214285714339,-271.8214285714339,-1.0,SL,2018Q2,2018,61
67,3772,2018-05-29 23:00:00,3825,2018-05-31 03:30:00,SELL,1300.0,1304.6253571428572,1304.6253571428572,1288.4366071428572,0.1,-46.953571428571834,-462.5357142857183,-1.0,SL,2018Q2,2018,53
68,3859,2018-05-31 20:30:00,3895,2018-06-01 15:30:00,SELL,1300.22,1291.8119642857143,1303.5832142857143,1291.8119642857143,0.1,83.38035714285688,840.8035714285688,2.4286383022989373,TP,2018Q2,2018,36
69,3908,2018-06-01 22:00:00,3939,2018-06-04 14:30:00,SELL,1293.38,1296.8460714285716,1296.8460714285716,1284.7148214285717,0.1,-35.36071428571468,-346.60714285714675,-1.0,SL,2018Q2,2018,31
70,3954,2018-06-04 22:00:00,3992,2018-06-05 18:00:00,SELL,1292.49,1294.5128571428572,1294.5128571428572,1287.432857142857,0.1,-20.928571428572194,-202.28571428572195,-1.0,SL,2018Q2,2018,38
71,4157,2018-06-11 08:30:00,4165,2018-06-11 12:30:00,SELL,1298.55,1295.1160714285713,1299.9235714285714,1295.1160714285713,0.1,33.63928571428623,343.39285714286234,2.330282038594684,TP,2018Q2,2018,8
72,4185,2018-06-11 22:30:00,4190,2018-06-12 02:00:00,BUY,1300.31,1298.4778571428571,1298.4778571428571,1304.890357142857,0.1,-19.021428571427986,-183.21428571427987,-1.0,SL,2018Q2,2018,5
73,4202,2018-06-12 08:00:00,4208,2018-06-12 11:00:00,SELL,1296.85,1298.6917857142857,1298.6917857142857,1292.2455357142856,0.1,-19.117857142858337,-184.17857142858338,-1.0,SL,2018Q2,2018,6
74,4226,2018-06-12 20:00:00,4269,2018-06-13 18:30:00,SELL,1296.45,1299.0835714285715,1299.0835714285715,1289.8660714285713,0.1,-27.035714285714857,-263.3571428571486,-1.0,SL,2018Q2,2018,43
75,4326,2018-06-15 01:00:00,4354,2018-06-15 15:00:00,SELL,1302.29,1295.8292857142858,1304.8742857142856,1295.8292857142858,0.1,63.90714285714175,646.0714285714175,2.4076964477933247,TP,2018Q2,2018,28
76,4411,2018-06-18 20:30:00,4411,2018-06-18 20:30:00,SELL,1277.43,1279.6371428571429,1279.6371428571429,1271.912142857143,0.1,-22.771428571427986,-220.71428571427987,-1.0,SL,2018Q2,2018,0
77,4422,2018-06-19 03:00:00,4435,2018-06-19 09:30:00,BUY,1281.42,1279.8107142857143,1279.8107142857143,1285.4432142857142,0.1,-16.79285714285761,-160.9285714285761,-1.0,SL,2018Q2,2018,13
78,4445,2018-06-19 14:30:00,4448,2018-06-19 16:00:00,SELL,1273.24,1276.0096428571428,1276.0096428571428,1266.315892857143,0.1,-28.396428571427986,-276.96428571427987,-1.0,SL,2018Q2,2018,3
79,4464,2018-06-20 01:00:00,4505,2018-06-20 21:30:00,SELL,1274.62,1268.7994642857143,1276.9482142857141,1268.7994642857143,0.1,57.50535714285597,582.0535714285597,2.3978406552494396,TP,2018Q2,2018,41
80,4600,2018-06-22 23:00:00,4612,2018-06-25 06:00:00,BUY,1270.3,1268.3425,1268.3425,1275.19375,0.1,-20.274999999999817,-195.74999999999818,-1.0,SL,2018Q2,2018,12
81,4737,2018-06-27 22:30:00,4823,2018-06-29 19:30:00,SELL,1252.32,1254.9182142857142,1254.9182142857142,1245.8244642857142,0.1,-26.682142857142207,-259.8214285714221,-1.0,SL,2018Q2,2018,86
82,4925,2018-07-04 01:30:00,4931,2018-07-04 04:30:00,BUY,1253.67,1259.2467857142858,1251.4392857142857,1259.2467857142858,0.1,55.067857142857335,557.6785714285734,2.3935113318844135,TP,2018Q3,2018,6
83,4939,2018-07-04 08:30:00,4946,2018-07-04 12:00:00,BUY,1258.34,1255.9946428571427,1255.9946428571427,1264.2033928571427,0.1,-24.153571428572103,-234.53571428572104,-1.0,SL,2018Q3,2018,7
84,4976,2018-07-05 08:00:00,4979,2018-07-05 09:30:00,SELL,1255.06,1256.6457142857143,1256.6457142857143,1251.0957142857142,0.1,-16.557142857144026,-158.57142857144026,-1.0,SL,2018Q3,2018,3
85,5008,2018-07-06 01:00:00,5015,2018-07-06 04:30:00,BUY,1257.61,1255.3674999999998,1255.3674999999998,1263.21625,0.1,-23.125000000000636,-224.25000000000637,-1.0,SL,2018Q3,2018,7
86,5277,2018-07-13 20:30:00,5291,2018-07-16 04:30:00,SELL,1240.73,1243.8317857142856,1243.8317857142856,1232.9755357142858,0.1,-31.717857142855973,-310.17857142855974,-1.0,SL,2018Q3,2018,14
87,5333,2018-07-17 02:30:00,5338,2018-07-17 05:00:00,SELL,1240.07,1241.3407142857143,1241.3407142857143,1236.8932142857143,0.1,-13.40714285714348,-127.07142857143481,-1.0,SL,2018Q3,2018,5
88,5475,2018-07-20 04:30:00,5483,2018-07-20 08:30:00,SELL,1219.55,1222.6389285714286,1222.6389285714286,1211.8276785714286,0.1,-31.58928571428596,-308.8928571428596,-1.0,SL,2018Q3,2018,8
89,5507,2018-07-20 20:30:00,5535,2018-07-23 11:30:00,BUY,1231.42,1228.1382142857144,1228.1382142857144,1239.6244642857143,0.1,-33.51785714285661,-328.1785714285661,-1.0,SL,2018Q3,2018,28
90,5563,2018-07-24 02:30:00,5573,2018-07-24 07:30:00,SELL,1223.75,1218.8535714285715,1225.7085714285715,1218.8535714285715,0.1,48.26428571428487,489.6428571428487,2.379225352112514,TP,2018Q3,2018,10
91,5584,2018-07-24 13:00:00,5629,2018-07-25 12:30:00,BUY,1225.1,1231.2205357142857,1222.6517857142856,1231.2205357142857,0.1,60.50535714285779,612.0535714285779,2.4027088356261097,TP,2018Q3,2018,45
92,5713,2018-07-27 08:30:00,5716,2018-07-27 10:00:00,SELL,1223.22,1225.0135714285714,1225.0135714285714,1218.7360714285714,0.1,-18.6357142857134,-179.35714285713402,-1.0,SL,2018Q3,2018,3
93,5741,2018-07-27 22:30:00,5777,2018-07-30 17:30:00,SELL,1222.48,1225.1585714285716,1225.1585714285716,1215.7835714285713,0.1,-27.485714285715584,-267.85714285715585,-1.0,SL,2018Q3,2018,36
94,5787,2018-07-30 22:30:00,5794,2018-07-31 03:00:00,SELL,1221.59,1223.3974999999998,1223.3974999999998,1217.07125,0.1,-18.774999999998908,-180.7499999999891,-1.0,SL,2018Q3,2018,7
95,5850,2018-08-01 08:00:00,5856,2018-08-01 11:00:00,SELL,1220.76,1222.7196428571428,1222.7196428571428,1215.8608928571427,0.1,-20.29642857142853,-195.96428571428532,-1.0,SL,2018Q3,2018,6
96,5941,2018-08-03 07:30:00,5953,2018-08-03 13:30:00,SELL,1207.04,1208.9471428571428,1208.9471428571428,1202.2721428571429,0.1,-19.77142857142844,-190.71428571428442,-1.0,SL,2018Q3,2018,12
97,5990,2018-08-06 09:00:00,5999,2018-08-06 13:30:00,SELL,1213.88,1209.7416071428572,1215.5353571428573,1209.7416071428572,0.1,40.68392857142889,413.83928571428896,2.358000413992963,TP,2018Q3,2018,9
98,6017,2018-08-06 22:30:00,6026,2018-08-07 04:00:00,SELL,1207.82,1209.827857142857,1209.827857142857,1202.8003571428571,0.1,-20.778571428571194,-200.78571428571195,-1.0,SL,2018Q3,2018,9
99,6081,2018-08-08 08:30:00,6082,2018-08-08 09:00:00,BUY,1214.43,1212.7082142857143,1212.7082142857143,1218.7344642857145,0.1,-17.917857142857155,-172.17857142857156,-1.0,SL,2018Q3,2018,1
100,6090,2018-08-08 13:00:00,6095,2018-08-08 15:30:00,SELL,1211.51,1206.8626785714287,1213.3689285714286,1206.8626785714287,0.1,45.77321428571331,464.7321428571331,2.3729864839843886,TP,2018Q3,2018,5
101,6117,2018-08-09 03:30:00,6119,2018-08-09 04:30:00,BUY,1214.53,1212.8821428571428,1212.8821428571428,1218.649642857143,0.1,-17.178571428572194,-164.78571428572195,-1.0,SL,2018Q3,2018,2
102,6201,2018-08-10 22:30:00,6206,2018-08-13 02:00:00,SELL,1210.94,1213.8425000000002,1213.8425000000002,1203.68375,0.1,-29.725000000001454,-290.25000000001455,-1.0,SL,2018Q3,2018,5
103,6231,2018-08-13 14:30:00,6233,2018-08-13 15:30:00,SELL,1199.11,1201.8496428571427,1201.8496428571427,1192.2608928571426,0.1,-28.09642857142826,-273.9642857142826,-1.0,SL,2018Q3,2018,2
104,6254,2018-08-14 03:00:00,6257,2018-08-14 04:30:00,SELL,1192.72,1195.2292857142857,1195.2292857142857,1186.4467857142856,0.1,-25.792857142856246,-250.92857142856246,-1.0,SL,2018Q3,2018,3
105,6265,2018-08-14 08:30:00,6278,2018-08-14 15:00:00,SELL,1194.37,1196.3157142857142,1196.3157142857142,1189.5057142857142,0.1,-20.157142857143025,-194.57142857143026,-1.0,SL,2018Q3,2018,13
106,6339,2018-08-15 22:30:00,6347,2018-08-16 03:30:00,SELL,1175.13,1165.9853571428573,1178.787857142857,1165.9853571428573,0.1,90.74642857142798,914.4642857142799,2.434278597432547,TP,2018Q3,2018,8
107,6380,2018-08-16 20:00:00,6429,2018-08-17 21:30:00,SELL,1177.57,1180.9975,1180.9975,1169.00125,0.1,-34.975000000000094,-342.7500000000009,-1.0,SL,2018Q3,2018,49
108,6439,2018-08-20 03:30:00,6476,2018-08-20 22:00:00,BUY,1184.23,1190.155,1181.86,1190.155,0.1,58.54999999999954,592.4999999999955,2.3995901639342914,TP,2018Q3,2018,37
109,6477,2018-08-20 22:30:00,6514,2018-08-21 18:00:00,BUY,1190.55,1187.9142857142856,1187.9142857142856,1197.1392857142857,0.1,-27.05714285714357,-263.5714285714357,-1.0,SL,2018Q3,2018,37
110,6540,2018-08-22 08:00:00,6542,2018-08-22 09:00:00,BUY,1195.92,1194.1457142857143,1194.1457142857143,1200.3557142857142,0.1,-18.442857142857246,-177.42857142857247,-1.0,SL,2018Q3,2018,2
111,6576,2018-08-23 03:00:00,6589,2018-08-23 09:30:00,SELL,1194.97,1190.02,1196.95,1190.02,0.1,48.80000000000045,495.00000000000455,2.38048780487805,TP,2018Q3,2018,13
112,6608,2018-08-23 19:00:00,6642,2018-08-24 13:00:00,SELL,1188.89,1191.7517857142857,1191.7517857142857,1181.7355357142858,0.1,-29.317857142855882,-286.1785714285588,-1.0,SL,2018Q3,2018,34
113,6665,2018-08-27 01:30:00,6671,2018-08-27 04:30:00,BUY,1207.14,1204.6178571428572,1204.6178571428572,1213.4453571428571,0.1,-25.92142857142853,-252.21428571428532,-1.0,SL,2018Q3,2018,6
114,6708,2018-08-27 23:00:00,6721,2018-08-28 06:30:00,BUY,1210.55,1208.035357142857,1208.035357142857,1216.8366071428572,0.1,-25.84642857142917,-251.4642857142917,-1.0,SL,2018Q3,2018,13
115,6750,2018-08-28 21:00:00,6833,2018-08-30 16:30:00,SELL,1204.96,1197.0716071428571,1208.1153571428572,1197.0716071428571,0.1,78.1839285714289,788.839285714289,2.424039419776326,TP,2018Q3,2018,83
116,6853,2018-08-31 03:30:00,6854,2018-08-31 04:00:00,SELL,1198.77,1200.4939285714286,1200.4939285714286,1194.4601785714285,0.1,-17.93928571428587,-172.3928571428587,-1.0,SL,2018Q3,2018,1
117,6890,2018-08-31 22:00:00,6910,2018-09-03 09:00:00,SELL,1198.55,1201.7160714285715,1201.7160714285715,1190.6348214285713,0.1,-32.36071428571513,-316.6071428571513,-1.0,SL,2018Q3,2018,20
118,6933,2018-09-04 01:30:00,6949,2018-09-04 09:30:00,SELL,1200.71,1196.6519642857143,1202.3332142857143,1196.6519642857143,0.1,39.88035714285779,405.8035714285779,2.3553047880194073,TP,2018Q3,2018,16
119,6983,2018-09-05 03:30:00,6984,2018-09-05 04:00:00,SELL,1191.1,1193.0114285714285,1193.0114285714285,1186.3214285714284,0.1,-19.81428571428587,-191.1428571428587,-1.0,SL,2018Q3,2018,1
120,7022,2018-09-05 23:00:00,7044,2018-09-06 11:00:00,BUY,1197.16,1202.1903571428572,1195.1478571428572,1202.1903571428572,0.1,49.603571428571556,503.0357142857156,2.382332761578045,TP,2018Q3,2018,22
121,7065,2018-09-06 21:30:00,7099,2018-09-07 15:30:00,BUY,1200.19,1196.7442857142858,1196.7442857142858,1208.8042857142857,0.1,-35.15714285714303,-344.57142857143026,-1.0,SL,2018Q3,2018,34
122,7107,2018-09-07 19:30:00,7207,2018-09-11 23:30:00,SELL,1195.38,1199.1750000000002,1199.1750000000002,1185.8925,0.1,-38.65000000000073,-379.5000000000073,-1.0,SL,2018Q3,2018,100
123,7259,2018-09-13 03:30:00,7259,2018-09-13 03:30:00,BUY,1207.19,1205.3932142857143,1205.3932142857143,1211.6819642857145,0.1,-18.66785714285761,-179.6785714285761,-1.0,SL,2018Q3,2018,0
124,7294,2018-09-13 21:00:00,7310,2018-09-14 06:00:00,SELL,1201.61,1205.2775,1205.2775,1192.4412499999999,0.1,-37.375000000000185,-366.7500000000018,-1.0,SL,2018Q3,2018,16
125,7346,2018-09-17 01:00:00,7365,2018-09-17 10:30:00,SELL,1193.84,1196.777857142857,1196.777857142857,1186.495357142857,0.1,-30.07857142857183,-293.7857142857183,-1.0,SL,2018Q3,2018,19
126,7418,2018-09-18 14:00:00,7424,2018-09-18 17:00:00,BUY,1200.27,1198.1710714285714,1198.1710714285714,1205.5173214285714,0.1,-21.68928571428587,-209.8928571428587,-1.0,SL,2018Q3,2018,6
127,7430,2018-09-18 20:00:00,7450,2018-09-19 07:00:00,SELL,1198.23,1201.3189285714286,1201.3189285714286,1190.5076785714286,0.1,-31.58928571428596,-308.8928571428596,-1.0,SL,2018Q3,2018,20
128,7533,2018-09-21 02:30:00,7554,2018-09-21 13:00:00,BUY,1207.73,1206.1378571428572,1206.1378571428572,1211.710357142857,0.1,-16.621428571427895,-159.21428571427896,-1.0,SL,2018Q3,2018,21
129,7578,2018-09-24 02:00:00,7602,2018-09-24 14:00:00,SELL,1197.65,1200.1432142857143,1200.1432142857143,1191.4169642857144,0.1,-25.632142857142025,-249.32142857142026,-1.0,SL,2018Q3,2018,24
130,7615,2018-09-24 20:30:00,7653,2018-09-25 16:30:00,SELL,1199.84,1202.8142857142857,1202.8142857142857,1192.4042857142858,0.1,-30.4428571428577,-297.428571428577,-1.0,SL,2018Q3,2018,38
131,7670,2018-09-26 02:00:00,7673,2018-09-26 03:30:00,BUY,1201.95,1200.5196428571428,1200.5196428571428,1205.525892857143,0.1,-15.003571428572467,-143.03571428572468,-1.0,SL,2018Q3,2018,3
132,7683,2018-09-26 08:30:00,7684,2018-09-26 09:00:00,BUY,1202.53,1201.45,1201.45,1205.23,0.1,-11.499999999999272,-107.99999999999272,-1.0,SL,2018Q3,2018,1
133,7714,2018-09-27 01:00:00,7724,2018-09-27 06:00:00,SELL,1194.61,1198.5528571428572,1198.5528571428572,1184.752857142857,0.1,-40.128571428572926,-394.2857142857292,-1.0,SL,2018Q3,2018,10
134,7725,2018-09-27 06:30:00,7728,2018-09-27 08:00:00,BUY,1198.59,1197.0835714285713,1197.0835714285713,1202.3560714285713,0.1,-15.764285714286142,-150.64285714286143,-1.0,SL,2018Q3,2018,3
135,7759,2018-09-27 23:30:00,7789,2018-09-28 15:30:00,SELL,1183.21,1186.0407142857143,1186.0407142857143,1176.1332142857143,0.1,-29.007142857142934,-283.07142857142935,-1.0,SL,2018Q3,2018,30
136,7866,2018-10-02 08:00:00,7876,2018-10-02 13:00:00,BUY,1192.74,1191.2689285714287,1191.2689285714287,1196.4176785714287,0.1,-15.410714285713492,-147.10714285713493,-1.0,SL,2018Q4,2018,10
137,7899,2018-10-03 01:30:00,7926,2018-10-03 15:00:00,BUY,1204.31,1201.6142857142856,1201.6142857142856,1211.0492857142858,0.1,-27.657142857143025,-269.57142857143026,-1.0,SL,2018Q4,2018,27
138,7944,2018-10-04 01:00:00,7963,2018-10-04 10:30:00,SELL,1197.42,1200.3117857142859,1200.3117857142859,1190.1905357142857,0.1,-29.617857142857883,-289.17857142857883,-1.0,SL,2018Q4,2018,19
139,7970,2018-10-04 14:00:00,7971,2018-10-04 14:30:00,SELL,1198.44,1200.3492857142858,1200.3492857142858,1193.6667857142859,0.1,-19.792857142857155,-190.92857142857156,-1.0,SL,2018Q4,2018,1
140,7994,2018-10-05 03:00:00,8013,2018-10-05 12:30:00,SELL,1198.96,1200.8917857142858,1200.8917857142858,1194.1305357142855,0.1,-20.01785714285752,-193.1785714285752,-1.0,SL,2018Q4,2018,19
141,8032,2018-10-05 22:00:00,8042,2018-10-08 04:00:00,BUY,1203.86,1200.0521428571428,1200.0521428571428,1213.3796428571427,0.1,-38.77857142857074,-380.7857142857074,-1.0,SL,2018Q4,2018,10
142,8123,2018-10-09 21:30:00,8149,2018-10-10 11:30:00,BUY,1189.63,1186.5014285714287,1186.5014285714287,1197.4514285714286,0.1,-31.985714285713765,-312.85714285713766,-1.0,SL,2018Q4,2018,26
143,8213,2018-10-11 20:30:00,8227,2018-10-12 04:30:00,BUY,1224.53,1218.6564285714285,1218.6564285714285,1239.2139285714286,0.1,-59.43571428571495,-587.3571428571495,-1.0,SL,2018Q4,2018,14
144,8267,2018-10-15 01:30:00,8284,2018-10-15 10:00:00,BUY,1219.01,1226.609107142857,1215.9703571428572,1226.609107142857,0.1,75.29107142857065,759.9107142857065,2.4212128172734926,TP,2018Q4,2018,17
145,8311,2018-10-15 23:30:00,8356,2018-10-16 23:00:00,BUY,1227.12,1223.8574999999998,1223.8574999999998,1235.27625,0.1,-33.32500000000046,-326.25000000000455,-1.0,SL,2018Q4,2018,45
146,8399,2018-10-17 21:30:00,8433,2018-10-18 15:30:00,SELL,1223.14,1226.2289285714287,1226.2289285714287,1215.417678571429,0.1,-31.58928571428596,-308.8928571428596,-1.0,SL,2018Q4,2018,34
147,8557,2018-10-23 08:30:00,8559,2018-10-23 09:30:00,BUY,1224.85,1227.8124999999998,1223.665,1227.8124999999998,0.1,28.924999999998636,296.24999999998636,2.3047808764940156,TP,2018Q4,2018,2
148,8589,2018-10-24 01:30:00,8615,2018-10-24 14:30:00,BUY,1231.25,1228.6121428571428,1228.6121428571428,1237.8446428571428,0.1,-27.078571428572285,-263.78571428572286,-1.0,SL,2018Q4,2018,26
149,8683,2018-10-26 02:30:00,8696,2018-10-26 09:00:00,SELL,1231.23,1233.1392857142857,1233.1392857142857,1226.4567857142856,0.1,-19.792857142857155,-190.92857142857156,-1.0,SL,2018Q4,2018,13
150,8730,2018-10-29 02:00:00,8734,2018-10-29 04:00:00,SELL,1232.68,1235.517142857143,1235.517142857143,1225.587142857143,0.1,-29.071428571429077,-283.7142857142908,-1.0,SL,2018Q4,2018,4
151,8815,2018-10-30 21:30:00,8829,2018-10-31 05:30:00,SELL,1222.4,1216.175,1224.89,1216.175,0.1,61.55000000000136,622.5000000000136,2.404296875000045,TP,2018Q4,2018,14
152,8877,2018-11-01 06:30:00,8881,2018-11-01 08:30:00,BUY,1218.46,1222.2582142857143,1216.9407142857142,1222.2582142857143,0.1,37.28214285714266,379.8214285714266,2.345842696629011,TP,2018Q4,2018,4
153,8951,2018-11-02 20:30:00,8983,2018-11-05 14:30:00,BUY,1233.33,1229.185714285714,1229.185714285714,1243.6907142857142,0.1,-42.14285714285843,-414.4285714285843,-1.0,SL,2018Q4,2018,32
154,9001,2018-11-05 23:30:00,9010,2018-11-06 05:00:00,BUY,1231.78,1229.6328571428571,1229.6328571428571,1237.1478571428572,0.1,-22.17142857142853,-214.71428571428532,-1.0,SL,2018Q4,2018,9
155,9065,2018-11-07 09:30:00,9079,2018-11-07 16:30:00,BUY,1231.05,1227.170357142857,1227.170357142857,1240.7491071428572,0.1,-39.49642857142926,-387.9642857142926,-1.0,SL,2018Q4,2018,14
156,9143,2018-11-09 02:30:00,9168,2018-11-09 15:00:00,SELL,1222.3,1216.3348214285716,1224.6860714285713,1216.3348214285716,0.1,58.95178571428396,596.5178571428396,2.4002472008143503,TP,2018Q4,2018,25
157,9270,2018-11-13 20:00:00,9315,2018-11-14 19:30:00,SELL,1201.74,1204.8246428571429,1204.8246428571429,1194.0283928571428,0.1,-31.54642857142853,-308.4642857142853,-1.0,SL,2018Q4,2018,45
158,9334,2018-11-15 06:00:00,9351,2018-11-15 14:30:00,BUY,1210.86,1208.625,1208.625,1216.4475,0.1,-23.049999999999,-223.49999999999,-1.0,SL,2018Q4,2018,17
159,9372,2018-11-16 02:00:00,9399,2018-11-16 15:30:00,BUY,1214.12,1220.1066071428572,1211.7253571428569,1220.1066071428572,0.1,59.166071428573375,598.6607142857338,2.400594116794582,TP,2018Q4,2018,27
160,9417,2018-11-19 01:30:00,9425,2018-11-19 05:30:00,BUY,1222.54,1220.5567857142858,1220.5567857142858,1227.4980357142854,0.1,-20.532142857142116,-198.32142857142117,-1.0,SL,2018Q4,2018,8
161,9464,2018-11-20 02:00:00,9465,2018-11-20 02:30:00,BUY,1224.31,1222.6032142857143,1222.6032142857143,1228.5769642857142,0.1,-17.767857142856155,-170.67857142856155,-1.0,SL,2018Q4,2018,1
162,9636,2018-11-26 03:00:00,9638,2018-11-26 04:00:00,SELL,1222.81,1224.6753571428571,1224.6753571428571,1218.146607142857,0.1,-19.35357142857192,-186.53571428571922,-1.0,SL,2018Q4,2018,2
163,9727,2018-11-28 02:30:00,9750,2018-11-28 14:00:00,SELL,1213.98,1215.5935714285715,1215.5935714285715,1209.9460714285715,0.1,-16.83571428571504,-161.3571428571504,-1.0,SL,2018Q4,2018,23
164,9774,2018-11-29 03:00:00,9847,2018-11-30 16:30:00,BUY,1222.09,1218.3710714285712,1218.3710714285712,1231.3873214285716,0.1,-37.889285714287055,-371.8928571428705,-1.0,SL,2018Q4,2018,73
165,9863,2018-12-03 01:30:00,9878,2018-12-03 09:00:00,BUY,1222.83,1228.2514285714285,1220.6614285714286,1228.2514285714285,0.1,53.514285714285776,542.1428571428578,2.3905552010211566,TP,2018Q4,2018,15
166,9955,2018-12-05 01:30:00,9956,2018-12-05 02:00:00,BUY,1239.31,1237.020357142857,1237.020357142857,1245.0341071428572,0.1,-23.596428571430078,-228.9642857143008,-1.0,SL,2018Q4,2018,1
167,9982,2018-12-05 15:00:00,9986,2018-12-05 17:00:00,BUY,1238.06,1236.1710714285714,1236.1710714285714,1242.7823214285713,0.1,-19.589285714285506,-188.89285714285506,-1.0,SL,2018Q4,2018,4
168,9999,2018-12-05 23:30:00,10016,2018-12-06 09:00:00,BUY,1237.56,1235.865,1235.865,1241.7975,0.1,-17.649999999999363,-169.49999999999363,-1.0,SL,2018Q4,2018,17
169,10049,2018-12-07 02:30:00,10075,2018-12-07 15:30:00,BUY,1238.66,1244.684107142857,1236.2503571428572,1244.684107142857,0.1,59.54107142857019,602.4107142857019,2.4011954486532296,TP,2018Q4,2018,26
170,10198,2018-12-12 08:00:00,10206,2018-12-12 12:00:00,SELL,1243.78,1245.1096428571427,1245.1096428571427,1240.4558928571428,0.1,-13.99642857142744,-132.9642857142744,-1.0,SL,2018Q4,2018,8
171,10227,2018-12-12 22:30:00,10253,2018-12-13 12:30:00,BUY,1245.85,1243.6128571428571,1243.6128571428571,1251.442857142857,0.1,-23.071428571427713,-223.71428571427714,-1.0,SL,2018Q4,2018,26
172,10285,2018-12-14 05:30:00,10293,2018-12-14 09:30:00,SELL,1241.75,1238.2732142857144,1243.1407142857142,1238.2732142857144,0.1,34.06785714285597,347.67857142855974,2.3322738386308015,TP,2018Q4,2018,8
173,10323,2018-12-17 01:30:00,10344,2018-12-17 12:00:00,SELL,1237.31,1239.5224999999998,1239.5224999999998,1231.77875,0.1,-22.824999999998635,-221.24999999998636,-1.0,SL,2018Q4,2018,21
174,10415,2018-12-19 01:30:00,10435,2018-12-19 11:30:00,BUY,1249.87,1248.245714285714,1248.245714285714,1253.9307142857144,0.1,-16.94285714285861,-162.4285714285861,-1.0,SL,2018Q4,2018,20
175,10508,2018-12-21 02:00:00,10519,2018-12-21 07:30:00,BUY,1262.06,1258.7010714285714,1258.7010714285714,1270.4573214285715,0.1,-34.28928571428578,-335.8928571428578,-1.0,SL,2018Q4,2018,11
176,10545,2018-12-21 20:30:00,10552,2018-12-24 01:00:00,SELL,1254.66,1257.6010714285715,1257.6010714285715,1247.3073214285714,0.1,-30.110714285713765,-294.10714285713766,-1.0,SL,2018Q4,2018,7
177,10553,2018-12-24 01:30:00,10560,2018-12-24 05:00:00,BUY,1258.48,1264.2148214285717,1256.1860714285713,1264.2148214285717,0.1,56.64821428571649,573.482142857165,2.3963589666111824,TP,2018Q4,2018,7
178,10596,2018-12-26 13:00:00,10609,2018-12-26 19:30:00,BUY,1273.43,1270.5564285714286,1270.5564285714286,1280.6139285714285,0.1,-29.435714285714948,-287.3571428571495,-1.0,SL,2018Q4,2018,13
179,10619,2018-12-27 01:30:00,10656,2018-12-27 20:00:00,BUY,1269.19,1278.2757142857142,1265.5557142857144,1278.2757142857142,0.1,90.15714285714175,908.5714285714175,2.4338603933667855,TP,2018Q4,2018,37
180,10678,2018-12-28 08:00:00,10682,2018-12-28 10:00:00,BUY,1278.65,1277.2121428571431,1277.2121428571431,1282.2446428571427,0.1,-15.078571428569557,-143.78571428569558,-1.0,SL,2018Q4,2018,4
181,10815,2019-01-03 20:30:00,10843,2019-01-04 11:30:00,BUY,1292.9,1289.375,1289.375,1301.7125,0.1,-35.95000000000091,-352.5000000000091,-1.0,SL,2019Q1,2019,28
182,10882,2019-01-07 08:00:00,10883,2019-01-07 08:30:00,BUY,1291.62,1289.3774999999998,1289.3774999999998,1297.22625,0.1,-23.125000000000636,-224.25000000000637,-1.0,SL,2019Q1,2019,1
183,10911,2019-01-07 22:30:00,10912,2019-01-07 23:00:00,SELL,1286.73,1289.079642857143,1289.079642857143,1280.8558928571429,0.1,-24.196428571429532,-234.96428571429533,-1.0,SL,2019Q1,2019,1
184,10915,2019-01-08 01:30:00,10917,2019-01-08 02:30:00,BUY,1289.67,1287.759642857143,1287.759642857143,1294.4458928571428,0.1,-19.803571428570375,-191.03571428570376,-1.0,SL,2019Q1,2019,2
185,10963,2019-01-09 02:30:00,10967,2019-01-09 04:30:00,BUY,1285.81,1284.2414285714285,1284.2414285714285,1289.7314285714285,0.1,-16.38571428571431,-156.85714285714312,-1.0,SL,2019Q1,2019,4
186,11050,2019-01-10 23:00:00,11054,2019-01-11 02:00:00,SELL,1286.17,1288.4928571428572,1288.4928571428572,1280.3628571428571,0.1,-23.92857142857174,-232.2857142857174,-1.0,SL,2019Q1,2019,4
187,11094,2019-01-11 22:00:00,11102,2019-01-14 03:00:00,SELL,1287.99,1290.4660714285715,1290.4660714285715,1281.7998214285715,0.1,-25.460714285714584,-247.60714285714585,-1.0,SL,2019Q1,2019,8
188,11136,2019-01-14 20:00:00,11162,2019-01-15 10:00:00,BUY,1291.83,1289.015357142857,1289.015357142857,1298.8666071428572,0.1,-28.846428571428714,-281.46428571428714,-1.0,SL,2019Q1,2019,26
189,11193,2019-01-16 02:30:00,11195,2019-01-16 03:30:00,BUY,1290.71,1289.0375,1289.0375,1294.8912500000001,0.1,-17.425000000001273,-167.25000000001273,-1.0,SL,2019Q1,2019,2
190,11308,2019-01-18 14:00:00,11347,2019-01-21 10:30:00,SELL,1284.71,1279.5564285714286,1286.7714285714287,1279.5564285714286,0.1,50.83571428571467,515.3571428571468,2.385053619302848,TP,2019Q1,2019,39
191,11405,2019-01-22 20:30:00,11440,2019-01-23 15:00:00,BUY,1284.19,1281.9496428571429,1281.9496428571429,1289.7908928571428,0.1,-23.10357142857192,-224.03571428571922,-1.0,SL,2019Q1,2019,35
192,11452,2019-01-23 21:00:00,11533,2019-01-25 15:30:00,SELL,1283.51,1286.2260714285715,1286.2260714285715,1276.7198214285713,0.1,-27.860714285714675,-271.60714285714675,-1.0,SL,2019Q1,2019,81
193,11548,2019-01-25 23:00:00,11615,2019-01-29 10:30:00,BUY,1299.74,1308.4560714285715,1296.2535714285714,1308.4560714285715,0.1,86.46071428571467,871.6071428571468,2.431110664792096,TP,2019Q1,2019,67
194,11689,2019-01-31 01:30:00,11750,2019-02-01 09:00:00,BUY,1320.2,1316.842142857143,1316.842142857143,1328.5946428571428,0.1,-34.27857142857029,-335.78571428570285,-1.0,SL,2019Q1,2019,61
195,11781,2019-02-04 01:30:00,11791,2019-02-04 06:30:00,SELL,1316.91,1312.4608928571429,1318.6896428571429,1312.4608928571429,0.1,43.79107142857201,444.91071428572013,2.3675419965245434,TP,2019Q1,2019,10
196,11823,2019-02-04 22:30:00,11838,2019-02-05 07:00:00,SELL,1312.93,1315.3878571428572,1315.3878571428572,1306.785357142857,0.1,-25.27857142857165,-245.7857142857165,-1.0,SL,2019Q1,2019,15
197,11839,2019-02-05 07:30:00,11840,2019-02-05 08:00:00,BUY,1315.27,1314.22,1314.22,1317.895,0.1,-11.199999999999545,-104.99999999999545,-1.0,SL,2019Q1,2019,1
198,11870,2019-02-05 23:00:00,11877,2019-02-06 03:30:00,BUY,1315.41,1313.3860714285715,1313.3860714285715,1320.4698214285715,0.1,-20.939285714285415,-202.39285714285415,-1.0,SL,2019Q1,2019,7
199,11930,2019-02-07 07:00:00,11932,2019-02-07 08:00:00,SELL,1303.04,1304.8228571428572,1304.8228571428572,1298.5828571428572,0.1,-18.528571428572103,-178.28571428572104,-1.0,SL,2019Q1,2019,2
200,11978,2019-02-08 08:00:00,11980,2019-02-08 09:00:00,BUY,1309.76,1308.4667857142858,1308.4667857142858,1312.9930357142855,0.1,-13.63214285714157,-129.3214285714157,-1.0,SL,2019Q1,2019,2
201,12056,2019-02-12 01:00:00,12070,2019-02-12 08:00:00,SELL,1308.03,1309.86,1309.86,1303.4550000000002,0.1,-18.99999999999927,-182.99999999999272,-1.0,SL,2019Q1,2019,14
202,12142,2019-02-13 21:00:00,12185,2019-02-14 19:30:00,SELL,1310.59,1314.0582142857143,1314.0582142857143,1301.9194642857142,0.1,-35.38214285714339,-346.8214285714339,-1.0,SL,2019Q1,2019,43
203,12186,2019-02-14 20:00:00,12186,2019-02-14 20:00:00,BUY,1314.17,1310.6225000000002,1310.6225000000002,1323.03875,0.1,-36.174999999999,-354.74999999999,-1.0,SL,2019Q1,2019,0
204,12328,2019-02-20 03:00:00,12330,2019-02-20 04:00:00,BUY,1340.67,1345.5503571428574,1338.7178571428572,1345.5503571428574,0.1,48.10357142857292,488.0357142857292,2.3788413987990147,TP,2019Q1,2019,2
205,12375,2019-02-21 03:30:00,12406,2019-02-21 19:00:00,SELL,1338.52,1330.0128571428572,1341.922857142857,1330.0128571428572,0.1,84.37142857142753,850.7142857142753,2.429452900041134,TP,2019Q1,2019,31
206,12414,2019-02-21 23:00:00,12433,2019-02-22 09:30:00,SELL,1323.48,1326.767142857143,1326.767142857143,1315.2621428571429,0.1,-33.571428571429536,-328.71428571429533,-1.0,SL,2019Q1,2019,19
207,12458,2019-02-22 22:00:00,12467,2019-02-25 03:30:00,SELL,1327.64,1331.0385714285715,1331.0385714285715,1319.1435714285715,0.1,-34.68571428571359,-339.85714285713584,-1.0,SL,2019Q1,2019,9
208,12549,2019-02-26 21:30:00,12583,2019-02-27 15:30:00,BUY,1328.29,1325.4464285714284,1325.4464285714284,1335.3989285714285,0.1,-29.13571428571522,-284.3571428571522,-1.0,SL,2019Q1,2019,34
209,12614,2019-02-28 08:00:00,12615,2019-02-28 08:30:00,SELL,1318.24,1319.6414285714286,1319.6414285714286,1314.7364285714286,0.1,-14.71428571428596,-140.1428571428596,-1.0,SL,2019Q1,2019,1
210,12659,2019-03-01 07:30:00,12662,2019-03-01 09:00:00,SELL,1312.69,1309.1248214285715,1314.1160714285716,1309.1248214285715,0.1,34.95178571428532,356.51785714285325,2.336237765576366,TP,2019Q1,2019,3
211,12673,2019-03-01 14:30:00,12678,2019-03-01 17:00:00,SELL,1307.63,1310.1350000000002,1310.1350000000002,1301.3675,0.1,-25.75000000000109,-250.5000000000109,-1.0,SL,2019Q1,2019,5
212,12706,2019-03-04 08:00:00,12711,2019-03-04 10:30:00,SELL,1293.98,1289.38625,1295.8175,1289.38625,0.1,45.2375,459.375,2.37155963302741,TP,2019Q1,2019,5
213,12824,2019-03-06 21:00:00,12833,2019-03-07 02:30:00,SELL,1285.72,1288.3889285714286,1288.3889285714286,1279.0476785714284,0.1,-27.389285714285233,-266.89285714285234,-1.0,SL,2019Q1,2019,9
214,12844,2019-03-07 08:00:00,12847,2019-03-07 09:30:00,SELL,1284.28,1285.5989285714286,1285.5989285714286,1280.9826785714286,0.1,-13.889285714286142,-131.89285714286143,-1.0,SL,2019Q1,2019,3
215,12919,2019-03-08 22:30:00,12923,2019-03-11 00:30:00,BUY,1300.11,1296.7692857142856,1296.7692857142856,1308.4617857142855,0.1,-34.10714285714285,-334.07142857142844,-1.0,SL,2019Q1,2019,4
216,12928,2019-03-11 03:00:00,12928,2019-03-11 03:00:00,BUY,1298.4,1296.6803571428572,1296.6803571428572,1302.6991071428572,0.1,-17.89642857142844,-171.96428571428442,-1.0,SL,2019Q1,2019,0
217,12935,2019-03-11 06:30:00,12941,2019-03-11 09:30:00,BUY,1297.7,1296.11,1296.11,1301.6750000000002,0.1,-16.600000000001454,-159.00000000001455,-1.0,SL,2019Q1,2019,6
218,13008,2019-03-12 20:00:00,13020,2019-03-13 03:00:00,BUY,1298.61,1304.4653571428569,1296.267857142857,1304.4653571428569,0.1,57.85357142856974,585.5357142856974,2.3984305596683417,TP,2019Q1,2019,12
219,13175,2019-03-18 11:30:00,13189,2019-03-18 18:30:00,BUY,1304.96,1303.142857142857,1303.142857142857,1309.5028571428572,0.1,-18.87142857142926,-181.7142857142926,-1.0,SL,2019Q1,2019,14
220,13197,2019-03-18 22:30:00,13226,2019-03-19 14:00:00,BUY,1303.86,1309.434107142857,1301.630357142857,1309.434107142857,0.1,55.04107142857201,557.4107142857201,2.3934617176580697,TP,2019Q1,2019,29
221,13294,2019-03-21 02:00:00,13322,2019-03-21 16:00:00,BUY,1315.56,1311.657857142857,1311.657857142857,1325.3153571428572,0.1,-39.72142857142963,-390.21428571429624,-1.0,SL,2019Q1,2019,28
222,13341,2019-03-22 02:30:00,13341,2019-03-22 02:30:00,SELL,1307.02,1308.9099999999999,1308.9099999999999,1302.295,0.1,-19.599999999998726,-188.99999999998727,-1.0,SL,2019Q1,2019,0
223,13350,2019-03-22 07:00:00,13352,2019-03-22 08:00:00,SELL,1308.08,1309.6871428571428,1309.6871428571428,1304.0621428571428,0.1,-16.771428571428896,-160.71428571428896,-1.0,SL,2019Q1,2019,2
224,13381,2019-03-22 22:30:00,13386,2019-03-25 02:00:00,BUY,1313.59,1311.0089285714284,1311.0089285714284,1320.0426785714285,0.1,-26.510714285714766,-258.10714285714766,-1.0,SL,2019Q1,2019,5
225,13395,2019-03-25 06:30:00,13414,2019-03-25 16:00:00,BUY,1316.31,1320.496607142857,1314.635357142857,1320.496607142857,0.1,41.166071428571556,418.6607142857156,2.3595701125893758,TP,2019Q1,2019,19
226,13474,2019-03-27 00:00:00,13478,2019-03-27 02:00:00,SELL,1315.21,1317.6571428571428,1317.6571428571428,1309.092142857143,0.1,-25.171428571428077,-244.71428571428078,-1.0,SL,2019Q1,2019,4
227,13564,2019-03-28 22:00:00,13594,2019-03-29 14:00:00,SELL,1290.58,1294.3664285714285,1294.3664285714285,1281.1139285714287,0.1,-38.56428571428587,-378.6428571428587,-1.0,SL,2019Q1,2019,30
228,13608,2019-03-29 21:00:00,13641,2019-04-01 15:30:00,SELL,1292.14,1295.277142857143,1295.277142857143,1284.297142857143,0.1,-32.071428571428626,-313.71428571428623,-1.0,SL,2019Q1,2019,33
229,13656,2019-04-01 23:00:00,13684,2019-04-02 14:00:00,SELL,1287.11,1289.925714285714,1289.925714285714,1280.0707142857143,0.1,-28.857142857141934,-281.57142857141935,-1.0,SL,2019Q2,2019,28
230,13704,2019-04-03 01:00:00,13709,2019-04-03 03:30:00,BUY,1292.33,1290.4957142857143,1290.4957142857143,1296.915714285714,0.1,-19.0428571428567,-183.428571428567,-1.0,SL,2019Q2,2019,5
231,13748,2019-04-03 23:00:00,13752,2019-04-04 02:00:00,SELL,1289.92,1292.065,1292.065,1284.5575000000001,0.1,-22.149999999999817,-214.49999999999818,-1.0,SL,2019Q2,2019,4
232,13806,2019-04-05 06:00:00,13824,2019-04-05 15:00:00,SELL,1289.77,1291.3975,1291.3975,1285.70125,0.1,-16.975000000000545,-162.75000000000546,-1.0,SL,2019Q2,2019,18
233,13855,2019-04-08 07:30:00,13871,2019-04-08 15:30:00,BUY,1296.92,1301.339642857143,1295.152142857143,1301.339642857143,0.1,43.49642857142889,441.96428571428896,2.366692576758707,TP,2019Q2,2019,16
234,13983,2019-04-11 02:30:00,13984,2019-04-11 03:00:00,BUY,1308.84,1307.2885714285715,1307.2885714285715,1312.7185714285713,0.1,-16.214285714284596,-155.14285714284597,-1.0,SL,2019Q2,2019,1
235,13993,2019-04-11 07:30:00,13993,2019-04-11 07:30:00,SELL,1306.05,1307.2082142857141,1307.2082142857141,1303.1544642857143,0.1,-12.282142857141661,-115.82142857141662,-1.0,SL,2019Q2,2019,0
236,14070,2019-04-12 23:00:00,14072,2019-04-15 01:00:00,SELL,1290.16,1292.0382142857143,1292.0382142857143,1285.4644642857143,0.1,-19.482142857141934,-187.82142857141935,-1.0,SL,2019Q2,2019,2
237,14207,2019-04-17 22:30:00,14229,2019-04-18 10:30:00,SELL,1273.54,1275.4139285714286,1275.4139285714286,1268.8551785714285,0.1,-19.43928571428678,-187.3928571428678,-1.0,SL,2019Q2,2019,22
238,14253,2019-04-18 22:30:00,14318,2019-04-23 09:00:00,BUY,1274.88,1272.6932142857145,1272.6932142857145,1280.3469642857144,0.1,-22.567857142856337,-218.67857142856337,-1.0,SL,2019Q2,2019,65
239,14344,2019-04-23 22:00:00,14369,2019-04-24 11:30:00,SELL,1270.64,1274.047142857143,1274.047142857143,1262.122142857143,0.1,-34.771428571428444,-340.7142857142844,-1.0,SL,2019Q2,2019,25
240,14579,2019-05-01 01:30:00,14595,2019-05-01 09:30:00,SELL,1282.84,1278.565,1284.55,1278.565,0.1,42.04999999999863,427.49999999998636,2.362359550561673,TP,2019Q2,2019,16
241,14601,2019-05-01 12:30:00,14606,2019-05-01 15:00:00,BUY,1282.17,1280.6035714285715,1280.6035714285715,1286.0860714285714,0.1,-16.364285714285597,-156.64285714285597,-1.0,SL,2019Q2,2019,5
242,14629,2019-05-02 03:30:00,14654,2019-05-02 16:00:00,SELL,1276.52,1267.3539285714285,1280.1864285714287,1267.3539285714285,0.1,90.96071428571513,916.6071428571513,2.434429363410379,TP,2019Q2,2019,25
243,14668,2019-05-02 23:00:00,14699,2019-05-03 15:30:00,SELL,1270.55,1273.2917857142857,1273.2917857142857,1263.6955357142856,0.1,-28.117857142856973,-274.17857142856974,-1.0,SL,2019Q2,2019,31
244,14717,2019-05-06 01:30:00,14719,2019-05-06 02:30:00,BUY,1285.17,1282.4667857142858,1282.4667857142858,1291.928035714286,0.1,-27.73214285714239,-270.3214285714239,-1.0,SL,2019Q2,2019,2
245,14728,2019-05-06 07:00:00,14734,2019-05-06 10:00:00,BUY,1283.7,1280.889642857143,1280.889642857143,1290.725892857143,0.1,-28.803571428571285,-281.03571428571286,-1.0,SL,2019Q2,2019,6
246,14760,2019-05-06 23:00:00,14764,2019-05-07 02:00:00,SELL,1280.0,1282.0024999999998,1282.0024999999998,1274.99375,0.1,-20.72499999999827,-200.24999999998272,-1.0,SL,2019Q2,2019,4
247,14789,2019-05-07 14:30:00,14792,2019-05-07 16:00:00,SELL,1280.6,1282.3657142857141,1282.3657142857141,1276.185714285714,0.1,-18.35714285714239,-176.5714285714239,-1.0,SL,2019Q2,2019,3
248,14812,2019-05-08 03:00:00,14831,2019-05-08 12:30:00,BUY,1285.03,1288.5255357142858,1283.6317857142856,1288.5255357142858,0.1,34.25535714285779,349.5535714285779,2.3331306251518895,TP,2019Q2,2019,19
249,14901,2019-05-10 01:30:00,14963,2019-05-13 09:30:00,BUY,1284.56,1282.4696428571428,1282.4696428571428,1289.785892857143,0.1,-21.603571428571012,-209.03571428571013,-1.0,SL,2019Q2,2019,62
250,14993,2019-05-14 01:30:00,15000,2019-05-14 05:00:00,BUY,1300.73,1298.414642857143,1298.414642857143,1306.5183928571428,0.1,-23.853571428570103,-231.53571428570103,-1.0,SL,2019Q2,2019,7
251,15036,2019-05-14 23:00:00,15048,2019-05-15 06:00:00,BUY,1297.14,1295.2210714285713,1295.2210714285713,1301.9373214285717,0.1,-19.889285714287507,-191.89285714287507,-1.0,SL,2019Q2,2019,12
252,15066,2019-05-15 15:00:00,15068,2019-05-15 16:00:00,BUY,1299.26,1297.1814285714286,1297.1814285714286,1304.4564285714284,0.1,-21.48571428571422,-207.8571428571422,-1.0,SL,2019Q2,2019,2
253,15080,2019-05-15 22:00:00,15103,2019-05-16 10:30:00,SELL,1296.03,1298.85,1298.85,1288.9799999999998,0.1,-28.899999999999363,-281.99999999999363,-1.0,SL,2019Q2,2019,23
254,15132,2019-05-17 02:00:00,15145,2019-05-17 08:30:00,SELL,1286.14,1287.8703571428573,1287.8703571428573,1281.8141071428572,0.1,-18.003571428572013,-173.03571428572013,-1.0,SL,2019Q2,2019,13
255,15192,2019-05-20 09:00:00,15194,2019-05-20 10:00:00,SELL,1275.42,1276.7925,1276.7925,1271.98875,0.1,-14.424999999999454,-137.24999999999454,-1.0,SL,2019Q2,2019,2
256,15219,2019-05-20 22:30:00,15227,2019-05-21 03:30:00,BUY,1278.25,1276.2892857142858,1276.2892857142858,1283.1517857142856,0.1,-20.307142857141752,-196.07142857141753,-1.0,SL,2019Q2,2019,8
257,15314,2019-05-23 01:00:00,15317,2019-05-23 02:30:00,SELL,1273.21,1274.5492857142858,1274.5492857142858,1269.8617857142856,0.1,-14.092857142857792,-133.92857142857792,-1.0,SL,2019Q2,2019,3
258,15362,2019-05-24 02:00:00,15368,2019-05-24 05:00:00,BUY,1284.13,1282.4242857142858,1282.4242857142858,1288.3942857142858,0.1,-17.757142857142934,-170.57142857142935,-1.0,SL,2019Q2,2019,6
259,15404,2019-05-24 23:00:00,15452,2019-05-28 04:30:00,BUY,1284.86,1283.3246428571426,1283.3246428571426,1288.6983928571428,0.1,-16.05357142857265,-153.5357142857265,-1.0,SL,2019Q2,2019,48
260,15459,2019-05-28 08:00:00,15460,2019-05-28 08:30:00,SELL,1282.58,1283.710357142857,1283.710357142857,1279.754107142857,0.1,-12.003571428570648,-113.03571428570649,-1.0,SL,2019Q2,2019,1
261,15534,2019-05-29 22:30:00,15570,2019-05-30 17:30:00,SELL,1280.26,1283.4335714285714,1283.4335714285714,1272.3260714285714,0.1,-32.435714285714496,-317.35714285714494,-1.0,SL,2019Q2,2019,36
262,15581,2019-05-30 23:00:00,15605,2019-05-31 12:00:00,BUY,1289.11,1295.9483928571426,1286.3746428571428,1295.9483928571426,0.1,67.68392857142707,683.8392857142708,2.412667091024823,TP,2019Q2,2019,24
263,15630,2019-06-03 01:30:00,15653,2019-06-03 13:00:00,BUY,1307.97,1315.7967857142858,1304.8392857142858,1315.7967857142858,0.1,77.56785714285733,782.6785714285734,2.4234545860299384,TP,2019Q2,2019,23
264,15678,2019-06-04 02:30:00,15685,2019-06-04 06:00:00,BUY,1325.87,1323.215,1323.215,1332.5074999999997,0.1,-27.249999999999726,-265.49999999999727,-1.0,SL,2019Q2,2019,7
265,15714,2019-06-04 20:30:00,15739,2019-06-05 10:00:00,BUY,1324.54,1334.8873214285713,1320.4010714285714,1334.8873214285713,0.1,102.77321428571376,1034.7321428571377,2.441790411540093,TP,2019Q2,2019,25
266,15766,2019-06-05 23:30:00,15773,2019-06-06 04:00:00,BUY,1331.09,1327.5725,1327.5725,1339.8837499999997,0.1,-35.874999999999275,-351.7499999999927,-1.0,SL,2019Q2,2019,7
267,15816,2019-06-07 02:30:00,15833,2019-06-07 11:00:00,SELL,1333.48,1335.9496428571429,1335.9496428571429,1327.3058928571431,0.1,-25.39642857142844,-246.96428571428442,-1.0,SL,2019Q2,2019,17
268,15860,2019-06-10 01:30:00,15863,2019-06-10 03:00:00,SELL,1333.38,1337.2564285714286,1337.2564285714286,1323.6889285714287,0.1,-39.464285714285054,-387.6428571428505,-1.0,SL,2019Q2,2019,3
269,15864,2019-06-10 03:30:00,15865,2019-06-10 04:00:00,BUY,1337.64,1334.9689285714287,1334.9689285714287,1344.3176785714288,0.1,-27.410714285713947,-267.1071428571395,-1.0,SL,2019Q2,2019,1
270,15872,2019-06-10 07:30:00,15932,2019-06-11 14:30:00,SELL,1328.41,1320.4626785714286,1331.5889285714286,1320.4626785714286,0.1,78.77321428571513,794.7321428571513,2.424590524348755,TP,2019Q2,2019,60
271,15952,2019-06-12 01:30:00,15960,2019-06-12 05:30:00,BUY,1327.28,1331.6032142857143,1325.550714285714,1331.6032142857143,0.1,42.53214285714357,432.3214285714357,2.3638348551010537,TP,2019Q2,2019,8
272,15997,2019-06-13 01:00:00,16018,2019-06-13 11:30:00,BUY,1333.36,1338.7305357142857,1331.2117857142855,1338.7305357142857,0.1,53.00535714285779,537.0535714285779,2.3895507969730154,TP,2019Q2,2019,21
273,16047,2019-06-14 03:00:00,16049,2019-06-14 04:00:00,BUY,1344.65,1342.5767857142857,1342.5767857142857,1349.8330357142859,0.1,-21.43214285714357,-207.32142857143572,-1.0,SL,2019Q2,2019,2
274,16093,2019-06-17 03:00:00,16095,2019-06-17 04:00:00,SELL,1338.49,1341.5221428571429,1341.5221428571429,1330.909642857143,0.1,-31.02142857142844,-303.2142857142844,-1.0,SL,2019Q2,2019,2
275,16104,2019-06-17 08:30:00,16111,2019-06-17 12:00:00,SELL,1340.05,1333.5785714285714,1342.6385714285714,1333.5785714285714,0.1,64.01428571428532,647.1428571428532,2.407845244492208,TP,2019Q2,2019,7
276,16129,2019-06-17 21:00:00,16149,2019-06-18 08:00:00,SELL,1338.76,1342.257142857143,1342.257142857143,1330.0171428571427,0.1,-35.6714285714299,-349.71428571429897,-1.0,SL,2019Q2,2019,20
277,16151,2019-06-18 09:00:00,16155,2019-06-18 11:00:00,BUY,1346.02,1344.1182142857142,1344.1182142857142,1350.7744642857142,0.1,-19.717857142857792,-190.17857142857792,-1.0,SL,2019Q2,2019,4
278,16218,2019-06-19 19:30:00,16221,2019-06-19 21:00:00,BUY,1345.97,1352.57,1343.3300000000002,1352.57,0.1,65.29999999999909,659.9999999999909,2.409594095941039,TP,2019Q2,2019,3
279,16232,2019-06-20 03:30:00,16233,2019-06-20 04:00:00,BUY,1363.28,1376.6996428571426,1357.912142857143,1376.6996428571426,0.1,133.49642857142663,1341.9642857142662,2.454945487981105,TP,2019Q2,2019,1
280,16238,2019-06-20 06:30:00,16280,2019-06-21 04:30:00,BUY,1381.22,1400.5780357142855,1373.4767857142858,1400.5780357142855,0.1,192.88035714285508,1935.8035714285506,2.4686428669378797,TP,2019Q2,2019,42
281,16316,2019-06-21 22:30:00,16353,2019-06-24 18:00:00,BUY,1399.97,1414.4557142857143,1394.1757142857143,1414.4557142857143,0.1,144.15714285714267,1448.5714285714266,2.4582216808769792,TP,2019Q2,2019,37
282,16412,2019-06-26 01:30:00,16486,2019-06-27 15:30:00,SELL,1418.09,1398.876607142857,1425.775357142857,1398.876607142857,0.1,191.43392857142936,1921.3392857142935,2.468408933916662,TP,2019Q2,2019,74
283,16503,2019-06-28 01:00:00,16509,2019-06-28 04:00:00,BUY,1409.95,1418.0285714285715,1406.7185714285715,1418.0285714285715,0.1,80.08571428571422,807.8571428571422,2.4257897014279863,TP,2019Q2,2019,6
284,16549,2019-07-01 01:00:00,16549,2019-07-01 01:00:00,SELL,1398.54,1391.0132142857142,1401.5507142857143,1391.0132142857142,0.1,74.56785714285779,752.6785714285779,2.4204729886389633,TP,2019Q3,2019,0
285,16564,2019-07-01 08:30:00,16577,2019-07-01 15:00:00,SELL,1389.5,1393.7182142857143,1393.7182142857143,1378.9544642857143,0.1,-42.88214285714339,-421.8214285714339,-1.0,SL,2019Q3,2019,13
286,16591,2019-07-01 22:00:00,16595,2019-07-02 01:00:00,SELL,1383.84,1388.5414285714285,1388.5414285714285,1372.0864285714285,0.1,-47.71428571428551,-470.14285714285506,-1.0,SL,2019Q3,2019,4
287,16610,2019-07-02 08:30:00,16629,2019-07-02 18:00:00,BUY,1391.73,1399.2166071428571,1388.735357142857,1399.2166071428571,0.1,74.1660714285711,748.660714285711,2.4200559375363455,TP,2019Q3,2019,19
288,16641,2019-07-03 01:00:00,16647,2019-07-03 04:00:00,BUY,1421.86,1436.5546428571429,1415.9821428571427,1436.5546428571429,0.1,146.24642857142982,1469.464285714298,2.4588086946078835,TP,2019Q3,2019,6
289,16688,2019-07-04 01:30:00,16691,2019-07-04 03:00:00,SELL,1417.05,1420.392857142857,1420.392857142857,1408.692857142857,0.1,-34.12857142857156,-334.2857142857156,-1.0,SL,2019Q3,2019,3
290,16703,2019-07-04 09:00:00,16726,2019-07-05 01:30:00,SELL,1416.2,1419.2857142857142,1419.2857142857142,1408.4857142857145,0.1,-31.557142857141752,-308.5714285714175,-1.0,SL,2019Q3,2019,23
291,16741,2019-07-05 09:00:00,16754,2019-07-05 15:30:00,SELL,1415.9,1407.2669642857143,1419.3532142857143,1407.2669642857143,0.1,85.63035714285824,863.3035714285825,2.4304612265586036,TP,2019Q3,2019,13
292,16771,2019-07-08 01:00:00,16785,2019-07-08 08:00:00,SELL,1398.28,1403.0317857142857,1403.0317857142857,1386.4005357142858,0.1,-48.217857142856886,-475.17857142856883,-1.0,SL,2019Q3,2019,14
293,16814,2019-07-08 22:30:00,16851,2019-07-09 18:00:00,SELL,1394.75,1398.6114285714284,1398.6114285714284,1385.0964285714288,0.1,-39.314285714284054,-386.1428571428405,-1.0,SL,2019Q3,2019,37
294,16856,2019-07-09 20:30:00,16867,2019-07-10 03:00:00,BUY,1398.63,1394.1653571428571,1394.1653571428571,1409.7916071428572,0.1,-45.34642857142963,-446.46428571429624,-1.0,SL,2019Q3,2019,11
295,16907,2019-07-10 23:00:00,16938,2019-07-11 15:30:00,BUY,1418.24,1412.9717857142857,1412.9717857142857,1431.4105357142857,0.1,-53.38214285714294,-526.8214285714294,-1.0,SL,2019Q3,2019,31
296,16954,2019-07-11 23:30:00,16962,2019-07-12 04:30:00,SELL,1405.31,1409.8035714285713,1409.8035714285713,1394.0760714285714,0.1,-45.63571428571386,-449.35714285713857,-1.0,SL,2019Q3,2019,8
297,17061,2019-07-16 08:00:00,17064,2019-07-16 09:30:00,BUY,1414.25,1412.0310714285715,1412.0310714285715,1419.7973214285714,0.1,-22.889285714284778,-221.8928571428478,-1.0,SL,2019Q3,2019,3
298,17098,2019-07-17 03:30:00,17122,2019-07-17 15:30:00,SELL,1403.88,1407.219642857143,1407.219642857143,1395.5308928571428,0.1,-34.09642857142963,-333.96428571429624,-1.0,SL,2019Q3,2019,24
299,17137,2019-07-17 23:00:00,17154,2019-07-18 08:30:00,BUY,1426.53,1421.4685714285713,1421.4685714285713,1439.1835714285714,0.1,-51.31428571428678,-506.1428571428678,-1.0,SL,2019Q3,2019,17
300,17179,2019-07-18 21:00:00,17181,2019-07-18 22:00:00,BUY,1429.98,1442.8773214285716,1424.8210714285715,1442.8773214285716,0.1,128.2732142857156,1289.7321428571558,2.4531452769619992,TP,2019Q3,2019,2
301,17226,2019-07-19 21:30:00,17346,2019-07-24 12:30:00,SELL,1422.9,1426.68,1430.3978571428572,1404.1553571428572,0.1,-38.49999999999973,-377.99999999999727,-0.508730533270408,TIME_EXIT,2019Q3,2019,120
302,17368,2019-07-24 23:30:00,17375,2019-07-25 04:00:00,BUY,1425.33,1422.072857142857,1422.072857142857,1433.4728571428573,0.1,-33.27142857142981,-325.71428571429806,-1.0,SL,2019Q3,2019,7
303,17384,2019-07-25 08:30:00,17384,2019-07-25 08:30:00,SELL,1421.69,1423.4192857142857,1423.4192857142857,1417.366785714286,0.1,-17.99285714285652,-172.9285714285652,-1.0,SL,2019Q3,2019,0
304,17406,2019-07-25 19:30:00,17445,2019-07-26 16:00:00,SELL,1416.84,1422.375,1422.375,1403.0024999999998,0.1,-56.05000000000082,-553.5000000000082,-1.0,SL,2019Q3,2019,39
305,17458,2019-07-26 22:30:00,17466,2019-07-29 03:30:00,SELL,1417.06,1421.32,1421.32,1406.4099999999999,0.1,-43.29999999999991,-425.9999999999991,-1.0,SL,2019Q3,2019,8
306,17519,2019-07-30 07:00:00,17522,2019-07-30 08:30:00,BUY,1425.13,1423.0567857142858,1423.0567857142858,1430.3130357142857,0.1,-21.43214285714357,-207.32142857143572,-1.0,SL,2019Q3,2019,3
307,17546,2019-07-30 20:30:00,17589,2019-07-31 19:00:00,BUY,1429.44,1426.149642857143,1426.149642857143,1437.6658928571428,0.1,-33.60357142857147,-329.0357142857147,-1.0,SL,2019Q3,2019,43
308,17604,2019-08-01 03:30:00,17633,2019-08-01 18:00:00,SELL,1407.88,1416.4428571428573,1416.4428571428573,1386.4728571428573,0.1,-86.32857142857183,-856.2857142857183,-1.0,SL,2019Q3,2019,29
309,17651,2019-08-02 04:00:00,17651,2019-08-02 04:00:00,BUY,1441.99,1432.6846428571428,1432.6846428571428,1465.253392857143,0.1,-93.75357142857247,-930.5357142857247,-1.0,SL,2019Q3,2019,0
310,17660,2019-08-02 08:30:00,17678,2019-08-02 17:30:00,BUY,1434.43,1446.5076785714286,1429.5989285714286,1446.5076785714286,0.1,120.07678571428578,1207.7678571428578,2.4500109305545203,TP,2019Q3,2019,18
311,17733,2019-08-05 22:00:00,17733,2019-08-05 22:00:00,BUY,1467.55,1461.0217857142857,1461.0217857142857,1483.8705357142856,0.1,-65.98214285714285,-652.8214285714284,-1.0,SL,2019Q3,2019,0
312,17784,2019-08-07 01:30:00,17790,2019-08-07 04:30:00,BUY,1475.77,1485.4744642857142,1471.8882142857142,1485.4744642857142,0.1,96.34464285714266,970.4464285714266,2.438002711251638,TP,2019Q3,2019,6
313,17833,2019-08-08 03:00:00,17836,2019-08-08 04:30:00,BUY,1501.82,1494.3457142857142,1494.3457142857142,1520.5057142857142,0.1,-75.4428571428577,-747.428571428577,-1.0,SL,2019Q3,2019,3
314,17886,2019-08-09 06:30:00,17891,2019-08-09 09:00:00,BUY,1507.83,1502.85,1502.85,1520.2799999999997,0.1,-50.500000000000185,-498.0000000000018,-1.0,SL,2019Q3,2019,5
315,17962,2019-08-12 21:30:00,17962,2019-08-12 21:30:00,BUY,1507.79,1517.995357142857,1503.7078571428572,1517.995357142857,0.1,101.3535714285711,1020.535714285711,2.4409943230690097,TP,2019Q3,2019,0
316,17983,2019-08-13 09:00:00,17989,2019-08-13 12:00:00,BUY,1519.56,1527.6519642857143,1516.3232142857141,1527.6519642857143,0.1,80.21964285714311,809.1964285714312,2.4259099254778467,TP,2019Q3,2019,6
317,18020,2019-08-14 04:30:00,18022,2019-08-14 05:30:00,SELL,1496.54,1501.1953571428571,1501.1953571428571,1484.901607142857,0.1,-47.25357142857156,-465.5357142857156,-1.0,SL,2019Q3,2019,2
318,18038,2019-08-14 13:30:00,18047,2019-08-14 18:00:00,BUY,1507.33,1518.9603571428572,1502.677857142857,1518.9603571428572,0.1,115.60357142857292,1163.0357142857292,2.448116775071827,TP,2019Q3,2019,9
319,18066,2019-08-15 04:30:00,18075,2019-08-15 09:00:00,BUY,1521.4,1515.5135714285716,1515.5135714285716,1536.1160714285716,0.1,-59.56428571428496,-588.6428571428496,-1.0,SL,2019Q3,2019,9
320,18099,2019-08-15 21:00:00,18121,2019-08-16 09:00:00,BUY,1523.98,1516.45,1516.45,1542.805,0.1,-75.99999999999973,-752.9999999999973,-1.0,SL,2019Q3,2019,22
321,18167,2019-08-19 09:00:00,18171,2019-08-19 11:00:00,SELL,1507.04,1499.103392857143,1510.2146428571427,1499.103392857143,0.1,78.66607142856928,793.6607142856928,2.424490919097411,TP,2019Q3,2019,4
322,18258,2019-08-21 08:30:00,18259,2019-08-21 09:00:00,SELL,1501.82,1503.932857142857,1503.932857142857,1496.5378571428569,0.1,-21.828571428571376,-211.28571428571377,-1.0,SL,2019Q3,2019,1
323,18302,2019-08-22 07:30:00,18315,2019-08-22 14:00:00,SELL,1500.33,1494.924642857143,1502.4921428571427,1494.924642857143,0.1,53.35357142856928,540.5357142856928,2.3902400000000443,TP,2019Q3,2019,13
324,18335,2019-08-23 01:00:00,18363,2019-08-23 15:00:00,SELL,1497.8,1500.7657142857142,1500.7657142857142,1490.3857142857144,0.1,-30.357142857142843,-296.57142857142844,-1.0,SL,2019Q3,2019,28
325,18382,2019-08-26 01:30:00,18383,2019-08-26 02:00:00,BUY,1554.16,1545.379642857143,1545.379642857143,1576.110892857143,0.1,-88.50357142857156,-878.0357142857156,-1.0,SL,2019Q3,2019,1
326,18395,2019-08-26 08:00:00,18399,2019-08-26 10:00:00,BUY,1543.15,1534.7039285714286,1534.7039285714286,1564.2651785714286,0.1,-85.16071428571486,-844.6071428571486,-1.0,SL,2019Q3,2019,4
327,18477,2019-08-28 03:00:00,18481,2019-08-28 05:00:00,BUY,1543.61,1540.3967857142857,1540.3967857142857,1551.6430357142856,0.1,-32.8321428571423,-321.321428571423,-1.0,SL,2019Q3,2019,4
328,18489,2019-08-28 09:00:00,18504,2019-08-28 16:30:00,BUY,1539.13,1535.5482142857145,1535.5482142857145,1548.0844642857144,0.1,-36.51785714285616,-358.17857142856155,-1.0,SL,2019Q3,2019,15
329,18570,2019-08-30 03:30:00,18581,2019-08-30 09:00:00,SELL,1524.92,1530.0564285714286,1530.0564285714286,1512.0789285714288,0.1,-52.06428571428496,-513.6428571428496,-1.0,SL,2019Q3,2019,11
330,18611,2019-09-02 01:00:00,18611,2019-09-02 01:00:00,SELL,1526.23,1531.3139285714287,1531.3139285714287,1513.5201785714285,0.1,-51.539285714287146,-508.39285714287143,-1.0,SL,2019Q3,2019,0
331,18618,2019-09-02 04:30:00,18648,2019-09-02 19:30:00,SELL,1524.97,1530.6100000000001,1530.6100000000001,1510.87,0.1,-57.100000000001,-564.00000000001,-1.0,SL,2019Q3,2019,30
332,18654,2019-09-03 03:30:00,18667,2019-09-03 10:00:00,SELL,1525.06,1528.3942857142856,1528.3942857142856,1516.7242857142855,0.1,-34.042857142856704,-333.428571428567,-1.0,SL,2019Q3,2019,13
333,18734,2019-09-04 20:30:00,18747,2019-09-05 04:00:00,BUY,1551.33,1546.5846428571429,1546.5846428571429,1563.1933928571427,0.1,-48.15357142857074,-474.5357142857074,-1.0,SL,2019Q3,2019,13
334,18756,2019-09-05 08:30:00,18758,2019-09-05 09:30:00,SELL,1543.26,1546.9092857142857,1546.9092857142857,1534.1367857142857,0.1,-37.19285714285725,-364.92857142857247,-1.0,SL,2019Q3,2019,2
335,18830,2019-09-06 22:30:00,18862,2019-09-09 15:30:00,SELL,1505.04,1514.5435714285716,1514.5435714285716,1481.2810714285713,0.1,-95.73571428571604,-950.3571428571604,-1.0,SL,2019Q3,2019,32
336,18875,2019-09-09 22:00:00,18885,2019-09-10 04:00:00,SELL,1501.32,1487.1798214285714,1506.9760714285715,1487.1798214285714,0.1,140.7017857142858,1414.0178571428578,2.457213247676628,TP,2019Q3,2019,10
337,18967,2019-09-11 22:00:00,18973,2019-09-12 02:00:00,BUY,1497.32,1492.9335714285714,1492.9335714285714,1508.2860714285714,0.1,-44.56428571428496,-438.6428571428496,-1.0,SL,2019Q3,2019,6
338,18982,2019-09-12 06:30:00,18989,2019-09-12 10:00:00,BUY,1494.5,1503.0794642857143,1491.0682142857142,1503.0794642857143,0.1,85.09464285714266,857.9464285714266,2.4300356960734,TP,2019Q3,2019,7
339,19018,2019-09-13 01:30:00,19034,2019-09-13 09:30:00,SELL,1496.8,1502.425,1502.425,1482.7375,0.1,-56.95,-562.5,-1.0,SL,2019Q3,2019,16
340,19064,2019-09-16 01:30:00,19125,2019-09-17 09:00:00,BUY,1502.43,1495.4882142857143,1495.4882142857143,1519.7844642857142,0.1,-70.11785714285743,-694.1785714285743,-1.0,SL,2019Q3,2019,61
341,19204,2019-09-19 02:30:00,19219,2019-09-19 10:00:00,SELL,1490.82,1498.0049999999999,1498.0049999999999,1472.8574999999998,0.1,-72.54999999999946,-718.4999999999945,-1.0,SL,2019Q3,2019,15
342,19244,2019-09-19 22:30:00,19254,2019-09-20 04:30:00,SELL,1497.47,1501.5425,1501.5425,1487.28875,0.1,-41.42499999999991,-407.2499999999991,-1.0,SL,2019Q3,2019,10
343,19297,2019-09-23 03:00:00,19326,2019-09-23 17:30:00,BUY,1514.53,1525.4558928571428,1510.159642857143,1525.4558928571428,0.1,108.55892857142798,1092.5892857142799,2.444824258023028,TP,2019Q3,2019,29
344,19390,2019-09-25 03:30:00,19394,2019-09-25 05:30:00,BUY,1533.03,1528.0703571428571,1528.0703571428571,1545.429107142857,0.1,-50.296428571428535,-495.9642857142853,-1.0,SL,2019Q3,2019,4
345,19431,2019-09-26 01:00:00,19440,2019-09-26 05:30:00,SELL,1503.65,1510.090357142857,1510.090357142857,1487.5491071428573,0.1,-65.1035714285701,-644.035714285701,-1.0,SL,2019Q3,2019,9
346,19521,2019-09-27 23:00:00,19556,2019-09-30 17:30:00,SELL,1496.28,1479.7317857142857,1502.8992857142857,1479.7317857142857,0.1,164.78214285714267,1654.8214285714266,2.4633742658835924,TP,2019Q3,2019,35
347,19666,2019-10-03 03:30:00,19675,2019-10-03 08:00:00,BUY,1501.13,1497.5739285714287,1497.5739285714287,1510.0201785714287,0.1,-36.26071428571386,-355.60714285713857,-1.0,SL,2019Q4,2019,9
348,19709,2019-10-04 02:00:00,19736,2019-10-04 15:30:00,BUY,1507.15,1502.95,1502.95,1517.65,0.1,-42.70000000000046,-420.00000000000455,-1.0,SL,2019Q4,2019,27
349,19752,2019-10-04 23:30:00,19753,2019-10-07 01:00:00,SELL,1503.56,1509.160357142857,1509.160357142857,1489.5591071428573,0.1,-56.703571428570925,-560.0357142857092,-1.0,SL,2019Q4,2019,1
350,19754,2019-10-07 01:30:00,19771,2019-10-07 10:00:00,BUY,1508.45,1503.4078571428572,1503.4078571428572,1521.055357142857,0.1,-51.12142857142835,-504.2142857142835,-1.0,SL,2019Q4,2019,17
351,19804,2019-10-08 03:30:00,19805,2019-10-08 04:00:00,SELL,1490.34,1493.9839285714286,1493.9839285714286,1481.2301785714285,0.1,-37.1392857142866,-364.392857142866,-1.0,SL,2019Q4,2019,1
352,19846,2019-10-09 01:30:00,19868,2019-10-09 12:30:00,BUY,1506.65,1501.9110714285716,1501.9110714285716,1518.4973214285712,0.1,-48.0892857142846,-473.89285714284597,-1.0,SL,2019Q4,2019,22
353,19907,2019-10-10 09:00:00,19910,2019-10-10 10:30:00,SELL,1506.37,1510.093214285714,1510.093214285714,1497.0619642857143,0.1,-37.93214285714221,-372.3214285714221,-1.0,SL,2019Q4,2019,3
354,19952,2019-10-11 08:30:00,19953,2019-10-11 09:00:00,SELL,1494.32,1496.9932142857142,1496.9932142857142,1487.6369642857142,0.1,-27.43214285714266,-267.3214285714266,-1.0,SL,2019Q4,2019,1
355,19980,2019-10-11 22:30:00,19982,2019-10-11 23:30:00,SELL,1481.85,1488.363214285714,1488.363214285714,1465.5669642857142,0.1,-65.83214285714185,-651.3214285714184,-1.0,SL,2019Q4,2019,2
356,20029,2019-10-15 01:00:00,20032,2019-10-15 02:30:00,BUY,1493.13,1491.0492857142858,1491.0492857142858,1498.3317857142858,0.1,-21.507142857142934,-208.07142857142935,-1.0,SL,2019Q4,2019,3
357,20045,2019-10-15 09:00:00,20048,2019-10-15 10:30:00,SELL,1491.04,1493.1067857142857,1493.1067857142857,1485.8730357142858,0.1,-21.367857142857428,-206.6785714285743,-1.0,SL,2019Q4,2019,3
358,20068,2019-10-15 20:30:00,20080,2019-10-16 03:30:00,SELL,1479.91,1484.7335714285716,1484.7335714285716,1467.8510714285715,0.1,-48.935714285715406,-482.35714285715403,-1.0,SL,2019Q4,2019,12
359,20114,2019-10-16 20:30:00,20144,2019-10-17 12:30:00,BUY,1490.63,1484.7457142857145,1484.7457142857145,1505.3407142857143,0.1,-59.54285714285625,-588.4285714285625,-1.0,SL,2019Q4,2019,30
360,20168,2019-10-18 01:30:00,20175,2019-10-18 05:00:00,BUY,1494.2,1491.0510714285715,1491.0510714285715,1502.0723214285715,0.1,-32.18928571428542,-314.89285714285415,-1.0,SL,2019Q4,2019,7
361,20213,2019-10-21 01:00:00,20243,2019-10-21 16:00:00,SELL,1491.53,1494.0682142857142,1494.0682142857142,1485.1844642857143,0.1,-26.082142857142752,-253.82142857142753,-1.0,SL,2019Q4,2019,30
362,20262,2019-10-22 02:30:00,20272,2019-10-22 07:30:00,SELL,1483.32,1485.5357142857142,1485.5357142857142,1477.7807142857143,0.1,-22.857142857142843,-221.57142857142844,-1.0,SL,2019Q4,2019,10
363,20309,2019-10-23 03:00:00,20336,2019-10-23 16:30:00,BUY,1489.03,1495.0782142857142,1486.6107142857143,1495.0782142857142,0.1,59.78214285714266,604.8214285714266,2.4015781922525106,TP,2019Q4,2019,27
364,20353,2019-10-24 02:00:00,20368,2019-10-24 09:30:00,BUY,1492.58,1490.5432142857142,1490.5432142857142,1497.6719642857142,0.1,-21.0678571428577,-203.67857142857702,-1.0,SL,2019Q4,2019,15
365,20380,2019-10-24 15:30:00,20382,2019-10-24 16:30:00,BUY,1492.49,1498.894464285714,1489.9282142857144,1498.894464285714,0.1,63.34464285714084,640.4464285714084,2.4069073144252924,TP,2019Q4,2019,2
366,20392,2019-10-24 21:30:00,20426,2019-10-25 15:30:00,BUY,1503.47,1513.95125,1499.2775,1513.95125,0.1,104.11250000000045,1048.1250000000045,2.4425219941348453,TP,2019Q4,2019,34
367,20440,2019-10-25 22:30:00,20472,2019-10-28 14:30:00,BUY,1505.83,1501.5421428571428,1501.5421428571428,1516.5496428571425,0.1,-43.578571428570925,-428.7857142857092,-1.0,SL,2019Q4,2019,32
368,20529,2019-10-29 20:00:00,20557,2019-10-30 11:00:00,SELL,1487.52,1491.6439285714287,1491.6439285714287,1477.2101785714285,0.1,-41.93928571428678,-412.3928571428678,-1.0,SL,2019Q4,2019,28
369,20588,2019-10-31 03:30:00,20610,2019-10-31 14:30:00,BUY,1497.73,1508.9103571428573,1493.2578571428571,1508.9103571428573,0.1,111.10357142857247,1118.0357142857247,2.44606070136814,TP,2019Q4,2019,22
370,20627,2019-11-01 00:00:00,20643,2019-11-01 08:00:00,BUY,1512.63,1509.2657142857145,1509.2657142857145,1521.0407142857146,0.1,-34.34285714285643,-336.4285714285643,-1.0,SL,2019Q4,2019,16
371,20673,2019-11-04 01:00:00,20691,2019-11-04 10:00:00,BUY,1513.51,1509.3957142857143,1509.3957142857143,1523.7957142857142,0.1,-41.84285714285643,-411.4285714285643,-1.0,SL,2019Q4,2019,18
372,20714,2019-11-04 21:30:00,20717,2019-11-04 23:00:00,SELL,1506.98,1510.4107142857144,1510.4107142857144,1498.4032142857143,0.1,-35.0071428571443,-343.071428571443,-1.0,SL,2019Q4,2019,3
373,20718,2019-11-04 23:30:00,20720,2019-11-05 01:30:00,BUY,1510.43,1507.4278571428572,1507.4278571428572,1517.9353571428574,0.1,-30.721428571428714,-300.21428571428714,-1.0,SL,2019Q4,2019,2
374,20765,2019-11-06 01:00:00,20769,2019-11-06 03:00:00,SELL,1482.7,1486.3557142857144,1486.3557142857144,1473.5607142857143,0.1,-37.25714285714339,-365.5714285714339,-1.0,SL,2019Q4,2019,4
375,20900,2019-11-08 22:30:00,20919,2019-11-11 09:00:00,SELL,1459.72,1464.1214285714286,1464.1214285714286,1448.7164285714287,0.1,-44.714285714285964,-440.1428571428596,-1.0,SL,2019Q4,2019,19
376,20947,2019-11-11 23:00:00,20989,2019-11-12 21:00:00,SELL,1454.83,1458.6839285714286,1458.6839285714286,1445.1951785714284,0.1,-39.239285714286964,-385.3928571428696,-1.0,SL,2019Q4,2019,42
377,20999,2019-11-13 03:00:00,21059,2019-11-14 10:00:00,BUY,1459.02,1468.119107142857,1455.380357142857,1468.119107142857,0.1,90.29107142857065,909.9107142857065,2.433955906421428,TP,2019Q4,2019,60
378,21128,2019-11-15 21:30:00,21134,2019-11-18 01:30:00,SELL,1466.0,1468.7910714285713,1468.7910714285713,1459.0223214285716,0.1,-28.610714285712856,-279.10714285712857,-1.0,SL,2019Q4,2019,6
379,21226,2019-11-20 01:30:00,21253,2019-11-20 15:00:00,BUY,1474.7,1471.8425,1471.8425,1481.8437500000002,0.1,-29.275000000000727,-285.7500000000073,-1.0,SL,2019Q4,2019,27
380,21272,2019-11-21 01:30:00,21281,2019-11-21 06:00:00,BUY,1475.15,1470.464642857143,1470.464642857143,1486.8633928571428,0.1,-47.55357142857129,-468.53571428571286,-1.0,SL,2019Q4,2019,9
381,21285,2019-11-21 08:00:00,21289,2019-11-21 10:00:00,SELL,1470.24,1472.8210714285715,1472.8210714285715,1463.7873214285714,0.1,-26.510714285714766,-258.10714285714766,-1.0,SL,2019Q4,2019,4
382,21361,2019-11-22 23:00:00,21410,2019-11-26 01:30:00,SELL,1462.02,1453.9976785714287,1465.2289285714285,1453.9976785714287,0.1,79.52321428571331,802.2321428571331,2.425280470537011,TP,2019Q4,2019,49
383,21449,2019-11-26 21:00:00,21468,2019-11-27 07:30:00,BUY,1462.15,1458.25,1458.25,1471.9,0.1,-39.70000000000091,-390.0000000000091,-1.0,SL,2019Q4,2019,19
384,21502,2019-11-28 01:30:00,21528,2019-11-28 14:30:00,BUY,1457.1,1454.7546428571427,1454.7546428571427,1462.963392857143,0.1,-24.153571428572103,-234.53571428572104,-1.0,SL,2019Q4,2019,26
385,21589,2019-12-02 06:00:00,21608,2019-12-02 15:30:00,SELL,1458.89,1461.1475,1461.1475,1453.2462500000004,0.1,-23.274999999999363,-225.74999999999363,-1.0,SL,2019Q4,2019,19
386,21638,2019-12-03 07:30:00,21641,2019-12-03 09:00:00,SELL,1460.46,1461.8753571428572,1461.8753571428572,1456.921607142857,0.1,-14.853571428571467,-141.53571428571468,-1.0,SL,2019Q4,2019,3
387,21808,2019-12-06 23:30:00,21825,2019-12-09 09:00:00,SELL,1459.43,1462.132142857143,1462.132142857143,1452.674642857143,0.1,-27.72142857142917,-270.2142857142917,-1.0,SL,2019Q4,2019,17
388,21897,2019-12-10 22:00:00,21941,2019-12-11 21:00:00,BUY,1465.51,1473.6475,1462.255,1473.6475,0.1,80.67500000000045,813.7500000000045,2.426315789473784,TP,2019Q4,2019,44
389,21950,2019-12-12 02:30:00,21966,2019-12-12 10:30:00,BUY,1475.71,1472.4464285714287,1472.4464285714287,1483.8689285714286,0.1,-33.33571428571368,-326.35714285713675,-1.0,SL,2019Q4,2019,16
390,21994,2019-12-13 01:30:00,21997,2019-12-13 03:00:00,SELL,1464.35,1468.7857142857142,1468.7857142857142,1453.2607142857141,0.1,-45.05714285714312,-443.57142857143117,-1.0,SL,2019Q4,2019,3
391,22002,2019-12-13 05:30:00,22011,2019-12-13 10:00:00,SELL,1467.86,1471.3646428571428,1471.3646428571428,1459.0983928571427,0.1,-35.74642857142926,-350.4642857142926,-1.0,SL,2019Q4,2019,9
392,22021,2019-12-13 15:00:00,22022,2019-12-13 15:30:00,BUY,1473.85,1470.3957142857141,1470.3957142857141,1482.485714285714,0.1,-35.242857142857886,-345.42857142857883,-1.0,SL,2019Q4,2019,1
393,22127,2019-12-17 22:00:00,22146,2019-12-18 08:30:00,SELL,1475.43,1477.7057142857143,1477.7057142857143,1469.7407142857144,0.1,-23.457142857142298,-227.57142857142298,-1.0,SL,2019Q4,2019,19
394,22157,2019-12-18 14:00:00,22159,2019-12-18 15:00:00,SELL,1476.74,1472.3364285714285,1478.5014285714285,1472.3364285714285,0.1,43.33571428571467,440.35714285714675,2.366224648986078,TP,2019Q4,2019,2
395,22328,2019-12-24 07:30:00,22346,2019-12-24 16:30:00,BUY,1489.62,1493.0432142857142,1488.2507142857141,1493.0432142857142,0.1,33.53214285714266,342.3214285714266,2.3297766749378908,TP,2019Q4,2019,18
396,22355,2019-12-26 11:00:00,22388,2019-12-27 04:30:00,BUY,1504.38,1512.5710714285715,1501.1035714285715,1512.5710714285715,0.1,81.21071428571376,819.1071428571377,2.4267876200640006,TP,2019Q4,2019,33
397,22428,2019-12-30 01:30:00,22477,2019-12-31 03:00:00,BUY,1512.57,1517.9083928571426,1510.4346428571428,1517.9083928571426,0.1,52.683928571427074,533.8392857142708,2.3889068825909914,TP,2019Q4,2019,49
398,22490,2019-12-31 09:30:00,22496,2019-12-31 12:30:00,BUY,1524.47,1522.3775,1522.3775,1529.70125,0.1,-21.624999999999726,-209.24999999999727,-1.0,SL,2019Q4,2019,6
399,22520,2020-01-02 14:30:00,22524,2020-01-02 16:30:00,BUY,1522.64,1529.0203571428572,1520.0878571428573,1529.0203571428572,0.1,63.103571428570646,638.0357142857065,2.406564968673385,TP,2020Q1,2020,4
400,22533,2020-01-02 21:00:00,22545,2020-01-03 04:00:00,BUY,1526.5,1536.3758928571428,1522.5496428571428,1536.3758928571428,0.1,98.05892857142844,987.5892857142844,2.4390601403570558,TP,2020Q1,2020,12
401,22611,2020-01-06 14:00:00,22613,2020-01-06 15:00:00,BUY,1578.66,1574.3110714285715,1574.3110714285715,1589.5323214285715,0.1,-44.18928571428587,-434.8928571428587,-1.0,SL,2020Q1,2020,2
402,22632,2020-01-07 01:30:00,22646,2020-01-07 08:30:00,SELL,1564.07,1568.2089285714285,1568.2089285714285,1553.7226785714283,0.1,-42.08928571428551,-413.89285714285506,-1.0,SL,2020Q1,2020,14
403,22691,2020-01-08 08:00:00,22696,2020-01-08 10:30:00,BUY,1594.53,1581.0696428571428,1581.0696428571428,1628.1808928571427,0.1,-135.30357142857218,-1346.035714285722,-1.0,SL,2020Q1,2020,5
404,22732,2020-01-09 05:30:00,22738,2020-01-09 08:30:00,SELL,1557.31,1543.7564285714284,1562.7314285714285,1543.7564285714284,0.1,134.8357142857156,1355.3571428571558,2.4553850156087615,TP,2020Q1,2020,6
405,22766,2020-01-09 22:30:00,22802,2020-01-10 17:30:00,SELL,1551.91,1556.9392857142857,1556.9392857142857,1539.336785714286,0.1,-50.99285714285607,-502.92857142856064,-1.0,SL,2020Q1,2020,36
406,22812,2020-01-10 22:30:00,22819,2020-01-13 03:00:00,BUY,1559.91,1555.592142857143,1555.592142857143,1570.704642857143,0.1,-43.87857142857065,-431.7857142857065,-1.0,SL,2020Q1,2020,7
407,22829,2020-01-13 08:00:00,22835,2020-01-13 11:00:00,SELL,1555.06,1549.1055357142857,1557.4417857142857,1549.1055357142857,0.1,58.84464285714266,595.4464285714266,2.4000728332118553,TP,2020Q1,2020,6
408,22874,2020-01-14 07:30:00,22876,2020-01-14 08:30:00,SELL,1536.99,1540.0982142857142,1540.0982142857142,1529.2194642857144,0.1,-31.782142857142116,-310.82142857142117,-1.0,SL,2020Q1,2020,2
409,22908,2020-01-15 01:30:00,22937,2020-01-15 16:00:00,BUY,1548.37,1555.339642857143,1545.5821428571426,1555.339642857143,0.1,68.99642857143071,696.9642857143072,2.41427143214189,TP,2020Q1,2020,29
410,22997,2020-01-16 23:00:00,22999,2020-01-17 01:00:00,BUY,1553.84,1550.715714285714,1550.715714285714,1561.6507142857142,0.1,-31.94285714285861,-312.4285714285861,-1.0,SL,2020Q1,2020,2
411,23055,2020-01-20 06:00:00,23087,2020-01-21 03:00:00,BUY,1559.03,1564.3496428571427,1556.902142857143,1564.3496428571427,0.1,52.49642857142753,531.9642857142753,2.3885277868054264,TP,2020Q1,2020,32
412,23130,2020-01-22 01:30:00,23175,2020-01-23 01:00:00,SELL,1556.98,1559.8567857142857,1559.8567857142857,1549.7880357142856,0.1,-29.467857142856882,-287.67857142856883,-1.0,SL,2020Q1,2020,45
413,23176,2020-01-23 01:30:00,23179,2020-01-23 03:00:00,BUY,1561.36,1559.2771428571427,1559.2771428571427,1566.5671428571427,0.1,-21.52857142857165,-208.2857142857165,-1.0,SL,2020Q1,2020,3
414,23188,2020-01-23 07:30:00,23189,2020-01-23 08:00:00,BUY,1559.62,1556.2267857142856,1556.2267857142856,1568.1030357142856,0.1,-34.63214285714294,-339.32142857142935,-1.0,SL,2020Q1,2020,1
415,23201,2020-01-23 14:00:00,23203,2020-01-23 15:00:00,SELL,1552.79,1555.6057142857142,1555.6057142857142,1545.7507142857144,0.1,-28.857142857141934,-281.57142857141935,-1.0,SL,2020Q1,2020,2
416,23268,2020-01-27 01:30:00,23269,2020-01-27 02:00:00,BUY,1585.45,1579.615,1579.615,1600.0375000000001,0.1,-59.05000000000037,-583.5000000000036,-1.0,SL,2020Q1,2020,1
417,23281,2020-01-27 08:00:00,23339,2020-01-28 14:00:00,BUY,1580.68,1575.4707142857144,1575.4707142857144,1593.7032142857145,0.1,-52.792857142856704,-520.928571428567,-1.0,SL,2020Q1,2020,58
418,23359,2020-01-29 01:00:00,23359,2020-01-29 01:00:00,SELL,1566.31,1569.7375,1569.7375,1557.74125,0.1,-34.975000000000094,-342.7500000000009,-1.0,SL,2020Q1,2020,0
419,23364,2020-01-29 03:30:00,23375,2020-01-29 09:00:00,SELL,1566.17,1569.1100000000001,1569.1100000000001,1558.82,0.1,-30.100000000000545,-294.00000000000546,-1.0,SL,2020Q1,2020,11
420,23456,2020-01-31 03:30:00,23468,2020-01-31 09:30:00,SELL,1571.65,1575.8767857142857,1575.8767857142857,1561.0830357142859,0.1,-42.967857142855976,-422.67857142855974,-1.0,SL,2020Q1,2020,12
421,23514,2020-02-03 09:30:00,23515,2020-02-03 10:00:00,SELL,1575.26,1579.5221428571429,1579.5221428571429,1564.6046428571428,0.1,-43.321428571428626,-426.21428571428623,-1.0,SL,2020Q1,2020,1
422,23544,2020-02-04 01:30:00,23547,2020-02-04 03:00:00,BUY,1579.07,1575.4442857142858,1575.4442857142858,1588.1342857142856,0.1,-36.95714285714139,-362.5714285714139,-1.0,SL,2020Q1,2020,3
423,23557,2020-02-04 08:00:00,23571,2020-02-04 15:00:00,SELL,1572.53,1565.2255357142856,1575.4517857142857,1565.2255357142856,0.1,72.34464285714402,730.4464285714403,2.4181091082726525,TP,2020Q1,2020,14
424,23631,2020-02-05 22:00:00,23655,2020-02-06 11:00:00,SELL,1556.91,1560.842142857143,1560.842142857143,1547.079642857143,0.1,-40.021428571429354,-393.2142857142935,-1.0,SL,2020Q1,2020,24
425,23674,2020-02-06 20:30:00,23696,2020-02-07 08:30:00,BUY,1566.84,1562.892857142857,1562.892857142857,1576.7078571428572,0.1,-40.17142857142808,-394.7142857142808,-1.0,SL,2020Q1,2020,22
426,23728,2020-02-10 01:30:00,23733,2020-02-10 04:00:00,BUY,1572.65,1569.562142857143,1569.562142857143,1580.369642857143,0.1,-31.578571428570466,-308.78571428570467,-1.0,SL,2020Q1,2020,5
427,23738,2020-02-10 06:30:00,23779,2020-02-11 04:00:00,BUY,1571.46,1568.6046428571428,1568.6046428571428,1578.598392857143,0.1,-29.253571428572013,-285.53571428572013,-1.0,SL,2020Q1,2020,41
428,23787,2020-02-11 08:00:00,23801,2020-02-11 15:00:00,SELL,1568.26,1570.1542857142856,1570.1542857142856,1563.5242857142857,0.1,-19.642857142856155,-189.42857142856155,-1.0,SL,2020Q1,2020,14
429,23819,2020-02-12 01:00:00,23866,2020-02-13 01:30:00,SELL,1567.67,1570.7042857142858,1570.7042857142858,1560.0842857142857,0.1,-31.042857142857155,-303.42857142857156,-1.0,SL,2020Q1,2020,47
430,23924,2020-02-14 07:30:00,23940,2020-02-14 15:30:00,BUY,1575.19,1580.0757142857144,1573.2357142857143,1580.0757142857144,0.1,48.15714285714357,488.5714285714357,2.37896965419896,TP,2020Q1,2020,16
431,23956,2020-02-14 23:30:00,23957,2020-02-17 01:00:00,BUY,1584.18,1581.8175,1581.8175,1590.08625,0.1,-24.324999999999545,-236.24999999999545,-1.0,SL,2020Q1,2020,1
432,23969,2020-02-17 07:00:00,23974,2020-02-17 09:30:00,BUY,1583.11,1581.0517857142856,1581.0517857142856,1588.2555357142855,0.1,-21.28214285714257,-205.8214285714257,-1.0,SL,2020Q1,2020,5
433,24038,2020-02-18 22:30:00,24112,2020-02-20 13:30:00,BUY,1602.21,1614.445714285714,1597.3157142857144,1614.445714285714,0.1,121.65714285714039,1223.5714285714039,2.450647482014387,TP,2020Q1,2020,74
434,24130,2020-02-20 22:30:00,24149,2020-02-21 09:00:00,BUY,1620.37,1632.3137499999998,1615.5925,1632.3137499999998,0.1,118.73749999999909,1194.374999999991,2.449458483754535,TP,2020Q1,2020,19
435,24180,2020-02-24 01:30:00,24182,2020-02-24 02:30:00,BUY,1666.78,1658.6671428571428,1658.6671428571428,1687.0621428571428,0.1,-81.82857142857138,-811.2857142857138,-1.0,SL,2020Q1,2020,2
436,24238,2020-02-25 07:30:00,24239,2020-02-25 08:00:00,SELL,1653.72,1635.4950000000001,1661.01,1635.4950000000001,0.1,181.5499999999991,1822.499999999991,2.4667119565217392,TP,2020Q1,2020,1
437,24390,2020-02-28 14:30:00,24396,2020-02-28 17:30:00,SELL,1619.66,1588.1921428571427,1632.247142857143,1588.1921428571427,0.1,313.97857142857384,3146.7857142857383,2.480643340857797,TP,2020Q1,2020,6
438,24466,2020-03-03 06:30:00,24470,2020-03-03 08:30:00,BUY,1600.6,1593.6067857142855,1593.6067857142855,1618.0830357142856,0.1,-70.6321428571443,-699.321428571443,-1.0,SL,2020Q1,2020,4
439,24501,2020-03-04 01:00:00,24604,2020-03-06 06:30:00,BUY,1639.5,1676.7455357142856,1624.6017857142858,1676.7455357142856,0.1,371.75535714285553,3724.553571428555,2.4836319820572244,TP,2020Q1,2020,103
440,24640,2020-03-09 00:30:00,24650,2020-03-09 05:30:00,BUY,1694.61,1677.942857142857,1677.942857142857,1736.277857142857,0.1,-167.37142857142834,-1666.7142857142835,-1.0,SL,2020Q1,2020,10
441,24681,2020-03-09 21:00:00,24688,2020-03-10 01:30:00,BUY,1677.14,1664.6525000000001,1664.6525000000001,1708.35875,0.1,-125.57499999999955,-1248.7499999999955,-1.0,SL,2020Q1,2020,7
442,24699,2020-03-10 07:00:00,24728,2020-03-10 21:30:00,SELL,1664.72,1646.0557142857144,1672.1857142857143,1646.0557142857144,0.1,185.94285714285598,1866.4285714285597,2.4674881516587526,TP,2020Q1,2020,29
443,24744,2020-03-11 06:30:00,24764,2020-03-11 16:30:00,BUY,1660.53,1655.445,1655.445,1673.2424999999998,0.1,-51.55000000000037,-508.50000000000364,-1.0,SL,2020Q1,2020,20
444,24830,2020-03-13 03:30:00,24836,2020-03-13 06:30:00,SELL,1562.29,1575.9314285714286,1575.9314285714286,1528.1864285714285,0.1,-137.11428571428604,-1364.1428571428605,-1.0,SL,2020Q1,2020,6
445,24888,2020-03-16 09:30:00,24894,2020-03-16 12:30:00,SELL,1531.79,1496.4355357142856,1545.9317857142858,1496.4355357142856,0.1,352.8446428571436,3535.4464285714357,2.482760787073096,TP,2020Q1,2020,6
446,24908,2020-03-16 19:30:00,24914,2020-03-16 22:30:00,SELL,1486.17,1517.0657142857144,1517.0657142857144,1408.9307142857142,0.1,-309.65714285714347,-3089.571428571435,-1.0,SL,2020Q1,2020,6
447,24931,2020-03-17 08:00:00,24947,2020-03-17 16:00:00,SELL,1492.39,1507.675,1507.675,1454.1775000000002,0.1,-153.54999999999853,-1528.4999999999854,-1.0,SL,2020Q1,2020,16
448,25017,2020-03-19 05:00:00,25024,2020-03-19 08:30:00,SELL,1471.88,1486.9153571428574,1486.9153571428574,1434.2916071428572,0.1,-151.05357142857264,-1503.5357142857265,-1.0,SL,2020Q1,2020,7
449,25068,2020-03-20 07:30:00,25070,2020-03-20 08:30:00,BUY,1485.83,1505.3621428571428,1478.0171428571427,1505.3621428571428,0.1,194.62142857142845,1953.2142857142844,2.4689198985139402,TP,2020Q1,2020,2
450,25110,2020-03-23 05:30:00,25130,2020-03-23 15:30:00,BUY,1496.7,1528.1571428571428,1484.1171428571429,1528.1571428571428,0.1,313.871428571428,3145.71428571428,2.4806367844642567,TP,2020Q1,2020,20
451,25146,2020-03-24 00:30:00,25169,2020-03-24 12:00:00,BUY,1565.33,1598.0246428571427,1552.2521428571429,1598.0246428571427,0.1,326.24642857142754,3269.4642857142753,2.481365784755808,TP,2020Q1,2020,23
452,25235,2020-03-25 22:00:00,25264,2020-03-26 13:30:00,SELL,1607.95,1621.0675,1621.0675,1575.15625,0.1,-131.87500000000063,-1311.7500000000064,-1.0,SL,2020Q1,2020,29
453,25344,2020-03-30 08:30:00,25350,2020-03-30 11:30:00,SELL,1613.59,1621.9675,1621.9675,1592.64625,0.1,-84.47500000000055,-837.7500000000055,-1.0,SL,2020Q1,2020,6
454,25448,2020-04-01 14:30:00,25451,2020-04-01 16:00:00,SELL,1590.15,1574.488392857143,1596.414642857143,1574.488392857143,0.1,155.91607142857066,1566.1607142857065,2.4613237864351003,TP,2020Q2,2020,3
455,25555,2020-04-03 22:00:00,25558,2020-04-03 23:30:00,BUY,1623.41,1614.1153571428572,1614.1153571428572,1646.6466071428572,0.1,-93.6464285714289,-929.464285714289,-1.0,SL,2020Q2,2020,3
456,25620,2020-04-07 08:30:00,25623,2020-04-07 10:00:00,BUY,1661.35,1652.8139285714285,1652.8139285714285,1682.6901785714285,0.1,-86.06071428571404,-853.6071428571404,-1.0,SL,2020Q2,2020,3
457,25657,2020-04-08 04:00:00,25665,2020-04-08 08:00:00,SELL,1643.36,1650.9135714285715,1650.9135714285715,1624.4760714285712,0.1,-76.23571428571559,-755.3571428571558,-1.0,SL,2020Q2,2020,8
458,25848,2020-04-15 07:30:00,25852,2020-04-15 09:30:00,BUY,1723.41,1717.5910714285715,1717.5910714285715,1737.9573214285715,0.1,-58.889285714286146,-581.8928571428614,-1.0,SL,2020Q2,2020,4
459,25879,2020-04-15 23:00:00,25880,2020-04-15 23:30:00,BUY,1721.69,1712.3364285714288,1712.3364285714288,1745.0739285714285,0.1,-94.23571428571286,-935.3571428571286,-1.0,SL,2020Q2,2020,1
460,25898,2020-04-16 09:30:00,25906,2020-04-16 13:30:00,BUY,1719.62,1731.8664285714285,1714.7214285714285,1731.8664285714285,0.1,121.76428571428623,1224.6428571428623,2.4506900517539263,TP,2020Q2,2020,8
461,25928,2020-04-17 01:30:00,25930,2020-04-17 02:30:00,SELL,1707.03,1717.4410714285714,1717.4410714285714,1681.0023214285713,0.1,-104.81071428571404,-1041.1071428571404,-1.0,SL,2020Q2,2020,2
462,26063,2020-04-21 23:00:00,26103,2020-04-22 20:00:00,BUY,1684.83,1715.74875,1672.4624999999999,1715.74875,0.1,308.48750000000047,3091.8750000000045,2.4803015075376793,TP,2020Q2,2020,40
463,26109,2020-04-22 23:00:00,26113,2020-04-23 02:00:00,BUY,1717.6,1709.605,1709.605,1737.5874999999999,0.1,-80.64999999999891,-799.4999999999891,-1.0,SL,2020Q2,2020,4
464,26127,2020-04-23 09:00:00,26137,2020-04-23 14:00:00,BUY,1716.23,1731.1764285714285,1710.2514285714287,1731.1764285714285,0.1,148.76428571428443,1494.6428571428442,2.4594945677846374,TP,2020Q2,2020,10
465,26204,2020-04-27 01:30:00,26256,2020-04-28 04:30:00,SELL,1721.04,1700.9051785714285,1729.0939285714285,1700.9051785714285,0.1,200.64821428571514,2013.4821428571513,2.4698421769904,TP,2020Q2,2020,52
466,26260,2020-04-28 06:30:00,26271,2020-04-28 12:00:00,SELL,1699.5,1705.1389285714286,1705.1389285714286,1685.4026785714286,0.1,-57.08928571428551,-563.8928571428551,-1.0,SL,2020Q2,2020,11
467,26292,2020-04-28 22:30:00,26309,2020-04-29 08:00:00,SELL,1703.33,1712.1167857142857,1712.1167857142857,1681.3630357142856,0.1,-88.5678571428577,-878.678571428577,-1.0,SL,2020Q2,2020,17
468,26310,2020-04-29 08:30:00,26311,2020-04-29 09:00:00,BUY,1711.25,1707.9467857142856,1707.9467857142856,1719.5080357142856,0.1,-33.73214285714376,-330.32142857143754,-1.0,SL,2020Q2,2020,1
469,26392,2020-05-01 03:30:00,26421,2020-05-01 18:00:00,SELL,1683.76,1690.8292857142858,1690.8292857142858,1666.0867857142857,0.1,-71.39285714285798,-706.9285714285797,-1.0,SL,2020Q2,2020,29
470,26473,2020-05-04 21:00:00,26479,2020-05-05 01:00:00,BUY,1707.73,1699.5292857142856,1699.5292857142856,1728.2317857142857,0.1,-82.70714285714412,-820.0714285714412,-1.0,SL,2020Q2,2020,6
471,26483,2020-05-05 03:00:00,26484,2020-05-05 03:30:00,BUY,1703.74,1699.405,1699.405,1714.5775,0.1,-44.05000000000037,-433.50000000000364,-1.0,SL,2020Q2,2020,1
472,26520,2020-05-05 21:30:00,26548,2020-05-06 12:30:00,BUY,1707.43,1699.99,1699.99,1726.03,0.1,-75.10000000000055,-744.0000000000055,-1.0,SL,2020Q2,2020,28
473,26570,2020-05-06 23:30:00,26576,2020-05-07 03:30:00,SELL,1685.94,1692.932142857143,1692.932142857143,1668.459642857143,0.1,-70.62142857142881,-699.214285714288,-1.0,SL,2020Q2,2020,6
474,26582,2020-05-07 06:30:00,26593,2020-05-07 12:00:00,SELL,1689.72,1693.9264285714285,1693.9264285714285,1679.2039285714286,0.1,-42.76428571428433,-420.64285714284324,-1.0,SL,2020Q2,2020,11
475,26658,2020-05-08 21:30:00,26778,2020-05-13 12:30:00,SELL,1705.14,1701.1,1714.4935714285716,1681.7560714285717,0.1,39.70000000000191,404.0000000000191,0.4212840142499975,TIME_EXIT,2020Q2,2020,120
476,26798,2020-05-13 22:30:00,26832,2020-05-14 16:30:00,BUY,1714.3,1732.0026785714285,1707.2189285714285,1732.0026785714285,0.1,176.3267857142858,1770.2678571428578,2.4657393996903405,TP,2020Q2,2020,34
477,26909,2020-05-18 09:00:00,26921,2020-05-18 15:00:00,BUY,1764.15,1758.0514285714287,1758.0514285714287,1779.3964285714285,0.1,-61.68571428571404,-609.8571428571404,-1.0,SL,2020Q2,2020,12
478,26966,2020-05-19 14:30:00,26969,2020-05-19 16:00:00,SELL,1732.57,1738.1564285714285,1738.1564285714285,1718.6039285714285,0.1,-56.56428571428542,-558.6428571428542,-1.0,SL,2020Q2,2020,3
479,27030,2020-05-20 23:30:00,27055,2020-05-21 13:00:00,SELL,1746.83,1731.0773214285714,1753.1310714285714,1731.0773214285714,0.1,156.82678571428534,1575.2678571428532,2.461544929648488,TP,2020Q2,2020,25
480,27204,2020-05-26 22:30:00,27265,2020-05-28 07:00:00,SELL,1709.39,1716.4410714285716,1716.4410714285716,1691.7623214285716,0.1,-71.21071428571504,-705.1071428571504,-1.0,SL,2020Q2,2020,61
481,27266,2020-05-28 07:30:00,27293,2020-05-28 21:00:00,BUY,1716.47,1711.8832142857143,1711.8832142857143,1727.936964285714,0.1,-46.56785714285725,-458.67857142857247,-1.0,SL,2020Q2,2020,27
482,27300,2020-05-29 01:30:00,27305,2020-05-29 04:00:00,BUY,1720.38,1715.126785714286,1715.126785714286,1733.5130357142857,0.1,-53.23214285714194,-525.3214285714193,-1.0,SL,2020Q2,2020,5
483,27313,2020-05-29 08:00:00,27315,2020-05-29 09:00:00,BUY,1721.79,1717.8042857142857,1717.8042857142857,1731.7542857142857,0.1,-40.557142857142665,-398.5714285714266,-1.0,SL,2020Q2,2020,2
484,27358,2020-06-01 07:30:00,27366,2020-06-01 11:30:00,BUY,1741.84,1736.3810714285714,1736.3810714285714,1755.4873214285712,0.1,-55.28928571428487,-545.8928571428487,-1.0,SL,2020Q2,2020,8
485,27453,2020-06-03 09:00:00,27466,2020-06-03 15:30:00,SELL,1724.5,1712.8053571428572,1729.1778571428572,1712.8053571428572,0.1,116.24642857142753,1169.4642857142753,2.4483977734315756,TP,2020Q2,2020,13
486,27478,2020-06-03 21:30:00,27492,2020-06-04 05:30:00,SELL,1696.34,1705.4407142857142,1705.4407142857142,1673.588214285714,0.1,-91.70714285714276,-910.0714285714275,-1.0,SL,2020Q2,2020,14
487,27521,2020-06-04 20:00:00,27539,2020-06-05 06:00:00,BUY,1717.31,1708.3314285714284,1708.3314285714284,1739.7564285714286,0.1,-90.48571428571513,-897.8571428571513,-1.0,SL,2020Q2,2020,18
488,27618,2020-06-08 22:30:00,27630,2020-06-09 05:30:00,BUY,1700.49,1695.075,1695.075,1714.0275,0.1,-54.84999999999964,-541.4999999999964,-1.0,SL,2020Q2,2020,12
489,27708,2020-06-10 21:30:00,27821,2020-06-15 09:00:00,BUY,1727.57,1719.5332142857142,1719.5332142857142,1747.661964285714,0.1,-81.0678571428577,-803.678571428577,-1.0,SL,2020Q2,2020,113
490,27893,2020-06-16 22:00:00,27964,2020-06-18 11:30:00,SELL,1725.81,1734.1639285714284,1734.1639285714284,1704.9251785714287,0.1,-84.23928571428469,-835.3928571428469,-1.0,SL,2020Q2,2020,71
491,27985,2020-06-18 22:00:00,28021,2020-06-19 17:00:00,BUY,1725.2,1737.8830357142856,1720.1267857142857,1737.8830357142856,0.1,126.13035714285552,1268.3035714285552,2.4523644191374943,TP,2020Q2,2020,36
492,28033,2020-06-19 23:00:00,28042,2020-06-22 04:30:00,BUY,1743.94,1757.2310714285716,1738.6235714285715,1757.2310714285716,0.1,132.21071428571514,1329.1071428571513,2.4545153162710727,TP,2020Q2,2020,9
493,28064,2020-06-22 15:30:00,28111,2020-06-23 16:00:00,BUY,1752.04,1766.6730357142858,1746.1867857142856,1766.6730357142858,0.1,145.63035714285826,1463.3035714285825,2.4586373228821228,TP,2020Q2,2020,47
494,28123,2020-06-23 22:00:00,28157,2020-06-24 16:00:00,BUY,1768.5,1762.9617857142857,1762.9617857142857,1782.345535714286,0.1,-56.082142857142756,-553.8214285714275,-1.0,SL,2020Q2,2020,34
495,28173,2020-06-25 01:00:00,28190,2020-06-25 09:30:00,SELL,1760.14,1767.0378571428573,1767.0378571428573,1742.8953571428572,0.1,-69.6785714285722,-689.785714285722,-1.0,SL,2020Q2,2020,17
496,28262,2020-06-26 22:30:00,28375,2020-07-01 10:00:00,BUY,1770.02,1787.4039285714287,1763.0664285714286,1787.4039285714287,0.1,173.1392857142867,1738.392857142867,2.4651174616088842,TP,2020Q2,2020,113
497,28418,2020-07-02 08:30:00,28421,2020-07-02 10:00:00,SELL,1766.64,1769.576785714286,1769.576785714286,1759.2980357142858,0.1,-30.06785714285861,-293.6785714285861,-1.0,SL,2020Q3,2020,3
498,28481,2020-07-03 17:00:00,28491,2020-07-06 03:00:00,SELL,1773.71,1776.422857142857,1776.422857142857,1766.9278571428572,0.1,-27.828571428570466,-271.28571428570467,-1.0,SL,2020Q3,2020,10
499,28528,2020-07-06 21:30:00,28552,2020-07-07 10:30:00,BUY,1785.41,1780.4632142857145,1780.4632142857145,1797.7769642857145,0.1,-50.16785714285625,-494.67857142856246,-1.0,SL,2020Q3,2020,24
500,28577,2020-07-07 23:00:00,28584,2020-07-08 03:30:00,BUY,1797.27,1792.6703571428573,1792.6703571428573,1808.769107142857,0.1,-46.69642857142726,-459.9642857142726,-1.0,SL,2020Q3,2020,7
501,28676,2020-07-10 03:30:00,28692,2020-07-10 11:30:00,SELL,1802.02,1804.93,1804.93,1794.7450000000001,0.1,-29.800000000000818,-291.0000000000082,-1.0,SL,2020Q3,2020,16
502,28724,2020-07-13 04:30:00,28747,2020-07-13 16:00:00,BUY,1802.9,1810.4,1799.9,1810.4,0.1,74.3,750.0,2.4201954397394134,TP,2020Q3,2020,23
503,28768,2020-07-14 03:30:00,28792,2020-07-14 15:30:00,SELL,1799.57,1803.7914285714285,1803.7914285714285,1789.0164285714284,0.1,-42.91428571428533,-422.14285714285325,-1.0,SL,2020Q3,2020,24
504,28802,2020-07-14 20:30:00,28839,2020-07-15 16:00:00,BUY,1809.69,1803.6482142857144,1803.6482142857144,1824.7944642857144,0.1,-61.11785714285652,-604.1785714285652,-1.0,SL,2020Q3,2020,37
505,28853,2020-07-15 23:00:00,28870,2020-07-16 08:30:00,BUY,1812.36,1807.9232142857143,1807.9232142857143,1823.4519642857142,0.1,-45.06785714285634,-443.6785714285634,-1.0,SL,2020Q3,2020,17
506,28989,2020-07-20 22:00:00,29018,2020-07-21 13:30:00,BUY,1817.6,1826.9830357142857,1813.8467857142855,1826.9830357142857,0.1,93.13035714285824,938.3035714285825,2.4359177954226423,TP,2020Q3,2020,29
507,29055,2020-07-22 09:00:00,29058,2020-07-22 10:30:00,BUY,1860.65,1853.9042857142858,1853.9042857142858,1877.5142857142857,0.1,-68.15714285714257,-674.5714285714257,-1.0,SL,2020Q3,2020,3
508,29083,2020-07-22 23:00:00,29118,2020-07-23 17:30:00,BUY,1868.75,1888.9330357142858,1860.6767857142856,1888.9330357142858,0.1,201.1303571428578,2018.303571428578,2.469913600280676,TP,2020Q3,2020,35
509,29173,2020-07-24 22:00:00,29181,2020-07-27 03:00:00,BUY,1901.61,1915.3430357142856,1896.1167857142857,1915.3430357142856,0.1,136.63035714285735,1373.3035714285734,2.4559607113051696,TP,2020Q3,2020,8
510,29223,2020-07-28 01:00:00,29226,2020-07-28 02:30:00,BUY,1942.63,1959.738035714286,1935.7867857142858,1959.738035714286,0.1,170.38035714285962,1710.8035714285961,2.464560624063663,TP,2020Q3,2020,3
511,29238,2020-07-28 08:30:00,29256,2020-07-28 17:30:00,SELL,1935.72,1951.6328571428571,1951.6328571428571,1895.9378571428572,0.1,-159.8285714285709,-1591.2857142857092,-1.0,SL,2020Q3,2020,18
512,29266,2020-07-28 22:30:00,29301,2020-07-29 17:00:00,BUY,1958.07,1947.2110714285714,1947.2110714285714,1985.2173214285713,0.1,-109.28928571428578,-1085.8928571428578,-1.0,SL,2020Q3,2020,35
513,29358,2020-07-30 22:30:00,29379,2020-07-31 10:00:00,BUY,1956.17,1979.5030357142857,1946.8367857142857,1979.5030357142857,0.1,232.63035714285644,2333.3035714285643,2.473945079570032,TP,2020Q3,2020,21
514,29405,2020-07-31 23:00:00,29438,2020-08-03 16:30:00,BUY,1974.16,1964.7250000000001,1964.7250000000001,1997.7475,0.1,-95.04999999999946,-943.4999999999945,-1.0,SL,2020Q3,2020,33
515,29447,2020-08-03 21:00:00,29486,2020-08-04 17:30:00,BUY,1974.16,1991.1073214285716,1967.3810714285714,1991.1073214285716,0.1,168.77321428571514,1694.7321428571513,2.4642279814360792,TP,2020Q3,2020,39
516,29503,2020-08-05 03:00:00,29503,2020-08-05 03:00:00,BUY,2031.04,2022.025,2022.025,2053.5775,0.1,-90.84999999999873,-901.4999999999873,-1.0,SL,2020Q3,2020,0
517,29541,2020-08-05 22:00:00,29591,2020-08-07 01:00:00,BUY,2040.17,2071.6860714285717,2027.5635714285715,2071.6860714285717,0.1,314.4607142857165,3151.607142857165,2.4806727897673113,TP,2020Q3,2020,50
518,29592,2020-08-07 01:30:00,29602,2020-08-07 06:30:00,BUY,2070.29,2061.6392857142855,2061.6392857142855,2091.9167857142857,0.1,-87.20714285714458,-865.0714285714457,-1.0,SL,2020Q3,2020,10
519,29638,2020-08-10 01:30:00,29668,2020-08-10 16:30:00,SELL,2024.55,2037.0182142857143,2037.0182142857143,1993.3794642857142,0.1,-125.38214285714339,-1246.821428571434,-1.0,SL,2020Q3,2020,30
520,29678,2020-08-10 21:30:00,29699,2020-08-11 09:00:00,SELL,2024.79,1999.501607142857,2034.9053571428572,1999.501607142857,0.1,252.18392857142982,2528.839285714298,2.475945860654301,TP,2020Q3,2020,21
521,29788,2020-08-13 07:30:00,29806,2020-08-13 16:30:00,SELL,1930.83,1940.1910714285714,1940.1910714285714,1907.4273214285715,0.1,-94.3107142857145,-936.1071428571449,-1.0,SL,2020Q3,2020,18
522,29868,2020-08-17 01:30:00,29870,2020-08-17 02:30:00,BUY,1949.17,1941.074285714286,1941.074285714286,1969.4092857142857,0.1,-81.65714285714166,-809.5714285714166,-1.0,SL,2020Q3,2020,2
523,29884,2020-08-17 09:30:00,29897,2020-08-17 16:00:00,BUY,1948.32,1966.8208928571426,1940.919642857143,1966.8208928571426,0.1,184.30892857142618,1850.0892857142617,2.467203709901037,TP,2020Q3,2020,13
524,29911,2020-08-17 23:00:00,29932,2020-08-18 10:30:00,BUY,1984.35,2007.7526785714285,1974.9889285714285,2007.7526785714285,0.1,233.32678571428625,2340.2678571428623,2.4740220396107095,TP,2020Q3,2020,21
525,29961,2020-08-19 02:00:00,29964,2020-08-19 03:30:00,BUY,2006.3,1998.0907142857143,1998.0907142857143,2026.8232142857144,0.1,-82.7928571428567,-820.928571428567,-1.0,SL,2020Q3,2020,3
526,30000,2020-08-19 21:30:00,30120,2020-08-24 12:30:00,SELL,1944.99,1947.77,1962.0439285714285,1902.3551785714285,0.1,-28.499999999999726,-277.99999999999727,-0.16643377062172712,TIME_EXIT,2020Q3,2020,120
527,30126,2020-08-24 15:30:00,30126,2020-08-24 15:30:00,BUY,1954.02,1946.3410714285715,1946.3410714285715,1973.2173214285715,0.1,-77.48928571428515,-767.8928571428514,-1.0,SL,2020Q3,2020,0
528,30190,2020-08-26 01:30:00,30195,2020-08-26 04:00:00,BUY,1930.72,1924.0835714285715,1924.0835714285715,1947.3110714285715,0.1,-67.06428571428496,-663.6428571428496,-1.0,SL,2020Q3,2020,5
529,30232,2020-08-26 22:30:00,30244,2020-08-27 05:30:00,BUY,1952.23,1940.6917857142857,1940.6917857142857,1981.075535714286,0.1,-116.08214285714276,-1153.8214285714275,-1.0,SL,2020Q3,2020,12
530,30328,2020-08-31 01:30:00,30344,2020-08-31 09:30:00,BUY,1969.65,1961.8489285714286,1961.8489285714286,1989.1526785714286,0.1,-78.71071428571504,-780.1071428571504,-1.0,SL,2020Q3,2020,16
531,30374,2020-09-01 01:30:00,30379,2020-09-01 04:00:00,SELL,1965.29,1972.6399999999999,1972.6399999999999,1946.915,0.1,-74.1999999999991,-734.9999999999909,-1.0,SL,2020Q3,2020,5
532,30478,2020-09-03 07:30:00,30480,2020-09-03 08:30:00,SELL,1943.99,1932.6248214285713,1948.5360714285714,1932.6248214285713,0.1,112.95178571428714,1136.5178571428714,2.4469245647969537,TP,2020Q3,2020,2
533,30492,2020-09-03 14:30:00,30494,2020-09-03 15:30:00,SELL,1928.08,1935.7075,1935.7075,1909.01125,0.1,-76.97500000000055,-762.7500000000055,-1.0,SL,2020Q3,2020,2
534,30515,2020-09-04 03:00:00,30515,2020-09-04 03:00:00,SELL,1927.94,1934.5185714285715,1934.5185714285715,1911.4935714285714,0.1,-66.48571428571422,-657.8571428571422,-1.0,SL,2020Q3,2020,0
535,30573,2020-09-07 09:00:00,30611,2020-09-08 09:00:00,SELL,1929.77,1934.5389285714284,1934.5389285714284,1917.8476785714288,0.1,-48.38928571428433,-476.89285714284324,-1.0,SL,2020Q3,2020,38
536,30635,2020-09-08 21:00:00,30637,2020-09-08 22:00:00,BUY,1940.12,1928.4682142857143,1928.4682142857143,1969.2494642857139,0.1,-117.21785714285552,-1165.1785714285552,-1.0,SL,2020Q3,2020,2
537,30656,2020-09-09 08:30:00,30656,2020-09-09 08:30:00,BUY,1932.14,1928.3450000000003,1928.3450000000003,1941.6274999999998,0.1,-38.64999999999846,-379.49999999998454,-1.0,SL,2020Q3,2020,0
538,30683,2020-09-09 22:00:00,30705,2020-09-10 10:00:00,BUY,1949.9,1942.2917857142859,1942.2917857142859,1968.9205357142857,0.1,-76.78214285714212,-760.8214285714212,-1.0,SL,2020Q3,2020,22
539,30728,2020-09-10 21:30:00,30809,2020-09-14 16:00:00,SELL,1947.37,1956.9635714285712,1956.9635714285712,1923.3860714285713,0.1,-96.63571428571295,-959.3571428571295,-1.0,SL,2020Q3,2020,81
540,30922,2020-09-17 03:30:00,30947,2020-09-17 16:00:00,SELL,1955.19,1936.2632142857144,1962.7607142857144,1936.2632142857144,0.1,188.56785714285644,1892.6785714285643,2.467934935028498,TP,2020Q3,2020,25
541,30961,2020-09-17 23:00:00,31030,2020-09-21 11:30:00,BUY,1948.35,1941.1585714285713,1941.1585714285713,1966.3285714285712,0.1,-72.6142857142856,-719.142857142856,-1.0,SL,2020Q3,2020,69
542,31101,2020-09-23 01:00:00,31117,2020-09-23 09:00:00,SELL,1899.97,1879.8673214285716,1908.0110714285715,1879.8673214285716,0.1,200.32678571428443,2010.2678571428442,2.4697943727708624,TP,2020Q3,2020,16
543,31198,2020-09-25 03:30:00,31206,2020-09-25 07:30:00,SELL,1865.35,1872.2821428571428,1872.2821428571428,1848.0196428571428,0.1,-70.02142857142935,-693.2142857142935,-1.0,SL,2020Q3,2020,8
544,31233,2020-09-25 21:00:00,31254,2020-09-28 08:30:00,BUY,1864.82,1856.3782142857142,1856.3782142857142,1885.9244642857143,0.1,-85.11785714285743,-844.1785714285743,-1.0,SL,2020Q3,2020,21
545,31278,2020-09-28 20:30:00,31360,2020-09-30 15:30:00,BUY,1878.17,1899.6655357142859,1869.5717857142859,1899.6655357142859,0.1,214.2553571428578,2149.553571428578,2.471735816406437,TP,2020Q3,2020,82
546,31382,2020-10-01 03:30:00,31386,2020-10-01 05:30:00,SELL,1886.14,1891.6535714285715,1891.6535714285715,1872.3560714285716,0.1,-55.83571428571368,-551.3571428571368,-1.0,SL,2020Q4,2020,4
547,31468,2020-10-02 23:30:00,31497,2020-10-05 15:00:00,SELL,1900.46,1907.1414285714286,1907.1414285714286,1883.7564285714286,0.1,-67.51428571428569,-668.1428571428569,-1.0,SL,2020Q4,2020,29
548,31612,2020-10-08 03:30:00,31622,2020-10-08 08:30:00,SELL,1886.16,1889.4964285714286,1889.4964285714286,1877.8189285714286,0.1,-34.06428571428542,-333.64285714285415,-1.0,SL,2020Q4,2020,10
549,31645,2020-10-08 20:00:00,31646,2020-10-08 20:30:00,SELL,1885.31,1891.7375,1891.7375,1869.2412499999998,0.1,-64.9750000000001,-642.7500000000009,-1.0,SL,2020Q4,2020,1
550,31649,2020-10-08 22:00:00,31663,2020-10-09 06:00:00,BUY,1892.8,1910.955357142857,1885.537857142857,1910.955357142857,0.1,180.85357142857157,1815.5357142857156,2.4665854846566,TP,2020Q4,2020,14
551,31699,2020-10-12 01:00:00,31704,2020-10-12 03:30:00,BUY,1929.13,1923.3860714285715,1923.3860714285715,1943.4898214285715,0.1,-58.13928571428569,-574.3928571428569,-1.0,SL,2020Q4,2020,5
552,31749,2020-10-13 03:00:00,31749,2020-10-13 03:00:00,BUY,1925.14,1922.3435714285715,1922.3435714285715,1932.1310714285714,0.1,-28.66428571428578,-279.6428571428578,-1.0,SL,2020Q4,2020,0
553,31791,2020-10-14 01:00:00,31802,2020-10-14 06:30:00,SELL,1891.42,1896.9989285714287,1896.9989285714287,1877.4726785714286,0.1,-56.489285714286055,-557.8928571428605,-1.0,SL,2020Q4,2020,11
554,31835,2020-10-14 23:00:00,31872,2020-10-15 18:30:00,SELL,1898.99,1905.4732142857142,1905.4732142857142,1882.7819642857144,0.1,-65.53214285714212,-648.3214285714212,-1.0,SL,2020Q4,2020,37
555,31926,2020-10-16 22:30:00,31944,2020-10-19 08:30:00,SELL,1900.16,1905.9778571428574,1905.9778571428574,1885.615357142857,0.1,-58.878571428572926,-581.7857142857292,-1.0,SL,2020Q4,2020,18
556,31969,2020-10-19 21:00:00,32008,2020-10-20 17:30:00,SELL,1905.69,1911.534642857143,1911.534642857143,1891.0783928571427,0.1,-59.146428571428444,-584.4642857142844,-1.0,SL,2020Q4,2020,39
557,32068,2020-10-22 01:30:00,32070,2020-10-22 02:30:00,BUY,1925.46,1920.5860714285716,1920.5860714285716,1937.6448214285713,0.1,-49.43928571428451,-487.39285714284506,-1.0,SL,2020Q4,2020,2
558,32160,2020-10-26 00:30:00,32165,2020-10-26 03:00:00,SELL,1897.22,1902.5867857142857,1902.5867857142857,1883.8030357142857,0.1,-54.36785714285698,-536.6785714285697,-1.0,SL,2020Q4,2020,5
559,32265,2020-10-28 07:00:00,32268,2020-10-28 08:30:00,BUY,1908.35,1905.4378571428572,1905.4378571428572,1915.6303571428568,0.1,-29.82142857142726,-291.2142857142726,-1.0,SL,2020Q4,2020,3
560,32296,2020-10-28 22:30:00,32311,2020-10-29 07:00:00,SELL,1875.89,1883.1253571428572,1883.1253571428572,1857.8016071428572,0.1,-73.05357142857083,-723.5357142857083,-1.0,SL,2020Q4,2020,15
561,32343,2020-10-30 00:00:00,32350,2020-10-30 03:30:00,SELL,1866.4,1871.3778571428572,1871.3778571428572,1853.955357142857,0.1,-50.47857142857147,-497.7857142857147,-1.0,SL,2020Q4,2020,7
562,32403,2020-11-02 08:00:00,32434,2020-11-02 23:30:00,BUY,1884.3,1895.807142857143,1879.6971428571428,1895.807142857143,0.1,114.3714285714298,1150.714285714298,2.4475695505961723,TP,2020Q4,2020,31
563,32523,2020-11-04 22:00:00,32552,2020-11-05 13:30:00,BUY,1899.77,1920.6976785714282,1891.3989285714285,1920.6976785714282,0.1,208.5767857142826,2092.767857142826,2.470975248571993,TP,2020Q4,2020,29
564,32569,2020-11-05 22:00:00,32577,2020-11-06 03:00:00,BUY,1950.05,1941.1667857142857,1941.1667857142857,1972.2580357142856,0.1,-89.53214285714303,-888.3214285714303,-1.0,SL,2020Q4,2020,8
565,32620,2020-11-09 01:30:00,32622,2020-11-09 02:30:00,BUY,1958.67,1953.2828571428572,1953.2828571428572,1972.1378571428572,0.1,-54.571428571428626,-538.7142857142862,-1.0,SL,2020Q4,2020,2
566,32704,2020-11-10 20:30:00,32726,2020-11-11 08:30:00,SELL,1876.81,1884.0475,1884.0475,1858.71625,0.1,-73.07499999999955,-723.7499999999955,-1.0,SL,2020Q4,2020,22
567,32770,2020-11-12 07:30:00,32772,2020-11-12 08:30:00,BUY,1872.49,1868.4067857142857,1868.4067857142857,1882.6980357142859,0.1,-41.532142857143484,-408.3214285714348,-1.0,SL,2020Q4,2020,2
568,32847,2020-11-13 23:00:00,32874,2020-11-16 13:30:00,BUY,1888.25,1883.7382142857143,1883.7382142857143,1899.5294642857143,0.1,-45.817857142856795,-451.1785714285679,-1.0,SL,2020Q4,2020,27
569,32884,2020-11-16 18:30:00,32938,2020-11-17 22:30:00,BUY,1892.1,1882.0285714285715,1882.0285714285715,1917.2785714285712,0.1,-101.41428571428442,-1007.1428571428442,-1.0,SL,2020Q4,2020,54
570,32939,2020-11-17 23:00:00,32967,2020-11-18 14:00:00,SELL,1881.09,1868.8757142857141,1885.9757142857143,1868.8757142857141,0.1,121.44285714285779,1221.428571428578,2.4505621216488676,TP,2020Q4,2020,28
571,32996,2020-11-19 05:30:00,33006,2020-11-19 10:30:00,SELL,1866.62,1857.0226785714283,1870.4589285714285,1857.0226785714283,0.1,95.27321428571604,959.7321428571604,2.437322978529038,TP,2020Q4,2020,10
572,33028,2020-11-19 21:30:00,33110,2020-11-23 16:30:00,BUY,1865.94,1859.8992857142857,1859.8992857142857,1881.0417857142859,0.1,-61.1071428571433,-604.071428571433,-1.0,SL,2020Q4,2020,82
573,33123,2020-11-23 23:00:00,33148,2020-11-24 12:30:00,SELL,1835.97,1815.578035714286,1844.1267857142857,1815.578035714286,0.1,203.2196428571404,2039.1964285714039,2.4702192316040668,TP,2020Q4,2020,25
574,33209,2020-11-25 20:00:00,33234,2020-11-26 09:30:00,SELL,1808.58,1813.8139285714285,1813.8139285714285,1795.4951785714286,0.1,-53.03928571428578,-523.3928571428578,-1.0,SL,2020Q4,2020,25
575,33249,2020-11-26 17:00:00,33252,2020-11-26 18:30:00,SELL,1807.51,1811.6960714285715,1811.6960714285715,1797.0448214285716,0.1,-42.56071428571495,-418.6071428571495,-1.0,SL,2020Q4,2020,3
576,33338,2020-11-30 22:30:00,33349,2020-12-01 05:00:00,SELL,1777.26,1784.2703571428572,1784.2703571428572,1759.734107142857,0.1,-70.80357142857174,-701.0357142857174,-1.0,SL,2020Q4,2020,11
577,33387,2020-12-02 01:00:00,33394,2020-12-02 04:30:00,BUY,1815.03,1810.325357142857,1810.325357142857,1826.7916071428572,0.1,-47.74642857142972,-470.46428571429715,-1.0,SL,2020Q4,2020,7
578,33427,2020-12-02 21:00:00,33508,2020-12-04 15:30:00,BUY,1829.36,1846.9233928571427,1822.3346428571429,1846.9233928571427,0.1,174.93392857142845,1756.3392857142844,2.465470378013823,TP,2020Q4,2020,81
579,33524,2020-12-04 23:30:00,33526,2020-12-07 01:30:00,BUY,1838.14,1832.9767857142858,1832.9767857142858,1851.0480357142858,0.1,-52.332142857142756,-516.3214285714275,-1.0,SL,2020Q4,2020,2
580,33656,2020-12-09 20:30:00,33692,2020-12-10 15:30:00,SELL,1836.03,1846.1614285714286,1846.1614285714286,1810.7014285714286,0.1,-102.01428571428615,-1013.1428571428614,-1.0,SL,2020Q4,2020,36
581,33701,2020-12-10 20:00:00,33711,2020-12-11 02:00:00,SELL,1830.47,1838.714642857143,1838.714642857143,1809.858392857143,0.1,-83.14642857142935,-824.4642857142935,-1.0,SL,2020Q4,2020,10
582,33755,2020-12-14 01:00:00,33755,2020-12-14 01:00:00,BUY,1840.69,1836.8789285714288,1836.8789285714288,1850.2176785714285,0.1,-38.81071428571268,-381.10714285712675,-1.0,SL,2020Q4,2020,0
583,33756,2020-12-14 01:30:00,33773,2020-12-14 10:00:00,SELL,1837.09,1827.8382142857145,1840.790714285714,1827.8382142857145,0.1,91.8178571428546,925.1785714285461,2.435025573025192,TP,2020Q4,2020,17
584,33797,2020-12-14 22:00:00,33807,2020-12-15 04:00:00,SELL,1825.23,1832.0592857142858,1832.0592857142858,1808.1567857142857,0.1,-68.99285714285789,-682.9285714285788,-1.0,SL,2020Q4,2020,10
585,33840,2020-12-15 20:30:00,33887,2020-12-16 21:00:00,BUY,1851.44,1844.7178571428572,1844.7178571428572,1868.2453571428573,0.1,-67.92142857142899,-672.2142857142899,-1.0,SL,2020Q4,2020,47
586,33888,2020-12-16 21:30:00,33888,2020-12-16 21:30:00,SELL,1848.19,1855.8346428571429,1855.8346428571429,1829.0783928571427,0.1,-77.14642857142799,-764.4642857142799,-1.0,SL,2020Q4,2020,0
587,33897,2020-12-17 03:00:00,33912,2020-12-17 10:30:00,BUY,1865.62,1881.2226785714286,1859.3789285714286,1881.2226785714286,0.1,155.3267857142867,1560.267857142867,2.4611793333711134,TP,2020Q4,2020,15
588,33938,2020-12-17 23:30:00,33943,2020-12-18 03:00:00,BUY,1886.12,1880.3417857142856,1880.3417857142856,1900.5655357142857,0.1,-58.48214285714285,-577.8214285714284,-1.0,SL,2020Q4,2020,5
589,33965,2020-12-18 14:00:00,33970,2020-12-18 16:30:00,BUY,1884.29,1879.5992857142858,1879.5992857142858,1896.0167857142856,0.1,-47.60714285714194,-469.07142857141935,-1.0,SL,2020Q4,2020,5
590,33986,2020-12-21 01:30:00,33989,2020-12-21 03:00:00,BUY,1884.27,1893.9878571428571,1880.3828571428571,1893.9878571428571,0.1,96.47857142857156,971.7857142857156,2.438086642599278,TP,2020Q4,2020,3
591,33997,2020-12-21 07:00:00,34002,2020-12-21 09:30:00,BUY,1900.02,1894.460357142857,1894.460357142857,1913.9191071428572,0.1,-56.2964285714299,-555.964285714299,-1.0,SL,2020Q4,2020,5
592,34071,2020-12-22 21:00:00,34097,2020-12-23 11:00:00,SELL,1862.25,1869.8978571428572,1869.8978571428572,1843.130357142857,0.1,-77.1785714285722,-764.785714285722,-1.0,SL,2020Q4,2020,26
593,34159,2020-12-28 01:00:00,34163,2020-12-28 03:00:00,BUY,1882.69,1895.6917857142857,1877.4892857142856,1895.6917857142857,0.1,129.3178571428569,1300.1785714285688,2.453516736685124,TP,2020Q4,2020,4
594,34164,2020-12-28 03:30:00,34172,2020-12-28 07:30:00,BUY,1894.75,1888.9053571428572,1888.9053571428572,1909.361607142857,0.1,-59.146428571428444,-584.4642857142844,-1.0,SL,2020Q4,2020,8
595,34248,2020-12-29 22:30:00,34291,2020-12-30 21:00:00,BUY,1879.28,1891.6416071428573,1874.335357142857,1891.6416071428573,0.1,122.91607142857337,1236.1607142857338,2.4511430809771166,TP,2020Q4,2020,43
596,34380,2021-01-05 01:30:00,34382,2021-01-05 02:30:00,BUY,1944.85,1938.2124999999999,1938.2124999999999,1961.44375,0.1,-67.07500000000046,-663.7500000000045,-1.0,SL,2021Q1,2021,2
597,34420,2021-01-05 21:30:00,34432,2021-01-06 04:30:00,BUY,1952.56,1945.4392857142857,1945.4392857142857,1970.3617857142856,0.1,-71.90714285714257,-712.0714285714257,-1.0,SL,2021Q1,2021,12
598,34590,2021-01-11 14:30:00,34622,2021-01-12 07:30:00,SELL,1845.34,1854.1825,1854.1825,1823.2337499999999,0.1,-89.12499999999973,-884.2499999999973,-1.0,SL,2021Q1,2021,32
599,34657,2021-01-13 02:00:00,34675,2021-01-13 11:00:00,BUY,1858.85,1852.6539285714284,1852.6539285714284,1874.3401785714286,0.1,-62.66071428571486,-619.6071428571486,-1.0,SL,2021Q1,2021,18
600,34697,2021-01-13 22:00:00,34708,2021-01-14 04:30:00,SELL,1853.31,1837.8680357142857,1859.4867857142856,1837.8680357142857,0.1,153.71964285714222,1544.196428571422,2.460779829626683,TP,2021Q1,2021,11
601,34790,2021-01-15 22:30:00,34794,2021-01-18 01:30:00,SELL,1826.56,1804.4483928571426,1835.4046428571428,1804.4483928571426,0.1,220.4160714285734,2211.160714285734,2.472517126717705,TP,2021Q1,2021,4
602,34807,2021-01-18 08:00:00,34814,2021-01-18 11:30:00,BUY,1838.72,1829.9696428571428,1829.9696428571428,1860.5958928571426,0.1,-88.20357142857183,-875.0357142857183,-1.0,SL,2021Q1,2021,7
603,34872,2021-01-19 21:30:00,34881,2021-01-20 03:00:00,SELL,1838.77,1844.9017857142858,1844.9017857142858,1823.4405357142857,0.1,-62.01785714285798,-613.1785714285797,-1.0,SL,2021Q1,2021,9
604,34917,2021-01-20 21:00:00,34983,2021-01-22 08:00:00,BUY,1868.6,1857.7785714285715,1857.7785714285715,1895.6535714285712,0.1,-108.91428571428442,-1082.1428571428442,-1.0,SL,2021Q1,2021,66
605,35013,2021-01-22 23:00:00,35018,2021-01-25 02:30:00,SELL,1854.21,1859.9410714285714,1859.9410714285714,1839.8823214285715,0.1,-58.010714285713405,-573.107142857134,-1.0,SL,2021Q1,2021,5
606,35062,2021-01-26 01:30:00,35078,2021-01-26 09:30:00,BUY,1856.92,1852.3535714285715,1852.3535714285715,1868.3360714285714,0.1,-46.3642857142856,-456.642857142856,-1.0,SL,2021Q1,2021,16
607,35101,2021-01-26 21:00:00,35132,2021-01-27 13:30:00,SELL,1851.8,1839.0687500000001,1856.8925,1839.0687500000001,0.1,126.61249999999818,1273.1249999999818,2.4525423728813336,TP,2021Q1,2021,31
608,35201,2021-01-29 02:00:00,35224,2021-01-29 13:30:00,BUY,1844.06,1861.2296428571426,1837.192142857143,1861.2296428571426,0.1,170.99642857142663,1716.9642857142662,2.4646865026253635,TP,2021Q1,2021,23
609,35242,2021-01-29 22:30:00,35245,2021-02-01 01:00:00,SELL,1847.97,1857.7521428571429,1857.7521428571429,1823.514642857143,0.1,-98.52142857142844,-978.2142857142844,-1.0,SL,2021Q1,2021,3
610,35293,2021-02-02 02:00:00,35296,2021-02-02 03:30:00,SELL,1857.58,1863.1289285714283,1863.1289285714283,1843.7076785714287,0.1,-56.189285714284054,-554.8928571428405,-1.0,SL,2021Q1,2021,3
611,35488,2021-02-08 07:30:00,35493,2021-02-08 10:00:00,BUY,1815.43,1810.9825,1810.9825,1826.54875,0.1,-45.17499999999991,-444.7499999999991,-1.0,SL,2021Q1,2021,5
612,35518,2021-02-08 22:30:00,35542,2021-02-09 11:30:00,BUY,1834.19,1847.9792857142859,1828.6742857142858,1847.9792857142859,0.1,137.19285714285826,1378.9285714285825,2.4561381074169204,TP,2021Q1,2021,24
613,35561,2021-02-09 21:00:00,35574,2021-02-10 04:30:00,SELL,1834.9,1841.8075000000001,1841.8075000000001,1817.6312500000001,0.1,-69.77500000000028,-690.7500000000027,-1.0,SL,2021Q1,2021,13
614,35608,2021-02-10 21:30:00,35620,2021-02-11 04:30:00,BUY,1844.18,1836.0982142857144,1836.0982142857144,1864.3844642857143,0.1,-81.51785714285616,-808.1785714285616,-1.0,SL,2021Q1,2021,12
615,35663,2021-02-12 03:00:00,35677,2021-02-12 10:00:00,SELL,1823.83,1813.4050000000002,1827.9999999999998,1813.4050000000002,0.1,103.54999999999727,1042.4999999999727,2.4422169811320997,TP,2021Q1,2021,14
616,35784,2021-02-16 21:30:00,35885,2021-02-19 03:00:00,SELL,1793.7,1763.7669642857143,1805.6732142857143,1763.7669642857143,0.1,298.6303571428578,2993.303571428578,2.4796565938139628,TP,2021Q1,2021,101
617,35924,2021-02-19 22:30:00,35958,2021-02-22 16:30:00,BUY,1782.22,1804.81375,1773.1825000000001,1804.81375,0.1,225.2375,2259.375,2.4730990941531954,TP,2021Q1,2021,34
618,36013,2021-02-23 21:00:00,36023,2021-02-24 03:00:00,SELL,1803.81,1810.797857142857,1810.797857142857,1786.340357142857,0.1,-70.57857142857138,-698.7857142857138,-1.0,SL,2021Q1,2021,10
619,36063,2021-02-24 23:00:00,36072,2021-02-25 04:30:00,BUY,1802.9,1794.727142857143,1794.727142857143,1823.3321428571428,0.1,-82.42857142857083,-817.2857142857083,-1.0,SL,2021Q1,2021,9
620,36109,2021-02-25 23:00:00,36142,2021-02-26 16:30:00,SELL,1769.61,1745.559107142857,1779.230357142857,1745.559107142857,0.1,239.808928571428,2405.08928571428,2.4747171341171383,TP,2021Q1,2021,33
621,36166,2021-03-01 05:30:00,36179,2021-03-01 12:00:00,BUY,1750.34,1744.085,1744.085,1765.9774999999997,0.1,-63.24999999999882,-625.4999999999882,-1.0,SL,2021Q1,2021,13
622,36295,2021-03-04 01:00:00,36308,2021-03-04 07:30:00,SELL,1709.97,1718.1717857142858,1718.1717857142858,1689.4655357142858,0.1,-82.71785714285734,-820.1785714285734,-1.0,SL,2021Q1,2021,13
623,36343,2021-03-05 02:00:00,36371,2021-03-05 16:00:00,SELL,1694.11,1703.593214285714,1703.593214285714,1670.4019642857143,0.1,-95.53214285714212,-948.3214285714212,-1.0,SL,2021Q1,2021,28
624,36387,2021-03-08 01:00:00,36404,2021-03-08 09:30:00,BUY,1703.01,1697.0560714285714,1697.0560714285714,1717.8948214285715,0.1,-60.239285714286055,-595.3928571428605,-1.0,SL,2021Q1,2021,17
625,36472,2021-03-09 20:30:00,36485,2021-03-10 04:00:00,BUY,1718.96,1711.595,1711.595,1737.3725,0.1,-74.3500000000001,-736.5000000000009,-1.0,SL,2021Q1,2021,13
626,36518,2021-03-10 20:30:00,36584,2021-03-12 07:30:00,BUY,1723.47,1716.2378571428571,1716.2378571428571,1741.5503571428571,0.1,-73.0214285714289,-723.214285714289,-1.0,SL,2021Q1,2021,66
627,36707,2021-03-16 22:00:00,36741,2021-03-17 16:00:00,BUY,1732.62,1726.9285714285713,1726.9285714285713,1746.8485714285714,0.1,-57.6142857142856,-569.142857142856,-1.0,SL,2021Q1,2021,34
628,36760,2021-03-18 02:30:00,36773,2021-03-18 09:00:00,BUY,1750.96,1744.4939285714286,1744.4939285714286,1767.1251785714285,0.1,-65.36071428571468,-646.6071428571468,-1.0,SL,2021Q1,2021,13
629,36798,2021-03-18 21:30:00,36807,2021-03-19 03:00:00,BUY,1737.17,1730.1757142857143,1730.1757142857143,1754.6557142857143,0.1,-70.64285714285752,-699.4285714285752,-1.0,SL,2021Q1,2021,9
630,36860,2021-03-22 06:30:00,36863,2021-03-22 08:00:00,BUY,1741.54,1736.4646428571427,1736.4646428571427,1754.2283928571428,0.1,-51.45357142857229,-507.53571428572286,-1.0,SL,2021Q1,2021,3
631,37118,2021-03-29 21:30:00,37148,2021-03-30 13:30:00,SELL,1710.27,1694.1048214285713,1716.7360714285714,1694.1048214285713,0.1,160.9517857142867,1616.517857142867,2.46251570952407,TP,2021Q1,2021,30
632,37164,2021-03-30 21:30:00,37194,2021-03-31 13:30:00,SELL,1682.32,1688.8685714285714,1688.8685714285714,1665.9485714285713,0.1,-66.1857142857145,-654.8571428571449,-1.0,SL,2021Q1,2021,30
633,37321,2021-04-06 08:00:00,37324,2021-04-06 09:30:00,BUY,1735.87,1732.9192857142857,1732.9192857142857,1743.2467857142856,0.1,-30.207142857141843,-295.07142857141844,-1.0,SL,2021Q2,2021,3
634,37367,2021-04-07 08:00:00,37369,2021-04-07 09:00:00,BUY,1739.2,1736.7689285714287,1736.7689285714287,1745.2776785714286,0.1,-25.010714285713856,-243.10714285713857,-1.0,SL,2021Q2,2021,2
635,37443,2021-04-08 23:00:00,37455,2021-04-09 06:00:00,BUY,1756.01,1752.1282142857142,1752.1282142857142,1765.7144642857143,0.1,-39.51785714285798,-388.17857142857974,-1.0,SL,2021Q2,2021,12
636,37485,2021-04-09 21:00:00,37531,2021-04-12 21:00:00,SELL,1743.59,1728.3998214285712,1749.6660714285715,1728.3998214285712,0.1,151.2017857142876,1519.017857142876,2.4601371375442724,TP,2021Q2,2021,46
637,37532,2021-04-12 21:30:00,37535,2021-04-12 23:00:00,SELL,1727.96,1732.8917857142858,1732.8917857142858,1715.6305357142858,0.1,-50.01785714285752,-493.1785714285752,-1.0,SL,2021Q2,2021,3
638,37574,2021-04-13 19:30:00,37583,2021-04-14 01:00:00,BUY,1744.97,1738.0089285714287,1738.0089285714287,1762.3726785714284,0.1,-70.31071428571359,-696.1071428571358,-1.0,SL,2021Q2,2021,9
639,37589,2021-04-14 04:00:00,37596,2021-04-14 07:30:00,BUY,1747.16,1743.152857142857,1743.152857142857,1757.1778571428572,0.1,-40.77142857142981,-400.71428571429806,-1.0,SL,2021Q2,2021,7
640,37680,2021-04-16 03:30:00,37680,2021-04-16 03:30:00,BUY,1764.95,1762.4267857142856,1762.4267857142856,1771.2580357142858,0.1,-25.932142857144026,-252.32142857144026,-1.0,SL,2021Q2,2021,0
641,37839,2021-04-21 14:00:00,37844,2021-04-21 16:30:00,BUY,1780.19,1790.54,1776.0500000000002,1790.54,0.1,102.79999999999909,1034.999999999991,2.4418052256532587,TP,2021Q2,2021,5
642,37856,2021-04-21 22:30:00,37875,2021-04-22 09:00:00,BUY,1794.46,1788.6271428571429,1788.6271428571429,1809.0421428571428,0.1,-59.02857142857165,-583.2857142857165,-1.0,SL,2021Q2,2021,19
643,37900,2021-04-22 21:30:00,37906,2021-04-23 01:30:00,SELL,1779.97,1786.2796428571428,1786.2796428571428,1764.1958928571428,0.1,-63.796428571427626,-630.9642857142762,-1.0,SL,2021Q2,2021,6
644,37946,2021-04-23 21:30:00,37961,2021-04-26 06:00:00,SELL,1775.91,1782.2303571428572,1782.2303571428572,1760.109107142857,0.1,-63.9035714285712,-632.035714285712,-1.0,SL,2021Q2,2021,15
645,37994,2021-04-26 22:30:00,38004,2021-04-27 04:30:00,BUY,1780.77,1776.2475,1776.2475,1792.07625,0.1,-45.92500000000037,-452.25000000000364,-1.0,SL,2021Q2,2021,10
646,38037,2021-04-27 21:00:00,38065,2021-04-28 12:00:00,SELL,1777.06,1764.5296428571428,1782.0721428571428,1764.5296428571428,0.1,124.60357142857156,1253.0357142857156,2.451791988756149,TP,2021Q2,2021,28
647,38091,2021-04-29 02:00:00,38106,2021-04-29 09:30:00,BUY,1783.07,1779.0585714285714,1779.0585714285714,1793.0985714285714,0.1,-40.81428571428496,-401.1428571428496,-1.0,SL,2021Q2,2021,15
648,38135,2021-04-30 01:00:00,38197,2021-05-03 09:00:00,SELL,1771.77,1776.3439285714285,1776.3439285714285,1760.3351785714285,0.1,-46.43928571428496,-457.3928571428496,-1.0,SL,2021Q2,2021,62
649,38278,2021-05-05 03:30:00,38281,2021-05-05 05:00:00,SELL,1777.14,1780.2653571428573,1780.2653571428573,1769.3266071428573,0.1,-31.95357142857183,-312.5357142857183,-1.0,SL,2021Q2,2021,3
650,38317,2021-05-05 23:00:00,38325,2021-05-06 04:00:00,BUY,1786.2,1781.9185714285716,1781.9185714285716,1796.9035714285715,0.1,-43.51428571428478,-428.1428571428478,-1.0,SL,2021Q2,2021,8
651,38409,2021-05-07 23:00:00,38487,2021-05-11 16:00:00,BUY,1832.24,1824.4164285714285,1824.4164285714285,1851.7989285714289,0.1,-78.9357142857154,-782.357142857154,-1.0,SL,2021Q2,2021,78
652,38500,2021-05-11 22:30:00,38510,2021-05-12 04:30:00,BUY,1837.15,1829.6960714285715,1829.6960714285715,1855.7848214285716,0.1,-75.23928571428605,-745.3928571428605,-1.0,SL,2021Q2,2021,10
653,38548,2021-05-12 23:30:00,38555,2021-05-13 04:00:00,SELL,1815.5,1821.9403571428572,1821.9403571428572,1799.399107142857,0.1,-65.10357142857238,-644.0357142857238,-1.0,SL,2021Q2,2021,7
654,38636,2021-05-14 21:30:00,38656,2021-05-17 08:30:00,BUY,1841.76,1854.2769642857143,1836.7532142857142,1854.2769642857143,0.1,124.46964285714266,1251.6964285714266,2.4517411185367126,TP,2021Q2,2021,20
655,38727,2021-05-18 21:00:00,38754,2021-05-19 11:30:00,BUY,1869.13,1863.1664285714287,1863.1664285714287,1884.0389285714289,0.1,-60.33571428571413,-596.3571428571413,-1.0,SL,2021Q2,2021,27
656,38781,2021-05-20 02:00:00,38788,2021-05-20 05:30:00,SELL,1868.13,1875.0160714285716,1875.0160714285716,1850.9148214285715,0.1,-69.5607142857154,-688.607142857154,-1.0,SL,2021Q2,2021,7
657,38829,2021-05-21 03:00:00,38845,2021-05-21 11:00:00,SELL,1873.91,1877.885,1877.885,1863.9725000000003,0.1,-40.44999999999909,-397.4999999999909,-1.0,SL,2021Q2,2021,16
658,38867,2021-05-21 22:00:00,38956,2021-05-25 20:30:00,BUY,1879.53,1897.7094642857144,1872.2582142857143,1897.7094642857144,0.1,181.09464285714404,1817.9464285714403,2.4666293719901073,TP,2021Q2,2021,89
659,38961,2021-05-25 23:00:00,39002,2021-05-26 20:30:00,BUY,1900.08,1894.7635714285714,1894.7635714285714,1913.3710714285714,0.1,-53.8642857142856,-531.642857142856,-1.0,SL,2021Q2,2021,41
660,39059,2021-05-28 03:00:00,39061,2021-05-28 04:00:00,BUY,1898.18,1895.3482142857142,1895.3482142857142,1905.2594642857143,0.1,-29.01785714285843,-283.1785714285843,-1.0,SL,2021Q2,2021,2
661,39099,2021-05-28 23:00:00,39171,2021-06-01 17:00:00,BUY,1904.06,1898.8346428571429,1898.8346428571429,1917.1233928571428,0.1,-52.953571428570925,-522.5357142857092,-1.0,SL,2021Q2,2021,72
662,39181,2021-06-01 22:00:00,39216,2021-06-02 16:30:00,SELL,1900.79,1907.33,1907.33,1884.44,0.1,-66.09999999999964,-653.9999999999964,-1.0,SL,2021Q2,2021,35
663,39224,2021-06-02 20:30:00,39246,2021-06-03 08:30:00,BUY,1907.68,1902.5114285714287,1902.5114285714287,1920.6014285714284,0.1,-52.385714285713405,-516.857142857134,-1.0,SL,2021Q2,2021,22
664,39275,2021-06-03 23:00:00,39284,2021-06-04 04:30:00,SELL,1871.3,1856.7526785714285,1877.1189285714286,1856.7526785714285,0.1,144.77321428571423,1454.7321428571422,2.458396506762065,TP,2021Q2,2021,9
665,39319,2021-06-04 22:00:00,39331,2021-06-07 05:00:00,BUY,1891.67,1885.9657142857145,1885.9657142857145,1905.9307142857142,0.1,-57.74285714285561,-570.4285714285561,-1.0,SL,2021Q2,2021,12
666,39362,2021-06-07 20:30:00,39389,2021-06-08 11:00:00,BUY,1896.49,1892.3039285714285,1892.3039285714285,1906.9551785714286,0.1,-42.56071428571495,-418.6071428571495,-1.0,SL,2021Q2,2021,27
667,39458,2021-06-09 22:30:00,39480,2021-06-10 10:30:00,SELL,1889.32,1879.5244642857142,1893.2382142857143,1879.5244642857142,0.1,97.25535714285733,979.5535714285734,2.4385689979403042,TP,2021Q2,2021,22
668,39488,2021-06-10 14:30:00,39490,2021-06-10 15:30:00,SELL,1878.17,1882.9067857142857,1882.9067857142857,1866.3280357142858,0.1,-48.067857142855885,-473.6785714285588,-1.0,SL,2021Q2,2021,2
669,39502,2021-06-10 21:30:00,39533,2021-06-11 14:00:00,BUY,1895.37,1887.6064285714285,1887.6064285714285,1914.7789285714284,0.1,-78.33571428571368,-776.3571428571368,-1.0,SL,2021Q2,2021,31
670,39547,2021-06-11 21:00:00,39571,2021-06-14 10:00:00,SELL,1875.2,1858.5205357142859,1881.8717857142858,1858.5205357142859,0.1,166.09464285714176,1667.9464285714175,2.4636594797901874,TP,2021Q2,2021,24
671,39615,2021-06-15 09:00:00,39619,2021-06-15 11:00:00,BUY,1866.23,1862.4360714285715,1862.4360714285715,1875.7148214285714,0.1,-38.639285714285236,-379.39285714285234,-1.0,SL,2021Q2,2021,4
672,39706,2021-06-17 08:30:00,39710,2021-06-17 10:30:00,SELL,1818.63,1807.6639285714286,1823.0164285714288,1807.6639285714286,0.1,108.96071428571467,1096.6071428571468,2.4450232409039163,TP,2021Q2,2021,4
673,39735,2021-06-17 23:00:00,39743,2021-06-18 04:00:00,SELL,1771.98,1781.76,1781.76,1747.53,0.1,-98.49999999999973,-977.9999999999973,-1.0,SL,2021Q2,2021,8
674,39776,2021-06-18 20:30:00,39799,2021-06-21 09:00:00,SELL,1768.89,1777.2825,1777.2825,1747.90875,0.1,-84.62499999999928,-839.2499999999927,-1.0,SL,2021Q2,2021,23
675,39812,2021-06-21 15:30:00,39815,2021-06-21 17:00:00,SELL,1775.59,1782.4975,1782.4975,1758.32125,0.1,-69.77500000000028,-690.7500000000027,-1.0,SL,2021Q2,2021,3
676,39830,2021-06-22 01:30:00,39832,2021-06-22 02:30:00,BUY,1787.1,1783.6296428571427,1783.6296428571427,1795.7758928571427,0.1,-35.40357142857211,-347.03571428572104,-1.0,SL,2021Q2,2021,2
677,39844,2021-06-22 08:30:00,39854,2021-06-22 13:30:00,SELL,1781.61,1785.5464285714284,1785.5464285714284,1771.7689285714287,0.1,-40.06428571428451,-393.64285714284506,-1.0,SL,2021Q2,2021,10
678,39879,2021-06-23 03:00:00,39881,2021-06-23 04:00:00,SELL,1777.46,1780.8960714285715,1780.8960714285715,1768.8698214285714,0.1,-35.06071428571495,-343.6071428571495,-1.0,SL,2021Q2,2021,2
679,39917,2021-06-23 22:00:00,39947,2021-06-24 14:00:00,SELL,1778.68,1784.4882142857143,1784.4882142857143,1764.1594642857142,0.1,-58.782142857142574,-580.8214285714257,-1.0,SL,2021Q2,2021,30
680,39959,2021-06-24 20:00:00,39985,2021-06-25 10:00:00,SELL,1776.6,1782.1071428571427,1782.1071428571427,1762.8321428571428,0.1,-55.771428571427535,-550.7142857142753,-1.0,SL,2021Q2,2021,26
681,40014,2021-06-28 01:30:00,40019,2021-06-28 04:00:00,BUY,1781.73,1778.4117857142858,1778.4117857142858,1790.0255357142858,0.1,-33.88214285714248,-331.8214285714248,-1.0,SL,2021Q2,2021,5
682,40027,2021-06-28 08:00:00,40033,2021-06-28 11:00:00,BUY,1780.96,1777.0739285714287,1777.0739285714287,1790.6751785714284,0.1,-39.56071428571313,-388.6071428571313,-1.0,SL,2021Q2,2021,6
683,40062,2021-06-29 02:30:00,40074,2021-06-29 08:30:00,SELL,1776.76,1778.8825,1778.8825,1771.4537500000001,0.1,-21.924999999999454,-212.24999999999454,-1.0,SL,2021Q2,2021,12
684,40196,2021-07-01 23:30:00,40226,2021-07-02 15:30:00,BUY,1776.5,1789.4669642857143,1771.3132142857144,1789.4669642857143,0.1,128.96964285714313,1296.6964285714312,2.4533935729329865,TP,2021Q3,2021,30
685,40237,2021-07-02 21:00:00,40308,2021-07-06 14:30:00,BUY,1788.14,1809.2498214285715,1779.6960714285715,1809.2498214285715,0.1,210.39821428571423,2110.982142857142,2.4712236251520485,TP,2021Q3,2021,71
686,40309,2021-07-06 15:00:00,40314,2021-07-06 17:30:00,BUY,1809.98,1805.8067857142858,1805.8067857142858,1820.4130357142856,0.1,-42.432142857142665,-417.3214285714266,-1.0,SL,2021Q3,2021,5
687,40328,2021-07-07 01:30:00,40333,2021-07-07 04:00:00,SELL,1795.36,1800.075357142857,1800.075357142857,1783.5716071428571,0.1,-47.853571428571016,-471.5357142857101,-1.0,SL,2021Q3,2021,5
688,40375,2021-07-08 02:00:00,40379,2021-07-08 04:00:00,BUY,1805.42,1801.2832142857144,1801.2832142857144,1815.7619642857144,0.1,-42.067857142856795,-413.6785714285679,-1.0,SL,2021Q3,2021,4
689,40513,2021-07-13 02:00:00,40539,2021-07-13 15:00:00,BUY,1807.1,1813.3892857142857,1804.5842857142857,1813.3892857142857,0.1,62.192857142858244,628.9285714285825,2.4052486187846167,TP,2021Q3,2021,26
690,40560,2021-07-14 02:30:00,40563,2021-07-14 04:00:00,SELL,1806.35,1809.482857142857,1809.482857142857,1798.5178571428569,0.1,-32.0285714285712,-313.28571428571195,-1.0,SL,2021Q3,2021,3
691,40601,2021-07-14 23:00:00,40629,2021-07-15 14:00:00,BUY,1827.53,1822.7621428571429,1822.7621428571429,1839.4496428571429,0.1,-48.37857142857111,-476.78571428571104,-1.0,SL,2021Q3,2021,28
692,40646,2021-07-15 22:30:00,40663,2021-07-16 08:00:00,BUY,1830.04,1825.4682142857143,1825.4682142857143,1841.4694642857144,0.1,-46.41785714285625,-457.17857142856246,-1.0,SL,2021Q3,2021,17
693,40690,2021-07-16 21:30:00,40749,2021-07-20 05:00:00,SELL,1811.86,1818.7471428571428,1818.7471428571428,1794.6421428571427,0.1,-69.57142857142863,-688.7142857142862,-1.0,SL,2021Q3,2021,59
694,40783,2021-07-20 22:00:00,40903,2021-07-23 13:00:00,SELL,1808.96,1797.39,1815.7957142857142,1791.8707142857145,0.1,114.99999999999936,1156.9999999999936,1.6652875465453214,TIME_EXIT,2021Q3,2021,120
695,40966,2021-07-26 21:30:00,40999,2021-07-27 15:00:00,SELL,1797.0,1801.8032142857141,1801.8032142857141,1784.9919642857144,0.1,-48.73214285714148,-480.3214285714148,-1.0,SL,2021Q3,2021,33
696,41011,2021-07-27 21:00:00,41044,2021-07-28 14:30:00,BUY,1801.87,1796.2546428571427,1796.2546428571427,1815.9083928571426,0.1,-56.853571428571925,-561.5357142857192,-1.0,SL,2021Q3,2021,33
697,41066,2021-07-29 02:30:00,41087,2021-07-29 13:00:00,BUY,1810.32,1822.97625,1805.2575,1822.97625,0.1,125.8625,1265.625,2.452264978080857,TP,2021Q3,2021,21
698,41158,2021-08-02 02:30:00,41161,2021-08-02 04:00:00,SELL,1813.0,1816.7682142857143,1816.7682142857143,1803.5794642857143,0.1,-38.38214285714294,-376.82142857142935,-1.0,SL,2021Q3,2021,3
699,41206,2021-08-03 03:30:00,41232,2021-08-03 16:30:00,SELL,1811.84,1814.3685714285714,1814.3685714285714,1805.5185714285715,0.1,-25.985714285714675,-252.85714285714675,-1.0,SL,2021Q3,2021,26
700,41335,2021-08-05 22:00:00,41368,2021-08-06 15:30:00,SELL,1803.56,1790.0626785714287,1808.9589285714285,1790.0626785714287,0.1,134.2732142857124,1349.732142857124,2.455201462809357,TP,2021Q3,2021,33
701,41383,2021-08-06 23:00:00,41386,2021-08-09 01:30:00,SELL,1760.1,1744.6901785714285,1766.2639285714286,1744.6901785714285,0.1,153.39821428571378,1540.9821428571377,2.4606989401317314,TP,2021Q3,2021,3
702,41474,2021-08-10 22:30:00,41487,2021-08-11 06:00:00,SELL,1729.18,1734.9260714285715,1734.9260714285715,1714.8148214285716,0.1,-58.160714285714405,-574.607142857144,-1.0,SL,2021Q3,2021,13
703,41527,2021-08-12 03:00:00,41529,2021-08-12 04:00:00,BUY,1752.51,1749.5164285714286,1749.5164285714286,1759.9939285714286,0.1,-30.635714285713856,-299.35714285713857,-1.0,SL,2021Q3,2021,2
704,41571,2021-08-13 02:00:00,41593,2021-08-13 13:00:00,BUY,1753.83,1760.88,1751.01,1760.88,0.1,69.80000000000182,705.0000000000182,2.4152249134949257,TP,2021Q3,2021,22
705,41654,2021-08-16 20:30:00,41693,2021-08-17 17:00:00,BUY,1788.11,1782.910357142857,1782.910357142857,1801.109107142857,0.1,-52.696428571428626,-519.9642857142862,-1.0,SL,2021Q3,2021,39
706,41748,2021-08-18 21:30:00,41760,2021-08-19 04:30:00,BUY,1788.82,1782.7310714285713,1782.7310714285713,1804.0423214285713,0.1,-61.589285714285964,-608.8928571428596,-1.0,SL,2021Q3,2021,12
707,41794,2021-08-19 21:30:00,41805,2021-08-20 04:00:00,SELL,1777.99,1783.3567857142857,1783.3567857142857,1764.5730357142857,0.1,-54.36785714285698,-536.6785714285697,-1.0,SL,2021Q3,2021,11
708,41844,2021-08-20 23:30:00,41852,2021-08-23 04:30:00,SELL,1781.66,1785.3275,1785.3275,1772.49125,0.1,-37.375000000000185,-366.7500000000018,-1.0,SL,2021Q3,2021,8
709,41940,2021-08-25 02:30:00,41942,2021-08-25 03:30:00,SELL,1801.88,1797.2808928571428,1803.719642857143,1797.2808928571428,0.1,45.29107142857292,459.9107142857292,2.3717037591172097,TP,2021Q3,2021,2
710,42027,2021-08-26 23:00:00,42061,2021-08-27 17:00:00,BUY,1792.86,1787.5178571428569,1787.5178571428569,1806.215357142857,0.1,-54.12142857143017,-534.2142857143017,-1.0,SL,2021Q3,2021,34
711,42068,2021-08-27 20:30:00,42115,2021-08-30 21:00:00,BUY,1817.29,1808.6810714285714,1808.6810714285714,1838.8123214285715,0.1,-86.78928571428578,-860.8928571428578,-1.0,SL,2021Q3,2021,47
712,42172,2021-09-01 03:30:00,42173,2021-09-01 04:00:00,SELL,1812.82,1815.1932142857142,1815.1932142857142,1806.886964285714,0.1,-24.432142857143116,-237.32142857143117,-1.0,SL,2021Q3,2021,1
713,42210,2021-09-01 22:30:00,42242,2021-09-02 15:30:00,BUY,1814.91,1809.5753571428572,1809.5753571428572,1828.246607142857,0.1,-54.046428571428535,-533.4642857142853,-1.0,SL,2021Q3,2021,32
714,42261,2021-09-03 02:00:00,42265,2021-09-03 04:00:00,SELL,1808.98,1811.2578571428571,1811.2578571428571,1803.285357142857,0.1,-23.478571428571012,-227.78571428571013,-1.0,SL,2021Q3,2021,4
715,42348,2021-09-07 03:30:00,42354,2021-09-07 06:30:00,BUY,1825.64,1823.362142857143,1823.362142857143,1831.334642857143,0.1,-23.478571428571012,-227.78571428571013,-1.0,SL,2021Q3,2021,6
716,42386,2021-09-07 22:30:00,42417,2021-09-08 15:00:00,SELL,1795.31,1801.9432142857142,1801.9432142857142,1778.7269642857143,0.1,-67.03214285714303,-663.3214285714303,-1.0,SL,2021Q3,2021,31
717,42432,2021-09-08 22:30:00,42456,2021-09-09 11:30:00,SELL,1789.47,1795.4903571428572,1795.4903571428572,1774.4191071428572,0.1,-60.90357142857165,-602.0357142857165,-1.0,SL,2021Q3,2021,24
718,42482,2021-09-10 01:30:00,42490,2021-09-10 05:30:00,SELL,1793.28,1797.8217857142856,1797.8217857142856,1781.9255357142856,0.1,-46.11785714285652,-454.1785714285652,-1.0,SL,2021Q3,2021,8
719,42570,2021-09-13 22:30:00,42580,2021-09-14 04:30:00,BUY,1793.65,1789.6289285714286,1789.6289285714286,1803.7026785714286,0.1,-40.910714285715315,-402.1071428571531,-1.0,SL,2021Q3,2021,10
720,42660,2021-09-15 21:30:00,42673,2021-09-16 05:00:00,SELL,1790.77,1796.275,1796.275,1777.0075,0.1,-55.750000000001094,-550.5000000000109,-1.0,SL,2021Q3,2021,13
721,42707,2021-09-16 22:00:00,42725,2021-09-17 08:00:00,SELL,1753.79,1760.7125,1760.7125,1736.4837499999999,0.1,-69.92500000000128,-692.2500000000127,-1.0,SL,2021Q3,2021,18
722,42801,2021-09-20 23:00:00,42821,2021-09-21 10:00:00,BUY,1764.12,1758.6599999999999,1758.6599999999999,1777.77,0.1,-55.30000000000037,-546.0000000000036,-1.0,SL,2021Q3,2021,20
723,42899,2021-09-23 03:00:00,42919,2021-09-23 13:00:00,SELL,1766.9,1774.4975,1774.4975,1747.9062500000002,0.1,-76.67499999999855,-759.7499999999854,-1.0,SL,2021Q3,2021,20
724,42939,2021-09-23 23:00:00,42956,2021-09-24 08:30:00,SELL,1748.68,1754.6982142857144,1754.6982142857144,1733.6344642857146,0.1,-60.88214285714294,-601.8214285714294,-1.0,SL,2021Q3,2021,17
725,42981,2021-09-24 21:00:00,42993,2021-09-27 04:00:00,SELL,1749.6,1755.0385714285715,1755.0385714285715,1736.0035714285711,0.1,-55.0857142857155,-543.8571428571549,-1.0,SL,2021Q3,2021,12
726,43028,2021-09-27 21:30:00,43051,2021-09-28 10:00:00,SELL,1750.99,1737.9935714285712,1756.1885714285715,1737.9935714285712,0.1,129.26428571428852,1299.642857142885,2.453497830802604,TP,2021Q3,2021,23
727,43073,2021-09-28 21:00:00,43103,2021-09-29 13:00:00,SELL,1734.78,1743.5742857142857,1743.5742857142857,1712.7942857142855,0.1,-88.64285714285707,-879.4285714285706,-1.0,SL,2021Q3,2021,30
728,43215,2021-10-01 23:00:00,43235,2021-10-04 10:00:00,BUY,1760.0,1754.84,1754.84,1772.8999999999999,0.1,-52.30000000000082,-516.0000000000082,-1.0,SL,2021Q4,2021,20
729,43303,2021-10-05 21:00:00,43315,2021-10-06 04:00:00,BUY,1761.83,1755.840714285714,1755.840714285714,1776.8032142857144,0.1,-60.592857142858705,-598.928571428587,-1.0,SL,2021Q4,2021,12
730,43396,2021-10-07 21:30:00,43427,2021-10-08 14:00:00,SELL,1756.1,1761.0682142857142,1761.0682142857142,1743.6794642857142,0.1,-50.38214285714339,-496.8214285714339,-1.0,SL,2021Q4,2021,31
731,43444,2021-10-08 22:30:00,43519,2021-10-12 14:00:00,SELL,1756.69,1764.4117857142858,1764.4117857142858,1737.3855357142857,0.1,-77.91785714285716,-772.1785714285716,-1.0,SL,2021Q4,2021,75
732,43532,2021-10-12 20:30:00,43558,2021-10-13 10:30:00,SELL,1758.72,1765.6167857142857,1765.6167857142857,1741.4780357142856,0.1,-69.6678571428567,-689.678571428567,-1.0,SL,2021Q4,2021,26
733,43626,2021-10-14 21:30:00,43645,2021-10-15 08:00:00,BUY,1797.93,1793.5532142857144,1793.5532142857144,1808.8719642857145,0.1,-44.467857142856886,-437.67857142856883,-1.0,SL,2021Q4,2021,19
734,43678,2021-10-18 01:30:00,43679,2021-10-18 02:00:00,SELL,1765.7,1769.1907142857144,1769.1907142857144,1756.9732142857144,0.1,-35.60714285714376,-349.07142857143754,-1.0,SL,2021Q4,2021,1
735,43721,2021-10-18 23:00:00,43729,2021-10-19 04:00:00,SELL,1764.04,1768.4832142857142,1768.4832142857142,1752.9319642857142,0.1,-45.13214285714248,-444.3214285714248,-1.0,SL,2021Q4,2021,8
736,43774,2021-10-20 03:30:00,43775,2021-10-20 04:00:00,SELL,1767.22,1769.3821428571428,1769.3821428571428,1761.8146428571429,0.1,-22.32142857142726,-216.2142857142726,-1.0,SL,2021Q4,2021,1
737,43855,2021-10-21 21:00:00,43858,2021-10-21 22:30:00,SELL,1778.82,1784.5542857142857,1784.5542857142857,1764.4842857142858,0.1,-58.04285714285761,-573.4285714285761,-1.0,SL,2021Q4,2021,3
738,43864,2021-10-22 02:30:00,43878,2021-10-22 09:30:00,BUY,1785.5,1793.1258928571428,1782.4496428571429,1793.1258928571428,0.1,75.55892857142844,762.5892857142844,2.4214833466865056,TP,2021Q4,2021,14
739,43921,2021-10-25 08:00:00,43923,2021-10-25 09:00:00,BUY,1800.57,1796.9132142857143,1796.9132142857143,1809.7119642857142,0.1,-37.26785714285661,-365.6785714285661,-1.0,SL,2021Q4,2021,2
740,43934,2021-10-25 14:30:00,43981,2021-10-26 15:00:00,BUY,1801.89,1797.5014285714287,1797.5014285714287,1812.8614285714286,0.1,-44.58571428571368,-438.85714285713675,-1.0,SL,2021Q4,2021,47
741,44000,2021-10-27 01:30:00,44020,2021-10-27 11:30:00,SELL,1792.37,1784.1387499999998,1795.6625,1784.1387499999998,0.1,81.61250000000045,823.1250000000045,2.4271375464684017,TP,2021Q4,2021,20
742,44038,2021-10-27 20:30:00,44112,2021-10-29 11:30:00,BUY,1797.4,1790.7592857142859,1790.7592857142859,1814.001785714286,0.1,-67.10714285714239,-664.0714285714239,-1.0,SL,2021Q4,2021,74
743,44141,2021-11-01 02:00:00,44143,2021-11-01 03:00:00,SELL,1779.96,1782.9032142857143,1782.9032142857143,1772.6019642857143,0.1,-30.13214285714248,-294.3214285714248,-1.0,SL,2021Q4,2021,2
744,44151,2021-11-01 07:00:00,44152,2021-11-01 07:30:00,SELL,1783.53,1786.1882142857144,1786.1882142857144,1776.8844642857143,0.1,-27.282142857143935,-265.82142857143936,-1.0,SL,2021Q4,2021,1
745,44231,2021-11-03 01:00:00,44238,2021-11-03 04:30:00,SELL,1786.91,1780.8644642857143,1789.3282142857145,1780.8644642857143,0.1,59.755357142857335,604.5535714285734,2.401535811683564,TP,2021Q4,2021,7
746,44279,2021-11-04 02:00:00,44291,2021-11-04 08:00:00,BUY,1777.49,1771.307857142857,1771.307857142857,1792.9453571428571,0.1,-62.521428571429354,-618.2142857142935,-1.0,SL,2021Q4,2021,12
747,44362,2021-11-05 20:30:00,44482,2021-11-10 12:30:00,BUY,1815.91,1824.69,1807.4575000000002,1837.04125,0.1,87.09999999999972,877.9999999999973,1.0220005866823236,TIME_EXIT,2021Q4,2021,120
748,44503,2021-11-10 23:00:00,44512,2021-11-11 04:30:00,BUY,1852.78,1843.692142857143,1843.692142857143,1875.4996428571426,0.1,-91.57857142857047,-908.7857142857047,-1.0,SL,2021Q4,2021,9
749,44546,2021-11-11 21:30:00,44556,2021-11-12 03:30:00,BUY,1863.28,1857.8210714285713,1857.8210714285713,1876.9273214285715,0.1,-55.289285714287146,-545.8928571428714,-1.0,SL,2021Q4,2021,10
750,44565,2021-11-12 08:00:00,44568,2021-11-12 09:30:00,BUY,1859.95,1857.0357142857144,1857.0357142857144,1867.2357142857143,0.1,-29.842857142855973,-291.42857142855974,-1.0,SL,2021Q4,2021,3
751,44598,2021-11-15 01:30:00,44601,2021-11-15 03:00:00,BUY,1866.84,1862.6025,1862.6025,1877.43375,0.1,-43.07499999999955,-423.74999999999545,-1.0,SL,2021Q4,2021,3
752,44637,2021-11-15 21:00:00,44673,2021-11-16 16:00:00,BUY,1865.83,1860.3485714285714,1860.3485714285714,1879.5335714285713,0.1,-55.514285714285236,-548.1428571428523,-1.0,SL,2021Q4,2021,36
753,44738,2021-11-18 02:30:00,44742,2021-11-18 04:30:00,BUY,1869.93,1866.7275,1866.7275,1877.93625,0.1,-32.725000000001,-320.25000000001,-1.0,SL,2021Q4,2021,4
754,44774,2021-11-18 20:30:00,44811,2021-11-19 16:00:00,SELL,1859.5,1865.6575,1865.6575,1844.1062500000003,0.1,-62.275000000000276,-615.7500000000027,-1.0,SL,2021Q4,2021,37
755,44824,2021-11-19 22:30:00,44857,2021-11-22 16:00:00,SELL,1846.94,1827.4373214285713,1854.7410714285716,1827.4373214285713,0.1,194.3267857142876,1950.267857142876,2.4688733608602935,TP,2021Q4,2021,33
756,44867,2021-11-22 21:00:00,44949,2021-11-24 16:00:00,SELL,1804.93,1780.305892857143,1814.779642857143,1780.305892857143,0.1,245.54107142857157,2462.4107142857156,2.4753015301529926,TP,2021Q4,2021,82
757,44979,2021-11-25 08:00:00,44987,2021-11-25 12:00:00,BUY,1793.07,1790.355,1790.355,1799.8574999999998,0.1,-27.84999999999918,-271.4999999999918,-1.0,SL,2021Q4,2021,8
758,45055,2021-11-29 07:00:00,45062,2021-11-29 10:30:00,SELL,1792.76,1799.3910714285714,1799.3910714285714,1776.1823214285714,0.1,-67.01071428571431,-663.1071428571431,-1.0,SL,2021Q4,2021,7
759,45132,2021-11-30 22:30:00,45148,2021-12-01 07:30:00,SELL,1773.6,1783.1625,1783.1625,1749.69375,0.1,-96.325,-956.25,-1.0,SL,2021Q4,2021,16
760,45149,2021-12-01 08:00:00,45152,2021-12-01 09:30:00,BUY,1790.75,1785.205357142857,1785.205357142857,1804.611607142857,0.1,-56.1464285714289,-554.464285714289,-1.0,SL,2021Q4,2021,3
761,45176,2021-12-01 21:30:00,45212,2021-12-02 16:30:00,SELL,1780.51,1764.0635714285715,1787.0885714285714,1764.0635714285715,0.1,163.76428571428443,1644.6428571428442,2.46314997851309,TP,2021Q4,2021,36
762,45320,2021-12-07 01:30:00,45329,2021-12-07 06:00:00,BUY,1780.56,1777.1592857142857,1777.1592857142857,1789.0617857142856,0.1,-34.7071428571423,-340.071428571423,-1.0,SL,2021Q4,2021,9
763,45360,2021-12-07 21:30:00,45395,2021-12-08 16:00:00,BUY,1785.71,1780.3871428571429,1780.3871428571429,1799.0171428571427,0.1,-53.92857142857174,-532.2857142857174,-1.0,SL,2021Q4,2021,35
764,45406,2021-12-08 21:30:00,45432,2021-12-09 11:30:00,BUY,1785.73,1781.9317857142858,1781.9317857142858,1795.2255357142858,0.1,-38.682142857142665,-379.8214285714266,-1.0,SL,2021Q4,2021,26
765,45504,2021-12-13 01:30:00,45530,2021-12-13 14:30:00,BUY,1784.45,1790.8169642857142,1781.9032142857143,1790.8169642857142,0.1,62.96964285714175,636.6964285714175,2.4063736863654124,TP,2021Q4,2021,26
766,45589,2021-12-14 21:00:00,45635,2021-12-15 21:00:00,SELL,1771.42,1756.4575,1777.4050000000002,1756.4575,0.1,148.92500000000092,1496.250000000009,2.4595375722542987,TP,2021Q4,2021,46
767,45685,2021-12-16 23:00:00,45705,2021-12-17 10:00:00,BUY,1799.55,1809.5383928571428,1795.5546428571429,1809.5383928571428,0.1,99.18392857142798,998.8392857142799,2.4397346920847145,TP,2021Q4,2021,20
768,45727,2021-12-17 21:00:00,45776,2021-12-20 22:30:00,SELL,1802.13,1788.774642857143,1807.472142857143,1788.774642857143,0.1,132.85357142857202,1335.5357142857201,2.4547314240464977,TP,2021Q4,2021,49
769,45838,2021-12-22 07:30:00,45843,2021-12-22 10:00:00,SELL,1787.52,1789.3574999999998,1789.3574999999998,1782.92625,0.1,-19.074999999998635,-183.74999999998636,-1.0,SL,2021Q4,2021,5
770,45910,2021-12-23 20:30:00,45917,2021-12-27 01:00:00,BUY,1810.67,1806.3017857142859,1806.3017857142859,1821.5905357142858,0.1,-44.38214285714203,-436.82142857142026,-1.0,SL,2021Q4,2021,7
771,45959,2021-12-27 22:00:00,45992,2021-12-28 15:30:00,BUY,1809.52,1819.1896428571429,1805.6521428571427,1819.1896428571429,0.1,95.9964285714289,966.964285714289,2.4377834210048412,TP,2021Q4,2021,33
772,46007,2021-12-28 23:00:00,46036,2021-12-29 14:30:00,SELL,1805.45,1793.9589285714287,1810.0464285714286,1793.9589285714287,0.1,114.21071428571331,1149.107142857133,2.447497321291902,TP,2021Q4,2021,29
773,46048,2021-12-29 20:30:00,46067,2021-12-30 07:00:00,BUY,1805.8,1800.1364285714285,1800.1364285714285,1819.9589285714285,0.1,-57.33571428571459,-566.3571428571458,-1.0,SL,2021Q4,2021,19
774,46097,2021-12-30 22:00:00,46130,2021-12-31 15:30:00,BUY,1815.2,1825.9116071428573,1810.9153571428571,1825.9116071428573,0.1,106.41607142857247,1071.1607142857247,2.4437382104486183,TP,2021Q4,2021,33
775,46166,2022-01-03 15:30:00,46169,2022-01-03 17:00:00,SELL,1812.61,1801.96,1816.87,1801.96,0.1,105.79999999999863,1064.9999999999864,2.4434180138567863,TP,2022Q1,2022,3
776,46223,2022-01-04 21:00:00,46260,2022-01-05 16:30:00,BUY,1815.33,1828.9639285714286,1809.8764285714285,1828.9639285714286,0.1,135.6392857142867,1363.392857142867,2.455644639855187,TP,2022Q1,2022,37
777,46278,2022-01-06 02:30:00,46294,2022-01-06 10:30:00,SELL,1807.75,1795.80625,1812.5275,1795.80625,0.1,118.73749999999909,1194.374999999991,2.449458483754535,TP,2022Q1,2022,16
778,46315,2022-01-06 21:00:00,46342,2022-01-07 11:30:00,SELL,1787.52,1793.7632142857142,1793.7632142857142,1771.9119642857145,0.1,-63.13214285714203,-624.3214285714203,-1.0,SL,2022Q1,2022,27
779,46550,2022-01-13 23:30:00,46585,2022-01-14 18:00:00,BUY,1822.7,1818.71,1818.71,1832.6750000000002,0.1,-40.600000000000094,-399.0000000000009,-1.0,SL,2022Q1,2022,35
780,46599,2022-01-17 02:00:00,46607,2022-01-17 06:00:00,SELL,1816.28,1819.5092857142856,1819.5092857142856,1808.2067857142856,0.1,-32.99285714285652,-322.9285714285652,-1.0,SL,2022Q1,2022,8
781,46637,2022-01-17 21:00:00,46640,2022-01-18 02:00:00,SELL,1818.15,1820.0539285714287,1820.0539285714287,1813.3901785714286,0.1,-19.739285714286506,-190.39285714286507,-1.0,SL,2022Q1,2022,3
782,46774,2022-01-20 23:00:00,46792,2022-01-21 09:00:00,SELL,1837.96,1842.3710714285714,1842.3710714285714,1826.9323214285714,0.1,-44.81071428571404,-441.1071428571404,-1.0,SL,2022Q1,2022,18
783,46802,2022-01-21 14:00:00,46802,2022-01-21 14:00:00,SELL,1831.89,1835.9475,1835.9475,1821.7462500000001,0.1,-41.27499999999891,-405.7499999999891,-1.0,SL,2022Q1,2022,0
784,46819,2022-01-21 22:30:00,46821,2022-01-21 23:30:00,SELL,1828.74,1833.48,1833.48,1816.8899999999999,0.1,-48.100000000000094,-474.0000000000009,-1.0,SL,2022Q1,2022,2
785,46834,2022-01-24 07:00:00,46851,2022-01-24 15:30:00,BUY,1838.04,1834.815,1834.815,1846.1024999999997,0.1,-32.94999999999909,-322.4999999999909,-1.0,SL,2022Q1,2022,17
786,46907,2022-01-25 20:30:00,46931,2022-01-26 09:30:00,BUY,1851.98,1845.6639285714286,1845.6639285714286,1867.7701785714285,0.1,-63.86071428571377,-631.6071428571377,-1.0,SL,2022Q1,2022,24
787,46973,2022-01-27 07:30:00,46989,2022-01-27 15:30:00,SELL,1814.64,1804.6167857142857,1818.649285714286,1804.6167857142857,0.1,99.53214285714402,1002.3214285714403,2.4399404657677626,TP,2022Q1,2022,16
788,47009,2022-01-28 02:30:00,47011,2022-01-28 03:30:00,SELL,1795.67,1799.2389285714287,1799.2389285714287,1786.7476785714287,0.1,-36.389285714286146,-356.89285714286143,-1.0,SL,2022Q1,2022,2
789,47093,2022-01-31 21:30:00,47161,2022-02-02 09:30:00,BUY,1799.26,1794.3357142857144,1794.3357142857144,1811.570714285714,0.1,-49.942857142855885,-492.4285714285588,-1.0,SL,2022Q1,2022,68
790,47241,2022-02-04 03:30:00,47258,2022-02-04 12:00:00,BUY,1806.99,1812.6096428571427,1804.7421428571429,1812.6096428571427,0.1,55.496428571427074,561.9642857142708,2.3942989214175157,TP,2022Q1,2022,17
791,47283,2022-02-07 01:30:00,47317,2022-02-07 18:30:00,BUY,1809.4,1818.3142857142857,1805.834285714286,1818.3142857142857,0.1,88.44285714285597,891.4285714285597,2.432612966601208,TP,2022Q1,2022,34
792,47323,2022-02-07 21:30:00,47344,2022-02-08 09:00:00,BUY,1822.52,1818.5160714285714,1818.5160714285714,1832.5298214285713,0.1,-40.7392857142856,-400.392857142856,-1.0,SL,2022Q1,2022,21
793,47469,2022-02-11 02:30:00,47492,2022-02-11 14:00:00,SELL,1824.82,1829.5203571428572,1829.5203571428572,1813.069107142857,0.1,-47.70357142857229,-470.03571428572286,-1.0,SL,2022Q1,2022,23
794,47506,2022-02-11 21:00:00,47565,2022-02-15 04:30:00,BUY,1857.3,1875.942857142857,1849.8428571428572,1875.942857142857,0.1,185.72857142857112,1864.285714285711,2.4674511292465513,TP,2022Q1,2022,59
795,47566,2022-02-15 05:00:00,47576,2022-02-15 10:00:00,BUY,1876.38,1872.4553571428573,1872.4553571428573,1886.1916071428573,0.1,-39.94642857142772,-392.46428571427714,-1.0,SL,2022Q1,2022,10
796,47584,2022-02-15 14:00:00,47626,2022-02-16 12:00:00,SELL,1852.4,1859.2732142857144,1859.2732142857144,1835.2169642857143,0.1,-69.43214285714312,-687.3214285714312,-1.0,SL,2022Q1,2022,42
797,47653,2022-02-17 02:30:00,47668,2022-02-17 10:00:00,BUY,1871.27,1882.9860714285714,1866.5835714285713,1882.9860714285714,0.1,116.46071428571467,1171.6071428571468,2.448490764378989,TP,2022Q1,2022,15
798,47697,2022-02-18 01:30:00,47701,2022-02-18 03:30:00,BUY,1899.83,1895.3696428571427,1895.3696428571427,1910.9808928571429,0.1,-45.3035714285722,-446.03571428572195,-1.0,SL,2022Q1,2022,4
799,47710,2022-02-18 08:00:00,47719,2022-02-18 12:30:00,BUY,1891.95,1888.1914285714286,1888.1914285714286,1901.3464285714285,0.1,-38.28571428571486,-375.8571428571486,-1.0,SL,2022Q1,2022,9
800,47751,2022-02-21 05:30:00,47753,2022-02-21 06:30:00,BUY,1898.05,1891.8003571428571,1891.8003571428571,1913.674107142857,0.1,-63.19642857142817,-624.9642857142817,-1.0,SL,2022Q1,2022,2
801,47780,2022-02-21 20:00:00,47783,2022-02-22 01:00:00,BUY,1897.85,1908.1839285714286,1893.7164285714284,1908.1839285714286,0.1,102.63928571428714,1033.3928571428714,2.441716227697537,TP,2022Q1,2022,3
802,47797,2022-02-22 08:00:00,47801,2022-02-22 10:00:00,BUY,1910.25,1905.3107142857143,1905.3107142857143,1922.5982142857142,0.1,-50.092857142856886,-493.92857142856883,-1.0,SL,2022Q1,2022,4
803,47822,2022-02-22 20:30:00,47825,2022-02-22 22:00:00,BUY,1905.53,1899.1432142857143,1899.1432142857143,1921.496964285714,0.1,-64.5678571428568,-638.6785714285679,-1.0,SL,2022Q1,2022,3
804,47831,2022-02-23 02:00:00,47857,2022-02-23 15:00:00,SELL,1898.0,1901.7757142857142,1901.7757142857142,1888.5607142857143,0.1,-38.4571428571423,-377.571428571423,-1.0,SL,2022Q1,2022,26
805,47979,2022-02-28 07:00:00,47983,2022-02-28 09:00:00,BUY,1911.37,1899.352857142857,1899.352857142857,1941.412857142857,0.1,-120.87142857142972,-1201.7142857142971,-1.0,SL,2022Q1,2022,4
806,48011,2022-02-28 23:00:00,48048,2022-03-01 18:30:00,BUY,1910.2,1933.7071428571428,1900.797142857143,1933.7071428571428,0.1,234.37142857142754,2350.7142857142753,2.4741366309757202,TP,2022Q1,2022,37
807,48057,2022-03-01 23:00:00,48062,2022-03-02 02:30:00,BUY,1945.64,1936.5875,1936.5875,1968.27125,0.1,-91.2250000000001,-905.2500000000009,-1.0,SL,2022Q1,2022,5
808,48154,2022-03-04 02:30:00,48156,2022-03-04 03:30:00,BUY,1942.68,1937.1117857142858,1937.1117857142858,1956.6005357142856,0.1,-56.38214285714248,-556.8214285714248,-1.0,SL,2022Q1,2022,2
809,48255,2022-03-08 07:00:00,48258,2022-03-08 08:30:00,BUY,1991.28,2007.3032142857144,1984.8707142857143,2007.3032142857144,0.1,159.53214285714404,1602.3214285714403,2.4621871899459995,TP,2022Q1,2022,3
810,48338,2022-03-10 02:30:00,48357,2022-03-10 12:00:00,SELL,1985.62,1996.7339285714286,1996.7339285714286,1957.8351785714283,0.1,-111.83928571428687,-1111.3928571428687,-1.0,SL,2022Q1,2022,19
811,48378,2022-03-10 22:30:00,48385,2022-03-11 03:00:00,BUY,2002.09,1989.3625,1989.3625,2033.9087499999998,0.1,-127.97499999999964,-1272.7499999999964,-1.0,SL,2022Q1,2022,7
812,48418,2022-03-11 19:30:00,48427,2022-03-14 00:00:00,BUY,1989.86,1974.4935714285714,1974.4935714285714,2028.2760714285712,0.1,-154.36428571428513,-1536.6428571428514,-1.0,SL,2022Q1,2022,9
813,48428,2022-03-14 00:30:00,48428,2022-03-14 00:30:00,SELL,1973.4,1982.4535714285716,1982.4535714285716,1950.7660714285714,0.1,-91.23571428571559,-905.3571428571558,-1.0,SL,2022Q1,2022,0
814,48468,2022-03-14 20:30:00,48487,2022-03-15 07:00:00,SELL,1955.47,1931.253035714286,1965.1567857142857,1931.253035714286,0.1,241.46964285714085,2421.6964285714084,2.4748892712031916,TP,2022Q1,2022,19
815,48517,2022-03-15 22:00:00,48546,2022-03-16 13:30:00,SELL,1916.57,1927.0796428571427,1927.0796428571427,1890.295892857143,0.1,-105.79642857142808,-1050.9642857142808,-1.0,SL,2022Q1,2022,29
816,48560,2022-03-16 20:30:00,48560,2022-03-16 20:30:00,SELL,1904.06,1915.4,1915.4,1875.7099999999998,0.1,-114.10000000000146,-1134.0000000000146,-1.0,SL,2022Q1,2022,0
817,48572,2022-03-17 03:30:00,48653,2022-03-18 21:00:00,BUY,1930.81,1920.652857142857,1920.652857142857,1956.202857142857,0.1,-102.27142857142844,-1015.7142857142844,-1.0,SL,2022Q1,2022,81
818,48750,2022-03-23 00:30:00,48770,2022-03-23 10:30:00,SELL,1920.32,1925.2732142857142,1925.2732142857142,1907.936964285714,0.1,-50.23214285714239,-495.3214285714239,-1.0,SL,2022Q1,2022,20
819,48790,2022-03-23 20:30:00,48822,2022-03-24 13:30:00,BUY,1938.57,1954.845,1932.06,1954.845,0.1,162.05000000000092,1627.500000000009,2.462765957446826,TP,2022Q1,2022,32
820,48881,2022-03-25 20:00:00,48902,2022-03-28 08:30:00,SELL,1953.36,1934.620714285714,1960.8557142857142,1934.620714285714,0.1,186.6928571428587,1873.928571428587,2.467617069486435,TP,2022Q1,2022,21
821,48927,2022-03-28 21:00:00,48954,2022-03-29 11:30:00,SELL,1933.67,1910.8432142857143,1942.8007142857143,1910.8432142857143,0.1,227.56785714285735,2282.6785714285734,2.47337163263723,TP,2022Q1,2022,27
822,48977,2022-03-29 23:00:00,49012,2022-03-30 17:30:00,BUY,1919.5,1938.0517857142856,1912.0792857142858,1938.0517857142856,0.1,184.81785714285644,1855.1785714285643,2.4672928387527566,TP,2022Q1,2022,35
823,49029,2022-03-31 03:00:00,49029,2022-03-31 03:00:00,BUY,1934.18,1930.462142857143,1930.462142857143,1943.474642857143,0.1,-37.87857142857156,-371.7857142857156,-1.0,SL,2022Q1,2022,0
824,49076,2022-04-01 03:30:00,49078,2022-04-01 04:30:00,SELL,1932.67,1937.0307142857143,1937.0307142857143,1921.7682142857143,0.1,-44.307142857142665,-436.0714285714266,-1.0,SL,2022Q2,2022,2
825,49110,2022-04-01 20:30:00,49135,2022-04-04 10:00:00,SELL,1920.46,1929.2285714285715,1929.2285714285715,1898.5385714285715,0.1,-88.38571428571477,-876.8571428571477,-1.0,SL,2022Q2,2022,25
826,49158,2022-04-04 21:30:00,49183,2022-04-05 11:00:00,BUY,1933.2,1926.167142857143,1926.167142857143,1950.7821428571428,0.1,-71.02857142856983,-703.2857142856983,-1.0,SL,2022Q2,2022,25
827,49207,2022-04-05 23:00:00,49231,2022-04-06 12:00:00,SELL,1920.2,1928.9203571428573,1928.9203571428573,1898.399107142857,0.1,-87.9035714285721,-872.035714285721,-1.0,SL,2022Q2,2022,24
828,49260,2022-04-07 03:30:00,49263,2022-04-07 05:00:00,BUY,1926.96,1921.0842857142857,1921.0842857142857,1941.6492857142857,0.1,-59.457142857143666,-587.5714285714366,-1.0,SL,2022Q2,2022,3
829,49343,2022-04-08 22:00:00,49374,2022-04-11 14:30:00,BUY,1944.18,1960.8728571428571,1937.5028571428572,1960.8728571428571,0.1,166.22857142857066,1669.2857142857065,2.4636883336862163,TP,2022Q2,2022,31
830,49384,2022-04-11 19:30:00,49391,2022-04-11 23:00:00,SELL,1947.39,1955.1289285714286,1955.1289285714286,1928.0426785714287,0.1,-78.0892857142846,-773.892857142846,-1.0,SL,2022Q2,2022,7
831,49532,2022-04-18 01:30:00,49547,2022-04-18 09:00:00,BUY,1974.65,1988.6642857142856,1969.044285714286,1988.6642857142856,0.1,139.44285714285508,1401.4285714285506,2.4568336269821485,TP,2022Q2,2022,15
832,49618,2022-04-19 21:30:00,49738,2022-04-22 12:30:00,SELL,1953.31,1944.0,1962.0807142857143,1931.3832142857143,0.1,92.39999999999945,930.9999999999945,1.0451644178718456,TIME_EXIT,2022Q2,2022,120
833,49766,2022-04-25 03:30:00,49776,2022-04-25 08:30:00,SELL,1928.14,1915.1033928571428,1933.354642857143,1915.1033928571428,0.1,129.66607142857293,1303.6607142857292,2.453639251199547,TP,2022Q2,2022,10
834,49852,2022-04-26 23:30:00,49862,2022-04-27 05:30:00,BUY,1905.11,1898.9739285714284,1898.9739285714284,1920.4501785714285,0.1,-62.060714285715406,-613.607142857154,-1.0,SL,2022Q2,2022,10
835,49901,2022-04-28 02:00:00,49914,2022-04-28 08:30:00,SELL,1884.78,1874.7058928571428,1888.8096428571428,1874.7058928571428,0.1,100.04107142857201,1007.4107142857201,2.4402386967506424,TP,2022Q2,2022,13
836,49949,2022-04-29 03:00:00,49952,2022-04-29 04:30:00,BUY,1895.66,1905.4314285714288,1891.7514285714287,1905.4314285714288,0.1,97.01428571428714,977.1428571428714,2.4384201077200123,TP,2022Q2,2022,3
837,50084,2022-05-04 01:30:00,50089,2022-05-04 04:00:00,BUY,1868.95,1863.7535714285714,1863.7535714285714,1881.9410714285716,0.1,-52.66428571428669,-519.6428571428669,-1.0,SL,2022Q2,2022,5
838,50132,2022-05-05 02:30:00,50164,2022-05-05 18:30:00,BUY,1887.35,1878.107857142857,1878.107857142857,1910.455357142857,0.1,-93.12142857142881,-924.214285714288,-1.0,SL,2022Q2,2022,32
839,50176,2022-05-06 01:30:00,50197,2022-05-06 12:00:00,SELL,1876.41,1883.072142857143,1883.072142857143,1859.754642857143,0.1,-67.32142857142954,-666.2142857142953,-1.0,SL,2022Q2,2022,21
840,50218,2022-05-06 22:30:00,50245,2022-05-09 13:00:00,SELL,1881.61,1860.2992857142858,1890.1342857142856,1860.2992857142858,0.1,212.40714285714085,2131.0714285714084,2.4714926861701865,TP,2022Q2,2022,27
841,50317,2022-05-11 03:00:00,50322,2022-05-11 05:30:00,SELL,1833.54,1839.3364285714285,1839.3364285714285,1819.0489285714286,0.1,-58.66428571428578,-579.6428571428578,-1.0,SL,2022Q2,2022,5
842,50362,2022-05-12 02:30:00,50374,2022-05-12 08:30:00,BUY,1853.55,1849.4325,1849.4325,1863.84375,0.1,-41.87500000000064,-411.75000000000637,-1.0,SL,2022Q2,2022,12
843,50406,2022-05-13 01:30:00,50415,2022-05-13 06:00:00,SELL,1819.83,1826.3989285714285,1826.3989285714285,1803.4076785714285,0.1,-66.38928571428615,-656.8928571428614,-1.0,SL,2022Q2,2022,9
844,50448,2022-05-13 22:30:00,50456,2022-05-16 03:30:00,SELL,1807.1,1815.032857142857,1815.032857142857,1787.267857142857,0.1,-80.02857142857074,-793.2857142857074,-1.0,SL,2022Q2,2022,8
845,50489,2022-05-16 20:00:00,50524,2022-05-17 14:30:00,BUY,1815.79,1834.065892857143,1808.4796428571428,1834.065892857143,0.1,182.05892857142936,1827.5892857142935,2.4668037744979587,TP,2022Q2,2022,35
846,50538,2022-05-17 21:30:00,50578,2022-05-18 18:30:00,SELL,1816.4,1823.5625,1823.5625,1798.4937500000003,0.1,-72.3249999999991,-716.2499999999909,-1.0,SL,2022Q2,2022,40
847,50633,2022-05-19 23:00:00,50643,2022-05-20 05:00:00,BUY,1842.92,1836.7689285714287,1836.7689285714287,1858.2976785714286,0.1,-62.21071428571413,-615.1071428571413,-1.0,SL,2022Q2,2022,10
848,50679,2022-05-20 23:00:00,50701,2022-05-23 11:00:00,BUY,1844.83,1858.6032142857143,1839.320714285714,1858.6032142857143,0.1,137.03214285714404,1377.3214285714403,2.4560875688131727,TP,2022Q2,2022,22
849,50777,2022-05-25 03:00:00,50779,2022-05-25 04:00:00,BUY,1867.58,1864.3925,1864.3925,1875.54875,0.1,-32.575,-318.75,-1.0,SL,2022Q2,2022,2
850,50819,2022-05-26 01:00:00,50883,2022-05-27 10:00:00,SELL,1853.12,1858.0549999999998,1858.0549999999998,1840.7825,0.1,-50.04999999999946,-493.49999999999454,-1.0,SL,2022Q2,2022,64
851,50951,2022-05-30 21:00:00,50979,2022-05-31 14:30:00,SELL,1854.34,1845.7953571428573,1857.7578571428571,1845.7953571428573,0.1,84.74642857142662,854.4642857142662,2.4297562973580846,TP,2022Q2,2022,28
852,51011,2022-06-01 07:30:00,51016,2022-06-01 10:00:00,SELL,1834.09,1836.865,1836.865,1827.1525,0.1,-28.45000000000091,-277.5000000000091,-1.0,SL,2022Q2,2022,5
853,51086,2022-06-02 22:00:00,51112,2022-06-03 12:00:00,BUY,1869.55,1863.8767857142857,1863.8767857142857,1883.7330357142855,0.1,-57.432142857142665,-567.3214285714266,-1.0,SL,2022Q2,2022,26
854,51183,2022-06-07 01:30:00,51194,2022-06-07 07:00:00,SELL,1840.68,1843.8289285714286,1843.8289285714286,1832.8076785714286,0.1,-32.18928571428542,-314.89285714285415,-1.0,SL,2022Q2,2022,11
855,51208,2022-06-07 14:00:00,51210,2022-06-07 15:00:00,BUY,1850.68,1846.0257142857142,1846.0257142857142,1862.3157142857144,0.1,-47.24285714285834,-465.4285714285834,-1.0,SL,2022Q2,2022,2
856,51232,2022-06-08 03:00:00,51232,2022-06-08 03:00:00,BUY,1853.77,1850.7260714285715,1850.7260714285715,1861.3798214285714,0.1,-31.139285714285233,-304.39285714285234,-1.0,SL,2022Q2,2022,0
857,51317,2022-06-09 22:30:00,51347,2022-06-10 14:30:00,SELL,1847.52,1834.6467857142857,1852.6692857142857,1834.6467857142857,0.1,128.03214285714313,1287.3214285714312,2.4530587108252364,TP,2022Q2,2022,30
858,51367,2022-06-13 01:30:00,51372,2022-06-13 04:00:00,BUY,1876.83,1868.5435714285713,1868.5435714285713,1897.5460714285714,0.1,-83.56428571428587,-828.6428571428587,-1.0,SL,2022Q2,2022,5
859,51407,2022-06-13 21:30:00,51454,2022-06-14 22:00:00,SELL,1826.93,1805.2791071428571,1835.5903571428573,1805.2791071428571,0.1,215.80892857142936,2165.0892857142935,2.47193700143176,TP,2022Q2,2022,47
860,51548,2022-06-16 23:00:00,51556,2022-06-17 04:00:00,BUY,1852.43,1845.3007142857143,1845.3007142857143,1870.2532142857142,0.1,-71.99285714285743,-712.9285714285743,-1.0,SL,2022Q2,2022,8
861,51589,2022-06-17 20:30:00,51606,2022-06-20 06:00:00,SELL,1838.09,1844.4424999999999,1844.4424999999999,1822.2087499999998,0.1,-64.22499999999964,-635.2499999999964,-1.0,SL,2022Q2,2022,17
862,51634,2022-06-20 20:00:00,51641,2022-06-21 03:00:00,SELL,1835.79,1839.5935714285713,1839.5935714285713,1826.2810714285715,0.1,-38.735714285713314,-380.3571428571331,-1.0,SL,2022Q2,2022,7
863,51677,2022-06-21 21:00:00,51709,2022-06-22 14:00:00,SELL,1833.4,1839.3678571428572,1839.3678571428572,1818.4803571428572,0.1,-60.37857142857156,-596.7857142857156,-1.0,SL,2022Q2,2022,32
864,51775,2022-06-24 01:00:00,51794,2022-06-24 10:30:00,SELL,1823.1,1828.437857142857,1828.437857142857,1809.755357142857,0.1,-54.07857142857047,-533.7857142857047,-1.0,SL,2022Q2,2022,19
865,51816,2022-06-24 21:30:00,51818,2022-06-24 22:30:00,BUY,1830.09,1823.8510714285715,1823.8510714285715,1845.687321428571,0.1,-63.0892857142846,-623.892857142846,-1.0,SL,2022Q2,2022,2
866,51819,2022-06-24 23:00:00,51821,2022-06-27 01:00:00,SELL,1823.96,1829.8775,1829.8775,1809.16625,0.1,-59.875000000000185,-591.7500000000018,-1.0,SL,2022Q2,2022,2
867,51822,2022-06-27 01:30:00,51852,2022-06-27 16:30:00,BUY,1832.96,1827.8567857142857,1827.8567857142857,1845.7180357142856,0.1,-51.7321428571433,-510.321428571433,-1.0,SL,2022Q2,2022,30
868,51865,2022-06-27 23:00:00,51883,2022-06-28 09:00:00,SELL,1822.46,1827.202142857143,1827.202142857143,1810.6046428571428,0.1,-48.12142857142881,-474.21428571428805,-1.0,SL,2022Q2,2022,18
869,51916,2022-06-29 02:30:00,51920,2022-06-29 04:30:00,SELL,1818.66,1821.1575,1821.1575,1812.41625,0.1,-25.674999999999454,-249.74999999999454,-1.0,SL,2022Q2,2022,4
870,51998,2022-06-30 20:30:00,52118,2022-07-05 14:00:00,SELL,1806.43,1798.78,1816.5646428571429,1781.093392857143,0.1,75.8000000000009,765.0000000000091,0.7427991460469798,TIME_EXIT,2022Q2,2022,120
871,52137,2022-07-05 23:30:00,52171,2022-07-06 17:30:00,SELL,1765.45,1745.0660714285714,1773.6035714285715,1745.0660714285714,0.1,203.1392857142867,2038.392857142867,2.4702075914183967,TP,2022Q3,2022,34
872,52274,2022-07-08 23:00:00,52328,2022-07-12 04:00:00,SELL,1741.23,1726.8889285714286,1746.9664285714287,1726.8889285714286,0.1,142.7107142857147,1434.1071428571468,2.4578053881166007,TP,2022Q3,2022,54
873,52361,2022-07-12 20:30:00,52397,2022-07-13 15:30:00,SELL,1726.23,1710.93,1732.3500000000001,1710.93,0.1,152.29999999999956,1529.9999999999955,2.4604200323101235,TP,2022Q3,2022,36
874,52458,2022-07-14 23:00:00,52516,2022-07-18 06:00:00,SELL,1708.95,1716.8025,1716.8025,1689.31875,0.1,-79.22499999999964,-785.2499999999964,-1.0,SL,2022Q3,2022,58
875,52546,2022-07-18 21:00:00,52575,2022-07-19 12:30:00,SELL,1709.67,1715.1525000000001,1715.1525000000001,1695.96375,0.1,-55.52500000000073,-548.2500000000073,-1.0,SL,2022Q3,2022,29
876,52601,2022-07-20 02:30:00,52609,2022-07-20 06:30:00,SELL,1710.51,1713.252857142857,1713.252857142857,1703.6528571428573,0.1,-28.128571428570194,-274.28571428570194,-1.0,SL,2022Q3,2022,8
877,52636,2022-07-20 20:00:00,52662,2022-07-21 10:00:00,SELL,1702.83,1688.8773214285713,1708.4110714285714,1688.8773214285713,0.1,138.8267857142858,1395.2678571428578,2.4566453896226816,TP,2022Q3,2022,26
878,52683,2022-07-21 20:30:00,52803,2022-07-26 11:30:00,BUY,1714.54,1722.59,1703.254642857143,1742.7533928571427,0.1,79.79999999999954,804.9999999999955,0.7027520050322402,TIME_EXIT,2022Q3,2022,120
879,52877,2022-07-28 02:30:00,52905,2022-07-28 16:30:00,BUY,1738.33,1754.618392857143,1731.8146428571426,1754.618392857143,0.1,162.18392857142982,1628.839285714298,2.4627962470849494,TP,2022Q3,2022,28
880,52917,2022-07-28 22:30:00,52990,2022-08-01 13:00:00,BUY,1754.92,1774.5110714285713,1747.0835714285715,1774.5110714285713,0.1,195.2107142857124,1959.107142857124,2.469012557593264,TP,2022Q3,2022,73
881,53011,2022-08-01 23:30:00,53040,2022-08-02 15:00:00,BUY,1772.11,1784.6376785714283,1767.0989285714286,1784.6376785714283,0.1,124.57678571428396,1252.7678571428396,2.4517818232937585,TP,2022Q3,2022,29
882,53105,2022-08-04 01:30:00,53109,2022-08-04 03:30:00,SELL,1763.93,1767.594285714286,1767.594285714286,1754.7692857142858,0.1,-37.34285714285825,-366.4285714285825,-1.0,SL,2022Q3,2022,4
883,53144,2022-08-04 21:00:00,53170,2022-08-05 11:00:00,BUY,1792.07,1785.542857142857,1785.542857142857,1808.3878571428572,0.1,-65.97142857142963,-652.7142857142962,-1.0,SL,2022Q3,2022,26
884,53192,2022-08-05 22:00:00,53221,2022-08-08 13:30:00,SELL,1772.51,1779.6992857142857,1779.6992857142857,1754.5367857142858,0.1,-72.59285714285689,-718.9285714285688,-1.0,SL,2022Q3,2022,29
885,53329,2022-08-10 21:30:00,53362,2022-08-11 15:00:00,SELL,1789.78,1797.4407142857144,1797.4407142857144,1770.628214285714,0.1,-77.30714285714448,-766.0714285714448,-1.0,SL,2022Q3,2022,33
886,53378,2022-08-11 23:00:00,53391,2022-08-12 06:30:00,SELL,1785.55,1790.9339285714286,1790.9339285714286,1772.0901785714284,0.1,-54.53928571428669,-538.3928571428669,-1.0,SL,2022Q3,2022,13
887,53419,2022-08-12 20:30:00,53440,2022-08-15 08:00:00,BUY,1799.37,1793.343214285714,1793.343214285714,1814.4369642857143,0.1,-60.967857142857795,-602.6785714285779,-1.0,SL,2022Q3,2022,21
888,53467,2022-08-15 21:30:00,53552,2022-08-17 18:00:00,SELL,1778.93,1762.56125,1785.4775,1762.56125,0.1,162.98750000000092,1636.875000000009,2.4629769550434966,TP,2022Q3,2022,85
889,53610,2022-08-19 01:00:00,53634,2022-08-19 13:00:00,SELL,1759.1,1750.5821428571428,1762.5071428571428,1750.5821428571428,0.1,84.4785714285711,851.785714285711,2.4295398520953158,TP,2022Q3,2022,24
890,53700,2022-08-22 23:00:00,53708,2022-08-23 04:00:00,SELL,1734.8,1739.7960714285714,1739.7960714285714,1722.3098214285712,0.1,-50.660714285714405,-499.607142857144,-1.0,SL,2022Q3,2022,8
891,53979,2022-08-31 01:30:00,53991,2022-08-31 07:30:00,SELL,1722.62,1725.6360714285713,1725.6360714285713,1715.0798214285712,0.1,-30.86071428571422,-301.6071428571422,-1.0,SL,2022Q3,2022,12
892,54016,2022-08-31 20:00:00,54049,2022-09-01 13:30:00,SELL,1716.03,1700.646964285714,1722.1832142857143,1700.646964285714,0.1,153.13035714286053,1538.3035714286052,2.460631276901059,TP,2022Q3,2022,33
893,54154,2022-09-05 20:00:00,54156,2022-09-05 21:00:00,BUY,1712.34,1709.8425,1709.8425,1718.58375,0.1,-25.674999999999454,-249.74999999999454,-1.0,SL,2022Q3,2022,2
894,54241,2022-09-07 20:00:00,54279,2022-09-08 16:00:00,BUY,1715.22,1709.6067857142857,1709.6067857142857,1729.2530357142857,0.1,-56.83214285714321,-561.3214285714321,-1.0,SL,2022Q3,2022,38
895,54430,2022-09-13 22:30:00,54510,2022-09-15 16:30:00,SELL,1702.23,1680.788035714286,1710.8067857142858,1680.788035714286,0.1,213.71964285713995,2144.1964285713993,2.4716657717566,TP,2022Q3,2022,80
896,54521,2022-09-15 22:00:00,54557,2022-09-16 17:00:00,SELL,1663.22,1673.3,1673.3,1638.02,0.1,-101.49999999999928,-1007.9999999999927,-1.0,SL,2022Q3,2022,36
897,54614,2022-09-19 22:30:00,54637,2022-09-20 11:00:00,BUY,1673.68,1668.9635714285714,1668.9635714285714,1685.4710714285716,0.1,-47.86428571428651,-471.64285714286507,-1.0,SL,2022Q3,2022,23
898,54712,2022-09-22 02:30:00,54729,2022-09-22 11:00:00,SELL,1668.89,1677.8610714285714,1677.8610714285714,1646.4623214285716,0.1,-90.4107142857135,-897.1071428571349,-1.0,SL,2022Q3,2022,17
899,54747,2022-09-22 20:00:00,54775,2022-09-23 11:00:00,BUY,1674.18,1665.7885714285715,1665.7885714285715,1695.1585714285716,0.1,-84.61428571428605,-839.1428571428605,-1.0,SL,2022Q3,2022,28
900,54795,2022-09-23 21:00:00,54840,2022-09-26 20:30:00,SELL,1644.49,1625.0114285714287,1652.2814285714285,1625.0114285714287,0.1,194.08571428571287,1947.8571428571286,2.468835180810481,TP,2022Q3,2022,45
901,54863,2022-09-27 09:00:00,54870,2022-09-27 12:30:00,BUY,1636.21,1632.7717857142857,1632.7717857142857,1644.805535714286,0.1,-35.082142857143666,-343.8214285714366,-1.0,SL,2022Q3,2022,7
902,54983,2022-09-29 23:00:00,55063,2022-10-03 17:00:00,BUY,1661.27,1680.4351785714287,1653.6039285714285,1680.4351785714287,0.1,190.9517857142867,1916.517857142867,2.4683301786620975,TP,2022Q3,2022,80
903,55119,2022-10-04 22:00:00,55132,2022-10-05 05:30:00,BUY,1726.14,1718.4053571428572,1718.4053571428572,1745.4766071428573,0.1,-78.04642857142944,-773.4642857142944,-1.0,SL,2022Q4,2022,13
904,55172,2022-10-06 02:30:00,55190,2022-10-06 11:30:00,BUY,1718.3,1714.3164285714286,1714.3164285714286,1728.2589285714284,0.1,-40.53571428571395,-398.3571428571395,-1.0,SL,2022Q4,2022,18
905,55215,2022-10-07 01:00:00,55244,2022-10-07 15:30:00,SELL,1712.5,1700.9151785714287,1717.1339285714284,1700.9151785714287,0.1,115.14821428571331,1158.482142857133,2.447915875787762,TP,2022Q4,2022,29
906,55256,2022-10-07 21:30:00,55288,2022-10-10 14:30:00,SELL,1698.32,1675.7637499999998,1707.3425,1675.7637499999998,0.1,224.86250000000092,2255.625000000009,2.4730547154248006,TP,2022Q4,2022,32
907,55304,2022-10-10 22:30:00,55313,2022-10-11 04:00:00,SELL,1667.9,1673.7607142857144,1673.7607142857144,1653.2482142857145,0.1,-59.307142857142665,-586.0714285714266,-1.0,SL,2022Q4,2022,9
908,55349,2022-10-11 22:00:00,55370,2022-10-12 09:30:00,SELL,1667.11,1674.0410714285713,1674.0410714285713,1649.782321428571,0.1,-70.01071428571386,-693.1071428571386,-1.0,SL,2022Q4,2022,21
909,55392,2022-10-12 20:30:00,55428,2022-10-13 15:30:00,BUY,1670.72,1665.035,1665.035,1684.9325000000001,0.1,-57.54999999999946,-568.4999999999945,-1.0,SL,2022Q4,2022,36
910,55442,2022-10-13 22:30:00,55562,2022-10-18 13:30:00,SELL,1664.41,1651.37,1676.3842857142859,1634.4742857142858,0.1,129.70000000000192,1304.000000000019,1.0768592100581298,TIME_EXIT,2022Q4,2022,120
911,55586,2022-10-19 02:30:00,55592,2022-10-19 05:30:00,BUY,1653.52,1650.3775,1650.3775,1661.37625,0.1,-32.124999999999275,-314.2499999999927,-1.0,SL,2022Q4,2022,6
912,55678,2022-10-21 02:30:00,55704,2022-10-21 15:30:00,SELL,1625.45,1629.2482142857143,1629.2482142857143,1615.9544642857143,0.1,-38.682142857142665,-379.8214285714266,-1.0,SL,2022Q4,2022,26
913,55718,2022-10-21 22:30:00,55742,2022-10-24 11:30:00,BUY,1656.27,1645.767857142857,1645.767857142857,1682.5253571428573,0.1,-105.72142857142872,-1050.2142857142871,-1.0,SL,2022Q4,2022,24
914,55762,2022-10-24 21:30:00,55772,2022-10-25 03:30:00,SELL,1648.12,1654.0085714285713,1654.0085714285713,1633.3985714285714,0.1,-59.58571428571368,-588.8571428571368,-1.0,SL,2022Q4,2022,10
915,55808,2022-10-25 21:30:00,55817,2022-10-26 03:00:00,BUY,1657.18,1650.6164285714287,1650.6164285714287,1673.5889285714286,0.1,-66.33571428571322,-656.3571428571322,-1.0,SL,2022Q4,2022,9
916,55863,2022-10-27 03:00:00,55867,2022-10-27 05:00:00,BUY,1667.62,1664.6392857142857,1664.6392857142857,1675.0717857142854,0.1,-30.50714285714157,-298.0714285714157,-1.0,SL,2022Q4,2022,4
917,55903,2022-10-27 23:00:00,55922,2022-10-28 09:30:00,BUY,1662.42,1656.3010714285715,1656.3010714285715,1677.7173214285715,0.1,-61.88928571428569,-611.8928571428569,-1.0,SL,2022Q4,2022,19
918,55991,2022-10-31 20:00:00,56006,2022-11-01 04:30:00,SELL,1635.34,1640.1346428571428,1640.1346428571428,1623.3533928571428,0.1,-48.6464285714289,-479.46428571428896,-1.0,SL,2022Q4,2022,15
919,56092,2022-11-03 01:30:00,56148,2022-11-04 06:30:00,SELL,1632.44,1641.7421428571429,1641.7421428571429,1609.184642857143,0.1,-93.72142857142826,-930.2142857142826,-1.0,SL,2022Q4,2022,56
920,56165,2022-11-04 15:00:00,56176,2022-11-04 20:30:00,BUY,1659.68,1677.580892857143,1652.5196428571428,1677.580892857143,0.1,178.30892857142936,1790.0892857142935,2.466115090145684,TP,2022Q4,2022,11
921,56177,2022-11-04 21:00:00,56182,2022-11-07 01:30:00,BUY,1680.79,1672.777857142857,1672.777857142857,1700.820357142857,0.1,-80.82142857142863,-801.2142857142862,-1.0,SL,2022Q4,2022,5
922,56324,2022-11-10 03:30:00,56339,2022-11-10 11:00:00,BUY,1708.94,1704.8235714285715,1704.8235714285715,1719.2310714285716,0.1,-41.864285714285145,-411.6428571428514,-1.0,SL,2022Q4,2022,15
923,56361,2022-11-10 22:00:00,56474,2022-11-15 09:30:00,BUY,1754.26,1778.077857142857,1744.732857142857,1778.077857142857,0.1,237.47857142857066,2381.7857142857065,2.474471568919286,TP,2022Q4,2022,113
924,56505,2022-11-16 02:00:00,56508,2022-11-16 03:30:00,BUY,1780.87,1774.1446428571428,1774.1446428571428,1797.6833928571427,0.1,-67.95357142857092,-672.5357142857092,-1.0,SL,2022Q4,2022,3
925,56596,2022-11-18 01:30:00,56598,2022-11-18 02:30:00,SELL,1759.45,1762.6342857142859,1762.6342857142859,1751.4892857142856,0.1,-32.54285714285807,-318.42857142858065,-1.0,SL,2022Q4,2022,2
926,56635,2022-11-18 21:00:00,56676,2022-11-21 18:30:00,SELL,1748.92,1733.2610714285715,1755.1835714285714,1733.2610714285715,0.1,155.88928571428534,1565.8928571428532,2.46131724371266,TP,2022Q4,2022,41
927,56683,2022-11-21 22:00:00,56690,2022-11-22 02:30:00,SELL,1735.32,1741.0242857142855,1741.0242857142855,1721.0592857142858,0.1,-57.74285714285561,-570.4285714285561,-1.0,SL,2022Q4,2022,7
928,56772,2022-11-23 20:30:00,56880,2022-11-28 11:00:00,BUY,1745.17,1761.3458928571429,1738.6996428571429,1761.3458928571429,0.1,161.058928571428,1617.5892857142799,2.4625402719379332,TP,2022Q4,2022,108
929,56950,2022-11-29 23:00:00,56957,2022-11-30 03:30:00,SELL,1748.6,1753.5446428571427,1753.5446428571427,1736.2383928571428,0.1,-50.146428571427535,-494.4642857142753,-1.0,SL,2022Q4,2022,7
930,56991,2022-11-30 20:30:00,56991,2022-11-30 20:30:00,SELL,1746.58,1753.6471428571429,1753.6471428571429,1728.9121428571427,0.1,-71.37142857142926,-706.7142857142926,-1.0,SL,2022Q4,2022,0
931,56999,2022-12-01 01:30:00,57026,2022-12-01 15:00:00,BUY,1770.31,1787.5224999999998,1763.425,1787.5224999999998,0.1,171.42499999999865,1721.2499999999864,2.4647735442127803,TP,2022Q4,2022,27
932,57040,2022-12-01 22:00:00,57051,2022-12-02 04:30:00,BUY,1803.47,1796.4585714285713,1796.4585714285713,1820.9985714285715,0.1,-70.81428571428724,-701.1428571428723,-1.0,SL,2022Q4,2022,11
933,57086,2022-12-02 22:00:00,57120,2022-12-05 16:00:00,BUY,1798.69,1790.767857142857,1790.767857142857,1818.4953571428573,0.1,-79.92142857142944,-792.2142857142944,-1.0,SL,2022Q4,2022,34
934,57130,2022-12-05 21:00:00,57140,2022-12-06 03:00:00,SELL,1766.64,1773.4789285714287,1773.4789285714287,1749.5426785714287,0.1,-69.08928571428596,-683.8928571428596,-1.0,SL,2022Q4,2022,10
935,57221,2022-12-07 20:30:00,57302,2022-12-09 15:00:00,BUY,1785.45,1801.6928571428573,1778.9528571428573,1801.6928571428573,0.1,161.72857142857248,1624.2857142857247,2.462693060691807,TP,2022Q4,2022,81
936,57316,2022-12-09 22:00:00,57323,2022-12-12 02:30:00,BUY,1799.77,1792.7028571428573,1792.7028571428573,1817.437857142857,0.1,-71.37142857142699,-706.7142857142699,-1.0,SL,2022Q4,2022,7
937,57348,2022-12-12 15:00:00,57359,2022-12-12 20:30:00,SELL,1789.23,1779.8121428571428,1792.997142857143,1779.8121428571428,0.1,93.47857142857201,941.7857142857201,2.4361504095308435,TP,2022Q4,2022,11
938,57461,2022-12-15 02:30:00,57469,2022-12-15 06:30:00,SELL,1806.16,1790.4475000000002,1812.4450000000002,1790.4475000000002,0.1,156.42499999999865,1571.2499999999864,2.4614476789928657,TP,2022Q4,2022,8
939,57502,2022-12-15 23:00:00,57511,2022-12-16 04:30:00,SELL,1776.86,1783.0282142857143,1783.0282142857143,1761.4394642857142,0.1,-62.38214285714385,-616.8214285714384,-1.0,SL,2022Q4,2022,9
940,57546,2022-12-16 22:00:00,57583,2022-12-19 17:30:00,BUY,1793.01,1787.2971428571427,1787.2971428571427,1807.2921428571428,0.1,-57.828571428572744,-571.2857142857274,-1.0,SL,2022Q4,2022,37
941,57591,2022-12-19 21:30:00,57604,2022-12-20 05:00:00,SELL,1787.05,1791.6539285714284,1791.6539285714284,1775.5401785714287,0.1,-46.73928571428469,-460.3928571428469,-1.0,SL,2022Q4,2022,13
942,57638,2022-12-20 22:00:00,57658,2022-12-21 09:00:00,BUY,1818.75,1812.3664285714285,1812.3664285714285,1834.7089285714287,0.1,-64.53571428571486,-638.3571428571486,-1.0,SL,2022Q4,2022,20
943,57689,2022-12-22 01:30:00,57717,2022-12-22 15:30:00,BUY,1815.43,1811.8867857142857,1811.8867857142857,1824.2880357142858,0.1,-36.13214285714385,-354.32142857143845,-1.0,SL,2022Q4,2022,28
944,57727,2022-12-22 20:30:00,57730,2022-12-22 22:00:00,SELL,1787.58,1794.1221428571428,1794.1221428571428,1771.2246428571427,0.1,-66.12142857142835,-654.2142857142835,-1.0,SL,2022Q4,2022,3
945,57781,2022-12-27 01:30:00,57801,2022-12-27 11:30:00,BUY,1801.6,1809.6571428571428,1798.3771428571426,1809.6571428571428,0.1,79.87142857142935,805.7142857142935,2.4255965292840984,TP,2022Q4,2022,20
946,57922,2022-12-30 03:00:00,57941,2022-12-30 12:30:00,BUY,1816.25,1813.3646428571428,1813.3646428571428,1823.4633928571427,0.1,-29.55357142857174,-288.5357142857174,-1.0,SL,2022Q4,2022,19
947,57962,2022-12-30 23:00:00,57971,2023-01-03 04:30:00,BUY,1823.59,1837.8908928571427,1817.8696428571427,1837.8908928571427,0.1,142.308928571428,1430.0892857142799,2.457688274841138,TP,2022Q4,2022,9
948,58142,2023-01-06 21:00:00,58262,2023-01-11 12:00:00,BUY,1868.87,1884.11,1859.018214285714,1893.4994642857143,0.1,151.7000000000001,1524.000000000001,1.5289586407976514,TIME_EXIT,2023Q1,2023,120
949,58323,2023-01-12 19:30:00,58383,2023-01-16 03:30:00,BUY,1895.89,1923.65875,1884.7825000000003,1923.65875,0.1,276.98749999999956,2776.8749999999955,2.478080966226825,TP,2023Q1,2023,60
950,58407,2023-01-16 15:30:00,58410,2023-01-16 17:00:00,SELL,1911.83,1916.225,1916.225,1900.8425,0.1,-44.64999999999982,-439.4999999999982,-1.0,SL,2023Q1,2023,3
951,58414,2023-01-16 19:00:00,58419,2023-01-17 01:00:00,SELL,1913.51,1916.8957142857143,1916.8957142857143,1905.0457142857142,0.1,-34.557142857143575,-338.5714285714357,-1.0,SL,2023Q1,2023,5
952,58562,2023-01-20 03:30:00,58564,2023-01-20 04:30:00,BUY,1934.76,1929.8367857142857,1929.8367857142857,1947.0680357142858,0.1,-49.932142857142665,-492.3214285714266,-1.0,SL,2023Q1,2023,2
953,58603,2023-01-23 01:00:00,58606,2023-01-23 02:30:00,SELL,1925.74,1930.0,1930.0,1915.0900000000001,0.1,-43.29999999999991,-425.9999999999991,-1.0,SL,2023Q1,2023,3
954,58650,2023-01-24 01:30:00,58679,2023-01-24 16:00:00,BUY,1932.42,1927.7207142857144,1927.7207142857144,1944.1682142857144,0.1,-47.692857142856795,-469.9285714285679,-1.0,SL,2023Q1,2023,29
955,58689,2023-01-24 21:00:00,58706,2023-01-25 06:30:00,BUY,1935.09,1927.6639285714284,1927.6639285714284,1953.6551785714285,0.1,-74.96071428571504,-742.6071428571504,-1.0,SL,2023Q1,2023,17
956,58737,2023-01-25 22:00:00,58761,2023-01-26 11:00:00,BUY,1942.51,1935.462142857143,1935.462142857143,1960.1296428571427,0.1,-71.17857142857083,-704.7857142857083,-1.0,SL,2023Q1,2023,24
957,58828,2023-01-27 21:30:00,58842,2023-01-30 05:30:00,BUY,1931.72,1924.3871428571429,1924.3871428571429,1950.0521428571428,0.1,-74.02857142857165,-733.2857142857165,-1.0,SL,2023Q1,2023,14
958,58916,2023-01-31 19:30:00,58961,2023-02-01 19:00:00,BUY,1929.96,1922.2767857142858,1922.2767857142858,1949.168035714286,0.1,-77.53214285714257,-768.3214285714257,-1.0,SL,2023Q1,2023,45
959,59014,2023-02-02 22:30:00,59046,2023-02-03 15:30:00,SELL,1911.73,1886.0639285714285,1921.9964285714286,1886.0639285714285,0.1,255.96071428571514,2566.6071428571513,2.476297422431069,TP,2023Q1,2023,32
960,59155,2023-02-08 01:00:00,59238,2023-02-09 19:30:00,BUY,1873.24,1863.6089285714286,1863.6089285714286,1897.3176785714286,0.1,-97.01071428571431,-963.1071428571431,-1.0,SL,2023Q1,2023,83
961,59260,2023-02-10 07:30:00,59260,2023-02-10 07:30:00,SELL,1853.32,1857.0367857142855,1857.0367857142855,1844.0280357142856,0.1,-37.86785714285607,-371.67857142856064,-1.0,SL,2023Q1,2023,0
962,59293,2023-02-13 01:00:00,59297,2023-02-13 03:00:00,BUY,1864.85,1859.8892857142857,1859.8892857142857,1877.2517857142855,0.1,-50.307142857141756,-496.0714285714175,-1.0,SL,2023Q1,2023,4
963,59390,2023-02-15 03:30:00,59392,2023-02-15 04:30:00,BUY,1856.45,1852.372142857143,1852.372142857143,1866.6446428571428,0.1,-41.47857142857056,-407.7857142857056,-1.0,SL,2023Q1,2023,2
964,59435,2023-02-16 03:00:00,59435,2023-02-16 03:00:00,SELL,1835.24,1838.5035714285714,1838.5035714285714,1827.0810714285715,0.1,-33.33571428571368,-326.35714285713675,-1.0,SL,2023Q1,2023,0
965,59474,2023-02-16 22:30:00,59495,2023-02-17 10:00:00,SELL,1838.56,1820.1742857142858,1845.9142857142856,1820.1742857142858,0.1,183.1571428571413,1838.571428571413,2.467000192418703,TP,2023Q1,2023,21
966,59560,2023-02-20 19:30:00,59582,2023-02-21 10:00:00,SELL,1841.18,1833.53,1844.24,1833.53,0.1,75.8000000000009,765.0000000000091,2.4217252396166846,TP,2023Q1,2023,22
967,59701,2023-02-23 23:30:00,59706,2023-02-24 03:00:00,SELL,1822.19,1826.8485714285714,1826.8485714285714,1810.5435714285716,0.1,-47.285714285713496,-465.85714285713493,-1.0,SL,2023Q1,2023,5
968,59716,2023-02-24 08:00:00,59728,2023-02-24 14:00:00,SELL,1824.47,1817.2485714285715,1827.3585714285714,1817.2485714285715,0.1,71.51428571428532,722.1428571428532,2.4171897633993606,TP,2023Q1,2023,12
969,59899,2023-03-02 07:30:00,59911,2023-03-02 13:30:00,SELL,1832.55,1835.6432142857143,1835.6432142857143,1824.8169642857142,0.1,-31.63214285714339,-309.3214285714339,-1.0,SL,2023Q1,2023,12
970,60027,2023-03-07 02:30:00,60029,2023-03-07 03:30:00,SELL,1844.88,1847.5617857142856,1847.5617857142856,1838.175535714286,0.1,-27.517857142855245,-268.17857142855246,-1.0,SL,2023Q1,2023,2
971,60049,2023-03-07 13:30:00,60054,2023-03-07 16:00:00,SELL,1842.57,1833.468214285714,1846.2107142857142,1833.468214285714,0.1,90.31785714285824,910.1785714285825,2.4339749759384626,TP,2023Q1,2023,5
972,60070,2023-03-08 01:00:00,60101,2023-03-08 16:30:00,SELL,1813.35,1819.017857142857,1819.017857142857,1799.1803571428572,0.1,-57.378571428572016,-566.7857142857201,-1.0,SL,2023Q1,2023,31
973,60114,2023-03-08 23:00:00,60135,2023-03-09 10:30:00,SELL,1813.14,1818.0417857142859,1818.0417857142859,1800.8855357142857,0.1,-49.717857142857795,-490.1785714285779,-1.0,SL,2023Q1,2023,21
974,60165,2023-03-10 02:30:00,60166,2023-03-10 03:00:00,BUY,1834.86,1831.1882142857141,1831.1882142857141,1844.0394642857143,0.1,-37.41785714285761,-367.1785714285761,-1.0,SL,2023Q1,2023,1
975,60205,2023-03-10 22:30:00,60208,2023-03-13 00:00:00,BUY,1865.59,1888.347142857143,1856.4871428571428,1888.347142857143,0.1,226.87142857142982,2275.714285714298,2.4732907646784112,TP,2023Q1,2023,3
976,60209,2023-03-13 00:30:00,60212,2023-03-13 02:00:00,BUY,1883.9,1875.0660714285714,1875.0660714285714,1905.9848214285716,0.1,-89.03928571428715,-883.3928571428714,-1.0,SL,2023Q1,2023,3
977,60283,2023-03-14 14:30:00,60283,2023-03-14 14:30:00,BUY,1905.57,1899.5357142857142,1899.5357142857142,1920.6557142857143,0.1,-61.04285714285716,-603.4285714285716,-1.0,SL,2023Q1,2023,0
978,60298,2023-03-14 22:00:00,60325,2023-03-15 12:30:00,SELL,1902.41,1909.5682142857145,1909.5682142857145,1884.5144642857142,0.1,-72.28214285714394,-715.8214285714394,-1.0,SL,2023Q1,2023,27
979,60347,2023-03-16 00:30:00,60352,2023-03-16 03:00:00,BUY,1920.82,1911.01,1911.01,1945.345,0.1,-98.79999999999946,-980.9999999999945,-1.0,SL,2023Q1,2023,5
980,60361,2023-03-16 07:30:00,60374,2023-03-16 14:00:00,BUY,1915.79,1928.8935714285712,1910.5485714285714,1928.8935714285712,0.1,130.33571428571287,1310.3571428571286,2.4538730500268957,TP,2023Q1,2023,13
981,60396,2023-03-17 02:00:00,60407,2023-03-17 07:30:00,BUY,1921.5,1932.5062500000001,1917.0974999999999,1932.5062500000001,0.1,109.36250000000136,1100.6250000000136,2.44522079373947,TP,2023Q1,2023,11
982,60448,2023-03-20 05:00:00,60456,2023-03-20 09:00:00,BUY,1974.99,1994.7819642857141,1967.0732142857144,1994.7819642857141,0.1,197.2196428571413,1979.196428571413,2.469324330367124,TP,2023Q1,2023,8
983,60475,2023-03-20 18:30:00,60504,2023-03-21 10:00:00,BUY,1979.02,1967.41,1967.41,2008.0449999999998,0.1,-116.799999999999,-1160.99999999999,-1.0,SL,2023Q1,2023,29
984,60581,2023-03-23 02:30:00,60616,2023-03-23 20:00:00,BUY,1970.61,2001.3867857142857,1958.2992857142856,2001.3867857142857,0.1,307.0678571428578,3077.678571428578,2.480211157906883,TP,2023Q1,2023,35
985,60627,2023-03-24 02:30:00,60638,2023-03-24 08:00:00,BUY,1993.58,1986.7207142857142,1986.7207142857142,2010.728214285714,0.1,-69.29285714285761,-685.9285714285761,-1.0,SL,2023Q1,2023,11
986,60667,2023-03-24 22:30:00,60692,2023-03-27 13:00:00,SELL,1975.29,1953.2132142857142,1984.1207142857143,1953.2132142857142,0.1,220.06785714285735,2207.6785714285734,2.4724741192520665,TP,2023Q1,2023,25
987,60743,2023-03-28 15:30:00,60812,2023-03-30 04:00:00,BUY,1963.37,1957.905714285714,1957.905714285714,1977.0307142857143,0.1,-55.342857142857795,-546.4285714285779,-1.0,SL,2023Q1,2023,69
988,60831,2023-03-30 13:30:00,60838,2023-03-30 17:00:00,BUY,1969.01,1965.0992857142855,1965.0992857142855,1978.7867857142858,0.1,-39.807142857144484,-391.0714285714448,-1.0,SL,2023Q1,2023,7
989,60899,2023-04-03 01:30:00,60922,2023-04-03 13:00:00,SELL,1963.8,1969.7860714285714,1969.7860714285714,1948.8348214285713,0.1,-60.560714285714496,-598.6071428571449,-1.0,SL,2023Q2,2023,23
990,60986,2023-04-04 22:00:00,61023,2023-04-05 17:30:00,BUY,2021.45,2011.9817857142857,2011.9817857142857,2045.1205357142856,0.1,-95.38214285714339,-946.8214285714339,-1.0,SL,2023Q2,2023,37
991,61031,2023-04-05 21:30:00,61042,2023-04-06 04:00:00,BUY,2022.29,2013.8407142857143,2013.8407142857143,2043.4132142857143,0.1,-85.1928571428568,-844.9285714285679,-1.0,SL,2023Q2,2023,11
992,61080,2023-04-06 23:00:00,61082,2023-04-10 01:00:00,SELL,2006.31,1990.5948214285713,2012.5960714285713,1990.5948214285713,0.1,156.45178571428625,1571.5178571428623,2.4614541776704115,TP,2023Q2,2023,2
993,61083,2023-04-10 01:30:00,61112,2023-04-10 16:00:00,SELL,2001.84,1987.3462499999998,2007.6374999999998,1987.3462499999998,0.1,144.23750000000092,1449.375000000009,2.4582445675330784,TP,2023Q2,2023,29
994,61142,2023-04-11 08:00:00,61158,2023-04-11 16:00:00,BUY,1999.88,1996.4439285714286,1996.4439285714286,2008.4701785714287,0.1,-35.06071428571495,-343.6071428571495,-1.0,SL,2023Q2,2023,16
995,61171,2023-04-11 22:30:00,61183,2023-04-12 05:30:00,BUY,2006.44,2018.2525,2001.7150000000001,2018.2525,0.1,117.425,1181.25,2.4489051094890972,TP,2023Q2,2023,12
996,61213,2023-04-12 20:30:00,61249,2023-04-13 15:30:00,BUY,2010.17,2034.5075000000002,2000.435,2034.5075000000002,0.1,242.67500000000092,2433.750000000009,2.4750127485976314,TP,2023Q2,2023,36
997,61260,2023-04-13 21:00:00,61286,2023-04-14 11:00:00,BUY,2043.88,2035.5153571428573,2035.5153571428573,2064.791607142857,0.1,-84.34642857142826,-836.4642857142826,-1.0,SL,2023Q2,2023,26
998,61313,2023-04-17 01:30:00,61327,2023-04-17 08:30:00,SELL,2002.97,2009.6364285714285,2009.6364285714285,1986.3039285714287,0.1,-67.36428571428469,-666.6428571428469,-1.0,SL,2023Q2,2023,14
999,61359,2023-04-18 01:30:00,61365,2023-04-18 04:30:00,SELL,1994.04,1999.1592857142857,1999.1592857142857,1981.2417857142855,0.1,-51.89285714285752,-511.9285714285752,-1.0,SL,2023Q2,2023,6
1000,61453,2023-04-20 02:30:00,61457,2023-04-20 04:30:00,SELL,1993.48,1996.9342857142858,1996.9342857142858,1984.8442857142857,0.1,-35.242857142857886,-345.42857142857883,-1.0,SL,2023Q2,2023,4
1001,61589,2023-04-25 01:30:00,61607,2023-04-25 10:30:00,BUY,1992.22,1987.9878571428571,1987.9878571428571,2002.8003571428571,0.1,-43.0214285714289,-423.21428571428896,-1.0,SL,2023Q2,2023,18
1002,61627,2023-04-25 20:30:00,61670,2023-04-26 19:00:00,BUY,1994.04,1986.5389285714286,1986.5389285714286,2012.7926785714285,0.1,-75.71071428571322,-750.1071428571322,-1.0,SL,2023Q2,2023,43
1003,61728,2023-04-28 02:00:00,61733,2023-04-28 04:30:00,SELL,1986.46,1990.1125000000002,1990.1125000000002,1977.32875,0.1,-37.22500000000146,-365.25000000001455,-1.0,SL,2023Q2,2023,5
1004,61773,2023-05-01 01:30:00,61777,2023-05-01 03:30:00,BUY,1990.28,1985.4789285714285,1985.4789285714285,2002.2826785714287,0.1,-48.71071428571504,-480.1071428571504,-1.0,SL,2023Q2,2023,4
1005,61816,2023-05-01 23:00:00,61841,2023-05-02 12:30:00,SELL,1979.69,1986.001785714286,1986.001785714286,1963.9105357142855,0.1,-63.817857142858614,-631.1785714285861,-1.0,SL,2023Q2,2023,25
1006,61862,2023-05-02 23:00:00,61892,2023-05-03 15:00:00,BUY,2018.37,2010.5196428571428,2010.5196428571428,2037.9958928571427,0.1,-79.20357142857092,-785.0357142857092,-1.0,SL,2023Q2,2023,30
1007,61903,2023-05-03 20:30:00,61904,2023-05-03 21:00:00,BUY,2028.09,2021.0989285714284,2021.0989285714284,2045.5676785714286,0.1,-70.61071428571559,-699.1071428571558,-1.0,SL,2023Q2,2023,1
1008,61924,2023-05-04 08:00:00,61929,2023-05-04 10:30:00,BUY,2044.36,2033.310357142857,2033.310357142857,2071.9841071428573,0.1,-111.19642857142999,-1104.9642857142999,-1.0,SL,2023Q2,2023,5
1009,62003,2023-05-08 01:30:00,62011,2023-05-08 05:30:00,SELL,2015.22,2020.392857142857,2020.392857142857,2002.287857142857,0.1,-52.428571428570834,-517.2857142857083,-1.0,SL,2023Q2,2023,8
1010,62046,2023-05-08 23:00:00,62059,2023-05-09 06:30:00,SELL,2020.25,2025.0489285714286,2025.0489285714286,2008.2526785714285,0.1,-48.68928571428633,-479.89285714286325,-1.0,SL,2023Q2,2023,13
1011,62095,2023-05-10 01:30:00,62102,2023-05-10 05:00:00,BUY,2035.79,2031.995,2031.995,2045.2775000000001,0.1,-38.65000000000073,-379.5000000000073,-1.0,SL,2023Q2,2023,7
1012,62134,2023-05-10 21:00:00,62162,2023-05-11 12:00:00,BUY,2031.02,2021.5967857142857,2021.5967857142857,2054.5780357142858,0.1,-94.93214285714267,-942.3214285714266,-1.0,SL,2023Q2,2023,28
1013,62229,2023-05-12 22:30:00,62239,2023-05-15 04:30:00,SELL,2012.16,2018.259642857143,2018.259642857143,1996.910892857143,0.1,-61.696428571429536,-609.9642857142953,-1.0,SL,2023Q2,2023,10
1014,62247,2023-05-15 08:30:00,62258,2023-05-15 14:00:00,BUY,2016.97,2013.4160714285713,2013.4160714285713,2025.8548214285715,0.1,-36.23928571428742,-355.39285714287416,-1.0,SL,2023Q2,2023,11
1015,62278,2023-05-16 01:00:00,62293,2023-05-16 08:30:00,BUY,2016.04,2012.3692857142858,2012.3692857142858,2025.2167857142856,0.1,-37.40714285714212,-367.07142857142117,-1.0,SL,2023Q2,2023,15
1016,62303,2023-05-16 13:30:00,62307,2023-05-16 15:30:00,SELL,2008.28,2011.955,2011.955,1999.0925,0.1,-37.44999999999955,-367.49999999999545,-1.0,SL,2023Q2,2023,4
1017,62323,2023-05-16 23:30:00,62390,2023-05-18 11:00:00,SELL,1988.49,1973.4792857142857,1994.4942857142858,1973.4792857142857,0.1,149.40714285714358,1501.0714285714357,2.4596660395108185,TP,2023Q2,2023,67
1018,62397,2023-05-18 14:30:00,62400,2023-05-18 16:00:00,SELL,1974.81,1964.5564285714283,1978.9114285714286,1964.5564285714283,0.1,101.83571428571604,1025.3571428571604,2.441267123287672,TP,2023Q2,2023,3
1019,62462,2023-05-22 01:00:00,62489,2023-05-22 14:30:00,BUY,1977.5,1970.5507142857143,1970.5507142857143,1994.8732142857143,0.1,-70.1928571428568,-694.9285714285679,-1.0,SL,2023Q2,2023,27
1020,62504,2023-05-22 22:00:00,62526,2023-05-23 10:00:00,SELL,1972.97,1959.1217857142858,1978.5092857142856,1959.1217857142858,0.1,137.78214285714222,1384.821428571422,2.456322424551167,TP,2023Q2,2023,22
1021,62549,2023-05-23 21:30:00,62586,2023-05-24 17:00:00,BUY,1975.84,1969.06,1969.06,1992.7899999999997,0.1,-68.49999999999973,-677.9999999999973,-1.0,SL,2023Q2,2023,37
1022,62600,2023-05-25 01:00:00,62620,2023-05-25 11:00:00,SELL,1957.24,1963.5625,1963.5625,1941.4337500000001,0.1,-63.92499999999991,-632.2499999999991,-1.0,SL,2023Q2,2023,20
1023,62642,2023-05-25 22:00:00,62661,2023-05-26 08:30:00,SELL,1941.92,1949.9535714285714,1949.9535714285714,1921.8360714285716,0.1,-81.0357142857135,-803.3571428571349,-1.0,SL,2023Q2,2023,19
1024,62693,2023-05-29 01:30:00,62708,2023-05-29 09:00:00,SELL,1944.38,1948.9732142857144,1948.9732142857144,1932.8969642857144,0.1,-46.63214285714339,-459.3214285714339,-1.0,SL,2023Q2,2023,15
1025,62777,2023-05-30 23:00:00,62786,2023-05-31 04:30:00,BUY,1960.29,1955.9099999999999,1955.9099999999999,1971.24,0.1,-44.500000000001094,-438.0000000000109,-1.0,SL,2023Q2,2023,9
1026,62908,2023-06-02 19:30:00,62959,2023-06-05 22:00:00,SELL,1956.01,1963.6825,1963.6825,1936.8287500000001,0.1,-77.424999999999,-767.24999999999,-1.0,SL,2023Q2,2023,51
1027,62960,2023-06-05 22:30:00,62978,2023-06-06 08:30:00,BUY,1963.9,1957.7885714285715,1957.7885714285715,1979.1785714285716,0.1,-61.81428571428633,-611.1428571428632,-1.0,SL,2023Q2,2023,18
1028,63010,2023-06-07 01:30:00,63025,2023-06-07 09:00:00,BUY,1964.24,1960.9560714285715,1960.9560714285715,1972.4498214285716,0.1,-33.53928571428533,-328.39285714285325,-1.0,SL,2023Q2,2023,15
1029,63052,2023-06-07 22:30:00,63076,2023-06-08 11:30:00,SELL,1941.88,1948.9235714285714,1948.9235714285714,1924.2710714285715,0.1,-71.1357142857134,-704.357142857134,-1.0,SL,2023Q2,2023,24
1030,63100,2023-06-08 23:30:00,63121,2023-06-09 11:00:00,BUY,1966.15,1961.3628571428571,1961.3628571428571,1978.1178571428572,0.1,-48.571428571429536,-478.71428571429533,-1.0,SL,2023Q2,2023,21
1031,63145,2023-06-09 23:00:00,63167,2023-06-12 11:00:00,SELL,1960.04,1964.5539285714285,1964.5539285714285,1948.7551785714286,0.1,-45.83928571428551,-451.39285714285506,-1.0,SL,2023Q2,2023,22
1032,63196,2023-06-13 02:30:00,63199,2023-06-13 04:00:00,BUY,1960.12,1957.0674999999999,1957.0674999999999,1967.7512499999998,0.1,-31.22500000000009,-305.2500000000009,-1.0,SL,2023Q2,2023,3
1033,63290,2023-06-15 03:30:00,63313,2023-06-15 15:00:00,SELL,1942.35,1926.7982142857143,1948.570714285714,1926.7982142857143,0.1,154.81785714285644,1555.1785714285643,2.461053707278337,TP,2023Q2,2023,23
1034,63323,2023-06-15 20:00:00,63400,2023-06-19 12:30:00,BUY,1959.66,1951.545,1951.545,1979.9475000000002,0.1,-81.8500000000001,-811.5000000000009,-1.0,SL,2023Q2,2023,77
1035,63413,2023-06-19 19:00:00,63418,2023-06-20 01:00:00,SELL,1950.56,1953.6971428571428,1953.6971428571428,1942.7171428571428,0.1,-32.071428571428626,-313.71428571428623,-1.0,SL,2023Q2,2023,5
1036,63508,2023-06-21 23:00:00,63540,2023-06-22 16:00:00,SELL,1933.55,1919.6294642857142,1939.1182142857142,1919.6294642857142,0.1,138.50535714285735,1392.0535714285734,2.4565465256223673,TP,2023Q2,2023,32
1037,63594,2023-06-23 20:00:00,63602,2023-06-26 01:00:00,SELL,1918.57,1924.8817857142856,1924.8817857142856,1902.7905357142856,0.1,-63.81785714285634,-631.1785714285634,-1.0,SL,2023Q2,2023,8
1038,63607,2023-06-26 03:30:00,63619,2023-06-26 09:30:00,BUY,1925.86,1922.9360714285713,1922.9360714285713,1933.1698214285714,0.1,-29.939285714286324,-292.39285714286325,-1.0,SL,2023Q2,2023,12
1039,63645,2023-06-26 22:30:00,63655,2023-06-27 04:30:00,SELL,1922.42,1926.4925,1926.4925,1912.2387500000002,0.1,-41.42499999999991,-407.2499999999991,-1.0,SL,2023Q2,2023,10
1040,63664,2023-06-27 09:00:00,63666,2023-06-27 10:00:00,SELL,1924.95,1928.355,1928.355,1916.4375,0.1,-34.74999999999973,-340.49999999999727,-1.0,SL,2023Q2,2023,2
1041,63733,2023-06-28 20:30:00,63739,2023-06-28 23:30:00,BUY,1913.36,1908.2085714285713,1908.2085714285713,1926.2385714285715,0.1,-52.214285714285964,-515.1428571428596,-1.0,SL,2023Q2,2023,6
1042,63740,2023-06-29 01:00:00,63746,2023-06-29 04:00:00,SELL,1907.36,1911.2910714285713,1911.2910714285713,1897.5323214285713,0.1,-40.01071428571386,-393.10714285713857,-1.0,SL,2023Q2,2023,6
1043,63769,2023-06-29 15:30:00,63769,2023-06-29 15:30:00,BUY,1911.27,1907.5296428571428,1907.5296428571428,1920.620892857143,0.1,-38.103571428571925,-374.0357142857192,-1.0,SL,2023Q2,2023,0
1044,63830,2023-06-30 23:00:00,63841,2023-07-03 05:30:00,BUY,1920.18,1915.3542857142859,1915.3542857142859,1932.2442857142858,0.1,-48.95714285714185,-482.57142857141844,-1.0,SL,2023Q2,2023,11
1045,63957,2023-07-05 20:00:00,63992,2023-07-06 14:30:00,SELL,1921.46,1926.9350000000002,1926.9350000000002,1907.7724999999998,0.1,-55.45000000000137,-547.5000000000136,-1.0,SL,2023Q3,2023,35
1046,64058,2023-07-10 01:30:00,64061,2023-07-10 03:00:00,BUY,1927.03,1922.8139285714285,1922.8139285714285,1937.5701785714286,0.1,-42.86071428571468,-421.60714285714675,-1.0,SL,2023Q3,2023,3
1047,64095,2023-07-10 20:00:00,64156,2023-07-12 04:30:00,BUY,1925.78,1938.5728571428572,1920.662857142857,1938.5728571428572,0.1,127.22857142857201,1279.2857142857201,2.4527678325530156,TP,2023Q3,2023,61
1048,64193,2023-07-12 23:00:00,64224,2023-07-13 15:30:00,BUY,1958.82,1953.5774999999999,1953.5774999999999,1971.92625,0.1,-53.12500000000064,-524.2500000000064,-1.0,SL,2023Q3,2023,31
1049,64235,2023-07-13 21:00:00,64273,2023-07-14 17:00:00,BUY,1960.17,1954.0639285714287,1954.0639285714287,1975.4351785714287,0.1,-61.760714285713405,-610.607142857134,-1.0,SL,2023Q3,2023,38
1050,64280,2023-07-14 20:30:00,64284,2023-07-14 22:30:00,BUY,1960.25,1954.5885714285714,1954.5885714285714,1974.4035714285715,0.1,-57.31428571428587,-566.1428571428587,-1.0,SL,2023Q3,2023,4
1051,64285,2023-07-14 23:00:00,64310,2023-07-17 12:30:00,SELL,1954.3,1959.2157142857143,1959.2157142857143,1942.0107142857141,0.1,-49.8571428571433,-491.571428571433,-1.0,SL,2023Q3,2023,25
1052,64316,2023-07-17 15:30:00,64339,2023-07-18 04:00:00,SELL,1953.97,1958.4860714285714,1958.4860714285714,1942.6798214285714,0.1,-45.860714285714224,-451.6071428571422,-1.0,SL,2023Q3,2023,23
1053,64378,2023-07-18 23:30:00,64396,2023-07-19 09:30:00,BUY,1978.5,1972.8460714285713,1972.8460714285713,1992.6348214285713,0.1,-57.23928571428651,-565.3928571428651,-1.0,SL,2023Q3,2023,18
1054,64423,2023-07-19 23:00:00,64454,2023-07-20 15:30:00,BUY,1978.61,1974.2749999999999,1974.2749999999999,1989.4475,0.1,-44.05000000000037,-433.50000000000364,-1.0,SL,2023Q3,2023,31
1055,64514,2023-07-21 22:30:00,64541,2023-07-24 13:00:00,SELL,1961.77,1966.452142857143,1966.452142857143,1950.0646428571429,0.1,-47.521428571429354,-468.2142857142935,-1.0,SL,2023Q3,2023,27
1056,64558,2023-07-24 21:30:00,64570,2023-07-25 04:30:00,SELL,1955.3,1960.6035714285713,1960.6035714285713,1942.0410714285715,0.1,-53.735714285713314,-530.3571428571331,-1.0,SL,2023Q3,2023,12
1057,64606,2023-07-25 22:30:00,64650,2023-07-26 21:30:00,BUY,1964.58,1976.9871428571428,1959.6171428571429,1976.9871428571428,0.1,123.37142857142844,1240.7142857142844,2.4513198978144066,TP,2023Q3,2023,44
1058,64662,2023-07-27 04:30:00,64684,2023-07-27 15:30:00,BUY,1975.07,1970.045,1970.045,1987.6325,0.1,-50.94999999999864,-502.49999999998636,-1.0,SL,2023Q3,2023,22
1059,64748,2023-07-31 01:30:00,64749,2023-07-31 02:00:00,BUY,1960.36,1957.3310714285712,1957.3310714285712,1967.9323214285714,0.1,-30.989285714286506,-302.89285714286507,-1.0,SL,2023Q3,2023,1
1060,64832,2023-08-01 20:30:00,64839,2023-08-02 01:00:00,SELL,1941.83,1947.7764285714286,1947.7764285714286,1926.9639285714284,0.1,-60.16428571428669,-594.6428571428669,-1.0,SL,2023Q3,2023,7
1061,64883,2023-08-02 23:00:00,64960,2023-08-04 15:30:00,SELL,1935.07,1939.5989285714284,1939.5989285714284,1923.7476785714287,0.1,-45.989285714284236,-452.89285714284233,-1.0,SL,2023Q3,2023,77
1062,65114,2023-08-09 23:30:00,65122,2023-08-10 04:30:00,SELL,1915.0,1918.7832142857142,1918.7832142857142,1905.5419642857144,0.1,-38.532142857141665,-378.3214285714166,-1.0,SL,2023Q3,2023,8
1063,65154,2023-08-10 20:30:00,65274,2023-08-15 11:30:00,SELL,1916.28,1904.43,1922.4514285714286,1900.8514285714286,0.1,117.79999999999909,1184.999999999991,1.8873884184023637,TIME_EXIT,2023Q3,2023,120
1064,65295,2023-08-15 22:00:00,65382,2023-08-17 19:30:00,SELL,1902.5,1888.713392857143,1908.014642857143,1888.713392857143,0.1,137.16607142857066,1378.6607142857065,2.4561296923961997,TP,2023Q3,2023,87
1065,65486,2023-08-22 02:30:00,65487,2023-08-22 03:00:00,BUY,1895.57,1893.7624999999998,1893.7624999999998,1900.0887500000001,0.1,-18.77500000000118,-180.75000000001182,-1.0,SL,2023Q3,2023,1
1066,65530,2023-08-23 01:30:00,65545,2023-08-23 09:00:00,BUY,1898.33,1904.204107142857,1895.980357142857,1904.204107142857,0.1,58.041071428571556,587.4107142857156,2.3987453874537845,TP,2023Q3,2023,15
1067,65566,2023-08-23 19:30:00,65603,2023-08-24 15:00:00,BUY,1919.6,1914.1228571428571,1914.1228571428571,1933.292857142857,0.1,-55.47142857142781,-547.714285714278,-1.0,SL,2023Q3,2023,37
1068,65624,2023-08-25 02:30:00,65648,2023-08-25 14:30:00,SELL,1916.24,1918.3828571428571,1918.3828571428571,1910.8828571428573,0.1,-22.128571428571103,-214.28571428571104,-1.0,SL,2023Q3,2023,24
1069,65668,2023-08-28 01:30:00,65702,2023-08-28 18:30:00,BUY,1915.3,1925.5857142857142,1911.1857142857143,1925.5857142857142,0.1,102.1571428571422,1028.571428571422,2.4414475930351913,TP,2023Q3,2023,34
1070,65714,2023-08-29 01:30:00,65740,2023-08-29 14:30:00,BUY,1920.89,1917.9939285714286,1917.9939285714286,1928.1301785714286,0.1,-29.66071428571531,-289.6071428571531,-1.0,SL,2023Q3,2023,26
1071,65756,2023-08-29 22:30:00,65876,2023-09-01 13:30:00,BUY,1937.98,1944.18,1932.7257142857143,1951.1157142857144,0.1,61.30000000000045,620.0000000000045,1.1513281459619018,TIME_EXIT,2023Q3,2023,120
1072,65896,2023-09-01 23:30:00,65905,2023-09-04 05:00:00,SELL,1939.8,1944.6010714285715,1944.6010714285715,1927.7973214285714,0.1,-48.71071428571504,-480.1071428571504,-1.0,SL,2023Q3,2023,9
1073,65980,2023-09-05 22:00:00,66100,2023-09-08 13:00:00,SELL,1925.87,1925.09,1930.0882142857142,1915.3244642857142,0.1,7.099999999999727,77.99999999999727,0.16557008411758964,TIME_EXIT,2023Q3,2023,120
1074,66118,2023-09-08 22:00:00,66129,2023-09-11 04:30:00,SELL,1918.47,1922.7589285714287,1922.7589285714287,1907.7476785714287,0.1,-43.58928571428642,-428.89285714286416,-1.0,SL,2023Q3,2023,11
1075,66162,2023-09-11 21:00:00,66194,2023-09-12 14:00:00,SELL,1922.57,1913.6289285714286,1926.1464285714285,1913.6289285714286,0.1,88.71071428571376,894.1071428571377,2.4328109696376097,TP,2023Q3,2023,32
1076,66257,2023-09-13 22:30:00,66313,2023-09-15 04:30:00,SELL,1908.58,1913.1946428571428,1913.1946428571428,1897.0433928571429,0.1,-46.84642857142826,-461.4642857142826,-1.0,SL,2023Q3,2023,56
1077,66396,2023-09-18 23:00:00,66415,2023-09-19 09:30:00,BUY,1933.35,1929.8282142857142,1929.8282142857142,1942.1544642857143,0.1,-35.917857142856704,-352.178571428567,-1.0,SL,2023Q3,2023,19
1078,66494,2023-09-21 03:00:00,66518,2023-09-21 15:00:00,SELL,1929.34,1917.5114285714287,1934.0714285714284,1917.5114285714287,0.1,117.58571428571194,1182.8571428571195,2.4489735197857536,TP,2023Q3,2023,24
1079,66583,2023-09-25 01:30:00,66586,2023-09-25 03:00:00,BUY,1926.18,1924.0810714285715,1924.0810714285715,1931.4273214285715,0.1,-21.68928571428587,-209.8928571428587,-1.0,SL,2023Q3,2023,3
1080,66633,2023-09-26 03:30:00,66645,2023-09-26 09:30:00,SELL,1915.35,1911.7767857142856,1916.7792857142856,1911.7767857142856,0.1,35.03214285714357,357.3214285714357,2.3365888518342808,TP,2023Q3,2023,12
1081,66669,2023-09-26 21:30:00,66705,2023-09-27 16:30:00,SELL,1899.77,1888.0566071428573,1904.455357142857,1888.0566071428573,0.1,116.43392857142707,1171.3392857142708,2.4484791588433854,TP,2023Q3,2023,36
1082,66720,2023-09-28 01:00:00,66749,2023-09-28 15:30:00,SELL,1875.0,1879.5353571428573,1879.5353571428573,1863.661607142857,0.1,-46.05357142857265,-453.5357142857265,-1.0,SL,2023Q3,2023,29
1083,66768,2023-09-29 02:00:00,66782,2023-09-29 09:00:00,SELL,1864.19,1868.4885714285715,1868.4885714285715,1853.4435714285714,0.1,-43.685714285714496,-429.85714285714494,-1.0,SL,2023Q3,2023,14
1084,66793,2023-09-29 14:30:00,66795,2023-09-29 15:30:00,SELL,1868.14,1871.3178571428573,1871.3178571428573,1860.1953571428571,0.1,-32.478571428571925,-317.7857142857192,-1.0,SL,2023Q3,2023,2
1085,66854,2023-10-02 22:00:00,66867,2023-10-03 05:30:00,SELL,1830.46,1816.0733928571428,1836.214642857143,1816.0733928571428,0.1,143.16607142857202,1438.6607142857201,2.457937335213667,TP,2023Q4,2023,13
1086,66904,2023-10-04 01:00:00,66932,2023-10-04 15:00:00,SELL,1822.72,1828.2185714285713,1828.2185714285713,1808.9735714285716,0.1,-55.68571428571268,-549.8571428571267,-1.0,SL,2023Q4,2023,28
1087,66943,2023-10-04 20:30:00,66956,2023-10-05 04:00:00,SELL,1819.56,1825.7957142857142,1825.7957142857142,1803.9707142857142,0.1,-63.057142857142665,-623.5714285714266,-1.0,SL,2023Q4,2023,13
1088,66997,2023-10-06 01:30:00,67025,2023-10-06 15:30:00,BUY,1821.42,1818.1842857142858,1818.1842857142858,1829.5092857142859,0.1,-33.057142857142665,-323.5714285714266,-1.0,SL,2023Q4,2023,28
1089,67037,2023-10-06 21:30:00,67042,2023-10-09 01:00:00,BUY,1833.8,1854.8991071428572,1825.360357142857,1854.8991071428572,0.1,210.29107142857293,2109.9107142857292,2.4712091324967607,TP,2023Q4,2023,5
1090,67043,2023-10-09 01:30:00,67153,2023-10-11 10:30:00,BUY,1848.88,1867.6273214285713,1841.3810714285717,1867.6273214285713,0.1,186.7732142857124,1874.732142857124,2.467630821497679,TP,2023Q4,2023,110
1091,67179,2023-10-11 23:30:00,67207,2023-10-12 14:30:00,BUY,1874.47,1883.700357142857,1870.7778571428573,1883.700357142857,0.1,91.60357142856974,923.0357142856974,2.434877539396298,TP,2023Q4,2023,28
1092,67219,2023-10-12 20:30:00,67238,2023-10-13 07:00:00,SELL,1870.1,1875.1796428571429,1875.1796428571429,1857.4008928571427,0.1,-51.49642857142972,-507.96428571429715,-1.0,SL,2023Q4,2023,19
1093,67264,2023-10-13 20:00:00,67287,2023-10-16 08:30:00,BUY,1927.27,1917.5275000000001,1917.5275000000001,1951.6262499999998,0.1,-98.12499999999837,-974.2499999999836,-1.0,SL,2023Q4,2023,23
1094,67358,2023-10-17 21:00:00,67368,2023-10-18 03:00:00,SELL,1919.71,1926.1953571428571,1926.1953571428571,1903.496607142857,0.1,-65.55357142857083,-648.5357142857083,-1.0,SL,2023Q4,2023,10
1095,67379,2023-10-18 08:30:00,67395,2023-10-18 16:30:00,BUY,1939.32,1950.8030357142857,1934.7267857142856,1950.8030357142857,0.1,114.13035714285733,1148.3035714285734,2.4474611319598445,TP,2023Q4,2023,16
1096,67415,2023-10-19 03:30:00,67417,2023-10-19 04:30:00,BUY,1952.07,1947.99,1947.99,1962.2699999999998,0.1,-41.499999999999275,-407.9999999999927,-1.0,SL,2023Q4,2023,2
1097,67518,2023-10-23 09:00:00,67533,2023-10-23 16:30:00,BUY,1975.91,1970.5946428571428,1970.5946428571428,1989.198392857143,0.1,-53.85357142857238,-531.5357142857238,-1.0,SL,2023Q4,2023,15
1098,67545,2023-10-23 22:30:00,67556,2023-10-24 05:00:00,SELL,1972.76,1979.017142857143,1979.017142857143,1957.1171428571427,0.1,-63.27142857142981,-625.7142857142981,-1.0,SL,2023Q4,2023,11
1099,67594,2023-10-25 01:00:00,67601,2023-10-25 04:30:00,SELL,1971.18,1975.6328571428571,1975.6328571428571,1960.0478571428573,0.1,-45.22857142857056,-445.2857142857056,-1.0,SL,2023Q4,2023,7
1100,67683,2023-10-26 22:30:00,67725,2023-10-27 20:30:00,SELL,1982.47,1990.1007142857143,1990.1007142857143,1963.3932142857143,0.1,-77.00714285714248,-763.0714285714248,-1.0,SL,2023Q4,2023,42
1101,67829,2023-11-01 02:30:00,67852,2023-11-01 14:00:00,SELL,1981.74,1986.087857142857,1986.087857142857,1970.8703571428573,0.1,-44.17857142857038,-434.78571428570376,-1.0,SL,2023Q4,2023,23
1102,67873,2023-11-02 01:30:00,67905,2023-11-02 17:30:00,BUY,1985.24,1979.0160714285714,1979.0160714285714,2000.7998214285715,0.1,-62.93928571428587,-622.3928571428587,-1.0,SL,2023Q4,2023,32
1103,67917,2023-11-03 00:30:00,67945,2023-11-03 14:30:00,BUY,1985.96,1995.3725,1982.1950000000002,1995.3725,0.1,93.42499999999909,941.2499999999909,2.4361147327249593,TP,2023Q4,2023,28
1104,67957,2023-11-03 20:30:00,67970,2023-11-06 05:00:00,BUY,1994.25,1984.605,1984.605,2018.3625,0.1,-97.14999999999982,-964.4999999999982,-1.0,SL,2023Q4,2023,13
1105,68001,2023-11-06 20:30:00,68018,2023-11-07 06:00:00,SELL,1981.58,1971.8594642857142,1985.468214285714,1971.8594642857142,0.1,96.50535714285688,972.0535714285688,2.438103401606119,TP,2023Q4,2023,17
1106,68058,2023-11-08 03:00:00,68060,2023-11-08 04:00:00,SELL,1967.97,1970.705357142857,1970.705357142857,1961.131607142857,0.1,-28.05357142857083,-273.5357142857083,-1.0,SL,2023Q4,2023,2
1107,68067,2023-11-08 07:30:00,68068,2023-11-08 08:00:00,SELL,1966.01,1968.0510714285715,1968.0510714285715,1960.9073214285713,0.1,-21.11071428571513,-204.1071428571513,-1.0,SL,2023Q4,2023,1
1108,68149,2023-11-10 02:30:00,68160,2023-11-10 08:00:00,BUY,1960.12,1955.857857142857,1955.857857142857,1970.775357142857,0.1,-43.321428571428626,-426.21428571428623,-1.0,SL,2023Q4,2023,11
1109,68241,2023-11-14 02:30:00,68248,2023-11-14 06:00:00,BUY,1946.89,1944.1514285714286,1944.1514285714286,1953.7364285714286,0.1,-28.08571428571504,-273.8571428571504,-1.0,SL,2023Q4,2023,7
1110,68281,2023-11-14 22:30:00,68315,2023-11-15 16:30:00,BUY,1964.31,1957.6082142857142,1957.6082142857142,1981.0644642857144,0.1,-67.71785714285734,-670.1785714285734,-1.0,SL,2023Q4,2023,34
1111,68328,2023-11-15 23:00:00,68343,2023-11-16 07:30:00,SELL,1959.26,1963.8467857142857,1963.8467857142857,1947.793035714286,0.1,-46.56785714285725,-458.67857142857247,-1.0,SL,2023Q4,2023,15
1112,68378,2023-11-17 02:00:00,68396,2023-11-17 11:00:00,BUY,1982.65,1990.6348214285715,1979.4560714285715,1990.6348214285715,0.1,79.14821428571422,798.4821428571422,2.4249370828317853,TP,2023Q4,2023,18
1113,68423,2023-11-20 01:30:00,68426,2023-11-20 03:00:00,SELL,1978.33,1981.3225,1981.3225,1970.8487499999999,0.1,-30.625000000000636,-299.25000000000637,-1.0,SL,2023Q4,2023,3
1114,68469,2023-11-21 01:30:00,68472,2023-11-21 03:00:00,BUY,1980.45,1989.5892857142858,1976.7942857142857,1989.5892857142858,0.1,90.69285714285733,913.9285714285734,2.4342407975459825,TP,2023Q4,2023,3
1115,68554,2023-11-22 21:00:00,68565,2023-11-23 03:30:00,SELL,1988.27,1994.075,1994.075,1973.7575,0.1,-58.75000000000064,-580.5000000000064,-1.0,SL,2023Q4,2023,11
1116,68660,2023-11-27 10:30:00,68675,2023-11-27 18:00:00,BUY,2012.74,2008.2314285714285,2008.2314285714285,2024.0114285714287,0.1,-45.78571428571486,-450.8571428571486,-1.0,SL,2023Q4,2023,15
1117,68680,2023-11-27 20:30:00,68717,2023-11-28 16:00:00,BUY,2012.27,2024.8110714285713,2007.2535714285714,2024.8110714285713,0.1,124.71071428571285,1254.1071428571286,2.4518326077797616,TP,2023Q4,2023,37
1118,68729,2023-11-28 22:00:00,68808,2023-11-30 15:30:00,BUY,2041.9,2034.8992857142857,2034.8992857142857,2059.401785714286,0.1,-70.70714285714367,-700.0714285714366,-1.0,SL,2023Q4,2023,79
1119,68826,2023-12-01 01:30:00,68846,2023-12-01 11:30:00,BUY,2039.46,2048.877857142857,2035.6928571428573,2048.877857142857,0.1,93.47857142856974,941.7857142856974,2.4361504095309283,TP,2023Q4,2023,20
1120,68870,2023-12-01 23:30:00,68871,2023-12-04 01:00:00,BUY,2071.23,2092.685357142857,2062.647857142857,2092.685357142857,0.1,213.85357142856884,2145.5357142856883,2.4716833154461364,TP,2023Q4,2023,1
1121,68872,2023-12-04 01:30:00,68872,2023-12-04 01:30:00,BUY,2129.52,2115.7092857142857,2115.7092857142857,2164.0467857142858,0.1,-138.8071428571431,-1381.0714285714312,-1.0,SL,2023Q4,2023,0
1122,68884,2023-12-04 07:30:00,68888,2023-12-04 09:30:00,BUY,2088.49,2069.1025,2069.1025,2136.95875,0.1,-194.57499999999817,-1938.7499999999818,-1.0,SL,2023Q4,2023,4
1123,68991,2023-12-06 15:00:00,69045,2023-12-07 19:00:00,BUY,2026.34,2020.5510714285713,2020.5510714285713,2040.8123214285713,0.1,-58.58928571428642,-578.8928571428642,-1.0,SL,2023Q4,2023,54
1124,69054,2023-12-07 23:30:00,69063,2023-12-08 05:00:00,SELL,2028.42,2033.9153571428571,2033.9153571428571,2014.6816071428573,0.1,-55.65357142857074,-549.5357142857074,-1.0,SL,2023Q4,2023,9
1125,69253,2023-12-14 08:00:00,69268,2023-12-14 15:30:00,BUY,2035.33,2029.0321428571428,2029.0321428571428,2051.074642857143,0.1,-63.678571428570834,-629.7857142857083,-1.0,SL,2023Q4,2023,15
1126,69282,2023-12-14 22:30:00,69314,2023-12-15 15:30:00,BUY,2034.78,2027.4267857142856,2027.4267857142856,2053.163035714286,0.1,-74.2321428571433,-735.321428571433,-1.0,SL,2023Q4,2023,32
1127,69324,2023-12-15 20:30:00,69368,2023-12-18 19:30:00,SELL,2021.48,2029.1139285714285,2029.1139285714285,2002.3951785714287,0.1,-77.03928571428442,-763.3928571428442,-1.0,SL,2023Q4,2023,44
1128,69377,2023-12-19 01:00:00,69386,2023-12-19 05:30:00,BUY,2027.3,2022.715357142857,2022.715357142857,2038.761607142857,0.1,-46.546428571428535,-458.4642857142853,-1.0,SL,2023Q4,2023,9
1129,69421,2023-12-19 23:00:00,69447,2023-12-20 13:00:00,BUY,2040.39,2034.9696428571428,2034.9696428571428,2053.940892857143,0.1,-54.90357142857256,-542.0357142857256,-1.0,SL,2023Q4,2023,26
1130,69465,2023-12-20 22:00:00,69481,2023-12-21 07:00:00,SELL,2032.28,2037.9875,2037.9875,2018.01125,0.1,-57.77499999999982,-570.7499999999982,-1.0,SL,2023Q4,2023,16
1131,69515,2023-12-22 01:00:00,69537,2023-12-22 12:00:00,BUY,2045.59,2056.494464285714,2041.2282142857143,2056.494464285714,0.1,108.34464285714084,1090.4464285714084,2.444717543718293,TP,2023Q4,2023,22
1132,69556,2023-12-22 21:30:00,69566,2023-12-26 03:30:00,SELL,2052.32,2060.4403571428575,2060.4403571428575,2032.0191071428574,0.1,-81.90357142857302,-812.0357142857301,-1.0,SL,2023Q4,2023,10
1133,69654,2023-12-28 01:30:00,69673,2023-12-28 11:00:00,BUY,2078.66,2074.4846428571427,2074.4846428571427,2089.0983928571422,0.1,-42.45357142857138,-417.53571428571377,-1.0,SL,2023Q4,2023,19
1134,69788,2024-01-02 22:30:00,69817,2024-01-03 14:00:00,SELL,2059.59,2042.0051785714286,2066.6239285714287,2042.0051785714286,0.1,175.1482142857156,1758.4821428571558,2.4655120406214186,TP,2024Q1,2024,29
1135,69842,2024-01-04 03:30:00,69845,2024-01-04 05:00:00,SELL,2040.99,2045.4653571428573,2045.4653571428573,2029.801607142857,0.1,-45.4535714285732,-447.53571428573196,-1.0,SL,2024Q1,2024,3
1136,69884,2024-01-05 01:30:00,69887,2024-01-05 03:00:00,SELL,2042.81,2046.1367857142857,2046.1367857142857,2034.4930357142857,0.1,-33.96785714285734,-332.6785714285734,-1.0,SL,2024Q1,2024,3
1137,69888,2024-01-05 03:30:00,69895,2024-01-05 07:00:00,BUY,2046.46,2043.6132142857143,2043.6132142857143,2053.5769642857144,0.1,-29.167857142857155,-284.67857142857156,-1.0,SL,2024Q1,2024,7
1138,69923,2024-01-05 21:00:00,69938,2024-01-08 05:30:00,BUY,2048.34,2037.8485714285716,2037.8485714285716,2074.5685714285714,0.1,-105.61428571428515,-1049.1428571428514,-1.0,SL,2024Q1,2024,15
1139,69954,2024-01-08 13:30:00,69961,2024-01-08 17:00:00,SELL,2022.4,2028.1482142857144,2028.1482142857144,2008.0294642857145,0.1,-58.18214285714312,-574.8214285714312,-1.0,SL,2024Q1,2024,7
1140,70044,2024-01-10 12:30:00,70048,2024-01-10 14:30:00,BUY,2036.93,2032.3164285714286,2032.3164285714286,2048.463928571429,0.1,-46.83571428571504,-461.3571428571504,-1.0,SL,2024Q1,2024,4
1141,70049,2024-01-10 15:00:00,70095,2024-01-11 15:00:00,SELL,2031.39,2036.0400000000002,2036.0400000000002,2019.765,0.1,-47.20000000000091,-465.0000000000091,-1.0,SL,2024Q1,2024,46
1142,70111,2024-01-11 23:00:00,70139,2024-01-12 14:00:00,BUY,2027.67,2048.755714285714,2019.2357142857145,2048.755714285714,0.1,210.1571428571395,2108.571428571395,2.4711909961364014,TP,2024Q1,2024,28
1143,70159,2024-01-15 01:00:00,70219,2024-01-16 10:30:00,BUY,2047.65,2042.1910714285716,2042.1910714285716,2061.2973214285716,0.1,-55.28928571428487,-545.8928571428487,-1.0,SL,2024Q1,2024,60
1144,70247,2024-01-17 01:30:00,70252,2024-01-17 04:00:00,SELL,2026.86,2032.4132142857143,2032.4132142857143,2012.976964285714,0.1,-56.23214285714376,-555.3214285714375,-1.0,SL,2024Q1,2024,5
1145,70335,2024-01-18 22:30:00,70364,2024-01-19 14:00:00,BUY,2021.37,2033.2789285714284,2016.6064285714285,2033.2789285714284,0.1,118.38928571428532,1190.8928571428532,2.449312841731957,TP,2024Q1,2024,29
1146,70471,2024-01-23 21:30:00,70488,2024-01-24 07:00:00,BUY,2028.44,2023.4278571428572,2023.4278571428572,2040.9703571428572,0.1,-50.821428571428626,-501.21428571428623,-1.0,SL,2024Q1,2024,17
1147,70566,2024-01-25 23:00:00,70643,2024-01-29 15:30:00,BUY,2020.16,2034.9992857142859,2014.2242857142858,2034.9992857142859,0.1,147.6928571428578,1483.928571428578,2.4592055185537585,TP,2024Q1,2024,77
1148,70671,2024-01-30 06:30:00,70677,2024-01-30 09:30:00,BUY,2033.08,2040.11125,2030.2675,2040.11125,0.1,69.6125,703.125,2.415004336513443,TP,2024Q1,2024,6
1149,70701,2024-01-30 21:30:00,70737,2024-01-31 16:30:00,BUY,2035.89,2052.513214285714,2029.2407142857144,2052.513214285714,0.1,165.53214285714085,1662.3214285714084,2.4635377910066634,TP,2024Q1,2024,36
1150,70759,2024-02-01 04:30:00,70770,2024-02-01 10:00:00,BUY,2046.78,2038.9253571428571,2038.9253571428571,2066.416607142857,0.1,-79.24642857142835,-785.4642857142835,-1.0,SL,2024Q1,2024,11
1151,70799,2024-02-02 01:30:00,70827,2024-02-02 15:30:00,BUY,2055.91,2049.8039285714285,2049.8039285714285,2071.1751785714287,0.1,-61.760714285713405,-610.607142857134,-1.0,SL,2024Q1,2024,28
1152,70842,2024-02-02 23:00:00,70844,2024-02-05 01:00:00,SELL,2035.98,2041.532142857143,2041.532142857143,2022.0996428571427,0.1,-56.221428571430536,-555.2142857143053,-1.0,SL,2024Q1,2024,2
1153,70981,2024-02-07 23:30:00,70988,2024-02-08 04:00:00,SELL,2033.74,2038.6353571428572,2038.6353571428572,2021.501607142857,0.1,-49.65357142857165,-489.5357142857165,-1.0,SL,2024Q1,2024,7
1154,71028,2024-02-09 01:00:00,71046,2024-02-09 10:00:00,BUY,2034.63,2031.1757142857143,2031.1757142857143,2043.2657142857145,0.1,-35.242857142857886,-345.42857142857883,-1.0,SL,2024Q1,2024,18
1155,71079,2024-02-12 03:30:00,71092,2024-02-12 10:00:00,SELL,2024.22,2027.0003571428572,2027.0003571428572,2017.2691071428571,0.1,-28.503571428571558,-278.0357142857156,-1.0,SL,2024Q1,2024,13
1156,71121,2024-02-13 01:30:00,71134,2024-02-13 08:00:00,SELL,2018.91,2021.9432142857145,2021.9432142857145,2011.3269642857142,0.1,-31.032142857143935,-303.32142857143936,-1.0,SL,2024Q1,2024,13
1157,71161,2024-02-13 21:30:00,71240,2024-02-15 15:00:00,SELL,1991.7,2000.037857142857,2000.037857142857,1970.8553571428572,0.1,-84.07857142857047,-833.7857142857047,-1.0,SL,2024Q1,2024,79
1158,71342,2024-02-19 20:00:00,71347,2024-02-20 02:00:00,BUY,2017.47,2014.9510714285716,2014.9510714285716,2023.7673214285712,0.1,-25.889285714284323,-251.89285714284324,-1.0,SL,2024Q1,2024,5
1159,71442,2024-02-22 03:30:00,71466,2024-02-22 15:30:00,BUY,2027.54,2024.3160714285714,2024.3160714285714,2035.5998214285712,0.1,-32.93928571428587,-322.3928571428587,-1.0,SL,2024Q1,2024,24
1160,71523,2024-02-23 21:00:00,71527,2024-02-23 23:00:00,BUY,2040.53,2035.480357142857,2035.480357142857,2053.1541071428574,0.1,-51.19642857142999,-504.9642857142999,-1.0,SL,2024Q1,2024,4
1161,71539,2024-02-26 06:00:00,71559,2024-02-26 16:00:00,BUY,2032.65,2030.0121428571429,2030.0121428571429,2039.244642857143,0.1,-27.078571428572285,-263.78571428572286,-1.0,SL,2024Q1,2024,20
1162,71572,2024-02-26 22:30:00,71617,2024-02-27 22:00:00,BUY,2033.1,2028.975,2028.975,2043.4125,0.1,-41.95,-412.5,-1.0,SL,2024Q1,2024,45
1163,71664,2024-02-28 22:30:00,71690,2024-02-29 12:30:00,BUY,2034.22,2030.6510714285714,2030.6510714285714,2043.1423214285714,0.1,-36.389285714286146,-356.89285714286143,-1.0,SL,2024Q1,2024,26
1164,71760,2024-03-04 01:30:00,71764,2024-03-04 03:30:00,BUY,2085.73,2079.6925,2079.6925,2100.82375,0.1,-61.07499999999909,-603.7499999999909,-1.0,SL,2024Q1,2024,4
1165,71844,2024-03-05 20:30:00,71907,2024-03-07 06:00:00,BUY,2133.62,2159.5780357142858,2123.236785714286,2159.5780357142858,0.1,258.8803571428587,2595.803571428587,2.476562233079432,TP,2024Q1,2024,63
1166,71939,2024-03-07 22:00:00,71972,2024-03-08 15:30:00,BUY,2160.16,2177.9323214285714,2153.051071428571,2177.9323214285714,0.1,177.0232142857156,1777.2321428571558,2.4658723446594073,TP,2024Q1,2024,33
1167,71989,2024-03-11 00:00:00,72063,2024-03-12 14:00:00,BUY,2179.47,2170.2803571428567,2170.2803571428567,2202.4441071428573,0.1,-92.59642857143099,-918.9642857143099,-1.0,SL,2024Q1,2024,74
1168,72130,2024-03-14 01:30:00,72137,2024-03-14 05:00:00,BUY,2176.13,2172.0789285714286,2172.0789285714286,2186.257678571429,0.1,-41.21071428571504,-405.1071428571504,-1.0,SL,2024Q1,2024,7
1169,72175,2024-03-15 01:00:00,72179,2024-03-15 03:00:00,SELL,2161.35,2165.463214285714,2165.463214285714,2151.066964285714,0.1,-41.83214285714094,-411.32142857140934,-1.0,SL,2024Q1,2024,4
1170,72219,2024-03-18 00:00:00,72245,2024-03-18 13:00:00,SELL,2155.06,2160.172857142857,2160.172857142857,2142.277857142857,0.1,-51.82857142857138,-511.28571428571377,-1.0,SL,2024Q1,2024,26
1171,72266,2024-03-19 00:30:00,72279,2024-03-19 07:00:00,BUY,2161.95,2158.340357142857,2158.340357142857,2170.9741071428566,0.1,-36.79642857142717,-360.9642857142717,-1.0,SL,2024Q1,2024,13
1172,72310,2024-03-19 22:30:00,72333,2024-03-20 11:00:00,BUY,2158.49,2154.3521428571426,2154.3521428571426,2168.8346428571426,0.1,-42.07857142857229,-413.78571428572286,-1.0,SL,2024Q1,2024,23
1173,72358,2024-03-21 00:30:00,72358,2024-03-21 00:30:00,BUY,2208.62,2195.7425,2195.7425,2240.8137500000003,0.1,-129.47500000000053,-1287.7500000000055,-1.0,SL,2024Q1,2024,0
1174,72373,2024-03-21 08:00:00,72378,2024-03-21 10:30:00,BUY,2204.96,2197.8553571428574,2197.8553571428574,2222.721607142857,0.1,-71.74642857142608,-710.4642857142608,-1.0,SL,2024Q1,2024,5
1175,72464,2024-03-25 07:30:00,72477,2024-03-25 14:00:00,SELL,2168.16,2173.242857142857,2173.242857142857,2155.452857142857,0.1,-51.52857142856938,-508.28571428569376,-1.0,SL,2024Q1,2024,13
1176,72540,2024-03-26 22:30:00,72551,2024-03-27 05:00:00,SELL,2175.73,2181.4075000000003,2181.4075000000003,2161.53625,0.1,-57.47500000000237,-567.7500000000236,-1.0,SL,2024Q1,2024,11
1177,72645,2024-04-01 07:00:00,72655,2024-04-01 12:00:00,BUY,2264.61,2254.715357142857,2254.715357142857,2289.3466071428575,0.1,-99.64642857143026,-989.4642857143026,-1.0,SL,2024Q2,2024,10
1178,72677,2024-04-01 23:00:00,72711,2024-04-02 17:00:00,BUY,2244.86,2267.9841071428573,2235.6103571428575,2267.9841071428573,0.1,230.54107142857157,2312.4107142857156,2.473711438973056,TP,2024Q2,2024,34
1179,72719,2024-04-02 21:00:00,72762,2024-04-03 19:30:00,BUY,2266.05,2294.383928571429,2254.716428571429,2294.383928571429,0.1,282.63928571428715,2833.3928571428714,2.478515502662113,TP,2024Q2,2024,43
1180,72767,2024-04-03 22:00:00,72799,2024-04-04 15:00:00,BUY,2296.53,2286.707142857143,2286.707142857143,2321.0871428571427,0.1,-98.92857142857174,-982.2857142857174,-1.0,SL,2024Q2,2024,32
1181,72822,2024-04-05 03:30:00,72840,2024-04-05 12:30:00,SELL,2283.89,2293.248928571428,2293.248928571428,2260.4926785714288,0.1,-94.28928571428351,-935.892857142835,-1.0,SL,2024Q2,2024,18
1182,72863,2024-04-08 01:00:00,72863,2024-04-08 01:00:00,BUY,2323.57,2313.8478571428573,2313.8478571428573,2347.8753571428574,0.1,-97.92142857142899,-972.2142857142899,-1.0,SL,2024Q2,2024,0
1183,72888,2024-04-08 13:30:00,72891,2024-04-08 15:00:00,BUY,2340.28,2332.707142857143,2332.707142857143,2359.212142857143,0.1,-76.42857142857174,-757.2857142857174,-1.0,SL,2024Q2,2024,3
1184,72902,2024-04-08 20:30:00,72927,2024-04-09 10:00:00,BUY,2332.24,2356.29625,2322.6175,2356.29625,0.1,239.86250000000092,2405.625000000009,2.4747227237555043,TP,2024Q2,2024,25
1185,72953,2024-04-09 23:00:00,72984,2024-04-10 15:30:00,BUY,2351.29,2340.718214285714,2340.718214285714,2377.7194642857144,0.1,-106.41785714285852,-1057.1785714285852,-1.0,SL,2024Q2,2024,31
1186,72994,2024-04-10 20:30:00,72994,2024-04-10 20:30:00,SELL,2329.37,2344.7064285714287,2344.7064285714287,2291.0289285714284,0.1,-154.06428571428768,-1533.642857142877,-1.0,SL,2024Q2,2024,0
1187,73045,2024-04-11 23:00:00,73066,2024-04-12 10:30:00,BUY,2373.28,2398.887142857143,2363.037142857143,2398.887142857143,0.1,255.37142857142663,2560.714285714266,2.4762432469870737,TP,2024Q2,2024,21
1188,73099,2024-04-15 04:00:00,73132,2024-04-15 20:30:00,SELL,2353.09,2368.9632142857145,2368.9632142857145,2313.4069642857144,0.1,-159.4321428571431,-1587.3214285714312,-1.0,SL,2024Q2,2024,33
1189,73200,2024-04-17 08:30:00,73205,2024-04-17 11:00:00,SELL,2379.51,2384.2328571428575,2384.2328571428575,2367.7028571428573,0.1,-47.92857142857265,-472.2857142857265,-1.0,SL,2024Q2,2024,5
1190,73231,2024-04-18 01:00:00,73240,2024-04-18 05:30:00,SELL,2361.75,2373.555,2373.555,2332.2374999999997,0.1,-118.74999999999837,-1180.4999999999836,-1.0,SL,2024Q2,2024,9
1191,73280,2024-04-19 02:30:00,73281,2024-04-19 03:00:00,BUY,2380.91,2374.9571428571426,2374.9571428571426,2395.7921428571426,0.1,-60.228571428572835,-595.2857142857283,-1.0,SL,2024Q2,2024,1
1192,73282,2024-04-19 03:30:00,73283,2024-04-19 04:00:00,SELL,2375.02,2380.6803571428572,2380.6803571428572,2360.869107142857,0.1,-57.30357142857265,-566.0357142857265,-1.0,SL,2024Q2,2024,1
1193,73304,2024-04-19 14:30:00,73306,2024-04-19 15:30:00,SELL,2374.66,2383.852857142857,2383.852857142857,2351.6778571428567,0.1,-92.62857142857065,-919.2857142857065,-1.0,SL,2024Q2,2024,2
1194,73324,2024-04-22 01:30:00,73333,2024-04-22 06:00:00,SELL,2383.76,2362.3394642857147,2392.3282142857147,2362.3394642857147,0.1,213.50535714285508,2142.0535714285506,2.471637656592306,TP,2024Q2,2024,9
1195,73349,2024-04-22 14:00:00,73351,2024-04-22 15:00:00,SELL,2357.55,2339.244642857143,2364.872142857143,2339.244642857143,0.1,182.35357142857248,1830.5357142857247,2.4668567011305744,TP,2024Q2,2024,2
1196,73364,2024-04-22 21:30:00,73376,2024-04-23 04:30:00,SELL,2325.32,2297.2244642857145,2336.5582142857143,2297.2244642857145,0.1,280.2553571428569,2809.553571428569,2.478334333449176,TP,2024Q2,2024,12
1197,73413,2024-04-23 23:00:00,73449,2024-04-24 18:00:00,SELL,2322.23,2332.1085714285714,2332.1085714285714,2297.5335714285716,0.1,-99.48571428571377,-987.8571428571377,-1.0,SL,2024Q2,2024,36
1198,73457,2024-04-24 22:00:00,73487,2024-04-25 14:00:00,SELL,2320.43,2329.9625,2329.9625,2296.5987499999997,0.1,-96.02500000000255,-953.2500000000255,-1.0,SL,2024Q2,2024,30
1199,73504,2024-04-25 22:30:00,73559,2024-04-29 04:00:00,BUY,2335.47,2322.717857142857,2322.717857142857,2367.350357142857,0.1,-128.22142857142643,-1275.2142857142644,-1.0,SL,2024Q2,2024,55
1200,73602,2024-04-30 02:30:00,73617,2024-04-30 10:00:00,SELL,2333.29,2317.968571428571,2339.4185714285713,2317.968571428571,0.1,152.51428571428897,1532.1428571428896,2.4604747637705273,TP,2024Q2,2024,15
1201,73695,2024-05-02 03:00:00,73709,2024-05-02 10:00:00,BUY,2323.9,2311.6085714285714,2311.6085714285714,2354.6285714285714,0.1,-123.61428571428696,-1229.1428571428696,-1.0,SL,2024Q2,2024,14
1202,73735,2024-05-02 23:00:00,73766,2024-05-03 15:30:00,SELL,2302.72,2312.3617857142854,2312.3617857142854,2278.6155357142857,0.1,-97.11785714285561,-964.1785714285561,-1.0,SL,2024Q2,2024,31
1203,73777,2024-05-03 21:00:00,73897,2024-05-08 12:00:00,BUY,2302.28,2308.22,2287.829642857143,2338.405892857143,0.1,58.699999999995995,593.99999999996,0.40426002902326247,TIME_EXIT,2024Q2,2024,120
1204,73918,2024-05-08 22:30:00,73935,2024-05-09 08:00:00,SELL,2309.77,2316.2210714285716,2316.2210714285716,2293.6423214285714,0.1,-65.21071428571595,-645.1071428571595,-1.0,SL,2024Q2,2024,17
1205,73963,2024-05-09 22:00:00,73984,2024-05-10 09:30:00,BUY,2337.76,2363.195714285714,2327.5857142857144,2363.195714285714,0.1,253.65714285713858,2543.5714285713857,2.4760842281410578,TP,2024Q2,2024,21
1206,74005,2024-05-10 20:00:00,74019,2024-05-13 04:00:00,BUY,2368.5,2358.114642857143,2358.114642857143,2394.4633928571425,0.1,-104.55357142857174,-1038.5357142857174,-1.0,SL,2024Q2,2024,14
1207,74027,2024-05-13 08:00:00,74034,2024-05-13 11:30:00,SELL,2354.14,2343.0774999999994,2358.565,2343.0774999999994,0.1,109.92500000000454,1106.2500000000455,2.445494994438267,TP,2024Q2,2024,7
1208,74100,2024-05-14 21:30:00,74139,2024-05-15 18:00:00,BUY,2358.6,2380.96875,2349.6525,2380.96875,0.1,222.98750000000092,2236.875000000009,2.4728306071528334,TP,2024Q2,2024,39
1209,74152,2024-05-16 01:30:00,74176,2024-05-16 13:30:00,BUY,2389.12,2381.17,2381.17,2408.995,0.1,-80.19999999999818,-794.9999999999818,-1.0,SL,2024Q2,2024,24
1210,74192,2024-05-16 21:30:00,74214,2024-05-17 09:30:00,SELL,2378.77,2386.595714285714,2386.595714285714,2359.2057142857143,0.1,-78.95714285714185,-782.5714285714184,-1.0,SL,2024Q2,2024,22
1211,74239,2024-05-17 22:00:00,74258,2024-05-20 08:30:00,BUY,2417.59,2444.34625,2406.8875000000003,2444.34625,0.1,266.8624999999991,2675.624999999991,2.477256904154117,TP,2024Q2,2024,19
1212,74282,2024-05-20 20:30:00,74296,2024-05-21 04:30:00,BUY,2434.42,2422.4125,2422.4125,2464.43875,0.1,-120.77500000000164,-1200.7500000000164,-1.0,SL,2024Q2,2024,14
1213,74332,2024-05-21 22:30:00,74346,2024-05-22 06:30:00,BUY,2424.47,2415.7796428571423,2415.7796428571423,2446.195892857143,0.1,-87.60357142857465,-869.0357142857465,-1.0,SL,2024Q2,2024,14
1214,74387,2024-05-23 04:00:00,74396,2024-05-23 08:30:00,SELL,2380.24,2366.405178571428,2385.7739285714283,2366.405178571428,0.1,137.6482142857156,1383.4821428571558,2.4562806704480677,TP,2024Q2,2024,9
1215,74397,2024-05-23 09:00:00,74397,2024-05-23 09:00:00,SELL,2359.9,2367.1546428571432,2367.1546428571432,2341.7633928571427,0.1,-73.24642857143154,-725.4642857143153,-1.0,SL,2024Q2,2024,0
1216,74425,2024-05-23 23:00:00,74451,2024-05-24 13:00:00,SELL,2331.43,2343.487857142857,2343.487857142857,2301.285357142857,0.1,-121.27857142857302,-1205.7857142857301,-1.0,SL,2024Q2,2024,26
1217,74467,2024-05-24 21:00:00,74474,2024-05-27 01:30:00,SELL,2332.6,2339.655357142857,2339.655357142857,2314.9616071428572,0.1,-71.25357142857247,-705.5357142857247,-1.0,SL,2024Q2,2024,7
1218,74560,2024-05-29 01:00:00,74576,2024-05-29 09:00:00,BUY,2360.36,2353.9025,2353.9025,2376.5037500000003,0.1,-65.27499999999982,-645.7499999999982,-1.0,SL,2024Q2,2024,16
1219,74602,2024-05-29 22:00:00,74637,2024-05-30 16:30:00,SELL,2338.1,2345.843214285714,2345.843214285714,2318.741964285714,0.1,-78.13214285714203,-774.3214285714203,-1.0,SL,2024Q2,2024,35
1220,74653,2024-05-31 01:30:00,74662,2024-05-31 06:00:00,BUY,2343.97,2339.2149999999997,2339.2149999999997,2355.8574999999996,0.1,-48.250000000001094,-475.5000000000109,-1.0,SL,2024Q2,2024,9
1221,74694,2024-05-31 22:00:00,74727,2024-06-03 15:30:00,SELL,2322.74,2333.6096428571427,2333.6096428571427,2295.5658928571424,0.1,-109.39642857142935,-1086.9642857142935,-1.0,SL,2024Q2,2024,33
1222,74736,2024-06-03 20:00:00,74763,2024-06-04 10:30:00,BUY,2349.2,2341.2971428571427,2341.2971428571427,2368.9571428571426,0.1,-79.72857142857102,-790.2857142857101,-1.0,SL,2024Q2,2024,27
1223,74837,2024-06-06 01:30:00,74843,2024-06-06 04:30:00,BUY,2355.54,2367.960535714286,2350.571785714286,2367.960535714286,0.1,123.50535714285961,1242.0535714285961,2.451371659459976,TP,2024Q2,2024,6
1224,74882,2024-06-07 01:00:00,74902,2024-06-07 11:00:00,BUY,2375.65,2369.0114285714285,2369.0114285714285,2392.246428571429,0.1,-67.08571428571595,-663.8571428571595,-1.0,SL,2024Q2,2024,20
1225,74924,2024-06-07 22:00:00,75003,2024-06-11 15:30:00,SELL,2301.39,2315.6914285714283,2315.6914285714283,2265.6364285714285,0.1,-143.71428571428459,-1430.142857142846,-1.0,SL,2024Q2,2024,79
1226,75070,2024-06-13 03:00:00,75101,2024-06-13 18:30:00,SELL,2320.53,2302.071964285715,2327.9132142857143,2302.071964285715,0.1,183.88035714285417,1845.8035714285415,2.4671282763908486,TP,2024Q2,2024,31
1227,75115,2024-06-14 02:30:00,75118,2024-06-14 04:00:00,SELL,2302.06,2306.310357142857,2306.310357142857,2291.434107142857,0.1,-43.20357142856956,-425.0357142856956,-1.0,SL,2024Q2,2024,3
1228,75296,2024-06-20 03:30:00,75297,2024-06-20 04:00:00,SELL,2328.06,2331.2635714285716,2331.2635714285716,2320.0510714285715,0.1,-32.7357142857165,-320.35714285716494,-1.0,SL,2024Q2,2024,1
1229,75332,2024-06-20 21:30:00,75368,2024-06-21 16:30:00,BUY,2360.88,2351.389285714286,2351.389285714286,2384.6067857142857,0.1,-95.60714285714148,-949.0714285714148,-1.0,SL,2024Q2,2024,36
1230,75424,2024-06-24 21:30:00,75434,2024-06-25 03:30:00,BUY,2333.83,2328.4846428571427,2328.4846428571427,2347.1933928571425,0.1,-54.15357142857211,-534.535714285721,-1.0,SL,2024Q2,2024,10
1231,75474,2024-06-25 23:30:00,75505,2024-06-26 16:00:00,SELL,2318.0,2301.958035714286,2324.4167857142857,2301.958035714286,0.1,159.7196428571413,1604.196428571413,2.462230908990805,TP,2024Q2,2024,31
1232,75517,2024-06-26 22:00:00,75542,2024-06-27 11:30:00,SELL,2298.82,2306.5214285714287,2306.5214285714287,2279.566428571429,0.1,-77.71428571428551,-770.1428571428551,-1.0,SL,2024Q2,2024,25
1233,75610,2024-06-28 22:30:00,75638,2024-07-01 13:30:00,SELL,2324.08,2330.932857142857,2330.932857142857,2306.947857142857,0.1,-69.2285714285692,-685.2857142856919,-1.0,SL,2024Q2,2024,28
1234,75655,2024-07-01 22:00:00,75686,2024-07-02 14:30:00,BUY,2330.12,2322.3650000000002,2322.3650000000002,2349.5074999999997,0.1,-78.24999999999655,-775.4999999999654,-1.0,SL,2024Q3,2024,31
1235,75701,2024-07-02 22:00:00,75725,2024-07-03 11:00:00,BUY,2328.52,2347.149464285714,2321.068214285714,2347.149464285714,0.1,185.59464285714222,1862.946428571422,2.4674279473908225,TP,2024Q3,2024,24
1236,75752,2024-07-04 01:30:00,75768,2024-07-04 09:30:00,BUY,2356.64,2351.6117857142854,2351.6117857142854,2369.210535714286,0.1,-50.98214285714512,-502.8214285714512,-1.0,SL,2024Q3,2024,16
1237,75793,2024-07-05 01:30:00,75797,2024-07-05 03:30:00,SELL,2354.65,2358.19,2358.19,2345.8,0.1,-36.09999999999964,-353.99999999999636,-1.0,SL,2024Q3,2024,4
1238,75831,2024-07-05 20:30:00,75855,2024-07-08 09:30:00,BUY,2389.75,2379.6882142857144,2379.6882142857144,2414.9044642857143,0.1,-101.31785714285634,-1006.1785714285634,-1.0,SL,2024Q3,2024,24
1239,75933,2024-07-10 02:30:00,75957,2024-07-10 14:30:00,BUY,2365.31,2375.6653571428574,2361.167857142857,2375.6653571428574,0.1,102.85357142857428,1035.5357142857429,2.4418348312701386,TP,2024Q3,2024,24
1240,75978,2024-07-11 02:00:00,75996,2024-07-11 11:00:00,BUY,2372.87,2383.206607142857,2368.735357142857,2383.206607142857,0.1,102.66607142857247,1033.6607142857247,2.441731079588943,TP,2024Q3,2024,18
1241,76019,2024-07-11 22:30:00,76039,2024-07-12 09:30:00,BUY,2417.21,2403.973571428571,2403.973571428571,2450.301071428572,0.1,-133.0642857142886,-1323.642857142886,-1.0,SL,2024Q3,2024,20
1242,76062,2024-07-12 21:00:00,76068,2024-07-15 01:00:00,BUY,2417.97,2410.9039285714284,2410.9039285714284,2435.6351785714287,0.1,-71.36071428571377,-706.6071428571377,-1.0,SL,2024Q3,2024,6
1243,76083,2024-07-15 08:30:00,76083,2024-07-15 08:30:00,BUY,2413.81,2409.769642857143,2409.769642857143,2423.9108928571422,0.1,-41.1035714285692,-404.03571428569194,-1.0,SL,2024Q3,2024,0
1244,76118,2024-07-16 03:00:00,76132,2024-07-16 10:00:00,BUY,2422.62,2434.7887499999997,2417.7525,2434.7887499999997,0.1,120.98749999999818,1216.8749999999818,2.450379746835487,TP,2024Q3,2024,14
1245,76158,2024-07-16 23:00:00,76194,2024-07-17 18:00:00,BUY,2468.68,2459.6842857142856,2459.6842857142856,2491.1692857142857,0.1,-90.65714285714257,-899.5714285714257,-1.0,SL,2024Q3,2024,36
1246,76256,2024-07-19 03:00:00,76258,2024-07-19 04:00:00,SELL,2441.14,2426.0917857142854,2447.1592857142855,2426.0917857142854,0.1,149.78214285714495,1504.8214285714494,2.459765395894502,TP,2024Q3,2024,2
1247,76371,2024-07-23 14:30:00,76375,2024-07-23 16:30:00,BUY,2410.0,2402.7807142857146,2402.7807142857146,2428.048214285714,0.1,-72.89285714285434,-721.9285714285434,-1.0,SL,2024Q3,2024,4
1248,76387,2024-07-23 22:30:00,76421,2024-07-24 16:30:00,BUY,2407.92,2422.9816071428577,2401.895357142857,2422.9816071428577,0.1,149.91607142857612,1506.160714285761,2.4598007617931086,TP,2024Q3,2024,34
1249,76434,2024-07-24 23:00:00,76443,2024-07-25 04:30:00,SELL,2398.44,2373.9471428571433,2408.2371428571428,2373.9471428571433,0.1,244.22857142856793,2449.285714285679,2.475170117272332,TP,2024Q3,2024,9
1250,76529,2024-07-29 01:30:00,76535,2024-07-29 04:30:00,BUY,2397.23,2389.7182142857146,2389.7182142857146,2416.009464285714,0.1,-75.81785714285452,-751.1785714285452,-1.0,SL,2024Q3,2024,6
1251,76619,2024-07-30 23:30:00,76661,2024-07-31 21:30:00,BUY,2411.87,2434.3887499999996,2402.8625,2434.3887499999996,0.1,224.48749999999728,2251.8749999999727,2.473010190030344,TP,2024Q3,2024,42
1252,76712,2024-08-02 01:00:00,76718,2024-08-02 04:00:00,BUY,2446.43,2436.743214285714,2436.743214285714,2470.646964285714,0.1,-97.56785714285634,-968.6785714285634,-1.0,SL,2024Q3,2024,6
1253,76808,2024-08-06 03:00:00,76808,2024-08-06 03:00:00,SELL,2404.72,2411.916785714285,2411.916785714285,2386.728035714286,0.1,-72.66785714285398,-719.6785714285397,-1.0,SL,2024Q3,2024,0
1254,76848,2024-08-06 23:00:00,76866,2024-08-07 09:00:00,SELL,2387.67,2397.110357142857,2397.110357142857,2364.0691071428573,0.1,-95.1035714285701,-944.035714285701,-1.0,SL,2024Q3,2024,18
1255,76942,2024-08-09 01:00:00,76957,2024-08-09 08:30:00,BUY,2426.8,2418.1257142857144,2418.1257142857144,2448.4857142857145,0.1,-87.44285714285816,-867.4285714285816,-1.0,SL,2024Q3,2024,15
1256,76989,2024-08-12 01:30:00,76995,2024-08-12 04:30:00,BUY,2432.53,2426.3382142857145,2426.3382142857145,2448.0094642857143,0.1,-62.61785714285743,-619.1785714285743,-1.0,SL,2024Q3,2024,6
1257,77028,2024-08-12 21:00:00,77048,2024-08-13 08:00:00,BUY,2467.29,2459.030357142857,2459.030357142857,2487.9391071428568,0.1,-83.29642857142808,-825.9642857142808,-1.0,SL,2024Q3,2024,20
1258,77168,2024-08-15 22:00:00,77201,2024-08-16 15:30:00,BUY,2458.39,2488.3926785714284,2446.3889285714286,2488.3926785714284,0.1,299.32678571428534,3000.2678571428532,2.479703541524916,TP,2024Q3,2024,33
1259,77211,2024-08-16 20:30:00,77244,2024-08-19 14:00:00,BUY,2499.51,2486.874642857143,2486.874642857143,2531.0983928571436,0.1,-127.05357142857174,-1263.5357142857174,-1.0,SL,2024Q3,2024,33
1260,77262,2024-08-19 23:00:00,77272,2024-08-20 05:00:00,BUY,2505.62,2499.0489285714284,2499.0489285714284,2522.0476785714286,0.1,-66.41071428571486,-657.1071428571486,-1.0,SL,2024Q3,2024,10
1261,77309,2024-08-20 23:30:00,77332,2024-08-21 12:00:00,BUY,2516.51,2506.2875,2506.2875,2542.0662500000008,0.1,-102.9250000000031,-1022.2500000000309,-1.0,SL,2024Q3,2024,23
1262,77358,2024-08-22 02:00:00,77363,2024-08-22 04:30:00,BUY,2514.02,2507.695357142857,2507.695357142857,2529.831607142857,0.1,-63.946428571428626,-632.4642857142862,-1.0,SL,2024Q3,2024,5
1263,77399,2024-08-22 22:30:00,77407,2024-08-23 03:30:00,SELL,2478.52,2489.130357142857,2489.130357142857,2451.994107142857,0.1,-106.80357142857083,-1061.0357142857083,-1.0,SL,2024Q3,2024,8
1264,77498,2024-08-27 03:00:00,77513,2024-08-27 10:30:00,SELL,2515.37,2505.553035714285,2519.2967857142858,2505.553035714285,0.1,97.46964285714675,981.6964285714675,2.4387007416674136,TP,2024Q3,2024,15
1265,77533,2024-08-27 20:30:00,77553,2024-08-28 07:30:00,BUY,2517.81,2510.2017857142855,2510.2017857142855,2536.830535714286,0.1,-76.7821428571444,-760.8214285714439,-1.0,SL,2024Q3,2024,20
1266,77586,2024-08-29 01:00:00,77590,2024-08-29 03:00:00,SELL,2504.17,2510.2739285714288,2510.2739285714288,2488.910178571429,0.1,-61.739285714286964,-610.3928571428696,-1.0,SL,2024Q3,2024,4
1267,77591,2024-08-29 03:30:00,77615,2024-08-29 15:30:00,BUY,2514.58,2509.5967857142855,2509.5967857142855,2527.038035714286,0.1,-50.53214285714439,-498.3214285714439,-1.0,SL,2024Q3,2024,24
1268,77638,2024-08-30 04:00:00,77648,2024-08-30 09:00:00,SELL,2517.62,2521.1257142857144,2521.1257142857144,2508.8557142857144,0.1,-35.75714285714476,-350.57142857144754,-1.0,SL,2024Q3,2024,10
1269,77684,2024-09-02 04:00:00,77699,2024-09-02 11:30:00,SELL,2501.44,2506.0225,2506.0225,2489.9837500000003,0.1,-46.52499999999982,-458.2499999999982,-1.0,SL,2024Q3,2024,15
1270,77762,2024-09-03 22:30:00,77782,2024-09-04 09:30:00,BUY,2494.08,2484.7971428571427,2484.7971428571427,2517.2871428571425,0.1,-93.5285714285721,-928.285714285721,-1.0,SL,2024Q3,2024,20
1271,77811,2024-09-05 01:00:00,77831,2024-09-05 11:00:00,BUY,2494.63,2509.1960714285715,2488.8035714285716,2509.1960714285715,0.1,144.96071428571378,1456.6071428571377,2.458449424591157,TP,2024Q3,2024,20
1272,77857,2024-09-06 01:00:00,77886,2024-09-06 15:30:00,BUY,2516.62,2510.377857142857,2510.377857142857,2532.2253571428573,0.1,-63.12142857142881,-624.214285714288,-1.0,SL,2024Q3,2024,29
1273,77918,2024-09-09 08:30:00,77918,2024-09-09 08:30:00,SELL,2496.85,2489.0125000000003,2499.9849999999997,2489.0125000000003,0.1,77.67499999999636,783.7499999999636,2.4235569422777563,TP,2024Q3,2024,0
1274,77991,2024-09-10 22:00:00,78024,2024-09-11 15:30:00,BUY,2516.5,2509.5164285714286,2509.5164285714286,2533.9589285714287,0.1,-70.53571428571395,-698.3571428571395,-1.0,SL,2024Q3,2024,33
1275,78046,2024-09-12 03:30:00,78048,2024-09-12 04:30:00,SELL,2511.11,2514.959642857143,2514.959642857143,2501.485892857143,0.1,-39.196428571429536,-384.96428571429533,-1.0,SL,2024Q3,2024,2
1276,78083,2024-09-12 22:00:00,78143,2024-09-16 06:00:00,BUY,2556.06,2587.0832142857143,2543.650714285714,2587.0832142857143,0.1,309.53214285714404,3102.3214285714403,2.480367466086622,TP,2024Q3,2024,60
1277,78148,2024-09-16 08:30:00,78151,2024-09-16 10:00:00,BUY,2587.64,2583.9939285714286,2583.9939285714286,2596.755178571428,0.1,-37.16071428571304,-364.6071428571304,-1.0,SL,2024Q3,2024,3
1278,78278,2024-09-19 04:30:00,78286,2024-09-19 08:30:00,SELL,2555.68,2571.634642857143,2571.634642857143,2515.793392857143,0.1,-160.2464285714297,-1595.4642857142971,-1.0,SL,2024Q3,2024,8
1279,78323,2024-09-20 04:00:00,78323,2024-09-20 04:00:00,BUY,2588.27,2584.957142857143,2584.957142857143,2596.552142857143,0.1,-33.82857142856956,-331.2857142856956,-1.0,SL,2024Q3,2024,0
1280,78360,2024-09-20 22:30:00,78382,2024-09-23 10:30:00,BUY,2623.32,2614.7507142857144,2614.7507142857144,2644.743214285714,0.1,-86.39285714285798,-856.9285714285797,-1.0,SL,2024Q3,2024,22
1281,78409,2024-09-24 01:00:00,78423,2024-09-24 08:00:00,BUY,2627.73,2639.360357142857,2623.0778571428573,2639.360357142857,0.1,115.60357142857065,1163.0357142857065,2.4481167750718966,TP,2024Q3,2024,14
1282,78434,2024-09-24 13:30:00,78436,2024-09-24 14:30:00,BUY,2634.11,2626.85,2626.85,2652.26,0.1,-73.30000000000219,-726.0000000000218,-1.0,SL,2024Q3,2024,2
1283,78452,2024-09-24 22:30:00,78473,2024-09-25 10:00:00,BUY,2660.46,2651.6614285714286,2651.6614285714286,2682.4564285714287,0.1,-88.6857142857145,-879.8571428571449,-1.0,SL,2024Q3,2024,21
1284,78542,2024-09-26 21:30:00,78565,2024-09-27 10:00:00,BUY,2674.47,2661.9321428571425,2661.9321428571425,2705.814642857143,0.1,-126.0785714285732,-1253.785714285732,-1.0,SL,2024Q3,2024,23
1285,78728,2024-10-02 22:30:00,78749,2024-10-03 10:00:00,BUY,2658.02,2649.4753571428573,2649.4753571428573,2679.381607142857,0.1,-86.14642857142663,-854.4642857142662,-1.0,SL,2024Q4,2024,21
1286,78782,2024-10-04 03:30:00,78806,2024-10-04 15:30:00,BUY,2656.99,2652.6099999999997,2652.6099999999997,2667.9399999999996,0.1,-44.500000000001094,-438.0000000000109,-1.0,SL,2024Q4,2024,24
1287,78838,2024-10-07 08:30:00,78842,2024-10-07 10:30:00,SELL,2643.18,2647.7025,2647.7025,2631.8737499999997,0.1,-45.92500000000037,-452.25000000000364,-1.0,SL,2024Q4,2024,4
1288,78865,2024-10-07 22:00:00,78895,2024-10-08 14:00:00,SELL,2640.72,2650.6017857142856,2650.6017857142856,2616.0155357142858,0.1,-99.51785714285798,-988.1785714285797,-1.0,SL,2024Q4,2024,30
1289,78922,2024-10-09 04:30:00,78933,2024-10-09 10:00:00,SELL,2620.45,2609.5883928571425,2624.7946428571427,2609.5883928571425,0.1,107.91607142857337,1086.1607142857338,2.4445028719359785,TP,2024Q4,2024,11
1290,79003,2024-10-10 22:00:00,79040,2024-10-11 17:30:00,BUY,2626.54,2654.951607142857,2615.175357142857,2654.951607142857,0.1,283.41607142857066,2841.1607142857065,2.4785738826248553,TP,2024Q4,2024,37
1291,79067,2024-10-14 08:00:00,79080,2024-10-14 14:30:00,BUY,2659.25,2653.276785714286,2653.276785714286,2674.183035714286,0.1,-60.43214285714221,-597.3214285714221,-1.0,SL,2024Q4,2024,13
1292,79142,2024-10-15 22:30:00,79216,2024-10-17 13:30:00,BUY,2666.2,2687.655357142857,2657.617857142857,2687.655357142857,0.1,213.8535714285734,2145.535714285734,2.4716833154461892,TP,2024Q4,2024,74
1293,79237,2024-10-18 01:00:00,79245,2024-10-18 05:00:00,BUY,2692.66,2709.4760714285712,2685.933571428571,2709.4760714285712,0.1,167.46071428571378,1681.6071428571377,2.463951655281102,TP,2024Q4,2024,8
1294,79279,2024-10-18 22:00:00,79314,2024-10-21 16:30:00,BUY,2720.34,2740.4132142857143,2712.3107142857143,2740.4132142857143,0.1,200.0321428571413,2007.321428571413,2.4697504189081374,TP,2024Q4,2024,35
1295,79462,2024-10-24 21:30:00,79475,2024-10-25 05:00:00,BUY,2737.6,2728.0664285714283,2728.0664285714283,2761.4339285714286,0.1,-96.03571428571577,-953.3571428571577,-1.0,SL,2024Q4,2024,13
1296,79525,2024-10-28 06:00:00,79528,2024-10-28 07:30:00,SELL,2729.57,2737.1760714285715,2737.1760714285715,2710.5548214285714,0.1,-76.7607142857134,-760.607142857134,-1.0,SL,2024Q4,2024,3
1297,79563,2024-10-29 02:00:00,79567,2024-10-29 04:00:00,BUY,2744.56,2753.602857142857,2740.942857142857,2753.602857142857,0.1,89.72857142856974,904.2857142856974,2.4335528864780476,TP,2024Q4,2024,4
1298,79610,2024-10-30 02:30:00,79622,2024-10-30 08:30:00,BUY,2777.5,2788.0696428571428,2773.272142857143,2788.0696428571428,0.1,104.99642857142753,1056.9642857142753,2.442994847930965,TP,2024Q4,2024,12
1299,79697,2024-11-01 00:00:00,79710,2024-11-01 06:30:00,SELL,2744.05,2752.8753571428574,2752.8753571428574,2721.986607142857,0.1,-88.95357142857229,-882.5357142857229,-1.0,SL,2024Q4,2024,13
1300,79788,2024-11-04 23:30:00,79808,2024-11-05 10:30:00,SELL,2736.13,2741.881428571429,2741.881428571429,2721.7514285714283,0.1,-58.21428571428733,-575.1428571428733,-1.0,SL,2024Q4,2024,20
1301,79833,2024-11-05 23:00:00,79837,2024-11-06 02:00:00,BUY,2743.13,2735.3632142857145,2735.3632142857145,2762.5469642857142,0.1,-78.36785714285561,-776.6785714285561,-1.0,SL,2024Q4,2024,4
1302,79878,2024-11-06 22:30:00,79909,2024-11-07 15:00:00,SELL,2662.5,2674.781785714286,2674.781785714286,2631.7955357142855,0.1,-123.51785714285889,-1228.1785714285888,-1.0,SL,2024Q4,2024,31
1303,79930,2024-11-08 02:30:00,79931,2024-11-08 03:00:00,BUY,2709.15,2700.7275,2700.7275,2730.20625,0.1,-84.92500000000128,-842.2500000000127,-1.0,SL,2024Q4,2024,1
1304,80010,2024-11-11 19:30:00,80015,2024-11-11 22:00:00,SELL,2611.73,2622.8910714285716,2622.8910714285716,2583.8273214285714,0.1,-112.31071428571632,-1116.1071428571631,-1.0,SL,2024Q4,2024,5
1305,80108,2024-11-13 22:30:00,80132,2024-11-14 11:30:00,SELL,2575.68,2545.615714285714,2587.7057142857143,2545.615714285714,0.1,299.9428571428569,3006.428571428569,2.4797448919333513,TP,2024Q4,2024,24
1306,80162,2024-11-15 03:30:00,80170,2024-11-15 07:30:00,BUY,2569.29,2562.3964285714283,2562.3964285714283,2586.5239285714288,0.1,-69.63571428571704,-689.3571428571704,-1.0,SL,2024Q4,2024,8
1307,80200,2024-11-15 22:30:00,80203,2024-11-18 01:00:00,SELL,2560.55,2569.615357142857,2569.615357142857,2537.8866071428574,0.1,-91.3535714285701,-906.535714285701,-1.0,SL,2024Q4,2024,3
1308,80204,2024-11-18 01:30:00,80207,2024-11-18 03:00:00,BUY,2574.09,2592.0257142857145,2566.9157142857143,2592.0257142857145,0.1,178.65714285714313,1793.5714285714312,2.4661802405836806,TP,2024Q4,2024,3
1309,80250,2024-11-19 01:30:00,80256,2024-11-19 04:30:00,BUY,2612.56,2623.9867857142854,2607.989285714286,2623.9867857142854,0.1,113.56785714285415,1142.6785714285415,2.4472064029552563,TP,2024Q4,2024,6
1310,80292,2024-11-19 22:30:00,80312,2024-11-20 09:30:00,BUY,2632.02,2623.575,2623.575,2653.1324999999997,0.1,-85.15000000000164,-844.5000000000164,-1.0,SL,2024Q4,2024,20
1311,80343,2024-11-21 02:00:00,80359,2024-11-21 10:00:00,BUY,2652.24,2664.936428571428,2647.161428571428,2664.936428571428,0.1,126.26428571428441,1269.6428571428442,2.4524139844615784,TP,2024Q4,2024,16
1312,80390,2024-11-22 02:30:00,80395,2024-11-22 05:00:00,BUY,2673.15,2687.6625,2667.3450000000003,2687.6625,0.1,144.4249999999982,1451.2499999999818,2.458297872340463,TP,2024Q4,2024,5
1313,80426,2024-11-22 20:30:00,80433,2024-11-25 01:00:00,BUY,2709.99,2700.1875,2700.1875,2734.4962499999997,0.1,-98.72499999999782,-980.2499999999782,-1.0,SL,2024Q4,2024,7
1314,80492,2024-11-26 07:30:00,80502,2024-11-26 12:30:00,SELL,2622.22,2632.3171428571427,2632.3171428571427,2596.9771428571426,0.1,-101.67142857142899,-1009.7142857142899,-1.0,SL,2024Q4,2024,10
1315,80517,2024-11-26 20:00:00,80531,2024-11-27 04:00:00,SELL,2624.84,2634.3050000000003,2634.3050000000003,2601.1775000000002,0.1,-95.35000000000146,-946.5000000000146,-1.0,SL,2024Q4,2024,14
1316,80539,2024-11-27 08:00:00,80554,2024-11-27 15:30:00,BUY,2642.14,2656.6417857142856,2636.339285714286,2656.6417857142856,0.1,144.3178571428569,1450.1785714285688,2.4582674291277073,TP,2024Q4,2024,15
1317,80566,2024-11-27 21:30:00,80590,2024-11-28 10:30:00,SELL,2636.13,2645.775,2645.775,2612.0175,0.1,-97.14999999999982,-964.4999999999982,-1.0,SL,2024Q4,2024,24
1318,80612,2024-11-29 01:00:00,80616,2024-11-29 03:00:00,SELL,2637.52,2642.490357142857,2642.490357142857,2625.094107142857,0.1,-50.40357142857211,-497.03571428572104,-1.0,SL,2024Q4,2024,4
1319,80667,2024-12-02 07:30:00,80674,2024-12-02 11:00:00,SELL,2624.32,2635.343928571429,2635.343928571429,2596.7601785714287,0.1,-110.93928571428769,-1102.392857142877,-1.0,SL,2024Q4,2024,7
1320,80693,2024-12-02 20:30:00,80703,2024-12-03 02:30:00,SELL,2635.45,2644.468214285714,2644.468214285714,2612.904464285714,0.1,-90.88214285714294,-901.8214285714294,-1.0,SL,2024Q4,2024,10
1321,80719,2024-12-03 10:30:00,80720,2024-12-03 11:00:00,SELL,2640.34,2646.532857142857,2646.532857142857,2624.857857142857,0.1,-62.62857142857065,-619.2857142857065,-1.0,SL,2024Q4,2024,1
1322,80747,2024-12-04 01:30:00,80752,2024-12-04 04:00:00,SELL,2641.22,2647.176071428571,2647.176071428571,2626.329821428571,0.1,-60.260714285712496,-595.6071428571249,-1.0,SL,2024Q4,2024,5
1323,80818,2024-12-05 14:00:00,80821,2024-12-05 15:30:00,BUY,2651.49,2644.9210714285714,2644.9210714285714,2667.912321428571,0.1,-66.38928571428387,-656.8928571428387,-1.0,SL,2024Q4,2024,3
1324,80842,2024-12-06 03:00:00,80842,2024-12-06 03:00:00,SELL,2628.38,2614.3496428571434,2633.992142857143,2614.3496428571434,0.1,139.60357142856702,1403.03571428567,2.4568824638591673,TP,2024Q4,2024,0
1325,80858,2024-12-06 11:00:00,80861,2024-12-06 12:30:00,BUY,2644.33,2636.3907142857142,2636.3907142857142,2664.178214285714,0.1,-80.09285714285689,-793.9285714285688,-1.0,SL,2024Q4,2024,3
1326,80882,2024-12-06 23:00:00,80884,2024-12-09 01:00:00,SELL,2631.75,2640.0032142857144,2640.0032142857144,2611.1169642857144,0.1,-83.23214285714421,-825.3214285714421,-1.0,SL,2024Q4,2024,2
1327,80885,2024-12-09 01:30:00,80886,2024-12-09 02:00:00,BUY,2637.75,2630.8489285714286,2630.8489285714286,2655.002678571429,0.1,-69.71071428571413,-690.1071428571413,-1.0,SL,2024Q4,2024,1
1328,80899,2024-12-09 08:30:00,80913,2024-12-09 15:30:00,BUY,2642.44,2665.0176785714284,2633.4089285714285,2665.0176785714284,0.1,225.07678571428352,2257.767857142835,2.4730800926107106,TP,2024Q4,2024,14
1329,80976,2024-12-11 01:00:00,80987,2024-12-11 06:30:00,BUY,2693.72,2688.6049999999996,2688.6049999999996,2706.5075,0.1,-51.85000000000237,-511.50000000002365,-1.0,SL,2024Q4,2024,11
1330,81024,2024-12-12 02:00:00,81026,2024-12-12 03:00:00,BUY,2720.1,2714.4128571428573,2714.4128571428573,2734.317857142857,0.1,-57.5714285714259,-568.714285714259,-1.0,SL,2024Q4,2024,2
1331,81065,2024-12-12 22:30:00,81072,2024-12-13 03:00:00,SELL,2681.69,2691.4260714285715,2691.4260714285715,2657.349821428571,0.1,-98.0607142857145,-973.6071428571449,-1.0,SL,2024Q4,2024,7
1332,81111,2024-12-13 22:30:00,81133,2024-12-16 10:30:00,SELL,2651.94,2658.8957142857143,2658.8957142857143,2634.550714285714,0.1,-70.25714285714294,-695.5714285714294,-1.0,SL,2024Q4,2024,22
1333,81204,2024-12-17 23:00:00,81209,2024-12-18 02:30:00,SELL,2643.5,2650.118214285714,2650.118214285714,2626.9544642857145,0.1,-66.88214285714203,-661.8214285714203,-1.0,SL,2024Q4,2024,5
1334,81279,2024-12-19 14:30:00,81283,2024-12-19 16:30:00,SELL,2613.27,2593.2530357142855,2621.276785714286,2593.2530357142855,0.1,199.46964285714495,2001.6964285714494,2.4696661507848776,TP,2024Q4,2024,4
1335,81357,2024-12-23 07:30:00,81367,2024-12-23 12:30:00,BUY,2627.45,2621.8742857142856,2621.8742857142856,2641.3892857142855,0.1,-56.45714285714185,-557.5714285714184,-1.0,SL,2024Q4,2024,10
1336,81553,2024-12-31 01:00:00,81570,2024-12-31 09:30:00,SELL,2606.24,2612.3257142857137,2612.3257142857137,2591.0257142857145,0.1,-61.55714285713948,-608.5714285713948,-1.0,SL,2024Q4,2024,17
1337,81593,2025-01-02 08:30:00,81611,2025-01-02 17:30:00,BUY,2634.4,2653.567857142857,2626.7328571428575,2653.567857142857,0.1,190.97857142856975,1916.7857142856974,2.46833456425412,TP,2025Q1,2025,18
1338,81621,2025-01-02 22:30:00,81640,2025-01-03 09:00:00,BUY,2659.96,2651.8525,2651.8525,2680.22875,0.1,-81.77500000000073,-810.7500000000073,-1.0,SL,2025Q1,2025,19
1339,81666,2025-01-03 22:00:00,81674,2025-01-06 03:00:00,SELL,2639.31,2646.395357142857,2646.395357142857,2621.5966071428575,0.1,-71.55357142856992,-708.5357142856992,-1.0,SL,2025Q1,2025,8
1340,81760,2025-01-07 23:00:00,81832,2025-01-09 13:00:00,BUY,2650.53,2671.6532142857145,2642.0807142857147,2671.6532142857145,0.1,210.53214285714313,2112.321428571431,2.4712417204662485,TP,2025Q1,2025,72
1341,81859,2025-01-10 03:30:00,81874,2025-01-10 11:00:00,BUY,2671.47,2681.01375,2667.6524999999997,2681.01375,0.1,94.73750000000273,954.3750000000273,2.436977491961416,TP,2025Q1,2025,15
1342,81897,2025-01-10 22:30:00,81922,2025-01-13 12:00:00,BUY,2689.88,2677.8135714285713,2677.8135714285713,2720.046071428572,0.1,-121.36428571428787,-1206.6428571428787,-1.0,SL,2025Q1,2025,25
1343,81987,2025-01-14 21:30:00,82021,2025-01-15 15:30:00,BUY,2673.24,2691.545357142857,2665.917857142857,2691.545357142857,0.1,182.35357142857248,1830.5357142857247,2.4668567011305744,TP,2025Q1,2025,34
1344,82035,2025-01-15 22:30:00,82067,2025-01-16 15:30:00,BUY,2695.59,2717.6292857142857,2686.7742857142857,2717.6292857142857,0.1,219.69285714285598,2203.9285714285597,2.472427652733068,TP,2025Q1,2025,32
1345,82217,2025-01-22 01:00:00,82230,2025-01-22 07:30:00,BUY,2744.09,2758.4739285714286,2738.3364285714288,2758.4739285714286,0.1,143.13928571428443,1438.3928571428442,2.4579295964675576,TP,2025Q1,2025,13
1346,82312,2025-01-24 02:30:00,82315,2025-01-24 04:00:00,BUY,2756.66,2767.7225,2752.2349999999997,2767.7225,0.1,109.925,1106.25,2.4454949944381656,TP,2025Q1,2025,3
1347,82351,2025-01-24 22:00:00,82355,2025-01-27 01:00:00,BUY,2774.76,2766.3,2766.3,2795.9100000000003,0.1,-85.30000000000037,-846.0000000000036,-1.0,SL,2025Q1,2025,4
1348,82356,2025-01-27 01:30:00,82368,2025-01-27 07:30:00,SELL,2768.62,2754.0458928571425,2774.449642857143,2754.0458928571425,0.1,145.0410714285743,1457.4107142857429,2.458472062473516,TP,2025Q1,2025,12
1349,82493,2025-01-30 01:00:00,82515,2025-01-30 12:00:00,BUY,2758.64,2778.991785714286,2750.4992857142856,2778.991785714286,0.1,202.81785714286053,2035.1785714286052,2.470160939538985,TP,2025Q1,2025,22
1350,82658,2025-02-04 14:30:00,82662,2025-02-04 16:30:00,BUY,2819.49,2837.9667857142854,2812.0992857142855,2837.9667857142854,0.1,184.06785714285598,1847.6785714285597,2.467161321206319,TP,2025Q1,2025,4
1351,82669,2025-02-04 20:00:00,82696,2025-02-05 10:30:00,BUY,2844.21,2867.727857142857,2834.802857142857,2867.727857142857,0.1,234.47857142856884,2351.7857142856883,2.4741483268013025,TP,2025Q1,2025,27
1352,82770,2025-02-07 01:30:00,82799,2025-02-07 16:00:00,BUY,2857.79,2871.8819642857143,2852.153214285714,2871.8819642857143,0.1,140.21964285714313,1409.1964285714312,2.457068652606468,TP,2025Q1,2025,29
1353,82816,2025-02-10 01:30:00,82832,2025-02-10 09:30:00,BUY,2869.5,2894.161607142857,2859.635357142857,2894.161607142857,0.1,245.91607142857066,2466.1607142857065,2.4753388215839234,TP,2025Q1,2025,16
1354,82859,2025-02-10 23:00:00,82865,2025-02-11 03:00:00,BUY,2907.46,2928.235,2899.15,2928.235,0.1,207.05000000000092,2077.500000000009,2.470763723150385,TP,2025Q1,2025,6
1355,82875,2025-02-11 08:00:00,82878,2025-02-11 09:30:00,BUY,2923.02,2909.0035714285714,2909.0035714285714,2958.0610714285717,0.1,-140.86428571428604,-1401.6428571428605,-1.0,SL,2025Q1,2025,3
1356,82902,2025-02-11 21:30:00,82935,2025-02-12 15:00:00,SELL,2901.5,2874.258928571429,2912.3964285714283,2874.258928571429,0.1,271.71071428571105,2724.1071428571104,2.477659089428817,TP,2025Q1,2025,33
1357,82943,2025-02-12 19:00:00,83014,2025-02-14 08:30:00,BUY,2902.57,2934.6351785714287,2889.7439285714286,2934.6351785714287,0.1,319.95178571428534,3206.5178571428532,2.4810019662687623,TP,2025Q1,2025,71
1358,83041,2025-02-14 22:00:00,83050,2025-02-17 03:30:00,SELL,2880.46,2894.737857142857,2894.737857142857,2844.7653571428573,0.1,-143.478571428571,-1427.7857142857101,-1.0,SL,2025Q1,2025,9
1359,83091,2025-02-18 03:30:00,83092,2025-02-18 04:00:00,SELL,2895.05,2898.9189285714288,2898.9189285714288,2885.3776785714285,0.1,-39.38928571428569,-386.8928571428569,-1.0,SL,2025Q1,2025,1
1360,83176,2025-02-19 23:00:00,83208,2025-02-20 16:00:00,BUY,2936.02,2926.1017857142856,2926.1017857142856,2960.815535714286,0.1,-99.88214285714385,-991.8214285714384,-1.0,SL,2025Q1,2025,32
1361,83226,2025-02-21 02:00:00,83229,2025-02-21 03:30:00,BUY,2941.78,2935.784285714286,2935.784285714286,2956.7692857142856,0.1,-60.657142857142574,-599.5714285714257,-1.0,SL,2025Q1,2025,3
1362,83243,2025-02-21 10:30:00,83246,2025-02-21 12:00:00,SELL,2919.24,2930.5885714285714,2930.5885714285714,2890.868571428571,0.1,-114.18571428571632,-1134.8571428571631,-1.0,SL,2025Q1,2025,3
1363,83249,2025-02-21 13:30:00,83249,2025-02-21 13:30:00,BUY,2935.96,2928.1235714285713,2928.1235714285713,2955.5510714285715,0.1,-79.06428571428769,-783.6428571428769,-1.0,SL,2025Q1,2025,0
1364,83264,2025-02-21 21:00:00,83266,2025-02-21 22:00:00,BUY,2942.03,2932.7739285714288,2932.7739285714288,2965.170178571429,0.1,-93.26071428571431,-925.6071428571431,-1.0,SL,2025Q1,2025,2
1365,83288,2025-02-24 10:00:00,83293,2025-02-24 12:30:00,BUY,2944.03,2935.6717857142858,2935.6717857142858,2964.925535714286,0.1,-84.2821428571444,-835.8214285714439,-1.0,SL,2025Q1,2025,5
1366,83309,2025-02-24 20:30:00,83325,2025-02-25 05:30:00,BUY,2947.32,2937.8914285714286,2937.8914285714286,2970.891428571429,0.1,-94.98571428571559,-942.8571428571558,-1.0,SL,2025Q1,2025,16
1367,83450,2025-02-27 22:00:00,83483,2025-02-28 15:30:00,SELL,2879.14,2849.999821428571,2890.7960714285714,2849.999821428571,0.1,290.70178571428806,2914.0178571428805,2.479106386866872,TP,2025Q1,2025,33
1368,83509,2025-03-03 05:30:00,83520,2025-03-03 11:00:00,SELL,2861.8,2871.4653571428576,2871.4653571428576,2837.636607142857,0.1,-97.35357142857374,-966.5357142857374,-1.0,SL,2025Q1,2025,11
1369,83588,2025-03-04 22:00:00,83596,2025-03-05 03:00:00,BUY,2916.05,2905.8114285714287,2905.8114285714287,2941.6464285714287,0.1,-103.08571428571504,-1023.8571428571504,-1.0,SL,2025Q1,2025,8
1370,83606,2025-03-05 08:00:00,83615,2025-03-05 12:30:00,BUY,2918.81,2910.7025,2910.7025,2939.0787499999997,0.1,-81.77500000000073,-810.7500000000073,-1.0,SL,2025Q1,2025,9
1371,83635,2025-03-05 22:30:00,83656,2025-03-06 10:00:00,BUY,2922.22,2909.3735714285713,2909.3735714285713,2954.3360714285714,0.1,-129.1642857142853,-1284.6428571428532,-1.0,SL,2025Q1,2025,21
1372,83697,2025-03-07 07:30:00,83714,2025-03-07 16:00:00,BUY,2911.55,2903.939642857143,2903.939642857143,2930.575892857143,0.1,-76.80357142857083,-761.0357142857083,-1.0,SL,2025Q1,2025,17
1373,83745,2025-03-10 07:30:00,83746,2025-03-10 08:00:00,SELL,2907.5,2913.1335714285715,2913.1335714285715,2893.4160714285717,0.1,-57.03571428571486,-563.3571428571486,-1.0,SL,2025Q1,2025,1
1374,84049,2025-03-18 21:30:00,84058,2025-03-19 03:00:00,BUY,3037.28,3029.482142857143,3029.482142857143,3056.7746428571427,0.1,-78.67857142857083,-779.7857142857083,-1.0,SL,2025Q1,2025,9
1375,84099,2025-03-20 00:30:00,84118,2025-03-20 10:00:00,BUY,3049.38,3040.2160714285715,3040.2160714285715,3072.2898214285715,0.1,-92.33928571428642,-916.3928571428642,-1.0,SL,2025Q1,2025,19
1376,84251,2025-03-25 07:30:00,84253,2025-03-25 08:30:00,BUY,3020.32,3015.2285714285717,3015.2285714285717,3033.048571428572,0.1,-51.614285714284236,-509.14285714284233,-1.0,SL,2025Q1,2025,2
1377,84277,2025-03-25 20:30:00,84300,2025-03-26 09:00:00,SELL,3018.76,3027.1032142857143,3027.1032142857143,2997.9019642857147,0.1,-84.13214285714112,-834.3214285714112,-1.0,SL,2025Q1,2025,23
1378,84379,2025-03-28 02:30:00,84382,2025-03-28 04:00:00,BUY,3062.26,3074.4528571428577,3057.382857142857,3074.4528571428577,0.1,121.2285714285752,1219.285714285752,2.450476465492304,TP,2025Q1,2025,3
1379,84419,2025-03-28 22:30:00,84430,2025-03-31 06:00:00,BUY,3082.59,3107.222142857143,3072.737142857143,3107.222142857143,0.1,245.62142857142754,2463.2142857142753,2.4753095306651764,TP,2025Q1,2025,11
1380,84461,2025-03-31 21:30:00,84502,2025-04-01 19:00:00,BUY,3122.06,3110.5924999999997,3110.5924999999997,3150.72875,0.1,-115.375000000002,-1146.75000000002,-1.0,SL,2025Q1,2025,41
1381,84582,2025-04-03 13:00:00,84583,2025-04-03 13:30:00,SELL,3121.47,3091.2342857142853,3133.5642857142857,3091.2342857142853,0.1,301.65714285714495,3023.5714285714494,2.479859072225466,TP,2025Q2,2025,1
1382,84597,2025-04-03 20:30:00,84630,2025-04-04 14:00:00,SELL,3100.89,3128.2210714285716,3128.2210714285716,3032.562321428571,0.1,-274.01071428571703,-2733.1071428571704,-1.0,SL,2025Q2,2025,33
1383,84651,2025-04-07 01:30:00,84657,2025-04-07 04:30:00,SELL,3014.03,3037.8703571428573,3037.8703571428573,2954.4291071428574,0.1,-239.103571428571,-2384.03571428571,-1.0,SL,2025Q2,2025,6
1384,84723,2025-04-08 14:30:00,84732,2025-04-08 19:00:00,BUY,3010.77,2998.8707142857143,2998.8707142857143,3040.5182142857143,0.1,-119.69285714285725,-1189.9285714285725,-1.0,SL,2025Q2,2025,9
1385,84780,2025-04-09 20:00:00,84780,2025-04-09 20:00:00,BUY,3092.52,3070.6489285714288,3070.6489285714288,3147.1976785714282,0.1,-219.41071428571212,-2187.1071428571213,-1.0,SL,2025Q2,2025,0
1386,84793,2025-04-10 03:30:00,84822,2025-04-10 18:00:00,BUY,3096.46,3157.0225,3072.235,3157.0225,0.1,604.925,6056.25,2.489915620498054,TP,2025Q2,2025,29
1387,84830,2025-04-10 22:00:00,84854,2025-04-11 11:00:00,BUY,3173.43,3225.763928571428,3152.4964285714286,3225.763928571428,0.1,522.6392857142826,5233.392857142826,2.488335317122949,TP,2025Q2,2025,24
1388,84880,2025-04-14 01:00:00,84880,2025-04-14 01:00:00,BUY,3227.12,3213.935,3213.935,3260.0824999999995,0.1,-132.54999999999944,-1318.4999999999945,-1.0,SL,2025Q2,2025,0
1389,84966,2025-04-15 21:00:00,84976,2025-04-16 03:00:00,BUY,3228.09,3254.19,3217.65,3254.19,0.1,260.2999999999991,2609.999999999991,2.476688867744983,TP,2025Q2,2025,10
1390,85018,2025-04-17 01:00:00,85025,2025-04-17 04:30:00,BUY,3342.54,3330.302142857143,3330.302142857143,3373.134642857143,0.1,-123.07857142857138,-1223.7857142857138,-1.0,SL,2025Q2,2025,7
1391,85061,2025-04-17 22:30:00,85063,2025-04-17 23:30:00,SELL,3312.6,3328.444285714286,3328.444285714286,3272.9892857142854,0.1,-159.14285714285887,-1584.4285714285888,-1.0,SL,2025Q2,2025,2
1392,85111,2025-04-22 01:30:00,85114,2025-04-22 03:00:00,BUY,3433.69,3420.289642857143,3420.289642857143,3467.190892857143,0.1,-134.70357142857046,-1340.0357142857047,-1.0,SL,2025Q2,2025,3
1393,85157,2025-04-23 01:30:00,85158,2025-04-23 02:00:00,SELL,3318.22,3349.258214285714,3349.258214285714,3240.624464285714,0.1,-311.08214285714274,-3103.8214285714275,-1.0,SL,2025Q2,2025,1
1394,85207,2025-04-24 03:30:00,85218,2025-04-24 09:00:00,BUY,3334.93,3318.3335714285713,3318.3335714285713,3376.4210714285714,0.1,-166.6642857142853,-1659.6428571428532,-1.0,SL,2025Q2,2025,11
1395,85246,2025-04-24 23:00:00,85259,2025-04-25 06:30:00,BUY,3342.35,3328.3014285714285,3328.3014285714285,3377.4714285714285,0.1,-141.18571428571448,-1404.857142857145,-1.0,SL,2025Q2,2025,13
1396,85260,2025-04-25 07:00:00,85278,2025-04-25 16:00:00,SELL,3323.44,3279.5355357142857,3341.0017857142857,3279.5355357142857,0.1,438.3446428571431,4390.446428571431,2.4861046405639295,TP,2025Q2,2025,18
1397,85317,2025-04-28 12:30:00,85319,2025-04-28 13:30:00,SELL,3278.19,3292.022142857143,3292.022142857143,3243.6096428571427,0.1,-139.02142857143025,-1383.2142857143026,-1.0,SL,2025Q2,2025,2
1398,85335,2025-04-28 21:30:00,85344,2025-04-29 03:00:00,BUY,3348.45,3330.6299999999997,3330.6299999999997,3392.9999999999995,0.1,-178.90000000000163,-1782.0000000000164,-1.0,SL,2025Q2,2025,9
1399,85427,2025-04-30 21:30:00,85436,2025-05-01 03:00:00,SELL,3301.29,3253.0944642857144,3320.568214285714,3253.0944642857144,0.1,481.255357142856,4819.55357142856,2.487337332718067,TP,2025Q2,2025,9
1400,85528,2025-05-05 03:00:00,85545,2025-05-05 11:30:00,BUY,3248.2,3278.66875,3236.0125,3278.66875,0.1,303.9875,3046.875,2.48001223740567,TP,2025Q2,2025,17
1401,85614,2025-05-06 23:00:00,85616,2025-05-07 01:00:00,BUY,3423.14,3410.1392857142855,3410.1392857142855,3455.6417857142856,0.1,-130.70714285714365,-1300.0714285714366,-1.0,SL,2025Q2,2025,2
1402,85632,2025-05-07 09:00:00,85658,2025-05-07 22:00:00,BUY,3388.19,3364.9367857142856,3364.9367857142856,3446.3230357142857,0.1,-233.2321428571442,-2325.321428571442,-1.0,SL,2025Q2,2025,26
1403,85667,2025-05-08 03:30:00,85676,2025-05-08 08:00:00,BUY,3385.41,3371.3817857142853,3371.3817857142853,3420.480535714286,0.1,-140.9821428571451,-1402.8214285714512,-1.0,SL,2025Q2,2025,9
1404,85686,2025-05-08 13:00:00,85690,2025-05-08 15:00:00,SELL,3331.9,3351.2082142857143,3351.2082142857143,3283.629464285714,0.1,-193.78214285714256,-1930.8214285714257,-1.0,SL,2025Q2,2025,4
1405,85705,2025-05-08 22:30:00,85708,2025-05-09 01:00:00,SELL,3291.98,3312.3864285714285,3312.3864285714285,3240.963928571429,0.1,-204.76428571428477,-2040.6428571428478,-1.0,SL,2025Q2,2025,3
1406,85769,2025-05-12 08:30:00,85772,2025-05-12 10:00:00,SELL,3274.32,3232.6842857142856,3290.974285714286,3232.6842857142856,0.1,415.65714285714586,4163.5714285714585,2.4853506449133,TP,2025Q2,2025,3
1407,85814,2025-05-13 08:00:00,85828,2025-05-13 15:00:00,BUY,3252.81,3239.85,3239.85,3285.2099999999996,0.1,-130.30000000000035,-1296.0000000000036,-1.0,SL,2025Q2,2025,14
1408,85845,2025-05-13 23:30:00,85850,2025-05-14 03:00:00,BUY,3254.33,3242.5807142857143,3242.5807142857143,3283.7032142857142,0.1,-118.19285714285634,-1174.9285714285634,-1.0,SL,2025Q2,2025,5
1409,85888,2025-05-14 22:00:00,85898,2025-05-15 04:00:00,SELL,3171.82,3189.7503571428574,3189.7503571428574,3126.994107142857,0.1,-180.00357142857246,-1793.0357142857247,-1.0,SL,2025Q2,2025,10
1410,85921,2025-05-15 15:30:00,85930,2025-05-15 20:00:00,BUY,3182.62,3226.96375,3164.8824999999997,3226.96375,0.1,442.7375,4434.375,2.4862417520707316,TP,2025Q2,2025,9
1411,85931,2025-05-15 20:30:00,85948,2025-05-16 06:00:00,BUY,3223.36,3210.4910714285716,3210.4910714285716,3255.5323214285713,0.1,-129.38928571428568,-1286.8928571428569,-1.0,SL,2025Q2,2025,17
1412,86000,2025-05-19 09:00:00,86040,2025-05-20 06:00:00,BUY,3224.15,3206.362142857143,3206.362142857143,3268.619642857143,0.1,-178.57857142856864,-1778.7857142856865,-1.0,SL,2025Q2,2025,40
1413,86073,2025-05-20 22:30:00,86126,2025-05-22 03:00:00,BUY,3289.85,3325.1133928571426,3275.744642857143,3325.1133928571426,0.1,351.93392857142663,3526.339285714266,2.4827164848454473,TP,2025Q2,2025,53
1414,86165,2025-05-22 22:30:00,86173,2025-05-23 03:30:00,SELL,3290.02,3306.3507142857143,3306.3507142857143,3249.1932142857145,0.1,-164.00714285714292,-1633.0714285714294,-1.0,SL,2025Q2,2025,8
1415,86207,2025-05-23 20:30:00,86214,2025-05-26 01:00:00,BUY,3365.89,3348.2789285714284,3348.2789285714284,3409.917678571428,0.1,-176.81071428571448,-1761.107142857145,-1.0,SL,2025Q2,2025,7
1416,86251,2025-05-26 19:30:00,86262,2025-05-27 04:30:00,BUY,3340.68,3333.520714285714,3333.520714285714,3358.5782142857142,0.1,-72.29285714285943,-715.9285714285943,-1.0,SL,2025Q2,2025,11
1417,86301,2025-05-28 01:00:00,86303,2025-05-28 02:00:00,SELL,3300.41,3308.5871428571427,3308.5871428571427,3279.967142857143,0.1,-82.47142857142826,-817.7142857142826,-1.0,SL,2025Q2,2025,2
1418,86316,2025-05-28 08:30:00,86335,2025-05-28 18:00:00,BUY,3308.86,3296.541785714286,3296.541785714286,3339.6555357142856,0.1,-123.88214285714021,-1231.821428571402,-1.0,SL,2025Q2,2025,19
1419,86347,2025-05-29 01:00:00,86350,2025-05-29 02:30:00,SELL,3286.96,3259.2287500000007,3298.0525,3259.2287500000007,0.1,276.61249999999364,2773.1249999999363,2.4780515117581183,TP,2025Q2,2025,3
1420,86438,2025-05-30 23:30:00,86439,2025-06-02 01:00:00,SELL,3290.12,3302.335357142857,3302.335357142857,3259.581607142857,0.1,-122.85357142857102,-1221.5357142857101,-1.0,SL,2025Q2,2025,1
1421,86481,2025-06-02 22:00:00,86491,2025-06-03 04:00:00,BUY,3379.38,3366.920357142857,3366.920357142857,3410.5291071428574,0.1,-125.29642857143081,-1245.964285714308,-1.0,SL,2025Q2,2025,10
1422,86532,2025-06-04 01:30:00,86536,2025-06-04 03:30:00,BUY,3357.66,3351.658928571428,3351.658928571428,3372.662678571429,0.1,-60.71071428571777,-600.1071428571777,-1.0,SL,2025Q2,2025,4
1423,86571,2025-06-04 21:00:00,86589,2025-06-05 07:00:00,BUY,3379.27,3366.505,3366.505,3411.1825,0.1,-128.34999999999872,-1276.4999999999873,-1.0,SL,2025Q2,2025,18
1424,86623,2025-06-06 01:00:00,86629,2025-06-06 04:00:00,SELL,3353.17,3367.1917857142857,3367.1917857142857,3318.115535714286,0.1,-140.9178571428567,-1402.178571428567,-1.0,SL,2025Q2,2025,6
1425,86664,2025-06-06 21:30:00,86704,2025-06-09 18:30:00,SELL,3315.73,3331.679285714286,3331.679285714286,3275.8567857142857,0.1,-160.19285714285905,-1594.9285714285907,-1.0,SL,2025Q2,2025,40
1426,86774,2025-06-11 07:30:00,86784,2025-06-11 12:30:00,BUY,3341.77,3331.8175,3331.8175,3366.65125,0.1,-100.22499999999873,-995.2499999999873,-1.0,SL,2025Q2,2025,10
1427,86800,2025-06-11 20:30:00,86801,2025-06-11 21:00:00,SELL,3323.7,3338.4610714285714,3338.4610714285714,3286.797321428571,0.1,-148.3107142857154,-1476.107142857154,-1.0,SL,2025Q2,2025,1
1428,86806,2025-06-11 23:30:00,86826,2025-06-12 10:30:00,BUY,3353.03,3340.5307142857146,3340.5307142857146,3384.2782142857145,0.1,-125.69285714285634,-1249.9285714285634,-1.0,SL,2025Q2,2025,20
1429,86849,2025-06-12 22:00:00,86858,2025-06-13 03:30:00,BUY,3385.81,3417.6448214285715,3373.076071428571,3417.6448214285715,0.1,317.6482142857156,3183.482142857156,2.4808652478312667,TP,2025Q2,2025,9
1430,86900,2025-06-16 01:30:00,86904,2025-06-16 03:30:00,BUY,3447.32,3435.997142857143,3435.997142857143,3475.627142857143,0.1,-113.92857142857174,-1132.2857142857174,-1.0,SL,2025Q2,2025,4
1431,86939,2025-06-16 21:00:00,87053,2025-06-19 09:00:00,SELL,3392.56,3358.6492857142857,3406.1242857142856,3358.6492857142857,0.1,338.4071428571422,3391.071428571422,2.482030595138307,TP,2025Q2,2025,114
1432,87066,2025-06-19 15:30:00,87124,2025-06-23 01:00:00,SELL,3365.25,3378.2989285714284,3378.2989285714284,3332.6276785714285,0.1,-131.18928571428404,-1304.8928571428405,-1.0,SL,2025Q2,2025,58
1433,87137,2025-06-23 07:30:00,87150,2025-06-23 14:00:00,SELL,3359.72,3373.605714285714,3373.605714285714,3325.0057142857145,0.1,-139.5571428571413,-1388.571428571413,-1.0,SL,2025Q2,2025,13
1434,87161,2025-06-23 19:30:00,87162,2025-06-23 20:00:00,BUY,3391.45,3377.593214285714,3377.593214285714,3426.0919642857143,0.1,-139.26785714285705,-1385.6785714285706,-1.0,SL,2025Q2,2025,1
1435,87259,2025-06-25 22:30:00,87291,2025-06-26 15:30:00,BUY,3334.19,3325.3367857142857,3325.3367857142857,3356.3230357142857,0.1,-89.2321428571433,-885.321428571433,-1.0,SL,2025Q2,2025,32
1436,87305,2025-06-26 22:30:00,87318,2025-06-27 06:00:00,SELL,3330.87,3301.30125,3342.6974999999998,3301.30125,0.1,294.9874999999991,2956.874999999991,2.479407438537527,TP,2025Q2,2025,13
1437,87368,2025-06-30 08:00:00,87411,2025-07-01 06:30:00,BUY,3285.69,3321.9846428571427,3271.1721428571427,3321.9846428571427,0.1,362.24642857142663,3629.464285714266,2.48320520981242,TP,2025Q2,2025,43
1438,87447,2025-07-02 01:30:00,87450,2025-07-02 03:00:00,BUY,3342.43,3335.795714285714,3335.795714285714,3359.0157142857142,0.1,-67.04285714285852,-663.4285714285852,-1.0,SL,2025Q3,2025,3
1439,87461,2025-07-02 08:30:00,87462,2025-07-02 09:00:00,BUY,3343.05,3335.117142857143,3335.117142857143,3362.8821428571428,0.1,-80.02857142857302,-793.2857142857301,-1.0,SL,2025Q3,2025,1
1440,87487,2025-07-02 21:30:00,87498,2025-07-03 04:00:00,BUY,3352.21,3343.1564285714285,3343.1564285714285,3374.8439285714285,0.1,-91.23571428571559,-905.3571428571558,-1.0,SL,2025Q3,2025,11
1441,87507,2025-07-03 08:30:00,87515,2025-07-03 12:30:00,BUY,3352.93,3345.8799999999997,3345.8799999999997,3370.555,0.1,-71.20000000000182,-705.0000000000182,-1.0,SL,2025Q3,2025,8
1442,87537,2025-07-03 23:30:00,87544,2025-07-04 04:00:00,SELL,3326.62,3333.4792857142857,3333.4792857142857,3309.4717857142855,0.1,-69.29285714285761,-685.9285714285761,-1.0,SL,2025Q3,2025,7
1443,87555,2025-07-04 09:30:00,87556,2025-07-04 10:00:00,BUY,3344.21,3337.6775,3337.6775,3360.54125,0.1,-66.02500000000255,-653.2500000000255,-1.0,SL,2025Q3,2025,1
1444,87613,2025-07-07 19:30:00,87653,2025-07-08 16:30:00,BUY,3325.0,3314.8235714285715,3314.8235714285715,3350.4410714285714,0.1,-102.4642857142846,-1017.642857142846,-1.0,SL,2025Q3,2025,40
1445,87756,2025-07-10 22:00:00,87784,2025-07-11 13:00:00,BUY,3321.65,3344.358928571429,3312.566428571429,3344.358928571429,0.1,226.38928571428715,2270.8928571428714,2.4732344908311066,TP,2025Q3,2025,28
1446,87820,2025-07-14 08:00:00,87835,2025-07-14 15:30:00,BUY,3359.77,3350.4314285714286,3350.4314285714286,3383.116428571429,0.1,-94.08571428571413,-933.8571428571413,-1.0,SL,2025Q3,2025,15
1447,87850,2025-07-14 23:00:00,87862,2025-07-15 06:00:00,SELL,3344.14,3352.197142857143,3352.197142857143,3323.9971428571425,0.1,-81.27142857142935,-805.7142857142935,-1.0,SL,2025Q3,2025,12
1448,87898,2025-07-16 01:00:00,87904,2025-07-16 04:00:00,SELL,3324.03,3333.3835714285715,3333.3835714285715,3300.6460714285718,0.1,-94.23571428571286,-935.3571428571286,-1.0,SL,2025Q3,2025,6
1449,87945,2025-07-17 01:30:00,87960,2025-07-17 09:00:00,BUY,3351.71,3334.7342857142858,3334.7342857142858,3394.1492857142857,0.1,-170.45714285714274,-1697.5714285714275,-1.0,SL,2025Q3,2025,15
1450,87983,2025-07-17 20:30:00,88050,2025-07-21 08:00:00,BUY,3340.35,3365.0383928571428,3330.474642857143,3365.0383928571428,0.1,246.18392857142845,2468.8392857142844,2.475365389449537,TP,2025Q3,2025,67
1451,88079,2025-07-21 22:30:00,88086,2025-07-22 03:00:00,BUY,3398.35,3390.5049999999997,3390.5049999999997,3417.9625,0.1,-79.15000000000255,-784.5000000000255,-1.0,SL,2025Q3,2025,7
1452,88110,2025-07-22 15:00:00,88111,2025-07-22 15:30:00,BUY,3391.47,3404.672678571428,3386.1889285714283,3404.672678571428,0.1,131.32678571428352,1320.267857142835,2.454214776746896,TP,2025Q3,2025,1
1453,88125,2025-07-22 22:30:00,88134,2025-07-23 04:00:00,BUY,3431.72,3421.830714285714,3421.830714285714,3456.4432142857145,0.1,-99.59285714285961,-988.9285714285961,-1.0,SL,2025Q3,2025,9
1454,88172,2025-07-23 23:00:00,88202,2025-07-24 15:00:00,SELL,3390.12,3360.0958928571426,3402.1296428571427,3360.0958928571426,0.1,299.5410714285725,3002.4107142857247,2.479717943411307,TP,2025Q3,2025,30
1455,88212,2025-07-24 20:00:00,88245,2025-07-25 13:30:00,SELL,3366.81,3342.3224999999998,3376.605,3342.3224999999998,0.1,244.17500000000183,2448.750000000018,2.4751647237709076,TP,2025Q3,2025,33
1456,88267,2025-07-28 01:30:00,88272,2025-07-28 04:00:00,SELL,3330.51,3338.3678571428572,3338.3678571428572,3310.865357142857,0.1,-79.27857142857029,-785.7857142857029,-1.0,SL,2025Q3,2025,5
1457,88305,2025-07-28 20:30:00,88328,2025-07-29 09:00:00,SELL,3310.37,3321.422857142857,3321.422857142857,3282.7378571428567,0.1,-111.22857142857193,-1105.2857142857192,-1.0,SL,2025Q3,2025,23
1458,88359,2025-07-30 01:30:00,88365,2025-07-30 04:30:00,BUY,3328.9,3322.0825000000004,3322.0825000000004,3345.94375,0.1,-68.87499999999655,-681.7499999999654,-1.0,SL,2025Q3,2025,6
1459,88494,2025-08-01 23:00:00,88502,2025-08-04 04:00:00,BUY,3357.33,3345.7510714285713,3345.7510714285713,3386.277321428571,0.1,-116.48928571428605,-1157.8928571428605,-1.0,SL,2025Q3,2025,8
1460,88508,2025-08-04 07:00:00,88515,2025-08-04 10:30:00,BUY,3360.43,3352.36,3352.36,3380.6049999999996,0.1,-81.39999999999709,-806.9999999999709,-1.0,SL,2025Q3,2025,7
1461,88537,2025-08-04 21:30:00,88559,2025-08-05 09:30:00,BUY,3376.1,3366.7260714285712,3366.7260714285712,3399.5348214285714,0.1,-94.43928571428678,-937.3928571428678,-1.0,SL,2025Q3,2025,22
1462,88633,2025-08-06 23:30:00,88640,2025-08-07 04:00:00,SELL,3368.68,3376.4264285714285,3376.4264285714285,3349.3139285714287,0.1,-78.16428571428624,-774.6428571428623,-1.0,SL,2025Q3,2025,7
1463,88678,2025-08-07 23:00:00,88680,2025-08-08 01:00:00,BUY,3399.82,3390.13,3390.13,3424.045,0.1,-97.60000000000055,-969.0000000000055,-1.0,SL,2025Q3,2025,2
1464,88720,2025-08-08 21:00:00,88720,2025-08-08 21:00:00,SELL,3381.7,3395.482857142857,3395.482857142857,3347.242857142857,0.1,-138.5285714285721,-1378.285714285721,-1.0,SL,2025Q3,2025,0
1465,88731,2025-08-11 03:30:00,88748,2025-08-11 12:00:00,SELL,3387.88,3355.5924999999997,3400.795,3355.5924999999997,0.1,322.17500000000365,3228.7500000000364,2.4811320754717334,TP,2025Q3,2025,17
1466,88764,2025-08-11 20:00:00,88765,2025-08-11 20:30:00,SELL,3344.0,3356.297857142857,3356.297857142857,3313.255357142857,0.1,-123.67857142857083,-1229.7857142857083,-1.0,SL,2025Q3,2025,1
1467,88770,2025-08-11 23:00:00,88839,2025-08-13 11:30:00,SELL,3351.45,3362.292857142857,3362.292857142857,3324.342857142857,0.1,-109.12857142857156,-1084.2857142857156,-1.0,SL,2025Q3,2025,69
1468,88867,2025-08-14 02:30:00,88869,2025-08-14 03:30:00,BUY,3361.04,3373.420357142857,3356.087857142857,3373.420357142857,0.1,123.10357142857065,1238.0357142857065,2.451216043237048,TP,2025Q3,2025,2
1469,88909,2025-08-14 23:30:00,88921,2025-08-15 06:30:00,SELL,3335.36,3343.6882142857144,3343.6882142857144,3314.5394642857145,0.1,-83.98214285714239,-832.8214285714239,-1.0,SL,2025Q3,2025,12
1470,89046,2025-08-19 23:00:00,89063,2025-08-20 08:30:00,SELL,3315.75,3323.756785714286,3323.756785714286,3295.733035714286,0.1,-80.76785714285798,-800.6785714285797,-1.0,SL,2025Q3,2025,17
1471,89091,2025-08-20 22:30:00,89099,2025-08-21 03:30:00,BUY,3348.72,3341.7139285714284,3341.7139285714284,3366.235178571428,0.1,-70.76071428571431,-700.6071428571431,-1.0,SL,2025Q3,2025,8
1472,89134,2025-08-21 21:00:00,89172,2025-08-22 17:00:00,SELL,3336.97,3346.4810714285713,3346.4810714285713,3313.1923214285716,0.1,-95.8107142857154,-951.107142857154,-1.0,SL,2025Q3,2025,38
1473,89246,2025-08-26 08:00:00,89350,2025-08-28 14:00:00,BUY,3377.48,3404.000535714286,3366.8717857142856,3404.000535714286,0.1,264.5053571428587,2652.053571428587,2.4770560888323816,TP,2025Q3,2025,104
1474,89364,2025-08-28 21:00:00,89377,2025-08-29 04:30:00,BUY,3418.06,3408.960357142857,3408.960357142857,3440.809107142857,0.1,-91.69642857142954,-909.9642857142953,-1.0,SL,2025Q3,2025,13
1475,89517,2025-09-03 08:00:00,89518,2025-09-03 08:30:00,BUY,3537.0,3526.632857142857,3526.632857142857,3562.9178571428574,0.1,-104.37142857142881,-1036.714285714288,-1.0,SL,2025Q3,2025,1
1476,89565,2025-09-04 09:00:00,89566,2025-09-04 09:30:00,SELL,3527.32,3541.0257142857145,3541.0257142857145,3493.0557142857147,0.1,-137.75714285714292,-1370.5714285714294,-1.0,SL,2025Q3,2025,1
1477,89657,2025-09-08 09:00:00,89661,2025-09-08 11:00:00,BUY,3591.33,3614.7755357142855,3581.9517857142855,3614.7755357142855,0.1,233.75535714285598,2344.5535714285597,2.4740691740691263,TP,2025Q3,2025,4
1478,89729,2025-09-09 22:00:00,89756,2025-09-10 12:30:00,SELL,3640.31,3655.685,3655.685,3601.8724999999995,0.1,-154.45,-1537.5,-1.0,SL,2025Q3,2025,27
1479,89773,2025-09-10 21:00:00,89776,2025-09-10 22:30:00,BUY,3647.49,3637.056428571428,3637.056428571428,3673.573928571429,0.1,-105.03571428571668,-1043.3571428571668,-1.0,SL,2025Q3,2025,3
1480,89869,2025-09-12 23:00:00,89877,2025-09-15 04:00:00,SELL,3644.02,3628.508392857143,3650.224642857143,3628.508392857143,0.1,154.41607142856975,1551.1607142856974,2.4609539529853004,TP,2025Q3,2025,8
1481,89931,2025-09-16 08:00:00,89949,2025-09-16 17:00:00,BUY,3684.4,3702.424107142857,3677.1903571428575,3702.424107142857,0.1,179.54107142856793,1802.4107142856792,2.466344502771948,TP,2025Q3,2025,18
1482,89962,2025-09-16 23:30:00,89970,2025-09-17 04:30:00,BUY,3693.69,3685.482857142857,3685.482857142857,3714.2078571428574,0.1,-82.77142857143026,-820.7142857143026,-1.0,SL,2025Q3,2025,8
1483,90038,2025-09-18 15:30:00,90039,2025-09-18 16:00:00,BUY,3671.35,3659.123928571428,3659.123928571428,3701.9151785714284,0.1,-122.96071428571686,-1222.6071428571686,-1.0,SL,2025Q3,2025,1
1484,90050,2025-09-18 21:30:00,90065,2025-09-19 06:00:00,SELL,3642.34,3653.8621428571428,3653.8621428571428,3613.5346428571434,0.1,-115.92142857142626,-1152.2142857142626,-1.0,SL,2025Q3,2025,15
1485,90082,2025-09-19 14:30:00,90086,2025-09-19 16:30:00,SELL,3650.72,3658.5446428571427,3658.5446428571427,3631.158392857142,0.1,-78.94642857142863,-782.4642857142862,-1.0,SL,2025Q3,2025,4
1486,90101,2025-09-22 01:00:00,90118,2025-09-22 09:30:00,BUY,3687.26,3706.4064285714285,3679.601428571429,3706.4064285714285,0.1,190.7642857142826,1914.642857142826,2.468299445471407,TP,2025Q3,2025,17
1487,90140,2025-09-22 20:30:00,90168,2025-09-23 11:30:00,BUY,3740.81,3766.6019642857145,3730.493214285714,3766.6019642857145,0.1,257.21964285714586,2579.1964285714585,2.476412337104172,TP,2025Q3,2025,28
1488,90288,2025-09-26 02:30:00,90301,2025-09-26 09:00:00,SELL,3743.0,3753.9939285714286,3753.9939285714286,3715.515178571429,0.1,-110.63928571428569,-1099.3928571428569,-1.0,SL,2025Q3,2025,13
1489,90377,2025-09-30 01:00:00,90388,2025-09-30 06:30:00,BUY,3834.61,3860.951071428572,3824.0735714285715,3860.951071428572,0.1,262.71071428571923,2634.1071428571922,2.4769008014008107,TP,2025Q3,2025,11
1490,90392,2025-09-30 08:30:00,90394,2025-09-30 09:30:00,BUY,3867.59,3856.985,3856.985,3894.1025000000004,0.1,-106.75000000000018,-1060.5000000000018,-1.0,SL,2025Q3,2025,2
1491,90420,2025-09-30 22:30:00,90443,2025-10-01 11:00:00,BUY,3853.31,3895.0287500000004,3836.6225,3895.0287500000004,0.1,416.48750000000456,4171.8750000000455,2.4853796807399946,TP,2025Q3,2025,23
1492,90519,2025-10-03 03:00:00,90521,2025-10-03 04:00:00,BUY,3862.33,3852.892857142857,3852.892857142857,3885.922857142857,0.1,-95.07142857143045,-943.7142857143044,-1.0,SL,2025Q4,2025,2
1493,90562,2025-10-06 01:30:00,90563,2025-10-06 02:00:00,BUY,3893.64,3919.448035714286,3883.3167857142853,3919.448035714286,0.1,257.38035714286235,2580.8035714286234,2.4764269269097072,TP,2025Q4,2025,1
1494,90604,2025-10-06 22:30:00,90625,2025-10-07 10:00:00,BUY,3964.24,3948.848928571428,3948.848928571428,4002.7176785714287,0.1,-154.61071428571648,-1539.107142857165,-1.0,SL,2025Q4,2025,21
1495,90653,2025-10-08 01:00:00,90665,2025-10-08 07:00:00,BUY,3984.91,4018.9787499999998,3971.2825,4018.9787499999998,0.1,339.9874999999991,3406.874999999991,2.4821135243657437,TP,2025Q4,2025,12
1496,90712,2025-10-09 07:30:00,90731,2025-10-09 17:00:00,BUY,4038.52,4016.7925,4016.7925,4092.83875,0.1,-217.97499999999962,-2172.7499999999964,-1.0,SL,2025Q4,2025,19
1497,90773,2025-10-10 15:00:00,90779,2025-10-10 18:00:00,SELL,3986.99,4004.493928571428,4004.493928571428,3943.2301785714285,0.1,-175.7392857142833,-1750.3928571428332,-1.0,SL,2025Q4,2025,6
1498,90804,2025-10-13 07:30:00,90827,2025-10-13 19:00:00,BUY,4056.88,4115.401428571428,4033.4714285714285,4115.401428571428,0.1,584.5142857142826,5852.142857142826,2.48956495284451,TP,2025Q4,2025,23
1499,90839,2025-10-14 02:00:00,90847,2025-10-14 06:00:00,BUY,4115.04,4151.586428571429,4100.421428571429,4151.586428571429,0.1,364.76428571428806,3654.6428571428805,2.4833203656876712,TP,2025Q4,2025,8
1500,90884,2025-10-15 01:30:00,90900,2025-10-15 09:30:00,BUY,4152.2,4197.899107142857,4133.920357142857,4197.899107142857,0.1,456.2910714285743,4569.910714285743,2.4866482414994704,TP,2025Q4,2025,16
1501,90926,2025-10-15 22:30:00,90961,2025-10-16 17:00:00,BUY,4211.03,4262.2925000000005,4190.525,4262.2925000000005,0.1,511.9250000000073,5126.250000000073,2.488092345079002,TP,2025Q4,2025,35
1502,90973,2025-10-16 23:00:00,90975,2025-10-17 01:00:00,BUY,4307.46,4369.704642857142,4282.562142857143,4369.704642857142,0.1,621.7464285714202,6224.464285714203,2.4901873837791264,TP,2025Q4,2025,2
1503,91062,2025-10-20 21:30:00,91081,2025-10-21 08:00:00,BUY,4357.84,4330.512142857143,4330.512142857143,4426.159642857143,0.1,-273.9785714285728,-2732.7857142857283,-1.0,SL,2025Q4,2025,19
1504,91156,2025-10-22 22:30:00,91225,2025-10-24 11:00:00,BUY,4105.56,4065.3075000000003,4065.3075000000003,4206.19125,0.1,-403.22500000000053,-4025.2500000000055,-1.0,SL,2025Q4,2025,69
1505,91429,2025-10-30 20:00:00,91471,2025-10-31 18:00:00,BUY,4004.58,3980.3035714285716,3980.3035714285716,4065.2710714285713,0.1,-243.46428571428368,-2427.642857142837,-1.0,SL,2025Q4,2025,42
1506,91482,2025-11-03 01:30:00,91490,2025-11-03 05:30:00,SELL,3993.69,4014.9567857142856,4014.9567857142856,3940.5230357142855,0.1,-213.3678571428556,-2126.678571428556,-1.0,SL,2025Q4,2025,8
1507,91498,2025-11-03 09:30:00,91502,2025-11-03 11:30:00,BUY,4018.99,4000.6417857142856,4000.6417857142856,4064.8605357142856,0.1,-184.1821428571422,-1834.821428571422,-1.0,SL,2025Q4,2025,4
1508,91665,2025-11-07 01:00:00,91667,2025-11-07 02:00:00,SELL,3977.43,3992.635714285714,3992.635714285714,3939.4157142857143,0.1,-152.75714285714292,-1520.5714285714294,-1.0,SL,2025Q4,2025,2
1509,91708,2025-11-07 22:30:00,91713,2025-11-10 02:00:00,SELL,3998.39,4016.4864285714284,4016.4864285714284,3953.1489285714283,0.1,-181.6642857142853,-1809.6428571428532,-1.0,SL,2025Q4,2025,5
1510,91725,2025-11-10 08:00:00,91749,2025-11-10 20:00:00,BUY,4069.62,4110.251249999999,4053.3675,4110.251249999999,0.1,405.61249999999455,4063.1249999999454,2.484990044417174,TP,2025Q4,2025,24
1511,91757,2025-11-11 01:00:00,91766,2025-11-11 05:30:00,BUY,4116.37,4146.546785714286,4104.299285714285,4146.546785714286,0.1,301.0678571428587,3017.678571428587,2.4798199682296507,TP,2025Q4,2025,9
1512,91804,2025-11-12 01:30:00,91808,2025-11-12 03:30:00,BUY,4138.54,4126.473571428572,4126.473571428572,4168.706071428572,0.1,-121.36428571428333,-1206.6428571428332,-1.0,SL,2025Q4,2025,4
1513,91934,2025-11-14 20:30:00,92054,2025-11-19 11:30:00,SELL,4092.94,4113.4,4131.196428571428,3997.298928571429,0.1,-205.2999999999958,-2045.9999999999582,-0.5356617030396696,TIME_EXIT,2025Q4,2025,120
1514,92093,2025-11-20 08:00:00,92107,2025-11-20 15:00:00,SELL,4066.43,4088.677142857143,4088.677142857143,4010.8121428571426,0.1,-223.17142857142989,-2224.714285714299,-1.0,SL,2025Q4,2025,14
1515,92126,2025-11-21 01:30:00,92132,2025-11-21 04:30:00,BUY,4081.22,4058.800357142857,4058.800357142857,4137.269107142857,0.1,-224.8964285714266,-2241.964285714266,-1.0,SL,2025Q4,2025,6
1516,92189,2025-11-24 10:00:00,92208,2025-11-24 19:30:00,BUY,4060.18,4099.78,4044.3399999999997,4099.78,0.1,395.2999999999991,3959.999999999991,2.484600879949689,TP,2025Q4,2025,19
1517,92266,2025-11-26 02:30:00,92353,2025-11-28 02:30:00,BUY,4141.75,4173.86875,4128.9025,4173.86875,0.1,320.4874999999964,3211.8749999999636,2.4810334817108575,TP,2025Q4,2025,87
1518,92404,2025-12-01 07:00:00,92404,2025-12-01 07:00:00,BUY,4245.72,4228.854642857143,4228.854642857143,4287.883392857143,0.1,-169.35357142857646,-1686.5357142857647,-1.0,SL,2025Q4,2025,0
1519,92482,2025-12-02 23:00:00,92538,2025-12-04 05:00:00,BUY,4210.17,4190.447142857142,4190.447142857142,4259.477142857143,0.1,-197.9285714285772,-1972.285714285772,-1.0,SL,2025Q4,2025,56
1520,92620,2025-12-05 23:00:00,92740,2025-12-10 14:00:00,SELL,4201.87,4197.86,4221.755714285714,4152.155714285714,0.1,39.40000000000218,401.0000000000218,0.19743718233231972,TIME_EXIT,2025Q4,2025,120
1521,92762,2025-12-11 02:00:00,92768,2025-12-11 05:00:00,BUY,4232.51,4214.858214285715,4214.858214285715,4276.639464285715,0.1,-177.21785714285323,-1765.1785714285325,-1.0,SL,2025Q4,2025,6
1522,92778,2025-12-11 10:00:00,92793,2025-12-11 17:30:00,BUY,4216.09,4247.488214285715,4203.530714285715,4247.488214285715,0.1,313.2821428571486,3139.8214285714857,2.4806006447599835,TP,2025Q4,2025,15
1523,92806,2025-12-12 01:00:00,92829,2025-12-12 12:30:00,BUY,4280.21,4325.410892857143,4262.129642857143,4325.410892857143,0.1,451.3089285714312,4520.089285714312,2.4865016430216356,TP,2025Q4,2025,23
1524,92853,2025-12-15 01:30:00,92906,2025-12-16 05:00:00,BUY,4305.05,4281.697142857143,4281.697142857143,4363.432142857143,0.1,-234.22857142856918,-2335.285714285692,-1.0,SL,2025Q4,2025,53
1525,92911,2025-12-16 07:30:00,92925,2025-12-16 14:30:00,SELL,4280.6,4294.665714285715,4294.665714285715,4245.435714285714,0.1,-141.3571428571442,-1406.571428571442,-1.0,SL,2025Q4,2025,14
1526,92946,2025-12-17 02:00:00,92973,2025-12-17 15:30:00,BUY,4307.73,4343.904107142857,4293.260357142856,4343.904107142857,0.1,361.04107142857794,3617.4107142857792,2.483149517329438,TP,2025Q4,2025,27
1527,93083,2025-12-22 01:30:00,93087,2025-12-22 03:30:00,BUY,4348.62,4376.2548214285725,4337.5660714285705,4376.2548214285725,0.1,275.6482142857265,2763.482142857265,2.4779754069411983,TP,2025Q4,2025,4
1528,93154,2025-12-23 14:00:00,93157,2025-12-23 15:30:00,BUY,4493.59,4482.008928571428,4482.008928571428,4522.542678571429,0.1,-116.51071428571704,-1158.1071428571704,-1.0,SL,2025Q4,2025,3
1529,93172,2025-12-23 23:00:00,93181,2025-12-24 04:30:00,BUY,4497.62,4477.5199999999995,4477.5199999999995,4547.87,0.1,-201.70000000000363,-2010.0000000000364,-1.0,SL,2025Q4,2025,9
1530,93186,2025-12-24 07:00:00,93192,2025-12-24 10:00:00,BUY,4499.19,4478.421428571428,4478.421428571428,4551.111428571428,0.1,-208.38571428571703,-2076.8571428571704,-1.0,SL,2025Q4,2025,6
1531,93203,2025-12-24 15:30:00,93212,2025-12-26 08:00:00,SELL,4479.28,4493.453928571428,4493.453928571428,4443.845178571429,0.1,-142.43928571428404,-1417.3928571428405,-1.0,SL,2025Q4,2025,9
1532,93218,2025-12-26 11:00:00,93246,2025-12-29 02:00:00,BUY,4518.82,4497.791071428572,4497.791071428572,4571.3923214285705,0.1,-210.98928571427967,-2102.892857142797,-1.0,SL,2025Q4,2025,28
1533,93258,2025-12-29 08:00:00,93269,2025-12-29 13:30:00,SELL,4506.32,4442.336964285714,4531.913214285713,4442.336964285714,0.1,639.130357142855,6398.303571428551,2.4904532613385446,TP,2025Q4,2025,11
1534,93317,2025-12-30 14:30:00,93321,2025-12-30 16:30:00,BUY,4393.86,4374.965357142857,4374.965357142857,4441.0966071428575,0.1,-189.6464285714257,-1889.4642857142571,-1.0,SL,2025Q4,2025,4
1535,93332,2025-12-30 22:00:00,93341,2025-12-31 03:30:00,SELL,4348.41,4372.391785714286,4372.391785714286,4288.455535714285,0.1,-240.5178571428616,-2398.178571428616,-1.0,SL,2025Q4,2025,9
1536,93348,2025-12-31 07:00:00,93350,2025-12-31 08:00:00,SELL,4332.86,4275.696607142857,4355.725357142856,4275.696607142857,0.1,570.9339285714275,5716.339285714275,2.4893178031424115,TP,2025Q4,2025,2
1537,93356,2025-12-31 11:00:00,93365,2025-12-31 15:30:00,SELL,4307.57,4338.258928571428,4338.258928571428,4230.847678571428,0.1,-307.5892857142873,-3068.8928571428733,-1.0,SL,2025Q4,2025,9
1538,93378,2026-01-02 10:00:00,93391,2026-01-02 16:30:00,BUY,4382.9,4356.488214285714,4356.488214285714,4448.929464285714,0.1,-264.8178571428554,-2641.1785714285543,-1.0,SL,2026Q1,2026,13
1539,93407,2026-01-05 01:30:00,93410,2026-01-05 03:00:00,BUY,4367.05,4414.84375,4347.9325,4414.84375,0.1,477.2374999999982,4779.374999999982,2.4872312703582593,TP,2026Q1,2026,3
1540,93419,2026-01-05 07:30:00,93464,2026-01-06 07:00:00,BUY,4412.84,4469.523928571428,4390.166428571429,4469.523928571428,0.1,566.1392857142771,5668.392857142771,2.489227725259845,TP,2026Q1,2026,45
1541,93465,2026-01-06 07:30:00,93465,2026-01-06 07:30:00,BUY,4469.81,4454.401785714286,4454.401785714286,4508.330535714286,0.1,-154.78214285714165,-1540.8214285714166,-1.0,SL,2026Q1,2026,0
1542,93496,2026-01-06 23:00:00,93502,2026-01-07 03:00:00,BUY,4493.88,4476.549642857143,4476.549642857143,4537.205892857143,0.1,-174.00357142856882,-1733.0357142856883,-1.0,SL,2026Q1,2026,6
1543,93545,2026-01-08 01:30:00,93547,2026-01-08 02:30:00,BUY,4461.77,4448.121071428572,4448.121071428572,4495.892321428571,0.1,-137.18928571428768,-1364.892857142877,-1.0,SL,2026Q1,2026,2
1544,93587,2026-01-08 22:30:00,93623,2026-01-09 17:30:00,BUY,4470.05,4515.644642857143,4451.812142857143,4515.644642857143,0.1,455.2464285714239,4559.464285714239,2.486617767547086,TP,2026Q1,2026,36
1545,93633,2026-01-09 22:30:00,93638,2026-01-12 02:00:00,BUY,4505.69,4562.071249999999,4483.1375,4562.071249999999,0.1,563.1124999999945,5638.124999999945,2.4891700740413305,TP,2026Q1,2026,5
1546,93650,2026-01-12 08:00:00,93770,2026-01-14 22:00:00,BUY,4580.87,4634.18,4555.901428571428,4643.291428571428,0.1,532.400000000004,5331.00000000004,2.12631939293662,TIME_EXIT,2026Q1,2026,120
1547,93779,2026-01-15 03:30:00,93797,2026-01-15 12:30:00,SELL,4600.53,4620.024642857143,4620.024642857143,4551.793392857142,0.1,-195.64642857142934,-1949.4642857142935,-1.0,SL,2026Q1,2026,18
1548,93817,2026-01-15 22:30:00,93853,2026-01-16 17:30:00,SELL,4604.8,4560.9517857142855,4622.339285714286,4560.9517857142855,0.1,437.78214285714677,4384.821428571468,2.4860868859773406,TP,2026Q1,2026,36
1549,93879,2026-01-19 07:30:00,93927,2026-01-20 11:00:00,BUY,4669.24,4733.3328571428565,4643.602857142857,4733.3328571428565,0.1,640.228571428567,6409.28571428567,2.4904695748818937,TP,2026Q1,2026,48
1550,93953,2026-01-21 01:00:00,93957,2026-01-21 03:00:00,BUY,4763.15,4807.474999999999,4745.42,4807.474999999999,0.1,442.5499999999982,4432.499999999982,2.4862359550562307,TP,2026Q1,2026,4
1551,94013,2026-01-22 08:00:00,94035,2026-01-22 19:00:00,BUY,4821.44,4888.503392857143,4794.614642857142,4888.503392857143,0.1,669.933928571433,6706.33928571433,2.4908906210577695,TP,2026Q1,2026,22
1552,94059,2026-01-23 08:00:00,94063,2026-01-23 10:00:00,BUY,4960.83,4938.0975,4938.0975,5017.661249999999,0.1,-228.02500000000072,-2273.2500000000073,-1.0,SL,2026Q1,2026,4
1553,94091,2026-01-26 01:00:00,94095,2026-01-26 03:00:00,BUY,5009.92,5069.0575,4986.265,5069.0575,0.1,590.6749999999981,5913.749999999982,2.4896733403582907,TP,2026Q1,2026,4
1554,94151,2026-01-27 08:00:00,94167,2026-01-27 16:00:00,BUY,5083.07,5049.748571428571,5049.748571428571,5166.373571428571,0.1,-333.9142857142844,-3332.142857142844,-1.0,SL,2026Q1,2026,16
1555,94179,2026-01-27 22:00:00,94180,2026-01-27 22:30:00,BUY,5098.98,5167.355892857142,5071.629642857142,5167.355892857142,0.1,683.0589285714238,6837.589285714239,2.491065032496678,TP,2026Q1,2026,1
1556,94241,2026-01-29 07:00:00,94248,2026-01-29 10:30:00,BUY,5558.21,5488.276785714285,5488.276785714285,5733.043035714286,0.1,-700.0321428571472,-6993.321428571471,-1.0,SL,2026Q1,2026,7
1557,94289,2026-01-30 08:00:00,94311,2026-01-30 19:00:00,SELL,5185.2,4920.883928571428,5290.926428571428,4920.883928571428,0.1,2642.460714285714,26431.607142857138,2.4976842318468844,TP,2026Q1,2026,22
1558,94322,2026-02-02 01:30:00,94323,2026-02-02 02:00:00,SELL,4725.95,4871.7928571428565,4871.7928571428565,4361.342857142857,0.1,-1459.128571428567,-14584.28571428567,-1.0,SL,2026Q1,2026,1
1559,94335,2026-02-02 08:00:00,94341,2026-02-02 11:00:00,SELL,4548.94,4699.356785714285,4699.356785714285,4172.8980357142855,0.1,-1504.8678571428566,-15041.678571428565,-1.0,SL,2026Q1,2026,6
1560,94350,2026-02-02 15:30:00,94371,2026-02-03 03:00:00,SELL,4739.59,4842.1975,4842.1975,4483.07125,0.1,-1026.7750000000008,-10260.750000000007,-1.0,SL,2026Q1,2026,21
1561,94380,2026-02-03 07:30:00,94417,2026-02-04 03:00:00,BUY,4839.69,5034.601607142857,4761.725357142856,5034.601607142857,0.1,1948.4160714285706,19491.160714285706,2.496860368792237,TP,2026Q1,2026,37
1562,94425,2026-02-04 07:00:00,94437,2026-02-04 13:00:00,BUY,5080.6,5028.904642857144,5028.904642857144,5209.838392857143,0.1,-517.6535714285667,-5169.5357142856665,-1.0,SL,2026Q1,2026,12
1563,94460,2026-02-05 01:30:00,94463,2026-02-05 03:00:00,BUY,5019.54,4956.278571428572,4956.278571428572,5177.693571428571,0.1,-633.3142857142805,-6326.142857142804,-1.0,SL,2026Q1,2026,3
1564,94464,2026-02-05 03:30:00,94466,2026-02-05 04:30:00,SELL,4951.8,4823.132142857144,5003.267142857143,4823.132142857144,0.1,1285.9785714285651,12866.785714285652,2.4952461470229426,TP,2026Q1,2026,2
1565,94480,2026-02-05 11:30:00,94507,2026-02-06 02:00:00,SELL,4874.13,4680.3942857142865,4951.624285714286,4680.3942857142865,0.1,1936.6571428571358,19373.57142857136,2.496841329772521,TP,2026Q1,2026,27
1566,94518,2026-02-06 07:30:00,94552,2026-02-09 01:30:00,BUY,4852.25,5032.528571428572,4780.138571428572,5032.528571428572,0.1,1802.0857142857192,18027.857142857192,2.4966057751301407,TP,2026Q1,2026,34
1567,94594,2026-02-09 22:30:00,94595,2026-02-09 23:00:00,BUY,5080.37,5053.4117857142855,5053.4117857142855,5147.765535714286,0.1,-270.28214285714347,-2695.821428571435,-1.0,SL,2026Q1,2026,1
1568,94644,2026-02-11 01:30:00,94668,2026-02-11 13:30:00,BUY,5046.63,5111.93625,5020.5075,5111.93625,0.1,652.3624999999963,6530.624999999964,2.49064617734079,TP,2026Q1,2026,24
1569,94732,2026-02-12 22:30:00,94740,2026-02-13 03:30:00,SELL,4922.57,4987.2575,4987.2575,4760.85125,0.1,-647.575,-6468.75,-1.0,SL,2026Q1,2026,8
1570,94775,2026-02-13 21:00:00,94788,2026-02-16 04:30:00,BUY,5031.36,4993.056428571428,4993.056428571428,5127.118928571428,0.1,-383.7357142857156,-3830.357142857156,-1.0,SL,2026Q1,2026,13
1571,94924,2026-02-19 06:00:00,94945,2026-02-19 16:30:00,BUY,4981.86,4964.318571428571,4964.318571428571,5025.713571428571,0.1,-176.11428571428695,-1754.1428571428696,-1.0,SL,2026Q1,2026,21
1572,94957,2026-02-19 22:30:00,94992,2026-02-20 17:00:00,BUY,4995.77,5062.656607142857,4969.015357142858,5062.656607142857,0.1,668.1660714285651,6688.660714285652,2.490866607197573,TP,2026Q1,2026,35
1573,95003,2026-02-20 22:30:00,95007,2026-02-23 01:30:00,BUY,5084.82,5166.679821428571,5052.076071428572,5166.679821428571,0.1,817.8982142857119,8185.9821428571195,2.4925336583985733,TP,2026Q1,2026,4
1574,95014,2026-02-23 05:00:00,95021,2026-02-23 08:30:00,BUY,5173.74,5145.873214285714,5145.873214285714,5243.406964285714,0.1,-279.3678571428547,-2786.678571428547,-1.0,SL,2026Q1,2026,7
1575,95049,2026-02-23 22:30:00,95056,2026-02-24 03:00:00,BUY,5225.07,5198.141785714285,5198.141785714285,5292.390535714286,0.1,-269.982142857146,-2692.8214285714603,-1.0,SL,2026Q1,2026,7
1576,95066,2026-02-24 08:00:00,95078,2026-02-24 14:00:00,BUY,5182.86,5152.171071428571,5152.171071428571,5259.582321428571,0.1,-307.5892857142873,-3068.8928571428733,-1.0,SL,2026Q1,2026,12
1577,95079,2026-02-24 14:30:00,95082,2026-02-24 16:00:00,SELL,5161.47,5108.967321428571,5182.471071428572,5108.967321428571,0.1,524.3267857142898,5250.267857142899,2.488372684282763,TP,2026Q1,2026,3
1578,95155,2026-02-26 06:30:00,95167,2026-02-26 12:30:00,BUY,5194.37,5167.676428571429,5167.676428571429,5261.103928571428,0.1,-267.63571428570975,-2669.3571428570976,-1.0,SL,2026Q1,2026,12
1579,95203,2026-02-27 07:30:00,95207,2026-02-27 09:30:00,BUY,5194.82,5176.462142857143,5176.462142857143,5240.714642857142,0.1,-184.27857142857027,-1835.7857142857029,-1.0,SL,2026Q1,2026,4
1580,95233,2026-02-27 22:30:00,95236,2026-03-02 01:00:00,BUY,5257.16,5325.1876785714285,5229.948928571428,5325.1876785714285,0.1,679.5767857142862,6802.767857142862,2.4910194142982114,TP,2026Q1,2026,3
1581,95251,2026-03-02 08:30:00,95266,2026-03-02 16:00:00,BUY,5380.74,5344.136785714286,5344.136785714286,5472.248035714285,0.1,-366.73214285713874,-3660.3214285713875,-1.0,SL,2026Q1,2026,15
1582,95282,2026-03-03 01:00:00,95284,2026-03-03 02:00:00,SELL,5322.98,5358.850357142857,5358.850357142857,5233.304107142856,0.1,-359.40357142857755,-3587.0357142857756,-1.0,SL,2026Q1,2026,2
1583,95320,2026-03-03 20:00:00,95333,2026-03-04 03:30:00,SELL,5079.03,5176.996071428572,5176.996071428572,4834.114821428571,0.1,-980.3607142857193,-9796.607142857192,-1.0,SL,2026Q1,2026,13
1584,95343,2026-03-04 08:30:00,95344,2026-03-04 09:00:00,SELL,5134.0,5168.1335714285715,5168.1335714285715,5048.666071428572,0.1,-342.03571428571485,-3413.3571428571486,-1.0,SL,2026Q1,2026,1
1585,95376,2026-03-05 02:00:00,95388,2026-03-05 08:00:00,BUY,5165.34,5137.218214285715,5137.218214285715,5235.644464285715,0.1,-281.9178571428558,-2812.178571428558,-1.0,SL,2026Q1,2026,12
1586,95403,2026-03-05 15:30:00,95452,2026-03-06 17:00:00,SELL,5121.23,5151.4742857142855,5151.4742857142855,5045.619285714285,0.1,-303.1428571428598,-3024.428571428598,-1.0,SL,2026Q1,2026,49
1587,95465,2026-03-06 23:30:00,95466,2026-03-09 00:00:00,BUY,5168.2,5136.393571428572,5136.393571428572,5247.716071428571,0.1,-318.76428571428113,-3180.6428571428114,-1.0,SL,2026Q1,2026,1
1588,95527,2026-03-10 07:30:00,95547,2026-03-10 17:30:00,BUY,5171.61,5237.942142857142,5145.0771428571425,5237.942142857142,0.1,662.6214285714257,6633.214285714257,2.490790462893335,TP,2026Q1,2026,20
1589,95563,2026-03-11 02:30:00,95577,2026-03-11 09:30:00,BUY,5212.57,5186.3575,5186.3575,5278.10125,0.1,-262.82499999999635,-2621.2499999999636,-1.0,SL,2026Q1,2026,14
1590,95605,2026-03-12 00:30:00,95608,2026-03-12 02:00:00,SELL,5169.93,5126.389821428572,5187.346071428571,5126.389821428572,0.1,434.7017857142844,4354.017857142844,2.485988848267066,TP,2026Q1,2026,3
1591,95618,2026-03-12 07:00:00,95621,2026-03-12 08:30:00,SELL,5142.42,5168.814642857143,5168.814642857143,5076.433392857143,0.1,-264.6464285714257,-2639.464285714257,-1.0,SL,2026Q1,2026,3
1592,95847,2026-03-19 06:30:00,95851,2026-03-19 08:30:00,SELL,4850.12,4788.989642857143,4874.572142857142,4788.989642857143,0.1,610.6035714285706,6113.0357142857065,2.490009029739922,TP,2026Q1,2026,4
1593,95896,2026-03-20 08:00:00,95900,2026-03-20 10:00:00,SELL,4688.24,4721.730714285714,4721.730714285714,4604.513214285714,0.1,-335.607142857146,-3349.0714285714603,-1.0,SL,2026Q1,2026,4
1594,95942,2026-03-23 08:00:00,95944,2026-03-23 09:00:00,SELL,4309.91,4117.727857142857,4386.782857142857,4117.727857142857,0.1,1921.1214285714293,19218.214285714294,2.496815818789448,TP,2026Q1,2026,2
1595,95966,2026-03-23 20:00:00,95979,2026-03-24 03:30:00,BUY,4426.29,4317.0525,4317.0525,4699.38375,0.1,-1093.0750000000019,-10923.750000000018,-1.0,SL,2026Q1,2026,13
1596,96045,2026-03-25 13:30:00,96046,2026-03-25 14:00:00,BUY,4579.93,4551.664642857143,4551.664642857143,4650.593392857144,0.1,-283.3535714285728,-2826.5357142857283,-1.0,SL,2026Q1,2026,1
1597,96074,2026-03-26 05:00:00,96080,2026-03-26 08:00:00,SELL,4508.86,4416.2725,4545.8949999999995,4416.2725,0.1,925.1749999999963,9258.749999999964,2.4933971162916047,TP,2026Q1,2026,6
1598,96178,2026-03-30 12:00:00,96197,2026-03-30 21:30:00,BUY,4538.41,4510.260357142857,4510.260357142857,4608.784107142857,0.1,-282.1964285714268,-2814.964285714268,-1.0,SL,2026Q1,2026,19
1599,96245,2026-03-31 22:30:00,96275,2026-04-01 14:30:00,BUY,4673.55,4759.6875,4639.095,4759.6875,0.1,860.6749999999981,8613.749999999982,2.492903692976104,TP,2026Q1,2026,30
1600,96310,2026-04-02 09:00:00,96313,2026-04-02 10:30:00,SELL,4593.96,4646.141785714286,4646.141785714286,4463.5055357142855,0.1,-522.5178571428598,-5218.178571428598,-1.0,SL,2026Q2,2026,3
1601,96322,2026-04-02 15:00:00,96325,2026-04-02 16:30:00,SELL,4600.2,4644.091071428571,4644.091071428571,4490.472321428571,0.1,-439.61071428571194,-4389.1071428571195,-1.0,SL,2026Q2,2026,3
1602,96336,2026-04-02 22:00:00,96340,2026-04-06 01:00:00,BUY,4668.65,4625.568928571428,4625.568928571428,4776.352678571428,0.1,-431.51071428571703,-4308.10714285717,-1.0,SL,2026Q2,2026,4
1603,96341,2026-04-06 01:30:00,96348,2026-04-06 05:00:00,SELL,4635.8,4669.7225,4669.7225,4550.993750000001,0.1,-339.9249999999967,-3392.2499999999673,-1.0,SL,2026Q2,2026,7
1604,96354,2026-04-06 08:00:00,96393,2026-04-07 04:30:00,BUY,4659.11,4616.848571428571,4616.848571428571,4764.763571428571,0.1,-423.3142857142895,-4226.142857142895,-1.0,SL,2026Q2,2026,39
1605,96400,2026-04-07 08:00:00,96400,2026-04-07 08:00:00,BUY,4660.52,4636.659285714286,4636.659285714286,4720.171785714287,0.1,-239.30714285714492,-2386.0714285714494,-1.0,SL,2026Q2,2026,0
1606,96433,2026-04-08 01:30:00,96434,2026-04-08 02:00:00,BUY,4735.61,4827.426071428572,4698.883571428571,4827.426071428572,0.1,917.4607142857228,9181.607142857229,2.4933417451227675,TP,2026Q2,2026,1
1607,96447,2026-04-08 08:30:00,96456,2026-04-08 13:00:00,BUY,4815.8,4775.118928571429,4775.118928571429,4917.502678571429,0.1,-407.5107142857116,-4068.107142857116,-1.0,SL,2026Q2,2026,9
1608,96529,2026-04-10 03:30:00,96531,2026-04-10 04:30:00,SELL,4753.49,4771.168571428571,4771.168571428571,4709.293571428571,0.1,-177.48571428571557,-1767.8571428571558,-1.0,SL,2026Q2,2026,2
1609,96569,2026-04-10 23:30:00,96570,2026-04-13 01:00:00,SELL,4745.4,4688.85,4768.0199999999995,4688.85,0.1,564.7999999999927,5654.999999999927,2.4892022917584637,TP,2026Q2,2026,1
1610,96617,2026-04-14 01:30:00,96648,2026-04-14 17:00:00,BUY,4748.76,4804.404642857144,4726.502142857143,4804.404642857144,0.1,555.7464285714348,5564.464285714348,2.4890271601778484,TP,2026Q2,2026,31
1611,96660,2026-04-14 23:00:00,96671,2026-04-15 05:30:00,BUY,4844.98,4822.267857142857,4822.267857142857,4901.760357142857,0.1,-227.8214285714268,-2271.214285714268,-1.0,SL,2026Q2,2026,11
1612,96768,2026-04-17 08:00:00,96770,2026-04-17 09:00:00,BUY,4803.03,4788.198214285714,4788.198214285714,4840.109464285714,0.1,-149.01785714285614,-1483.1785714285616,-1.0,SL,2026Q2,2026,2
1613,96839,2026-04-20 20:30:00,96860,2026-04-21 08:00:00,BUY,4810.19,4787.231428571428,4787.231428571428,4867.586428571429,0.1,-230.28571428571303,-2295.8571428571304,-1.0,SL,2026Q2,2026,21
1614,96903,2026-04-22 06:30:00,96922,2026-04-22 16:00:00,BUY,4763.26,4740.4460714285715,4740.4460714285715,4820.294821428572,0.1,-228.8392857142873,-2281.3928571428733,-1.0,SL,2026Q2,2026,19
1615,96939,2026-04-23 01:30:00,96942,2026-04-23 03:00:00,SELL,4732.8,4695.658928571429,4747.6564285714285,4695.658928571429,0.1,370.71071428571196,3714.1071428571195,2.483586160692953,TP,2026Q2,2026,3
1616,96983,2026-04-23 23:30:00,97010,2026-04-24 14:00:00,SELL,4689.18,4716.327857142857,4716.327857142857,4621.310357142857,0.1,-272.1785714285699,-2714.785714285699,-1.0,SL,2026Q2,2026,27
1617,97091,2026-04-28 08:30:00,97091,2026-04-28 08:30:00,SELL,4658.18,4626.599642857143,4670.812142857143,4626.599642857143,0.1,315.10357142856884,3158.0357142856883,2.4807119158747115,TP,2026Q2,2026,0
1618,97121,2026-04-28 23:30:00,97126,2026-04-29 03:00:00,SELL,4592.68,4610.254642857143,4610.254642857143,4548.743392857144,0.1,-176.4464285714286,-1757.4642857142862,-1.0,SL,2026Q2,2026,5
1619,97215,2026-05-01 01:30:00,97220,2026-05-01 04:00:00,BUY,4631.24,4616.250714285714,4616.250714285714,4668.713214285714,0.1,-150.5928571428587,-1498.928571428587,-1.0,SL,2026Q2,2026,5
1620,97275,2026-05-04 08:30:00,97284,2026-05-04 13:00:00,SELL,4596.55,4543.506249999999,4617.7675,4543.506249999999,0.1,529.7375000000072,5304.375000000073,2.4884908984146263,TP,2026Q2,2026,9
1621,97353,2026-05-06 01:30:00,97353,2026-05-06 01:30:00,SELL,4546.59,4559.734285714286,4559.734285714286,4513.729285714287,0.1,-132.14285714285614,-1314.4285714285616,-1.0,SL,2026Q2,2026,0
1622,97368,2026-05-06 09:00:00,97377,2026-05-06 13:30:00,BUY,4663.16,4713.525178571428,4643.013928571429,4713.525178571428,0.1,502.9517857142826,5036.517857142826,2.487880929246533,TP,2026Q2,2026,9
1623,97395,2026-05-06 22:30:00,97415,2026-05-07 09:30:00,BUY,4698.41,4746.1849999999995,4679.3,4746.1849999999995,0.1,477.0499999999964,4777.499999999964,2.4872262773722866,TP,2026Q2,2026,20
1624,97485,2026-05-08 21:30:00,97490,2026-05-11 01:00:00,BUY,4725.2,4702.867142857142,4702.867142857142,4781.032142857142,0.1,-224.0285714285739,-2233.2857142857392,-1.0,SL,2026Q2,2026,5
1625,97506,2026-05-11 09:00:00,97507,2026-05-11 09:30:00,SELL,4652.19,4676.822142857142,4676.822142857142,4590.609642857143,0.1,-247.02142857142752,-2463.2142857142753,-1.0,SL,2026Q2,2026,1
1626,97531,2026-05-11 21:30:00,97552,2026-05-12 09:00:00,BUY,4727.14,4703.6275000000005,4703.6275000000005,4785.92125,0.1,-235.82499999999817,-2351.249999999982,-1.0,SL,2026Q2,2026,21
1627,97629,2026-05-14 01:30:00,97637,2026-05-14 05:30:00,BUY,4697.13,4681.553571428572,4681.553571428572,4736.071071428572,0.1,-156.4642857142855,-1557.642857142855,-1.0,SL,2026Q2,2026,8
1628,97717,2026-05-15 22:30:00,97725,2026-05-18 03:30:00,SELL,4550.04,4483.453392857143,4576.674642857143,4483.453392857143,0.1,665.1660714285724,6658.660714285725,2.4908255653778433,TP,2026Q2,2026,8
1629,97762,2026-05-18 22:00:00,97762,2026-05-18 22:00:00,SELL,4535.81,4559.748928571429,4559.748928571429,4475.962678571428,0.1,-240.0892857142873,-2393.8928571428733,-1.0,SL,2026Q2,2026,0
1630,97767,2026-05-19 01:30:00,97774,2026-05-19 05:00:00,BUY,4573.02,4552.029642857143,4552.029642857143,4625.495892857144,0.1,-210.60357142857646,-2099.0357142857647,-1.0,SL,2026Q2,2026,7
1631,97807,2026-05-19 21:30:00,97845,2026-05-20 17:30:00,SELL,4495.87,4523.107857142857,4523.107857142857,4427.7753571428575,0.1,-273.07857142857137,-2723.7857142857138,-1.0,SL,2026Q2,2026,38
1632,97854,2026-05-20 22:00:00,97873,2026-05-21 08:30:00,BUY,4542.44,4519.185714285714,4519.185714285714,4600.575714285714,0.1,-233.24285714285287,-2325.428571428529,-1.0,SL,2026Q2,2026,19
1633,97897,2026-05-21 20:30:00,97913,2026-05-22 05:30:00,BUY,4541.6,4518.580357142858,4518.580357142858,4599.149107142857,0.1,-230.8964285714257,-2301.964285714257,-1.0,SL,2026Q2,2026,16
1634,97947,2026-05-22 22:30:00,97950,2026-05-25 01:00:00,SELL,4506.96,4525.204285714286,4525.204285714286,4461.349285714286,0.1,-183.14285714285978,-1824.428571428598,-1.0,SL,2026Q2,2026,3
1635,97951,2026-05-25 01:30:00,97998,2026-05-26 04:30:00,BUY,4552.11,4533.579642857143,4533.579642857143,4598.435892857142,0.1,-186.003571428567,-1853.03571428567,-1.0,SL,2026Q2,2026,47
1636,98031,2026-05-26 21:00:00,98034,2026-05-26 22:30:00,SELL,4490.65,4509.811428571428,4509.811428571428,4442.746428571429,0.1,-192.31428571428586,-1916.1428571428587,-1.0,SL,2026Q2,2026,3
1637,98219,2026-06-01 23:00:00,98233,2026-06-02 07:00:00,SELL,4481.04,4502.3721428571425,4502.3721428571425,4427.709642857143,0.1,-214.0214285714257,-2133.214285714257,-1.0,SL,2026Q2,2026,14
1638,98261,2026-06-02 21:00:00,98288,2026-06-03 11:30:00,SELL,4484.51,4445.260892857143,4500.209642857143,4445.260892857143,0.1,391.7910714285761,3924.910714285761,2.4844638206318943,TP,2026Q2,2026,27
1639,98499,2026-06-10 02:00:00,98506,2026-06-10 05:30:00,SELL,4237.0,4174.018749999999,4262.1925,4174.018749999999,0.1,629.1125000000072,6298.125000000073,2.490301830776861,TP,2026Q2,2026,7
1640,98591,2026-06-12 02:00:00,98594,2026-06-12 03:30:00,BUY,4243.31,4205.129642857143,4205.129642857143,4338.760892857143,0.1,-382.50357142857246,-3818.0357142857247,-1.0,SL,2026Q2,2026,3
1641,98636,2026-06-15 01:30:00,98666,2026-06-15 16:30:00,BUY,4286.55,4367.986607142858,4253.975357142857,4367.986607142858,0.1,813.6660714285761,8143.660714285761,2.492494940101759,TP,2026Q2,2026,30
1642,98815,2026-06-18 22:00:00,98830,2026-06-19 06:30:00,SELL,4218.3,4157.847321428571,4242.481071428571,4157.847321428571,0.1,603.826785714288,6045.2678571428805,2.4898973535779354,TP,2026Q2,2026,15
1643,98844,2026-06-19 13:30:00,98848,2026-06-19 15:30:00,SELL,4153.59,4174.998214285715,4174.998214285715,4100.069464285713,0.1,-214.78214285715075,-2140.8214285715076,-1.0,SL,2026Q2,2026,4
1644,98872,2026-06-22 08:30:00,98892,2026-06-22 18:30:00,BUY,4194.02,4170.06392857143,4170.06392857143,4253.910178571428,0.1,-240.26071428570793,-2395.6071428570795,-1.0,SL,2026Q2,2026,20
1645,98950,2026-06-24 01:30:00,98955,2026-06-24 04:00:00,SELL,4105.73,4070.177321428571,4119.951071428571,4070.177321428571,0.1,354.82678571428715,3555.2678571428714,2.482856428839249,TP,2026Q2,2026,5
1646,98969,2026-06-24 11:00:00,98977,2026-06-24 15:00:00,SELL,4074.57,4013.2039285714286,4099.1164285714285,4013.2039285714286,0.1,612.9607142857155,6136.607142857156,2.4900472971012664,TP,2026Q2,2026,8
1647,99036,2026-06-25 21:30:00,99044,2026-06-26 02:30:00,BUY,4044.21,4015.175357142857,4015.175357142857,4116.796607142857,0.1,-291.046428571429,-2903.46428571429,-1.0,SL,2026Q2,2026,8
1648,99101,2026-06-29 08:00:00,99138,2026-06-30 03:30:00,SELL,4051.96,3993.210892857143,4075.4596428571426,3993.210892857143,0.1,586.7910714285715,5874.910714285716,2.489605273126781,TP,2026Q2,2026,37
1649,99160,2026-06-30 14:30:00,99162,2026-06-30 15:30:00,BUY,4031.94,4012.016785714286,4012.016785714286,4081.7480357142854,0.1,-199.93214285714038,-1992.3214285714039,-1.0,SL,2026Q2,2026,2
1650,99176,2026-06-30 22:30:00,99187,2026-07-01 05:00:00,SELL,4020.99,3971.4846428571427,4040.7921428571426,3971.4846428571427,0.1,494.35357142857066,4950.5357142857065,2.487671183638259,TP,2026Q2,2026,11
1651,99266,2026-07-02 21:30:00,99311,2026-07-06 02:00:00,BUY,4123.2,4199.6705357142855,4092.6117857142854,4199.6705357142855,0.1,764.0053571428568,7647.053571428569,2.4920086669850625,TP,2026Q3,2026,45
1652,99323,2026-07-06 08:00:00,99386,2026-07-07 16:30:00,SELL,4159.26,4179.034285714286,4179.034285714286,4109.824285714286,0.1,-198.44285714285724,-1977.4285714285725,-1.0,SL,2026Q3,2026,63
1653,99397,2026-07-07 22:00:00,99422,2026-07-08 11:30:00,SELL,4126.45,4078.5919642857134,4145.593214285715,4078.5919642857134,0.1,477.88035714286417,4785.803571428642,2.4872483595739308,TP,2026Q3,2026,25
1654,99537,2026-07-10 23:00:00,99539,2026-07-13 01:00:00,BUY,4108.36,4090.2303571428565,4090.2303571428565,4153.684107142857,0.1,-181.99642857143152,-1812.9642857143153,-1.0,SL,2026Q3,2026,2
1655,99564,2026-07-13 13:30:00,99571,2026-07-13 17:00:00,SELL,4065.02,4025.8967857142857,4080.6692857142857,4025.8967857142857,0.1,390.5321428571431,3912.321428571431,2.4844140500749763,TP,2026Q3,2026,7
1656,99683,2026-07-16 04:00:00,99706,2026-07-16 15:30:00,SELL,4044.38,4005.682678571429,4059.858928571429,4005.682678571429,0.1,386.27321428571287,3869.7321428571286,2.484243287318803,TP,2026Q3,2026,23
1657,99749,2026-07-17 14:00:00,99757,2026-07-17 18:00:00,SELL,3990.66,4004.883214285714,4004.883214285714,3955.101964285714,0.1,-142.9321428571422,-1422.321428571422,-1.0,SL,2026Q3,2026,8
1658,99789,2026-07-20 11:00:00,99801,2026-07-20 17:00:00,BUY,4017.19,4001.5107142857146,4001.5107142857146,4056.388214285714,0.1,-157.4928571428547,-1567.928571428547,-1.0,SL,2026Q3,2026,12
1659,99856,2026-07-21 21:30:00,99869,2026-07-22 05:00:00,BUY,4083.88,4123.782678571429,4067.9189285714288,4123.782678571429,0.1,398.32678571428625,3990.2678571428623,2.484717178693177,TP,2026Q3,2026,13
1660,99947,2026-07-23 21:00:00,99977,2026-07-24 13:00:00,SELL,4041.58,4061.430357142857,4061.430357142857,3991.9541071428575,0.1,-199.20357142856864,-1985.0357142856865,-1.0,SL,2026Q3,2026,30
