id,entry_bar,entry_time,exit_bar,exit_time,direction,entry_price,exit_price,sl,tp,lots,pnl_usd,pnl_pts,pnl_r,exit_reason,quarter,year,holding_bars
1,102,2018-02-05 20:00:00,106,2018-02-05 22:00:00,SELL,1334.79,1338.6985714285713,1338.6985714285713,1326.9728571428573,0.1,-39.785714285713496,-390.85714285713493,-1.0,SL,2018Q1,2018,4
2,115,2018-02-06 03:30:00,116,2018-02-06 04:00:00,SELL,1336.76,1342.3514285714286,1342.3514285714286,1325.5771428571427,0.1,-56.61428571428651,-559.1428571428651,-1.0,SL,2018Q1,2018,1
3,131,2018-02-06 11:30:00,137,2018-02-06 14:30:00,BUY,1341.99,1338.2271428571428,1338.2271428571428,1349.5157142857142,0.1,-38.32857142857229,-376.28571428572286,-1.0,SL,2018Q1,2018,6
4,177,2018-02-07 11:30:00,184,2018-02-07 15:00:00,SELL,1329.31,1323.2957142857142,1332.3171428571427,1323.2957142857142,0.1,59.442857142857335,601.4285714285734,1.9317548746518822,TP,2018Q1,2018,7
5,205,2018-02-08 02:30:00,239,2018-02-08 19:30:00,SELL,1315.58,1321.4542857142856,1321.4542857142856,1303.8314285714284,0.1,-59.44285714285634,-587.4285714285634,-1.0,SL,2018Q1,2018,34
6,255,2018-02-09 04:30:00,299,2018-02-12 03:30:00,SELL,1318.04,1322.3842857142856,1322.3842857142856,1309.3514285714284,0.1,-44.14285714285661,-434.4285714285661,-1.0,SL,2018Q1,2018,44
7,314,2018-02-12 11:00:00,320,2018-02-12 14:00:00,BUY,1321.83,1318.6971428571428,1318.6971428571428,1328.0957142857144,0.1,-32.0285714285712,-313.28571428571195,-1.0,SL,2018Q1,2018,6
8,326,2018-02-12 17:00:00,363,2018-02-13 12:30:00,BUY,1322.93,1330.5528571428572,1319.1185714285716,1330.5528571428572,0.1,75.52857142857128,762.2857142857129,1.9458962090541605,TP,2018Q1,2018,37
9,368,2018-02-13 15:00:00,370,2018-02-13 16:00:00,BUY,1328.36,1324.9214285714284,1324.9214285714284,1335.2371428571428,0.1,-35.0857142857155,-343.85714285715494,-1.0,SL,2018Q1,2018,2
10,374,2018-02-13 18:00:00,395,2018-02-14 05:30:00,BUY,1328.82,1336.8057142857144,1324.8271428571427,1336.8057142857144,0.1,79.15714285714493,798.5714285714494,1.948312236286921,TP,2018Q1,2018,21
11,417,2018-02-14 16:30:00,418,2018-02-14 17:00:00,BUY,1333.25,1343.9728571428573,1327.8885714285714,1343.9728571428573,0.1,106.52857142857265,1072.2857142857265,1.961336138874277,TP,2018Q1,2018,1
12,419,2018-02-14 17:30:00,488,2018-02-16 06:00:00,BUY,1344.55,1359.192857142857,1337.2285714285713,1359.192857142857,0.1,145.72857142857112,1464.285714285711,1.9715887127947127,TP,2018Q1,2018,69
13,531,2018-02-19 04:30:00,537,2018-02-19 07:30:00,BUY,1350.79,1346.3857142857144,1346.3857142857144,1359.5985714285714,0.1,-44.74285714285607,-440.42857142856064,-1.0,SL,2018Q1,2018,6
14,548,2018-02-19 13:00:00,563,2018-02-20 01:30:00,BUY,1348.46,1345.5900000000001,1345.5900000000001,1354.2,0.1,-29.399999999998908,-286.9999999999891,-1.0,SL,2018Q1,2018,15
15,564,2018-02-20 02:00:00,579,2018-02-20 09:30:00,SELL,1345.24,1338.9714285714288,1348.3742857142856,1338.9714285714288,0.1,61.98571428571249,626.8571428571249,1.9344627730717767,TP,2018Q1,2018,15
16,589,2018-02-20 14:30:00,592,2018-02-20 16:00:00,SELL,1338.44,1341.707142857143,1341.707142857143,1331.9057142857143,0.1,-33.37142857142972,-326.71428571429715,-1.0,SL,2018Q1,2018,3
17,596,2018-02-20 18:00:00,615,2018-02-21 04:30:00,SELL,1337.97,1327.4071428571428,1343.2514285714287,1327.4071428571428,0.1,104.92857142857183,1056.2857142857183,1.960758142018111,TP,2018Q1,2018,19
18,634,2018-02-21 14:00:00,638,2018-02-21 16:00:00,SELL,1328.11,1331.2071428571428,1331.2071428571428,1321.915714285714,0.1,-31.671428571428986,-309.7142857142899,-1.0,SL,2018Q1,2018,4
19,643,2018-02-21 18:30:00,648,2018-02-21 21:00:00,SELL,1328.15,1331.9442857142858,1331.9442857142858,1320.5614285714287,0.1,-38.64285714285707,-379.42857142857065,-1.0,SL,2018Q1,2018,5
20,650,2018-02-21 22:00:00,751,2018-02-26 03:30:00,SELL,1326.34,1332.8214285714284,1332.8214285714284,1313.3771428571429,0.1,-65.51428571428524,-648.1428571428523,-1.0,SL,2018Q1,2018,101
21,775,2018-02-26 15:30:00,776,2018-02-26 16:00:00,BUY,1338.16,1335.2342857142858,1335.2342857142858,1344.011428571429,0.1,-29.957142857143207,-292.5714285714321,-1.0,SL,2018Q1,2018,1
22,795,2018-02-27 02:30:00,806,2018-02-27 08:00:00,BUY,1334.28,1331.4942857142858,1331.4942857142858,1339.8514285714286,0.1,-28.557142857142207,-278.5714285714221,-1.0,SL,2018Q1,2018,11
23,809,2018-02-27 09:30:00,820,2018-02-27 15:00:00,BUY,1334.12,1331.205714285714,1331.205714285714,1339.9485714285715,0.1,-29.842857142858247,-291.4285714285825,-1.0,SL,2018Q1,2018,11
24,856,2018-02-28 10:00:00,859,2018-02-28 11:30:00,SELL,1318.1,1320.652857142857,1320.652857142857,1312.9942857142855,0.1,-26.22857142857192,-255.28571428571922,-1.0,SL,2018Q1,2018,3
25,867,2018-02-28 15:30:00,869,2018-02-28 16:30:00,SELL,1318.68,1321.7385714285715,1321.7385714285715,1312.5628571428572,0.1,-31.285714285714402,-305.857142857144,-1.0,SL,2018Q1,2018,2
26,870,2018-02-28 17:00:00,910,2018-03-01 14:00:00,SELL,1317.97,1310.0442857142857,1321.932857142857,1310.0442857142857,0.1,78.5571428571432,792.5714285714321,1.9479277364506393,TP,2018Q1,2018,40
27,916,2018-03-01 17:00:00,919,2018-03-01 18:30:00,SELL,1307.04,1311.4771428571428,1311.4771428571428,1298.165714285714,0.1,-45.07142857142817,-443.7142857142817,-1.0,SL,2018Q1,2018,3
28,921,2018-03-01 19:30:00,925,2018-03-01 21:30:00,SELL,1309.36,1315.9085714285713,1315.9085714285713,1296.262857142857,0.1,-66.1857142857145,-654.8571428571449,-1.0,SL,2018Q1,2018,4
29,952,2018-03-02 12:00:00,954,2018-03-02 13:00:00,SELL,1316.31,1319.1785714285713,1319.1785714285713,1310.572857142857,0.1,-29.385714285713856,-286.85714285713857,-1.0,SL,2018Q1,2018,2
30,968,2018-03-02 20:00:00,1051,2018-03-06 15:30:00,BUY,1320.76,1331.6914285714286,1315.2942857142857,1331.6914285714286,0.1,108.61428571428569,1093.1428571428569,1.962064516129032,TP,2018Q1,2018,83
31,1075,2018-03-07 04:30:00,1086,2018-03-07 10:00:00,BUY,1335.37,1331.74,1331.74,1342.6299999999997,0.1,-36.99999999999882,-362.9999999999882,-1.0,SL,2018Q1,2018,11
32,1120,2018-03-08 04:00:00,1141,2018-03-08 14:30:00,BUY,1327.05,1323.6842857142856,1323.6842857142856,1333.7814285714285,0.1,-34.35714285714376,-336.57142857143754,-1.0,SL,2018Q1,2018,21
33,1143,2018-03-08 15:30:00,1147,2018-03-08 17:30:00,SELL,1325.33,1319.5214285714285,1328.2342857142855,1319.5214285714285,0.1,57.3857142857144,580.857142857144,1.9293948126801892,TP,2018Q1,2018,4
34,1158,2018-03-08 23:00:00,1189,2018-03-09 15:30:00,SELL,1322.04,1313.3257142857142,1326.3971428571429,1313.3257142857142,0.1,86.44285714285779,871.4285714285779,1.9525653436592452,TP,2018Q1,2018,31
35,1191,2018-03-09 16:30:00,1191,2018-03-09 16:30:00,SELL,1317.12,1321.1414285714284,1321.1414285714284,1309.0771428571427,0.1,-40.91428571428487,-402.1428571428487,-1.0,SL,2018Q1,2018,0
36,1211,2018-03-12 02:30:00,1231,2018-03-12 12:30:00,SELL,1321.77,1316.5557142857142,1324.3771428571429,1316.5557142857142,0.1,51.44285714285779,521.4285714285779,1.9215581643543231,TP,2018Q1,2018,20
37,1238,2018-03-12 16:00:00,1244,2018-03-12 19:00:00,SELL,1317.35,1320.7585714285713,1320.7585714285713,1310.532857142857,0.1,-34.785714285713496,-340.85714285713493,-1.0,SL,2018Q1,2018,6
38,1263,2018-03-13 05:30:00,1272,2018-03-13 10:00:00,SELL,1321.6,1317.6457142857141,1323.5771428571427,1317.6457142857141,0.1,38.84285714285788,395.42857142857883,1.8974180041871274,TP,2018Q1,2018,9
39,1306,2018-03-14 04:00:00,1317,2018-03-14 09:30:00,BUY,1326.82,1324.6585714285713,1324.6585714285713,1331.142857142857,0.1,-22.31428571428587,-216.1428571428587,-1.0,SL,2018Q1,2018,11
40,1326,2018-03-14 14:00:00,1327,2018-03-14 14:30:00,BUY,1326.33,1323.2,1323.2,1332.59,0.1,-31.999999999998817,-312.9999999999882,-1.0,SL,2018Q1,2018,1
41,1337,2018-03-14 19:30:00,1372,2018-03-15 14:00:00,BUY,1325.34,1321.1185714285714,1321.1185714285714,1333.7828571428568,0.1,-42.91428571428533,-422.14285714285325,-1.0,SL,2018Q1,2018,35
42,1400,2018-03-16 05:00:00,1408,2018-03-16 09:00:00,SELL,1316.18,1318.5214285714287,1318.5214285714287,1311.4971428571428,0.1,-24.114285714286506,-234.14285714286507,-1.0,SL,2018Q1,2018,8
43,1420,2018-03-16 15:00:00,1421,2018-03-16 15:30:00,SELL,1318.03,1313.012857142857,1320.5385714285715,1313.012857142857,0.1,49.47142857142971,501.71428571429715,1.9185595567867053,TP,2018Q1,2018,1
44,1439,2018-03-19 01:30:00,1452,2018-03-19 08:00:00,SELL,1313.34,1308.1914285714283,1315.9142857142856,1308.1914285714283,0.1,50.785714285715855,514.8571428571586,1.9205834683955467,TP,2018Q1,2018,13
45,1463,2018-03-19 13:30:00,1464,2018-03-19 14:00:00,SELL,1310.25,1313.0800000000002,1313.0800000000002,1304.59,0.1,-29.000000000001545,-283.00000000001546,-1.0,SL,2018Q1,2018,1
46,1490,2018-03-20 04:00:00,1506,2018-03-20 12:00:00,SELL,1316.03,1312.252857142857,1317.9185714285713,1312.252857142857,0.1,37.07142857142962,377.71428571429624,1.8927789934355612,TP,2018Q1,2018,16
47,1518,2018-03-20 18:00:00,1546,2018-03-21 09:00:00,SELL,1311.41,1315.8114285714287,1315.8114285714287,1302.607142857143,0.1,-44.714285714285964,-440.1428571428596,-1.0,SL,2018Q1,2018,28
48,1570,2018-03-21 21:00:00,1648,2018-03-23 14:00:00,BUY,1330.6,1346.2971428571427,1322.7514285714285,1346.2971428571427,0.1,156.2714285714281,1569.7142857142808,1.9734800649467796,TP,2018Q1,2018,78
49,1665,2018-03-23 22:30:00,1740,2018-03-27 15:00:00,BUY,1348.43,1343.077142857143,1343.077142857143,1359.1357142857141,0.1,-54.22857142857147,-535.2857142857147,-1.0,SL,2018Q1,2018,75
50,1759,2018-03-28 01:30:00,1773,2018-03-28 08:30:00,BUY,1345.59,1342.1942857142856,1342.1942857142856,1352.3814285714286,0.1,-34.657142857143484,-339.5714285714348,-1.0,SL,2018Q1,2018,14
51,1814,2018-03-29 06:00:00,1833,2018-03-29 15:30:00,SELL,1327.49,1321.9128571428573,1330.2785714285715,1321.9128571428573,0.1,55.07142857142689,557.714285714269,1.926536731634104,TP,2018Q1,2018,19
52,1834,2018-03-29 16:00:00,1847,2018-03-29 22:30:00,SELL,1322.63,1326.2585714285715,1326.2585714285715,1315.3728571428571,0.1,-36.98571428571377,-362.85714285713766,-1.0,SL,2018Q1,2018,13
53,1912,2018-04-03 09:00:00,1916,2018-04-03 11:00:00,BUY,1339.58,1337.0014285714285,1337.0014285714285,1344.7371428571428,0.1,-26.48571428571422,-257.8571428571422,-1.0,SL,2018Q2,2018,4
54,1925,2018-04-03 15:30:00,1926,2018-04-03 16:00:00,BUY,1340.16,1336.6342857142859,1336.6342857142859,1347.2114285714288,0.1,-35.9571428571423,-352.571428571423,-1.0,SL,2018Q2,2018,1
55,1948,2018-04-04 04:00:00,1951,2018-04-04 05:30:00,SELL,1332.42,1335.0914285714287,1335.0914285714287,1327.077142857143,0.1,-27.41428571428578,-267.1428571428578,-1.0,SL,2018Q2,2018,3
56,1957,2018-04-04 08:30:00,1960,2018-04-04 10:00:00,SELL,1333.73,1336.0385714285715,1336.0385714285715,1329.112857142857,0.1,-23.785714285714402,-230.85714285714403,-1.0,SL,2018Q2,2018,3
57,2015,2018-04-05 14:30:00,2037,2018-04-06 02:30:00,SELL,1328.63,1331.757142857143,1331.757142857143,1322.3757142857144,0.1,-31.971428571428714,-312.71428571428714,-1.0,SL,2018Q2,2018,22
58,2047,2018-04-06 07:30:00,2052,2018-04-06 10:00:00,SELL,1328.66,1322.6314285714286,1331.6742857142858,1322.6314285714286,0.1,59.58571428571467,602.8571428571468,1.9319129226493752,TP,2018Q2,2018,5
59,2086,2018-04-09 04:00:00,2110,2018-04-09 16:00:00,SELL,1331.35,1334.2742857142857,1334.2742857142857,1325.5014285714285,0.1,-29.942857142858156,-292.42857142858156,-1.0,SL,2018Q2,2018,24
60,2145,2018-04-10 10:30:00,2164,2018-04-10 20:00:00,BUY,1335.56,1341.7885714285715,1332.4457142857143,1341.7885714285715,0.1,61.58571428571513,622.8571428571513,1.934051144010837,TP,2018Q2,2018,19
61,2173,2018-04-11 01:30:00,2198,2018-04-11 14:00:00,BUY,1340.45,1348.504285714286,1336.422857142857,1348.504285714286,0.1,79.84285714285924,805.4285714285925,1.9487447698744782,TP,2018Q2,2018,25
62,2217,2018-04-11 23:30:00,2243,2018-04-12 13:30:00,BUY,1353.0,1344.5257142857142,1344.5257142857142,1369.9485714285713,0.1,-85.4428571428577,-847.428571428577,-1.0,SL,2018Q2,2018,26
63,2280,2018-04-13 09:00:00,2282,2018-04-13 10:00:00,SELL,1338.32,1340.542857142857,1340.542857142857,1333.8742857142856,0.1,-22.928571428570375,-222.28571428570376,-1.0,SL,2018Q2,2018,2
64,2290,2018-04-13 14:00:00,2295,2018-04-13 16:30:00,SELL,1338.91,1341.987142857143,1341.987142857143,1332.7557142857142,0.1,-31.47142857142917,-307.7142857142917,-1.0,SL,2018Q2,2018,5
65,2311,2018-04-16 01:30:00,2312,2018-04-16 02:00:00,SELL,1340.67,1344.9071428571428,1344.9071428571428,1332.1957142857143,0.1,-43.07142857142772,-423.71428571427714,-1.0,SL,2018Q2,2018,1
66,2313,2018-04-16 02:30:00,2328,2018-04-16 10:00:00,BUY,1345.75,1341.31,1341.31,1354.63,0.1,-45.10000000000055,-444.00000000000546,-1.0,SL,2018Q2,2018,15
67,2330,2018-04-16 11:00:00,2375,2018-04-17 10:30:00,BUY,1345.17,1341.4357142857143,1341.4357142857143,1352.6385714285716,0.1,-38.04285714285761,-373.4285714285761,-1.0,SL,2018Q2,2018,45
68,2389,2018-04-17 17:30:00,2393,2018-04-17 19:30:00,SELL,1341.08,1346.205714285714,1346.205714285714,1330.8285714285714,0.1,-51.95714285714139,-512.5714285714139,-1.0,SL,2018Q2,2018,4
69,2407,2018-04-18 03:30:00,2409,2018-04-18 04:30:00,BUY,1346.04,1343.8128571428572,1343.8128571428572,1350.4942857142858,0.1,-22.971428571427804,-222.71428571427805,-1.0,SL,2018Q2,2018,2
70,2419,2018-04-18 09:30:00,2420,2018-04-18 10:00:00,BUY,1345.7,1343.2642857142857,1343.2642857142857,1350.5714285714287,0.1,-25.057142857143116,-243.57142857143117,-1.0,SL,2018Q2,2018,1
71,2422,2018-04-18 11:00:00,2424,2018-04-18 12:00:00,BUY,1346.24,1343.3771428571429,1343.3771428571429,1351.9657142857145,0.1,-29.328571428571376,-286.28571428571377,-1.0,SL,2018Q2,2018,2
72,2425,2018-04-18 12:30:00,2430,2018-04-18 15:00:00,BUY,1345.76,1352.3028571428574,1342.4885714285713,1352.3028571428574,0.1,64.72857142857428,654.2857142857429,1.9371526293287755,TP,2018Q2,2018,5
73,2435,2018-04-18 17:30:00,2444,2018-04-18 22:00:00,BUY,1353.33,1347.642857142857,1347.642857142857,1364.7042857142856,0.1,-57.57142857142817,-568.7142857142817,-1.0,SL,2018Q2,2018,9
74,2449,2018-04-19 01:30:00,2470,2018-04-19 12:00:00,BUY,1350.1,1346.9614285714285,1346.9614285714285,1356.3771428571429,0.1,-32.08571428571368,-313.85714285713675,-1.0,SL,2018Q2,2018,21
75,2476,2018-04-19 15:00:00,2476,2018-04-19 15:00:00,BUY,1350.73,1346.47,1346.47,1359.2499999999998,0.1,-43.29999999999991,-425.9999999999991,-1.0,SL,2018Q2,2018,0
76,2502,2018-04-20 05:00:00,2524,2018-04-20 16:00:00,SELL,1342.41,1336.3928571428573,1345.4185714285716,1336.3928571428573,0.1,59.47142857142744,601.7142857142744,1.9317865429233612,TP,2018Q2,2018,22
77,2525,2018-04-20 16:30:00,2567,2018-04-23 14:30:00,SELL,1336.14,1327.117142857143,1340.6514285714286,1327.117142857143,0.1,89.52857142856992,902.2857142856992,1.9541627689429364,TP,2018Q2,2018,42
78,2593,2018-04-24 04:30:00,2593,2018-04-24 04:30:00,SELL,1323.7,1326.53,1326.53,1318.04,0.1,-28.99999999999927,-282.9999999999927,-1.0,SL,2018Q2,2018,0
79,2604,2018-04-24 10:00:00,2617,2018-04-24 16:30:00,SELL,1324.71,1328.3157142857144,1328.3157142857144,1317.4985714285715,0.1,-36.75714285714385,-360.57142857143845,-1.0,SL,2018Q2,2018,13
80,2637,2018-04-25 03:30:00,2648,2018-04-25 09:00:00,SELL,1330.01,1325.3842857142856,1332.3228571428572,1325.3842857142856,0.1,45.55714285714366,462.5714285714366,1.9118705035971237,TP,2018Q2,2018,11
81,2670,2018-04-25 20:00:00,2696,2018-04-26 10:00:00,SELL,1322.18,1325.8957142857143,1325.8957142857143,1314.7485714285715,0.1,-37.85714285714285,-371.57142857142844,-1.0,SL,2018Q2,2018,26
82,2698,2018-04-26 11:00:00,2710,2018-04-26 17:00:00,SELL,1323.45,1318.4357142857143,1325.957142857143,1318.4357142857143,0.1,49.442857142857335,501.4285714285734,1.918514412416767,TP,2018Q2,2018,12
83,2711,2018-04-26 17:30:00,2765,2018-04-27 21:30:00,SELL,1319.1,1324.1642857142856,1324.1642857142856,1308.9714285714285,0.1,-51.342857142856886,-506.42857142856883,-1.0,SL,2018Q2,2018,54
84,2780,2018-04-30 06:00:00,2791,2018-04-30 11:30:00,SELL,1322.09,1316.6842857142858,1324.792857142857,1316.6842857142858,0.1,53.35714285714111,540.5714285714112,1.924265842349302,TP,2018Q2,2018,11
85,2804,2018-04-30 18:00:00,2807,2018-04-30 19:30:00,SELL,1313.69,1317.927142857143,1317.927142857143,1305.2157142857143,0.1,-43.07142857142999,-423.7142857142999,-1.0,SL,2018Q2,2018,3
86,2814,2018-04-30 23:00:00,2848,2018-05-01 17:00:00,SELL,1314.41,1304.267142857143,1319.4814285714288,1304.267142857143,0.1,100.7285714285711,1014.285714285711,1.9591553209224348,TP,2018Q2,2018,34
87,2855,2018-05-01 20:30:00,2872,2018-05-02 06:00:00,SELL,1306.12,1310.4514285714283,1310.4514285714283,1297.457142857143,0.1,-44.01428571428433,-433.14285714284324,-1.0,SL,2018Q2,2018,17
88,2890,2018-05-02 15:00:00,2902,2018-05-02 21:00:00,SELL,1309.28,1311.9971428571428,1311.9971428571428,1303.8457142857142,0.1,-27.871428571427895,-271.71428571427896,-1.0,SL,2018Q2,2018,12
89,2905,2018-05-02 22:30:00,2929,2018-05-03 11:30:00,SELL,1306.0,1310.952857142857,1310.952857142857,1296.0942857142857,0.1,-50.22857142857056,-495.2857142857056,-1.0,SL,2018Q2,2018,24
90,2948,2018-05-03 21:00:00,2975,2018-05-04 11:30:00,BUY,1313.48,1308.9071428571428,1308.9071428571428,1322.6257142857144,0.1,-46.42857142857174,-457.2857142857174,-1.0,SL,2018Q2,2018,27
91,2982,2018-05-04 15:00:00,2984,2018-05-04 16:00:00,BUY,1311.53,1309.03,1309.03,1316.5299999999997,0.1,-25.7,-250.0,-1.0,SL,2018Q2,2018,2
92,2987,2018-05-04 17:30:00,3077,2018-05-08 16:30:00,BUY,1311.09,1306.9985714285715,1306.9985714285715,1319.2728571428568,0.1,-41.614285714284236,-409.14285714284233,-1.0,SL,2018Q2,2018,90
93,3136,2018-05-09 23:00:00,3146,2018-05-10 05:00:00,SELL,1311.65,1315.0857142857144,1315.0857142857144,1304.7785714285715,0.1,-35.05714285714312,-343.57142857143117,-1.0,SL,2018Q2,2018,10
94,3160,2018-05-10 12:00:00,3167,2018-05-10 15:30:00,BUY,1315.22,1321.1714285714286,1312.2442857142858,1321.1714285714286,0.1,58.814285714285504,595.1428571428551,1.9310506566604124,TP,2018Q2,2018,7
95,3174,2018-05-10 19:00:00,3270,2018-05-14 21:00:00,BUY,1319.38,1314.97,1314.97,1328.2,0.1,-44.80000000000082,-441.0000000000082,-1.0,SL,2018Q2,2018,96
96,3333,2018-05-16 06:30:00,3340,2018-05-16 10:00:00,SELL,1293.76,1296.357142857143,1296.357142857143,1288.5657142857144,0.1,-26.671428571428986,-259.7142857142899,-1.0,SL,2018Q2,2018,7
97,3344,2018-05-16 12:00:00,3349,2018-05-16 14:30:00,SELL,1292.99,1287.7157142857143,1295.6271428571429,1287.7157142857143,0.1,52.042857142857244,527.4285714285725,1.9224274406332456,TP,2018Q2,2018,5
98,3354,2018-05-16 17:00:00,3474,2018-05-21 08:00:00,SELL,1290.97,1287.52,1295.392857142857,1282.1242857142856,0.1,33.80000000000045,345.00000000000455,0.7523052464229135,TIME_EXIT,2018Q2,2018,120
99,3514,2018-05-22 05:00:00,3526,2018-05-22 11:00:00,SELL,1290.86,1292.9842857142858,1292.9842857142858,1286.6114285714284,0.1,-21.94285714285861,-212.4285714285861,-1.0,SL,2018Q2,2018,12
100,3527,2018-05-22 11:30:00,3538,2018-05-22 17:00:00,BUY,1294.39,1291.4271428571428,1291.4271428571428,1300.3157142857144,0.1,-30.32857142857274,-296.2857142857274,-1.0,SL,2018Q2,2018,11
101,3544,2018-05-22 20:00:00,3552,2018-05-23 01:00:00,BUY,1294.29,1290.722857142857,1290.722857142857,1301.4242857142858,0.1,-36.37142857142926,-356.7142857142926,-1.0,SL,2018Q2,2018,8
102,3555,2018-05-23 02:30:00,3567,2018-05-23 08:30:00,BUY,1292.87,1290.6499999999999,1290.6499999999999,1297.31,0.1,-22.900000000000272,-222.00000000000273,-1.0,SL,2018Q2,2018,12
103,3571,2018-05-23 10:30:00,3582,2018-05-23 16:00:00,BUY,1293.08,1290.192857142857,1290.192857142857,1298.8542857142854,0.1,-29.571428571428623,-288.71428571428623,-1.0,SL,2018Q2,2018,11
104,3587,2018-05-23 18:30:00,3629,2018-05-24 16:30:00,BUY,1293.41,1302.6385714285714,1288.7957142857144,1302.6385714285714,0.1,91.58571428571285,922.8571428571286,1.9551692589204017,TP,2018Q2,2018,42
105,3662,2018-05-25 10:00:00,3673,2018-05-25 15:30:00,BUY,1303.44,1307.1457142857143,1301.587142857143,1307.1457142857143,0.1,36.35714285714293,370.57142857142935,1.8907875185735514,TP,2018Q2,2018,11
106,3674,2018-05-25 16:00:00,3675,2018-05-25 16:30:00,BUY,1307.58,1304.2485714285713,1304.2485714285713,1314.242857142857,0.1,-34.0142857142866,-333.142857142866,-1.0,SL,2018Q2,2018,1
107,3714,2018-05-28 13:00:00,3745,2018-05-29 09:30:00,BUY,1298.78,1296.4257142857143,1296.4257142857143,1303.4885714285713,0.1,-24.24285714285652,-235.4285714285652,-1.0,SL,2018Q2,2018,31
108,3746,2018-05-29 10:00:00,3748,2018-05-29 11:00:00,SELL,1296.71,1299.637142857143,1299.637142857143,1290.8557142857142,0.1,-29.971428571430533,-292.71428571430533,-1.0,SL,2018Q2,2018,2
109,3762,2018-05-29 18:00:00,3882,2018-06-01 09:00:00,BUY,1302.51,1298.97,1295.35,1316.83,0.1,-36.09999999999964,-353.99999999999636,-0.4993084370677625,TIME_EXIT,2018Q2,2018,120
110,3883,2018-06-01 09:30:00,3893,2018-06-01 14:30:00,SELL,1298.93,1294.45,1301.17,1294.45,0.1,44.10000000000018,448.0000000000018,1.9090909090909094,TP,2018Q2,2018,10
111,3902,2018-06-01 19:00:00,4022,2018-06-06 10:00:00,SELL,1296.31,1298.26,1301.1714285714286,1286.587142857143,0.1,-20.200000000000454,-195.00000000000455,-0.4096176129779879,TIME_EXIT,2018Q2,2018,120
112,4024,2018-06-06 11:00:00,4025,2018-06-06 11:30:00,BUY,1298.33,1296.4314285714286,1296.4314285714286,1302.1271428571426,0.1,-19.685714285713583,-189.85714285713584,-1.0,SL,2018Q2,2018,1
113,4033,2018-06-06 15:30:00,4078,2018-06-07 15:00:00,BUY,1296.92,1302.6742857142858,1294.0428571428572,1302.6742857142858,0.1,56.842857142857426,575.4285714285743,1.9287445467765394,TP,2018Q2,2018,45
114,4079,2018-06-07 15:30:00,4080,2018-06-07 16:00:00,BUY,1302.64,1299.97,1299.97,1307.9800000000002,0.1,-27.400000000000727,-267.0000000000073,-1.0,SL,2018Q2,2018,1
115,4089,2018-06-07 20:30:00,4110,2018-06-08 08:00:00,BUY,1298.92,1294.7442857142858,1294.7442857142858,1307.2714285714287,0.1,-42.45714285714321,-417.5714285714321,-1.0,SL,2018Q2,2018,21
116,4116,2018-06-08 11:00:00,4162,2018-06-11 11:00:00,BUY,1298.55,1295.3914285714286,1295.3914285714286,1304.8671428571427,0.1,-32.285714285713496,-315.85714285713493,-1.0,SL,2018Q2,2018,46
117,4171,2018-06-11 15:30:00,4216,2018-06-12 15:00:00,BUY,1298.5,1295.88,1295.88,1303.7399999999998,0.1,-26.899999999998908,-261.9999999999891,-1.0,SL,2018Q2,2018,45
118,4217,2018-06-12 15:30:00,4218,2018-06-12 16:00:00,SELL,1293.78,1296.482857142857,1296.482857142857,1288.3742857142856,0.1,-27.728571428570557,-270.2857142857056,-1.0,SL,2018Q2,2018,1
119,4225,2018-06-12 19:30:00,4276,2018-06-13 22:00:00,SELL,1297.06,1300.6142857142859,1300.6142857142859,1289.9514285714283,0.1,-36.24285714285925,-355.4285714285925,-1.0,SL,2018Q2,2018,51
120,4288,2018-06-14 05:00:00,4308,2018-06-14 15:00:00,BUY,1298.48,1306.2742857142855,1294.5828571428572,1306.2742857142855,0.1,77.24285714285479,779.4285714285479,1.9470651782498525,TP,2018Q2,2018,20
121,4314,2018-06-14 18:00:00,4319,2018-06-14 20:30:00,BUY,1307.18,1302.4185714285716,1302.4185714285716,1316.702857142857,0.1,-48.31428571428496,-476.1428571428496,-1.0,SL,2018Q2,2018,5
122,4335,2018-06-15 05:30:00,4341,2018-06-15 08:30:00,BUY,1302.73,1300.6200000000001,1300.6200000000001,1306.95,0.1,-21.799999999999,-210.99999999999,-1.0,SL,2018Q2,2018,6
123,4381,2018-06-18 05:30:00,4425,2018-06-19 04:30:00,SELL,1281.03,1283.6357142857144,1283.6357142857144,1275.8185714285714,0.1,-26.757142857143844,-260.57142857143845,-1.0,SL,2018Q2,2018,44
124,4435,2018-06-19 09:30:00,4444,2018-06-19 14:00:00,SELL,1281.21,1276.2414285714285,1283.6942857142858,1276.2414285714285,0.1,48.98571428571522,496.8571428571522,1.9177852348993303,TP,2018Q2,2018,9
125,4458,2018-06-19 21:00:00,4520,2018-06-21 06:00:00,SELL,1275.59,1266.207142857143,1280.2814285714285,1266.207142857143,0.1,93.12857142856892,938.2857142856892,1.9558955895589079,TP,2018Q2,2018,62
126,4556,2018-06-22 01:00:00,4562,2018-06-22 04:00:00,SELL,1266.65,1269.2728571428572,1269.2728571428572,1261.4042857142858,0.1,-26.928571428571285,-262.28571428571286,-1.0,SL,2018Q2,2018,6
127,4564,2018-06-22 05:00:00,4572,2018-06-22 09:00:00,SELL,1267.28,1269.4342857142856,1269.4342857142856,1262.9714285714285,0.1,-22.242857142856064,-215.42857142856064,-1.0,SL,2018Q2,2018,8
128,4581,2018-06-22 13:30:00,4602,2018-06-25 01:00:00,SELL,1268.71,1271.2528571428572,1271.2528571428572,1263.6242857142859,0.1,-26.128571428572013,-254.28571428572013,-1.0,SL,2018Q2,2018,21
129,4612,2018-06-25 06:00:00,4618,2018-06-25 09:00:00,SELL,1269.23,1264.85,1271.42,1264.85,0.1,43.10000000000109,438.0000000000109,1.9070796460177013,TP,2018Q2,2018,6
130,4627,2018-06-25 13:30:00,4631,2018-06-25 15:30:00,SELL,1267.59,1270.3471428571427,1270.3471428571427,1262.0757142857142,0.1,-28.27142857142753,-275.7142857142753,-1.0,SL,2018Q2,2018,4
131,4632,2018-06-25 16:00:00,4668,2018-06-26 11:00:00,SELL,1267.26,1260.6257142857144,1270.577142857143,1260.6257142857144,0.1,65.64285714285624,663.4285714285625,1.9380008435258722,TP,2018Q2,2018,36
132,4681,2018-06-26 17:30:00,4682,2018-06-26 18:00:00,SELL,1258.13,1262.0657142857142,1262.0657142857142,1250.2585714285717,0.1,-40.057142857140846,-393.57142857140843,-1.0,SL,2018Q2,2018,1
133,4686,2018-06-26 20:00:00,4736,2018-06-27 22:00:00,SELL,1259.73,1252.4242857142858,1263.3828571428571,1252.4242857142858,0.1,72.35714285714202,730.5714285714203,1.9435917114351489,TP,2018Q2,2018,50
134,4748,2018-06-28 05:00:00,4779,2018-06-28 20:30:00,SELL,1252.5,1247.4685714285715,1255.0157142857142,1247.4685714285715,0.1,49.614285714284776,503.1428571428478,1.9187845303867388,TP,2018Q2,2018,31
135,4789,2018-06-29 02:30:00,4798,2018-06-29 07:00:00,SELL,1248.89,1251.1371428571429,1251.1371428571429,1244.3957142857143,0.1,-23.171428571427622,-224.71428571427623,-1.0,SL,2018Q2,2018,9
136,4806,2018-06-29 11:00:00,4816,2018-06-29 16:00:00,SELL,1249.76,1252.4885714285713,1252.4885714285713,1244.3028571428572,0.1,-27.985714285712856,-272.85714285712857,-1.0,SL,2018Q2,2018,10
137,4817,2018-06-29 16:30:00,4822,2018-06-29 19:00:00,SELL,1250.29,1253.155714285714,1253.155714285714,1244.5585714285717,0.1,-29.35714285714148,-286.5714285714148,-1.0,SL,2018Q2,2018,5
138,4829,2018-06-29 22:30:00,4866,2018-07-02 18:00:00,SELL,1251.72,1244.9057142857143,1255.1271428571429,1244.9057142857143,0.1,67.44285714285688,681.4285714285688,1.9396055875102707,TP,2018Q2,2018,37
139,4949,2018-07-04 13:30:00,4950,2018-07-04 14:00:00,BUY,1257.29,1254.24,1254.24,1263.39,0.1,-31.199999999999545,-304.99999999999545,-1.0,SL,2018Q3,2018,1
140,4959,2018-07-04 18:30:00,4976,2018-07-05 08:00:00,BUY,1256.66,1253.99,1253.99,1262.0,0.1,-27.400000000000727,-267.0000000000073,-1.0,SL,2018Q3,2018,17
141,4991,2018-07-05 15:30:00,5019,2018-07-06 06:30:00,BUY,1255.65,1252.7542857142857,1252.7542857142857,1261.4414285714286,0.1,-29.65714285714348,-289.5714285714348,-1.0,SL,2018Q3,2018,28
142,5025,2018-07-06 09:30:00,5032,2018-07-06 13:00:00,BUY,1256.6,1253.642857142857,1253.642857142857,1262.5142857142857,0.1,-30.271428571427986,-295.71428571427987,-1.0,SL,2018Q3,2018,7
143,5038,2018-07-06 16:00:00,5070,2018-07-09 09:00:00,BUY,1255.26,1261.0885714285716,1252.3457142857142,1261.0885714285716,0.1,57.58571428571649,582.857142857165,1.9296314025849715,TP,2018Q3,2018,32
144,5108,2018-07-10 05:00:00,5115,2018-07-10 08:30:00,BUY,1259.3,1257.4657142857143,1257.4657142857143,1262.9685714285715,0.1,-19.0428571428567,-183.428571428567,-1.0,SL,2018Q3,2018,7
145,5132,2018-07-10 17:00:00,5184,2018-07-11 20:00:00,SELL,1253.09,1244.5671428571427,1257.3514285714284,1244.5671428571427,0.1,84.52857142857219,852.285714285722,1.9515171503958297,TP,2018Q3,2018,52
146,5208,2018-07-12 09:00:00,5210,2018-07-12 10:00:00,SELL,1243.15,1245.3500000000001,1245.3500000000001,1238.75,0.1,-22.700000000000454,-220.00000000000455,-1.0,SL,2018Q3,2018,2
147,5217,2018-07-12 13:30:00,5222,2018-07-12 16:00:00,SELL,1244.09,1246.5414285714285,1246.5414285714285,1239.1871428571426,0.1,-25.214285714285506,-245.14285714285506,-1.0,SL,2018Q3,2018,5
148,5240,2018-07-13 02:00:00,5245,2018-07-13 04:30:00,SELL,1246.22,1248.1714285714286,1248.1714285714286,1242.3171428571427,0.1,-20.214285714285506,-195.14285714285506,-1.0,SL,2018Q3,2018,5
149,5249,2018-07-13 06:30:00,5257,2018-07-13 10:30:00,SELL,1246.11,1242.7614285714285,1247.7842857142857,1242.7614285714285,0.1,32.785714285714036,334.8571428571404,1.8796068796067562,TP,2018Q3,2018,8
150,5269,2018-07-13 16:30:00,5360,2018-07-17 16:00:00,SELL,1241.69,1233.3557142857144,1245.857142857143,1233.3557142857144,0.1,82.6428571428567,833.428571428567,1.9504383007417392,TP,2018Q3,2018,91
151,5408,2018-07-18 17:00:00,5410,2018-07-18 18:00:00,SELL,1224.18,1227.2328571428573,1227.2328571428573,1218.074285714286,0.1,-31.22857142857192,-305.2857142857192,-1.0,SL,2018Q3,2018,2
152,5429,2018-07-19 04:30:00,5440,2018-07-19 10:00:00,SELL,1225.25,1221.647142857143,1227.0514285714285,1221.647142857143,0.1,35.32857142856919,360.28571428569194,1.8877862595419779,TP,2018Q3,2018,11
153,5455,2018-07-19 17:30:00,5460,2018-07-19 20:00:00,SELL,1216.94,1221.3842857142856,1221.3842857142856,1208.0514285714287,0.1,-45.1428571428557,-444.428571428557,-1.0,SL,2018Q3,2018,5
154,5475,2018-07-20 04:30:00,5484,2018-07-20 09:00:00,SELL,1219.55,1223.6685714285713,1223.6685714285713,1211.3128571428572,0.1,-41.88571428571386,-411.85714285713857,-1.0,SL,2018Q3,2018,9
155,5528,2018-07-23 08:00:00,5532,2018-07-23 10:00:00,BUY,1231.89,1228.8685714285716,1228.8685714285716,1237.932857142857,0.1,-30.91428571428487,-302.1428571428487,-1.0,SL,2018Q3,2018,4
156,5540,2018-07-23 14:00:00,5543,2018-07-23 15:30:00,BUY,1230.79,1228.0071428571428,1228.0071428571428,1236.3557142857144,0.1,-28.528571428572103,-278.28571428572104,-1.0,SL,2018Q3,2018,3
157,5596,2018-07-24 19:00:00,5623,2018-07-25 09:30:00,SELL,1224.24,1228.18,1228.18,1216.36,0.1,-40.10000000000055,-394.00000000000546,-1.0,SL,2018Q3,2018,27
158,5645,2018-07-25 20:30:00,5671,2018-07-26 10:30:00,BUY,1232.17,1228.3114285714287,1228.3114285714287,1239.8871428571429,0.1,-39.28571428571395,-385.8571428571395,-1.0,SL,2018Q3,2018,26
159,5707,2018-07-27 05:30:00,5723,2018-07-27 13:30:00,SELL,1223.16,1218.4714285714285,1225.504285714286,1218.4714285714285,0.1,46.18571428571549,468.85714285715494,1.913017751479202,TP,2018Q3,2018,16
160,5737,2018-07-27 20:30:00,5820,2018-07-31 16:00:00,SELL,1223.52,1215.7057142857143,1227.4271428571428,1215.7057142857143,0.1,77.44285714285688,781.4285714285688,1.9471982758620685,TP,2018Q3,2018,83
161,5821,2018-07-31 16:30:00,5821,2018-07-31 16:30:00,SELL,1219.01,1222.9414285714286,1222.9414285714286,1211.1471428571429,0.1,-40.01428571428569,-393.1428571428569,-1.0,SL,2018Q3,2018,0
162,5842,2018-08-01 04:00:00,5869,2018-08-01 17:30:00,SELL,1222.86,1218.5314285714285,1225.0242857142857,1218.5314285714285,0.1,42.58571428571422,432.8571428571422,1.906010230178931,TP,2018Q3,2018,27
163,5878,2018-08-01 22:00:00,5922,2018-08-02 21:00:00,SELL,1217.83,1210.752857142857,1221.3685714285714,1210.752857142857,0.1,70.07142857142917,707.7142857142917,1.9418052256532068,TP,2018Q3,2018,44
164,5952,2018-08-03 13:00:00,5954,2018-08-03 14:00:00,SELL,1207.34,1209.79,1209.79,1202.4399999999998,0.1,-25.200000000000454,-245.00000000000455,-1.0,SL,2018Q3,2018,2
165,5971,2018-08-03 22:30:00,5981,2018-08-06 04:30:00,SELL,1213.55,1217.1,1217.1,1206.45,0.1,-36.19999999999955,-354.99999999999545,-1.0,SL,2018Q3,2018,10
166,5989,2018-08-06 08:30:00,5998,2018-08-06 13:00:00,SELL,1214.98,1210.7428571428572,1217.0985714285714,1210.7428571428572,0.1,41.67142857142771,423.71428571427714,1.904046997389032,TP,2018Q3,2018,9
167,6008,2018-08-06 18:00:00,6038,2018-08-07 10:00:00,SELL,1210.54,1213.662857142857,1213.662857142857,1204.2942857142857,0.1,-31.928571428571285,-312.28571428571286,-1.0,SL,2018Q3,2018,30
168,6053,2018-08-07 17:30:00,6055,2018-08-07 18:30:00,SELL,1210.87,1213.9342857142856,1213.9342857142856,1204.7414285714285,0.1,-31.342857142856882,-306.42857142856883,-1.0,SL,2018Q3,2018,2
169,6057,2018-08-07 19:30:00,6080,2018-08-08 08:00:00,SELL,1211.85,1214.6885714285713,1214.6885714285713,1206.172857142857,0.1,-29.08571428571413,-283.8571428571413,-1.0,SL,2018Q3,2018,23
170,6084,2018-08-08 10:00:00,6089,2018-08-08 12:30:00,BUY,1213.78,1211.337142857143,1211.337142857143,1218.6657142857143,0.1,-25.12857142857065,-244.2857142857065,-1.0,SL,2018Q3,2018,5
171,6098,2018-08-08 17:00:00,6104,2018-08-08 20:00:00,SELL,1209.56,1213.6057142857142,1213.6057142857142,1201.4685714285715,0.1,-41.15714285714212,-404.57142857142117,-1.0,SL,2018Q3,2018,6
172,6121,2018-08-09 05:30:00,6130,2018-08-09 10:00:00,BUY,1214.89,1213.0042857142857,1213.0042857142857,1218.6614285714288,0.1,-19.55714285714357,-188.57142857143572,-1.0,SL,2018Q3,2018,9
173,6135,2018-08-09 12:30:00,6150,2018-08-09 20:00:00,BUY,1214.8,1211.8957142857143,1211.8957142857143,1220.6085714285714,0.1,-29.742857142856064,-290.42857142856064,-1.0,SL,2018Q3,2018,15
174,6163,2018-08-10 03:30:00,6171,2018-08-10 07:30:00,BUY,1213.18,1211.2900000000002,1211.2900000000002,1216.96,0.1,-19.599999999998726,-188.99999999998727,-1.0,SL,2018Q3,2018,8
175,6173,2018-08-10 08:30:00,6181,2018-08-10 12:30:00,SELL,1208.66,1211.0085714285715,1211.0085714285715,1203.962857142857,0.1,-24.185714285714038,-234.8571428571404,-1.0,SL,2018Q3,2018,8
176,6182,2018-08-10 13:00:00,6185,2018-08-10 14:30:00,SELL,1210.06,1213.4728571428573,1213.4728571428573,1203.2342857142855,0.1,-34.8285714285732,-341.28571428573196,-1.0,SL,2018Q3,2018,3
177,6194,2018-08-10 19:00:00,6227,2018-08-13 12:30:00,SELL,1212.0,1202.3342857142857,1216.8328571428572,1202.3342857142857,0.1,95.9571428571433,966.571428571433,1.9571678321678323,TP,2018Q3,2018,33
178,6262,2018-08-14 07:00:00,6281,2018-08-14 16:30:00,SELL,1195.04,1197.62,1197.62,1189.88,0.1,-26.49999999999927,-257.9999999999927,-1.0,SL,2018Q3,2018,19
179,6287,2018-08-14 19:30:00,6305,2018-08-15 05:30:00,SELL,1195.26,1190.1714285714286,1197.8042857142857,1190.1714285714286,0.1,50.18571428571413,508.8571428571413,1.9196721311475407,TP,2018Q3,2018,18
180,6327,2018-08-15 16:30:00,6331,2018-08-15 18:30:00,SELL,1184.72,1177.4685714285715,1188.3457142857142,1177.4685714285715,0.1,71.81428571428505,725.1428571428505,1.9431774255895449,TP,2018Q3,2018,4
181,6372,2018-08-16 16:00:00,6373,2018-08-16 16:30:00,SELL,1176.38,1180.9457142857145,1180.9457142857145,1167.2485714285715,0.1,-46.35714285714421,-456.5714285714421,-1.0,SL,2018Q3,2018,1
182,6380,2018-08-16 20:00:00,6430,2018-08-17 22:00:00,SELL,1177.57,1182.1399999999999,1182.1399999999999,1168.4299999999998,0.1,-46.399999999999366,-456.99999999999363,-1.0,SL,2018Q3,2018,50
183,6460,2018-08-20 14:00:00,6462,2018-08-20 15:00:00,BUY,1187.6,1184.9042857142856,1184.9042857142856,1192.9914285714283,0.1,-27.657142857143025,-269.57142857143026,-1.0,SL,2018Q3,2018,2
184,6465,2018-08-20 16:30:00,6485,2018-08-21 03:30:00,BUY,1187.35,1193.9271428571428,1184.0614285714285,1193.9271428571428,0.1,65.07142857142917,657.7142857142917,1.9374734155678437,TP,2018Q3,2018,20
185,6502,2018-08-21 12:00:00,6506,2018-08-21 14:00:00,BUY,1195.47,1192.8885714285716,1192.8885714285716,1200.6328571428571,0.1,-26.514285714284323,-258.14285714284324,-1.0,SL,2018Q3,2018,4
186,6518,2018-08-21 20:00:00,6552,2018-08-22 14:00:00,BUY,1192.42,1198.9657142857143,1189.147142857143,1198.9657142857143,0.1,64.75714285714211,654.5714285714212,1.937179487179552,TP,2018Q3,2018,34
187,6569,2018-08-22 22:30:00,6578,2018-08-23 04:00:00,BUY,1196.34,1192.5157142857142,1192.5157142857142,1203.9885714285713,0.1,-38.942857142856795,-382.4285714285679,-1.0,SL,2018Q3,2018,9
188,6600,2018-08-23 15:00:00,6645,2018-08-24 14:30:00,SELL,1189.59,1193.3142857142857,1193.3142857142857,1182.1414285714286,0.1,-37.942857142857704,-372.428571428577,-1.0,SL,2018Q3,2018,45
189,6673,2018-08-27 05:30:00,6696,2018-08-27 17:00:00,BUY,1205.49,1210.9185714285713,1202.7757142857145,1210.9185714285713,0.1,53.58571428571331,542.8571428571331,1.9245767060031558,TP,2018Q3,2018,23
190,6723,2018-08-28 07:30:00,6732,2018-08-28 12:00:00,BUY,1209.55,1213.5642857142857,1207.542857142857,1213.5642857142857,0.1,39.442857142857335,401.4285714285734,1.8988995873451509,TP,2018Q3,2018,9
191,6738,2018-08-28 15:00:00,6742,2018-08-28 17:00:00,BUY,1212.81,1209.8328571428572,1209.8328571428572,1218.7642857142857,0.1,-30.471428571427804,-297.71428571427805,-1.0,SL,2018Q3,2018,4
192,6765,2018-08-29 05:30:00,6773,2018-08-29 09:30:00,BUY,1204.24,1201.5842857142857,1201.5842857142857,1209.5514285714285,0.1,-27.25714285714339,-265.5714285714339,-1.0,SL,2018Q3,2018,8
193,6775,2018-08-29 10:30:00,6776,2018-08-29 11:00:00,BUY,1204.54,1201.8700000000001,1201.8700000000001,1209.8799999999999,0.1,-27.399999999998453,-266.99999999998454,-1.0,SL,2018Q3,2018,1
194,6779,2018-08-29 12:30:00,6817,2018-08-30 08:30:00,BUY,1204.27,1201.0228571428572,1201.0228571428572,1210.7642857142857,0.1,-33.171428571427626,-324.71428571427623,-1.0,SL,2018Q3,2018,38
195,6822,2018-08-30 11:00:00,6831,2018-08-30 15:30:00,SELL,1203.18,1206.1914285714286,1206.1914285714286,1197.157142857143,0.1,-30.81428571428496,-301.1428571428496,-1.0,SL,2018Q3,2018,9
196,6833,2018-08-30 16:30:00,6866,2018-08-31 10:00:00,SELL,1203.14,1207.27,1207.27,1194.88,0.1,-41.99999999999882,-412.9999999999882,-1.0,SL,2018Q3,2018,33
197,6879,2018-08-31 16:30:00,6958,2018-09-04 14:00:00,SELL,1201.39,1193.19,1205.49,1193.19,0.1,81.30000000000045,820.0000000000045,1.9496402877698373,TP,2018Q3,2018,79
198,6971,2018-09-04 20:30:00,7008,2018-09-05 16:00:00,SELL,1193.25,1198.027142857143,1198.027142857143,1183.695714285714,0.1,-48.47142857142963,-477.71428571429624,-1.0,SL,2018Q3,2018,37
199,7016,2018-09-05 20:00:00,7028,2018-09-06 03:00:00,SELL,1195.3,1198.51,1198.51,1188.8799999999997,0.1,-32.80000000000037,-321.00000000000364,-1.0,SL,2018Q3,2018,12
200,7043,2018-09-06 10:30:00,7044,2018-09-06 11:00:00,BUY,1198.33,1202.9957142857143,1195.9971428571428,1202.9957142857143,0.1,45.957142857143296,466.571428571433,1.912604042806184,TP,2018Q3,2018,1
201,7073,2018-09-07 02:30:00,7088,2018-09-07 10:00:00,BUY,1200.73,1198.57,1198.57,1205.0500000000002,0.1,-22.300000000000818,-216.00000000000819,-1.0,SL,2018Q3,2018,15
202,7091,2018-09-07 11:30:00,7099,2018-09-07 15:30:00,BUY,1201.27,1197.827142857143,1197.827142857143,1208.155714285714,0.1,-35.12857142857065,-344.2857142857065,-1.0,SL,2018Q3,2018,8
203,7124,2018-09-10 05:00:00,7146,2018-09-10 16:00:00,SELL,1194.18,1196.6542857142858,1196.6542857142858,1189.2314285714288,0.1,-25.4428571428577,-247.42857142857702,-1.0,SL,2018Q3,2018,22
204,7155,2018-09-10 20:30:00,7201,2018-09-11 20:30:00,SELL,1194.41,1197.78,1197.78,1187.67,0.1,-34.39999999999891,-336.9999999999891,-1.0,SL,2018Q3,2018,46
205,7215,2018-09-12 04:30:00,7231,2018-09-12 12:30:00,SELL,1195.46,1197.6442857142858,1197.6442857142858,1191.0914285714287,0.1,-22.542857142858065,-218.42857142858065,-1.0,SL,2018Q3,2018,16
206,7235,2018-09-12 14:30:00,7241,2018-09-12 17:30:00,SELL,1194.38,1197.977142857143,1197.977142857143,1187.1857142857143,0.1,-36.67142857142899,-359.7142857142899,-1.0,SL,2018Q3,2018,6
207,7265,2018-09-13 06:30:00,7272,2018-09-13 10:00:00,BUY,1205.38,1203.304285714286,1203.304285714286,1209.5314285714287,0.1,-21.457142857141843,-207.57142857141844,-1.0,SL,2018Q3,2018,7
208,7274,2018-09-13 11:00:00,7284,2018-09-13 16:00:00,BUY,1205.73,1210.7357142857143,1203.227142857143,1210.7357142857143,0.1,49.35714285714248,500.5714285714248,1.9183786785120218,TP,2018Q3,2018,10
209,7285,2018-09-13 16:30:00,7286,2018-09-13 17:00:00,BUY,1212.01,1208.3214285714287,1208.3214285714287,1219.3871428571429,0.1,-37.58571428571322,-368.8571428571322,-1.0,SL,2018Q3,2018,1
210,7306,2018-09-14 04:00:00,7319,2018-09-14 10:30:00,BUY,1203.07,1207.61,1200.8,1207.61,0.1,44.69999999999963,453.99999999999636,1.9102564102564095,TP,2018Q3,2018,13
211,7326,2018-09-14 14:00:00,7327,2018-09-14 14:30:00,BUY,1206.69,1204.2585714285715,1204.2585714285715,1211.5528571428574,0.1,-25.014285714285688,-243.14285714285688,-1.0,SL,2018Q3,2018,1
212,7358,2018-09-17 07:00:00,7365,2018-09-17 10:30:00,SELL,1195.15,1197.3714285714286,1197.3714285714286,1190.707142857143,0.1,-22.914285714285324,-222.14285714285325,-1.0,SL,2018Q3,2018,7
213,7394,2018-09-18 02:00:00,7419,2018-09-18 14:30:00,SELL,1199.45,1201.71,1201.71,1194.93,0.1,-23.29999999999991,-225.9999999999991,-1.0,SL,2018Q3,2018,25
214,7425,2018-09-18 17:30:00,7452,2018-09-19 08:00:00,SELL,1198.85,1202.7999999999997,1202.7999999999997,1190.95,0.1,-40.199999999998184,-394.9999999999818,-1.0,SL,2018Q3,2018,27
215,7468,2018-09-19 16:00:00,7468,2018-09-19 16:00:00,BUY,1205.44,1202.3014285714287,1202.3014285714287,1211.717142857143,0.1,-32.08571428571368,-313.85714285713675,-1.0,SL,2018Q3,2018,0
216,7470,2018-09-19 17:00:00,7548,2018-09-21 10:00:00,BUY,1203.36,1210.6171428571429,1199.7314285714283,1210.6171428571429,0.1,71.8714285714298,725.7142857142981,1.9432213209732898,TP,2018Q3,2018,78
217,7549,2018-09-21 10:30:00,7549,2018-09-21 10:30:00,BUY,1210.37,1208.3714285714284,1208.3714285714284,1214.3671428571429,0.1,-20.685714285714948,-199.85714285714948,-1.0,SL,2018Q3,2018,0
218,7551,2018-09-21 11:30:00,7554,2018-09-21 13:00:00,BUY,1209.05,1206.7757142857142,1206.7757142857142,1213.5985714285716,0.1,-23.442857142857246,-227.42857142857247,-1.0,SL,2018Q3,2018,3
219,7577,2018-09-24 01:30:00,7607,2018-09-24 16:30:00,SELL,1198.55,1202.0385714285715,1202.0385714285715,1191.5728571428572,0.1,-35.58571428571504,-348.8571428571504,-1.0,SL,2018Q3,2018,30
220,7615,2018-09-24 20:30:00,7709,2018-09-26 21:30:00,SELL,1199.84,1191.9085714285716,1203.8057142857142,1191.9085714285716,0.1,78.61428571428341,793.1428571428341,1.9479646017698549,TP,2018Q3,2018,94
221,7711,2018-09-26 22:30:00,7747,2018-09-27 17:30:00,SELL,1194.51,1182.9385714285713,1200.2957142857142,1182.9385714285713,0.1,115.01428571428669,1157.142857142867,1.9641375945352908,TP,2018Q3,2018,36
222,7771,2018-09-28 06:30:00,7778,2018-09-28 10:00:00,SELL,1184.35,1180.892857142857,1186.0785714285714,1180.892857142857,0.1,33.871428571427984,345.71428571427987,1.8832406671960664,TP,2018Q3,2018,7
223,7782,2018-09-28 12:00:00,7789,2018-09-28 15:30:00,SELL,1183.26,1185.607142857143,1185.607142857143,1178.5657142857144,0.1,-24.171428571428986,-234.71428571428987,-1.0,SL,2018Q3,2018,7
224,7812,2018-10-01 04:00:00,7828,2018-10-01 12:00:00,SELL,1189.87,1184.9471428571426,1192.3314285714284,1184.9471428571426,0.1,48.5285714285731,492.28571428573105,1.917042889390608,TP,2018Q4,2018,16
225,7838,2018-10-01 17:00:00,7858,2018-10-02 04:00:00,SELL,1187.66,1191.55,1191.55,1179.88,0.1,-39.59999999999873,-388.99999999998727,-1.0,SL,2018Q4,2018,20
226,7876,2018-10-02 13:00:00,7877,2018-10-02 13:30:00,BUY,1192.57,1189.872857142857,1189.872857142857,1197.9642857142858,0.1,-27.67142857143035,-269.7142857143035,-1.0,SL,2018Q4,2018,1
227,7881,2018-10-02 15:30:00,7882,2018-10-02 16:00:00,BUY,1192.81,1200.1214285714286,1189.1542857142856,1200.1214285714286,0.1,72.41428571428678,731.1428571428678,1.943634969325154,TP,2018Q4,2018,1
228,7922,2018-10-03 13:00:00,7924,2018-10-03 14:00:00,BUY,1205.04,1202.3914285714286,1202.3914285714286,1210.337142857143,0.1,-27.185714285713583,-264.85714285713584,-1.0,SL,2018Q4,2018,2
229,7960,2018-10-04 09:00:00,7971,2018-10-04 14:30:00,BUY,1198.39,1202.6871428571428,1196.2414285714287,1202.6871428571428,0.1,42.271428571427165,429.7142857142717,1.9053444945267195,TP,2018Q4,2018,11
230,7972,2018-10-04 15:00:00,7980,2018-10-04 19:00:00,BUY,1202.37,1199.4285714285713,1199.4285714285713,1208.252857142857,0.1,-30.114285714285597,-294.142857142856,-1.0,SL,2018Q4,2018,8
231,7993,2018-10-05 02:30:00,8004,2018-10-05 08:00:00,BUY,1200.08,1197.3814285714284,1197.3814285714284,1205.4771428571428,0.1,-27.685714285715402,-269.85714285715403,-1.0,SL,2018Q4,2018,11
232,8010,2018-10-05 11:00:00,8018,2018-10-05 15:00:00,BUY,1199.4,1203.5857142857144,1197.307142857143,1203.5857142857144,0.1,41.157142857143114,418.57142857143117,1.9029062087186266,TP,2018Q4,2018,8
233,8020,2018-10-05 16:00:00,8022,2018-10-05 17:00:00,BUY,1204.51,1200.957142857143,1200.957142857143,1211.6157142857141,0.1,-36.22857142856965,-355.2857142856965,-1.0,SL,2018Q4,2018,2
234,8023,2018-10-05 17:30:00,8043,2018-10-08 04:30:00,BUY,1202.52,1197.7985714285714,1197.7985714285714,1211.962857142857,0.1,-47.91428571428533,-472.14285714285325,-1.0,SL,2018Q4,2018,20
235,8081,2018-10-08 23:30:00,8094,2018-10-09 07:00:00,SELL,1188.11,1191.7899999999997,1191.7899999999997,1180.75,0.1,-37.499999999998366,-367.99999999998363,-1.0,SL,2018Q4,2018,13
236,8099,2018-10-09 09:30:00,8109,2018-10-09 14:30:00,SELL,1189.77,1185.45,1191.9299999999998,1185.45,0.1,42.49999999999936,431.99999999999363,1.9058295964126517,TP,2018Q4,2018,10
237,8112,2018-10-09 16:00:00,8116,2018-10-09 18:00:00,SELL,1186.41,1189.5114285714287,1189.5114285714287,1180.2071428571428,0.1,-31.714285714286415,-310.14285714286416,-1.0,SL,2018Q4,2018,4
238,8119,2018-10-09 19:30:00,8168,2018-10-10 21:00:00,SELL,1187.9,1191.9657142857143,1191.9657142857143,1179.7685714285717,0.1,-41.35714285714194,-406.57142857141935,-1.0,SL,2018Q4,2018,49
239,8182,2018-10-11 05:00:00,8196,2018-10-11 12:00:00,BUY,1193.83,1199.5014285714283,1190.9942857142858,1199.5014285714283,0.1,56.0142857142835,567.142857142835,1.9277286135693188,TP,2018Q4,2018,14
240,8229,2018-10-12 05:30:00,8237,2018-10-12 09:30:00,BUY,1220.12,1216.1685714285713,1216.1685714285713,1228.022857142857,0.1,-40.21428571428551,-395.14285714285506,-1.0,SL,2018Q4,2018,8
241,8239,2018-10-12 10:30:00,8284,2018-10-15 10:00:00,BUY,1219.48,1226.5028571428572,1215.9685714285713,1226.5028571428572,0.1,69.52857142857219,702.285714285722,1.9413641802951123,TP,2018Q4,2018,45
242,8298,2018-10-15 17:00:00,8305,2018-10-15 20:30:00,BUY,1230.84,1225.4114285714284,1225.4114285714284,1241.6971428571428,0.1,-54.98571428571559,-542.8571428571558,-1.0,SL,2018Q4,2018,7
243,8313,2018-10-16 01:30:00,8356,2018-10-16 23:00:00,BUY,1227.39,1223.777142857143,1223.777142857143,1234.6157142857144,0.1,-36.82857142857138,-361.28571428571377,-1.0,SL,2018Q4,2018,43
244,8379,2018-10-17 11:30:00,8404,2018-10-18 01:00:00,BUY,1224.61,1221.7071428571428,1221.7071428571428,1230.415714285714,0.1,-29.728571428571012,-290.2857142857101,-1.0,SL,2018Q4,2018,25
245,8412,2018-10-18 05:00:00,8416,2018-10-18 07:00:00,SELL,1221.98,1224.2828571428572,1224.2828571428572,1217.3742857142859,0.1,-23.72857142857192,-230.28571428571922,-1.0,SL,2018Q4,2018,4
246,8419,2018-10-18 08:30:00,8426,2018-10-18 12:00:00,SELL,1222.24,1224.2771428571427,1224.2771428571427,1218.1657142857143,0.1,-21.07142857142726,-203.7142857142726,-1.0,SL,2018Q4,2018,7
247,8436,2018-10-18 17:00:00,8438,2018-10-18 18:00:00,SELL,1222.78,1226.7342857142858,1226.7342857142858,1214.8714285714286,0.1,-40.242857142857886,-395.42857142857883,-1.0,SL,2018Q4,2018,2
248,8449,2018-10-18 23:30:00,8524,2018-10-22 15:00:00,BUY,1225.99,1222.0557142857144,1222.0557142857144,1233.8585714285714,0.1,-40.042857142855794,-393.4285714285579,-1.0,SL,2018Q4,2018,75
249,8537,2018-10-22 21:30:00,8558,2018-10-23 09:00:00,SELL,1222.26,1225.5557142857142,1225.5557142857142,1215.6685714285716,0.1,-33.65714285714212,-329.57142857142117,-1.0,SL,2018Q4,2018,21
250,8578,2018-10-23 19:00:00,8615,2018-10-24 14:30:00,BUY,1233.58,1228.9614285714285,1228.9614285714285,1242.817142857143,0.1,-46.88571428571386,-461.85714285713857,-1.0,SL,2018Q4,2018,37
251,8620,2018-10-24 17:00:00,8626,2018-10-24 20:00:00,BUY,1230.81,1227.26,1227.26,1237.9099999999999,0.1,-36.19999999999955,-354.99999999999545,-1.0,SL,2018Q4,2018,6
252,8628,2018-10-24 21:00:00,8713,2018-10-26 17:30:00,BUY,1230.69,1239.21,1226.43,1239.21,0.1,84.49999999999982,851.9999999999982,1.9515011547344108,TP,2018Q4,2018,85
253,8714,2018-10-26 18:00:00,8716,2018-10-26 19:00:00,BUY,1243.37,1238.5914285714284,1238.5914285714284,1252.9271428571428,0.1,-48.48571428571468,-477.85714285714675,-1.0,SL,2018Q4,2018,2
254,8734,2018-10-29 04:00:00,8739,2018-10-29 06:30:00,BUY,1235.1,1232.4514285714286,1232.4514285714286,1240.3971428571429,0.1,-27.185714285713583,-264.85714285713584,-1.0,SL,2018Q4,2018,5
255,8752,2018-10-29 13:00:00,8792,2018-10-30 10:00:00,SELL,1229.59,1223.3871428571426,1232.6914285714286,1223.3871428571426,0.1,61.32857142857283,620.2857142857283,1.9337837837837852,TP,2018Q4,2018,40
256,8809,2018-10-30 18:30:00,8838,2018-10-31 10:00:00,SELL,1223.3,1215.342857142857,1227.2785714285715,1215.342857142857,0.1,78.87142857143026,795.7142857143026,1.9481298517995775,TP,2018Q4,2018,29
257,8847,2018-10-31 14:30:00,8880,2018-11-01 08:00:00,SELL,1216.07,1219.2985714285712,1219.2985714285712,1209.6128571428571,0.1,-32.98571428571286,-322.85714285712857,-1.0,SL,2018Q4,2018,33
258,8920,2018-11-02 05:00:00,8939,2018-11-02 14:30:00,BUY,1232.62,1230.152857142857,1230.152857142857,1237.5542857142855,0.1,-25.371428571427895,-246.71428571427896,-1.0,SL,2018Q4,2018,19
259,8943,2018-11-02 16:30:00,8944,2018-11-02 17:00:00,BUY,1235.72,1230.9485714285715,1230.9485714285715,1245.262857142857,0.1,-48.41428571428487,-477.1428571428487,-1.0,SL,2018Q4,2018,1
260,8945,2018-11-02 17:30:00,8983,2018-11-05 14:30:00,BUY,1233.91,1228.5514285714287,1228.5514285714287,1244.6271428571429,0.1,-54.28571428571395,-535.8571428571395,-1.0,SL,2018Q4,2018,38
261,8988,2018-11-05 17:00:00,9035,2018-11-06 17:30:00,BUY,1231.87,1228.3585714285714,1228.3585714285714,1238.8928571428569,0.1,-35.81428571428496,-351.1428571428496,-1.0,SL,2018Q4,2018,47
262,9053,2018-11-07 03:30:00,9058,2018-11-07 06:00:00,SELL,1225.92,1229.8771428571429,1229.8771428571429,1218.0057142857145,0.1,-40.27142857142799,-395.71428571427987,-1.0,SL,2018Q4,2018,5
263,9064,2018-11-07 09:00:00,9068,2018-11-07 11:00:00,SELL,1228.01,1232.9414285714286,1232.9414285714286,1218.1471428571429,0.1,-50.01428571428569,-493.1428571428569,-1.0,SL,2018Q4,2018,4
264,9076,2018-11-07 15:00:00,9077,2018-11-07 15:30:00,BUY,1232.23,1228.33,1228.33,1240.03,0.1,-39.70000000000091,-390.0000000000091,-1.0,SL,2018Q4,2018,1
265,9110,2018-11-08 09:00:00,9123,2018-11-08 15:30:00,SELL,1224.59,1220.2642857142857,1226.752857142857,1220.2642857142857,0.1,42.55714285714184,432.57142857141844,1.9059500959692877,TP,2018Q4,2018,13
266,9124,2018-11-08 16:00:00,9134,2018-11-08 21:00:00,SELL,1222.08,1226.0714285714284,1226.0714285714284,1214.097142857143,0.1,-40.614285714285145,-399.1428571428514,-1.0,SL,2018Q4,2018,10
267,9135,2018-11-08 21:30:00,9168,2018-11-09 15:00:00,SELL,1223.89,1215.667142857143,1228.0014285714285,1215.667142857143,0.1,81.52857142857037,822.2857142857038,1.9497779296208242,TP,2018Q4,2018,33
268,9190,2018-11-12 03:00:00,9203,2018-11-12 09:30:00,SELL,1210.54,1205.32,1213.15,1205.32,0.1,51.50000000000027,522.0000000000027,1.921641791044695,TP,2018Q4,2018,13
269,9214,2018-11-12 15:00:00,9231,2018-11-12 23:30:00,SELL,1206.38,1200.237142857143,1209.4514285714288,1200.237142857143,0.1,60.7285714285711,614.285714285711,1.9331514324692338,TP,2018Q4,2018,17
270,9247,2018-11-13 08:30:00,9253,2018-11-13 11:30:00,SELL,1203.13,1199.1728571428573,1205.1085714285714,1199.1728571428573,0.1,38.871428571427984,395.71428571427987,1.8974895397490577,TP,2018Q4,2018,6
271,9264,2018-11-13 17:00:00,9315,2018-11-14 19:30:00,SELL,1200.88,1205.0600000000002,1205.0600000000002,1192.52,0.1,-42.50000000000064,-418.00000000000637,-1.0,SL,2018Q4,2018,51
272,9331,2018-11-15 04:30:00,9399,2018-11-16 15:30:00,BUY,1209.87,1219.3757142857141,1205.1171428571427,1219.3757142857141,0.1,94.35714285714248,950.5714285714248,1.9564573459715175,TP,2018Q4,2018,68
273,9400,2018-11-16 16:00:00,9428,2018-11-19 07:00:00,BUY,1223.23,1219.0442857142857,1219.0442857142857,1231.6014285714284,0.1,-42.55714285714312,-418.57142857143117,-1.0,SL,2018Q4,2018,28
274,9434,2018-11-19 10:00:00,9437,2018-11-19 11:30:00,BUY,1220.9,1218.5242857142857,1218.5242857142857,1225.6514285714286,0.1,-24.457142857143662,-237.57142857143663,-1.0,SL,2018Q4,2018,3
275,9438,2018-11-19 12:00:00,9480,2018-11-20 10:00:00,BUY,1220.65,1225.6528571428573,1218.1485714285716,1225.6528571428573,0.1,49.328571428572374,500.28571428572377,1.9183333333334196,TP,2018Q4,2018,42
276,9485,2018-11-20 12:30:00,9494,2018-11-20 17:00:00,BUY,1223.59,1220.915714285714,1220.915714285714,1228.9385714285713,0.1,-27.442857142858156,-267.42857142858156,-1.0,SL,2018Q4,2018,9
277,9523,2018-11-21 08:30:00,9529,2018-11-21 11:30:00,BUY,1221.86,1225.1371428571429,1220.2214285714285,1225.1371428571429,0.1,32.07142857142962,327.71428571429624,1.8770903010034732,TP,2018Q4,2018,6
278,9533,2018-11-21 13:30:00,9540,2018-11-21 17:00:00,BUY,1224.47,1229.37,1222.02,1229.37,0.1,48.29999999999863,489.99999999998636,1.916666666666578,TP,2018Q4,2018,7
279,9546,2018-11-21 20:00:00,9608,2018-11-23 09:00:00,BUY,1227.76,1223.7857142857142,1223.7857142857142,1235.7085714285713,0.1,-40.442857142857704,-397.428571428577,-1.0,SL,2018Q4,2018,62
280,9625,2018-11-23 17:30:00,9648,2018-11-26 09:00:00,SELL,1223.35,1226.9171428571428,1226.9171428571428,1216.215714285714,0.1,-36.37142857142926,-356.7142857142926,-1.0,SL,2018Q4,2018,23
281,9661,2018-11-26 15:30:00,9663,2018-11-26 16:30:00,BUY,1225.88,1223.1471428571429,1223.1471428571429,1231.3457142857144,0.1,-28.02857142857256,-273.2857142857256,-1.0,SL,2018Q4,2018,2
282,9665,2018-11-26 17:30:00,9710,2018-11-27 17:00:00,SELL,1223.32,1217.6914285714283,1226.1342857142856,1217.6914285714283,0.1,55.58571428571604,562.8571428571604,1.9271916790491124,TP,2018Q4,2018,45
283,9711,2018-11-27 17:30:00,9760,2018-11-28 19:00:00,SELL,1217.76,1221.712857142857,1221.712857142857,1209.8542857142859,0.1,-40.22857142857056,-395.2857142857056,-1.0,SL,2018Q4,2018,49
284,9797,2018-11-29 14:30:00,9800,2018-11-29 16:00:00,BUY,1227.72,1224.857142857143,1224.857142857143,1233.4457142857143,0.1,-29.328571428571376,-286.28571428571377,-1.0,SL,2018Q4,2018,3
285,9801,2018-11-29 16:30:00,9808,2018-11-29 20:00:00,BUY,1226.38,1222.8314285714287,1222.8314285714287,1233.477142857143,0.1,-36.185714285714496,-354.85714285714494,-1.0,SL,2018Q4,2018,7
286,9823,2018-11-30 04:30:00,9837,2018-11-30 11:30:00,BUY,1224.63,1222.5557142857144,1222.5557142857144,1228.7785714285717,0.1,-21.44285714285679,-207.42857142856792,-1.0,SL,2018Q4,2018,14
287,9852,2018-11-30 19:00:00,9878,2018-12-03 09:00:00,BUY,1221.63,1228.5614285714287,1218.1642857142858,1228.5614285714287,0.1,68.61428571428569,693.1428571428569,1.9406060606060604,TP,2018Q4,2018,26
288,9889,2018-12-03 14:30:00,9918,2018-12-04 06:00:00,BUY,1229.1,1235.9771428571428,1225.6614285714286,1235.9771428571428,0.1,68.07142857142871,687.7142857142871,1.940146579804623,TP,2018Q4,2018,29
289,9939,2018-12-04 16:30:00,9941,2018-12-04 17:30:00,BUY,1241.54,1238.0900000000001,1238.0900000000001,1248.4399999999998,0.1,-35.199999999998184,-344.9999999999818,-1.0,SL,2018Q4,2018,2
290,9943,2018-12-04 18:30:00,9957,2018-12-05 02:30:00,BUY,1239.06,1235.4957142857143,1235.4957142857143,1246.1885714285713,0.1,-36.342857142856886,-356.42857142856883,-1.0,SL,2018Q4,2018,14
291,9977,2018-12-05 12:30:00,10030,2018-12-06 16:00:00,BUY,1236.26,1240.9199999999998,1233.93,1240.9199999999998,0.1,45.89999999999854,465.99999999998545,1.9124999999999972,TP,2018Q4,2018,53
292,10031,2018-12-06 16:30:00,10039,2018-12-06 20:30:00,BUY,1241.46,1237.8328571428572,1237.8328571428572,1248.7142857142856,0.1,-36.97142857142872,-362.71428571428714,-1.0,SL,2018Q4,2018,8
293,10049,2018-12-07 02:30:00,10075,2018-12-07 15:30:00,BUY,1238.66,1245.0857142857142,1235.447142857143,1245.0857142857142,0.1,63.55714285714093,642.5714285714093,1.9360313315926871,TP,2018Q4,2018,26
294,10076,2018-12-07 16:00:00,10179,2018-12-11 21:30:00,BUY,1244.17,1240.9842857142858,1240.9842857142858,1250.5414285714287,0.1,-32.55714285714312,-318.57142857143117,-1.0,SL,2018Q4,2018,103
295,10187,2018-12-12 02:30:00,10253,2018-12-13 12:30:00,BUY,1244.25,1241.6742857142858,1241.6742857142858,1249.4014285714286,0.1,-26.457142857141843,-257.57142857141844,-1.0,SL,2018Q4,2018,66
296,10262,2018-12-13 17:00:00,10305,2018-12-14 15:30:00,SELL,1242.55,1235.57,1246.04,1235.57,0.1,69.10000000000018,698.0000000000018,1.9410112359550562,TP,2018Q4,2018,43
297,10315,2018-12-14 20:30:00,10351,2018-12-17 15:30:00,SELL,1237.12,1240.57,1240.57,1230.22,0.1,-35.20000000000046,-345.00000000000455,-1.0,SL,2018Q4,2018,36
298,10386,2018-12-18 10:00:00,10398,2018-12-18 16:00:00,BUY,1248.03,1246.0742857142857,1246.0742857142857,1251.9414285714283,0.1,-20.257142857142934,-195.57142857142935,-1.0,SL,2018Q4,2018,12
299,10403,2018-12-18 18:30:00,10445,2018-12-19 16:30:00,BUY,1248.55,1254.9271428571428,1245.3614285714286,1254.9271428571428,0.1,63.07142857142871,637.7142857142871,1.9355545813240482,TP,2018Q4,2018,42
300,10446,2018-12-19 17:00:00,10452,2018-12-19 20:00:00,BUY,1255.91,1252.3714285714286,1252.3714285714286,1262.987142857143,0.1,-36.08571428571459,-353.85714285714585,-1.0,SL,2018Q4,2018,6
301,10507,2018-12-21 01:30:00,10544,2018-12-21 20:00:00,BUY,1261.1,1256.0071428571428,1256.0071428571428,1271.2857142857144,0.1,-51.62857142857156,-509.2857142857156,-1.0,SL,2018Q4,2018,37
302,10553,2018-12-24 01:30:00,10570,2018-12-24 10:00:00,BUY,1258.48,1264.5971428571431,1255.4214285714286,1264.5971428571431,0.1,60.471428571431076,611.7142857143108,1.93287671232884,TP,2018Q4,2018,17
303,10572,2018-12-24 11:00:00,10575,2018-12-24 12:30:00,BUY,1263.67,1261.064285714286,1261.064285714286,1268.8814285714286,0.1,-26.75714285714157,-260.5714285714157,-1.0,SL,2018Q4,2018,3
304,10579,2018-12-24 14:30:00,10588,2018-12-26 09:00:00,BUY,1262.81,1269.107142857143,1259.6614285714286,1269.107142857143,0.1,62.27142857142944,629.7142857142944,1.9347536617843566,TP,2018Q4,2018,9
305,10622,2018-12-27 03:00:00,10678,2018-12-28 08:00:00,BUY,1270.49,1279.1671428571428,1266.1514285714286,1279.1671428571428,0.1,86.07142857142826,867.7142857142826,1.9523655217109523,TP,2018Q4,2018,56
306,10688,2018-12-28 13:00:00,10746,2019-01-02 09:00:00,BUY,1279.1,1285.6428571428569,1275.8285714285714,1285.6428571428569,0.1,64.72857142856974,654.2857142856974,1.937152629328771,TP,2018Q4,2018,58
307,10747,2019-01-02 09:30:00,10768,2019-01-02 20:00:00,BUY,1285.46,1281.41,1281.41,1293.5600000000002,0.1,-41.19999999999955,-404.99999999999545,-1.0,SL,2019Q1,2019,21
308,10776,2019-01-03 01:00:00,10823,2019-01-04 01:30:00,BUY,1286.35,1295.09,1281.98,1295.09,0.1,86.70000000000009,874.0000000000009,1.9527027027027526,TP,2019Q1,2019,47
309,10835,2019-01-04 07:30:00,10841,2019-01-04 10:30:00,BUY,1295.15,1292.3757142857144,1292.3757142857144,1300.6985714285715,0.1,-28.442857142857246,-277.42857142857247,-1.0,SL,2019Q1,2019,6
310,10900,2019-01-07 17:00:00,10901,2019-01-07 17:30:00,BUY,1291.36,1288.2985714285714,1288.2985714285714,1297.482857142857,0.1,-31.314285714284505,-306.14285714284506,-1.0,SL,2019Q1,2019,1
311,10915,2019-01-08 01:30:00,10919,2019-01-08 03:30:00,BUY,1289.67,1287.1228571428574,1287.1228571428574,1294.7642857142857,0.1,-26.171428571427167,-254.71428571427168,-1.0,SL,2019Q1,2019,4
312,10942,2019-01-08 15:00:00,10945,2019-01-08 16:30:00,SELL,1282.32,1284.77,1284.77,1277.4199999999996,0.1,-25.200000000000454,-245.00000000000455,-1.0,SL,2019Q1,2019,3
313,10967,2019-01-09 04:30:00,10983,2019-01-09 12:30:00,SELL,1284.41,1280.6442857142856,1286.2928571428572,1280.6442857142856,0.1,36.95714285714466,376.57142857144663,1.892465252377584,TP,2019Q1,2019,16
314,11034,2019-01-10 15:00:00,11035,2019-01-10 15:30:00,BUY,1294.09,1290.9614285714285,1290.9614285714285,1300.3471428571427,0.1,-31.985714285713765,-312.85714285713766,-1.0,SL,2019Q1,2019,1
315,11058,2019-01-11 04:00:00,11070,2019-01-11 10:00:00,BUY,1289.93,1294.7242857142858,1287.5328571428572,1294.7242857142858,0.1,47.24285714285706,479.42857142857065,1.914881297046902,TP,2019Q1,2019,12
316,11079,2019-01-11 14:30:00,11082,2019-01-11 16:00:00,BUY,1293.13,1290.22,1290.22,1298.9500000000003,0.1,-29.800000000000818,-291.0000000000082,-1.0,SL,2019Q1,2019,3
317,11103,2019-01-14 03:30:00,11121,2019-01-14 12:30:00,BUY,1290.89,1294.8985714285716,1288.8857142857144,1294.8985714285716,0.1,39.385714285714855,400.8571428571486,1.8987603305785137,TP,2019Q1,2019,18
318,11140,2019-01-14 22:00:00,11162,2019-01-15 10:00:00,BUY,1292.09,1288.5671428571427,1288.5671428571427,1299.1357142857144,0.1,-35.9285714285722,-352.28571428572195,-1.0,SL,2019Q1,2019,22
319,11173,2019-01-15 15:30:00,11173,2019-01-15 15:30:00,SELL,1288.23,1291.1442857142858,1291.1442857142858,1282.4014285714284,0.1,-29.842857142858247,-291.4285714285825,-1.0,SL,2019Q1,2019,0
320,11178,2019-01-15 18:00:00,11180,2019-01-15 19:00:00,BUY,1291.28,1287.2342857142855,1287.2342857142855,1299.3714285714286,0.1,-41.15714285714439,-404.5714285714439,-1.0,SL,2019Q1,2019,2
321,11187,2019-01-15 22:30:00,11222,2019-01-16 17:00:00,SELL,1289.52,1293.6371428571429,1293.6371428571429,1281.2857142857142,0.1,-41.87142857142881,-411.71428571428805,-1.0,SL,2019Q1,2019,35
322,11233,2019-01-16 22:30:00,11265,2019-01-17 15:30:00,BUY,1292.94,1290.2157142857143,1290.2157142857143,1298.3885714285716,0.1,-27.9428571428577,-272.428571428577,-1.0,SL,2019Q1,2019,32
323,11275,2019-01-17 20:30:00,11277,2019-01-17 21:30:00,BUY,1292.83,1289.6899999999998,1289.6899999999998,1299.11,0.1,-32.100000000001,-314.00000000001,-1.0,SL,2019Q1,2019,2
324,11283,2019-01-18 01:30:00,11299,2019-01-18 09:30:00,BUY,1292.25,1289.7828571428572,1289.7828571428572,1297.1842857142858,0.1,-25.371428571427895,-246.71428571427896,-1.0,SL,2019Q1,2019,16
325,11330,2019-01-21 02:00:00,11347,2019-01-21 10:30:00,SELL,1282.48,1278.2171428571428,1284.6114285714286,1278.2171428571428,0.1,41.92857142857228,426.28571428572286,1.9046073977936422,TP,2019Q1,2019,17
326,11348,2019-01-21 11:00:00,11359,2019-01-21 16:30:00,SELL,1278.97,1280.9957142857143,1280.9957142857143,1274.9185714285718,0.1,-20.957142857142298,-202.57142857142298,-1.0,SL,2019Q1,2019,11
327,11368,2019-01-22 02:00:00,11384,2019-01-22 10:00:00,SELL,1279.6,1281.8085714285712,1281.8085714285712,1275.182857142857,0.1,-22.785714285713038,-220.85714285713038,-1.0,SL,2019Q1,2019,16
328,11398,2019-01-22 17:00:00,11404,2019-01-22 20:00:00,SELL,1281.54,1284.0742857142857,1284.0742857142857,1276.4714285714285,0.1,-26.042857142857155,-253.42857142857156,-1.0,SL,2019Q1,2019,6
329,11422,2019-01-23 06:00:00,11430,2019-01-23 10:00:00,SELL,1283.76,1285.4985714285713,1285.4985714285713,1280.2828571428572,0.1,-18.085714285712765,-173.85714285712766,-1.0,SL,2019Q1,2019,8
330,11432,2019-01-23 11:00:00,11433,2019-01-23 11:30:00,BUY,1286.47,1284.7557142857142,1284.7557142857142,1289.8985714285714,0.1,-17.842857142857792,-171.42857142857792,-1.0,SL,2019Q1,2019,1
331,11437,2019-01-23 13:30:00,11440,2019-01-23 15:00:00,BUY,1285.6,1283.8071428571427,1283.8071428571427,1289.185714285714,0.1,-18.628571428572013,-179.28571428572013,-1.0,SL,2019Q1,2019,3
332,11448,2019-01-23 19:00:00,11469,2019-01-24 06:30:00,BUY,1285.22,1281.8528571428571,1281.8528571428571,1291.9542857142858,0.1,-34.37142857142881,-336.71428571428805,-1.0,SL,2019Q1,2019,21
333,11495,2019-01-24 19:30:00,11520,2019-01-25 09:00:00,SELL,1280.34,1283.9985714285715,1283.9985714285715,1273.022857142857,0.1,-37.28571428571577,-365.85714285715767,-1.0,SL,2019Q1,2019,25
334,11534,2019-01-25 16:00:00,11535,2019-01-25 16:30:00,BUY,1288.75,1294.2328571428573,1286.0085714285715,1294.2328571428573,0.1,54.128571428572556,548.2857142857256,1.9253048780488597,TP,2019Q1,2019,1
335,11573,2019-01-28 12:30:00,11575,2019-01-28 13:30:00,BUY,1302.26,1300.07,1300.07,1306.6399999999999,0.1,-22.600000000000545,-219.00000000000546,-1.0,SL,2019Q1,2019,2
336,11582,2019-01-28 17:00:00,11614,2019-01-29 10:00:00,BUY,1302.29,1308.0585714285712,1299.4057142857143,1308.0585714285712,0.1,56.98571428571249,576.8571428571249,1.9289168278529958,TP,2019Q1,2019,32
337,11629,2019-01-29 17:30:00,11683,2019-01-30 21:30:00,BUY,1311.77,1318.9814285714285,1308.1642857142856,1318.9814285714285,0.1,71.41428571428541,721.1428571428542,1.942868247182217,TP,2019Q1,2019,54
338,11684,2019-01-30 22:00:00,11783,2019-02-04 02:30:00,BUY,1320.01,1315.57,1315.57,1328.8899999999999,0.1,-45.10000000000055,-444.00000000000546,-1.0,SL,2019Q1,2019,99
339,11811,2019-02-04 16:30:00,11814,2019-02-04 18:00:00,SELL,1311.95,1314.8142857142857,1314.8142857142857,1306.2214285714285,0.1,-29.342857142856428,-286.4285714285643,-1.0,SL,2019Q1,2019,3
340,11823,2019-02-04 22:30:00,11855,2019-02-05 15:30:00,SELL,1312.93,1316.207142857143,1316.207142857143,1306.3757142857141,0.1,-33.47142857142963,-327.71428571429624,-1.0,SL,2019Q1,2019,32
341,11862,2019-02-05 19:00:00,11914,2019-02-06 22:00:00,SELL,1313.25,1306.1585714285713,1316.7957142857142,1306.1585714285713,0.1,70.2142857142865,709.1428571428651,1.9419201896484217,TP,2019Q1,2019,52
342,11951,2019-02-07 17:30:00,11952,2019-02-07 18:00:00,SELL,1307.13,1310.6028571428571,1310.6028571428571,1300.1842857142858,0.1,-35.42857142857038,-347.28571428570376,-1.0,SL,2019Q1,2019,1
343,11971,2019-02-08 04:30:00,11986,2019-02-08 12:00:00,SELL,1309.28,1311.1028571428571,1311.1028571428571,1305.6342857142856,0.1,-18.92857142857174,-182.2857142857174,-1.0,SL,2019Q1,2019,15
344,12012,2019-02-11 02:00:00,12017,2019-02-11 04:30:00,BUY,1313.83,1312.057142857143,1312.057142857143,1317.3757142857141,0.1,-18.42857142856992,-177.2857142856992,-1.0,SL,2019Q1,2019,5
345,12048,2019-02-11 20:00:00,12071,2019-02-12 08:30:00,SELL,1307.21,1310.807142857143,1310.807142857143,1300.0157142857142,0.1,-36.67142857142899,-359.7142857142899,-1.0,SL,2019Q1,2019,23
346,12097,2019-02-12 21:30:00,12130,2019-02-13 15:00:00,BUY,1311.12,1307.9985714285713,1307.9985714285713,1317.362857142857,0.1,-31.914285714286233,-312.14285714286234,-1.0,SL,2019Q1,2019,33
347,12134,2019-02-13 17:00:00,12142,2019-02-13 21:00:00,BUY,1313.45,1310.467142857143,1310.467142857143,1319.415714285714,0.1,-30.528571428570284,-298.28571428570285,-1.0,SL,2019Q1,2019,8
348,12154,2019-02-14 04:00:00,12175,2019-02-14 14:30:00,SELL,1308.72,1303.3200000000002,1311.42,1303.3200000000002,0.1,53.29999999999863,539.9999999999864,1.9241877256316882,TP,2019Q1,2019,21
349,12201,2019-02-15 04:30:00,12216,2019-02-15 12:00:00,BUY,1312.11,1316.192857142857,1310.0685714285712,1316.192857142857,0.1,40.12857142857165,408.2857142857165,1.9005412719890726,TP,2019Q1,2019,15
350,12229,2019-02-15 18:30:00,12244,2019-02-18 03:00:00,BUY,1316.26,1323.5057142857142,1312.6371428571429,1323.5057142857142,0.1,71.75714285714257,724.5714285714257,1.943133462282398,TP,2019Q1,2019,15
351,12260,2019-02-18 11:00:00,12269,2019-02-18 15:30:00,BUY,1322.96,1326.5142857142857,1321.182857142857,1326.5142857142857,0.1,34.84285714285697,355.42857142856974,1.886310904872273,TP,2019Q1,2019,9
352,12295,2019-02-19 09:30:00,12298,2019-02-19 11:00:00,BUY,1325.11,1328.7985714285712,1323.2657142857142,1328.7985714285712,0.1,36.18571428571322,368.8571428571322,1.8902985074626835,TP,2019Q1,2019,3
353,12340,2019-02-20 09:00:00,12364,2019-02-20 21:00:00,BUY,1341.84,1339.1171428571429,1339.1171428571429,1347.2857142857142,0.1,-27.928571428570375,-272.28571428570376,-1.0,SL,2019Q1,2019,24
354,12431,2019-02-22 08:30:00,12434,2019-02-22 10:00:00,SELL,1325.03,1327.0085714285715,1327.0085714285715,1321.0728571428572,0.1,-20.48571428571513,-197.8571428571513,-1.0,SL,2019Q1,2019,3
355,12437,2019-02-22 11:30:00,12444,2019-02-22 15:00:00,SELL,1323.88,1326.0642857142857,1326.0642857142857,1319.5114285714287,0.1,-22.54285714285579,-218.42857142855792,-1.0,SL,2019Q1,2019,7
356,12458,2019-02-22 22:00:00,12493,2019-02-25 16:30:00,SELL,1327.64,1332.1714285714288,1332.1714285714288,1318.577142857143,0.1,-46.014285714287055,-453.1428571428705,-1.0,SL,2019Q1,2019,35
357,12496,2019-02-25 18:00:00,12588,2019-02-27 18:00:00,SELL,1329.2,1320.977142857143,1333.3114285714287,1320.977142857143,0.1,81.52857142857037,822.2857142857038,1.9497779296207183,TP,2019Q1,2019,92
358,12630,2019-02-28 16:00:00,12633,2019-02-28 17:30:00,SELL,1320.83,1313.495714285714,1324.497142857143,1313.495714285714,0.1,72.64285714285897,733.4285714285897,1.9438073394494833,TP,2019Q1,2019,3
359,12653,2019-03-01 04:30:00,12664,2019-03-01 10:00:00,SELL,1313.13,1308.1042857142859,1315.6428571428573,1308.1042857142859,0.1,49.557142857142296,502.571428571423,1.9186946902654014,TP,2019Q1,2019,11
360,12679,2019-03-01 17:30:00,12682,2019-03-01 19:00:00,SELL,1307.91,1299.1871428571428,1312.2714285714287,1299.1871428571428,0.1,86.52857142857265,872.2857142857265,1.952611218568666,TP,2019Q1,2019,3
361,12729,2019-03-04 19:30:00,12849,2019-03-07 10:30:00,SELL,1288.26,1286.52,1293.2757142857142,1278.2285714285713,0.1,16.70000000000009,174.0000000000009,0.32837078651685875,TIME_EXIT,2019Q1,2019,120
362,12853,2019-03-07 12:30:00,12857,2019-03-07 14:30:00,SELL,1285.55,1287.905714285714,1287.905714285714,1280.8385714285714,0.1,-24.25714285714157,-235.5714285714157,-1.0,SL,2019Q1,2019,4
363,12859,2019-03-07 15:30:00,12888,2019-03-08 07:00:00,SELL,1285.23,1288.6485714285714,1288.6485714285714,1278.392857142857,0.1,-34.885714285713405,-341.857142857134,-1.0,SL,2019Q1,2019,29
364,12906,2019-03-08 16:00:00,12948,2019-03-11 13:00:00,BUY,1298.13,1294.5985714285714,1294.5985714285714,1305.1928571428575,0.1,-36.014285714287055,-353.1428571428705,-1.0,SL,2019Q1,2019,42
365,12953,2019-03-11 15:30:00,12953,2019-03-11 15:30:00,BUY,1296.89,1294.0557142857144,1294.0557142857144,1302.5585714285714,0.1,-29.0428571428567,-283.428571428567,-1.0,SL,2019Q1,2019,0
366,12966,2019-03-11 22:00:00,13009,2019-03-12 20:30:00,BUY,1293.99,1300.1100000000001,1290.93,1300.1100000000001,0.1,60.50000000000118,612.0000000000118,1.932907348242883,TP,2019Q1,2019,43
367,13045,2019-03-13 15:30:00,13069,2019-03-14 04:30:00,BUY,1308.13,1305.5428571428572,1305.5428571428572,1313.304285714286,0.1,-26.571428571429077,-258.7142857142908,-1.0,SL,2019Q1,2019,24
368,13109,2019-03-15 01:30:00,13115,2019-03-15 04:30:00,SELL,1295.91,1297.9128571428573,1297.9128571428573,1291.9042857142856,0.1,-20.728571428572376,-200.28571428572377,-1.0,SL,2019Q1,2019,6
369,13138,2019-03-15 16:00:00,13141,2019-03-15 17:30:00,BUY,1304.77,1301.5314285714285,1301.5314285714285,1311.2471428571428,0.1,-33.08571428571504,-323.8571428571504,-1.0,SL,2019Q1,2019,3
370,13144,2019-03-15 19:00:00,13158,2019-03-18 03:00:00,BUY,1302.73,1299.1814285714286,1299.1814285714286,1309.827142857143,0.1,-36.185714285714496,-354.85714285714494,-1.0,SL,2019Q1,2019,14
371,13189,2019-03-18 18:30:00,13190,2019-03-18 19:00:00,BUY,1304.34,1301.4957142857143,1301.4957142857143,1310.0285714285712,0.1,-29.14285714285661,-284.4285714285661,-1.0,SL,2019Q1,2019,1
372,13197,2019-03-18 22:30:00,13226,2019-03-19 14:00:00,BUY,1303.86,1309.8057142857142,1300.8871428571429,1309.8057142857142,0.1,58.75714285714302,594.5714285714303,1.93098591549303,TP,2019Q1,2019,29
373,13233,2019-03-19 17:30:00,13244,2019-03-20 00:00:00,BUY,1308.23,1305.2085714285715,1305.2085714285715,1314.2728571428572,0.1,-30.91428571428487,-302.1428571428487,-1.0,SL,2019Q1,2019,11
374,13260,2019-03-20 08:00:00,13262,2019-03-20 09:00:00,BUY,1305.88,1304.0871428571431,1304.0871428571431,1309.4657142857143,0.1,-18.62857142856974,-179.2857142856974,-1.0,SL,2019Q1,2019,2
375,13270,2019-03-20 13:00:00,13274,2019-03-20 15:00:00,BUY,1304.79,1309.172857142857,1302.5985714285714,1309.172857142857,0.1,43.12857142857119,438.28571428571195,1.9071383449147183,TP,2019Q1,2019,4
376,13285,2019-03-20 20:30:00,13323,2019-03-21 16:30:00,BUY,1315.32,1309.3071428571427,1309.3071428571427,1327.3457142857144,0.1,-60.82857142857229,-601.2857142857229,-1.0,SL,2019Q1,2019,38
377,13344,2019-03-22 04:00:00,13350,2019-03-22 07:00:00,BUY,1310.17,1307.8028571428572,1307.8028571428572,1314.9042857142856,0.1,-24.371428571428805,-236.71428571428805,-1.0,SL,2019Q1,2019,6
378,13353,2019-03-22 08:30:00,13394,2019-03-25 06:00:00,BUY,1310.82,1315.7257142857143,1308.3671428571429,1315.7257142857143,0.1,48.35714285714339,490.5714285714339,1.916761041902692,TP,2019Q1,2019,41
379,13410,2019-03-25 14:00:00,13417,2019-03-25 17:30:00,BUY,1317.96,1322.834285714286,1315.5228571428572,1322.834285714286,0.1,48.04285714285861,487.4285714285861,1.9162393162394056,TP,2019Q1,2019,7
380,13436,2019-03-26 04:00:00,13442,2019-03-26 07:00:00,BUY,1321.77,1319.24,1319.24,1326.83,0.1,-25.999999999999726,-252.99999999999727,-1.0,SL,2019Q1,2019,6
381,13459,2019-03-26 15:30:00,13459,2019-03-26 15:30:00,BUY,1317.93,1314.3257142857142,1314.3257142857142,1325.1385714285716,0.1,-36.742857142858796,-360.42857142858793,-1.0,SL,2019Q1,2019,0
382,13466,2019-03-26 19:00:00,13505,2019-03-27 15:30:00,BUY,1316.19,1311.8542857142859,1311.8542857142859,1324.8614285714286,0.1,-44.057142857141756,-433.5714285714175,-1.0,SL,2019Q1,2019,39
383,13507,2019-03-27 16:30:00,13549,2019-03-28 14:30:00,SELL,1311.11,1301.5957142857142,1315.8671428571429,1301.5957142857142,0.1,94.44285714285733,951.4285714285734,1.9564960047350826,TP,2019Q1,2019,42
384,13605,2019-03-29 19:30:00,13725,2019-04-03 11:30:00,SELL,1293.2,1292.5,1297.5285714285715,1284.5428571428572,0.1,6.300000000000455,70.00000000000455,0.14322832088341425,TIME_EXIT,2019Q1,2019,120
385,13728,2019-04-03 13:00:00,13730,2019-04-03 14:00:00,SELL,1291.74,1293.7428571428572,1293.7428571428572,1287.7342857142855,0.1,-20.728571428572376,-200.28571428572377,-1.0,SL,2019Q2,2019,2
386,13735,2019-04-03 16:30:00,13741,2019-04-03 19:30:00,SELL,1288.94,1292.1228571428574,1292.1228571428574,1282.5742857142857,0.1,-32.52857142857302,-318.28571428573014,-1.0,SL,2019Q2,2019,6
387,13742,2019-04-03 20:00:00,13779,2019-04-04 15:30:00,SELL,1290.75,1283.5214285714285,1294.3642857142859,1283.5214285714285,0.1,71.58571428571513,722.8571428571513,1.943001163241507,TP,2019Q2,2019,37
388,13785,2019-04-04 18:30:00,13790,2019-04-04 21:00:00,SELL,1288.22,1292.57,1292.57,1279.52,0.1,-44.19999999999909,-434.9999999999909,-1.0,SL,2019Q2,2019,5
389,13803,2019-04-05 04:30:00,13825,2019-04-05 15:30:00,SELL,1291.0,1285.9314285714286,1293.5342857142857,1285.9314285714286,0.1,49.98571428571431,506.8571428571431,1.9193636862314865,TP,2019Q2,2019,22
390,13828,2019-04-05 17:00:00,13829,2019-04-05 17:30:00,SELL,1288.74,1293.2014285714286,1293.2014285714286,1279.8171428571427,0.1,-45.31428571428542,-446.14285714285415,-1.0,SL,2019Q2,2019,1
391,13847,2019-04-08 03:30:00,13849,2019-04-08 04:30:00,BUY,1292.5,1296.1285714285716,1290.685714285714,1296.1285714285716,0.1,35.58571428571604,362.8571428571604,1.8885519332826812,TP,2019Q2,2019,2
392,13889,2019-04-09 01:30:00,13912,2019-04-09 13:00:00,BUY,1298.4,1302.6714285714286,1296.2642857142857,1302.6714285714286,0.1,42.01428571428487,427.1428571428487,1.9047927461138896,TP,2019Q2,2019,23
393,13932,2019-04-09 23:00:00,13942,2019-04-10 05:00:00,BUY,1304.44,1301.8114285714287,1301.8114285714287,1309.6971428571426,0.1,-26.985714285713765,-262.85714285713766,-1.0,SL,2019Q2,2019,10
394,13951,2019-04-10 09:30:00,13953,2019-04-10 10:30:00,BUY,1304.44,1302.5014285714285,1302.5014285714285,1308.317142857143,0.1,-20.085714285715493,-193.85714285715494,-1.0,SL,2019Q2,2019,2
395,13955,2019-04-10 11:30:00,13962,2019-04-10 15:00:00,BUY,1304.37,1302.1157142857141,1302.1157142857141,1308.8785714285714,0.1,-23.242857142857428,-225.4285714285743,-1.0,SL,2019Q2,2019,7
396,13965,2019-04-10 16:30:00,14006,2019-04-11 14:00:00,BUY,1304.89,1301.8185714285717,1301.8185714285717,1311.0328571428572,0.1,-31.414285714284414,-307.14285714284415,-1.0,SL,2019Q2,2019,41
397,14035,2019-04-12 05:30:00,14049,2019-04-12 12:30:00,SELL,1293.45,1295.2814285714287,1295.2814285714287,1289.7871428571427,0.1,-19.014285714286597,-183.14285714286598,-1.0,SL,2019Q2,2019,14
398,14054,2019-04-12 15:00:00,14058,2019-04-12 17:00:00,SELL,1292.36,1295.0357142857142,1295.0357142857142,1287.0085714285713,0.1,-27.457142857143207,-267.5714285714321,-1.0,SL,2019Q2,2019,4
399,14060,2019-04-12 18:00:00,14096,2019-04-15 13:00:00,SELL,1292.75,1285.7471428571428,1296.2514285714285,1285.7471428571428,0.1,69.32857142857237,700.2857142857238,1.9412000000000624,TP,2019Q2,2019,36
400,14102,2019-04-15 16:00:00,14106,2019-04-15 18:00:00,SELL,1284.95,1287.9685714285713,1287.9685714285713,1278.9128571428573,0.1,-30.885714285712492,-301.8571428571249,-1.0,SL,2019Q2,2019,4
401,14123,2019-04-16 03:30:00,14133,2019-04-16 08:30:00,SELL,1286.97,1284.1842857142856,1288.3628571428571,1284.1842857142856,0.1,27.157142857144482,278.5714285714448,1.8564453125001523,TP,2019Q2,2019,10
402,14137,2019-04-16 10:30:00,14147,2019-04-16 15:30:00,SELL,1285.15,1280.5014285714287,1287.4742857142858,1280.5014285714287,0.1,45.78571428571358,464.85714285713584,1.9122911694510727,TP,2019Q2,2019,10
403,14148,2019-04-16 16:00:00,14217,2019-04-18 04:30:00,SELL,1278.99,1272.13,1282.42,1272.13,0.1,67.899999999999,685.99999999999,1.939999999999936,TP,2019Q2,2019,69
404,14218,2019-04-18 05:00:00,14228,2019-04-18 10:00:00,SELL,1272.09,1273.7442857142858,1273.7442857142858,1268.7814285714285,0.1,-17.242857142858337,-165.42857142858338,-1.0,SL,2019Q2,2019,10
405,14240,2019-04-18 16:00:00,14259,2019-04-22 02:30:00,SELL,1273.63,1276.9342857142858,1276.9342857142858,1267.0214285714287,0.1,-33.74285714285698,-330.42857142856974,-1.0,SL,2019Q2,2019,19
406,14274,2019-04-22 10:00:00,14278,2019-04-22 12:00:00,SELL,1277.27,1279.4357142857143,1279.4357142857143,1272.9385714285715,0.1,-22.357142857143298,-216.571428571433,-1.0,SL,2019Q2,2019,4
407,14311,2019-04-23 05:30:00,14328,2019-04-23 14:00:00,SELL,1274.94,1271.6628571428573,1276.5785714285714,1271.6628571428573,0.1,32.07142857142735,327.7142857142735,1.87709030100334,TP,2019Q2,2019,17
408,14332,2019-04-23 16:00:00,14337,2019-04-23 18:30:00,SELL,1267.67,1270.6271428571429,1270.6271428571429,1261.7557142857145,0.1,-30.271428571427986,-295.71428571427987,-1.0,SL,2019Q2,2019,5
409,14341,2019-04-23 20:30:00,14382,2019-04-24 18:00:00,SELL,1271.4,1276.0414285714287,1276.0414285714287,1262.1171428571429,0.1,-47.114285714286055,-464.1428571428605,-1.0,SL,2019Q2,2019,41
410,14396,2019-04-25 02:00:00,14425,2019-04-25 16:30:00,BUY,1274.97,1280.1357142857144,1272.3871428571429,1280.1357142857144,0.1,50.957142857143296,516.571428571433,1.920840064620356,TP,2019Q2,2019,29
411,14426,2019-04-25 17:00:00,14429,2019-04-25 18:30:00,BUY,1282.05,1278.5285714285715,1278.5285714285715,1289.0928571428572,0.1,-35.91428571428487,-352.1428571428487,-1.0,SL,2019Q2,2019,3
412,14441,2019-04-26 01:30:00,14458,2019-04-26 10:00:00,BUY,1277.74,1282.1399999999999,1275.54,1282.1399999999999,0.1,43.29999999999863,439.99999999998636,1.9074889867840426,TP,2019Q2,2019,17
413,14466,2019-04-26 14:00:00,14468,2019-04-26 15:00:00,BUY,1281.23,1279.2157142857143,1279.2157142857143,1285.2585714285713,0.1,-20.842857142857337,-201.42857142857338,-1.0,SL,2019Q2,2019,2
414,14470,2019-04-26 16:00:00,14517,2019-04-29 16:30:00,BUY,1282.71,1278.9257142857143,1278.9257142857143,1290.2785714285715,0.1,-38.54285714285716,-378.42857142857156,-1.0,SL,2019Q2,2019,47
415,14533,2019-04-30 01:30:00,14546,2019-04-30 08:00:00,BUY,1280.36,1284.0485714285714,1278.5157142857142,1284.0485714285714,0.1,36.18571428571549,368.85714285715494,1.8902985074628023,TP,2019Q2,2019,13
416,14551,2019-04-30 10:30:00,14561,2019-04-30 15:30:00,BUY,1283.53,1281.6171428571429,1281.6171428571429,1287.3557142857144,0.1,-19.82857142857092,-191.28571428570922,-1.0,SL,2019Q2,2019,10
417,14567,2019-04-30 18:30:00,14587,2019-05-01 05:30:00,BUY,1283.91,1280.2357142857143,1280.2357142857143,1291.2585714285715,0.1,-37.44285714285816,-367.42857142858156,-1.0,SL,2019Q2,2019,20
418,14608,2019-05-01 16:00:00,14609,2019-05-01 16:30:00,SELL,1280.51,1283.2285714285715,1283.2285714285715,1275.072857142857,0.1,-27.88571428571522,-271.8571428571522,-1.0,SL,2019Q2,2019,1
419,14610,2019-05-01 17:00:00,14618,2019-05-01 21:00:00,SELL,1283.28,1286.2457142857143,1286.2457142857143,1277.3485714285712,0.1,-30.357142857142843,-296.57142857142844,-1.0,SL,2019Q2,2019,8
420,14620,2019-05-01 22:00:00,14704,2019-05-03 18:00:00,SELL,1276.18,1282.657142857143,1282.657142857143,1263.2257142857143,0.1,-65.47142857143008,-647.7142857143008,-1.0,SL,2019Q2,2019,84
421,14734,2019-05-06 10:00:00,14744,2019-05-06 15:00:00,BUY,1282.42,1279.8428571428572,1279.8428571428572,1287.5742857142857,0.1,-26.47142857142917,-257.7142857142917,-1.0,SL,2019Q2,2019,10
422,14752,2019-05-06 19:00:00,14816,2019-05-08 05:00:00,BUY,1280.67,1286.5357142857144,1277.737142857143,1286.5357142857144,0.1,57.95714285714375,586.5714285714375,1.9300666032350884,TP,2019Q2,2019,64
423,14828,2019-05-08 11:00:00,14834,2019-05-08 14:00:00,BUY,1286.46,1290.4057142857143,1284.487142857143,1290.4057142857143,0.1,38.75714285714302,394.57142857143026,1.897202797202903,TP,2019Q2,2019,6
424,14859,2019-05-09 03:30:00,14861,2019-05-09 04:30:00,BUY,1282.67,1281.0071428571428,1281.0071428571428,1285.9957142857145,0.1,-17.328571428573195,-166.28571428573196,-1.0,SL,2019Q2,2019,2
425,14881,2019-05-09 14:30:00,14882,2019-05-09 15:00:00,BUY,1283.65,1281.2900000000002,1281.2900000000002,1288.3700000000001,0.1,-24.299999999999,-235.99999999999,-1.0,SL,2019Q2,2019,1
426,14886,2019-05-09 17:00:00,14963,2019-05-13 09:30:00,BUY,1286.18,1282.652857142857,1282.652857142857,1293.2342857142858,0.1,-35.97142857142963,-352.71428571429624,-1.0,SL,2019Q2,2019,77
427,14974,2019-05-13 15:00:00,14975,2019-05-13 15:30:00,BUY,1284.28,1288.48,1282.18,1288.48,0.1,41.30000000000045,420.00000000000455,1.9032258064517136,TP,2019Q2,2019,1
428,14976,2019-05-13 16:00:00,14976,2019-05-13 16:00:00,BUY,1291.67,1297.9585714285715,1288.5257142857145,1297.9585714285715,0.1,62.18571428571458,628.8571428571458,1.9346666666667351,TP,2019Q2,2019,0
429,15004,2019-05-14 07:00:00,15010,2019-05-14 10:00:00,BUY,1299.44,1297.0414285714287,1297.0414285714287,1304.2371428571428,0.1,-24.685714285713583,-239.85714285713584,-1.0,SL,2019Q2,2019,6
430,15020,2019-05-14 15:00:00,15024,2019-05-14 17:00:00,BUY,1299.12,1296.7857142857142,1296.7857142857142,1303.7885714285712,0.1,-24.0428571428567,-233.428571428567,-1.0,SL,2019Q2,2019,4
431,15036,2019-05-14 23:00:00,15053,2019-05-15 08:30:00,BUY,1297.14,1294.5814285714287,1294.5814285714287,1302.2571428571432,0.1,-26.285714285714402,-255.85714285714403,-1.0,SL,2019Q2,2019,17
432,15058,2019-05-15 11:00:00,15106,2019-05-16 12:00:00,BUY,1296.79,1294.4728571428573,1294.4728571428573,1301.4242857142856,0.1,-23.871428571426986,-231.71428571426986,-1.0,SL,2019Q2,2019,48
433,15149,2019-05-17 10:30:00,15160,2019-05-17 16:00:00,SELL,1286.8,1282.58,1288.91,1282.58,0.1,41.50000000000027,422.00000000000273,1.9036697247705434,TP,2019Q2,2019,11
434,15184,2019-05-20 05:00:00,15210,2019-05-20 18:00:00,SELL,1276.94,1278.9957142857145,1278.9957142857145,1272.8285714285714,0.1,-21.2571428571443,-205.571428571443,-1.0,SL,2019Q2,2019,26
435,15213,2019-05-20 19:30:00,15333,2019-05-23 10:30:00,SELL,1276.12,1274.7,1279.4799999999998,1269.3999999999999,0.1,13.499999999998455,141.99999999998454,0.39358600583087017,TIME_EXIT,2019Q2,2019,120
436,15370,2019-05-24 06:00:00,15380,2019-05-24 11:00:00,BUY,1283.92,1282.3000000000002,1282.3000000000002,1287.16,0.1,-16.899999999998908,-161.9999999999891,-1.0,SL,2019Q2,2019,10
437,15389,2019-05-24 15:30:00,15473,2019-05-28 15:00:00,BUY,1282.98,1280.3742857142856,1280.3742857142856,1288.1914285714286,0.1,-26.757142857143844,-260.57142857143845,-1.0,SL,2019Q2,2019,84
438,15490,2019-05-28 23:30:00,15496,2019-05-29 03:30:00,SELL,1279.55,1282.0214285714285,1282.0214285714285,1274.607142857143,0.1,-25.414285714285324,-247.14285714285325,-1.0,SL,2019Q2,2019,6
439,15498,2019-05-29 04:30:00,15504,2019-05-29 07:30:00,SELL,1279.62,1281.3214285714284,1281.3214285714284,1276.2171428571428,0.1,-17.714285714285506,-170.14285714285506,-1.0,SL,2019Q2,2019,6
440,15521,2019-05-29 16:00:00,15555,2019-05-30 10:00:00,SELL,1282.65,1276.3071428571427,1285.8214285714287,1276.3071428571427,0.1,62.72857142857383,634.2857142857383,1.9352137505509734,TP,2019Q2,2019,34
441,15617,2019-05-31 18:00:00,15637,2019-06-03 05:00:00,BUY,1302.65,1311.6728571428573,1298.1385714285714,1311.6728571428573,0.1,89.52857142857219,902.285714285722,1.954162768942889,TP,2019Q2,2019,20
442,15648,2019-06-03 10:30:00,15662,2019-06-03 17:30:00,BUY,1313.72,1319.6371428571429,1310.7614285714287,1319.6371428571429,0.1,58.47142857142835,591.7142857142835,1.9306603773585627,TP,2019Q2,2019,14
443,15690,2019-06-04 08:30:00,15695,2019-06-04 11:00:00,BUY,1323.83,1328.8328571428572,1321.3285714285712,1328.8328571428572,0.1,49.328571428572374,500.28571428572377,1.91833333333325,TP,2019Q2,2019,5
444,15699,2019-06-04 13:00:00,15703,2019-06-04 15:00:00,BUY,1325.09,1321.4399999999998,1321.4399999999998,1332.39,0.1,-37.20000000000091,-365.0000000000091,-1.0,SL,2019Q2,2019,4
445,15708,2019-06-04 17:30:00,15744,2019-06-05 12:30:00,BUY,1325.21,1336.6414285714286,1319.4942857142858,1336.6414285714286,0.1,113.61428571428569,1143.1428571428569,1.9637037037037035,TP,2019Q2,2019,36
446,15768,2019-06-06 01:30:00,15773,2019-06-06 04:00:00,BUY,1332.39,1328.2157142857145,1328.2157142857145,1340.7385714285715,0.1,-42.442857142855885,-417.4285714285588,-1.0,SL,2019Q2,2019,5
447,15777,2019-06-06 06:00:00,15787,2019-06-06 11:00:00,BUY,1330.62,1336.485714285714,1327.6871428571428,1336.485714285714,0.1,57.95714285714148,586.5714285714148,1.9300666032350127,TP,2019Q2,2019,10
448,15799,2019-06-06 17:00:00,15829,2019-06-07 09:00:00,BUY,1336.01,1331.93,1331.93,1344.17,0.1,-41.499999999999275,-407.9999999999927,-1.0,SL,2019Q2,2019,30
449,15832,2019-06-07 10:30:00,15842,2019-06-07 15:30:00,BUY,1334.39,1338.7985714285714,1332.1857142857145,1338.7985714285714,0.1,43.38571428571349,440.85714285713493,1.9076633165830084,TP,2019Q2,2019,10
450,15850,2019-06-07 19:30:00,15859,2019-06-10 01:00:00,BUY,1343.17,1336.2700000000002,1336.2700000000002,1356.9699999999998,0.1,-69.69999999999864,-689.9999999999864,-1.0,SL,2019Q2,2019,9
451,15894,2019-06-10 18:30:00,15927,2019-06-11 12:00:00,SELL,1328.41,1321.6242857142856,1331.8028571428572,1321.6242857142856,0.1,67.15714285714448,678.5714285714448,1.9393564356436293,TP,2019Q2,2019,33
452,15957,2019-06-12 04:00:00,15957,2019-06-12 04:00:00,SELL,1326.52,1328.22,1328.22,1323.1199999999997,0.1,-17.700000000000454,-170.00000000000455,-1.0,SL,2019Q2,2019,0
453,15984,2019-06-12 17:30:00,16037,2019-06-13 21:00:00,BUY,1333.85,1342.615714285714,1329.4671428571428,1342.615714285714,0.1,86.95714285714011,876.5714285714012,1.9528392685273788,TP,2019Q2,2019,53
454,16100,2019-06-17 06:30:00,16103,2019-06-17 08:00:00,BUY,1342.5,1339.2114285714285,1339.2114285714285,1349.077142857143,0.1,-33.58571428571459,-328.85714285714585,-1.0,SL,2019Q2,2019,3
455,16122,2019-06-17 17:30:00,16142,2019-06-18 04:30:00,SELL,1337.1,1342.0185714285712,1342.0185714285712,1327.262857142857,0.1,-49.885714285713405,-491.857142857134,-1.0,SL,2019Q2,2019,20
456,16170,2019-06-18 18:30:00,16232,2019-06-20 03:30:00,BUY,1349.1,1365.1999999999998,1341.05,1365.1999999999998,0.1,160.2999999999991,1609.999999999991,1.9741379310344827,TP,2019Q2,2019,62
457,16261,2019-06-20 18:00:00,16280,2019-06-21 04:30:00,BUY,1382.91,1395.6100000000001,1376.56,1395.6100000000001,0.1,126.30000000000045,1270.0000000000045,1.9672897196261334,TP,2019Q2,2019,19
458,16299,2019-06-21 14:00:00,16353,2019-06-24 18:00:00,BUY,1394.98,1414.4971428571428,1385.2214285714288,1414.4971428571428,0.1,194.47142857142745,1951.7142857142744,1.9786337209302554,TP,2019Q2,2019,54
459,16382,2019-06-25 09:30:00,16403,2019-06-25 20:00:00,BUY,1427.63,1418.0814285714287,1418.0814285714287,1446.727142857143,0.1,-96.1857142857145,-954.8571428571449,-1.0,SL,2019Q2,2019,21
460,16432,2019-06-26 11:30:00,16435,2019-06-26 13:00:00,BUY,1412.23,1405.1157142857144,1405.1157142857144,1426.4585714285715,0.1,-71.84285714285643,-711.4285714285643,-1.0,SL,2019Q2,2019,3
461,16440,2019-06-26 15:30:00,16474,2019-06-27 09:30:00,BUY,1409.45,1402.0328571428572,1402.0328571428572,1424.284285714286,0.1,-74.87142857142835,-741.7142857142835,-1.0,SL,2019Q2,2019,34
462,16475,2019-06-27 10:00:00,16485,2019-06-27 15:00:00,SELL,1402.51,1407.3042857142857,1407.3042857142857,1392.9214285714284,0.1,-48.64285714285707,-479.42857142857065,-1.0,SL,2019Q2,2019,10
463,16486,2019-06-27 15:30:00,16502,2019-06-27 23:30:00,SELL,1404.88,1409.6728571428573,1409.6728571428573,1395.2942857142857,0.1,-48.628571428572016,-479.28571428572013,-1.0,SL,2019Q2,2019,16
464,16520,2019-06-28 09:30:00,16520,2019-06-28 09:30:00,BUY,1416.02,1409.7042857142856,1409.7042857142856,1428.6514285714286,0.1,-63.85714285714421,-631.5714285714421,-1.0,SL,2019Q2,2019,0
465,16525,2019-06-28 12:00:00,16533,2019-06-28 16:00:00,BUY,1415.28,1409.7471428571428,1409.7471428571428,1426.3457142857142,0.1,-56.02857142857211,-553.285714285721,-1.0,SL,2019Q2,2019,8
466,16584,2019-07-01 18:30:00,16629,2019-07-02 18:00:00,SELL,1391.53,1396.82,1396.82,1380.9499999999998,0.1,-53.59999999999964,-528.9999999999964,-1.0,SL,2019Q3,2019,45
467,16658,2019-07-03 09:30:00,16669,2019-07-03 15:00:00,BUY,1425.53,1416.1371428571429,1416.1371428571429,1444.3157142857144,0.1,-94.6285714285711,-939.285714285711,-1.0,SL,2019Q3,2019,11
468,16691,2019-07-04 03:00:00,16702,2019-07-04 08:30:00,BUY,1418.59,1414.8842857142856,1414.8842857142856,1426.0014285714285,0.1,-37.75714285714294,-370.57142857142935,-1.0,SL,2019Q3,2019,11
469,16720,2019-07-04 17:30:00,16741,2019-07-05 09:00:00,BUY,1417.25,1412.9728571428573,1412.9728571428573,1425.8042857142857,0.1,-43.47142857142735,-427.7142857142735,-1.0,SL,2019Q3,2019,21
470,16769,2019-07-05 23:00:00,16889,2019-07-10 14:00:00,SELL,1400.75,1395.96,1408.8357142857142,1384.5785714285714,0.1,47.19999999999963,478.99999999999636,0.5787353301804202,TIME_EXIT,2019Q3,2019,120
471,16892,2019-07-10 15:30:00,16892,2019-07-10 15:30:00,SELL,1392.02,1396.327142857143,1396.327142857143,1383.4057142857143,0.1,-43.771428571429354,-430.7142857142935,-1.0,SL,2019Q3,2019,0
472,16927,2019-07-11 10:00:00,16938,2019-07-11 15:30:00,BUY,1421.32,1416.5171428571427,1416.5171428571427,1430.9257142857143,0.1,-48.728571428571925,-480.2857142857192,-1.0,SL,2019Q3,2019,11
473,16963,2019-07-12 05:00:00,16970,2019-07-12 08:30:00,BUY,1409.46,1405.3728571428571,1405.3728571428571,1417.6342857142859,0.1,-41.57142857142908,-408.7142857142908,-1.0,SL,2019Q3,2019,7
474,16973,2019-07-12 10:00:00,16977,2019-07-12 12:00:00,BUY,1408.77,1405.2785714285715,1405.2785714285715,1415.7528571428572,0.1,-35.614285714285145,-349.1428571428514,-1.0,SL,2019Q3,2019,4
475,16982,2019-07-12 14:30:00,16984,2019-07-12 15:30:00,BUY,1408.6,1404.0557142857142,1404.0557142857142,1417.6885714285713,0.1,-46.14285714285707,-454.42857142857065,-1.0,SL,2019Q3,2019,2
476,16986,2019-07-12 16:30:00,17001,2019-07-15 01:00:00,BUY,1408.79,1419.5985714285714,1403.3857142857141,1419.5985714285714,0.1,107.3857142857144,1080.857142857144,1.9616388308976627,TP,2019Q3,2019,15
477,17005,2019-07-15 03:00:00,17008,2019-07-15 04:30:00,BUY,1416.48,1411.3314285714284,1411.3314285714284,1426.777142857143,0.1,-52.18571428571586,-514.8571428571586,-1.0,SL,2019Q3,2019,3
478,17017,2019-07-15 09:00:00,17033,2019-07-15 17:00:00,BUY,1413.08,1408.89,1408.89,1421.4599999999998,0.1,-42.599999999998275,-418.9999999999827,-1.0,SL,2019Q3,2019,16
479,17039,2019-07-15 20:00:00,17076,2019-07-16 15:30:00,BUY,1413.14,1408.017142857143,1408.017142857143,1423.3857142857144,0.1,-51.92857142857129,-512.2857142857129,-1.0,SL,2019Q3,2019,37
480,17087,2019-07-16 21:00:00,17125,2019-07-17 17:00:00,SELL,1407.51,1414.257142857143,1414.257142857143,1394.0157142857142,0.1,-68.1714285714299,-674.714285714299,-1.0,SL,2019Q3,2019,38
481,17148,2019-07-18 05:30:00,17154,2019-07-18 08:30:00,BUY,1423.59,1418.965714285714,1418.965714285714,1432.8385714285716,0.1,-46.942857142858614,-462.4285714285861,-1.0,SL,2019Q3,2019,6
482,17161,2019-07-18 12:00:00,17164,2019-07-18 13:30:00,BUY,1421.97,1418.057142857143,1418.057142857143,1429.7957142857142,0.1,-39.828571428570925,-391.2857142857092,-1.0,SL,2019Q3,2019,3
483,17167,2019-07-18 15:00:00,17168,2019-07-18 15:30:00,BUY,1421.69,1417.097142857143,1417.097142857143,1430.8757142857141,0.1,-46.62857142857156,-459.2857142857156,-1.0,SL,2019Q3,2019,1
484,17172,2019-07-18 17:30:00,17179,2019-07-18 21:00:00,BUY,1421.38,1432.5885714285714,1415.7757142857145,1432.5885714285714,0.1,111.38571428571304,1120.8571428571304,1.9629909365558906,TP,2019Q3,2019,7
485,17202,2019-07-19 09:30:00,17202,2019-07-19 09:30:00,BUY,1442.36,1437.772857142857,1437.772857142857,1451.5342857142855,0.1,-46.57142857142908,-458.7142857142908,-1.0,SL,2019Q3,2019,0
486,17206,2019-07-19 11:30:00,17208,2019-07-19 12:30:00,BUY,1440.57,1436.4514285714286,1436.4514285714286,1448.807142857143,0.1,-41.88571428571386,-411.85714285713857,-1.0,SL,2019Q3,2019,2
487,17217,2019-07-19 17:00:00,17217,2019-07-19 17:00:00,BUY,1441.07,1435.322857142857,1435.322857142857,1452.5642857142857,0.1,-58.1714285714299,-574.714285714299,-1.0,SL,2019Q3,2019,0
488,17241,2019-07-22 06:00:00,17281,2019-07-23 03:00:00,BUY,1427.84,1423.1942857142856,1423.1942857142856,1437.1314285714286,0.1,-47.157142857143484,-464.5714285714348,-1.0,SL,2019Q3,2019,40
489,17298,2019-07-23 11:30:00,17303,2019-07-23 14:00:00,SELL,1417.82,1420.9714285714285,1420.9714285714285,1411.5171428571427,0.1,-32.214285714285964,-315.1428571428596,-1.0,SL,2019Q3,2019,5
490,17312,2019-07-23 18:30:00,17351,2019-07-24 15:00:00,SELL,1422.01,1427.8771428571429,1427.8771428571429,1410.2757142857142,0.1,-59.37142857142881,-586.714285714288,-1.0,SL,2019Q3,2019,39
491,17357,2019-07-24 18:00:00,17396,2019-07-25 14:30:00,SELL,1423.64,1428.4014285714286,1428.4014285714286,1414.1171428571429,0.1,-48.31428571428496,-476.1428571428496,-1.0,SL,2019Q3,2019,39
492,17423,2019-07-26 05:00:00,17433,2019-07-26 10:00:00,SELL,1416.88,1420.0085714285715,1420.0085714285715,1410.6228571428574,0.1,-31.985714285713765,-312.85714285713766,-1.0,SL,2019Q3,2019,10
493,17451,2019-07-26 19:00:00,17502,2019-07-29 21:30:00,SELL,1418.63,1424.4714285714288,1424.4714285714288,1406.947142857143,0.1,-59.11428571428651,-584.1428571428651,-1.0,SL,2019Q3,2019,51
494,17518,2019-07-30 06:30:00,17536,2019-07-30 15:30:00,BUY,1423.93,1429.8842857142856,1420.9528571428573,1429.8842857142856,0.1,58.84285714285561,595.4285714285561,1.9310829817158914,TP,2019Q3,2019,18
495,17538,2019-07-30 16:30:00,17589,2019-07-31 19:00:00,BUY,1428.68,1424.6014285714286,1424.6014285714286,1436.837142857143,0.1,-41.485714285714224,-407.8571428571422,-1.0,SL,2019Q3,2019,51
496,17630,2019-08-01 16:30:00,17631,2019-08-01 17:00:00,SELL,1403.69,1409.3871428571429,1409.3871428571429,1392.2957142857144,0.1,-57.67142857142808,-569.7142857142808,-1.0,SL,2019Q3,2019,1
497,17660,2019-08-02 08:30:00,17678,2019-08-02 17:30:00,BUY,1434.43,1447.3128571428572,1427.9885714285715,1447.3128571428572,0.1,128.1285714285712,1288.285714285712,1.9677490127248793,TP,2019Q3,2019,18
498,17687,2019-08-02 22:00:00,17708,2019-08-05 09:30:00,BUY,1442.65,1459.27,1434.3400000000001,1459.27,0.1,165.49999999999892,1661.999999999989,1.9749403341288783,TP,2019Q3,2019,21
499,17727,2019-08-05 19:00:00,17789,2019-08-07 04:00:00,BUY,1463.64,1480.6057142857144,1455.157142857143,1480.6057142857144,0.1,168.95714285714286,1696.5714285714284,1.9754468014030662,TP,2019Q3,2019,62
500,17828,2019-08-07 23:30:00,17948,2019-08-12 14:30:00,BUY,1500.74,1506.54,1486.9271428571428,1528.3657142857144,0.1,57.29999999999954,579.9999999999955,0.41273924675858786,TIME_EXIT,2019Q3,2019,120
501,17952,2019-08-12 16:30:00,17982,2019-08-13 08:30:00,BUY,1502.3,1519.32,1493.79,1519.32,0.1,169.49999999999983,1701.9999999999982,1.9755244755244756,TP,2019Q3,2019,30
502,18024,2019-08-14 06:30:00,18037,2019-08-14 13:00:00,SELL,1501.88,1508.307142857143,1508.307142857143,1489.0257142857145,0.1,-64.97142857142826,-642.7142857142826,-1.0,SL,2019Q3,2019,13
503,18047,2019-08-14 18:00:00,18127,2019-08-16 12:00:00,BUY,1515.55,1506.1228571428571,1506.1228571428571,1534.4042857142856,0.1,-94.97142857142826,-942.7142857142826,-1.0,SL,2019Q3,2019,80
504,18143,2019-08-16 20:00:00,18171,2019-08-19 11:00:00,BUY,1513.13,1504.927142857143,1504.927142857143,1529.5357142857144,0.1,-82.72857142857056,-820.2857142857056,-1.0,SL,2019Q3,2019,28
505,18185,2019-08-19 18:00:00,18223,2019-08-20 14:00:00,SELL,1501.12,1508.415714285714,1508.415714285714,1486.5285714285715,0.1,-73.65714285714212,-729.5714285714212,-1.0,SL,2019Q3,2019,38
506,18251,2019-08-21 05:00:00,18261,2019-08-21 10:00:00,SELL,1504.87,1498.6185714285714,1507.9957142857143,1498.6185714285714,0.1,61.81428571428505,625.1428571428505,1.9342869915064123,TP,2019Q3,2019,10
507,18270,2019-08-21 14:30:00,18278,2019-08-21 18:30:00,SELL,1500.99,1505.0657142857142,1505.0657142857142,1492.8385714285716,0.1,-41.45714285714185,-407.57142857141844,-1.0,SL,2019Q3,2019,8
508,18286,2019-08-21 22:30:00,18366,2019-08-23 16:30:00,SELL,1501.75,1507.3114285714285,1507.3114285714285,1490.6271428571429,0.1,-56.31428571428451,-556.1428571428451,-1.0,SL,2019Q3,2019,80
509,18413,2019-08-26 17:00:00,18533,2019-08-29 08:00:00,BUY,1534.74,1541.74,1524.9614285714285,1554.297142857143,0.1,69.3,700.0,0.7036553524804149,TIME_EXIT,2019Q3,2019,120
510,18536,2019-08-29 09:30:00,18538,2019-08-29 10:30:00,BUY,1545.8,1542.0785714285714,1542.0785714285714,1553.2428571428572,0.1,-37.91428571428533,-372.14285714285325,-1.0,SL,2019Q3,2019,2
511,18549,2019-08-29 16:00:00,18555,2019-08-29 19:00:00,BUY,1542.91,1535.42,1535.42,1557.89,0.1,-75.6000000000001,-749.0000000000009,-1.0,SL,2019Q3,2019,6
512,18584,2019-08-30 10:30:00,18594,2019-08-30 15:30:00,SELL,1525.63,1530.5328571428572,1530.5328571428572,1515.8242857142857,0.1,-49.728571428571016,-490.2857142857101,-1.0,SL,2019Q3,2019,10
513,18596,2019-08-30 16:30:00,18599,2019-08-30 18:00:00,SELL,1525.51,1531.6328571428571,1531.6328571428571,1513.2642857142857,0.1,-61.92857142857129,-612.2857142857129,-1.0,SL,2019Q3,2019,3
514,18602,2019-08-30 19:30:00,18611,2019-09-02 01:00:00,SELL,1524.79,1531.3514285714284,1531.3514285714284,1511.6671428571428,0.1,-66.31428571428451,-656.1428571428451,-1.0,SL,2019Q3,2019,9
515,18618,2019-09-02 04:30:00,18669,2019-09-03 11:00:00,SELL,1524.97,1532.49,1532.49,1509.93,0.1,-75.89999999999982,-751.9999999999982,-1.0,SL,2019Q3,2019,51
516,18705,2019-09-04 06:00:00,18711,2019-09-04 09:00:00,BUY,1544.71,1538.5114285714287,1538.5114285714287,1557.107142857143,0.1,-62.68571428571313,-619.8571428571313,-1.0,SL,2019Q3,2019,6
517,18725,2019-09-04 16:00:00,18733,2019-09-04 20:00:00,BUY,1541.78,1552.7571428571428,1536.2914285714285,1552.7571428571428,0.1,109.0714285714278,1097.714285714278,1.9622205088665747,TP,2019Q3,2019,8
518,18759,2019-09-05 10:00:00,18760,2019-09-05 10:30:00,BUY,1548.12,1542.6328571428571,1542.6328571428571,1559.0942857142857,0.1,-55.57142857142772,-548.7142857142771,-1.0,SL,2019Q3,2019,1
519,18802,2019-09-06 08:30:00,18804,2019-09-06 09:30:00,SELL,1518.08,1509.285714285714,1522.4771428571428,1509.285714285714,0.1,87.24285714285934,879.4285714285934,1.95299008634479,TP,2019Q3,2019,2
520,18805,2019-09-06 10:00:00,18816,2019-09-06 15:30:00,SELL,1506.4,1512.6814285714288,1512.6814285714288,1493.837142857143,0.1,-63.514285714287055,-628.1428571428705,-1.0,SL,2019Q3,2019,11
521,18826,2019-09-06 20:30:00,18946,2019-09-11 11:30:00,SELL,1507.6,1493.94,1519.905714285714,1482.9885714285713,0.1,135.89999999999856,1365.9999999999854,1.0981184347223782,TIME_EXIT,2019Q3,2019,120
522,18953,2019-09-11 15:00:00,18959,2019-09-11 18:00:00,SELL,1491.02,1495.3885714285714,1495.3885714285714,1482.282857142857,0.1,-44.38571428571386,-436.85714285713857,-1.0,SL,2019Q3,2019,6
523,18974,2019-09-12 02:30:00,18986,2019-09-12 08:30:00,SELL,1493.54,1497.8657142857144,1497.8657142857144,1484.8885714285714,0.1,-43.95714285714412,-432.5714285714412,-1.0,SL,2019Q3,2019,12
524,19005,2019-09-12 18:00:00,19007,2019-09-12 19:00:00,BUY,1510.66,1499.9228571428573,1499.9228571428573,1532.1342857142859,0.1,-108.07142857142772,-1073.7142857142771,-1.0,SL,2019Q3,2019,2
525,19034,2019-09-13 09:30:00,19034,2019-09-13 09:30:00,BUY,1499.35,1505.4071428571428,1496.3214285714284,1505.4071428571428,0.1,59.87142857142935,605.7142857142935,1.9322268326417713,TP,2019Q3,2019,0
526,19035,2019-09-13 10:00:00,19046,2019-09-13 15:30:00,BUY,1505.16,1501.24,1501.24,1513.0,0.1,-39.90000000000073,-392.0000000000073,-1.0,SL,2019Q3,2019,11
527,19048,2019-09-13 16:30:00,19050,2019-09-13 17:30:00,BUY,1503.57,1496.26,1496.26,1518.19,0.1,-73.79999999999946,-730.9999999999945,-1.0,SL,2019Q3,2019,2
528,19079,2019-09-16 09:00:00,19094,2019-09-16 16:30:00,BUY,1504.05,1496.9242857142858,1496.9242857142858,1518.3014285714285,0.1,-71.95714285714139,-712.5714285714139,-1.0,SL,2019Q3,2019,15
529,19099,2019-09-16 19:00:00,19106,2019-09-16 22:30:00,BUY,1504.03,1497.9357142857143,1497.9357142857143,1516.2185714285713,0.1,-61.64285714285661,-609.4285714285661,-1.0,SL,2019Q3,2019,7
530,19118,2019-09-17 05:30:00,19122,2019-09-17 07:30:00,BUY,1500.54,1496.5842857142857,1496.5842857142857,1508.4514285714286,0.1,-40.25714285714294,-395.57142857142935,-1.0,SL,2019Q3,2019,4
531,19126,2019-09-17 09:30:00,19131,2019-09-17 12:00:00,SELL,1495.66,1499.1657142857143,1499.1657142857143,1488.6485714285716,0.1,-35.75714285714248,-350.5714285714248,-1.0,SL,2019Q3,2019,5
532,19134,2019-09-17 13:30:00,19136,2019-09-17 14:30:00,SELL,1497.61,1501.2342857142855,1501.2342857142855,1490.3614285714284,0.1,-36.94285714285634,-362.4285714285634,-1.0,SL,2019Q3,2019,2
533,19151,2019-09-17 22:00:00,19195,2019-09-18 21:00:00,BUY,1502.63,1496.7785714285717,1496.7785714285717,1514.3328571428572,0.1,-59.214285714284145,-585.1428571428414,-1.0,SL,2019Q3,2019,44
534,19220,2019-09-19 10:30:00,19221,2019-09-19 11:00:00,SELL,1493.74,1497.707142857143,1497.707142857143,1485.8057142857142,0.1,-40.37142857143017,-396.7142857143017,-1.0,SL,2019Q3,2019,1
535,19236,2019-09-19 18:30:00,19256,2019-09-20 05:30:00,SELL,1497.48,1502.88,1502.88,1486.68,0.1,-54.70000000000091,-540.0000000000091,-1.0,SL,2019Q3,2019,20
536,19268,2019-09-20 11:30:00,19274,2019-09-20 14:30:00,BUY,1503.89,1500.4985714285715,1500.4985714285715,1510.672857142857,0.1,-34.614285714286055,-339.1428571428605,-1.0,SL,2019Q3,2019,6
537,19281,2019-09-20 18:00:00,19287,2019-09-20 21:00:00,BUY,1504.46,1513.1085714285716,1500.1357142857144,1513.1085714285716,0.1,85.78571428571585,864.8571428571586,1.9522106631990108,TP,2019Q3,2019,6
538,19310,2019-09-23 09:30:00,19325,2019-09-23 17:00:00,BUY,1515.05,1522.3842857142856,1511.3828571428571,1522.3842857142856,0.1,72.6428571428567,733.428571428567,1.9438073394495408,TP,2019Q3,2019,15
539,19326,2019-09-23 17:30:00,19369,2019-09-24 16:00:00,BUY,1523.71,1518.517142857143,1518.517142857143,1534.0957142857144,0.1,-52.62857142857065,-519.2857142857065,-1.0,SL,2019Q3,2019,43
540,19372,2019-09-24 17:30:00,19376,2019-09-24 19:30:00,BUY,1523.79,1533.93,1518.72,1533.93,0.1,100.700000000001,1014.00000000001,1.959143968871639,TP,2019Q3,2019,4
541,19381,2019-09-24 22:00:00,19418,2019-09-25 17:30:00,BUY,1534.04,1524.5571428571427,1524.5571428571427,1553.0057142857142,0.1,-95.52857142857256,-948.2857142857256,-1.0,SL,2019Q3,2019,37
542,19439,2019-09-26 05:00:00,19462,2019-09-26 16:30:00,SELL,1508.35,1512.1671428571428,1512.1671428571428,1500.7157142857143,0.1,-38.87142857142926,-381.7142857142926,-1.0,SL,2019Q3,2019,23
543,19468,2019-09-26 19:30:00,19500,2019-09-27 12:30:00,SELL,1507.44,1494.9285714285713,1513.6957142857143,1494.9285714285713,0.1,124.41428571428723,1251.1428571428723,1.9668021680217158,TP,2019Q3,2019,32
544,19521,2019-09-27 23:00:00,19557,2019-09-30 18:00:00,SELL,1496.28,1478.6285714285714,1505.1057142857142,1478.6285714285714,0.1,175.81428571428597,1765.1428571428596,1.9763931267063044,TP,2019Q3,2019,36
545,19598,2019-10-01 15:30:00,19601,2019-10-01 17:00:00,SELL,1465.53,1471.5257142857142,1471.5257142857142,1453.5385714285715,0.1,-60.657142857142574,-599.5714285714257,-1.0,SL,2019Q4,2019,3
546,19623,2019-10-02 05:00:00,19633,2019-10-02 10:00:00,SELL,1478.02,1482.07,1482.07,1469.92,0.1,-41.19999999999955,-404.99999999999545,-1.0,SL,2019Q4,2019,10
547,19678,2019-10-03 09:30:00,19678,2019-10-03 09:30:00,BUY,1501.85,1498.0542857142857,1498.0542857142857,1509.4414285714286,0.1,-38.65714285714212,-379.57142857142117,-1.0,SL,2019Q4,2019,0
548,19682,2019-10-03 11:30:00,19693,2019-10-03 17:00:00,BUY,1498.93,1507.9357142857143,1494.4271428571428,1507.9357142857143,0.1,89.35714285714248,900.5714285714248,1.9540768509840185,TP,2019Q4,2019,11
549,19694,2019-10-03 17:30:00,19736,2019-10-04 15:30:00,BUY,1511.8,1503.4914285714285,1503.4914285714285,1528.417142857143,0.1,-83.7857142857144,-830.857142857144,-1.0,SL,2019Q4,2019,42
550,19740,2019-10-04 17:30:00,19779,2019-10-07 14:00:00,BUY,1506.23,1497.8828571428571,1497.8828571428571,1522.9242857142858,0.1,-84.17142857142899,-834.7142857142899,-1.0,SL,2019Q4,2019,39
551,19787,2019-10-07 18:00:00,19788,2019-10-07 18:30:00,BUY,1502.91,1498.1242857142859,1498.1242857142859,1512.4814285714285,0.1,-48.55714285714221,-478.5714285714221,-1.0,SL,2019Q4,2019,1
552,19836,2019-10-08 19:30:00,19840,2019-10-08 21:30:00,SELL,1501.06,1507.4399999999998,1507.4399999999998,1488.3,0.1,-64.49999999999882,-637.9999999999882,-1.0,SL,2019Q4,2019,4
553,19842,2019-10-08 22:30:00,19922,2019-10-10 16:30:00,BUY,1503.98,1496.557142857143,1496.557142857143,1518.8257142857142,0.1,-74.92857142857083,-742.2857142857083,-1.0,SL,2019Q4,2019,80
554,19946,2019-10-11 05:30:00,19954,2019-10-11 09:30:00,SELL,1495.5,1499.717142857143,1499.717142857143,1487.0657142857142,0.1,-42.87142857143017,-421.7142857143017,-1.0,SL,2019Q4,2019,8
555,19961,2019-10-11 13:00:00,19964,2019-10-11 14:30:00,SELL,1495.01,1486.1014285714286,1499.4642857142856,1486.1014285714286,0.1,88.38571428571349,890.8571428571349,1.9535838332807558,TP,2019Q4,2019,3
556,19977,2019-10-11 21:00:00,20005,2019-10-14 12:00:00,SELL,1484.84,1495.5814285714284,1495.5814285714284,1463.357142857143,0.1,-108.11428571428515,-1074.1428571428514,-1.0,SL,2019Q4,2019,28
557,20014,2019-10-14 16:30:00,20036,2019-10-15 04:30:00,SELL,1490.25,1495.1742857142858,1495.1742857142858,1480.4014285714286,0.1,-49.94285714285816,-492.42857142858156,-1.0,SL,2019Q4,2019,22
558,20045,2019-10-15 09:00:00,20049,2019-10-15 11:00:00,SELL,1491.04,1493.7957142857142,1493.7957142857142,1485.5285714285715,0.1,-28.25714285714248,-275.5714285714248,-1.0,SL,2019Q4,2019,4
559,20057,2019-10-15 15:00:00,20061,2019-10-15 17:00:00,SELL,1493.46,1483.5914285714287,1498.3942857142856,1483.5914285714287,0.1,97.98571428571385,986.8571428571386,1.9580359691693277,TP,2019Q4,2019,4
560,20083,2019-10-16 05:00:00,20094,2019-10-16 10:30:00,SELL,1482.96,1485.7771428571427,1485.7771428571427,1477.3257142857144,0.1,-28.871428571426986,-281.71428571426986,-1.0,SL,2019Q4,2019,11
561,20098,2019-10-16 12:30:00,20104,2019-10-16 15:30:00,SELL,1482.44,1486.81,1486.81,1473.7,0.1,-44.39999999999891,-436.9999999999891,-1.0,SL,2019Q4,2019,6
562,20108,2019-10-16 17:30:00,20114,2019-10-16 20:30:00,SELL,1483.19,1490.932857142857,1490.932857142857,1467.7042857142858,0.1,-78.1285714285702,-774.2857142857019,-1.0,SL,2019Q4,2019,6
563,20128,2019-10-17 04:30:00,20150,2019-10-17 15:30:00,SELL,1488.58,1492.3957142857141,1492.3957142857141,1480.9485714285713,0.1,-38.85714285714194,-381.57142857141935,-1.0,SL,2019Q4,2019,22
564,20151,2019-10-17 16:00:00,20247,2019-10-21 18:00:00,BUY,1490.31,1484.5657142857142,1484.5657142857142,1501.7985714285712,0.1,-58.14285714285752,-574.4285714285752,-1.0,SL,2019Q4,2019,96
565,20271,2019-10-22 07:00:00,20277,2019-10-22 10:00:00,SELL,1484.18,1486.5714285714287,1486.5714285714287,1479.3971428571429,0.1,-24.61428571428605,-239.14285714286052,-1.0,SL,2019Q4,2019,6
566,20288,2019-10-22 15:30:00,20290,2019-10-22 16:30:00,SELL,1485.44,1488.5314285714285,1488.5314285714285,1479.257142857143,0.1,-31.614285714284232,-309.14285714284233,-1.0,SL,2019Q4,2019,2
567,20292,2019-10-22 17:30:00,20309,2019-10-23 03:00:00,SELL,1485.86,1489.5085714285713,1489.5085714285713,1478.5628571428572,0.1,-37.18571428571359,-364.85714285713584,-1.0,SL,2019Q4,2019,17
568,20323,2019-10-23 10:00:00,20369,2019-10-24 10:00:00,BUY,1491.65,1489.2014285714288,1489.2014285714288,1496.547142857143,0.1,-25.18571428571313,-244.8571428571313,-1.0,SL,2019Q4,2019,46
569,20379,2019-10-24 15:00:00,20382,2019-10-24 16:30:00,BUY,1491.01,1497.2271428571426,1487.9014285714286,1497.2271428571426,0.1,61.47142857142562,621.7142857142562,1.9339325842695907,TP,2019Q4,2019,3
570,20404,2019-10-25 04:30:00,20413,2019-10-25 09:00:00,BUY,1501.84,1506.502857142857,1499.5085714285715,1506.502857142857,0.1,45.92857142857092,466.2857142857092,1.9125520523498813,TP,2019Q4,2019,9
571,20450,2019-10-28 03:30:00,20471,2019-10-28 14:00:00,BUY,1505.1,1502.6257142857144,1502.6257142857144,1510.0485714285712,0.1,-25.442857142855427,-247.42857142855428,-1.0,SL,2019Q4,2019,21
572,20506,2019-10-29 08:30:00,20508,2019-10-29 09:30:00,SELL,1491.46,1493.6442857142858,1493.6442857142858,1487.0914285714287,0.1,-22.542857142858065,-218.42857142858065,-1.0,SL,2019Q4,2019,2
573,20514,2019-10-29 12:30:00,20514,2019-10-29 12:30:00,SELL,1492.11,1487.512857142857,1494.4085714285713,1487.512857142857,0.1,45.271428571428984,459.7142857142899,1.9113389626055495,TP,2019Q4,2019,0
574,20515,2019-10-29 13:00:00,20518,2019-10-29 14:30:00,SELL,1486.78,1490.1485714285714,1490.1485714285714,1480.042857142857,0.1,-34.38571428571386,-336.85714285713857,-1.0,SL,2019Q4,2019,3
575,20526,2019-10-29 18:30:00,20567,2019-10-30 16:00:00,SELL,1488.79,1495.2642857142857,1495.2642857142857,1475.8414285714284,0.1,-65.4428571428577,-647.428571428577,-1.0,SL,2019Q4,2019,41
576,20576,2019-10-30 20:30:00,20577,2019-10-30 21:00:00,SELL,1488.41,1493.3385714285714,1493.3385714285714,1478.5528571428574,0.1,-49.985714285713314,-492.8571428571331,-1.0,SL,2019Q4,2019,1
577,20646,2019-11-01 09:30:00,20654,2019-11-01 13:30:00,BUY,1511.26,1509.0785714285714,1509.0785714285714,1515.622857142857,0.1,-22.514285714285688,-218.14285714285688,-1.0,SL,2019Q4,2019,8
578,20660,2019-11-01 16:30:00,20667,2019-11-01 20:00:00,BUY,1512.18,1506.95,1506.95,1522.64,0.1,-53.000000000000185,-523.0000000000018,-1.0,SL,2019Q4,2019,7
579,20670,2019-11-01 21:30:00,20707,2019-11-04 18:00:00,BUY,1512.04,1505.2228571428573,1505.2228571428573,1525.6742857142856,0.1,-68.87142857142699,-681.7142857142699,-1.0,SL,2019Q4,2019,37
580,20718,2019-11-04 23:30:00,20720,2019-11-05 01:30:00,BUY,1510.43,1506.4271428571428,1506.4271428571428,1518.4357142857145,0.1,-40.72857142857238,-400.28571428572377,-1.0,SL,2019Q4,2019,2
581,20737,2019-11-05 10:00:00,20746,2019-11-05 14:30:00,SELL,1506.26,1500.5914285714289,1509.0942857142857,1500.5914285714289,0.1,55.985714285711126,566.8571428571113,1.9276930644367134,TP,2019Q4,2019,9
582,20771,2019-11-06 04:00:00,20800,2019-11-06 18:30:00,SELL,1486.62,1490.0099999999998,1490.0099999999998,1479.84,0.1,-34.59999999999873,-338.99999999998727,-1.0,SL,2019Q4,2019,29
583,20828,2019-11-07 09:30:00,20843,2019-11-07 17:00:00,SELL,1485.74,1480.4514285714286,1488.3842857142859,1480.4514285714286,0.1,52.18571428571458,528.8571428571458,1.9226315789472883,TP,2019Q4,2019,15
584,20844,2019-11-07 17:30:00,20844,2019-11-07 17:30:00,SELL,1480.02,1468.4371428571428,1485.8114285714285,1468.4371428571428,0.1,115.12857142857165,1158.2857142857165,1.9641725566658923,TP,2019Q4,2019,0
585,20871,2019-11-08 08:00:00,20874,2019-11-08 09:30:00,SELL,1468.66,1471.817142857143,1471.817142857143,1462.3457142857142,0.1,-32.271428571428444,-315.7142857142844,-1.0,SL,2019Q4,2019,3
586,20878,2019-11-08 11:30:00,20883,2019-11-08 14:00:00,SELL,1467.46,1460.4314285714283,1470.9742857142858,1460.4314285714283,0.1,69.58571428571695,702.8571428571695,1.9414109206855956,TP,2019Q4,2019,5
587,20890,2019-11-08 17:30:00,20936,2019-11-11 17:30:00,SELL,1464.45,1450.0071428571428,1471.6714285714288,1450.0071428571428,0.1,143.72857142857293,1444.2857142857292,1.9711990595610982,TP,2019Q4,2019,46
588,20954,2019-11-12 03:30:00,20963,2019-11-12 08:00:00,SELL,1456.46,1451.5885714285714,1458.8957142857143,1451.5885714285714,0.1,48.01428571428623,487.14285714286234,1.9161915621436725,TP,2019Q4,2019,9
589,20974,2019-11-12 13:30:00,20989,2019-11-12 21:00:00,SELL,1453.32,1458.5042857142857,1458.5042857142857,1442.9514285714283,0.1,-52.54285714285807,-518.4285714285807,-1.0,SL,2019Q4,2019,15
590,21014,2019-11-13 10:30:00,21015,2019-11-13 11:00:00,SELL,1458.61,1461.4142857142856,1461.4142857142856,1453.0014285714285,0.1,-28.742857142856973,-280.42857142856974,-1.0,SL,2019Q4,2019,1
591,21026,2019-11-13 16:30:00,21076,2019-11-14 18:30:00,BUY,1462.83,1472.852857142857,1457.8185714285714,1472.852857142857,0.1,99.52857142856992,1002.2857142856992,1.958673039077874,TP,2019Q4,2019,50
592,21086,2019-11-14 23:30:00,21095,2019-11-15 05:00:00,BUY,1471.12,1466.6385714285714,1466.6385714285714,1480.082857142857,0.1,-45.514285714285236,-448.14285714285234,-1.0,SL,2019Q4,2019,9
593,21112,2019-11-15 13:30:00,21149,2019-11-18 09:00:00,BUY,1466.34,1462.9657142857143,1462.9657142857143,1473.0885714285712,0.1,-34.44285714285634,-337.4285714285634,-1.0,SL,2019Q4,2019,37
594,21187,2019-11-19 05:00:00,21198,2019-11-19 10:30:00,BUY,1470.65,1468.03,1468.03,1475.89,0.1,-26.90000000000118,-262.0000000000118,-1.0,SL,2019Q4,2019,11
595,21208,2019-11-19 15:30:00,21242,2019-11-20 09:30:00,BUY,1468.87,1476.2585714285713,1465.1757142857143,1476.2585714285713,0.1,73.18571428571367,738.8571428571368,1.9442125237192232,TP,2019Q4,2019,34
596,21243,2019-11-20 10:00:00,21246,2019-11-20 11:30:00,BUY,1477.91,1474.7285714285715,1474.7285714285715,1484.2728571428572,0.1,-32.51428571428569,-318.1428571428569,-1.0,SL,2019Q4,2019,3
597,21248,2019-11-20 12:30:00,21251,2019-11-20 14:00:00,BUY,1475.84,1472.5285714285712,1472.5285714285712,1482.462857142857,0.1,-33.81428571428678,-331.1428571428678,-1.0,SL,2019Q4,2019,3
598,21264,2019-11-20 20:30:00,21293,2019-11-21 12:00:00,BUY,1474.07,1467.8485714285714,1467.8485714285714,1486.5128571428572,0.1,-62.91428571428533,-622.1428571428532,-1.0,SL,2019Q4,2019,29
599,21303,2019-11-21 17:00:00,21339,2019-11-22 12:00:00,SELL,1467.67,1472.3500000000001,1472.3500000000001,1458.31,0.1,-47.50000000000064,-468.00000000000637,-1.0,SL,2019Q4,2019,36
600,21347,2019-11-22 16:00:00,21363,2019-11-25 01:00:00,SELL,1468.58,1460.162857142857,1472.7885714285715,1460.162857142857,0.1,83.47142857142835,841.7142857142835,1.9509181969949394,TP,2019Q4,2019,16
601,21378,2019-11-25 08:30:00,21394,2019-11-25 16:30:00,SELL,1457.94,1460.1614285714288,1460.1614285714288,1453.4971428571428,0.1,-22.914285714287598,-222.14285714287598,-1.0,SL,2019Q4,2019,16
602,21397,2019-11-25 18:00:00,21444,2019-11-26 18:30:00,SELL,1457.62,1461.6985714285713,1461.6985714285713,1449.4628571428568,0.1,-41.485714285714224,-407.8571428571422,-1.0,SL,2019Q4,2019,47
603,21459,2019-11-27 03:00:00,21484,2019-11-27 15:30:00,SELL,1459.82,1454.6057142857142,1462.4271428571428,1454.6057142857142,0.1,51.44285714285779,521.4285714285779,1.9215581643543231,TP,2019Q4,2019,25
604,21510,2019-11-28 05:30:00,21547,2019-11-29 05:00:00,SELL,1456.14,1458.5800000000002,1458.5800000000002,1451.2599999999998,0.1,-25.100000000000545,-244.00000000000546,-1.0,SL,2019Q4,2019,37
605,21559,2019-11-29 11:00:00,21571,2019-11-29 17:00:00,SELL,1456.25,1458.3828571428571,1458.3828571428571,1451.9842857142858,0.1,-22.028571428571194,-213.28571428571195,-1.0,SL,2019Q4,2019,12
606,21583,2019-12-02 03:00:00,21597,2019-12-02 10:00:00,BUY,1461.39,1456.6714285714288,1456.6714285714288,1470.827142857143,0.1,-47.88571428571295,-471.8571428571295,-1.0,SL,2019Q4,2019,14
607,21605,2019-12-02 14:00:00,21612,2019-12-02 17:30:00,BUY,1458.82,1464.6142857142856,1455.922857142857,1464.6142857142856,0.1,57.24285714285706,579.4285714285706,1.9292248435243138,TP,2019Q4,2019,7
608,21627,2019-12-03 02:00:00,21647,2019-12-03 12:00:00,BUY,1462.79,1469.3728571428571,1459.4985714285713,1469.3728571428571,0.1,65.12857142857165,658.2857142857165,1.9375265618358886,TP,2019Q4,2019,20
609,21673,2019-12-04 02:00:00,21687,2019-12-04 09:00:00,BUY,1476.78,1482.7199999999998,1473.81,1482.7199999999998,0.1,58.69999999999827,593.9999999999827,1.9309210526315048,TP,2019Q4,2019,14
610,21719,2019-12-05 02:00:00,21740,2019-12-05 12:30:00,BUY,1475.74,1473.2942857142857,1473.2942857142857,1480.6314285714286,0.1,-25.157142857143025,-244.57142857143026,-1.0,SL,2019Q4,2019,21
611,21744,2019-12-05 14:30:00,21777,2019-12-06 08:00:00,BUY,1475.72,1472.3528571428571,1472.3528571428571,1482.4542857142858,0.1,-34.37142857142881,-336.71428571428805,-1.0,SL,2019Q4,2019,33
612,21783,2019-12-06 11:00:00,21792,2019-12-06 15:30:00,BUY,1474.92,1472.737142857143,1472.737142857143,1479.2857142857144,0.1,-22.52857142857074,-218.2857142857074,-1.0,SL_AMBIGUOUS_PESSIMISTIC,2019Q4,2019,9
613,21825,2019-12-09 09:00:00,21826,2019-12-09 09:30:00,SELL,1460.69,1462.3814285714286,1462.3814285714286,1457.307142857143,0.1,-17.614285714285597,-169.14285714285597,-1.0,SL,2019Q4,2019,1
614,21838,2019-12-09 15:30:00,21838,2019-12-09 15:30:00,SELL,1462.48,1464.7728571428572,1464.7728571428572,1457.8942857142856,0.1,-23.628571428572013,-229.28571428572013,-1.0,SL,2019Q4,2019,0
615,21841,2019-12-09 17:00:00,21879,2019-12-10 13:00:00,SELL,1462.58,1465.4557142857143,1465.4557142857143,1456.8285714285714,0.1,-29.457142857143662,-287.5714285714366,-1.0,SL,2019Q4,2019,38
616,21888,2019-12-10 17:30:00,21930,2019-12-11 15:30:00,SELL,1464.48,1468.3257142857142,1468.3257142857142,1456.7885714285715,0.1,-39.157142857141665,-384.5714285714166,-1.0,SL,2019Q4,2019,42
617,21931,2019-12-11 16:00:00,21941,2019-12-11 21:00:00,BUY,1467.22,1473.6457142857143,1464.007142857143,1473.6457142857143,0.1,63.557142857143205,642.5714285714321,1.9360313315927564,TP,2019Q4,2019,10
618,21943,2019-12-11 22:00:00,21966,2019-12-12 10:30:00,BUY,1477.71,1472.3485714285714,1472.3485714285714,1488.432857142857,0.1,-54.31428571428633,-536.1428571428632,-1.0,SL,2019Q4,2019,23
619,21970,2019-12-12 12:30:00,21975,2019-12-12 15:00:00,BUY,1474.73,1478.5071428571428,1472.8414285714287,1478.5071428571428,0.1,37.07142857142735,377.7142857142735,1.892778993435445,TP,2019Q4,2019,5
620,21977,2019-12-12 16:00:00,21978,2019-12-12 16:30:00,BUY,1483.07,1479.6171428571429,1479.6171428571429,1489.975714285714,0.1,-35.22857142857056,-345.2857142857056,-1.0,SL,2019Q4,2019,1
621,21998,2019-12-13 03:30:00,22108,2019-12-17 12:30:00,BUY,1469.75,1479.892857142857,1464.6785714285713,1479.892857142857,0.1,100.7285714285711,1014.285714285711,1.9591553209224348,TP,2019Q4,2019,110
622,22123,2019-12-17 20:00:00,22159,2019-12-18 15:00:00,BUY,1477.28,1474.19,1474.19,1483.46,0.1,-31.59999999999918,-308.9999999999918,-1.0,SL,2019Q4,2019,36
623,22172,2019-12-18 21:30:00,22284,2019-12-23 08:30:00,BUY,1475.73,1483.3328571428572,1471.9285714285713,1483.3328571428572,0.1,75.32857142857146,760.2857142857147,1.9457564575645183,TP,2019Q4,2019,112
624,22299,2019-12-23 16:00:00,22321,2019-12-24 04:00:00,BUY,1483.44,1489.1285714285716,1480.5957142857144,1489.1285714285716,0.1,56.18571428571549,568.8571428571549,1.9279411764706649,TP,2019Q4,2019,22
625,22341,2019-12-24 14:00:00,22347,2019-12-24 17:00:00,BUY,1490.35,1495.6242857142856,1487.712857142857,1495.6242857142856,0.1,52.042857142857244,527.4285714285725,1.9224274406332456,TP,2019Q4,2019,6
626,22387,2019-12-27 04:00:00,22398,2019-12-27 09:30:00,BUY,1510.52,1507.6242857142859,1507.6242857142859,1516.3114285714285,0.1,-29.657142857141206,-289.57142857141207,-1.0,SL,2019Q4,2019,11
627,22403,2019-12-27 12:00:00,22406,2019-12-27 13:30:00,BUY,1512.03,1509.0085714285715,1509.0085714285715,1518.0728571428572,0.1,-30.91428571428487,-302.1428571428487,-1.0,SL,2019Q4,2019,3
628,22409,2019-12-27 15:00:00,22477,2019-12-31 03:00:00,BUY,1511.38,1517.6457142857143,1508.247142857143,1517.6457142857143,0.1,61.95714285714239,626.5714285714239,1.93443354148082,TP,2019Q4,2019,68
629,22500,2019-12-31 14:30:00,22502,2019-12-31 15:30:00,BUY,1522.32,1520.0342857142857,1520.0342857142857,1526.8914285714284,0.1,-23.557142857142207,-228.57142857142208,-1.0,SL,2019Q4,2019,2
630,22504,2019-12-31 16:30:00,22504,2019-12-31 16:30:00,BUY,1522.0,1519.3214285714287,1519.3214285714287,1527.357142857143,0.1,-27.48571428571331,-267.8571428571331,-1.0,SL,2019Q4,2019,0
631,22506,2019-12-31 17:30:00,22509,2020-01-02 09:00:00,BUY,1523.74,1519.6614285714286,1519.6614285714286,1531.8971428571429,0.1,-41.485714285714224,-407.8571428571422,-1.0,SL,2019Q4,2019,3
632,22517,2020-01-02 13:00:00,22544,2020-01-03 03:30:00,BUY,1521.4,1531.5485714285717,1516.3257142857144,1531.5485714285717,0.1,100.78571428571585,1014.8571428571586,1.959178006109458,TP,2020Q1,2020,27
633,22569,2020-01-03 16:00:00,22585,2020-01-06 01:00:00,BUY,1546.55,1558.9842857142855,1540.3328571428572,1558.9842857142855,0.1,123.64285714285579,1243.428571428558,1.966598500340831,TP,2020Q1,2020,16
634,22604,2020-01-06 10:30:00,22617,2020-01-06 17:00:00,BUY,1573.56,1567.5985714285714,1567.5985714285714,1585.4828571428573,0.1,-60.31428571428542,-596.1428571428542,-1.0,SL,2020Q1,2020,13
635,22645,2020-01-07 08:00:00,22667,2020-01-07 19:00:00,BUY,1562.64,1572.3714285714289,1557.7742857142857,1572.3714285714289,0.1,96.6142857142875,973.1428571428751,1.9574529667149065,TP,2020Q1,2020,22
636,22686,2020-01-08 05:30:00,22705,2020-01-08 15:00:00,BUY,1590.27,1572.8628571428571,1572.8628571428571,1625.0842857142857,0.1,-174.77142857142843,-1740.7142857142844,-1.0,SL,2020Q1,2020,19
637,22730,2020-01-09 04:30:00,22738,2020-01-09 08:30:00,SELL,1559.24,1544.4857142857143,1566.6171428571429,1544.4857142857143,0.1,146.84285714285744,1475.4285714285743,1.9718012660656052,TP,2020Q1,2020,8
638,22753,2020-01-09 16:00:00,22798,2020-01-10 15:30:00,SELL,1549.76,1555.8542857142857,1555.8542857142857,1537.5714285714287,0.1,-61.64285714285661,-609.4285714285661,-1.0,SL,2020Q1,2020,45
639,22799,2020-01-10 16:00:00,22799,2020-01-10 16:00:00,SELL,1548.59,1553.5185714285712,1553.5185714285712,1538.7328571428573,0.1,-49.985714285713314,-492.8571428571331,-1.0,SL,2020Q1,2020,0
640,22820,2020-01-13 03:30:00,22835,2020-01-13 11:00:00,SELL,1555.24,1548.6314285714286,1558.5442857142857,1548.6314285714286,0.1,65.38571428571395,660.8571428571395,1.9377646062658758,TP,2020Q1,2020,15
641,22847,2020-01-13 17:00:00,22865,2020-01-14 03:00:00,SELL,1550.98,1541.1685714285713,1555.8857142857144,1541.1685714285713,0.1,97.41428571428678,981.1428571428678,1.9577950043066326,TP,2020Q1,2020,18
642,22887,2020-01-14 14:00:00,22900,2020-01-14 20:30:00,SELL,1542.98,1547.3185714285714,1547.3185714285714,1534.3028571428574,0.1,-44.08571428571413,-433.8571428571413,-1.0,SL,2020Q1,2020,13
643,22937,2020-01-15 16:00:00,22938,2020-01-15 16:30:00,BUY,1554.87,1550.5571428571427,1550.5571428571427,1563.495714285714,0.1,-43.828571428571834,-431.2857142857183,-1.0,SL,2020Q1,2020,1
644,22943,2020-01-15 19:00:00,23059,2020-01-20 08:00:00,BUY,1551.96,1562.5857142857144,1546.6471428571429,1562.5857142857144,0.1,105.55714285714366,1062.5714285714366,1.960987261146497,TP,2020Q1,2020,116
645,23066,2020-01-20 11:30:00,23073,2020-01-20 15:00:00,BUY,1560.42,1558.1557142857143,1558.1557142857143,1564.9485714285715,0.1,-23.342857142857337,-226.42857142857338,-1.0,SL,2020Q1,2020,7
646,23074,2020-01-20 15:30:00,23087,2020-01-21 03:00:00,BUY,1560.47,1564.9328571428573,1558.2385714285715,1564.9328571428573,0.1,43.92857142857274,446.2857142857274,1.908752327746838,TP,2020Q1,2020,13
647,23088,2020-01-21 03:30:00,23100,2020-01-21 09:30:00,BUY,1565.47,1562.6614285714286,1562.6614285714286,1571.087142857143,0.1,-28.785714285714402,-280.857142857144,-1.0,SL,2020Q1,2020,12
648,23117,2020-01-21 18:00:00,23136,2020-01-22 04:30:00,BUY,1558.66,1551.5600000000002,1551.5600000000002,1572.8600000000001,0.1,-71.6999999999991,-709.9999999999909,-1.0,SL,2020Q1,2020,19
649,23162,2020-01-22 17:30:00,23173,2020-01-22 23:00:00,SELL,1555.47,1559.2514285714287,1559.2514285714287,1547.9071428571428,0.1,-38.514285714287055,-378.1428571428705,-1.0,SL,2020Q1,2020,11
650,23181,2020-01-23 04:00:00,23181,2020-01-23 04:00:00,BUY,1560.08,1556.4957142857143,1556.4957142857143,1567.2485714285715,0.1,-36.542857142856704,-358.428571428567,-1.0,SL,2020Q1,2020,0
651,23185,2020-01-23 06:00:00,23192,2020-01-23 09:30:00,BUY,1558.97,1554.6114285714286,1554.6114285714286,1567.687142857143,0.1,-44.28571428571395,-435.8571428571395,-1.0,SL,2020Q1,2020,7
652,23217,2020-01-23 22:00:00,23249,2020-01-24 15:00:00,BUY,1562.97,1556.4271428571428,1556.4271428571428,1576.0557142857144,0.1,-66.12857142857202,-654.2857142857201,-1.0,SL,2020Q1,2020,32
653,23251,2020-01-24 16:00:00,23253,2020-01-24 17:00:00,BUY,1561.61,1568.8899999999999,1557.9699999999998,1568.8899999999999,0.1,72.09999999999972,727.9999999999973,1.9433962264150344,TP,2020Q1,2020,2
654,23254,2020-01-24 17:30:00,23255,2020-01-24 18:00:00,BUY,1575.19,1569.247142857143,1569.247142857143,1587.0757142857144,0.1,-60.12857142857065,-594.2857142857065,-1.0,SL,2020Q1,2020,1
655,23287,2020-01-27 11:00:00,23339,2020-01-28 14:00:00,BUY,1579.66,1575.7157142857143,1575.7157142857143,1587.5485714285714,0.1,-40.14285714285798,-394.42857142857974,-1.0,SL,2020Q1,2020,52
656,23390,2020-01-29 16:30:00,23390,2020-01-29 16:30:00,SELL,1568.53,1572.4657142857143,1572.4657142857143,1560.6585714285713,0.1,-40.05714285714312,-393.57142857143117,-1.0,SL,2020Q1,2020,0
657,23393,2020-01-29 18:00:00,23400,2020-01-29 21:30:00,SELL,1569.66,1574.3328571428572,1574.3328571428572,1560.3142857142857,0.1,-47.428571428570834,-467.2857142857083,-1.0,SL,2020Q1,2020,7
658,23421,2020-01-30 09:00:00,23436,2020-01-30 16:30:00,BUY,1579.45,1575.9714285714285,1575.9714285714285,1586.4071428571428,0.1,-35.48571428571513,-347.8571428571513,-1.0,SL,2020Q1,2020,15
659,23439,2020-01-30 18:00:00,23446,2020-01-30 21:30:00,BUY,1583.8,1577.7285714285713,1577.7285714285713,1595.942857142857,0.1,-61.41428571428669,-607.1428571428669,-1.0,SL,2020Q1,2020,7
660,23468,2020-01-31 09:30:00,23474,2020-01-31 12:30:00,BUY,1575.14,1581.7628571428575,1571.8285714285714,1581.7628571428575,0.1,65.52857142857356,662.2857142857356,1.9378960709759205,TP,2020Q1,2020,6
661,23489,2020-01-31 20:00:00,23513,2020-02-03 09:00:00,BUY,1583.75,1577.0071428571428,1577.0071428571428,1597.2357142857143,0.1,-68.12857142857247,-674.2857142857247,-1.0,SL,2020Q1,2020,24
662,23521,2020-02-03 13:00:00,23528,2020-02-03 16:30:00,BUY,1580.99,1575.7728571428572,1575.7728571428572,1591.4242857142856,0.1,-52.8714285714279,-521.714285714279,-1.0,SL,2020Q1,2020,7
663,23533,2020-02-03 19:00:00,23557,2020-02-04 08:00:00,BUY,1578.3,1571.8442857142857,1571.8442857142857,1591.2114285714283,0.1,-65.25714285714294,-645.5714285714294,-1.0,SL,2020Q1,2020,24
664,23594,2020-02-05 03:30:00,23601,2020-02-05 07:00:00,SELL,1554.58,1558.5457142857142,1558.5457142857142,1546.6485714285716,0.1,-40.35714285714285,-396.57142857142844,-1.0,SL,2020Q1,2020,7
665,23609,2020-02-05 11:00:00,23610,2020-02-05 11:30:00,SELL,1555.89,1547.7328571428575,1559.9685714285715,1547.7328571428575,0.1,80.87142857142616,815.7142857142617,1.949380165289201,TP,2020Q1,2020,1
666,23616,2020-02-05 14:30:00,23652,2020-02-06 09:30:00,SELL,1553.78,1559.9371428571428,1559.9371428571428,1541.4657142857143,0.1,-62.271428571428444,-615.7142857142844,-1.0,SL,2020Q1,2020,36
667,23685,2020-02-07 03:00:00,23691,2020-02-07 06:00:00,BUY,1568.49,1565.8542857142859,1565.8542857142859,1573.7614285714283,0.1,-27.057142857141297,-263.571428571413,-1.0,SL,2020Q1,2020,6
668,23699,2020-02-07 10:00:00,23710,2020-02-07 15:30:00,BUY,1566.92,1563.6000000000001,1563.6000000000001,1573.5600000000002,0.1,-33.899999999999366,-331.99999999999363,-1.0,SL,2020Q1,2020,11
669,23711,2020-02-07 16:00:00,23806,2020-02-11 17:30:00,BUY,1569.18,1563.8042857142857,1563.8042857142857,1579.9314285714286,0.1,-54.457142857143666,-537.5714285714366,-1.0,SL,2020Q1,2020,95
670,23818,2020-02-11 23:30:00,23868,2020-02-13 02:30:00,SELL,1568.02,1572.392857142857,1572.392857142857,1559.2742857142855,0.1,-44.42857142857129,-437.28571428571286,-1.0,SL,2020Q1,2020,50
671,23892,2020-02-13 14:30:00,23942,2020-02-14 16:30:00,BUY,1574.34,1582.737142857143,1570.1414285714284,1582.737142857143,0.1,83.2714285714308,839.7142857143081,1.9508032128514068,TP,2020Q1,2020,50
672,23959,2020-02-17 02:00:00,23974,2020-02-17 09:30:00,BUY,1583.18,1580.26,1580.26,1589.02,0.1,-29.900000000000727,-292.0000000000073,-1.0,SL,2020Q1,2020,15
673,23984,2020-02-17 14:30:00,23998,2020-02-18 02:30:00,BUY,1581.34,1585.9142857142856,1579.0528571428572,1585.9142857142856,0.1,45.04285714285679,457.4285714285679,1.9109090909091824,TP,2020Q1,2020,14
674,24012,2020-02-18 09:30:00,24024,2020-02-18 15:30:00,BUY,1587.05,1591.4328571428573,1584.8585714285714,1591.4328571428573,0.1,43.128571428573466,438.2857142857347,1.907138344914819,TP,2020Q1,2020,12
675,24025,2020-02-18 16:00:00,24028,2020-02-18 17:30:00,BUY,1591.52,1598.86,1587.8500000000001,1598.86,0.1,72.69999999999918,733.9999999999918,1.9438502673797373,TP,2020Q1,2020,3
676,24074,2020-02-19 17:30:00,24112,2020-02-20 13:30:00,BUY,1607.08,1616.94,1602.1499999999999,1616.94,0.1,97.90000000000127,986.0000000000127,1.9580000000000004,TP,2020Q1,2020,38
677,24127,2020-02-20 21:00:00,24149,2020-02-21 09:00:00,BUY,1619.07,1632.37,1612.4199999999998,1632.37,0.1,132.29999999999956,1329.9999999999955,1.9687499999999667,TP,2020Q1,2020,22
678,24209,2020-02-24 16:00:00,24219,2020-02-24 21:00:00,BUY,1677.74,1665.5057142857142,1665.5057142857142,1702.2085714285715,0.1,-123.04285714285761,-1223.428571428576,-1.0,SL,2020Q1,2020,10
679,24245,2020-02-25 11:00:00,24250,2020-02-25 13:30:00,BUY,1653.86,1642.0814285714287,1642.0814285714287,1677.4171428571426,0.1,-118.4857142857124,-1177.857142857124,-1.0,SL,2020Q1,2020,5
680,24254,2020-02-25 15:30:00,24268,2020-02-25 22:30:00,BUY,1651.65,1640.084285714286,1640.084285714286,1674.7814285714285,0.1,-116.35714285714194,-1156.5714285714193,-1.0,SL,2020Q1,2020,14
681,24278,2020-02-26 04:30:00,24291,2020-02-26 11:00:00,SELL,1641.53,1654.77,1654.77,1615.05,0.1,-133.10000000000008,-1324.000000000001,-1.0,SL,2020Q1,2020,13
682,24298,2020-02-26 14:30:00,24302,2020-02-26 16:30:00,SELL,1645.06,1629.745714285714,1652.7171428571428,1629.745714285714,0.1,152.44285714285917,1531.4285714285916,1.9728230726567129,TP,2020Q1,2020,4
683,24309,2020-02-26 20:00:00,24323,2020-02-27 04:00:00,SELL,1640.02,1651.2614285714285,1651.2614285714285,1617.5371428571427,0.1,-113.11428571428515,-1124.1428571428514,-1.0,SL,2020Q1,2020,14
684,24334,2020-02-27 09:30:00,24344,2020-02-27 14:30:00,SELL,1645.82,1652.1585714285713,1652.1585714285713,1633.1428571428573,0.1,-64.08571428571413,-633.8571428571413,-1.0,SL,2020Q1,2020,10
685,24346,2020-02-27 15:30:00,24351,2020-02-27 18:00:00,BUY,1651.0,1642.497142857143,1642.497142857143,1668.0057142857142,0.1,-85.7285714285701,-850.285714285701,-1.0,SL,2020Q1,2020,5
686,24366,2020-02-28 02:30:00,24389,2020-02-28 14:00:00,SELL,1641.81,1618.7642857142857,1653.3328571428572,1618.7642857142857,0.1,229.75714285714213,2304.571428571421,1.9818853974121802,TP,2020Q1,2020,23
687,24411,2020-03-02 02:00:00,24428,2020-03-02 10:30:00,SELL,1584.65,1606.9171428571428,1606.9171428571428,1540.1157142857144,0.1,-223.37142857142743,-2226.7142857142744,-1.0,SL,2020Q1,2020,17
688,24436,2020-03-02 14:30:00,24487,2020-03-03 17:00:00,SELL,1600.68,1610.46,1610.46,1581.1200000000003,0.1,-98.49999999999973,-977.9999999999973,-1.0,SL,2020Q1,2020,51
689,24523,2020-03-04 12:00:00,24575,2020-03-05 15:00:00,BUY,1639.92,1654.9057142857143,1632.427142857143,1654.9057142857143,0.1,149.15714285714267,1498.5714285714266,1.9722327162826137,TP,2020Q1,2020,52
690,24604,2020-03-06 06:30:00,24625,2020-03-06 17:00:00,BUY,1675.47,1667.47,1667.47,1691.47,0.1,-80.7,-800.0,-1.0,SL,2020Q1,2020,21
691,24634,2020-03-06 21:30:00,24699,2020-03-10 07:00:00,BUY,1679.55,1654.64,1654.64,1729.37,0.1,-249.79999999999853,-2490.9999999999854,-1.0,SL,2020Q1,2020,65
692,24704,2020-03-10 09:30:00,24716,2020-03-10 15:30:00,BUY,1665.72,1654.5457142857144,1654.5457142857144,1688.0685714285714,0.1,-112.44285714285589,-1117.4285714285588,-1.0,SL,2020Q1,2020,12
693,24717,2020-03-10 16:00:00,24745,2020-03-11 07:00:00,SELL,1653.24,1664.797142857143,1664.797142857143,1630.1257142857141,0.1,-116.27142857142935,-1155.7142857142935,-1.0,SL,2020Q1,2020,28
694,24753,2020-03-11 11:00:00,24756,2020-03-11 12:30:00,SELL,1656.93,1664.152857142857,1664.152857142857,1642.4842857142858,0.1,-72.92857142857038,-722.2857142857038,-1.0,SL,2020Q1,2020,3
695,24762,2020-03-11 15:30:00,24769,2020-03-11 19:00:00,SELL,1660.81,1642.6785714285716,1669.8757142857141,1642.6785714285716,0.1,180.61428571428388,1813.1428571428387,1.977013291634089,TP,2020Q1,2020,7
696,24784,2020-03-12 03:30:00,24805,2020-03-12 14:00:00,SELL,1642.65,1618.0614285714287,1654.9442857142858,1618.0614285714287,0.1,245.18571428571414,2458.8571428571413,1.9830155979202773,TP,2020Q1,2020,21
697,24806,2020-03-12 14:30:00,24808,2020-03-12 15:30:00,SELL,1615.59,1588.9128571428569,1628.9285714285713,1588.9128571428569,0.1,266.07142857143054,2667.7142857143053,1.9843383763051525,TP,2020Q1,2020,2
698,24817,2020-03-12 20:00:00,24858,2020-03-13 17:30:00,SELL,1595.32,1536.3714285714286,1624.7942857142857,1536.3714285714286,0.1,588.7857142857131,5894.857142857131,1.9928920264977439,TP,2020Q1,2020,41
699,24876,2020-03-16 03:30:00,24896,2020-03-16 13:30:00,SELL,1529.81,1464.3357142857142,1562.547142857143,1464.3357142857142,0.1,654.0428571428577,6547.428571428577,1.9935989549314104,TP,2020Q1,2020,20
700,24908,2020-03-16 19:30:00,24948,2020-03-17 16:30:00,SELL,1486.17,1527.3642857142859,1527.3642857142859,1403.7814285714287,0.1,-412.64285714285796,-4119.42857142858,-1.0,SL,2020Q1,2020,40
701,24975,2020-03-18 07:00:00,24980,2020-03-18 09:30:00,SELL,1526.93,1501.7585714285715,1539.5157142857145,1501.7585714285715,0.1,251.0142857142858,2517.142857142858,1.9834067050456985,TP,2020Q1,2020,5
702,24987,2020-03-18 13:00:00,24989,2020-03-18 14:00:00,SELL,1496.2,1518.6714285714286,1518.6714285714286,1451.257142857143,0.1,-225.4142857142853,-2247.1428571428532,-1.0,SL,2020Q1,2020,2
703,24991,2020-03-18 15:00:00,25111,2020-03-23 06:00:00,SELL,1497.26,1493.66,1525.31,1441.16,0.1,35.29999999999909,359.9999999999909,0.12553342816500407,TIME_EXIT,2020Q1,2020,120
704,25116,2020-03-23 08:30:00,25127,2020-03-23 14:00:00,SELL,1491.94,1503.0042857142857,1503.0042857142857,1469.8114285714287,0.1,-111.34285714285689,-1106.4285714285688,-1.0,SL,2020Q1,2020,11
705,25128,2020-03-23 14:30:00,25133,2020-03-23 17:00:00,BUY,1515.85,1540.4814285714285,1503.5342857142857,1540.4814285714285,0.1,245.61428571428615,2463.1428571428614,1.9830449826989802,TP,2020Q1,2020,5
706,25163,2020-03-24 09:00:00,25172,2020-03-24 13:30:00,BUY,1571.85,1606.4299999999996,1554.56,1606.4299999999996,0.1,345.099999999997,3457.99999999997,1.9879032258064386,TP,2020Q1,2020,9
707,25180,2020-03-24 17:30:00,25300,2020-03-27 08:30:00,BUY,1602.24,1624.16,1572.1185714285714,1662.4828571428573,0.1,218.50000000000074,2192.0000000000073,0.7237153402100892,TIME_EXIT,2020Q1,2020,120
708,25308,2020-03-27 12:30:00,25310,2020-03-27 13:30:00,BUY,1622.48,1613.7942857142857,1613.7942857142857,1639.8514285714284,0.1,-87.55714285714312,-868.5714285714312,-1.0,SL,2020Q1,2020,2
709,25313,2020-03-27 15:00:00,25396,2020-03-31 11:30:00,BUY,1622.22,1609.6214285714286,1609.6214285714286,1647.4171428571428,0.1,-126.68571428571404,-1259.8571428571404,-1.0,SL,2020Q1,2020,83
710,25397,2020-03-31 12:00:00,25400,2020-03-31 13:30:00,SELL,1608.66,1595.1114285714286,1615.4342857142858,1595.1114285714286,0.1,134.7857142857145,1354.857142857145,1.9693174702567315,TP,2020Q1,2020,3
711,25406,2020-03-31 16:30:00,25413,2020-03-31 20:00:00,SELL,1607.1,1585.6542857142856,1617.8228571428572,1585.6542857142856,0.1,213.75714285714304,2144.5714285714303,1.9805426869622558,TP,2020Q1,2020,7
712,25433,2020-04-01 07:00:00,25439,2020-04-01 10:00:00,SELL,1584.3,1591.0457142857142,1591.0457142857142,1570.8085714285714,0.1,-68.15714285714257,-674.5714285714257,-1.0,SL,2020Q2,2020,6
713,25449,2020-04-01 15:00:00,25485,2020-04-02 10:00:00,SELL,1588.91,1598.0557142857144,1598.0557142857144,1570.6185714285714,0.1,-92.15714285714348,-914.5714285714348,-1.0,SL,2020Q2,2020,36
714,25489,2020-04-02 12:00:00,25493,2020-04-02 14:00:00,SELL,1586.41,1594.4628571428573,1594.4628571428573,1570.304285714286,0.1,-81.22857142857193,-805.2857142857192,-1.0,SL,2020Q2,2020,4
715,25520,2020-04-03 04:30:00,25578,2020-04-06 10:30:00,BUY,1611.37,1631.1757142857143,1601.4671428571428,1631.1757142857143,0.1,197.3571428571443,1980.571428571443,1.9789428448646553,TP,2020Q2,2020,58
716,25613,2020-04-07 05:00:00,25624,2020-04-07 10:30:00,BUY,1661.33,1647.1871428571428,1647.1871428571428,1689.6157142857141,0.1,-142.1285714285711,-1414.285714285711,-1.0,SL,2020Q2,2020,11
717,25628,2020-04-07 12:30:00,25636,2020-04-07 16:30:00,BUY,1657.56,1643.4457142857143,1643.4457142857143,1685.7885714285715,0.1,-141.84285714285642,-1411.4285714285643,-1.0,SL,2020Q2,2020,8
718,25638,2020-04-07 17:30:00,25743,2020-04-13 01:00:00,BUY,1656.56,1690.7314285714285,1639.4742857142855,1690.7314285714285,0.1,341.0142857142858,3417.142857142858,1.987759180614526,TP,2020Q2,2020,105
719,25745,2020-04-13 02:00:00,25780,2020-04-13 19:30:00,BUY,1684.55,1713.8271428571427,1669.9114285714286,1713.8271428571427,0.1,292.07142857142736,2927.7142857142735,1.985722610722611,TP,2020Q2,2020,35
720,25803,2020-04-14 08:00:00,25820,2020-04-14 16:30:00,BUY,1716.23,1735.5757142857142,1706.557142857143,1735.5757142857142,0.1,192.75714285714167,1934.5714285714166,1.9784457478005864,TP,2020Q2,2020,17
721,25825,2020-04-14 19:00:00,25852,2020-04-15 09:30:00,BUY,1733.63,1718.787142857143,1718.787142857143,1763.3157142857144,0.1,-149.12857142857155,-1484.2857142857156,-1.0,SL,2020Q2,2020,27
722,25860,2020-04-15 13:30:00,25871,2020-04-15 19:00:00,BUY,1720.1,1709.4657142857143,1709.4657142857143,1741.3685714285714,0.1,-107.04285714285625,-1063.4285714285625,-1.0,SL,2020Q2,2020,11
723,25876,2020-04-15 21:30:00,25927,2020-04-17 01:00:00,BUY,1719.94,1705.7185714285715,1705.7185714285715,1748.3828571428571,0.1,-142.9142857142853,-1422.1428571428532,-1.0,SL,2020Q2,2020,51
724,25933,2020-04-17 04:00:00,25937,2020-04-17 06:00:00,BUY,1717.56,1705.58,1705.58,1741.52,0.1,-120.50000000000018,-1198.0000000000018,-1.0,SL,2020Q2,2020,4
725,25957,2020-04-17 16:00:00,26045,2020-04-21 14:00:00,SELL,1693.8,1664.44,1708.48,1664.44,0.1,292.899999999999,2935.99999999999,1.9857627118643917,TP,2020Q2,2020,88
726,26054,2020-04-21 18:30:00,26087,2020-04-22 12:00:00,SELL,1677.33,1699.5614285714285,1699.5614285714285,1632.8671428571429,0.1,-223.01428571428522,-2223.1428571428523,-1.0,SL,2020Q2,2020,33
727,26095,2020-04-22 16:00:00,26142,2020-04-23 16:30:00,BUY,1705.9,1732.5885714285714,1692.5557142857144,1732.5885714285714,0.1,266.18571428571323,2668.857142857132,1.984345047923323,TP,2020Q2,2020,47
728,26143,2020-04-23 17:00:00,26189,2020-04-24 17:00:00,BUY,1728.71,1717.6057142857144,1717.6057142857144,1750.9185714285716,0.1,-111.74285714285652,-1110.4285714285652,-1.0,SL,2020Q2,2020,46
729,26198,2020-04-24 21:30:00,26235,2020-04-27 17:00:00,BUY,1724.32,1711.8514285714286,1711.8514285714286,1749.2571428571428,0.1,-125.38571428571295,-1246.8571428571295,-1.0,SL,2020Q2,2020,37
730,26248,2020-04-27 23:30:00,26260,2020-04-28 06:30:00,SELL,1714.85,1697.6871428571428,1723.4314285714286,1697.6871428571428,0.1,170.92857142857093,1716.2857142857092,1.9757265521796306,TP,2020Q2,2020,12
731,26268,2020-04-28 10:30:00,26271,2020-04-28 12:00:00,SELL,1701.49,1709.1885714285715,1709.1885714285715,1686.0928571428572,0.1,-77.6857142857154,-769.857142857154,-1.0,SL,2020Q2,2020,3
732,26281,2020-04-28 17:00:00,26288,2020-04-28 20:30:00,SELL,1697.77,1709.6185714285714,1709.6185714285714,1674.0728571428572,0.1,-119.18571428571404,-1184.8571428571404,-1.0,SL,2020Q2,2020,7
733,26292,2020-04-28 22:30:00,26338,2020-04-29 22:30:00,SELL,1703.33,1715.0457142857142,1715.0457142857142,1679.8985714285714,0.1,-117.85714285714285,-1171.5714285714284,-1.0,SL,2020Q2,2020,46
734,26348,2020-04-30 04:30:00,26357,2020-04-30 09:00:00,SELL,1708.96,1718.327142857143,1718.327142857143,1690.2257142857145,0.1,-94.37142857142881,-936.714285714288,-1.0,SL,2020Q2,2020,9
735,26358,2020-04-30 09:30:00,26367,2020-04-30 14:00:00,BUY,1719.43,1713.2414285714287,1713.2414285714287,1731.807142857143,0.1,-62.58571428571322,-618.8571428571322,-1.0,SL,2020Q2,2020,9
736,26369,2020-04-30 15:00:00,26370,2020-04-30 15:30:00,BUY,1716.38,1708.9614285714288,1708.9614285714288,1731.217142857143,0.1,-74.8857142857134,-741.857142857134,-1.0,SL,2020Q2,2020,1
737,26398,2020-05-01 06:30:00,26402,2020-05-01 08:30:00,SELL,1687.69,1672.844285714286,1695.1128571428571,1672.844285714286,0.1,147.75714285714167,1484.5714285714166,1.9719733079122972,TP,2020Q2,2020,4
738,26416,2020-05-01 15:30:00,26421,2020-05-01 18:00:00,SELL,1679.73,1691.8485714285714,1691.8485714285714,1655.4928571428572,0.1,-121.88571428571386,-1211.8571428571386,-1.0,SL,2020Q2,2020,5
739,26435,2020-05-04 02:00:00,26450,2020-05-04 09:30:00,SELL,1692.84,1703.5142857142855,1703.5142857142855,1671.4914285714285,0.1,-107.44285714285589,-1067.4285714285588,-1.0,SL,2020Q2,2020,15
740,26464,2020-05-04 16:30:00,26497,2020-05-05 10:00:00,BUY,1703.23,1693.0185714285715,1693.0185714285715,1723.652857142857,0.1,-102.81428571428542,-1021.1428571428542,-1.0,SL,2020Q2,2020,33
741,26510,2020-05-05 16:30:00,26555,2020-05-06 16:00:00,BUY,1702.48,1691.9614285714285,1691.9614285714285,1723.5171428571427,0.1,-105.88571428571477,-1051.8571428571477,-1.0,SL,2020Q2,2020,45
742,26582,2020-05-07 06:30:00,26593,2020-05-07 12:00:00,SELL,1689.72,1695.3285714285714,1695.3285714285714,1678.5028571428572,0.1,-56.78571428571395,-560.8571428571395,-1.0,SL,2020Q2,2020,11
743,26623,2020-05-08 04:00:00,26657,2020-05-08 21:00:00,BUY,1714.55,1705.772857142857,1705.772857142857,1732.1042857142857,0.1,-88.47142857142963,-877.7142857142962,-1.0,SL,2020Q2,2020,34
744,26671,2020-05-11 05:00:00,26686,2020-05-11 12:30:00,BUY,1709.86,1701.8957142857141,1701.8957142857141,1725.7885714285712,0.1,-80.3428571428578,-796.4285714285779,-1.0,SL,2020Q2,2020,15
745,26696,2020-05-11 17:30:00,26740,2020-05-12 16:30:00,SELL,1698.48,1707.8542857142857,1707.8542857142857,1679.7314285714285,0.1,-94.44285714285634,-937.4285714285634,-1.0,SL,2020Q2,2020,44
746,26746,2020-05-12 19:30:00,26784,2020-05-13 15:30:00,SELL,1703.97,1712.5342857142857,1712.5342857142857,1686.8414285714287,0.1,-86.34285714285689,-856.4285714285688,-1.0,SL,2020Q2,2020,38
747,26787,2020-05-13 17:00:00,26832,2020-05-14 16:30:00,BUY,1708.9,1724.7485714285713,1700.9757142857145,1724.7485714285713,0.1,157.78571428571178,1584.8571428571177,1.9737312365975694,TP,2020Q2,2020,45
748,26833,2020-05-14 17:00:00,26885,2020-05-15 20:00:00,BUY,1732.21,1750.3300000000002,1723.15,1750.3300000000002,0.1,180.5000000000012,1812.0000000000118,1.976998904709773,TP,2020Q2,2020,52
749,26889,2020-05-15 22:00:00,26924,2020-05-18 16:30:00,BUY,1743.66,1732.1985714285715,1732.1985714285715,1766.5828571428574,0.1,-115.31428571428542,-1146.1428571428542,-1.0,SL,2020Q2,2020,35
750,26945,2020-05-19 04:00:00,26956,2020-05-19 09:30:00,BUY,1737.07,1730.5985714285714,1730.5985714285714,1750.0128571428572,0.1,-65.41428571428533,-647.1428571428532,-1.0,SL,2020Q2,2020,11
751,26961,2020-05-19 12:00:00,26992,2020-05-20 04:30:00,BUY,1736.57,1750.3557142857142,1729.6771428571428,1750.3557142857142,0.1,137.15714285714222,1378.571428571422,1.9698399671727533,TP,2020Q2,2020,31
752,27004,2020-05-20 10:30:00,27014,2020-05-20 15:30:00,BUY,1751.75,1746.3700000000001,1746.3700000000001,1762.51,0.1,-54.49999999999882,-537.9999999999882,-1.0,SL,2020Q2,2020,10
753,27017,2020-05-20 17:00:00,27040,2020-05-21 05:30:00,BUY,1750.19,1741.96,1741.96,1766.65,0.1,-83.00000000000018,-823.0000000000018,-1.0,SL,2020Q2,2020,23
754,27061,2020-05-21 16:00:00,27064,2020-05-21 17:30:00,SELL,1737.18,1721.794285714286,1744.8728571428571,1721.794285714286,0.1,153.1571428571413,1538.571428571413,1.9729481045270516,TP,2020Q2,2020,3
755,27079,2020-05-22 02:00:00,27094,2020-05-22 09:30:00,SELL,1727.33,1733.2214285714285,1733.2214285714285,1715.547142857143,0.1,-59.614285714286055,-589.1428571428605,-1.0,SL,2020Q2,2020,15
756,27105,2020-05-22 15:00:00,27105,2020-05-22 15:00:00,SELL,1730.08,1736.7457142857143,1736.7457142857143,1716.7485714285713,0.1,-67.3571428571433,-666.571428571433,-1.0,SL,2020Q2,2020,0
757,27108,2020-05-22 16:30:00,27193,2020-05-26 17:00:00,SELL,1731.46,1714.7857142857142,1739.797142857143,1714.7857142857142,0.1,166.04285714285817,1667.4285714285816,1.9750212404418015,TP,2020Q2,2020,85
758,27194,2020-05-26 17:30:00,27234,2020-05-27 14:30:00,SELL,1717.76,1699.6571428571428,1726.8114285714285,1699.6571428571428,0.1,180.32857142857148,1810.2857142857147,1.9769772905246918,TP,2020Q2,2020,40
759,27241,2020-05-27 18:00:00,27243,2020-05-27 19:00:00,SELL,1698.75,1707.5685714285714,1707.5685714285714,1681.1128571428571,0.1,-88.88571428571431,-881.8571428571431,-1.0,SL,2020Q2,2020,2
760,27287,2020-05-28 18:00:00,27292,2020-05-28 20:30:00,BUY,1722.16,1714.5214285714285,1714.5214285714285,1737.437142857143,0.1,-77.08571428571595,-763.8571428571595,-1.0,SL,2020Q2,2020,5
761,27297,2020-05-28 23:00:00,27340,2020-05-29 21:30:00,BUY,1719.59,1736.3785714285711,1711.1957142857143,1736.3785714285711,0.1,167.18571428571232,1678.857142857123,1.9751898734177213,TP,2020Q2,2020,43
762,27343,2020-05-29 23:00:00,27427,2020-06-02 19:00:00,BUY,1731.69,1724.3000000000002,1724.3000000000002,1746.47,0.1,-74.59999999999873,-738.9999999999873,-1.0,SL,2020Q2,2020,84
763,27447,2020-06-03 06:00:00,27458,2020-06-03 11:30:00,SELL,1728.37,1714.587142857143,1735.2614285714285,1714.587142857143,0.1,137.12857142856984,1378.2857142856983,1.9698337779601565,TP,2020Q2,2020,11
764,27466,2020-06-03 15:30:00,27467,2020-06-03 16:00:00,SELL,1719.05,1703.5814285714284,1726.7842857142857,1703.5814285714284,0.1,153.98571428571523,1546.8571428571522,1.9730917078528283,TP,2020Q2,2020,1
765,27499,2020-06-04 09:00:00,27505,2020-06-04 12:00:00,SELL,1701.1,1705.9985714285715,1705.9985714285715,1691.302857142857,0.1,-49.68571428571586,-489.8571428571586,-1.0,SL,2020Q2,2020,6
766,27516,2020-06-04 17:30:00,27519,2020-06-04 19:00:00,SELL,1705.33,1716.4642857142856,1716.4642857142856,1683.0614285714285,0.1,-112.04285714285625,-1113.4285714285625,-1.0,SL,2020Q2,2020,3
767,27533,2020-06-05 03:00:00,27557,2020-06-05 15:00:00,SELL,1712.43,1700.2414285714285,1718.5242857142857,1700.2414285714285,0.1,121.18571428571549,1218.857142857155,1.9659327925840457,TP,2020Q2,2020,24
768,27581,2020-06-08 04:00:00,27583,2020-06-08 05:00:00,SELL,1681.95,1688.71,1688.71,1668.43,0.1,-68.29999999999991,-675.9999999999991,-1.0,SL,2020Q2,2020,2
769,27605,2020-06-08 16:00:00,27612,2020-06-08 19:30:00,SELL,1691.32,1697.9485714285713,1697.9485714285713,1678.0628571428572,0.1,-66.98571428571377,-662.8571428571377,-1.0,SL,2020Q2,2020,7
770,27630,2020-06-09 05:30:00,27641,2020-06-09 11:00:00,SELL,1697.08,1703.21,1703.21,1684.82,0.1,-62.000000000001094,-613.0000000000109,-1.0,SL,2020Q2,2020,11
771,27664,2020-06-09 22:30:00,27707,2020-06-10 21:00:00,BUY,1714.29,1727.7557142857142,1707.5571428571427,1727.7557142857142,0.1,133.95714285714286,1346.5714285714284,1.9691306173876195,TP,2020Q2,2020,43
772,27708,2020-06-10 21:30:00,27823,2020-06-15 10:00:00,BUY,1727.57,1716.8542857142857,1716.8542857142857,1749.0014285714283,0.1,-107.85714285714285,-1071.5714285714284,-1.0,SL,2020Q2,2020,115
773,27865,2020-06-16 08:00:00,27871,2020-06-16 11:00:00,SELL,1725.92,1731.02,1731.02,1715.72,0.1,-51.69999999999909,-509.9999999999909,-1.0,SL,2020Q2,2020,6
774,27885,2020-06-16 18:00:00,27919,2020-06-17 12:00:00,BUY,1729.42,1717.9242857142858,1717.9242857142858,1752.4114285714286,0.1,-115.65714285714257,-1149.5714285714257,-1.0,SL,2020Q2,2020,34
775,27950,2020-06-18 04:30:00,27951,2020-06-18 05:00:00,BUY,1728.38,1724.064285714286,1724.064285714286,1737.0114285714285,0.1,-43.85714285714194,-431.57142857141935,-1.0,SL,2020Q2,2020,1
776,27956,2020-06-18 07:30:00,27965,2020-06-18 12:00:00,BUY,1726.8,1736.4114285714284,1721.9942857142858,1736.4114285714284,0.1,95.41428571428405,961.1428571428405,1.9569293876355103,TP,2020Q2,2020,9
777,27976,2020-06-18 17:30:00,28005,2020-06-19 09:00:00,SELL,1718.15,1729.3157142857144,1729.3157142857144,1695.8185714285717,0.1,-112.3571428571433,-1116.571428571433,-1.0,SL,2020Q2,2020,29
778,28014,2020-06-19 13:30:00,28022,2020-06-19 17:30:00,BUY,1730.75,1739.9385714285715,1726.1557142857143,1739.9385714285715,0.1,91.18571428571549,918.8571428571549,1.9549770290965258,TP,2020Q2,2020,8
779,28057,2020-06-22 12:00:00,28111,2020-06-23 16:00:00,BUY,1749.29,1764.2842857142857,1741.792857142857,1764.2842857142857,0.1,149.24285714285753,1499.4285714285752,1.9722484425146014,TP,2020Q2,2020,54
780,28137,2020-06-24 06:00:00,28157,2020-06-24 16:00:00,BUY,1768.08,1761.6985714285713,1761.6985714285713,1780.8428571428572,0.1,-64.51428571428615,-638.1428571428614,-1.0,SL,2020Q2,2020,20
781,28161,2020-06-24 18:00:00,28163,2020-06-24 19:00:00,BUY,1774.24,1762.9714285714285,1762.9714285714285,1796.777142857143,0.1,-113.38571428571477,-1126.8571428571477,-1.0,SL,2020Q2,2020,2
782,28190,2020-06-25 09:30:00,28198,2020-06-25 13:30:00,BUY,1764.16,1758.5328571428572,1758.5328571428572,1775.4142857142858,0.1,-56.97142857142872,-562.7142857142871,-1.0,SL,2020Q2,2020,8
783,28203,2020-06-25 16:00:00,28249,2020-06-26 16:00:00,BUY,1764.51,1756.3300000000002,1756.3300000000002,1780.87,0.1,-82.49999999999837,-817.9999999999836,-1.0,SL,2020Q2,2020,46
784,28250,2020-06-26 16:30:00,28253,2020-06-26 18:00:00,SELL,1754.3,1760.717142857143,1760.717142857143,1741.465714285714,0.1,-64.87142857143063,-641.7142857143062,-1.0,SL,2020Q2,2020,3
785,28275,2020-06-29 06:00:00,28338,2020-06-30 14:30:00,BUY,1771.76,1764.9285714285713,1764.9285714285713,1785.422857142857,0.1,-69.0142857142866,-683.142857142866,-1.0,SL,2020Q2,2020,63
786,28343,2020-06-30 17:00:00,28344,2020-06-30 17:30:00,BUY,1771.46,1781.5857142857144,1766.3971428571429,1781.5857142857144,0.1,100.55714285714366,1012.5714285714366,1.9590871138324522,TP,2020Q2,2020,1
787,28345,2020-06-30 18:00:00,28387,2020-07-01 16:00:00,BUY,1781.36,1774.2685714285712,1774.2685714285712,1795.5428571428572,0.1,-71.61428571428651,-709.1428571428651,-1.0,SL,2020Q2,2020,42
788,28413,2020-07-02 06:00:00,28424,2020-07-02 11:30:00,SELL,1767.74,1772.2742857142857,1772.2742857142857,1758.6714285714288,0.1,-46.04285714285716,-453.42857142857156,-1.0,SL,2020Q3,2020,11
789,28432,2020-07-02 15:30:00,28434,2020-07-02 16:30:00,SELL,1765.32,1770.4871428571428,1770.4871428571428,1754.9857142857143,0.1,-52.37142857142835,-516.7142857142835,-1.0,SL,2020Q3,2020,2
790,28450,2020-07-03 01:30:00,28487,2020-07-06 01:00:00,BUY,1776.23,1771.5442857142857,1771.5442857142857,1785.6014285714284,0.1,-47.55714285714312,-468.57142857143117,-1.0,SL,2020Q3,2020,37
791,28490,2020-07-06 02:30:00,28494,2020-07-06 04:30:00,BUY,1775.35,1771.8871428571429,1771.8871428571429,1782.2757142857142,0.1,-35.32857142857047,-346.28571428570467,-1.0,SL,2020Q3,2020,4
792,28504,2020-07-06 09:30:00,28516,2020-07-06 15:30:00,BUY,1775.54,1783.2942857142857,1771.662857142857,1783.2942857142857,0.1,76.84285714285743,775.4285714285743,1.9467969598262758,TP,2020Q3,2020,12
793,28535,2020-07-07 02:00:00,28551,2020-07-07 10:00:00,BUY,1786.38,1782.2128571428573,1782.2128571428573,1794.7142857142858,0.1,-42.37142857142835,-416.7142857142835,-1.0,SL,2020Q3,2020,16
794,28564,2020-07-07 16:30:00,28565,2020-07-07 17:00:00,BUY,1780.67,1791.83,1775.0900000000001,1791.83,0.1,110.89999999999854,1115.9999999999854,1.962831858407079,TP,2020Q3,2020,1
795,28586,2020-07-08 04:30:00,28599,2020-07-08 11:00:00,BUY,1793.44,1799.8914285714288,1790.2142857142858,1799.8914285714288,0.1,63.81428571428778,645.1428571428778,1.936280884265348,TP,2020Q3,2020,13
796,28600,2020-07-08 11:30:00,28609,2020-07-08 16:00:00,BUY,1800.16,1808.7885714285715,1795.8457142857144,1808.7885714285715,0.1,85.58571428571376,862.8571428571377,1.9521016617790807,TP,2020Q3,2020,9
797,28622,2020-07-08 22:30:00,28659,2020-07-09 18:00:00,BUY,1810.33,1802.2742857142857,1802.2742857142857,1826.4414285714283,0.1,-81.25714285714203,-805.5714285714203,-1.0,SL,2020Q3,2020,37
798,28692,2020-07-10 11:30:00,28706,2020-07-10 18:30:00,BUY,1802.88,1798.3114285714287,1798.3114285714287,1812.017142857143,0.1,-46.385714285714315,-456.8571428571431,-1.0,SL,2020Q3,2020,14
799,28721,2020-07-13 03:00:00,28726,2020-07-13 05:30:00,SELL,1799.94,1804.7242857142858,1804.7242857142858,1790.3714285714286,0.1,-48.54285714285716,-478.42857142857156,-1.0,SL,2020Q3,2020,5
800,28739,2020-07-13 12:00:00,28750,2020-07-13 17:30:00,BUY,1807.8,1804.0957142857142,1804.0957142857142,1815.2085714285715,0.1,-37.742857142857886,-370.42857142857883,-1.0,SL,2020Q3,2020,11
801,28751,2020-07-13 18:00:00,28760,2020-07-13 22:30:00,BUY,1807.85,1801.5457142857142,1801.5457142857142,1820.4585714285713,0.1,-63.74285714285698,-630.4285714285697,-1.0,SL,2020Q3,2020,9
802,28782,2020-07-14 10:30:00,28787,2020-07-14 13:00:00,SELL,1799.49,1791.084285714286,1803.692857142857,1791.084285714286,0.1,83.35714285714111,840.5714285714112,1.9508525576730178,TP,2020Q3,2020,5
803,28788,2020-07-14 13:30:00,28790,2020-07-14 14:30:00,SELL,1793.62,1799.5442857142855,1799.5442857142855,1781.7714285714287,0.1,-59.942857142855885,-592.4285714285588,-1.0,SL,2020Q3,2020,2
804,28794,2020-07-14 16:30:00,28795,2020-07-14 17:00:00,SELL,1797.61,1805.922857142857,1805.922857142857,1780.9842857142858,0.1,-83.82857142857183,-831.2857142857183,-1.0,SL,2020Q3,2020,1
805,28816,2020-07-15 04:30:00,28835,2020-07-15 14:00:00,BUY,1809.36,1805.3414285714284,1805.3414285714284,1817.3971428571429,0.1,-40.88571428571477,-401.85714285714766,-1.0,SL,2020Q3,2020,19
806,28842,2020-07-15 17:30:00,28878,2020-07-16 12:30:00,BUY,1810.59,1803.3114285714285,1803.3114285714285,1825.1471428571429,0.1,-73.48571428571468,-727.8571428571468,-1.0,SL,2020Q3,2020,36
807,28888,2020-07-16 17:30:00,28892,2020-07-16 19:30:00,BUY,1808.18,1803.3314285714287,1803.3314285714287,1817.8771428571429,0.1,-49.18571428571404,-484.8571428571404,-1.0,SL,2020Q3,2020,4
808,28909,2020-07-17 05:00:00,28919,2020-07-17 10:00:00,SELL,1796.77,1800.6371428571429,1800.6371428571429,1789.0357142857144,0.1,-39.37142857142881,-386.71428571428805,-1.0,SL,2020Q3,2020,10
809,28949,2020-07-20 02:00:00,28953,2020-07-20 04:00:00,BUY,1809.83,1805.9642857142856,1805.9642857142856,1817.5614285714285,0.1,-39.35714285714376,-386.57142857143754,-1.0,SL,2020Q3,2020,4
810,28961,2020-07-20 08:00:00,28976,2020-07-20 15:30:00,BUY,1809.07,1815.7014285714286,1805.7542857142857,1815.7014285714286,0.1,65.61428571428614,663.1428571428614,1.937974683544369,TP,2020Q3,2020,15
811,28980,2020-07-20 17:30:00,29018,2020-07-21 13:30:00,BUY,1816.85,1827.1671428571428,1811.6914285714283,1827.1671428571428,0.1,102.47142857142926,1031.7142857142926,1.959836065573728,TP,2020Q3,2020,38
812,29063,2020-07-22 13:00:00,29069,2020-07-22 16:00:00,BUY,1856.25,1848.1642857142856,1848.1642857142856,1872.4214285714286,0.1,-81.55714285714403,-808.5714285714403,-1.0,SL,2020Q3,2020,6
813,29071,2020-07-22 17:00:00,29105,2020-07-23 11:00:00,BUY,1856.07,1878.6642857142856,1844.772857142857,1878.6642857142856,0.1,225.24285714285662,2259.428571428566,1.9815257006409253,TP,2020Q3,2020,34
814,29113,2020-07-23 15:00:00,29116,2020-07-23 16:30:00,BUY,1878.32,1869.8242857142857,1869.8242857142857,1895.3114285714287,0.1,-85.65714285714257,-849.5714285714257,-1.0,SL,2020Q3,2020,3
815,29117,2020-07-23 17:00:00,29161,2020-07-24 16:00:00,BUY,1881.47,1903.0728571428572,1870.6685714285713,1903.0728571428572,0.1,215.32857142857148,2160.2857142857147,1.9806833114323052,TP,2020Q3,2020,44
816,29179,2020-07-27 02:00:00,29181,2020-07-27 03:00:00,BUY,1906.73,1917.575714285714,1901.307142857143,1917.575714285714,0.1,107.75714285713939,1084.5714285713939,1.9617685305591257,TP,2020Q3,2020,2
817,29208,2020-07-27 16:30:00,29225,2020-07-28 02:00:00,BUY,1935.17,1955.75,1924.88,1955.75,0.1,205.09999999999928,2057.9999999999927,1.9797297297297296,TP,2020Q3,2020,17
818,29253,2020-07-28 16:00:00,29310,2020-07-29 21:30:00,BUY,1939.4,1976.6628571428573,1920.7685714285715,1976.6628571428573,0.1,371.9285714285723,3726.285714285723,1.988770911313116,TP,2020Q3,2020,57
819,29311,2020-07-29 22:00:00,29311,2020-07-29 22:00:00,BUY,1967.38,1953.5900000000001,1953.5900000000001,1994.96,0.1,-138.59999999999962,-1378.9999999999964,-1.0,SL,2020Q3,2020,0
820,29313,2020-07-29 23:00:00,29332,2020-07-30 09:30:00,BUY,1969.57,1954.0371428571427,1954.0371428571427,2000.6357142857141,0.1,-156.0285714285721,-1553.285714285721,-1.0,SL,2020Q3,2020,19
821,29355,2020-07-30 21:00:00,29379,2020-07-31 10:00:00,BUY,1954.25,1980.3357142857142,1941.2071428571428,1980.3357142857142,0.1,260.15714285714176,2608.5714285714175,1.9839851835711781,TP,2020Q3,2020,24
822,29390,2020-07-31 15:30:00,29391,2020-07-31 16:00:00,BUY,1976.24,1966.5442857142857,1966.5442857142857,1995.6314285714286,0.1,-97.65714285714303,-969.5714285714303,-1.0,SL,2020Q3,2020,1
823,29395,2020-07-31 18:00:00,29438,2020-08-03 16:30:00,BUY,1972.92,1962.647142857143,1962.647142857143,1993.4657142857143,0.1,-103.42857142856992,-1027.2857142856992,-1.0,SL,2020Q3,2020,43
824,29441,2020-08-03 18:00:00,29486,2020-08-04 17:30:00,BUY,1973.9,1991.6485714285716,1965.0257142857145,1991.6485714285716,0.1,176.78571428571496,1774.8571428571495,1.9765213224724738,TP,2020Q3,2020,45
825,29487,2020-08-04 18:00:00,29496,2020-08-04 22:30:00,BUY,1992.07,2012.9242857142856,1981.642857142857,2012.9242857142856,0.1,207.84285714285653,2085.428571428565,1.9799945563418617,TP,2020Q3,2020,9
826,29509,2020-08-05 06:00:00,29522,2020-08-05 12:30:00,BUY,2015.61,2040.3585714285714,2003.235714285714,2040.3585714285714,0.1,246.78571428571496,2474.8571428571495,1.9831247847548896,TP,2020Q3,2020,13
827,29530,2020-08-05 16:30:00,29576,2020-08-06 16:30:00,BUY,2039.44,2065.6828571428573,2026.3185714285714,2065.6828571428573,0.1,261.7285714285725,2624.2857142857247,1.9840805717998704,TP,2020Q3,2020,46
828,29581,2020-08-06 19:00:00,29620,2020-08-07 15:30:00,BUY,2057.98,2043.6,2043.6,2086.7400000000002,0.1,-144.50000000000108,-1438.000000000011,-1.0,SL,2020Q3,2020,39
829,29621,2020-08-07 16:00:00,29622,2020-08-07 16:30:00,BUY,2060.8,2048.2700000000004,2048.2700000000004,2085.86,0.1,-125.99999999999746,-1252.9999999999745,-1.0,SL,2020Q3,2020,1
830,29643,2020-08-10 04:00:00,29678,2020-08-10 21:30:00,BUY,2034.23,2020.1157142857144,2020.1157142857144,2062.4585714285713,0.1,-141.84285714285642,-1411.4285714285643,-1.0,SL,2020Q3,2020,35
831,29688,2020-08-11 03:30:00,29699,2020-08-11 09:00:00,SELL,2019.83,2002.0985714285714,2028.6957142857143,2002.0985714285714,0.1,176.61428571428524,1773.1428571428523,1.9764988009592075,TP,2020Q3,2020,11
832,29770,2020-08-12 21:30:00,29812,2020-08-13 19:30:00,SELL,1934.1,1954.5985714285714,1954.5985714285714,1893.102857142857,0.1,-205.68571428571494,-2049.8571428571495,-1.0,SL,2020Q3,2020,42
833,29831,2020-08-14 06:00:00,29896,2020-08-17 15:30:00,SELL,1949.02,1961.2514285714285,1961.2514285714285,1924.5571428571427,0.1,-123.01428571428524,-1223.1428571428523,-1.0,SL,2020Q3,2020,65
834,29949,2020-08-18 19:00:00,29974,2020-08-19 08:30:00,BUY,2002.58,1984.4471428571428,1984.4471428571428,2038.8457142857142,0.1,-182.02857142857118,-1813.285714285712,-1.0,SL,2020Q3,2020,25
835,29981,2020-08-19 12:00:00,29985,2020-08-19 14:00:00,BUY,1995.62,1984.4485714285713,1984.4485714285713,2017.962857142857,0.1,-112.41428571428578,-1117.1428571428578,-1.0,SL,2020Q3,2020,4
836,29989,2020-08-19 16:00:00,29992,2020-08-19 17:30:00,BUY,1992.0,1979.857142857143,1979.857142857143,2016.2857142857142,0.1,-122.1285714285711,-1214.285714285711,-1.0,SL,2020Q3,2020,3
837,30001,2020-08-19 22:00:00,30121,2020-08-24 13:00:00,SELL,1945.79,1948.39,1969.5314285714285,1898.3071428571427,0.1,-26.700000000001364,-260.00000000001364,-0.11213102951764459,TIME_EXIT,2020Q3,2020,120
838,30129,2020-08-24 17:00:00,30217,2020-08-26 15:00:00,SELL,1938.37,1913.55,1950.78,1913.55,0.1,247.49999999999937,2481.9999999999936,1.9831730769230589,TP,2020Q3,2020,88
839,30255,2020-08-27 11:00:00,30261,2020-08-27 14:00:00,BUY,1946.68,1937.7457142857145,1937.7457142857145,1964.5485714285714,0.1,-90.0428571428558,-893.4285714285579,-1.0,SL,2020Q3,2020,6
840,30266,2020-08-27 16:30:00,30266,2020-08-27 16:30:00,BUY,1970.51,1955.442857142857,1955.442857142857,2000.6442857142856,0.1,-151.37142857142925,-1506.7142857142926,-1.0,SL,2020Q3,2020,0
841,30313,2020-08-28 17:00:00,30382,2020-09-01 05:30:00,BUY,1959.38,1987.317142857143,1945.4114285714286,1987.317142857143,0.1,278.6714285714282,2793.7142857142817,1.9850412129846182,TP,2020Q3,2020,69
842,30399,2020-09-01 14:00:00,30404,2020-09-01 16:30:00,BUY,1989.88,1982.5200000000002,1982.5200000000002,2004.6000000000001,0.1,-74.299999999999,-735.99999999999,-1.0,SL,2020Q3,2020,5
843,30442,2020-09-02 12:30:00,30445,2020-09-02 14:00:00,BUY,1971.01,1962.3357142857144,1962.3357142857144,1988.3585714285714,0.1,-87.44285714285589,-867.4285714285588,-1.0,SL,2020Q3,2020,3
844,30447,2020-09-02 15:00:00,30452,2020-09-02 17:30:00,SELL,1959.09,1938.9528571428573,1969.1585714285713,1938.9528571428573,0.1,200.67142857142636,2013.7142857142635,1.9792870226856194,TP,2020Q3,2020,5
845,30470,2020-09-03 03:30:00,30482,2020-09-03 09:30:00,SELL,1944.57,1931.0414285714285,1951.3342857142857,1931.0414285714285,0.1,134.5857142857147,1352.8571428571468,1.9692725752508362,TP,2020Q3,2020,12
846,30500,2020-09-03 18:30:00,30518,2020-09-04 04:30:00,SELL,1924.76,1938.8242857142857,1938.8242857142857,1896.6314285714286,0.1,-141.34285714285687,-1406.4285714285688,-1.0,SL,2020Q3,2020,18
847,30527,2020-09-04 09:00:00,30540,2020-09-04 15:30:00,SELL,1934.52,1943.1657142857143,1943.1657142857143,1917.2285714285715,0.1,-87.15714285714348,-864.5714285714348,-1.0,SL,2020Q3,2020,13
848,30541,2020-09-04 16:00:00,30552,2020-09-04 21:30:00,SELL,1927.3,1936.97,1936.97,1907.9599999999998,0.1,-97.40000000000073,-967.0000000000073,-1.0,SL,2020Q3,2020,11
849,30570,2020-09-07 07:30:00,30618,2020-09-08 12:30:00,SELL,1934.79,1921.8500000000001,1941.26,1921.8500000000001,0.1,128.69999999999828,1293.9999999999827,1.9678899082568462,TP,2020Q3,2020,48
850,30646,2020-09-09 03:30:00,30670,2020-09-09 15:30:00,SELL,1929.39,1936.8742857142859,1936.8742857142859,1914.4214285714288,0.1,-75.54285714285761,-748.4285714285761,-1.0,SL,2020Q3,2020,24
851,30697,2020-09-10 06:00:00,30716,2020-09-10 15:30:00,BUY,1947.02,1958.2628571428572,1941.3985714285714,1958.2628571428572,0.1,111.72857142857247,1124.2857142857247,1.9631024096385543,TP,2020Q3,2020,19
852,30717,2020-09-10 16:00:00,30727,2020-09-10 21:00:00,BUY,1956.35,1947.902857142857,1947.902857142857,1973.2442857142858,0.1,-85.17142857142808,-844.7142857142808,-1.0,SL,2020Q3,2020,10
853,30739,2020-09-11 04:00:00,30742,2020-09-11 05:30:00,BUY,1948.99,1940.8828571428571,1940.8828571428571,1965.2042857142858,0.1,-81.7714285714289,-810.714285714289,-1.0,SL,2020Q3,2020,3
854,30751,2020-09-11 10:00:00,30779,2020-09-14 01:00:00,BUY,1945.02,1937.87,1937.87,1959.32,0.1,-72.20000000000091,-715.0000000000091,-1.0,SL,2020Q3,2020,28
855,30786,2020-09-14 04:30:00,30808,2020-09-14 15:30:00,BUY,1944.69,1955.0042857142857,1939.5328571428572,1955.0042857142857,0.1,102.44285714285688,1031.4285714285688,1.9598250888220823,TP,2020Q3,2020,22
856,30809,2020-09-14 16:00:00,30850,2020-09-15 13:30:00,BUY,1956.24,1971.2285714285713,1948.7457142857143,1971.2285714285713,0.1,149.18571428571278,1498.8571428571277,1.9722379603399136,TP,2020Q3,2020,41
857,30879,2020-09-16 05:00:00,30890,2020-09-16 10:30:00,BUY,1956.34,1965.4742857142855,1951.7728571428572,1965.4742857142855,0.1,90.64285714285624,913.4285714285625,1.9547134935305464,TP,2020Q3,2020,11
858,30900,2020-09-16 15:30:00,30903,2020-09-16 17:00:00,BUY,1969.23,1962.1271428571429,1962.1271428571429,1983.4357142857143,0.1,-71.72857142857147,-710.2857142857147,-1.0,SL,2020Q3,2020,3
859,30905,2020-09-16 18:00:00,30911,2020-09-16 21:00:00,BUY,1965.02,1955.1842857142856,1955.1842857142856,1984.6914285714288,0.1,-99.05714285714403,-983.5714285714403,-1.0,SL,2020Q3,2020,6
860,30912,2020-09-16 21:30:00,30912,2020-09-16 21:30:00,BUY,1965.29,1953.0985714285714,1953.0985714285714,1989.672857142857,0.1,-122.6142857142856,-1219.142857142856,-1.0,SL,2020Q3,2020,0
861,30946,2020-09-17 15:30:00,30967,2020-09-18 03:00:00,SELL,1942.98,1951.2914285714285,1951.2914285714285,1926.357142857143,0.1,-83.81428571428451,-831.1428571428451,-1.0,SL,2020Q3,2020,21
862,30989,2020-09-18 14:00:00,30999,2020-09-18 19:00:00,SELL,1951.63,1956.4757142857145,1956.4757142857145,1941.9385714285715,0.1,-49.15714285714394,-484.57142857143936,-1.0,SL,2020Q3,2020,10
863,31004,2020-09-18 21:30:00,31009,2020-09-21 01:00:00,BUY,1954.05,1944.8557142857144,1944.8557142857144,1972.4385714285713,0.1,-92.6428571428557,-919.428571428557,-1.0,SL,2020Q3,2020,5
864,31017,2020-09-21 05:00:00,31030,2020-09-21 11:30:00,SELL,1950.96,1938.6885714285715,1957.0957142857144,1938.6885714285715,0.1,122.01428571428487,1227.1428571428487,1.9661602209944387,TP,2020Q3,2020,13
865,31057,2020-09-22 02:00:00,31113,2020-09-23 07:00:00,SELL,1913.11,1890.8014285714285,1924.2642857142857,1890.8014285714285,0.1,222.3857142857144,2230.857142857144,1.981290568919415,TP,2020Q3,2020,56
866,31128,2020-09-23 14:30:00,31137,2020-09-23 19:00:00,SELL,1889.06,1863.4228571428569,1901.8785714285714,1863.4228571428569,0.1,255.6714285714309,2563.714285714309,1.9837064952338908,TP,2020Q3,2020,9
867,31155,2020-09-24 05:00:00,31183,2020-09-24 19:00:00,SELL,1861.87,1873.3671428571427,1873.3671428571427,1838.8757142857144,0.1,-115.67142857142763,-1149.7142857142762,-1.0,SL,2020Q3,2020,28
868,31189,2020-09-24 22:00:00,31270,2020-09-28 16:30:00,SELL,1862.24,1875.727142857143,1875.727142857143,1835.2657142857142,0.1,-135.57142857142998,-1348.7142857142999,-1.0,SL,2020Q3,2020,81
869,31302,2020-09-29 09:30:00,31321,2020-09-29 19:00:00,BUY,1880.93,1893.107142857143,1874.8414285714287,1893.107142857143,0.1,121.07142857142826,1217.7142857142826,1.9659011830201807,TP,2020Q3,2020,19
870,31338,2020-09-30 04:30:00,31341,2020-09-30 06:00:00,BUY,1895.71,1891.452857142857,1891.452857142857,1904.2242857142858,0.1,-43.27142857142981,-425.71428571429806,-1.0,SL,2020Q3,2020,3
871,31360,2020-09-30 15:30:00,31405,2020-10-01 15:00:00,BUY,1888.21,1904.6928571428575,1879.9685714285713,1904.6928571428575,0.1,164.12857142857484,1648.2857142857483,1.9747335854245451,TP,2020Q3,2020,45
872,31411,2020-10-01 18:00:00,31432,2020-10-02 05:30:00,BUY,1904.32,1894.3971428571429,1894.3971428571429,1924.165714285714,0.1,-99.92857142857083,-992.2857142857083,-1.0,SL,2020Q4,2020,21
873,31438,2020-10-02 08:30:00,31480,2020-10-05 06:30:00,BUY,1902.91,1895.3942857142858,1895.3942857142858,1917.9414285714288,0.1,-75.85714285714239,-751.5714285714239,-1.0,SL,2020Q4,2020,42
874,31491,2020-10-05 12:00:00,31501,2020-10-05 17:00:00,BUY,1897.97,1911.2642857142857,1891.3228571428572,1911.2642857142857,0.1,132.24285714285708,1329.4285714285706,1.9687367077839217,TP,2020Q4,2020,10
875,31521,2020-10-06 04:00:00,31522,2020-10-06 04:30:00,BUY,1914.18,1910.1471428571429,1910.1471428571429,1922.2457142857143,0.1,-41.02857142857211,-403.28571428572104,-1.0,SL,2020Q4,2020,1
876,31527,2020-10-06 07:00:00,31535,2020-10-06 11:00:00,BUY,1912.16,1908.1642857142858,1908.1642857142858,1920.1514285714286,0.1,-40.657142857142574,-399.5714285714257,-1.0,SL,2020Q4,2020,8
877,31538,2020-10-06 12:30:00,31550,2020-10-06 18:30:00,BUY,1912.57,1907.4657142857143,1907.4657142857143,1922.7785714285712,0.1,-51.74285714285652,-510.4285714285652,-1.0,SL,2020Q4,2020,12
878,31584,2020-10-07 12:30:00,31624,2020-10-08 09:30:00,SELL,1887.48,1894.1614285714286,1894.1614285714286,1874.1171428571427,0.1,-67.51428571428569,-668.1428571428569,-1.0,SL,2020Q4,2020,40
879,31640,2020-10-08 17:30:00,31646,2020-10-08 20:30:00,SELL,1884.95,1892.5914285714287,1892.5914285714287,1869.6671428571426,0.1,-77.11428571428605,-764.1428571428605,-1.0,SL,2020Q4,2020,6
880,31706,2020-10-12 04:30:00,31721,2020-10-12 12:00:00,BUY,1927.38,1920.51,1920.51,1941.1200000000001,0.1,-69.40000000000119,-687.0000000000118,-1.0,SL,2020Q4,2020,15
881,31727,2020-10-12 15:00:00,31751,2020-10-13 04:00:00,BUY,1924.86,1918.2185714285713,1918.2185714285713,1938.1428571428569,0.1,-67.11428571428605,-664.1428571428605,-1.0,SL,2020Q4,2020,24
882,31762,2020-10-13 09:30:00,31774,2020-10-13 15:30:00,BUY,1917.4,1910.9014285714286,1910.9014285714286,1930.3971428571429,0.1,-65.68571428571495,-649.8571428571495,-1.0,SL,2020Q4,2020,12
883,31805,2020-10-14 08:00:00,31817,2020-10-14 14:00:00,SELL,1894.45,1901.29,1901.29,1880.77,0.1,-69.09999999999918,-683.9999999999918,-1.0,SL,2020Q4,2020,12
884,31828,2020-10-14 19:30:00,31904,2020-10-16 11:30:00,SELL,1900.76,1910.8457142857142,1910.8457142857142,1880.5885714285716,0.1,-101.55714285714176,-1008.5714285714175,-1.0,SL,2020Q4,2020,76
885,31908,2020-10-16 13:30:00,31914,2020-10-16 16:30:00,BUY,1909.6,1904.0742857142857,1904.0742857142857,1920.6514285714286,0.1,-55.9571428571423,-552.571428571423,-1.0,SL,2020Q4,2020,6
886,31932,2020-10-19 02:30:00,31944,2020-10-19 08:30:00,SELL,1900.29,1905.042857142857,1905.042857142857,1890.7842857142857,0.1,-48.228571428570106,-475.28571428570103,-1.0,SL,2020Q4,2020,12
887,31960,2020-10-19 16:30:00,31961,2020-10-19 17:00:00,BUY,1911.95,1905.6971428571428,1905.6971428571428,1924.4557142857143,0.1,-63.22857142857238,-625.2857142857238,-1.0,SL,2020Q4,2020,1
888,31962,2020-10-19 17:30:00,31970,2020-10-19 21:30:00,BUY,1910.0,1902.5957142857142,1902.5957142857142,1924.8085714285714,0.1,-74.74285714285834,-740.4285714285834,-1.0,SL,2020Q4,2020,8
889,31987,2020-10-20 07:00:00,31997,2020-10-20 12:00:00,SELL,1900.86,1906.3014285714285,1906.3014285714285,1889.9771428571428,0.1,-55.1142857142856,-544.142857142856,-1.0,SL,2020Q4,2020,10
890,32004,2020-10-20 15:30:00,32008,2020-10-20 17:30:00,SELL,1902.07,1908.4599999999998,1908.4599999999998,1889.29,0.1,-64.59999999999873,-638.9999999999873,-1.0,SL,2020Q4,2020,4
891,32022,2020-10-21 01:30:00,32050,2020-10-21 15:30:00,BUY,1908.99,1923.304285714286,1901.832857142857,1923.304285714286,0.1,142.44285714285917,1431.4285714285916,1.970942874085757,TP,2020Q4,2020,28
892,32051,2020-10-21 16:00:00,32074,2020-10-22 04:30:00,BUY,1924.98,1918.0242857142857,1918.0242857142857,1938.8914285714286,0.1,-70.25714285714294,-695.5714285714294,-1.0,SL,2020Q4,2020,23
893,32085,2020-10-22 10:00:00,32095,2020-10-22 15:00:00,BUY,1917.91,1912.7485714285715,1912.7485714285715,1928.2328571428575,0.1,-52.31428571428587,-516.1428571428587,-1.0,SL,2020Q4,2020,10
894,32117,2020-10-23 03:00:00,32132,2020-10-23 10:30:00,SELL,1904.87,1908.9985714285713,1908.9985714285713,1896.612857142857,0.1,-41.98571428571377,-412.85714285713766,-1.0,SL,2020Q4,2020,15
895,32144,2020-10-23 16:30:00,32146,2020-10-23 17:30:00,SELL,1908.39,1896.8814285714286,1914.1442857142858,1896.8814285714286,0.1,114.38571428571485,1150.8571428571486,1.963944076526858,TP,2020Q4,2020,2
896,32153,2020-10-23 21:00:00,32273,2020-10-28 11:00:00,SELL,1903.03,1901.56,1911.9242857142856,1885.2414285714285,0.1,14.000000000000274,147.00000000000273,0.15617529880478564,TIME_EXIT,2020Q4,2020,120
897,32318,2020-10-29 10:30:00,32325,2020-10-29 14:00:00,SELL,1879.64,1870.074285714286,1884.4228571428573,1870.074285714286,0.1,94.95714285714193,956.5714285714193,1.9567265234029563,TP,2020Q4,2020,7
898,32331,2020-10-29 17:00:00,32372,2020-10-30 14:30:00,SELL,1873.57,1884.607142857143,1884.607142857143,1851.4957142857143,0.1,-111.07142857142954,-1103.7142857142953,-1.0,SL,2020Q4,2020,41
899,32378,2020-10-30 17:30:00,32409,2020-11-02 11:00:00,SELL,1877.24,1887.5114285714285,1887.5114285714285,1856.6971428571428,0.1,-103.41428571428487,-1027.1428571428487,-1.0,SL,2020Q4,2020,31
900,32421,2020-11-02 17:00:00,32463,2020-11-03 15:00:00,BUY,1888.98,1903.225714285714,1881.857142857143,1903.225714285714,0.1,141.7571428571403,1424.571428571403,1.9708043694140698,TP,2020Q4,2020,42
901,32507,2020-11-04 14:00:00,32554,2020-11-05 14:30:00,BUY,1902.21,1925.4042857142856,1890.6128571428571,1925.4042857142856,0.1,231.2428571428557,2319.428571428557,1.982000734663872,TP,2020Q4,2020,47
902,32579,2020-11-06 04:00:00,32583,2020-11-06 06:00:00,BUY,1944.4,1936.0,1936.0,1961.2,0.1,-84.70000000000091,-840.0000000000091,-1.0,SL,2020Q4,2020,4
903,32586,2020-11-06 07:30:00,32597,2020-11-06 13:00:00,BUY,1941.17,1957.047142857143,1933.2314285714288,1957.047142857143,0.1,158.07142857142873,1587.7142857142871,1.9737780948983514,TP,2020Q4,2020,11
904,32608,2020-11-06 18:30:00,32644,2020-11-09 13:30:00,BUY,1952.37,1938.8557142857142,1938.8557142857142,1979.3985714285716,0.1,-135.84285714285733,-1351.4285714285734,-1.0,SL,2020Q4,2020,36
905,32687,2020-11-10 12:00:00,32740,2020-11-11 15:30:00,SELL,1878.82,1861.4342857142856,1887.512857142857,1861.4342857142856,0.1,173.15714285714358,1738.5714285714357,1.9760352135637689,TP,2020Q4,2020,53
906,32759,2020-11-12 02:00:00,32762,2020-11-12 03:30:00,SELL,1865.54,1870.6185714285714,1870.6185714285714,1855.382857142857,0.1,-51.485714285714224,-507.8571428571422,-1.0,SL,2020Q4,2020,3
907,32775,2020-11-12 10:00:00,32786,2020-11-12 15:30:00,SELL,1868.8,1874.8799999999999,1874.8799999999999,1856.64,0.1,-61.499999999999275,-607.9999999999927,-1.0,SL,2020Q4,2020,11
908,32796,2020-11-12 20:30:00,32829,2020-11-13 14:00:00,SELL,1874.85,1883.5042857142857,1883.5042857142857,1857.5414285714282,0.1,-87.24285714285834,-865.4285714285834,-1.0,SL,2020Q4,2020,33
909,32831,2020-11-13 15:00:00,32854,2020-11-16 03:30:00,BUY,1885.91,1897.7757142857145,1879.9771428571428,1897.7757142857145,0.1,117.95714285714375,1186.5714285714375,1.965016658733899,TP,2020Q4,2020,23
910,32855,2020-11-16 04:00:00,32863,2020-11-16 08:00:00,BUY,1896.59,1890.82,1890.82,1908.1299999999997,0.1,-58.39999999999982,-576.9999999999982,-1.0,SL,2020Q4,2020,8
911,32868,2020-11-16 10:30:00,32874,2020-11-16 13:30:00,BUY,1894.72,1888.8242857142857,1888.8242857142857,1906.5114285714287,0.1,-59.657142857143484,-589.5714285714348,-1.0,SL,2020Q4,2020,6
912,32880,2020-11-16 16:30:00,32949,2020-11-18 05:00:00,BUY,1888.86,1875.8657142857141,1875.8657142857141,1914.8485714285712,0.1,-130.6428571428575,-1299.4285714285752,-1.0,SL,2020Q4,2020,69
913,32956,2020-11-18 08:30:00,32959,2020-11-18 10:00:00,SELL,1878.3,1883.2542857142857,1883.2542857142857,1868.3914285714286,0.1,-50.242857142857886,-495.42857142857883,-1.0,SL,2020Q4,2020,3
914,32962,2020-11-18 11:30:00,32966,2020-11-18 13:30:00,SELL,1880.82,1870.9942857142858,1885.732857142857,1870.9942857142858,0.1,97.55714285714184,982.5714285714184,1.9578555045871553,TP,2020Q4,2020,4
915,32973,2020-11-18 17:00:00,32974,2020-11-18 17:30:00,SELL,1875.65,1884.5600000000002,1884.5600000000002,1857.8300000000002,0.1,-89.80000000000082,-891.0000000000082,-1.0,SL,2020Q4,2020,1
916,32979,2020-11-18 20:00:00,33006,2020-11-19 10:30:00,SELL,1875.16,1856.4028571428573,1884.5385714285715,1856.4028571428573,0.1,186.87142857142754,1875.7142857142753,1.9777744179014212,TP,2020Q4,2020,27
917,33010,2020-11-19 12:30:00,33027,2020-11-19 21:00:00,SELL,1858.48,1866.932857142857,1866.932857142857,1841.5742857142857,0.1,-85.22857142857056,-845.2857142857056,-1.0,SL,2020Q4,2020,17
918,33034,2020-11-20 01:30:00,33045,2020-11-20 07:00:00,SELL,1863.43,1868.902857142857,1868.902857142857,1852.4842857142858,0.1,-55.42857142857038,-547.2857142857038,-1.0,SL,2020Q4,2020,11
919,33057,2020-11-20 13:00:00,33063,2020-11-20 16:00:00,SELL,1865.39,1871.0685714285717,1871.0685714285717,1854.032857142857,0.1,-57.48571428571559,-567.8571428571558,-1.0,SL,2020Q4,2020,6
920,33078,2020-11-20 23:30:00,33083,2020-11-23 03:00:00,SELL,1870.45,1875.74,1875.74,1859.87,0.1,-53.59999999999964,-528.9999999999964,-1.0,SL,2020Q4,2020,5
921,33087,2020-11-23 05:00:00,33098,2020-11-23 10:30:00,BUY,1873.21,1868.837142857143,1868.837142857143,1881.9557142857143,0.1,-44.42857142857129,-437.28571428571286,-1.0,SL,2020Q4,2020,11
922,33112,2020-11-23 17:30:00,33148,2020-11-24 12:30:00,SELL,1838.3,1815.7914285714285,1849.5542857142857,1815.7914285714285,0.1,224.38571428571487,2250.8571428571486,1.9814557840292673,TP,2020Q4,2020,36
923,33172,2020-11-25 01:30:00,33189,2020-11-25 10:00:00,SELL,1807.98,1813.5357142857142,1813.5357142857142,1796.8685714285714,0.1,-56.25714285714203,-555.5714285714203,-1.0,SL,2020Q4,2020,17
924,33194,2020-11-25 12:30:00,33198,2020-11-25 14:30:00,SELL,1808.38,1814.65,1814.65,1795.84,0.1,-63.39999999999982,-626.9999999999982,-1.0,SL,2020Q4,2020,4
925,33205,2020-11-25 18:00:00,33234,2020-11-26 09:30:00,SELL,1810.44,1818.1885714285715,1818.1885714285715,1794.9428571428573,0.1,-78.18571428571495,-774.8571428571495,-1.0,SL,2020Q4,2020,29
926,33240,2020-11-26 12:30:00,33283,2020-11-27 15:00:00,SELL,1811.09,1800.0585714285712,1816.6057142857142,1800.0585714285712,0.1,109.61428571428705,1103.1428571428705,1.9624040920716515,TP,2020Q4,2020,43
927,33285,2020-11-27 16:00:00,33290,2020-11-27 18:30:00,SELL,1778.48,1787.6557142857143,1787.6557142857143,1760.1285714285716,0.1,-92.45714285714321,-917.5714285714321,-1.0,SL,2020Q4,2020,5
928,33315,2020-11-30 11:00:00,33351,2020-12-01 06:00:00,SELL,1775.78,1787.0585714285714,1787.0585714285714,1753.222857142857,0.1,-113.48571428571468,-1127.8571428571468,-1.0,SL,2020Q4,2020,36
929,33402,2020-12-02 08:30:00,33406,2020-12-02 10:30:00,BUY,1814.36,1824.9342857142856,1809.072857142857,1824.9342857142856,0.1,105.04285714285679,1057.428571428568,1.9607999999999581,TP,2020Q4,2020,4
930,33416,2020-12-02 15:30:00,33416,2020-12-02 15:30:00,BUY,1822.81,1813.5085714285713,1813.5085714285713,1841.4128571428573,0.1,-93.71428571428687,-930.1428571428687,-1.0,SL,2020Q4,2020,0
931,33420,2020-12-02 17:30:00,33508,2020-12-04 15:30:00,BUY,1824.11,1847.3157142857142,1812.5071428571428,1847.3157142857142,0.1,231.35714285714295,2320.5714285714294,1.9820095459552074,TP,2020Q4,2020,88
932,33510,2020-12-04 16:30:00,33512,2020-12-04 17:30:00,BUY,1842.18,1832.9257142857145,1832.9257142857145,1860.6885714285713,0.1,-93.24285714285516,-925.4285714285515,-1.0,SL,2020Q4,2020,2
933,33524,2020-12-04 23:30:00,33544,2020-12-07 10:30:00,BUY,1838.14,1831.2557142857142,1831.2557142857142,1851.9085714285716,0.1,-69.54285714285852,-688.4285714285852,-1.0,SL,2020Q4,2020,20
934,33554,2020-12-07 15:30:00,33556,2020-12-07 16:30:00,BUY,1834.75,1851.8528571428571,1826.1985714285713,1851.8528571428571,0.1,170.32857142857148,1710.2857142857147,1.975642087821018,TP,2020Q4,2020,2
935,33590,2020-12-08 10:30:00,33627,2020-12-09 06:00:00,BUY,1865.95,1859.5685714285717,1859.5685714285717,1878.712857142857,0.1,-64.51428571428387,-638.1428571428387,-1.0,SL,2020Q4,2020,37
936,33637,2020-12-09 11:00:00,33639,2020-12-09 12:00:00,BUY,1864.67,1857.3514285714286,1857.3514285714286,1879.307142857143,0.1,-73.88571428571431,-731.8571428571431,-1.0,SL,2020Q4,2020,2
937,33646,2020-12-09 15:30:00,33648,2020-12-09 16:30:00,BUY,1861.18,1851.46,1851.46,1880.6200000000001,0.1,-97.90000000000028,-972.0000000000027,-1.0,SL,2020Q4,2020,2
938,33672,2020-12-10 05:30:00,33692,2020-12-10 15:30:00,SELL,1839.24,1845.8785714285714,1845.8785714285714,1825.962857142857,0.1,-67.08571428571368,-663.8571428571368,-1.0,SL,2020Q4,2020,20
939,33697,2020-12-10 18:00:00,33741,2020-12-11 17:00:00,SELL,1835.47,1846.6985714285715,1846.6985714285715,1813.012857142857,0.1,-112.98571428571513,-1122.8571428571513,-1.0,SL,2020Q4,2020,44
940,33751,2020-12-11 22:00:00,33777,2020-12-14 12:00:00,SELL,1838.75,1823.0014285714287,1846.6242857142856,1823.0014285714287,0.1,156.7857142857127,1574.8571428571267,1.9735659054126953,TP,2020Q4,2020,26
941,33788,2020-12-14 17:30:00,33814,2020-12-15 07:30:00,SELL,1826.45,1837.8357142857144,1837.8357142857144,1803.6785714285713,0.1,-114.55714285714357,-1138.5714285714357,-1.0,SL,2020Q4,2020,26
942,33837,2020-12-15 19:00:00,33898,2020-12-17 03:30:00,BUY,1849.27,1867.3414285714287,1840.2342857142858,1867.3414285714287,0.1,180.0142857142867,1807.142857142867,1.9769375588327829,TP,2020Q4,2020,61
943,33934,2020-12-17 21:30:00,33999,2020-12-21 08:00:00,BUY,1884.97,1906.5814285714287,1874.1642857142858,1906.5814285714287,0.1,215.41428571428634,2161.1428571428632,1.980690923420486,TP,2020Q4,2020,65
944,34004,2020-12-21 10:30:00,34006,2020-12-21 11:30:00,BUY,1897.21,1887.5857142857142,1887.5857142857142,1916.4585714285715,0.1,-96.94285714285861,-962.4285714285861,-1.0,SL,2020Q4,2020,2
945,34032,2020-12-22 01:30:00,34045,2020-12-22 08:00:00,BUY,1881.0,1874.0114285714287,1874.0114285714287,1894.9771428571428,0.1,-70.58571428571277,-698.8571428571277,-1.0,SL,2020Q4,2020,13
946,34055,2020-12-22 13:00:00,34061,2020-12-22 16:00:00,SELL,1872.73,1880.6171428571429,1880.6171428571429,1856.9557142857143,0.1,-79.57142857142863,-788.7142857142862,-1.0,SL,2020Q4,2020,6
947,34063,2020-12-22 17:00:00,34074,2020-12-22 22:30:00,SELL,1874.29,1859.0242857142857,1881.922857142857,1859.0242857142857,0.1,151.9571428571424,1526.571428571424,1.9727373887240356,TP,2020Q4,2020,11
948,34084,2020-12-23 04:30:00,34097,2020-12-23 11:00:00,SELL,1863.23,1869.9014285714286,1869.9014285714286,1849.8871428571429,0.1,-67.41428571428578,-667.1428571428578,-1.0,SL,2020Q4,2020,13
949,34101,2020-12-23 13:00:00,34108,2020-12-23 16:30:00,SELL,1865.67,1871.41,1871.41,1854.19,0.1,-58.100000000000094,-574.0000000000009,-1.0,SL,2020Q4,2020,7
950,34120,2020-12-23 22:30:00,34129,2020-12-24 04:00:00,SELL,1870.2,1878.5628571428572,1878.5628571428572,1853.4742857142858,0.1,-84.32857142857138,-836.2857142857138,-1.0,SL,2020Q4,2020,9
951,34149,2020-12-24 14:00:00,34153,2020-12-24 16:00:00,BUY,1876.57,1870.695714285714,1870.695714285714,1888.3185714285714,0.1,-59.442857142858614,-587.4285714285861,-1.0,SL,2020Q4,2020,4
952,34155,2020-12-24 17:00:00,34163,2020-12-28 03:00:00,BUY,1876.97,1892.547142857143,1869.1814285714286,1892.547142857143,0.1,155.07142857142918,1557.7142857142917,1.9732775858934741,TP,2020Q4,2020,8
953,34188,2020-12-28 15:30:00,34198,2020-12-28 20:30:00,BUY,1882.64,1872.997142857143,1872.997142857143,1901.9257142857143,0.1,-97.1285714285711,-964.285714285711,-1.0,SL,2020Q4,2020,10
954,34208,2020-12-29 02:30:00,34237,2020-12-29 17:00:00,BUY,1879.36,1872.8857142857141,1872.8857142857141,1892.3085714285714,0.1,-65.4428571428577,-647.428571428577,-1.0,SL,2020Q4,2020,29
955,34239,2020-12-29 18:00:00,34297,2020-12-31 01:00:00,BUY,1879.17,1894.87,1871.3200000000002,1894.87,0.1,156.2999999999982,1569.9999999999818,1.9734848484848482,TP,2020Q4,2020,58
956,34315,2020-12-31 10:00:00,34333,2021-01-04 01:00:00,BUY,1892.91,1906.6214285714289,1886.0542857142857,1906.6214285714289,0.1,136.4142857142877,1371.142857142877,1.9696782178217827,TP,2020Q4,2020,18
957,34334,2021-01-04 01:30:00,34351,2021-01-04 10:00:00,BUY,1910.9,1928.1228571428571,1902.2885714285715,1928.1228571428571,0.1,171.5285714285704,1722.2857142857038,1.975810432779306,TP,2021Q1,2021,17
958,34367,2021-01-04 18:00:00,34452,2021-01-06 14:30:00,BUY,1943.06,1931.5357142857142,1931.5357142857142,1966.1085714285714,0.1,-115.94285714285725,-1152.4285714285725,-1.0,SL,2021Q1,2021,85
959,34469,2021-01-06 23:00:00,34535,2021-01-08 10:00:00,SELL,1918.14,1886.5428571428572,1933.9385714285715,1886.5428571428572,0.1,315.271428571429,3159.71428571429,1.9867662945624778,TP,2021Q1,2021,66
960,34590,2021-01-11 14:30:00,34622,2021-01-12 07:30:00,SELL,1845.34,1857.1299999999999,1857.1299999999999,1821.7599999999998,0.1,-118.59999999999964,-1178.9999999999964,-1.0,SL,2021Q1,2021,32
961,34638,2021-01-12 15:30:00,34657,2021-01-13 02:00:00,SELL,1850.26,1859.34,1859.34,1832.1,0.1,-91.49999999999928,-907.9999999999927,-1.0,SL,2021Q1,2021,19
962,34673,2021-01-13 10:00:00,34700,2021-01-13 23:30:00,SELL,1857.13,1844.867142857143,1863.2614285714287,1844.867142857143,0.1,121.92857142857001,1226.2857142857001,1.9661368348306476,TP,2021Q1,2021,27
963,34707,2021-01-14 04:00:00,34708,2021-01-14 04:30:00,SELL,1849.09,1835.032857142857,1856.1185714285714,1835.032857142857,0.1,139.87142857142936,1405.7142857142935,1.9704165828134437,TP,2021Q1,2021,1
964,34716,2021-01-14 08:30:00,34731,2021-01-14 16:00:00,SELL,1840.55,1850.0614285714285,1850.0614285714285,1821.5271428571427,0.1,-95.81428571428496,-951.1428571428496,-1.0,SL,2021Q1,2021,15
965,34743,2021-01-14 22:00:00,34751,2021-01-15 03:00:00,SELL,1844.26,1855.3871428571429,1855.3871428571429,1822.0057142857145,0.1,-111.97142857142872,-1112.7142857142871,-1.0,SL,2021Q1,2021,8
966,34761,2021-01-15 08:00:00,34768,2021-01-15 11:30:00,SELL,1849.76,1855.7185714285715,1855.7185714285715,1837.8428571428572,0.1,-60.285714285715315,-595.8571428571531,-1.0,SL,2021Q1,2021,7
967,34772,2021-01-15 13:30:00,34776,2021-01-15 15:30:00,SELL,1851.29,1837.5585714285712,1858.1557142857143,1837.5585714285712,0.1,136.61428571428752,1373.142857142875,1.9697219361483012,TP,2021Q1,2021,4
968,34778,2021-01-15 16:30:00,34780,2021-01-15 17:30:00,SELL,1843.24,1825.5742857142857,1852.0728571428572,1825.5742857142857,0.1,175.9571428571433,1766.571428571433,1.9764120667522467,TP,2021Q1,2021,2
969,34802,2021-01-18 05:30:00,34806,2021-01-18 07:30:00,SELL,1827.22,1838.1657142857143,1838.1657142857143,1805.3285714285716,0.1,-110.15714285714303,-1094.5714285714303,-1.0,SL,2021Q1,2021,4
970,34815,2021-01-18 12:00:00,34817,2021-01-18 13:00:00,SELL,1831.51,1838.107142857143,1838.107142857143,1818.3157142857142,0.1,-66.67142857142899,-659.7142857142899,-1.0,SL,2021Q1,2021,2
971,34820,2021-01-18 14:30:00,34827,2021-01-18 18:00:00,SELL,1831.04,1838.8871428571429,1838.8871428571429,1815.3457142857142,0.1,-79.17142857142899,-784.7142857142899,-1.0,SL,2021Q1,2021,7
972,34841,2021-01-19 06:00:00,34849,2021-01-19 10:00:00,SELL,1837.29,1842.422857142857,1842.422857142857,1827.0242857142857,0.1,-52.0285714285712,-513.285714285712,-1.0,SL,2021Q1,2021,8
973,34858,2021-01-19 14:30:00,34881,2021-01-20 03:00:00,SELL,1839.95,1846.2171428571428,1846.2171428571428,1827.4157142857143,0.1,-63.371428571427444,-626.7142857142744,-1.0,SL,2021Q1,2021,23
974,34908,2021-01-20 16:30:00,34993,2021-01-22 13:00:00,BUY,1860.19,1850.0414285714287,1850.0414285714287,1880.487142857143,0.1,-102.18571428571359,-1014.8571428571358,-1.0,SL,2021Q1,2021,85
975,35013,2021-01-22 23:00:00,35038,2021-01-25 12:30:00,SELL,1854.21,1861.8514285714286,1861.8514285714286,1838.927142857143,0.1,-77.11428571428605,-764.1428571428605,-1.0,SL,2021Q1,2021,25
976,35047,2021-01-25 17:00:00,35133,2021-01-27 14:00:00,SELL,1855.69,1838.4185714285713,1864.3257142857144,1838.4185714285713,0.1,172.01428571428715,1727.1428571428714,1.9758779127010178,TP,2021Q1,2021,86
977,35143,2021-01-27 19:00:00,35182,2021-01-28 15:30:00,SELL,1845.12,1855.8085714285714,1855.8085714285714,1823.7428571428568,0.1,-107.5857142857155,-1068.857142857155,-1.0,SL,2021Q1,2021,39
978,35189,2021-01-28 19:00:00,35222,2021-01-29 12:30:00,SELL,1845.74,1858.7985714285714,1858.7985714285714,1819.6228571428571,0.1,-131.2857142857144,-1305.857142857144,-1.0,SL,2021Q1,2021,33
979,35232,2021-01-29 17:30:00,35242,2021-01-29 22:30:00,BUY,1860.86,1846.5542857142857,1846.5542857142857,1889.4714285714285,0.1,-143.75714285714201,-1430.5714285714203,-1.0,SL,2021Q1,2021,10
980,35246,2021-02-01 01:30:00,35307,2021-02-02 09:00:00,BUY,1857.63,1846.1114285714286,1846.1114285714286,1880.667142857143,0.1,-115.88571428571477,-1151.8571428571477,-1.0,SL,2021Q1,2021,61
981,35339,2021-02-03 02:00:00,35343,2021-02-03 04:00:00,SELL,1836.34,1842.537142857143,1842.537142857143,1823.945714285714,0.1,-62.671428571430354,-619.7142857143035,-1.0,SL,2021Q1,2021,4
982,35351,2021-02-03 08:00:00,35388,2021-02-04 03:30:00,SELL,1839.08,1829.1,1844.07,1829.1,0.1,99.10000000000018,998.0000000000018,1.958498023715415,TP,2021Q1,2021,37
983,35401,2021-02-04 10:00:00,35412,2021-02-04 15:30:00,SELL,1825.13,1809.8614285714289,1832.7642857142857,1809.8614285714289,0.1,151.9857142857125,1526.857142857125,1.9727424439087704,TP,2021Q1,2021,11
984,35413,2021-02-04 16:00:00,35414,2021-02-04 16:30:00,SELL,1808.39,1790.1785714285713,1817.4957142857145,1790.1785714285713,0.1,181.4142857142877,1821.142857142877,1.9771134983652503,TP,2021Q1,2021,1
985,35433,2021-02-05 03:00:00,35446,2021-02-05 09:30:00,SELL,1794.9,1800.217142857143,1800.217142857143,1784.2657142857145,0.1,-53.87142857142926,-531.7142857142926,-1.0,SL,2021Q1,2021,13
986,35457,2021-02-05 15:00:00,35463,2021-02-05 18:00:00,SELL,1802.03,1809.9271428571428,1809.9271428571428,1786.2357142857143,0.1,-79.67142857142854,-789.7142857142853,-1.0,SL,2021Q1,2021,6
987,35482,2021-02-08 04:30:00,35491,2021-02-08 09:00:00,SELL,1811.29,1817.3585714285712,1817.3585714285712,1799.1528571428573,0.1,-61.38571428571204,-606.8571428571204,-1.0,SL,2021Q1,2021,9
988,35494,2021-02-08 10:30:00,35499,2021-02-08 13:00:00,SELL,1810.56,1816.322857142857,1816.322857142857,1799.0342857142857,0.1,-58.328571428570015,-576.2857142857001,-1.0,SL,2021Q1,2021,5
989,35523,2021-02-09 02:00:00,35528,2021-02-09 04:30:00,BUY,1830.73,1841.4757142857143,1825.357142857143,1841.4757142857143,0.1,106.75714285714257,1074.5714285714257,1.9614173228346454,TP,2021Q1,2021,5
990,35542,2021-02-09 11:30:00,35549,2021-02-09 15:00:00,BUY,1845.69,1839.827142857143,1839.827142857143,1857.4157142857143,0.1,-59.32857142857138,-586.2857142857138,-1.0,SL,2021Q1,2021,7
991,35551,2021-02-09 16:00:00,35552,2021-02-09 16:30:00,BUY,1847.35,1839.662857142857,1839.662857142857,1862.7242857142855,0.1,-77.57142857142817,-768.7142857142817,-1.0,SL,2021Q1,2021,1
992,35554,2021-02-09 17:30:00,35560,2021-02-09 20:30:00,BUY,1844.14,1834.23,1834.23,1863.96,0.1,-99.80000000000082,-991.0000000000082,-1.0,SL,2021Q1,2021,6
993,35567,2021-02-10 01:00:00,35596,2021-02-10 15:30:00,BUY,1837.72,1849.8914285714286,1831.6342857142856,1849.8914285714286,0.1,121.01428571428578,1217.1428571428578,1.9658853562311076,TP,2021Q1,2021,29
994,35597,2021-02-10 16:00:00,35598,2021-02-10 16:30:00,BUY,1851.67,1843.36,1843.36,1868.2900000000002,0.1,-83.80000000000173,-831.0000000000173,-1.0,SL,2021Q1,2021,1
995,35605,2021-02-10 20:00:00,35648,2021-02-11 18:30:00,BUY,1842.52,1831.4914285714285,1831.4914285714285,1864.577142857143,0.1,-110.98571428571468,-1102.8571428571468,-1.0,SL,2021Q1,2021,43
996,35684,2021-02-12 13:30:00,35692,2021-02-12 17:30:00,SELL,1818.03,1824.2528571428572,1824.2528571428572,1805.5842857142857,0.1,-62.92857142857265,-622.2857142857265,-1.0,SL,2021Q1,2021,8
997,35697,2021-02-12 20:00:00,35772,2021-02-16 15:30:00,SELL,1819.61,1799.412857142857,1829.7085714285713,1799.412857142857,0.1,201.2714285714281,2019.7142857142808,1.9793481314976118,TP,2021Q1,2021,75
998,35778,2021-02-16 18:30:00,35822,2021-02-17 17:30:00,SELL,1803.52,1773.0542857142857,1818.7528571428572,1773.0542857142857,0.1,303.95714285714286,3046.5714285714284,1.9862770724421064,TP,2021Q1,2021,44
999,35858,2021-02-18 12:30:00,35863,2021-02-18 15:00:00,SELL,1782.6,1788.62,1788.62,1770.56,0.1,-60.89999999999982,-601.9999999999982,-1.0,SL,2021Q1,2021,5
1000,35866,2021-02-18 16:30:00,35885,2021-02-19 03:00:00,SELL,1781.27,1761.7928571428572,1791.0085714285715,1761.7928571428572,0.1,194.07142857142782,1947.714285714278,1.9785901543838977,TP,2021Q1,2021,19
1001,35903,2021-02-19 12:00:00,35910,2021-02-19 15:30:00,SELL,1771.04,1777.9471428571428,1777.9471428571428,1757.2257142857143,0.1,-69.77142857142844,-690.7142857142844,-1.0,SL,2021Q1,2021,7
1002,35920,2021-02-19 20:30:00,35941,2021-02-22 08:00:00,SELL,1778.27,1791.0714285714287,1791.0714285714287,1752.6671428571428,0.1,-128.71428571428686,-1280.1428571428687,-1.0,SL,2021Q1,2021,21
1003,35979,2021-02-23 04:00:00,35990,2021-02-23 09:30:00,BUY,1813.35,1808.202857142857,1808.202857142857,1823.6442857142854,0.1,-52.171428571428535,-514.7142857142853,-1.0,SL,2021Q1,2021,11
1004,35993,2021-02-23 11:00:00,35994,2021-02-23 11:30:00,BUY,1810.4,1804.3600000000001,1804.3600000000001,1822.48,0.1,-61.09999999999964,-603.9999999999964,-1.0,SL,2021Q1,2021,1
1005,35999,2021-02-23 14:00:00,36004,2021-02-23 16:30:00,BUY,1809.08,1801.692857142857,1801.692857142857,1823.8542857142854,0.1,-74.57142857142863,-738.7142857142862,-1.0,SL,2021Q1,2021,5
1006,36006,2021-02-23 17:30:00,36048,2021-02-24 15:30:00,BUY,1808.39,1798.3100000000002,1798.3100000000002,1828.55,0.1,-101.49999999999928,-1007.9999999999927,-1.0,SL,2021Q1,2021,42
1007,36055,2021-02-24 19:00:00,36083,2021-02-25 10:00:00,BUY,1802.33,1789.3285714285714,1789.3285714285714,1828.332857142857,0.1,-130.71428571428504,-1300.1428571428505,-1.0,SL,2021Q1,2021,28
1008,36089,2021-02-25 13:00:00,36095,2021-02-25 16:00:00,SELL,1794.99,1778.5614285714287,1803.2042857142858,1778.5614285714287,0.1,163.58571428571332,1642.857142857133,1.974650801862363,TP,2021Q1,2021,6
1009,36121,2021-02-26 06:00:00,36127,2021-02-26 09:00:00,SELL,1772.82,1756.6657142857143,1780.8971428571429,1756.6657142857143,0.1,160.84285714285608,1615.4285714285606,1.9742240925828234,TP,2021Q1,2021,6
1010,36132,2021-02-26 11:30:00,36142,2021-02-26 16:30:00,SELL,1766.52,1746.5742857142857,1776.492857142857,1746.5742857142857,0.1,198.75714285714304,1994.5714285714303,1.9790896159317437,TP,2021Q1,2021,10
1011,36143,2021-02-26 17:00:00,36145,2021-02-26 18:00:00,SELL,1744.78,1720.6942857142858,1756.8228571428572,1720.6942857142858,0.1,240.15714285714176,2408.5714285714175,1.9826630498879398,TP,2021Q1,2021,2
1012,36178,2021-03-01 11:30:00,36185,2021-03-01 15:00:00,SELL,1748.04,1734.185714285714,1754.9671428571428,1734.185714285714,0.1,137.8428571428588,1385.428571428588,1.969987750102115,TP,2021Q1,2021,7
1013,36190,2021-03-01 17:30:00,36207,2021-03-02 03:00:00,SELL,1736.95,1714.5528571428572,1748.1485714285716,1714.5528571428572,0.1,223.27142857142854,2239.7142857142853,1.9813640973630633,TP,2021Q1,2021,17
1014,36209,2021-03-02 04:00:00,36218,2021-03-02 08:30:00,SELL,1711.65,1721.3028571428572,1721.3028571428572,1692.344285714286,0.1,-97.22857142857102,-965.2857142857101,-1.0,SL,2021Q1,2021,9
1015,36221,2021-03-02 10:00:00,36226,2021-03-02 12:30:00,SELL,1717.85,1729.4099999999999,1729.4099999999999,1694.73,0.1,-116.29999999999946,-1155.9999999999945,-1.0,SL,2021Q1,2021,5
1016,36236,2021-03-02 17:30:00,36239,2021-03-02 19:00:00,SELL,1724.92,1735.0028571428572,1735.0028571428572,1704.7542857142857,0.1,-101.52857142857165,-1008.2857142857165,-1.0,SL,2021Q1,2021,3
1017,36254,2021-03-03 03:30:00,36277,2021-03-03 15:00:00,SELL,1731.9,1717.9628571428573,1738.8685714285716,1717.9628571428573,0.1,138.67142857142818,1393.7142857142817,1.9701644002435241,TP,2021Q1,2021,23
1018,36285,2021-03-03 19:00:00,36334,2021-03-04 20:30:00,SELL,1718.54,1691.28,1732.1699999999998,1691.28,0.1,271.8999999999999,2725.999999999999,1.9846715328467321,TP,2021Q1,2021,49
1019,36359,2021-03-05 10:00:00,36371,2021-03-05 16:00:00,SELL,1696.67,1703.187142857143,1703.187142857143,1683.6357142857141,0.1,-65.87142857142972,-651.7142857142971,-1.0,SL,2021Q1,2021,12
1020,36373,2021-03-05 17:00:00,36387,2021-03-08 01:00:00,SELL,1694.54,1706.2257142857143,1706.2257142857143,1671.1685714285713,0.1,-117.55714285714312,-1168.5714285714312,-1.0,SL,2021Q1,2021,14
1021,36403,2021-03-08 09:00:00,36407,2021-03-08 11:00:00,SELL,1704.42,1690.8142857142857,1711.2228571428573,1690.8142857142857,0.1,135.35714285714386,1360.5714285714384,1.9694450218249848,TP,2021Q1,2021,4
1022,36417,2021-03-08 16:00:00,36453,2021-03-09 11:00:00,SELL,1693.79,1703.8614285714284,1703.8614285714284,1673.6471428571429,0.1,-101.41428571428442,-1007.1428571428442,-1.0,SL,2021Q1,2021,36
1023,36484,2021-03-10 03:30:00,36493,2021-03-10 08:00:00,BUY,1716.32,1710.607142857143,1710.607142857143,1727.7457142857143,0.1,-57.82857142857047,-571.2857142857047,-1.0,SL,2021Q1,2021,9
1024,36495,2021-03-10 09:00:00,36503,2021-03-10 13:00:00,BUY,1715.14,1709.48,1709.48,1726.46,0.1,-57.30000000000082,-566.0000000000082,-1.0,SL,2021Q1,2021,8
1025,36509,2021-03-10 16:00:00,36538,2021-03-11 07:30:00,BUY,1720.17,1735.4214285714286,1712.5442857142857,1735.4214285714286,0.1,151.81428571428506,1525.1428571428505,1.972712084648198,TP,2021Q1,2021,29
1026,36549,2021-03-11 13:00:00,36551,2021-03-11 14:00:00,BUY,1736.1,1730.172857142857,1730.172857142857,1747.9542857142856,0.1,-59.97142857142826,-592.7142857142826,-1.0,SL,2021Q1,2021,2
1027,36553,2021-03-11 15:00:00,36554,2021-03-11 15:30:00,BUY,1735.89,1728.697142857143,1728.697142857143,1750.2757142857145,0.1,-72.62857142857065,-719.2857142857065,-1.0,SL,2021Q1,2021,1
1028,36576,2021-03-12 03:30:00,36577,2021-03-12 04:00:00,BUY,1726.92,1721.9342857142858,1721.9342857142858,1736.8914285714286,0.1,-50.557142857142665,-498.5714285714266,-1.0,SL,2021Q1,2021,1
1029,36604,2021-03-12 17:30:00,36605,2021-03-12 18:00:00,SELL,1703.86,1713.6142857142856,1713.6142857142856,1684.3514285714286,0.1,-98.24285714285743,-975.4285714285743,-1.0,SL,2021Q1,2021,1
1030,36636,2021-03-15 09:30:00,36695,2021-03-16 16:00:00,BUY,1725.45,1737.6557142857143,1719.347142857143,1737.6557142857143,0.1,121.35714285714293,1220.5714285714294,1.965980097199722,TP,2021Q1,2021,59
1031,36696,2021-03-16 16:30:00,36696,2021-03-16 16:30:00,BUY,1740.02,1733.03,1733.03,1754.0,0.1,-70.6000000000001,-699.0000000000009,-1.0,SL,2021Q1,2021,0
1032,36697,2021-03-16 17:00:00,36741,2021-03-17 16:00:00,BUY,1734.1,1726.3642857142856,1726.3642857142856,1749.5714285714284,0.1,-78.05714285714267,-773.5714285714266,-1.0,SL,2021Q1,2021,44
1033,36742,2021-03-17 16:30:00,36744,2021-03-17 17:30:00,BUY,1734.02,1726.81,1726.81,1748.44,0.1,-72.80000000000037,-721.0000000000036,-1.0,SL,2021Q1,2021,2
1034,36750,2021-03-17 20:30:00,36776,2021-03-18 10:30:00,BUY,1742.8,1734.232857142857,1734.232857142857,1759.9342857142856,0.1,-86.37142857142926,-856.7142857142926,-1.0,SL,2021Q1,2021,26
1035,36792,2021-03-18 18:30:00,36912,2021-03-23 09:30:00,BUY,1734.36,1737.52,1724.165714285714,1754.7485714285713,0.1,30.90000000000082,316.0000000000082,0.30104384133612244,TIME_EXIT,2021Q1,2021,120
1036,36914,2021-03-23 10:30:00,36923,2021-03-23 15:00:00,BUY,1739.14,1734.4071428571428,1734.4071428571428,1748.6057142857144,0.1,-48.02857142857256,-473.2857142857256,-1.0,SL,2021Q1,2021,9
1037,36956,2021-03-24 08:30:00,36962,2021-03-24 11:30:00,SELL,1729.65,1734.1542857142858,1734.1542857142858,1720.6414285714288,0.1,-45.74285714285743,-450.4285714285743,-1.0,SL,2021Q1,2021,6
1038,36966,2021-03-24 13:30:00,36975,2021-03-24 18:00:00,SELL,1730.42,1735.6742857142858,1735.6742857142858,1719.9114285714288,0.1,-53.24285714285743,-525.4285714285743,-1.0,SL,2021Q1,2021,9
1039,36983,2021-03-24 22:00:00,36995,2021-03-25 05:00:00,SELL,1732.8,1738.31,1738.31,1721.78,0.1,-55.79999999999991,-550.9999999999991,-1.0,SL,2021Q1,2021,12
1040,37013,2021-03-25 14:00:00,37015,2021-03-25 15:00:00,SELL,1728.26,1732.94,1732.94,1718.8999999999999,0.1,-47.50000000000064,-468.00000000000637,-1.0,SL,2021Q1,2021,2
1041,37020,2021-03-25 17:30:00,37023,2021-03-25 19:00:00,BUY,1735.36,1727.2042857142856,1727.2042857142856,1751.6714285714286,0.1,-82.25714285714339,-815.5714285714339,-1.0,SL,2021Q1,2021,3
1042,37038,2021-03-26 03:30:00,37064,2021-03-26 16:30:00,SELL,1727.59,1732.4599999999998,1732.4599999999998,1717.85,0.1,-49.39999999999891,-486.9999999999891,-1.0,SL,2021Q1,2021,26
1043,37084,2021-03-29 04:30:00,37084,2021-03-29 04:30:00,SELL,1727.88,1731.8928571428573,1731.8928571428573,1719.8542857142859,0.1,-40.82857142857229,-401.28571428572286,-1.0,SL,2021Q1,2021,0
1044,37088,2021-03-29 06:30:00,37108,2021-03-29 16:30:00,SELL,1729.88,1721.1685714285716,1734.2357142857143,1721.1685714285716,0.1,86.41428571428541,871.1428571428542,1.9525500322789393,TP,2021Q1,2021,20
1045,37130,2021-03-30 04:30:00,37140,2021-03-30 09:30:00,SELL,1710.21,1702.932857142857,1713.8485714285714,1702.932857142857,0.1,72.07142857142962,727.7142857142962,1.9433744221880416,TP,2021Q1,2021,10
1046,37175,2021-03-31 04:00:00,37186,2021-03-31 09:30:00,SELL,1684.11,1688.3785714285714,1688.3785714285714,1675.572857142857,0.1,-43.38571428571477,-426.85714285714766,-1.0,SL,2021Q1,2021,11
1047,37197,2021-03-31 15:00:00,37200,2021-03-31 16:30:00,SELL,1684.87,1690.3542857142857,1690.3542857142857,1673.9014285714286,0.1,-55.54285714285761,-548.4285714285761,-1.0,SL,2021Q1,2021,3
1048,37242,2021-04-01 14:30:00,37246,2021-04-01 16:30:00,BUY,1713.66,1726.1885714285715,1707.3957142857143,1726.1885714285715,0.1,124.58571428571467,1252.8571428571468,1.9668470906630582,TP,2021Q2,2021,4
1049,37279,2021-04-05 10:00:00,37289,2021-04-05 15:00:00,BUY,1726.27,1722.5085714285715,1722.5085714285715,1733.7928571428572,0.1,-38.31428571428496,-376.1428571428496,-1.0,SL,2021Q2,2021,10
1050,37290,2021-04-05 15:30:00,37337,2021-04-06 16:00:00,BUY,1727.44,1738.9228571428573,1721.6985714285713,1738.9228571428573,0.1,114.12857142857256,1148.2857142857256,1.9638643067846226,TP,2021Q2,2021,47
1051,37370,2021-04-07 09:30:00,37378,2021-04-07 13:30:00,BUY,1739.74,1736.1100000000001,1736.1100000000001,1747.0,0.1,-36.99999999999882,-362.9999999999882,-1.0,SL,2021Q2,2021,8
1052,37383,2021-04-07 16:00:00,37426,2021-04-08 14:30:00,BUY,1737.96,1750.074285714286,1731.902857142857,1750.074285714286,0.1,120.4428571428587,1211.428571428587,1.965726276521334,TP,2021Q2,2021,43
1053,37451,2021-04-09 04:00:00,37454,2021-04-09 05:30:00,BUY,1755.42,1752.4700000000003,1752.4700000000003,1761.32,0.1,-30.19999999999818,-294.9999999999818,-1.0,SL,2021Q2,2021,3
1054,37479,2021-04-09 18:00:00,37500,2021-04-12 05:30:00,BUY,1745.16,1736.7528571428572,1736.7528571428572,1761.9742857142858,0.1,-84.77142857142844,-840.7142857142844,-1.0,SL,2021Q2,2021,21
1055,37510,2021-04-12 10:30:00,37517,2021-04-12 14:00:00,SELL,1738.5,1743.5514285714285,1743.5514285714285,1728.397142857143,0.1,-51.2142857142846,-505.14285714284597,-1.0,SL,2021Q2,2021,7
1056,37521,2021-04-12 16:00:00,37552,2021-04-13 08:30:00,SELL,1738.82,1727.0685714285714,1744.695714285714,1727.0685714285714,0.1,116.81428571428505,1175.1428571428505,1.9646804420951838,TP,2021Q2,2021,31
1057,37561,2021-04-13 13:00:00,37565,2021-04-13 15:00:00,SELL,1726.19,1731.4,1731.4,1715.7700000000002,0.1,-52.80000000000037,-521.0000000000036,-1.0,SL,2021Q2,2021,4
1058,37585,2021-04-14 02:00:00,37613,2021-04-14 16:00:00,BUY,1745.2,1739.2385714285715,1739.2385714285715,1757.1228571428571,0.1,-60.31428571428542,-596.1428571428542,-1.0,SL,2021Q2,2021,28
1059,37637,2021-04-15 05:00:00,37638,2021-04-15 05:30:00,SELL,1735.09,1738.662857142857,1738.662857142857,1727.9442857142856,0.1,-36.42857142857174,-357.2857142857174,-1.0,SL,2021Q2,2021,1
1060,37687,2021-04-16 07:00:00,37698,2021-04-16 12:30:00,BUY,1763.31,1770.5157142857145,1759.7071428571428,1770.5157142857145,0.1,71.3571428571452,720.5714285714521,1.9428238039673895,TP,2021Q2,2021,11
1061,37721,2021-04-19 01:00:00,37742,2021-04-19 11:30:00,BUY,1777.48,1788.142857142857,1772.1485714285716,1788.142857142857,0.1,105.92857142857092,1066.2857142857092,1.961121396456005,TP,2021Q2,2021,21
1062,37778,2021-04-20 06:30:00,37781,2021-04-20 08:00:00,BUY,1775.89,1771.0685714285717,1771.0685714285717,1785.5328571428572,0.1,-48.91428571428442,-482.14285714284415,-1.0,SL,2021Q2,2021,3
1063,37787,2021-04-20 11:00:00,37787,2021-04-20 11:00:00,BUY,1771.97,1765.2371428571428,1765.2371428571428,1785.4357142857143,0.1,-68.02857142857256,-673.2857142857256,-1.0,SL,2021Q2,2021,0
1064,37793,2021-04-20 14:00:00,37829,2021-04-21 09:00:00,BUY,1771.05,1785.65,1763.75,1785.65,0.1,145.30000000000138,1460.0000000000136,1.9715061058344947,TP,2021Q2,2021,36
1065,37834,2021-04-21 11:30:00,37837,2021-04-21 13:00:00,BUY,1783.04,1777.7071428571428,1777.7071428571428,1793.705714285714,0.1,-54.02857142857165,-533.2857142857165,-1.0,SL,2021Q2,2021,3
1066,37840,2021-04-21 14:30:00,37844,2021-04-21 16:30:00,BUY,1782.35,1793.9071428571426,1776.5714285714284,1793.9071428571426,0.1,114.87142857142707,1155.7142857142708,1.964093795798691,TP,2021Q2,2021,4
1067,37870,2021-04-22 06:30:00,37871,2021-04-22 07:00:00,BUY,1794.13,1790.7828571428572,1790.7828571428572,1800.824285714286,0.1,-34.17142857142899,-334.7142857142899,-1.0,SL,2021Q2,2021,1
1068,37873,2021-04-22 08:00:00,37875,2021-04-22 09:00:00,BUY,1793.47,1789.55,1789.55,1801.3100000000002,0.1,-39.90000000000073,-392.0000000000073,-1.0,SL,2021Q2,2021,2
1069,37878,2021-04-22 10:30:00,37881,2021-04-22 12:00:00,BUY,1792.98,1787.9171428571428,1787.9171428571428,1803.1057142857144,0.1,-51.328571428571834,-506.2857142857183,-1.0,SL,2021Q2,2021,3
1070,37905,2021-04-23 01:00:00,37935,2021-04-23 16:00:00,BUY,1783.7,1795.4371428571428,1777.8314285714287,1795.4371428571428,0.1,116.67142857142771,1173.7142857142771,1.9646379600673558,TP,2021Q2,2021,30
1071,37968,2021-04-26 09:30:00,37973,2021-04-26 12:00:00,SELL,1777.71,1782.1685714285713,1782.1685714285713,1768.7928571428572,0.1,-45.28571428571304,-445.8571428571304,-1.0,SL,2021Q2,2021,5
1072,37977,2021-04-26 14:00:00,37979,2021-04-26 15:00:00,SELL,1779.32,1768.9514285714286,1784.5042857142857,1768.9514285714286,0.1,102.98571428571385,1036.8571428571386,1.9600326264273635,TP,2021Q2,2021,2
1073,37983,2021-04-26 17:00:00,38025,2021-04-27 15:00:00,SELL,1776.28,1784.5085714285715,1784.5085714285715,1759.8228571428572,0.1,-82.98571428571513,-822.8571428571513,-1.0,SL,2021Q2,2021,42
1074,38031,2021-04-27 18:00:00,38049,2021-04-28 04:00:00,SELL,1781.09,1767.9357142857143,1787.6671428571428,1767.9357142857143,0.1,130.84285714285608,1315.4285714285606,1.968407479045743,TP,2021Q2,2021,18
1075,38072,2021-04-28 15:30:00,38072,2021-04-28 15:30:00,SELL,1764.24,1769.7800000000002,1769.7800000000002,1753.1599999999999,0.1,-56.10000000000191,-554.0000000000191,-1.0,SL,2021Q2,2021,0
1076,38119,2021-04-29 16:00:00,38119,2021-04-29 16:00:00,BUY,1780.26,1773.3357142857142,1773.3357142857142,1794.1085714285714,0.1,-69.94285714285816,-692.4285714285816,-1.0,SL,2021Q2,2021,0
1077,38121,2021-04-29 17:00:00,38122,2021-04-29 17:30:00,SELL,1757.74,1767.2014285714286,1767.2014285714286,1738.817142857143,0.1,-95.31428571428542,-946.1428571428542,-1.0,SL,2021Q2,2021,1
1078,38135,2021-04-30 01:00:00,38198,2021-05-03 09:30:00,SELL,1771.77,1777.8685714285714,1777.8685714285714,1759.5728571428572,0.1,-61.68571428571404,-609.8571428571404,-1.0,SL,2021Q2,2021,63
1079,38236,2021-05-04 05:30:00,38241,2021-05-04 08:00:00,BUY,1790.86,1787.3971428571429,1787.3971428571429,1797.785714285714,0.1,-35.32857142857047,-346.28571428570467,-1.0,SL,2021Q2,2021,5
1080,38248,2021-05-04 11:30:00,38249,2021-05-04 12:00:00,BUY,1789.67,1785.1614285714286,1785.1614285714286,1798.687142857143,0.1,-45.78571428571486,-450.8571428571486,-1.0,SL,2021Q2,2021,1
1081,38256,2021-05-04 15:30:00,38259,2021-05-04 17:00:00,BUY,1786.37,1798.812857142857,1780.1485714285714,1798.812857142857,0.1,123.72857142857065,1244.2857142857065,1.9666212534059941,TP,2021Q2,2021,3
1082,38282,2021-05-05 05:30:00,38287,2021-05-05 08:00:00,BUY,1780.86,1777.5742857142857,1777.5742857142857,1787.4314285714286,0.1,-33.55714285714221,-328.5714285714221,-1.0,SL,2021Q2,2021,5
1083,38298,2021-05-05 13:30:00,38302,2021-05-05 15:30:00,SELL,1777.91,1782.3542857142859,1782.3542857142859,1769.0214285714287,0.1,-45.14285714285798,-444.42857142857974,-1.0,SL,2021Q2,2021,4
1084,38326,2021-05-06 04:30:00,38336,2021-05-06 09:30:00,BUY,1785.3,1793.6114285714284,1781.1442857142858,1793.6114285714284,0.1,82.4142857142845,831.1428571428451,1.95030425963494,TP,2021Q2,2021,10
1085,38346,2021-05-06 14:30:00,38350,2021-05-06 16:30:00,BUY,1792.18,1802.4257142857143,1787.057142857143,1802.4257142857143,0.1,101.75714285714257,1024.5714285714257,1.9595598349381016,TP,2021Q2,2021,4
1086,38351,2021-05-06 17:00:00,38394,2021-05-07 15:30:00,BUY,1812.93,1830.3985714285714,1804.1957142857143,1830.3985714285714,0.1,173.98571428571296,1746.8571428571295,1.9761479798799029,TP,2021Q2,2021,43
1087,38395,2021-05-07 16:00:00,38395,2021-05-07 16:00:00,BUY,1838.9,1831.2457142857143,1831.2457142857143,1854.2085714285715,0.1,-77.24285714285834,-765.4285714285834,-1.0,SL,2021Q2,2021,0
1088,38396,2021-05-07 16:30:00,38487,2021-05-11 16:00:00,BUY,1831.28,1821.9757142857143,1821.9757142857143,1849.8885714285716,0.1,-93.74285714285698,-930.4285714285697,-1.0,SL,2021Q2,2021,91
1089,38494,2021-05-11 19:30:00,38532,2021-05-12 15:30:00,BUY,1835.12,1824.4571428571428,1824.4571428571428,1856.4457142857143,0.1,-107.32857142857092,-1066.2857142857092,-1.0,SL,2021Q2,2021,38
1090,38533,2021-05-12 16:00:00,38533,2021-05-12 16:00:00,BUY,1840.04,1832.4771428571428,1832.4771428571428,1855.1657142857143,0.1,-76.32857142857183,-756.2857142857183,-1.0,SL,2021Q2,2021,0
1091,38535,2021-05-12 17:00:00,38536,2021-05-12 17:30:00,BUY,1833.73,1824.1557142857143,1824.1557142857143,1852.8785714285714,0.1,-96.4428571428568,-957.4285714285679,-1.0,SL,2021Q2,2021,1
1092,38559,2021-05-13 06:00:00,38582,2021-05-13 17:30:00,SELL,1819.82,1826.0942857142857,1826.0942857142857,1807.2714285714285,0.1,-63.44285714285725,-627.4285714285725,-1.0,SL,2021Q2,2021,23
1093,38600,2021-05-14 03:30:00,38611,2021-05-14 09:00:00,SELL,1823.95,1828.43,1828.43,1814.99,0.1,-45.500000000000185,-448.0000000000018,-1.0,SL,2021Q2,2021,11
1094,38672,2021-05-17 16:30:00,38674,2021-05-17 17:30:00,BUY,1850.57,1861.6528571428569,1845.0285714285715,1861.6528571428569,0.1,110.12857142856937,1108.2857142856938,1.9625763747454166,TP,2021Q2,2021,2
1095,38702,2021-05-18 08:30:00,38713,2021-05-18 14:00:00,BUY,1871.03,1866.0757142857142,1866.0757142857142,1880.9385714285715,0.1,-50.242857142857886,-495.42857142857883,-1.0,SL,2021Q2,2021,11
1096,38715,2021-05-18 15:00:00,38718,2021-05-18 16:30:00,BUY,1870.35,1865.192857142857,1865.192857142857,1880.6642857142856,0.1,-52.271428571428444,-515.7142857142844,-1.0,SL,2021Q2,2021,3
1097,38722,2021-05-18 18:30:00,38754,2021-05-19 11:30:00,BUY,1868.71,1861.2528571428572,1861.2528571428572,1883.6242857142859,0.1,-75.27142857142799,-745.7142857142799,-1.0,SL,2021Q2,2021,32
1098,38762,2021-05-19 15:30:00,38764,2021-05-19 16:30:00,BUY,1865.18,1884.5285714285715,1855.5057142857142,1884.5285714285715,0.1,192.78571428571405,1934.8571428571404,1.9784489077847593,TP,2021Q2,2021,2
1099,38765,2021-05-19 17:00:00,38773,2021-05-19 21:00:00,BUY,1889.14,1874.9471428571428,1874.9471428571428,1917.5257142857145,0.1,-142.6285714285729,-1419.2857142857292,-1.0,SL,2021Q2,2021,8
1100,38785,2021-05-20 04:00:00,38905,2021-05-24 18:00:00,BUY,1871.85,1883.98,1862.1542857142856,1891.2414285714285,0.1,120.60000000000109,1213.000000000011,1.2349327091866678,TIME_EXIT,2021Q2,2021,120
1101,38906,2021-05-24 18:30:00,38921,2021-05-25 03:00:00,BUY,1884.27,1876.2214285714285,1876.2214285714285,1900.3671428571429,0.1,-81.1857142857145,-804.8571428571449,-1.0,SL,2021Q2,2021,15
1102,38929,2021-05-25 07:00:00,38932,2021-05-25 08:30:00,BUY,1879.42,1874.6928571428573,1874.6928571428573,1888.8742857142856,0.1,-47.97142857142781,-472.71428571427805,-1.0,SL,2021Q2,2021,3
1103,38935,2021-05-25 10:00:00,38956,2021-05-25 20:30:00,BUY,1884.99,1897.8814285714286,1878.5442857142857,1897.8814285714286,0.1,128.21428571428606,1289.1428571428605,1.9677702258276695,TP,2021Q2,2021,21
1104,38981,2021-05-26 10:00:00,38994,2021-05-26 16:30:00,BUY,1905.81,1900.1885714285713,1900.1885714285713,1917.0528571428572,0.1,-56.91428571428624,-562.1428571428623,-1.0,SL,2021Q2,2021,13
1105,39022,2021-05-27 07:30:00,39030,2021-05-27 11:30:00,BUY,1898.33,1894.45,1894.45,1906.09,0.1,-39.49999999999882,-387.9999999999882,-1.0,SL,2021Q2,2021,8
1106,39039,2021-05-27 16:00:00,39040,2021-05-27 16:30:00,BUY,1897.59,1890.2314285714285,1890.2314285714285,1912.3071428571427,0.1,-74.28571428571395,-735.8571428571395,-1.0,SL,2021Q2,2021,1
1107,39048,2021-05-27 20:30:00,39083,2021-05-28 15:00:00,BUY,1895.9,1887.2485714285715,1887.2485714285715,1913.2028571428573,0.1,-87.21428571428596,-865.1428571428596,-1.0,SL,2021Q2,2021,35
1108,39118,2021-05-31 09:30:00,39127,2021-05-31 14:00:00,BUY,1906.49,1902.11,1902.11,1915.25,0.1,-44.500000000001094,-438.0000000000109,-1.0,SL,2021Q2,2021,9
1109,39130,2021-05-31 15:30:00,39155,2021-06-01 09:00:00,BUY,1905.7,1914.3771428571429,1901.3614285714286,1914.3771428571429,0.1,86.07142857142826,867.7142857142826,1.9523655217109523,TP,2021Q2,2021,25
1110,39161,2021-06-01 12:00:00,39162,2021-06-01 12:30:00,BUY,1911.68,1906.25,1906.25,1922.5400000000002,0.1,-55.00000000000064,-543.0000000000064,-1.0,SL,2021Q2,2021,1
1111,39169,2021-06-01 16:00:00,39170,2021-06-01 16:30:00,BUY,1910.35,1903.672857142857,1903.672857142857,1923.7042857142858,0.1,-67.47142857142826,-667.7142857142826,-1.0,SL,2021Q2,2021,1
1112,39193,2021-06-02 05:00:00,39212,2021-06-02 14:30:00,SELL,1898.1,1901.37,1901.37,1891.56,0.1,-33.39999999999982,-326.9999999999982,-1.0,SL,2021Q2,2021,19
1113,39239,2021-06-03 05:00:00,39240,2021-06-03 05:30:00,BUY,1907.96,1905.222857142857,1905.222857142857,1913.4342857142858,0.1,-28.071428571429987,-273.7142857142999,-1.0,SL,2021Q2,2021,1
1114,39290,2021-06-04 07:30:00,39306,2021-06-04 15:30:00,SELL,1869.56,1875.9071428571428,1875.9071428571428,1856.8657142857141,0.1,-64.17142857142899,-634.7142857142899,-1.0,SL,2021Q2,2021,16
1115,39331,2021-06-07 05:00:00,39353,2021-06-07 16:00:00,SELL,1887.02,1890.3514285714286,1890.3514285714286,1880.357142857143,0.1,-34.0142857142866,-333.142857142866,-1.0,SL,2021Q2,2021,22
1116,39383,2021-06-08 08:00:00,39387,2021-06-08 10:00:00,BUY,1897.21,1893.8642857142856,1893.8642857142856,1903.9014285714286,0.1,-34.15714285714394,-334.57142857143936,-1.0,SL,2021Q2,2021,4
1117,39396,2021-06-08 14:30:00,39398,2021-06-08 15:30:00,BUY,1895.63,1890.0028571428572,1890.0028571428572,1906.8842857142859,0.1,-56.97142857142872,-562.7142857142871,-1.0,SL,2021Q2,2021,2
1118,39403,2021-06-08 18:00:00,39466,2021-06-10 03:30:00,BUY,1894.76,1885.06,1885.06,1914.1600000000003,0.1,-97.70000000000046,-970.0000000000045,-1.0,SL,2021Q2,2021,63
1119,39478,2021-06-10 09:30:00,39480,2021-06-10 10:30:00,SELL,1886.85,1876.7014285714286,1891.9242857142856,1876.7014285714286,0.1,100.78571428571358,1014.8571428571358,1.9591780061094135,TP,2021Q2,2021,2
1120,39525,2021-06-11 10:00:00,39527,2021-06-11 11:00:00,BUY,1901.01,1897.0928571428572,1897.0928571428572,1908.8442857142857,0.1,-39.87142857142835,-391.7142857142835,-1.0,SL,2021Q2,2021,2
1121,39606,2021-06-15 04:30:00,39611,2021-06-15 07:00:00,SELL,1861.71,1865.2042857142858,1865.2042857142858,1854.7214285714285,0.1,-35.64285714285752,-349.4285714285752,-1.0,SL,2021Q2,2021,5
1122,39620,2021-06-15 11:30:00,39636,2021-06-15 19:30:00,SELL,1863.69,1853.1928571428573,1868.9385714285715,1853.1928571428573,0.1,104.27142857142762,1049.7142857142762,1.9605157131345265,TP,2021Q2,2021,16
1123,39648,2021-06-16 02:30:00,39684,2021-06-16 20:30:00,SELL,1858.54,1862.8242857142857,1862.8242857142857,1849.9714285714285,0.1,-43.54285714285716,-428.42857142857156,-1.0,SL,2021Q2,2021,36
1124,39686,2021-06-16 21:30:00,39690,2021-06-16 23:30:00,SELL,1839.34,1818.602857142857,1849.7085714285713,1818.602857142857,0.1,206.67142857143,2073.7142857143,1.9798823046394087,TP,2021Q2,2021,4
1125,39766,2021-06-18 15:30:00,39839,2021-06-22 06:00:00,SELL,1778.58,1788.0385714285715,1788.0385714285715,1759.6628571428569,0.1,-95.28571428571531,-945.8571428571531,-1.0,SL,2021Q2,2021,73
1126,39844,2021-06-22 08:30:00,39855,2021-06-22 14:00:00,SELL,1781.61,1786.8585714285712,1786.8585714285712,1771.1128571428574,0.1,-53.18571428571268,-524.8571428571267,-1.0,SL,2021Q2,2021,11
1127,39857,2021-06-22 15:00:00,39906,2021-06-23 16:30:00,SELL,1780.47,1788.2642857142857,1788.2642857142857,1764.8814285714284,0.1,-78.64285714285707,-779.4285714285706,-1.0,SL,2021Q2,2021,49
1128,39929,2021-06-24 05:00:00,39946,2021-06-24 13:30:00,SELL,1777.49,1783.1357142857144,1783.1357142857144,1766.1985714285713,0.1,-57.157142857143484,-564.5714285714348,-1.0,SL,2021Q2,2021,17
1129,39955,2021-06-24 18:00:00,39995,2021-06-25 15:00:00,SELL,1778.3,1785.7857142857142,1785.7857142857142,1763.3285714285714,0.1,-75.55714285714267,-748.5714285714266,-1.0,SL,2021Q2,2021,40
1130,40012,2021-06-25 23:30:00,40019,2021-06-28 04:00:00,BUY,1780.56,1775.4942857142858,1775.4942857142858,1790.6914285714286,0.1,-51.35714285714194,-506.57142857141935,-1.0,SL,2021Q2,2021,7
1131,40021,2021-06-28 05:00:00,40022,2021-06-28 05:30:00,SELL,1773.34,1777.5242857142855,1777.5242857142855,1764.9714285714285,0.1,-42.542857142855794,-418.4285714285579,-1.0,SL,2021Q2,2021,1
1132,40025,2021-06-28 07:00:00,40028,2021-06-28 08:30:00,SELL,1779.01,1784.1771428571428,1784.1771428571428,1768.6757142857143,0.1,-52.37142857142835,-516.7142857142835,-1.0,SL,2021Q2,2021,3
1133,40047,2021-06-28 18:00:00,40088,2021-06-29 15:30:00,SELL,1777.73,1762.49,1785.3500000000001,1762.49,0.1,151.7000000000001,1524.000000000001,1.9726918075422335,TP,2021Q2,2021,41
1134,40089,2021-06-29 16:00:00,40095,2021-06-29 19:00:00,SELL,1754.63,1764.4428571428573,1764.4428571428573,1735.0042857142857,0.1,-98.82857142857183,-981.2857142857183,-1.0,SL,2021Q2,2021,6
1135,40097,2021-06-29 20:00:00,40142,2021-06-30 19:30:00,SELL,1763.03,1774.1314285714286,1774.1314285714286,1740.827142857143,0.1,-111.71428571428642,-1110.1428571428642,-1.0,SL,2021Q2,2021,45
1136,40157,2021-07-01 04:00:00,40157,2021-07-01 04:00:00,SELL,1766.24,1769.55,1769.55,1759.6200000000001,0.1,-33.79999999999946,-330.99999999999454,-1.0,SL,2021Q3,2021,0
1137,40175,2021-07-01 13:00:00,40185,2021-07-01 18:00:00,BUY,1775.79,1770.8885714285714,1770.8885714285714,1785.592857142857,0.1,-49.714285714285964,-490.1428571428596,-1.0,SL,2021Q3,2021,10
1138,40190,2021-07-01 20:30:00,40227,2021-07-02 16:00:00,BUY,1776.96,1794.1457142857141,1768.3671428571429,1794.1457142857141,0.1,171.15714285714085,1718.5714285714084,1.975758575197863,TP,2021Q3,2021,37
1139,40228,2021-07-02 16:30:00,40229,2021-07-02 17:00:00,BUY,1788.52,1779.0542857142857,1779.0542857142857,1807.4514285714286,0.1,-95.35714285714285,-946.5714285714284,-1.0,SL,2021Q3,2021,1
1140,40230,2021-07-02 17:30:00,40300,2021-07-06 10:30:00,BUY,1783.53,1806.6414285714284,1771.9742857142858,1806.6414285714284,0.1,230.41428571428406,2311.1428571428405,1.9819365937576798,TP,2021Q3,2021,70
1141,40334,2021-07-07 04:30:00,40340,2021-07-07 07:30:00,BUY,1801.96,1797.9257142857143,1797.9257142857143,1810.0285714285715,0.1,-41.04285714285716,-403.42857142857156,-1.0,SL,2021Q3,2021,6
1142,40343,2021-07-07 09:00:00,40382,2021-07-08 05:30:00,BUY,1801.93,1796.7614285714285,1796.7614285714285,1812.267142857143,0.1,-52.38571428571568,-516.8571428571568,-1.0,SL,2021Q3,2021,39
1143,40392,2021-07-08 10:30:00,40398,2021-07-08 13:30:00,BUY,1806.28,1817.6657142857143,1800.5871428571427,1817.6657142857143,0.1,113.15714285714357,1138.5714285714357,1.9635597421913347,TP,2021Q3,2021,6
1144,40420,2021-07-09 01:30:00,40436,2021-07-09 09:30:00,BUY,1803.5,1797.6828571428573,1797.6828571428573,1815.1342857142856,0.1,-58.87142857142699,-581.7142857142699,-1.0,SL,2021Q3,2021,16
1145,40438,2021-07-09 10:30:00,40496,2021-07-12 16:30:00,BUY,1802.71,1796.2928571428572,1796.2928571428572,1815.5442857142857,0.1,-64.87142857142835,-641.7142857142835,-1.0,SL,2021Q3,2021,58
1146,40497,2021-07-12 17:00:00,40497,2021-07-12 17:00:00,SELL,1792.2,1799.6299999999999,1799.6299999999999,1777.3400000000001,0.1,-74.99999999999837,-742.9999999999836,-1.0,SL,2021Q3,2021,0
1147,40498,2021-07-12 17:30:00,40515,2021-07-13 03:00:00,SELL,1800.16,1808.3057142857142,1808.3057142857142,1783.8685714285716,0.1,-82.15714285714121,-814.5714285714121,-1.0,SL,2021Q3,2021,17
1148,40528,2021-07-13 09:30:00,40531,2021-07-13 11:00:00,BUY,1811.11,1806.9285714285713,1806.9285714285713,1819.4728571428573,0.1,-42.51428571428569,-418.1428571428569,-1.0,SL,2021Q3,2021,3
1149,40533,2021-07-13 12:00:00,40540,2021-07-13 15:30:00,BUY,1809.07,1804.2142857142858,1804.2142857142858,1818.7814285714285,0.1,-49.257142857141574,-485.5714285714157,-1.0,SL,2021Q3,2021,7
1150,40542,2021-07-13 16:30:00,40586,2021-07-14 15:30:00,BUY,1811.47,1829.567142857143,1802.4214285714286,1829.567142857143,0.1,180.271428571429,1809.7142857142899,1.976970076766411,TP,2021Q3,2021,44
1151,40611,2021-07-15 05:00:00,40613,2021-07-15 06:00:00,BUY,1827.8,1823.9885714285713,1823.9885714285713,1835.422857142857,0.1,-38.81428571428678,-381.1428571428678,-1.0,SL,2021Q3,2021,2
1152,40615,2021-07-15 07:00:00,40621,2021-07-15 10:00:00,BUY,1825.72,1833.7685714285712,1821.6957142857143,1833.7685714285712,0.1,79.78571428571222,804.8571428571222,1.9487090020934545,TP,2021Q3,2021,6
1153,40640,2021-07-15 19:30:00,40674,2021-07-16 13:30:00,BUY,1826.99,1819.0728571428572,1819.0728571428572,1842.824285714286,0.1,-79.87142857142835,-791.7142857142835,-1.0,SL,2021Q3,2021,34
1154,40680,2021-07-16 16:30:00,40681,2021-07-16 17:00:00,BUY,1823.4,1816.4114285714286,1816.4114285714286,1837.3771428571429,0.1,-70.58571428571504,-698.8571428571504,-1.0,SL,2021Q3,2021,1
1155,40703,2021-07-19 05:00:00,40713,2021-07-19 10:00:00,SELL,1812.49,1803.3385714285714,1817.0657142857142,1803.3385714285714,0.1,90.81428571428596,915.1428571428596,1.9547970479705274,TP,2021Q3,2021,10
1156,40730,2021-07-19 18:30:00,40747,2021-07-20 04:00:00,SELL,1805.9,1816.0957142857144,1816.0957142857144,1785.5085714285717,0.1,-102.65714285714303,-1019.5714285714303,-1.0,SL,2021Q3,2021,17
1157,40761,2021-07-20 11:00:00,40765,2021-07-20 13:00:00,SELL,1813.71,1818.4885714285715,1818.4885714285715,1804.152857142857,0.1,-48.48571428571468,-477.85714285714675,-1.0,SL,2021Q3,2021,4
1158,40776,2021-07-20 18:30:00,40896,2021-07-23 09:30:00,SELL,1808.36,1807.7,1818.1271428571426,1788.8257142857142,0.1,5.899999999998545,65.99999999998545,0.059976764449593795,TIME_EXIT,2021Q3,2021,120
1159,40900,2021-07-23 11:30:00,40905,2021-07-23 14:00:00,SELL,1805.34,1795.2628571428572,1810.3785714285714,1795.2628571428572,0.1,100.07142857142689,1007.714285714269,1.95889261744962,TP,2021Q3,2021,5
1160,40910,2021-07-23 16:30:00,40940,2021-07-26 08:30:00,SELL,1800.42,1808.6928571428573,1808.6928571428573,1783.8742857142856,0.1,-83.4285714285722,-827.285714285722,-1.0,SL,2021Q3,2021,30
1161,40979,2021-07-27 05:00:00,40980,2021-07-27 05:30:00,SELL,1794.87,1797.7742857142857,1797.7742857142857,1789.0614285714285,0.1,-29.742857142858337,-290.4285714285834,-1.0,SL,2021Q3,2021,1
1162,40985,2021-07-27 08:00:00,40990,2021-07-27 10:30:00,SELL,1797.81,1801.1128571428571,1801.1128571428571,1791.2042857142856,0.1,-33.728571428571925,-330.2857142857192,-1.0,SL,2021Q3,2021,5
1163,40992,2021-07-27 11:30:00,40999,2021-07-27 15:00:00,SELL,1796.43,1801.6028571428571,1801.6028571428571,1786.084285714286,0.1,-52.428571428570834,-517.2857142857083,-1.0,SL,2021Q3,2021,7
1164,41004,2021-07-27 17:30:00,41005,2021-07-27 18:00:00,SELL,1796.21,1803.1857142857143,1803.1857142857143,1782.2585714285717,0.1,-70.45714285714276,-697.5714285714275,-1.0,SL,2021Q3,2021,1
1165,41007,2021-07-27 19:00:00,41027,2021-07-28 06:00:00,SELL,1798.52,1806.2885714285712,1806.2885714285712,1782.9828571428573,0.1,-78.3857142857125,-776.8571428571249,-1.0,SL,2021Q3,2021,20
1166,41057,2021-07-28 21:00:00,41058,2021-07-28 21:30:00,SELL,1798.55,1804.152857142857,1804.152857142857,1787.3442857142854,0.1,-56.72857142857147,-560.2857142857147,-1.0,SL,2021Q3,2021,1
1167,41116,2021-07-30 04:30:00,41124,2021-07-30 08:30:00,BUY,1829.73,1826.41,1826.41,1836.37,0.1,-33.899999999999366,-331.99999999999363,-1.0,SL,2021Q3,2021,8
1168,41125,2021-07-30 09:00:00,41138,2021-07-30 15:30:00,BUY,1828.55,1824.652857142857,1824.652857142857,1836.3442857142854,0.1,-39.671428571428535,-389.7142857142853,-1.0,SL,2021Q3,2021,13
1169,41172,2021-08-02 09:30:00,41187,2021-08-02 17:00:00,SELL,1808.31,1813.2442857142855,1813.2442857142855,1798.4414285714286,0.1,-50.042857142855794,-493.4285714285579,-1.0,SL,2021Q3,2021,15
1170,41199,2021-08-02 23:00:00,41274,2021-08-04 14:30:00,SELL,1813.05,1819.1499999999999,1819.1499999999999,1800.85,0.1,-61.69999999999909,-609.9999999999909,-1.0,SL,2021Q3,2021,75
1171,41305,2021-08-05 07:00:00,41312,2021-08-05 10:30:00,SELL,1811.01,1813.5728571428572,1813.5728571428572,1805.8842857142859,0.1,-26.32857142857183,-256.2857142857183,-1.0,SL,2021Q3,2021,7
1172,41314,2021-08-05 11:30:00,41319,2021-08-05 14:00:00,SELL,1810.1,1814.0514285714285,1814.0514285714285,1802.1971428571428,0.1,-40.21428571428551,-395.14285714285506,-1.0,SL,2021Q3,2021,5
1173,41322,2021-08-05 15:30:00,41324,2021-08-05 16:30:00,SELL,1810.36,1799.3285714285714,1815.8757142857141,1799.3285714285714,0.1,109.61428571428478,1103.1428571428478,1.9624040920716108,TP,2021Q3,2021,2
1174,41325,2021-08-05 17:00:00,41368,2021-08-06 15:30:00,SELL,1803.51,1788.4642857142858,1811.0328571428572,1788.4642857142858,0.1,149.75714285714213,1504.5714285714212,1.9723424270931031,TP,2021Q3,2021,43
1175,41369,2021-08-06 16:00:00,41373,2021-08-06 18:00:00,SELL,1776.49,1760.287142857143,1784.5914285714284,1760.287142857143,0.1,161.32857142857057,1620.2857142857056,1.9743006993007266,TP,2021Q3,2021,4
1176,41401,2021-08-09 09:00:00,41521,2021-08-11 23:00:00,SELL,1742.41,1752.17,1760.8414285714287,1705.5471428571427,0.1,-98.29999999999991,-975.9999999999991,-0.5313103235271404,TIME_EXIT,2021Q3,2021,120
1177,41531,2021-08-12 05:00:00,41542,2021-08-12 10:30:00,BUY,1750.82,1757.3,1747.58,1757.3,0.1,64.10000000000018,648.0000000000018,1.9365558912386707,TP,2021Q3,2021,11
1178,41559,2021-08-12 19:00:00,41601,2021-08-13 17:00:00,BUY,1751.91,1766.4414285714286,1744.6442857142858,1766.4414285714286,0.1,144.6142857142848,1453.1428571428478,1.9713729308666017,TP,2021Q3,2021,42
1179,41629,2021-08-16 08:00:00,41630,2021-08-16 08:30:00,BUY,1777.25,1773.2471428571428,1773.2471428571428,1785.2557142857142,0.1,-40.72857142857238,-400.28571428572377,-1.0,SL,2021Q3,2021,1
1180,41634,2021-08-16 10:30:00,41642,2021-08-16 14:30:00,BUY,1776.95,1771.5685714285714,1771.5685714285714,1787.7128571428573,0.1,-54.514285714286146,-538.1428571428614,-1.0,SL,2021Q3,2021,8
1181,41644,2021-08-16 15:30:00,41648,2021-08-16 17:30:00,BUY,1776.18,1786.714285714286,1770.912857142857,1786.714285714286,0.1,104.64285714285943,1053.4285714285943,1.9606531049250542,TP,2021Q3,2021,4
1182,41670,2021-08-17 05:30:00,41676,2021-08-17 08:30:00,BUY,1786.39,1791.6642857142856,1783.7528571428572,1791.6642857142856,0.1,52.04285714285497,527.4285714285497,1.9224274406331614,TP,2021Q3,2021,6
1183,41677,2021-08-17 09:00:00,41690,2021-08-17 15:30:00,BUY,1791.77,1788.094285714286,1788.094285714286,1799.1214285714284,0.1,-37.45714285714094,-367.57142857140934,-1.0,SL,2021Q3,2021,13
1184,41707,2021-08-18 01:00:00,41739,2021-08-18 17:00:00,BUY,1786.23,1781.1771428571428,1781.1771428571428,1796.3357142857144,0.1,-51.228571428571925,-505.2857142857192,-1.0,SL,2021Q3,2021,32
1185,41748,2021-08-18 21:30:00,41762,2021-08-19 05:30:00,BUY,1788.82,1780.7014285714286,1780.7014285714286,1805.057142857143,0.1,-81.88571428571386,-811.8571428571386,-1.0,SL,2021Q3,2021,14
1186,41771,2021-08-19 10:00:00,41795,2021-08-19 22:00:00,BUY,1782.34,1776.6214285714284,1776.6214285714284,1793.7771428571427,0.1,-57.885714285715224,-571.8571428571522,-1.0,SL,2021Q3,2021,24
1187,41804,2021-08-20 03:30:00,41805,2021-08-20 04:00:00,SELL,1779.78,1784.1357142857141,1784.1357142857141,1771.0685714285714,0.1,-44.257142857141574,-435.5714285714157,-1.0,SL,2021Q3,2021,1
1188,41825,2021-08-20 14:00:00,41829,2021-08-20 16:00:00,BUY,1784.92,1779.9257142857143,1779.9257142857143,1794.9085714285716,0.1,-50.64285714285752,-499.4285714285752,-1.0,SL,2021Q3,2021,4
1189,41832,2021-08-20 17:30:00,41854,2021-08-23 05:30:00,SELL,1780.45,1787.1942857142858,1787.1942857142858,1766.9614285714285,0.1,-68.14285714285752,-674.4285714285752,-1.0,SL,2021Q3,2021,22
1190,41865,2021-08-23 11:00:00,41874,2021-08-23 15:30:00,BUY,1785.45,1795.607142857143,1780.3714285714286,1795.607142857143,0.1,100.87142857142844,1015.7142857142844,1.9592119866814648,TP,2021Q3,2021,9
1191,41898,2021-08-24 04:30:00,41911,2021-08-24 11:00:00,BUY,1803.08,1800.5757142857142,1800.5757142857142,1808.0885714285712,0.1,-25.742857142857428,-250.4285714285743,-1.0,SL,2021Q3,2021,13
1192,41914,2021-08-24 12:30:00,41942,2021-08-25 03:30:00,BUY,1803.26,1799.6985714285713,1799.6985714285713,1810.3828571428571,0.1,-36.31428571428678,-356.1428571428678,-1.0,SL,2021Q3,2021,28
1193,41967,2021-08-25 16:00:00,41968,2021-08-25 16:30:00,BUY,1796.02,1789.2528571428572,1789.2528571428572,1809.5542857142857,0.1,-68.37142857142744,-676.7142857142744,-1.0,SL,2021Q3,2021,1
1194,41970,2021-08-25 17:30:00,42016,2021-08-26 17:30:00,SELL,1786.44,1794.5414285714285,1794.5414285714285,1770.237142857143,0.1,-81.71428571428415,-810.1428571428414,-1.0,SL,2021Q3,2021,46
1195,42059,2021-08-27 16:00:00,42059,2021-08-27 16:00:00,BUY,1798.92,1793.074285714286,1793.074285714286,1810.6114285714286,0.1,-59.157142857141665,-584.5714285714166,-1.0,SL,2021Q3,2021,0
1196,42062,2021-08-27 17:30:00,42081,2021-08-30 04:00:00,BUY,1802.26,1822.7742857142857,1792.002857142857,1822.7742857142857,0.1,204.44285714285735,2051.4285714285734,1.9796652372388772,TP,2021Q3,2021,19
1197,42088,2021-08-30 07:30:00,42107,2021-08-30 17:00:00,BUY,1815.8,1811.462857142857,1811.462857142857,1824.4742857142858,0.1,-44.07142857142908,-433.7142857142908,-1.0,SL,2021Q3,2021,19
1198,42126,2021-08-31 03:30:00,42136,2021-08-31 08:30:00,BUY,1811.55,1816.5071428571428,1809.0714285714284,1816.5071428571428,0.1,48.871428571427984,495.71428571427987,1.9176008968609,TP,2021Q3,2021,10
1199,42146,2021-08-31 13:30:00,42146,2021-08-31 13:30:00,BUY,1817.11,1813.5714285714284,1813.5714285714284,1824.1871428571426,0.1,-36.08571428571459,-353.85714285714585,-1.0,SL,2021Q3,2021,0
1200,42159,2021-08-31 20:00:00,42279,2021-09-03 11:00:00,BUY,1814.07,1811.8,1804.8157142857142,1832.5785714285712,0.1,-23.399999999999817,-226.99999999999818,-0.25095756090087057,TIME_EXIT,2021Q3,2021,120
1201,42280,2021-09-03 11:30:00,42285,2021-09-03 14:00:00,SELL,1811.77,1814.9814285714285,1814.9814285714285,1805.347142857143,0.1,-32.81428571428542,-321.14285714285415,-1.0,SL,2021Q3,2021,5
1202,42312,2021-09-06 04:30:00,42326,2021-09-06 11:30:00,BUY,1827.21,1824.1657142857143,1824.1657142857143,1833.2985714285712,0.1,-31.142857142857064,-304.42857142857065,-1.0,SL,2021Q3,2021,14
1203,42347,2021-09-07 03:00:00,42357,2021-09-07 08:00:00,BUY,1823.76,1820.86,1820.86,1829.56,0.1,-29.70000000000091,-290.0000000000091,-1.0,SL,2021Q3,2021,10
1204,42376,2021-09-07 17:30:00,42496,2021-09-10 08:30:00,SELL,1796.06,1802.48,1804.3585714285714,1779.462857142857,0.1,-64.90000000000073,-642.0000000000073,-0.775520655513834,TIME_EXIT,2021Q3,2021,120
1205,42505,2021-09-10 13:00:00,42531,2021-09-13 03:00:00,SELL,1797.2,1787.0285714285715,1802.2857142857142,1787.0285714285715,0.1,101.01428571428578,1017.1428571428578,1.9592684954281394,TP,2021Q3,2021,26
1206,42536,2021-09-13 05:30:00,42542,2021-09-13 08:30:00,SELL,1789.13,1793.267142857143,1793.267142857143,1780.8557142857146,0.1,-42.071428571428626,-413.71428571428623,-1.0,SL,2021Q3,2021,6
1207,42544,2021-09-13 09:30:00,42558,2021-09-13 16:30:00,SELL,1789.35,1793.6014285714284,1793.6014285714284,1780.847142857143,0.1,-43.214285714285054,-425.1428571428505,-1.0,SL,2021Q3,2021,14
1208,42567,2021-09-13 21:00:00,42602,2021-09-14 15:30:00,SELL,1791.93,1797.7642857142857,1797.7642857142857,1780.2614285714285,0.1,-59.042857142856704,-583.428571428567,-1.0,SL,2021Q3,2021,35
1209,42627,2021-09-15 05:00:00,42635,2021-09-15 09:00:00,BUY,1803.86,1801.1185714285714,1801.1185714285714,1809.342857142857,0.1,-28.114285714285142,-274.1428571428514,-1.0,SL,2021Q3,2021,8
1210,42645,2021-09-15 14:00:00,42648,2021-09-15 15:30:00,BUY,1802.75,1798.7828571428572,1798.7828571428572,1810.6842857142858,0.1,-40.3714285714279,-396.71428571427896,-1.0,SL,2021Q3,2021,3
1211,42669,2021-09-16 03:00:00,42676,2021-09-16 06:30:00,BUY,1795.23,1792.0228571428572,1792.0228571428572,1801.6442857142858,0.1,-32.77142857142799,-320.71428571427987,-1.0,SL,2021Q3,2021,7
1212,42719,2021-09-17 05:00:00,42721,2021-09-17 06:00:00,SELL,1754.99,1758.3014285714287,1758.3014285714287,1748.3671428571429,0.1,-33.81428571428678,-331.1428571428678,-1.0,SL,2021Q3,2021,2
1213,42737,2021-09-17 14:00:00,42741,2021-09-17 16:00:00,SELL,1761.65,1751.307142857143,1766.8214285714287,1751.307142857143,0.1,102.72857142857156,1034.2857142857156,1.9599345870809484,TP,2021Q3,2021,4
1214,42742,2021-09-17 16:30:00,42781,2021-09-20 13:00:00,SELL,1752.1,1759.8171428571427,1759.8171428571427,1736.665714285714,0.1,-77.8714285714279,-771.714285714279,-1.0,SL,2021Q3,2021,39
1215,42813,2021-09-21 06:00:00,42826,2021-09-21 12:30:00,SELL,1762.63,1766.1000000000001,1766.1000000000001,1755.69,0.1,-35.400000000000276,-347.00000000000273,-1.0,SL,2021Q3,2021,13
1216,42854,2021-09-22 03:30:00,42865,2021-09-22 09:00:00,BUY,1774.25,1779.7271428571428,1771.5114285714287,1779.7271428571428,0.1,54.0714285714278,547.714285714278,1.9252288911496191,TP,2021Q3,2021,11
1217,42873,2021-09-22 13:00:00,42875,2021-09-22 14:00:00,BUY,1776.54,1772.3242857142857,1772.3242857142857,1784.9714285714285,0.1,-42.85714285714285,-421.57142857142844,-1.0,SL,2021Q3,2021,2
1218,42882,2021-09-22 17:30:00,42889,2021-09-22 21:00:00,BUY,1775.34,1769.9871428571428,1769.9871428571428,1786.045714285714,0.1,-54.22857142857147,-535.2857142857147,-1.0,SL_AMBIGUOUS_PESSIMISTIC,2021Q3,2021,7
1219,42890,2021-09-22 21:30:00,42890,2021-09-22 21:30:00,BUY,1784.37,1776.4271428571428,1776.4271428571428,1800.255714285714,0.1,-80.12857142857065,-794.2857142857065,-1.0,SL,2021Q3,2021,0
1220,42912,2021-09-23 09:30:00,42915,2021-09-23 11:00:00,SELL,1764.22,1768.3457142857142,1768.3457142857142,1755.9685714285715,0.1,-41.95714285714139,-412.5714285714139,-1.0,SL,2021Q3,2021,3
1221,42925,2021-09-23 16:00:00,42929,2021-09-23 18:00:00,SELL,1763.7,1747.4800000000002,1771.81,1747.4800000000002,0.1,161.499999999998,1621.99999999998,1.974327628361858,TP,2021Q3,2021,4
1222,42968,2021-09-24 14:30:00,42971,2021-09-24 16:00:00,SELL,1753.2,1743.402857142857,1758.0985714285714,1743.402857142857,0.1,97.27142857142944,979.7142857142944,1.9577343300748007,TP,2021Q3,2021,3
1223,42981,2021-09-24 21:00:00,42993,2021-09-27 04:00:00,SELL,1749.6,1756.8514285714286,1756.8514285714286,1735.0971428571427,0.1,-73.21428571428733,-725.1428571428733,-1.0,SL,2021Q3,2021,12
1224,43007,2021-09-27 11:00:00,43049,2021-09-28 09:00:00,SELL,1753.7,1743.842857142857,1758.6285714285716,1743.842857142857,0.1,97.87142857143117,985.7142857143117,1.9579879965704496,TP,2021Q3,2021,42
1225,43050,2021-09-28 09:30:00,43058,2021-09-28 13:30:00,SELL,1743.06,1733.982857142857,1747.5985714285714,1733.982857142857,0.1,90.07142857142917,907.7142857142917,1.954432734035958,TP,2021Q3,2021,8
1226,43065,2021-09-28 17:00:00,43104,2021-09-29 13:30:00,SELL,1734.27,1745.7,1745.7,1711.41,0.1,-115.00000000000064,-1143.0000000000064,-1.0,SL,2021Q3,2021,39
1227,43108,2021-09-29 15:30:00,43111,2021-09-29 17:00:00,SELL,1739.28,1727.422857142857,1745.2085714285715,1727.422857142857,0.1,117.8714285714289,1185.714285714289,1.9649916646820298,TP,2021Q3,2021,3
1228,43112,2021-09-29 17:30:00,43154,2021-09-30 15:30:00,SELL,1729.28,1736.8228571428572,1736.8228571428572,1714.1942857142856,0.1,-76.12857142857202,-754.2857142857201,-1.0,SL,2021Q3,2021,42
1229,43178,2021-10-01 04:30:00,43183,2021-10-01 07:00:00,BUY,1755.73,1751.6571428571428,1751.6571428571428,1763.8757142857144,0.1,-41.42857142857174,-407.2857142857174,-1.0,SL,2021Q4,2021,5
1230,43185,2021-10-01 08:00:00,43204,2021-10-01 17:30:00,BUY,1753.79,1762.8757142857141,1749.2471428571428,1762.8757142857141,0.1,90.15714285714175,908.5714285714175,1.954475069680967,TP,2021Q4,2021,19
1231,43205,2021-10-01 18:00:00,43238,2021-10-04 11:30:00,BUY,1758.58,1750.587142857143,1750.587142857143,1774.5657142857142,0.1,-80.6285714285702,-799.2857142857019,-1.0,SL,2021Q4,2021,33
1232,43247,2021-10-04 16:00:00,43248,2021-10-04 16:30:00,BUY,1755.34,1748.4185714285713,1748.4185714285713,1769.182857142857,0.1,-69.91428571428578,-692.1428571428578,-1.0,SL,2021Q4,2021,1
1233,43250,2021-10-04 17:30:00,43293,2021-10-05 16:00:00,BUY,1760.82,1752.5442857142857,1752.5442857142857,1777.3714285714284,0.1,-83.4571428571423,-827.571428571423,-1.0,SL,2021Q4,2021,43
1234,43298,2021-10-05 18:30:00,43327,2021-10-06 10:00:00,BUY,1757.05,1749.2871428571427,1749.2871428571427,1772.5757142857144,0.1,-78.32857142857229,-776.2857142857229,-1.0,SL,2021Q4,2021,29
1235,43372,2021-10-07 09:30:00,43384,2021-10-07 15:30:00,BUY,1760.6,1756.9514285714283,1756.9514285714283,1767.8971428571429,0.1,-37.18571428571586,-364.8571428571586,-1.0,SL,2021Q4,2021,12
1236,43388,2021-10-07 17:30:00,43405,2021-10-08 03:00:00,BUY,1760.08,1753.292857142857,1753.292857142857,1773.6542857142856,0.1,-68.57142857142954,-678.7142857142953,-1.0,SL,2021Q4,2021,17
1237,43415,2021-10-08 08:00:00,43417,2021-10-08 09:00:00,SELL,1756.51,1759.4685714285713,1759.4685714285713,1750.5928571428572,0.1,-30.285714285713038,-295.8571428571304,-1.0,SL,2021Q4,2021,2
1238,43420,2021-10-08 10:30:00,43424,2021-10-08 12:30:00,SELL,1754.48,1758.7742857142857,1758.7742857142857,1745.8914285714286,0.1,-43.64285714285707,-429.42857142857065,-1.0,SL,2021Q4,2021,4
1239,43453,2021-10-11 04:00:00,43508,2021-10-12 08:30:00,SELL,1756.81,1761.5942857142857,1761.5942857142857,1747.2414285714285,0.1,-48.54285714285716,-478.42857142857156,-1.0,SL,2021Q4,2021,55
1240,43513,2021-10-12 11:00:00,43518,2021-10-12 13:30:00,SELL,1756.85,1761.7742857142855,1761.7742857142855,1747.0014285714285,0.1,-49.942857142855885,-492.4285714285588,-1.0,SL,2021Q4,2021,5
1241,43524,2021-10-12 16:30:00,43567,2021-10-13 15:00:00,BUY,1760.71,1774.6328571428571,1753.7485714285715,1774.6328571428571,0.1,138.52857142857084,1392.2857142857083,1.9701340918325883,TP,2021Q4,2021,43
1242,43570,2021-10-13 16:30:00,43571,2021-10-13 17:00:00,BUY,1768.12,1786.2771428571427,1759.0414285714285,1786.2771428571427,0.1,180.87142857142845,1815.7142857142844,1.9770455965021863,TP,2021Q4,2021,1
1243,43572,2021-10-13 17:30:00,43659,2021-10-15 15:00:00,BUY,1786.97,1775.2914285714287,1775.2914285714287,1810.327142857143,0.1,-117.48571428571331,-1167.857142857133,-1.0,SL,2021Q4,2021,87
1244,43682,2021-10-18 03:30:00,43693,2021-10-18 09:00:00,SELL,1769.78,1762.0685714285714,1773.6357142857141,1762.0685714285714,0.1,76.41428571428541,771.1428571428542,1.9465065502183965,TP,2021Q4,2021,11
1245,43714,2021-10-18 19:30:00,43730,2021-10-19 04:30:00,SELL,1765.75,1773.0957142857144,1773.0957142857144,1751.0585714285714,0.1,-74.15714285714394,-734.5714285714394,-1.0,SL,2021Q4,2021,16
1246,43754,2021-10-19 16:30:00,43755,2021-10-19 17:00:00,BUY,1781.07,1774.4271428571428,1774.4271428571428,1794.3557142857142,0.1,-67.1285714285711,-664.285714285711,-1.0,SL,2021Q4,2021,1
1247,43778,2021-10-20 05:30:00,43778,2021-10-20 05:30:00,SELL,1769.66,1773.3871428571429,1773.3871428571429,1762.2057142857143,0.1,-37.97142857142781,-372.71428571427805,-1.0,SL,2021Q4,2021,0
1248,43802,2021-10-20 17:30:00,43889,2021-10-22 15:00:00,BUY,1781.73,1796.6957142857143,1774.2471428571428,1796.6957142857143,0.1,148.95714285714286,1496.5714285714284,1.9721959523358887,TP,2021Q4,2021,87
1249,43899,2021-10-22 20:00:00,43985,2021-10-26 17:00:00,BUY,1797.37,1784.242857142857,1784.242857142857,1823.6242857142856,0.1,-131.9714285714287,-1312.7142857142871,-1.0,SL,2021Q4,2021,86
1250,44005,2021-10-27 04:00:00,44020,2021-10-27 11:30:00,SELL,1791.87,1785.192857142857,1795.2085714285713,1785.192857142857,0.1,66.07142857142826,667.7142857142826,1.9383906119027656,TP,2021Q4,2021,15
1251,44032,2021-10-27 17:30:00,44036,2021-10-27 19:30:00,SELL,1788.58,1796.8957142857141,1796.8957142857141,1771.9485714285713,0.1,-83.85714285714194,-831.5714285714193,-1.0,SL,2021Q4,2021,4
1252,44050,2021-10-28 03:30:00,44053,2021-10-28 05:00:00,SELL,1795.07,1799.1228571428571,1799.1228571428571,1786.9642857142858,0.1,-41.228571428571925,-405.2857142857192,-1.0,SL,2021Q4,2021,3
1253,44071,2021-10-28 14:00:00,44076,2021-10-28 16:30:00,BUY,1799.66,1808.8314285714287,1795.074285714286,1808.8314285714287,0.1,91.01428571428578,917.1428571428578,1.9548941393065833,TP,2021Q4,2021,5
1254,44077,2021-10-28 17:00:00,44078,2021-10-28 17:30:00,BUY,1803.28,1794.5171428571427,1794.5171428571427,1820.8057142857142,0.1,-88.32857142857229,-876.2857142857229,-1.0,SL,2021Q4,2021,1
1255,44080,2021-10-28 18:30:00,44111,2021-10-29 11:00:00,BUY,1803.53,1792.7342857142858,1792.7342857142858,1825.1214285714286,0.1,-108.65714285714212,-1079.5714285714212,-1.0,SL,2021Q4,2021,31
1256,44115,2021-10-29 13:00:00,44119,2021-10-29 15:00:00,BUY,1798.25,1792.1371428571429,1792.1371428571429,1810.4757142857145,0.1,-61.82857142857138,-611.2857142857138,-1.0,SL,2021Q4,2021,4
1257,44139,2021-11-01 01:00:00,44145,2021-11-01 04:00:00,SELL,1780.72,1785.1228571428571,1785.1228571428571,1771.9142857142856,0.1,-44.728571428571016,-440.2857142857101,-1.0,SL,2021Q4,2021,6
1258,44154,2021-11-01 08:30:00,44161,2021-11-01 12:00:00,SELL,1782.9,1787.1228571428574,1787.1228571428574,1774.4542857142858,0.1,-42.92857142857265,-422.2857142857265,-1.0,SL,2021Q4,2021,7
1259,44164,2021-11-01 13:30:00,44165,2021-11-01 14:00:00,SELL,1783.26,1788.4414285714286,1788.4414285714286,1772.8971428571426,0.1,-52.51428571428569,-518.1428571428569,-1.0,SL,2021Q4,2021,1
1260,44189,2021-11-02 03:00:00,44196,2021-11-02 06:30:00,SELL,1791.13,1793.897142857143,1793.897142857143,1785.5957142857144,0.1,-28.371428571429714,-276.71428571429715,-1.0,SL,2021Q4,2021,7
1261,44205,2021-11-02 11:00:00,44209,2021-11-02 13:00:00,BUY,1794.82,1790.607142857143,1790.607142857143,1803.2457142857143,0.1,-42.82857142857047,-421.28571428570467,-1.0,SL,2021Q4,2021,4
1262,44251,2021-11-03 11:00:00,44259,2021-11-03 15:00:00,SELL,1781.59,1772.4671428571428,1786.1514285714284,1772.4671428571428,0.1,90.52857142857128,912.2857142857129,1.9546576187539033,TP,2021Q4,2021,8
1263,44260,2021-11-03 15:30:00,44275,2021-11-04 00:00:00,SELL,1768.96,1775.6314285714284,1775.6314285714284,1755.617142857143,0.1,-67.41428571428351,-667.142857142835,-1.0,SL,2021Q4,2021,15
1264,44292,2021-11-04 08:30:00,44295,2021-11-04 10:00:00,SELL,1772.63,1776.43,1776.43,1765.03,0.1,-38.69999999999955,-379.99999999999545,-1.0,SL,2021Q4,2021,3
1265,44328,2021-11-05 03:30:00,44349,2021-11-05 14:00:00,BUY,1794.89,1791.2357142857145,1791.2357142857145,1802.1985714285713,0.1,-37.24285714285607,-365.42857142856064,-1.0,SL,2021Q4,2021,21
1266,44352,2021-11-05 15:30:00,44371,2021-11-08 03:00:00,BUY,1801.99,1818.967142857143,1793.5014285714285,1818.967142857143,0.1,169.0714285714301,1697.7142857143008,1.9754631947921886,TP,2021Q4,2021,19
1267,44390,2021-11-08 12:30:00,44417,2021-11-09 03:00:00,BUY,1817.05,1826.6585714285713,1812.2457142857143,1826.6585714285713,0.1,95.38571428571395,960.8571428571395,1.9569167643610783,TP,2021Q4,2021,27
1268,44418,2021-11-09 03:30:00,44420,2021-11-09 04:30:00,BUY,1826.13,1823.1357142857144,1823.1357142857144,1832.1185714285716,0.1,-30.64285714285752,-299.4285714285752,-1.0,SL,2021Q4,2021,2
1269,44426,2021-11-09 07:30:00,44430,2021-11-09 09:30:00,BUY,1823.73,1820.4314285714286,1820.4314285714286,1830.327142857143,0.1,-33.685714285714496,-329.85714285714494,-1.0,SL,2021Q4,2021,4
1270,44433,2021-11-09 11:00:00,44488,2021-11-10 15:30:00,BUY,1824.39,1834.4500000000003,1819.3600000000001,1834.4500000000003,0.1,99.90000000000173,1006.0000000000173,1.9588235294118088,TP,2021Q4,2021,55
1271,44489,2021-11-10 16:00:00,44490,2021-11-10 16:30:00,BUY,1849.67,1865.7214285714285,1841.6442857142858,1865.7214285714285,0.1,159.8142857142846,1605.142857142846,1.974060349391212,TP,2021Q4,2021,1
1272,44500,2021-11-10 21:30:00,44620,2021-11-15 12:30:00,BUY,1847.65,1863.0,1832.6514285714288,1877.6471428571429,0.1,152.7999999999991,1534.999999999991,1.0140310959423637,TIME_EXIT,2021Q4,2021,120
1273,44625,2021-11-15 15:00:00,44629,2021-11-15 17:00:00,BUY,1863.91,1858.13,1858.13,1875.4700000000003,0.1,-58.49999999999973,-577.9999999999973,-1.0,SL,2021Q4,2021,4
1274,44632,2021-11-15 18:30:00,44675,2021-11-16 17:00:00,BUY,1864.5,1856.94,1856.94,1879.6200000000001,0.1,-76.29999999999946,-755.9999999999945,-1.0,SL,2021Q4,2021,43
1275,44696,2021-11-17 04:30:00,44707,2021-11-17 10:00:00,SELL,1854.14,1858.2785714285715,1858.2785714285715,1845.8628571428574,0.1,-42.08571428571368,-413.85714285713675,-1.0,SL,2021Q4,2021,11
1276,44724,2021-11-17 18:30:00,44758,2021-11-18 12:30:00,BUY,1865.15,1858.797142857143,1858.797142857143,1877.8557142857144,0.1,-64.22857142857147,-635.2857142857147,-1.0,SL,2021Q4,2021,34
1277,44762,2021-11-18 14:30:00,44763,2021-11-18 15:00:00,BUY,1865.13,1859.3385714285714,1859.3385714285714,1876.7128571428573,0.1,-58.614285714286964,-579.1428571428696,-1.0,SL,2021Q4,2021,1
1278,44765,2021-11-18 16:00:00,44798,2021-11-19 09:30:00,BUY,1864.46,1856.2442857142858,1856.2442857142858,1880.8914285714286,0.1,-82.85714285714285,-821.5714285714284,-1.0,SL,2021Q4,2021,33
1279,44805,2021-11-19 13:00:00,44818,2021-11-19 19:30:00,SELL,1859.65,1846.932857142857,1866.0085714285715,1846.932857142857,0.1,126.47142857143017,1271.7142857143017,1.9673333333333685,TP,2021Q4,2021,13
1280,44839,2021-11-22 07:00:00,44856,2021-11-22 15:30:00,SELL,1847.08,1836.6457142857141,1852.297142857143,1836.6457142857141,0.1,103.64285714285806,1043.4285714285807,1.9602810051337056,TP,2021Q4,2021,17
1281,44891,2021-11-23 10:00:00,44894,2021-11-23 11:30:00,SELL,1807.49,1796.4842857142855,1812.9928571428572,1796.4842857142855,0.1,109.35714285714475,1100.5714285714475,1.9623173545244814,TP,2021Q4,2021,3
1282,44917,2021-11-23 23:00:00,45011,2021-11-26 05:00:00,SELL,1790.3,1798.2742857142855,1798.2742857142855,1774.3514285714286,0.1,-80.44285714285543,-797.4285714285543,-1.0,SL,2021Q4,2021,94
1283,45033,2021-11-26 16:00:00,45038,2021-11-26 18:30:00,BUY,1805.77,1794.5985714285714,1794.5985714285714,1828.1128571428571,0.1,-112.41428571428578,-1117.1428571428578,-1.0,SL,2021Q4,2021,5
1284,45046,2021-11-29 02:30:00,45121,2021-11-30 17:00:00,SELL,1791.63,1805.0185714285715,1805.0185714285715,1764.8528571428574,0.1,-134.58571428571366,-1338.8571428571368,-1.0,SL,2021Q4,2021,75
1285,45123,2021-11-30 18:00:00,45219,2021-12-02 20:00:00,SELL,1784.51,1762.35,1795.59,1762.35,0.1,220.90000000000083,2216.000000000008,1.9811659192825315,TP,2021Q4,2021,96
1286,45226,2021-12-02 23:30:00,45240,2021-12-03 07:30:00,SELL,1768.44,1776.2114285714285,1776.2114285714285,1752.8971428571429,0.1,-78.41428571428487,-777.1428571428487,-1.0,SL,2021Q4,2021,14
1287,45243,2021-12-03 09:00:00,45256,2021-12-03 15:30:00,SELL,1771.7,1776.4485714285715,1776.4485714285715,1762.202857142857,0.1,-48.18571428571495,-474.8571428571495,-1.0,SL,2021Q4,2021,13
1288,45257,2021-12-03 16:00:00,45261,2021-12-03 18:00:00,SELL,1770.04,1777.33,1777.33,1755.46,0.1,-73.59999999999964,-728.9999999999964,-1.0,SL,2021Q4,2021,4
1289,45287,2021-12-06 08:00:00,45293,2021-12-06 11:00:00,BUY,1783.51,1778.9357142857143,1778.9357142857143,1792.6585714285713,0.1,-46.442857142856795,-457.4285714285679,-1.0,SL,2021Q4,2021,6
1290,45297,2021-12-06 13:00:00,45300,2021-12-06 14:30:00,BUY,1782.4,1777.327142857143,1777.327142857143,1792.5457142857144,0.1,-51.42857142857174,-507.2857142857174,-1.0,SL,2021Q4,2021,3
1291,45306,2021-12-06 17:30:00,45348,2021-12-07 15:30:00,BUY,1780.99,1774.7528571428572,1774.7528571428572,1793.4642857142858,0.1,-63.07142857142772,-623.7142857142771,-1.0,SL,2021Q4,2021,42
1292,45352,2021-12-07 17:30:00,45438,2021-12-09 14:30:00,BUY,1782.1,1775.162857142857,1775.162857142857,1795.9742857142855,0.1,-70.07142857142817,-693.7142857142817,-1.0,SL,2021Q4,2021,86
1293,45443,2021-12-09 17:00:00,45486,2021-12-10 15:30:00,SELL,1776.7,1784.3642857142856,1784.3642857142856,1761.3714285714286,0.1,-77.34285714285598,-766.4285714285597,-1.0,SL,2021Q4,2021,43
1294,45518,2021-12-13 08:30:00,45532,2021-12-13 15:30:00,BUY,1785.87,1782.8742857142856,1782.8742857142856,1791.8614285714284,0.1,-30.65714285714257,-299.5714285714257,-1.0,SL,2021Q4,2021,14
1295,45534,2021-12-13 16:30:00,45577,2021-12-14 15:00:00,BUY,1786.81,1781.36,1781.36,1797.7099999999998,0.1,-55.20000000000046,-545.0000000000045,-1.0,SL,2021Q4,2021,43
1296,45600,2021-12-15 03:30:00,45626,2021-12-15 16:30:00,SELL,1771.47,1766.0385714285715,1774.1857142857143,1766.0385714285715,0.1,53.614285714285685,543.1428571428569,1.9246153846153846,TP,2021Q4,2021,26
1297,45627,2021-12-15 17:00:00,45635,2021-12-15 21:00:00,SELL,1769.6,1758.785714285714,1775.0071428571428,1758.785714285714,0.1,107.44285714285915,1081.4285714285916,1.9616588419405734,TP,2021Q4,2021,8
1298,45669,2021-12-16 15:00:00,45672,2021-12-16 16:30:00,BUY,1784.22,1792.4285714285716,1780.1157142857144,1792.4285714285716,0.1,81.38571428571531,820.8571428571531,1.9496919917865012,TP,2021Q4,2021,3
1299,45719,2021-12-17 17:00:00,45726,2021-12-17 20:30:00,BUY,1807.23,1800.8728571428571,1800.8728571428571,1819.9442857142858,0.1,-64.2714285714289,-635.714285714289,-1.0,SL,2021Q4,2021,7
1300,45736,2021-12-20 02:30:00,45756,2021-12-20 12:30:00,BUY,1802.36,1797.2057142857143,1797.2057142857143,1812.6685714285713,0.1,-52.24285714285607,-515.4285714285606,-1.0,SL,2021Q4,2021,20
1301,45790,2021-12-21 06:30:00,45797,2021-12-21 10:00:00,SELL,1790.92,1794.6914285714286,1794.6914285714286,1783.3771428571429,0.1,-38.41428571428487,-377.1428571428487,-1.0,SL,2021Q4,2021,7
1302,45810,2021-12-21 16:30:00,45863,2021-12-22 20:00:00,SELL,1795.09,1800.2057142857143,1800.2057142857143,1784.8585714285714,0.1,-51.85714285714376,-511.57142857143754,-1.0,SL,2021Q4,2021,53
1303,45897,2021-12-23 14:00:00,45897,2021-12-23 14:00:00,BUY,1806.58,1803.2157142857143,1803.2157142857143,1813.3085714285714,0.1,-34.34285714285643,-336.4285714285643,-1.0,SL,2021Q4,2021,0
1304,45899,2021-12-23 15:00:00,45902,2021-12-23 16:30:00,BUY,1805.51,1801.89,1801.89,1812.75,0.1,-36.89999999999891,-361.9999999999891,-1.0,SL,2021Q4,2021,3
1305,45905,2021-12-23 18:00:00,45986,2021-12-28 12:30:00,BUY,1805.89,1816.9271428571428,1800.3714285714286,1816.9271428571428,0.1,109.67142857142726,1103.7142857142726,1.962423312883395,TP,2021Q4,2021,81
1306,45996,2021-12-28 17:30:00,45997,2021-12-28 18:00:00,BUY,1815.33,1810.3185714285714,1810.3185714285714,1825.352857142857,0.1,-50.81428571428496,-501.1428571428496,-1.0,SL,2021Q4,2021,1
1307,46024,2021-12-29 08:30:00,46025,2021-12-29 09:00:00,BUY,1807.41,1804.7942857142857,1804.7942857142857,1812.6414285714286,0.1,-26.857142857143753,-261.57142857143754,-1.0,SL,2021Q4,2021,1
1308,46060,2021-12-30 03:30:00,46086,2021-12-30 16:30:00,SELL,1802.26,1805.7142857142856,1805.7142857142856,1795.3514285714286,0.1,-35.24285714285561,-345.4285714285561,-1.0,SL,2021Q4,2021,26
1309,46120,2021-12-31 10:30:00,46129,2021-12-31 15:00:00,BUY,1817.57,1824.9014285714286,1813.9042857142856,1824.9014285714286,0.1,72.6142857142866,733.142857142866,1.943785850860421,TP,2021Q4,2021,9
1310,46147,2022-01-03 06:00:00,46165,2022-01-03 15:00:00,BUY,1825.85,1820.6028571428571,1820.6028571428571,1836.3442857142857,0.1,-53.171428571427626,-524.7142857142762,-1.0,SL,2022Q1,2022,18
1311,46192,2022-01-04 05:30:00,46206,2022-01-04 12:30:00,SELL,1804.56,1808.2657142857142,1808.2657142857142,1797.1485714285711,0.1,-37.75714285714294,-370.57142857142935,-1.0,SL,2022Q1,2022,14
1312,46208,2022-01-04 13:30:00,46213,2022-01-04 16:00:00,SELL,1803.12,1807.8914285714284,1807.8914285714284,1793.5771428571427,0.1,-48.41428571428487,-477.1428571428487,-1.0,SL,2022Q1,2022,5
1313,46244,2022-01-05 08:30:00,46244,2022-01-05 08:30:00,BUY,1816.99,1814.3971428571429,1814.3971428571429,1822.1757142857143,0.1,-26.628571428571558,-259.2857142857156,-1.0,SL,2022Q1,2022,0
1314,46246,2022-01-05 09:30:00,46257,2022-01-05 15:00:00,BUY,1815.15,1821.7528571428572,1811.8485714285714,1821.7528571428572,0.1,65.32857142857146,660.2857142857147,1.9377118644067142,TP,2022Q1,2022,11
1315,46259,2022-01-05 16:00:00,46269,2022-01-05 21:00:00,BUY,1825.7,1819.267142857143,1819.267142857143,1838.5657142857142,0.1,-65.02857142857074,-643.2857142857074,-1.0,SL,2022Q1,2022,10
1316,46300,2022-01-06 13:30:00,46417,2022-01-11 03:00:00,SELL,1797.66,1805.3200000000002,1805.3200000000002,1782.34,0.1,-77.30000000000082,-766.0000000000082,-1.0,SL,2022Q1,2022,117
1317,46439,2022-01-11 14:00:00,46443,2022-01-11 16:00:00,BUY,1806.7,1802.4628571428573,1802.4628571428573,1815.1742857142856,0.1,-43.07142857142772,-423.71428571427714,-1.0,SL,2022Q1,2022,4
1318,46446,2022-01-11 17:30:00,46451,2022-01-11 20:00:00,BUY,1808.07,1818.752857142857,1802.7285714285715,1818.752857142857,0.1,106.12857142857074,1068.2857142857074,1.9611932418163027,TP,2022Q1,2022,5
1319,46470,2022-01-12 06:30:00,46476,2022-01-12 09:30:00,BUY,1819.26,1816.0657142857142,1816.0657142857142,1825.6485714285714,0.1,-32.64285714285798,-319.42857142857974,-1.0,SL,2022Q1,2022,6
1320,46484,2022-01-12 13:30:00,46496,2022-01-12 19:30:00,BUY,1818.21,1825.6785714285713,1814.4757142857143,1825.6785714285713,0.1,73.98571428571294,746.8571428571295,1.9447990987607369,TP,2022Q1,2022,12
1321,46510,2022-01-13 03:30:00,46524,2022-01-13 10:30:00,BUY,1825.12,1822.1257142857141,1822.1257142857141,1831.1085714285712,0.1,-30.64285714285752,-299.4285714285752,-1.0,SL,2022Q1,2022,14
1322,46532,2022-01-13 14:30:00,46533,2022-01-13 15:00:00,BUY,1825.11,1820.742857142857,1820.742857142857,1833.8442857142857,0.1,-44.37142857142881,-436.71428571428805,-1.0,SL,2022Q1,2022,1
1323,46542,2022-01-13 19:30:00,46590,2022-01-14 20:30:00,BUY,1821.15,1814.55,1814.55,1834.3500000000001,0.1,-66.70000000000137,-660.0000000000136,-1.0,SL,2022Q1,2022,48
1324,46625,2022-01-17 15:00:00,46646,2022-01-18 05:00:00,SELL,1819.63,1822.6000000000001,1822.6000000000001,1813.6900000000003,0.1,-30.400000000000272,-297.00000000000273,-1.0,SL,2022Q1,2022,21
1325,46648,2022-01-18 06:00:00,46659,2022-01-18 11:30:00,SELL,1816.22,1810.3285714285714,1819.1657142857143,1810.3285714285714,0.1,58.21428571428605,589.1428571428605,1.9303647560397919,TP,2022Q1,2022,11
1326,46667,2022-01-18 15:30:00,46667,2022-01-18 15:30:00,SELL,1807.08,1813.6985714285713,1813.6985714285713,1793.8428571428572,0.1,-66.88571428571386,-661.8571428571386,-1.0,SL,2022Q1,2022,0
1327,46673,2022-01-18 18:30:00,46712,2022-01-19 15:00:00,SELL,1812.51,1823.14,1823.14,1791.25,0.1,-107.0000000000011,-1063.000000000011,-1.0,SL,2022Q1,2022,39
1328,46742,2022-01-20 07:00:00,46756,2022-01-20 14:00:00,BUY,1839.97,1836.0357142857142,1836.0357142857142,1847.8385714285714,0.1,-40.04285714285807,-393.42857142858065,-1.0,SL,2022Q1,2022,14
1329,46758,2022-01-20 15:00:00,46794,2022-01-21 10:00:00,BUY,1840.56,1835.9885714285713,1835.9885714285713,1849.702857142857,0.1,-46.41428571428669,-457.1428571428669,-1.0,SL,2022Q1,2022,36
1330,46803,2022-01-21 14:30:00,46815,2022-01-21 20:30:00,BUY,1836.54,1830.5042857142857,1830.5042857142857,1848.6114285714284,0.1,-61.05714285714221,-603.5714285714221,-1.0,SL,2022Q1,2022,12
1331,46822,2022-01-24 01:00:00,46899,2022-01-25 16:30:00,BUY,1834.76,1847.0485714285714,1828.6157142857141,1847.0485714285714,0.1,122.18571428571458,1228.8571428571458,1.9662068965516881,TP,2022Q1,2022,77
1332,46900,2022-01-25 17:00:00,46900,2022-01-25 17:00:00,BUY,1850.55,1843.81,1843.81,1864.03,0.1,-68.1000000000001,-674.0000000000009,-1.0,SL,2022Q1,2022,0
1333,46901,2022-01-25 17:30:00,46944,2022-01-26 16:00:00,BUY,1844.02,1836.3285714285714,1836.3285714285714,1859.4028571428573,0.1,-77.6142857142856,-769.142857142856,-1.0,SL,2022Q1,2022,43
1334,46983,2022-01-27 12:30:00,46989,2022-01-27 15:30:00,SELL,1815.5,1804.6914285714283,1820.9042857142858,1804.6914285714283,0.1,107.38571428571667,1080.8571428571668,1.9616388308977042,TP,2022Q1,2022,6
1335,46993,2022-01-27 17:30:00,47030,2022-01-28 13:00:00,SELL,1800.84,1781.502857142857,1810.5085714285715,1781.502857142857,0.1,192.6714285714291,1933.7142857142908,1.97843626228544,TP,2022Q1,2022,37
1336,47036,2022-01-28 16:00:00,47081,2022-01-31 15:30:00,SELL,1786.25,1794.0314285714285,1794.0314285714285,1770.6871428571428,0.1,-78.51428571428478,-778.1428571428478,-1.0,SL,2022Q1,2022,45
1337,47108,2022-02-01 06:00:00,47110,2022-02-01 07:00:00,SELL,1796.48,1799.7471428571428,1799.7471428571428,1789.9457142857145,0.1,-33.371428571427444,-326.7142857142744,-1.0,SL,2022Q1,2022,2
1338,47128,2022-02-01 16:00:00,47130,2022-02-01 17:00:00,BUY,1804.39,1799.21,1799.21,1814.7500000000002,0.1,-52.50000000000064,-518.0000000000064,-1.0,SL,2022Q1,2022,2
1339,47132,2022-02-01 18:00:00,47152,2022-02-02 05:00:00,BUY,1804.57,1797.905714285714,1797.905714285714,1817.8985714285714,0.1,-67.34285714285825,-666.4285714285825,-1.0,SL,2022Q1,2022,20
1340,47163,2022-02-02 10:30:00,47172,2022-02-02 15:00:00,BUY,1799.92,1806.422857142857,1796.6685714285716,1806.422857142857,0.1,64.3285714285701,650.285714285701,1.9367741935483855,TP,2022Q1,2022,9
1341,47175,2022-02-02 16:30:00,47221,2022-02-03 16:30:00,BUY,1802.81,1797.3342857142857,1797.3342857142857,1813.7614285714285,0.1,-55.457142857142756,-547.5714285714275,-1.0,SL,2022Q1,2022,46
1342,47224,2022-02-03 18:00:00,47265,2022-02-04 15:30:00,BUY,1803.26,1795.0228571428572,1795.0228571428572,1819.7342857142855,0.1,-83.07142857142772,-823.7142857142771,-1.0,SL,2022Q1,2022,41
1343,47269,2022-02-04 17:30:00,47360,2022-02-08 17:00:00,BUY,1807.39,1826.964285714286,1797.6028571428571,1826.964285714286,0.1,195.04285714285908,1957.4285714285907,1.9786956521739134,TP,2022Q1,2022,91
1344,47378,2022-02-09 03:00:00,47402,2022-02-09 15:00:00,BUY,1825.61,1829.99,1823.4199999999998,1829.99,0.1,43.10000000000109,438.0000000000109,1.9070796460177013,TP,2022Q1,2022,24
1345,47403,2022-02-09 15:30:00,47403,2022-02-09 15:30:00,BUY,1830.87,1827.5314285714285,1827.5314285714285,1837.5471428571427,0.1,-34.08571428571413,-333.8571428571413,-1.0,SL,2022Q1,2022,0
1346,47405,2022-02-09 16:30:00,47449,2022-02-10 15:30:00,BUY,1827.93,1823.6757142857143,1823.6757142857143,1836.4385714285715,0.1,-43.24285714285743,-425.4285714285743,-1.0,SL_AMBIGUOUS_PESSIMISTIC,2022Q1,2022,44
1347,47453,2022-02-10 17:30:00,47462,2022-02-10 22:00:00,BUY,1835.9,1828.4957142857143,1828.4957142857143,1850.7085714285715,0.1,-74.74285714285834,-740.4285714285834,-1.0,SL,2022Q1,2022,9
1348,47484,2022-02-11 10:00:00,47498,2022-02-11 17:00:00,BUY,1826.29,1833.7357142857143,1822.5671428571427,1833.7357142857143,0.1,73.75714285714302,744.5714285714303,1.9446327683615234,TP,2022Q1,2022,14
1349,47522,2022-02-14 06:00:00,47544,2022-02-14 17:00:00,BUY,1853.15,1867.544285714286,1845.9528571428573,1867.544285714286,0.1,143.24285714285844,1439.4285714285843,1.9711028110871158,TP,2022Q1,2022,22
1350,47597,2022-02-15 20:30:00,47664,2022-02-17 08:00:00,BUY,1855.31,1876.7614285714287,1844.5842857142857,1876.7614285714287,0.1,213.8142857142878,2145.142857142878,1.980547836443054,TP,2022Q1,2022,67
1351,47715,2022-02-18 10:30:00,47718,2022-02-18 12:00:00,BUY,1894.57,1889.357142857143,1889.357142857143,1904.995714285714,0.1,-52.82857142857047,-521.2857142857047,-1.0,SL,2022Q1,2022,3
1352,47724,2022-02-18 15:00:00,47744,2022-02-21 02:00:00,BUY,1894.09,1906.6014285714284,1887.8342857142857,1906.6014285714284,0.1,124.41428571428496,1251.1428571428496,1.9668021680216798,TP,2022Q1,2022,20
1353,47751,2022-02-21 05:30:00,47753,2022-02-21 06:30:00,BUY,1898.05,1889.7171428571428,1889.7171428571428,1914.7157142857143,0.1,-84.02857142857165,-833.2857142857165,-1.0,SL,2022Q1,2022,2
1354,47762,2022-02-21 11:00:00,47783,2022-02-22 01:00:00,BUY,1896.26,1907.8999999999999,1890.44,1907.8999999999999,0.1,115.69999999999872,1163.9999999999873,1.9643463497453306,TP,2022Q1,2022,21
1355,47812,2022-02-22 15:30:00,47848,2022-02-23 10:30:00,BUY,1902.39,1892.4457142857143,1892.4457142857143,1922.2785714285715,0.1,-100.14285714285798,-994.4285714285797,-1.0,SL,2022Q1,2022,36
1356,47857,2022-02-23 15:00:00,47861,2022-02-23 17:00:00,BUY,1896.5,1907.6371428571429,1890.9314285714286,1907.6371428571429,0.1,110.67142857142862,1113.7142857142862,1.9627565239422344,TP,2022Q1,2022,4
1357,47874,2022-02-23 23:30:00,47883,2022-02-24 05:00:00,BUY,1908.33,1921.2842857142857,1901.8528571428571,1921.2842857142857,0.1,128.8428571428579,1295.4285714285788,1.9679249399956704,TP,2022Q1,2022,9
1358,47934,2022-02-25 07:30:00,47945,2022-02-25 13:00:00,BUY,1914.33,1903.2071428571428,1903.2071428571428,1936.5757142857142,0.1,-111.92857142857129,-1112.2857142857129,-1.0,SL,2022Q1,2022,11
1359,47984,2022-02-28 09:30:00,47994,2022-02-28 14:30:00,SELL,1900.52,1911.087142857143,1911.087142857143,1879.3857142857141,0.1,-106.37142857142926,-1056.7142857142926,-1.0,SL,2022Q1,2022,10
1360,48001,2022-02-28 18:00:00,48036,2022-03-01 12:30:00,SELL,1908.06,1920.3114285714285,1920.3114285714285,1883.5571428571427,0.1,-123.21428571428505,-1225.1428571428505,-1.0,SL,2022Q1,2022,35
1361,48042,2022-03-01 15:30:00,48051,2022-03-01 20:00:00,BUY,1919.09,1938.8328571428572,1909.2185714285713,1938.8328571428572,0.1,196.72857142857248,1974.2857142857247,1.978876275326915,TP,2022Q1,2022,9
1362,48065,2022-03-02 04:00:00,48081,2022-03-02 12:00:00,BUY,1935.72,1926.1642857142856,1926.1642857142856,1954.8314285714287,0.1,-96.2571428571443,-955.571428571443,-1.0,SL,2022Q1,2022,16
1363,48089,2022-03-02 16:00:00,48093,2022-03-02 18:00:00,BUY,1932.07,1916.37,1916.37,1963.47,0.1,-157.70000000000044,-1570.0000000000045,-1.0,SL,2022Q1,2022,4
1364,48101,2022-03-02 22:00:00,48182,2022-03-04 16:30:00,BUY,1927.99,1956.0014285714285,1913.9842857142858,1956.0014285714285,0.1,279.414285714285,2801.1428571428496,1.9850806860854564,TP,2022Q1,2022,81
1365,48185,2022-03-04 18:00:00,48197,2022-03-07 01:00:00,BUY,1958.09,1981.7642857142855,1946.2528571428572,1981.7642857142855,0.1,236.0428571428559,2367.428571428559,1.98236352729456,TP,2022Q1,2022,12
1366,48213,2022-03-07 09:00:00,48225,2022-03-07 15:00:00,BUY,1983.32,1972.4457142857143,1972.4457142857143,2005.0685714285714,0.1,-109.44285714285634,-1087.4285714285634,-1.0,SL,2022Q1,2022,12
1367,48235,2022-03-07 20:00:00,48274,2022-03-08 16:30:00,BUY,1984.32,2023.7085714285713,1964.6257142857144,2023.7085714285713,0.1,393.1857142857137,3938.8571428571368,1.9893747741236112,TP,2022Q1,2022,39
1368,48282,2022-03-08 20:30:00,48311,2022-03-09 12:00:00,BUY,2037.74,2004.267142857143,2004.267142857143,2104.6857142857143,0.1,-335.42857142857036,-3347.2857142857038,-1.0,SL,2022Q1,2022,29
1369,48351,2022-03-10 09:00:00,48357,2022-03-10 12:00:00,SELL,1983.07,1993.3342857142857,1993.3342857142857,1962.5414285714285,0.1,-103.34285714285734,-1026.4285714285734,-1.0,SL,2022Q1,2022,6
1370,48376,2022-03-10 21:30:00,48410,2022-03-11 15:30:00,SELL,1995.4,1959.3600000000001,2013.42,1959.3600000000001,0.1,359.69999999999965,3603.9999999999964,1.988391376451078,TP,2022Q1,2022,34
1371,48420,2022-03-11 20:30:00,48479,2022-03-15 03:00:00,SELL,1981.04,1942.04,2000.54,1942.04,0.1,389.3,3900.0,1.9892692897291775,TP,2022Q1,2022,59
1372,48510,2022-03-15 18:30:00,48586,2022-03-17 10:30:00,SELL,1924.78,1940.4814285714285,1940.4814285714285,1893.3771428571429,0.1,-157.7142857142855,-1570.142857142855,-1.0,SL,2022Q1,2022,76
1373,48603,2022-03-17 19:00:00,48620,2022-03-18 04:30:00,BUY,1944.52,1933.44,1933.44,1966.68,0.1,-111.49999999999928,-1107.9999999999927,-1.0,SL,2022Q1,2022,17
1374,48637,2022-03-18 13:00:00,48641,2022-03-18 15:00:00,BUY,1935.26,1928.3285714285714,1928.3285714285714,1949.1228571428571,0.1,-70.01428571428569,-693.1428571428569,-1.0,SL,2022Q1,2022,4
1375,48645,2022-03-18 17:00:00,48652,2022-03-18 20:30:00,BUY,1936.42,1924.9642857142858,1924.9642857142858,1959.3314285714287,0.1,-115.25714285714294,-1145.5714285714294,-1.0,SL,2022Q1,2022,7
1376,48673,2022-03-21 08:00:00,48688,2022-03-21 15:30:00,SELL,1925.43,1930.7142857142858,1930.7142857142858,1914.8614285714289,0.1,-53.54285714285716,-528.4285714285716,-1.0,SL,2022Q1,2022,15
1377,48713,2022-03-22 05:00:00,48723,2022-03-22 10:00:00,BUY,1935.9,1930.4557142857143,1930.4557142857143,1946.7885714285715,0.1,-55.14285714285798,-544.4285714285797,-1.0,SL,2022Q1,2022,10
1378,48734,2022-03-22 15:30:00,48773,2022-03-23 12:00:00,SELL,1924.15,1931.9528571428573,1931.9528571428573,1908.544285714286,0.1,-78.72857142857193,-780.2857142857192,-1.0,SL,2022Q1,2022,39
1379,48805,2022-03-24 05:00:00,48822,2022-03-24 13:30:00,BUY,1941.67,1953.607142857143,1935.7014285714286,1953.607142857143,0.1,118.67142857142817,1193.7142857142817,1.9652235628104666,TP,2022Q1,2022,17
1380,48826,2022-03-24 15:30:00,48872,2022-03-25 15:30:00,BUY,1953.84,1943.27,1943.27,1974.9799999999998,0.1,-106.39999999999937,-1056.9999999999936,-1.0,SL,2022Q1,2022,46
1381,48876,2022-03-25 17:30:00,48893,2022-03-28 04:00:00,BUY,1958.61,1948.3014285714285,1948.3014285714285,1979.2271428571428,0.1,-103.7857142857144,-1030.857142857144,-1.0,SL,2022Q1,2022,17
1382,48918,2022-03-28 16:30:00,48960,2022-03-29 14:30:00,SELL,1932.58,1908.6628571428569,1944.5385714285715,1908.6628571428569,0.1,238.47142857143064,2391.7142857143062,1.9825415676959621,TP,2022Q1,2022,42
1383,48967,2022-03-29 18:00:00,48987,2022-03-30 05:00:00,SELL,1908.55,1923.6957142857143,1923.6957142857143,1878.2585714285715,0.1,-152.15714285714347,-1514.5714285714348,-1.0,SL,2022Q1,2022,20
1384,48999,2022-03-30 11:00:00,49007,2022-03-30 15:00:00,SELL,1920.83,1927.7514285714285,1927.7514285714285,1906.9871428571428,0.1,-69.91428571428578,-692.1428571428578,-1.0,SL,2022Q1,2022,8
1385,49031,2022-03-31 04:00:00,49032,2022-03-31 04:30:00,BUY,1931.82,1926.7185714285713,1926.7185714285713,1942.022857142857,0.1,-51.71428571428642,-510.14285714286416,-1.0,SL,2022Q1,2022,1
1386,49046,2022-03-31 11:30:00,49053,2022-03-31 15:00:00,SELL,1925.92,1933.4957142857143,1933.4957142857143,1910.7685714285715,0.1,-76.45714285714185,-757.5714285714184,-1.0,SL,2022Q1,2022,7
1387,49055,2022-03-31 16:00:00,49097,2022-04-01 14:00:00,BUY,1934.26,1925.97,1925.97,1950.84,0.1,-83.59999999999964,-828.9999999999964,-1.0,SL,2022Q1,2022,42
1388,49103,2022-04-01 17:00:00,49104,2022-04-01 17:30:00,BUY,1932.14,1922.7357142857143,1922.7357142857143,1950.9485714285715,0.1,-94.74285714285834,-940.4285714285834,-1.0,SL,2022Q2,2022,1
1389,49119,2022-04-04 02:00:00,49135,2022-04-04 10:00:00,SELL,1922.99,1930.1028571428571,1930.1028571428571,1908.7642857142857,0.1,-71.82857142857138,-711.2857142857138,-1.0,SL,2022Q2,2022,16
1390,49149,2022-04-04 17:00:00,49150,2022-04-04 17:30:00,SELL,1925.19,1933.5342857142857,1933.5342857142857,1908.5014285714285,0.1,-84.14285714285661,-834.4285714285661,-1.0,SL,2022Q2,2022,1
1391,49157,2022-04-04 21:00:00,49193,2022-04-05 16:00:00,SELL,1929.45,1938.5857142857142,1938.5857142857142,1911.1785714285716,0.1,-92.0571428571413,-913.571428571413,-1.0,SL,2022Q2,2022,36
1392,49194,2022-04-05 16:30:00,49195,2022-04-05 17:00:00,BUY,1938.32,1930.012857142857,1930.012857142857,1954.9342857142856,0.1,-83.77142857142935,-830.7142857142935,-1.0,SL,2022Q2,2022,1
1393,49217,2022-04-06 05:00:00,49231,2022-04-06 12:00:00,SELL,1922.08,1928.1814285714286,1928.1814285714286,1909.8771428571426,0.1,-61.71428571428642,-610.1428571428642,-1.0,SL,2022Q2,2022,14
1394,49235,2022-04-06 14:00:00,49240,2022-04-06 16:30:00,SELL,1922.36,1930.1442857142856,1930.1442857142856,1906.7914285714287,0.1,-78.54285714285716,-778.4285714285716,-1.0,SL,2022Q2,2022,5
1395,49247,2022-04-06 20:00:00,49283,2022-04-07 15:00:00,SELL,1924.88,1934.0900000000001,1934.0900000000001,1906.4600000000003,0.1,-92.80000000000037,-921.0000000000036,-1.0,SL,2022Q2,2022,36
1396,49288,2022-04-07 17:30:00,49333,2022-04-08 17:00:00,BUY,1931.89,1946.4442857142858,1924.6128571428574,1946.4442857142858,0.1,144.84285714285699,1455.4285714285697,1.9714174606261243,TP,2022Q2,2022,45
1397,49357,2022-04-11 06:00:00,49368,2022-04-11 11:30:00,BUY,1943.82,1955.2885714285715,1938.0857142857142,1955.2885714285715,0.1,113.98571428571522,1146.8571428571522,1.9638198375584546,TP,2022Q2,2022,11
1398,49382,2022-04-11 18:30:00,49384,2022-04-11 19:30:00,BUY,1953.64,1943.3300000000002,1943.3300000000002,1974.26,0.1,-103.79999999999946,-1030.9999999999945,-1.0,SL,2022Q2,2022,2
1399,49390,2022-04-11 22:30:00,49426,2022-04-12 17:30:00,BUY,1952.13,1973.1557142857143,1941.617142857143,1973.1557142857143,0.1,209.5571428571423,2102.571428571423,1.9801565874730234,TP,2022Q2,2022,36
1400,49436,2022-04-12 22:30:00,49556,2022-04-18 13:30:00,BUY,1966.93,1988.37,1953.5028571428572,1993.7842857142857,0.1,213.69999999999828,2143.9999999999827,1.5832980524978741,TIME_EXIT,2022Q2,2022,120
1401,49564,2022-04-18 17:30:00,49564,2022-04-18 17:30:00,BUY,1991.9,1985.5057142857145,1985.5057142857145,2004.6885714285713,0.1,-64.64285714285616,-639.4285714285616,-1.0,SL,2022Q2,2022,0
1402,49568,2022-04-18 19:30:00,49569,2022-04-18 20:00:00,BUY,1990.4,1982.787142857143,1982.787142857143,2005.6257142857141,0.1,-76.82857142857138,-761.2857142857138,-1.0,SL,2022Q2,2022,1
1403,49596,2022-04-19 10:30:00,49601,2022-04-19 13:00:00,BUY,1979.93,1974.8285714285714,1974.8285714285714,1990.1328571428571,0.1,-51.71428571428642,-510.14285714286416,-1.0,SL,2022Q2,2022,5
1404,49603,2022-04-19 14:00:00,49606,2022-04-19 15:30:00,BUY,1978.3,1971.8600000000001,1971.8600000000001,1991.1799999999998,0.1,-65.09999999999827,-643.9999999999827,-1.0,SL,2022Q2,2022,3
1405,49652,2022-04-20 15:30:00,49657,2022-04-20 18:00:00,SELL,1946.75,1954.6157142857141,1954.6157142857141,1931.0185714285715,0.1,-79.35714285714148,-786.5714285714148,-1.0,SL,2022Q2,2022,5
1406,49678,2022-04-21 05:30:00,49693,2022-04-21 13:00:00,SELL,1953.29,1942.7442857142858,1958.5628571428572,1942.7442857142858,0.1,104.75714285714211,1054.5714285714212,1.9606951871657332,TP,2022Q2,2022,15
1407,49701,2022-04-21 17:00:00,49712,2022-04-21 22:30:00,SELL,1945.23,1954.1614285714286,1954.1614285714286,1927.367142857143,0.1,-90.01428571428569,-893.1428571428569,-1.0,SL,2022Q2,2022,11
1408,49725,2022-04-22 06:00:00,49727,2022-04-22 07:00:00,SELL,1947.29,1952.1885714285713,1952.1885714285713,1937.4928571428572,0.1,-49.68571428571359,-489.85714285713584,-1.0,SL,2022Q2,2022,2
1409,49736,2022-04-22 11:30:00,49739,2022-04-22 13:00:00,SELL,1946.71,1934.567142857143,1952.7814285714287,1934.567142857143,0.1,120.7285714285711,1214.285714285711,1.9658060013956369,TP,2022Q2,2022,3
1410,49748,2022-04-22 17:30:00,49774,2022-04-25 07:30:00,SELL,1941.43,1918.99,1952.65,1918.99,0.1,223.70000000000056,2244.0000000000055,1.9813994685562446,TP,2022Q2,2022,26
1411,49804,2022-04-25 22:30:00,49838,2022-04-26 16:30:00,SELL,1900.56,1910.762857142857,1910.762857142857,1880.1542857142856,0.1,-102.72857142857056,-1020.2857142857056,-1.0,SL,2022Q2,2022,34
1412,49840,2022-04-26 17:30:00,49884,2022-04-27 16:30:00,SELL,1902.22,1883.837142857143,1911.4114285714286,1883.837142857143,0.1,183.1285714285712,1838.285714285712,1.977325312355391,TP,2022Q2,2022,44
1413,49895,2022-04-27 22:00:00,49941,2022-04-28 22:00:00,SELL,1886.59,1896.6214285714284,1896.6214285714284,1866.5271428571427,0.1,-101.01428571428478,-1003.1428571428478,-1.0,SL,2022Q2,2022,46
1414,49977,2022-04-29 17:00:00,49987,2022-04-29 22:00:00,BUY,1911.03,1901.462857142857,1901.462857142857,1930.1642857142856,0.1,-96.37142857142926,-956.7142857142926,-1.0,SL,2022Q2,2022,10
1415,50044,2022-05-03 04:30:00,50057,2022-05-03 11:00:00,SELL,1863.07,1852.6271428571429,1868.2914285714285,1852.6271428571429,0.1,103.72857142857065,1044.2857142857065,1.9603131749460039,TP,2022Q2,2022,13
1416,50062,2022-05-03 13:30:00,50067,2022-05-03 16:00:00,SELL,1857.91,1866.1057142857144,1866.1057142857144,1841.5185714285715,0.1,-82.65714285714303,-819.5714285714303,-1.0,SL,2022Q2,2022,5
1417,50080,2022-05-03 22:30:00,50124,2022-05-04 21:30:00,SELL,1867.04,1877.04,1877.04,1847.04,0.1,-100.7,-1000.0,-1.0,SL,2022Q2,2022,44
1418,50149,2022-05-05 11:00:00,50158,2022-05-05 15:30:00,BUY,1895.2,1908.1,1888.7500000000002,1908.1,0.1,128.29999999999865,1289.9999999999864,1.9677914110429788,TP,2022Q2,2022,9
1419,50187,2022-05-06 07:00:00,50204,2022-05-06 15:30:00,BUY,1877.13,1889.1014285714286,1871.1442857142858,1889.1014285714286,0.1,119.01428571428532,1197.1428571428532,1.9653220099079969,TP,2022Q2,2022,17
1420,50206,2022-05-06 16:30:00,50236,2022-05-09 08:30:00,BUY,1880.47,1870.98,1870.98,1899.45,0.1,-95.6000000000001,-949.0000000000009,-1.0,SL,2022Q2,2022,30
1421,50251,2022-05-09 16:00:00,50300,2022-05-10 17:30:00,SELL,1864.34,1845.7714285714285,1873.6242857142856,1845.7714285714285,0.1,184.98571428571432,1856.8571428571431,1.977550397067807,TP,2022Q2,2022,49
1422,50343,2022-05-11 16:00:00,50343,2022-05-11 16:00:00,SELL,1839.44,1848.7985714285714,1848.7985714285714,1820.722857142857,0.1,-94.28571428571395,-935.8571428571395,-1.0,SL,2022Q2,2022,0
1423,50369,2022-05-12 06:00:00,50386,2022-05-12 14:30:00,SELL,1853.2,1843.402857142857,1858.0985714285714,1843.402857142857,0.1,97.27142857142944,979.7142857142944,1.9577343300748007,TP,2022Q2,2022,17
1424,50391,2022-05-12 17:00:00,50406,2022-05-13 01:30:00,SELL,1839.05,1817.307142857143,1849.9214285714286,1817.307142857143,0.1,216.7285714285702,2174.285714285702,1.9808068938503516,TP,2022Q2,2022,15
1425,50417,2022-05-13 07:00:00,50433,2022-05-13 15:00:00,SELL,1824.82,1811.9314285714286,1831.2642857142857,1811.9314285714286,0.1,128.1857142857137,1288.8571428571368,1.9677631578947024,TP,2022Q2,2022,16
1426,50439,2022-05-13 18:00:00,50470,2022-05-16 10:30:00,SELL,1814.73,1791.5757142857144,1826.307142857143,1791.5757142857144,0.1,230.84285714285608,2315.4285714285606,1.9819698270575055,TP,2022Q2,2022,31
1427,50471,2022-05-16 11:00:00,50471,2022-05-16 11:00:00,SELL,1792.7,1801.0357142857142,1801.0357142857142,1776.0285714285717,0.1,-84.05714285714176,-833.5714285714175,-1.0,SL,2022Q2,2022,0
1428,50475,2022-05-16 13:00:00,50483,2022-05-16 17:00:00,SELL,1800.31,1811.01,1811.01,1778.91,0.1,-107.70000000000046,-1070.0000000000045,-1.0,SL,2022Q2,2022,8
1429,50517,2022-05-17 11:00:00,50521,2022-05-17 13:00:00,SELL,1824.09,1830.2542857142857,1830.2542857142857,1811.7614285714283,0.1,-62.34285714285825,-616.4285714285825,-1.0,SL,2022Q2,2022,4
1430,50561,2022-05-18 10:00:00,50561,2022-05-18 10:00:00,SELL,1809.62,1815.0928571428572,1815.0928571428572,1798.6742857142856,0.1,-55.42857142857265,-547.2857142857265,-1.0,SL,2022Q2,2022,0
1431,50570,2022-05-18 14:30:00,50578,2022-05-18 18:30:00,SELL,1812.73,1819.0414285714285,1819.0414285714285,1800.107142857143,0.1,-63.81428571428451,-631.1428571428451,-1.0,SL,2022Q2,2022,8
1432,50587,2022-05-18 23:00:00,50611,2022-05-19 12:00:00,SELL,1816.06,1824.1842857142856,1824.1842857142856,1799.8114285714285,0.1,-81.94285714285634,-812.4285714285634,-1.0,SL,2022Q2,2022,24
1433,50646,2022-05-20 06:30:00,50652,2022-05-20 09:30:00,BUY,1839.85,1848.2785714285712,1835.6357142857141,1848.2785714285712,0.1,83.58571428571331,842.8571428571331,1.9509836612203544,TP,2022Q2,2022,6
1434,50656,2022-05-20 11:30:00,50665,2022-05-20 16:00:00,BUY,1845.46,1839.7385714285715,1839.7385714285715,1856.902857142857,0.1,-57.91428571428533,-572.1428571428532,-1.0,SL,2022Q2,2022,9
1435,50670,2022-05-20 18:30:00,50701,2022-05-23 11:00:00,BUY,1844.95,1861.347142857143,1836.7514285714287,1861.347142857143,0.1,163.27142857142854,1639.7142857142853,1.9746026261230403,TP,2022Q2,2022,31
1436,50722,2022-05-23 21:30:00,50803,2022-05-25 16:00:00,BUY,1855.43,1848.2957142857142,1848.2957142857142,1869.6985714285715,0.1,-72.04285714285852,-713.4285714285852,-1.0,SL,2022Q2,2022,81
1437,50825,2022-05-26 04:00:00,50845,2022-05-26 14:00:00,SELL,1852.35,1842.8757142857144,1857.0871428571427,1842.8757142857144,0.1,94.04285714285542,947.4285714285543,1.9563150074294196,TP,2022Q2,2022,20
1438,50849,2022-05-26 16:00:00,50851,2022-05-26 17:00:00,SELL,1843.22,1850.0385714285715,1850.0385714285715,1829.5828571428572,0.1,-68.88571428571431,-681.8571428571431,-1.0,SL,2022Q2,2022,2
1439,50853,2022-05-26 18:00:00,50872,2022-05-27 04:30:00,SELL,1846.53,1855.2742857142857,1855.2742857142857,1829.0414285714285,0.1,-88.14285714285752,-874.4285714285752,-1.0,SL,2022Q2,2022,19
1440,50896,2022-05-27 16:30:00,50897,2022-05-27 17:00:00,BUY,1860.45,1853.577142857143,1853.577142857143,1874.1957142857143,0.1,-69.42857142857129,-687.2857142857129,-1.0,SL,2022Q2,2022,1
1441,50919,2022-05-30 05:00:00,50954,2022-05-31 02:00:00,BUY,1856.87,1852.2757142857142,1852.2757142857142,1866.0585714285712,0.1,-46.64285714285661,-459.4285714285661,-1.0,SL,2022Q2,2022,35
1442,50964,2022-05-31 07:00:00,50972,2022-05-31 11:00:00,SELL,1852.1,1856.6,1856.6,1843.1000000000001,0.1,-45.7,-450.0,-1.0,SL,2022Q2,2022,8
1443,50974,2022-05-31 12:00:00,50984,2022-05-31 17:00:00,SELL,1852.49,1843.587142857143,1856.9414285714286,1843.587142857143,0.1,88.32857142857101,890.2857142857101,1.9535545023696679,TP,2022Q2,2022,10
1444,50985,2022-05-31 17:30:00,51061,2022-06-02 09:30:00,SELL,1842.49,1851.4142857142858,1851.4142857142858,1824.6414285714286,0.1,-89.94285714285816,-892.4285714285816,-1.0,SL,2022Q2,2022,76
1445,51075,2022-06-02 16:30:00,51119,2022-06-03 15:30:00,BUY,1862.69,1856.6471428571429,1856.6471428571429,1874.7757142857145,0.1,-61.128571428572016,-604.2857142857201,-1.0,SL,2022Q2,2022,44
1446,51143,2022-06-06 04:30:00,51167,2022-06-06 16:30:00,BUY,1853.51,1849.83,1849.83,1860.87,0.1,-37.50000000000064,-368.00000000000637,-1.0,SL,2022Q2,2022,24
1447,51168,2022-06-06 17:00:00,51185,2022-06-07 02:30:00,SELL,1850.35,1838.3899999999999,1856.33,1838.3899999999999,0.1,118.90000000000036,1196.0000000000036,1.965289256198347,TP,2022Q2,2022,17
1448,51193,2022-06-07 06:30:00,51200,2022-06-07 10:00:00,SELL,1841.43,1845.267142857143,1845.267142857143,1833.7557142857142,0.1,-39.07142857142908,-383.7142857142908,-1.0,SL,2022Q2,2022,7
1449,51212,2022-06-07 16:00:00,51213,2022-06-07 16:30:00,SELL,1844.93,1851.2385714285715,1851.2385714285715,1832.3128571428572,0.1,-63.785714285714405,-630.857142857144,-1.0,SL,2022Q2,2022,1
1450,51233,2022-06-08 03:30:00,51258,2022-06-08 16:00:00,SELL,1850.66,1854.9828571428573,1854.9828571428573,1842.0142857142857,0.1,-43.92857142857174,-432.2857142857174,-1.0,SL,2022Q2,2022,25
1451,51268,2022-06-08 21:00:00,51300,2022-06-09 14:00:00,BUY,1854.81,1847.2271428571428,1847.2271428571428,1869.9757142857143,0.1,-76.52857142857165,-758.2857142857165,-1.0,SL,2022Q2,2022,32
1452,51304,2022-06-09 16:00:00,51306,2022-06-09 17:00:00,BUY,1850.67,1844.2014285714288,1844.2014285714288,1863.6071428571427,0.1,-65.38571428571295,-646.8571428571295,-1.0,SL,2022Q2,2022,2
1453,51307,2022-06-09 17:30:00,51311,2022-06-09 19:30:00,SELL,1842.15,1849.95,1849.95,1826.5500000000002,0.1,-78.69999999999955,-779.9999999999955,-1.0,SL,2022Q2,2022,4
1454,51317,2022-06-09 22:30:00,51347,2022-06-10 14:30:00,SELL,1847.52,1833.7885714285715,1854.3857142857144,1833.7885714285715,0.1,136.61428571428524,1373.1428571428523,1.9697219361482685,TP,2022Q2,2022,30
1455,51351,2022-06-10 16:30:00,51352,2022-06-10 17:00:00,SELL,1832.45,1842.1014285714286,1842.1014285714286,1813.1471428571429,0.1,-97.21428571428596,-965.1428571428596,-1.0,SL,2022Q2,2022,1
1456,51381,2022-06-13 08:30:00,51384,2022-06-13 10:00:00,BUY,1865.92,1859.9685714285715,1859.9685714285715,1877.8228571428572,0.1,-60.21428571428551,-595.1428571428551,-1.0,SL,2022Q2,2022,3
1457,51423,2022-06-14 06:30:00,51447,2022-06-14 18:30:00,SELL,1825.21,1810.2957142857144,1832.6671428571428,1810.2957142857144,0.1,148.44285714285598,1491.4285714285597,1.9721009679256025,TP,2022Q2,2022,24
1458,51464,2022-06-15 04:00:00,51465,2022-06-15 04:30:00,SELL,1811.38,1815.947142857143,1815.947142857143,1802.2457142857143,0.1,-46.37142857142926,-456.7142857142926,-1.0,SL,2022Q2,2022,1
1459,51491,2022-06-15 17:30:00,51499,2022-06-15 21:30:00,SELL,1823.29,1832.95,1832.95,1803.9699999999998,0.1,-97.30000000000082,-966.0000000000082,-1.0,SL,2022Q2,2022,8
1460,51517,2022-06-16 07:30:00,51526,2022-06-16 12:00:00,SELL,1830.54,1835.3742857142856,1835.3742857142856,1820.8714285714286,0.1,-49.042857142856704,-483.428571428567,-1.0,SL,2022Q2,2022,9
1461,51527,2022-06-16 12:30:00,51528,2022-06-16 13:00:00,BUY,1832.53,1826.1571428571428,1826.1571428571428,1845.275714285714,0.1,-64.42857142857129,-637.2857142857129,-1.0,SL,2022Q2,2022,1
1462,51536,2022-06-16 17:00:00,51541,2022-06-16 19:30:00,BUY,1828.13,1851.7671428571427,1816.3114285714287,1851.7671428571427,0.1,235.67142857142636,2363.7142857142635,1.9823359769286037,TP,2022Q2,2022,5
1463,51557,2022-06-17 04:30:00,51581,2022-06-17 16:30:00,BUY,1847.24,1841.4571428571428,1841.4571428571428,1858.8057142857144,0.1,-58.52857142857211,-578.285714285721,-1.0,SL,2022Q2,2022,24
1464,51606,2022-06-20 06:00:00,51628,2022-06-20 17:00:00,BUY,1842.57,1836.0985714285714,1836.0985714285714,1855.512857142857,0.1,-65.41428571428533,-647.1428571428532,-1.0,SL,2022Q2,2022,22
1465,51638,2022-06-21 01:30:00,51652,2022-06-21 08:30:00,BUY,1838.77,1834.1714285714286,1834.1714285714286,1847.9671428571428,0.1,-46.68571428571404,-459.8571428571404,-1.0,SL,2022Q2,2022,14
1466,51658,2022-06-21 11:30:00,51669,2022-06-21 17:00:00,SELL,1834.83,1840.205714285714,1840.205714285714,1824.0785714285714,0.1,-54.45714285714139,-537.5714285714139,-1.0,SL,2022Q2,2022,11
1467,51673,2022-06-21 19:00:00,51712,2022-06-22 15:30:00,SELL,1835.14,1843.2228571428573,1843.2228571428573,1818.974285714286,0.1,-81.52857142857165,-808.2857142857165,-1.0,SL,2022Q2,2022,39
1468,51730,2022-06-23 01:30:00,51737,2022-06-23 05:00:00,BUY,1837.8,1832.4385714285713,1832.4385714285713,1848.5228571428572,0.1,-54.31428571428633,-536.1428571428632,-1.0,SL,2022Q2,2022,7
1469,51746,2022-06-23 09:30:00,51748,2022-06-23 10:30:00,SELL,1833.6,1838.1885714285713,1838.1885714285713,1824.422857142857,0.1,-46.58571428571413,-458.8571428571413,-1.0,SL,2022Q2,2022,2
1470,51751,2022-06-23 12:00:00,51759,2022-06-23 16:00:00,SELL,1832.97,1838.0757142857144,1838.0757142857144,1822.7585714285713,0.1,-51.75714285714385,-510.57142857143845,-1.0,SL,2022Q2,2022,8
1471,51765,2022-06-23 19:00:00,51885,2022-06-28 10:00:00,SELL,1833.16,1826.77,1841.9485714285718,1815.582857142857,0.1,63.200000000001,639.00000000001,0.7134333172068926,TIME_EXIT,2022Q2,2022,120
1472,51891,2022-06-28 13:00:00,51930,2022-06-29 09:30:00,SELL,1824.58,1816.3114285714285,1828.7142857142856,1816.3114285714285,0.1,81.98571428571476,826.8571428571477,1.950050968399645,TP,2022Q2,2022,39
1473,51931,2022-06-29 10:00:00,51938,2022-06-29 13:30:00,SELL,1817.51,1821.1371428571429,1821.1371428571429,1810.2557142857142,0.1,-36.97142857142872,-362.71428571428714,-1.0,SL,2022Q2,2022,7
1474,51945,2022-06-29 17:00:00,52020,2022-07-01 08:30:00,SELL,1816.71,1798.8157142857142,1825.6571428571428,1798.8157142857142,0.1,178.24285714285844,1789.4285714285843,1.9767110266159946,TP,2022Q2,2022,75
1475,52037,2022-07-01 17:00:00,52037,2022-07-01 17:00:00,SELL,1794.5,1804.2428571428572,1804.2428571428572,1775.0142857142857,0.1,-98.12857142857247,-974.2857142857247,-1.0,SL,2022Q3,2022,0
1476,52071,2022-07-04 11:00:00,52119,2022-07-05 14:30:00,SELL,1808.68,1798.5657142857144,1813.7371428571428,1798.5657142857144,0.1,100.44285714285643,1011.4285714285643,1.9590415157425896,TP,2022Q3,2022,48
1477,52122,2022-07-05 16:00:00,52123,2022-07-05 16:30:00,SELL,1800.36,1785.6114285714284,1807.7342857142855,1785.6114285714284,0.1,146.78571428571496,1474.8571428571495,1.9717904432930642,TP,2022Q3,2022,1
1478,52146,2022-07-06 05:00:00,52169,2022-07-06 16:30:00,SELL,1768.31,1758.4128571428573,1773.2585714285713,1758.4128571428573,0.1,98.27142857142626,989.7142857142626,1.9581554227156266,TP,2022Q3,2022,23
1479,52170,2022-07-06 17:00:00,52172,2022-07-06 18:00:00,SELL,1758.23,1740.0157142857145,1767.337142857143,1740.0157142857145,0.1,181.44285714285553,1821.4285714285552,1.977117061021146,TP,2022Q3,2022,2
1480,52202,2022-07-07 10:00:00,52215,2022-07-07 16:30:00,SELL,1743.43,1748.9142857142858,1748.9142857142858,1732.4614285714285,0.1,-55.54285714285761,-548.4285714285761,-1.0,SL,2022Q3,2022,13
1481,52218,2022-07-07 18:00:00,52263,2022-07-08 17:30:00,SELL,1741.43,1749.4828571428573,1749.4828571428573,1725.3242857142857,0.1,-81.22857142857193,-805.2857142857192,-1.0,SL,2022Q3,2022,45
1482,52272,2022-07-08 22:00:00,52373,2022-07-13 03:30:00,SELL,1741.72,1722.8514285714286,1751.1542857142858,1722.8514285714286,0.1,187.98571428571387,1886.8571428571386,1.9779047046444975,TP,2022Q3,2022,101
1483,52380,2022-07-13 07:00:00,52394,2022-07-13 14:00:00,SELL,1727.09,1730.6414285714284,1730.6414285714284,1719.9871428571428,0.1,-36.2142857142846,-355.14285714284597,-1.0,SL,2022Q3,2022,14
1484,52398,2022-07-13 16:00:00,52399,2022-07-13 16:30:00,SELL,1712.71,1721.3242857142857,1721.3242857142857,1695.4814285714288,0.1,-86.84285714285643,-861.4285714285643,-1.0,SL,2022Q3,2022,1
1485,52417,2022-07-14 02:30:00,52432,2022-07-14 10:00:00,SELL,1732.43,1720.9014285714286,1738.1942857142858,1720.9014285714286,0.1,114.58571428571467,1152.8571428571468,1.9640058765915769,TP,2022Q3,2022,15
1486,52451,2022-07-14 19:30:00,52521,2022-07-18 08:30:00,SELL,1705.33,1718.2842857142857,1718.2842857142857,1679.4214285714286,0.1,-130.24285714285787,-1295.4285714285788,-1.0,SL,2022Q3,2022,70
1487,52532,2022-07-18 14:00:00,52635,2022-07-20 19:30:00,SELL,1715.93,1703.3157142857144,1722.237142857143,1703.3157142857144,0.1,125.44285714285643,1261.4285714285643,1.967069892473083,TP,2022Q3,2022,103
1488,52665,2022-07-21 11:30:00,52672,2022-07-21 15:00:00,SELL,1688.02,1693.4614285714285,1693.4614285714285,1677.1371428571426,0.1,-55.1142857142856,-544.142857142856,-1.0,SL,2022Q3,2022,7
1489,52705,2022-07-22 08:30:00,52712,2022-07-22 12:00:00,BUY,1714.99,1721.1471428571429,1711.9114285714286,1721.1471428571429,0.1,60.87142857142844,615.7142857142844,1.9333030852994553,TP,2022Q3,2022,7
1490,52736,2022-07-25 01:00:00,52767,2022-07-25 16:30:00,BUY,1726.75,1719.432857142857,1719.432857142857,1741.3842857142859,0.1,-73.87142857142926,-731.7142857142926,-1.0,SL,2022Q3,2022,31
1491,52787,2022-07-26 03:30:00,52806,2022-07-26 13:00:00,BUY,1721.84,1718.1785714285713,1718.1785714285713,1729.1628571428573,0.1,-37.31428571428587,-366.1428571428587,-1.0,SL,2022Q3,2022,19
1492,52815,2022-07-26 17:30:00,52815,2022-07-26 17:30:00,BUY,1721.35,1714.6399999999999,1714.6399999999999,1734.77,0.1,-67.80000000000037,-671.0000000000036,-1.0,SL,2022Q3,2022,0
1493,52831,2022-07-27 02:30:00,52846,2022-07-27 10:00:00,SELL,1718.05,1721.3057142857142,1721.3057142857142,1711.5385714285715,0.1,-33.25714285714248,-325.5714285714248,-1.0,SL,2022Q3,2022,15
1494,52854,2022-07-27 14:00:00,52868,2022-07-27 21:00:00,SELL,1719.91,1725.127142857143,1725.127142857143,1709.4757142857143,0.1,-52.87142857143017,-521.7142857143017,-1.0,SL,2022Q3,2022,14
1495,52871,2022-07-27 22:30:00,52930,2022-07-29 06:00:00,BUY,1738.28,1758.48,1728.1799999999998,1758.48,0.1,201.30000000000047,2020.0000000000045,1.9793510324483556,TP,2022Q3,2022,59
1496,52931,2022-07-29 06:30:00,52936,2022-07-29 09:00:00,BUY,1758.94,1766.7914285714285,1755.0142857142857,1766.7914285714285,0.1,77.81428571428414,785.1428571428414,1.9474436896674443,TP,2022Q3,2022,5
1497,52946,2022-07-29 14:00:00,52948,2022-07-29 15:00:00,BUY,1762.74,1756.5714285714284,1756.5714285714284,1775.077142857143,0.1,-62.38571428571568,-616.8571428571568,-1.0,SL,2022Q3,2022,2
1498,52949,2022-07-29 15:30:00,52951,2022-07-29 16:30:00,BUY,1761.6,1754.4914285714285,1754.4914285714285,1775.817142857143,0.1,-71.78571428571395,-710.8571428571395,-1.0,SL,2022Q3,2022,2
1499,52954,2022-07-29 18:00:00,53040,2022-08-02 15:00:00,BUY,1762.82,1780.82,1753.82,1780.82,0.1,179.3,1800.0,1.9768467475192943,TP,2022Q3,2022,86
1500,53044,2022-08-02 17:00:00,53051,2022-08-02 20:30:00,BUY,1780.63,1771.7414285714287,1771.7414285714287,1798.407142857143,0.1,-89.58571428571368,-888.8571428571368,-1.0,SL,2022Q3,2022,7
1501,53066,2022-08-03 05:00:00,53090,2022-08-03 17:00:00,BUY,1764.89,1757.47,1757.47,1779.7300000000002,0.1,-74.90000000000073,-742.0000000000073,-1.0,SL,2022Q3,2022,24
1502,53106,2022-08-04 02:00:00,53109,2022-08-04 03:30:00,SELL,1763.16,1767.4014285714286,1767.4014285714286,1754.6771428571428,0.1,-43.114285714285145,-424.1428571428514,-1.0,SL,2022Q3,2022,3
1503,53136,2022-08-04 17:00:00,53179,2022-08-05 15:30:00,BUY,1783.65,1775.4785714285715,1775.4785714285715,1799.9928571428572,0.1,-82.41428571428578,-817.1428571428578,-1.0,SL,2022Q3,2022,43
1504,53207,2022-08-08 06:30:00,53211,2022-08-08 08:30:00,SELL,1772.32,1776.5085714285715,1776.5085714285715,1763.942857142857,0.1,-42.5857142857155,-418.85714285715494,-1.0,SL,2022Q3,2022,4
1505,53217,2022-08-08 11:30:00,53219,2022-08-08 12:30:00,SELL,1773.28,1777.6357142857141,1777.6357142857141,1764.5685714285714,0.1,-44.257142857141574,-435.5714285714157,-1.0,SL,2022Q3,2022,2
1506,53258,2022-08-09 09:00:00,53258,2022-08-09 09:00:00,BUY,1788.73,1785.0542857142857,1785.0542857142857,1796.0814285714284,0.1,-37.45714285714321,-367.5714285714321,-1.0,SL,2022Q3,2022,0
1507,53262,2022-08-09 11:00:00,53272,2022-08-09 16:00:00,BUY,1787.29,1796.7157142857143,1782.577142857143,1796.7157142857143,0.1,93.5571428571432,942.5714285714321,1.9560931899642042,TP,2022Q3,2022,10
1508,53277,2022-08-09 18:30:00,53317,2022-08-10 15:30:00,BUY,1792.6,1807.405714285714,1785.1971428571428,1807.405714285714,0.1,147.35714285714204,1480.5714285714203,1.9718982986044733,TP,2022Q3,2022,40
1509,53318,2022-08-10 16:00:00,53328,2022-08-10 21:00:00,BUY,1797.45,1789.5857142857144,1789.5857142857144,1813.1785714285716,0.1,-79.34285714285643,-786.4285714285643,-1.0,SL,2022Q3,2022,10
1510,53354,2022-08-11 11:00:00,53362,2022-08-11 15:00:00,BUY,1788.15,1797.6700000000003,1783.39,1797.6700000000003,0.1,94.50000000000209,952.0000000000209,1.9565217391304817,TP,2022Q3,2022,8
1511,53367,2022-08-11 17:30:00,53368,2022-08-11 18:00:00,BUY,1794.89,1787.9085714285716,1787.9085714285716,1808.8528571428574,0.1,-70.51428571428524,-698.1428571428523,-1.0,SL,2022Q3,2022,1
1512,53373,2022-08-11 20:30:00,53447,2022-08-15 11:30:00,BUY,1791.48,1783.347142857143,1783.347142857143,1807.7457142857145,0.1,-82.0285714285712,-813.285714285712,-1.0,SL,2022Q3,2022,74
1513,53456,2022-08-15 16:00:00,53554,2022-08-17 19:00:00,SELL,1779.85,1761.1842857142856,1789.182857142857,1761.1842857142856,0.1,185.9571428571433,1866.571428571433,1.9776663628076574,TP,2022Q3,2022,98
1514,53560,2022-08-17 22:00:00,53643,2022-08-19 17:30:00,SELL,1766.44,1748.2542857142857,1775.5328571428572,1748.2542857142857,0.1,181.15714285714313,1818.5714285714312,1.9770813844714688,TP,2022Q3,2022,83
1515,53667,2022-08-22 06:30:00,53674,2022-08-22 10:00:00,SELL,1746.55,1739.7785714285712,1749.9357142857143,1739.7785714285712,0.1,67.01428571428714,677.1428571428714,1.9392310872261276,TP,2022Q3,2022,7
1516,53689,2022-08-22 17:30:00,53723,2022-08-23 11:30:00,SELL,1735.54,1744.0242857142857,1744.0242857142857,1718.5714285714284,0.1,-85.54285714285761,-848.4285714285761,-1.0,SL,2022Q3,2022,34
1517,53727,2022-08-23 13:30:00,53733,2022-08-23 16:30:00,SELL,1736.01,1741.5128571428572,1741.5128571428572,1725.0042857142857,0.1,-55.72857142857238,-550.2857142857238,-1.0,SL,2022Q3,2022,6
1518,53751,2022-08-24 02:30:00,53768,2022-08-24 11:00:00,SELL,1745.7,1749.1385714285714,1749.1385714285714,1738.8228571428572,0.1,-35.08571428571322,-343.8571428571322,-1.0,SL,2022Q3,2022,17
1519,53769,2022-08-24 11:30:00,53772,2022-08-24 13:00:00,BUY,1750.01,1745.9685714285713,1745.9685714285713,1758.0928571428572,0.1,-41.114285714286964,-404.1428571428696,-1.0,SL,2022Q3,2022,3
1520,53781,2022-08-24 17:30:00,53815,2022-08-25 11:30:00,BUY,1750.08,1764.0028571428572,1743.1185714285712,1764.0028571428572,0.1,138.52857142857312,1392.285714285731,1.970134091832557,TP,2022Q3,2022,34
1521,53832,2022-08-25 20:00:00,53859,2022-08-26 10:30:00,BUY,1758.38,1752.0814285714287,1752.0814285714287,1770.9771428571428,0.1,-63.685714285714496,-629.8571428571449,-1.0,SL,2022Q3,2022,27
1522,53871,2022-08-26 16:30:00,53872,2022-08-26 17:00:00,BUY,1751.16,1744.4014285714286,1744.4014285714286,1764.6771428571428,0.1,-68.28571428571486,-675.8571428571486,-1.0,SL,2022Q3,2022,1
1523,53874,2022-08-26 18:00:00,53899,2022-08-29 07:30:00,SELL,1741.41,1723.167142857143,1750.5314285714287,1723.167142857143,0.1,181.7285714285702,1824.285714285702,1.9771526266707868,TP,2022Q3,2022,25
1524,53940,2022-08-30 05:00:00,53961,2022-08-30 15:30:00,SELL,1735.59,1728.7899999999997,1738.99,1728.7899999999997,0.1,67.30000000000182,680.0000000000182,1.9394812680115288,TP,2022Q3,2022,21
1525,53995,2022-08-31 09:30:00,53999,2022-08-31 11:30:00,SELL,1721.96,1714.4485714285718,1725.7157142857143,1714.4485714285718,0.1,74.41428571428268,751.1428571428269,1.9451082897684238,TP,2022Q3,2022,4
1526,54016,2022-08-31 20:00:00,54053,2022-09-01 15:30:00,SELL,1716.03,1699.6214285714282,1724.2342857142858,1699.6214285714282,0.1,163.38571428571805,1640.8571428571804,1.9746201657458842,TP,2022Q3,2022,37
1527,54072,2022-09-02 02:00:00,54085,2022-09-02 08:30:00,SELL,1695.45,1701.3414285714287,1701.3414285714287,1683.667142857143,0.1,-59.614285714286055,-589.1428571428605,-1.0,SL,2022Q3,2022,13
1528,54113,2022-09-02 22:30:00,54162,2022-09-06 03:30:00,SELL,1709.65,1717.7542857142857,1717.7542857142857,1693.4414285714288,0.1,-81.74285714285652,-810.4285714285652,-1.0,SL,2022Q3,2022,49
1529,54172,2022-09-06 08:30:00,54179,2022-09-06 12:00:00,BUY,1717.08,1711.2857142857142,1711.2857142857142,1728.6685714285716,0.1,-58.64285714285707,-579.4285714285706,-1.0,SL,2022Q3,2022,7
1530,54185,2022-09-06 15:00:00,54186,2022-09-06 15:30:00,BUY,1714.7,1709.55,1709.55,1725.0,0.1,-52.20000000000091,-515.0000000000091,-1.0,SL,2022Q3,2022,1
1531,54208,2022-09-07 03:30:00,54221,2022-09-07 10:00:00,SELL,1694.87,1699.9099999999999,1699.9099999999999,1684.79,0.1,-51.09999999999964,-503.99999999999636,-1.0,SL,2022Q3,2022,13
1532,54222,2022-09-07 10:30:00,54222,2022-09-07 10:30:00,SELL,1697.55,1703.5642857142857,1703.5642857142857,1685.5214285714285,0.1,-60.84285714285734,-601.4285714285734,-1.0,SL,2022Q3,2022,0
1533,54231,2022-09-07 15:00:00,54235,2022-09-07 17:00:00,SELL,1701.08,1707.2971428571427,1707.2971428571427,1688.6457142857143,0.1,-62.8714285714279,-621.714285714279,-1.0,SL,2022Q3,2022,4
1534,54259,2022-09-08 06:00:00,54267,2022-09-08 10:00:00,BUY,1715.24,1722.5371428571427,1711.5914285714287,1722.5371428571427,0.1,72.27142857142717,729.7142857142717,1.9435266999615814,TP,2022Q3,2022,8
1535,54271,2022-09-08 12:00:00,54276,2022-09-08 14:30:00,BUY,1718.2,1727.8714285714286,1713.3642857142859,1727.8714285714286,0.1,96.01428571428578,967.1428571428578,1.9571927781013847,TP,2022Q3,2022,5
1536,54299,2022-09-09 03:00:00,54304,2022-09-09 05:30:00,BUY,1710.87,1718.547142857143,1707.0314285714285,1718.547142857143,0.1,76.07142857143053,767.7142857143053,1.9462719298246192,TP,2022Q3,2022,5
1537,54333,2022-09-09 20:00:00,54353,2022-09-12 07:00:00,BUY,1720.2,1712.1571428571428,1712.1571428571428,1736.2857142857142,0.1,-81.12857142857202,-804.2857142857201,-1.0,SL,2022Q3,2022,20
1538,54359,2022-09-12 10:00:00,54369,2022-09-12 15:00:00,BUY,1720.77,1730.7242857142855,1715.7928571428572,1730.7242857142855,0.1,98.8428571428556,995.4285714285561,1.958392301160486,TP,2022Q3,2022,10
1539,54374,2022-09-12 17:30:00,54393,2022-09-13 04:00:00,BUY,1728.38,1721.227142857143,1721.227142857143,1742.6857142857143,0.1,-72.22857142857102,-715.2857142857101,-1.0,SL,2022Q3,2022,19
1540,54406,2022-09-13 10:30:00,54416,2022-09-13 15:30:00,BUY,1724.76,1720.19,1720.19,1733.9,0.1,-46.399999999999366,-456.99999999999363,-1.0,SL,2022Q3,2022,10
1541,54449,2022-09-14 09:00:00,54462,2022-09-14 15:30:00,SELL,1701.46,1706.6142857142859,1706.6142857142859,1691.1514285714286,0.1,-52.24285714285834,-515.4285714285834,-1.0,SL,2022Q3,2022,13
1542,54466,2022-09-14 17:30:00,54492,2022-09-15 07:30:00,SELL,1701.82,1689.1685714285713,1708.1457142857143,1689.1685714285713,0.1,125.81428571428596,1265.1428571428596,1.9671655126200231,TP,2022Q3,2022,26
1543,54505,2022-09-15 14:00:00,54508,2022-09-15 15:30:00,SELL,1686.37,1691.8728571428571,1691.8728571428571,1675.3642857142854,0.1,-55.72857142857238,-550.2857142857238,-1.0,SL,2022Q3,2022,3
1544,54510,2022-09-15 16:30:00,54510,2022-09-15 16:30:00,SELL,1683.17,1690.1914285714288,1690.1914285714288,1669.1271428571429,0.1,-70.91428571428715,-702.1428571428714,-1.0,SL,2022Q3,2022,0
1545,54512,2022-09-15 17:30:00,54512,2022-09-15 17:30:00,SELL,1684.13,1666.4985714285715,1692.9457142857145,1666.4985714285715,0.1,175.61428571428615,1763.1428571428614,1.9763665594855053,TP,2022Q3,2022,0
1546,54513,2022-09-15 18:00:00,54558,2022-09-16 17:30:00,SELL,1668.38,1679.707142857143,1679.707142857143,1645.7257142857143,0.1,-113.97142857142917,-1132.7142857142917,-1.0,SL,2022Q3,2022,45
1547,54578,2022-09-19 04:30:00,54589,2022-09-19 10:00:00,SELL,1673.07,1662.1585714285713,1678.5257142857142,1662.1585714285713,0.1,108.41428571428587,1091.1428571428587,1.9619958634953463,TP,2022Q3,2022,11
1548,54599,2022-09-19 15:00:00,54602,2022-09-19 16:30:00,SELL,1661.94,1668.0557142857142,1668.0557142857142,1649.7085714285715,0.1,-61.85714285714148,-611.5714285714148,-1.0,SL,2022Q3,2022,3
1549,54603,2022-09-19 17:00:00,54604,2022-09-19 17:30:00,SELL,1664.56,1672.1699999999998,1672.1699999999998,1649.34,0.1,-76.799999999999,-760.99999999999,-1.0,SL,2022Q3,2022,1
1550,54630,2022-09-20 07:30:00,54640,2022-09-20 12:30:00,SELL,1674.16,1666.7542857142857,1677.8628571428571,1666.7542857142857,0.1,73.35714285714339,740.5714285714339,1.9443392654298202,TP,2022Q3,2022,10
1551,54662,2022-09-20 23:30:00,54679,2022-09-21 09:00:00,SELL,1664.56,1670.2185714285715,1670.2185714285715,1653.242857142857,0.1,-57.28571428571577,-565.8571428571577,-1.0,SL,2022Q3,2022,17
1552,54696,2022-09-21 17:30:00,54703,2022-09-21 21:00:00,SELL,1669.94,1659.534285714286,1675.142857142857,1659.534285714286,0.1,103.35714285714111,1040.5714285714112,1.960173394743971,TP,2022Q3,2022,7
1553,54704,2022-09-21 21:30:00,54704,2022-09-21 21:30:00,SELL,1665.39,1672.9614285714285,1672.9614285714285,1650.2471428571432,0.1,-76.41428571428442,-757.1428571428442,-1.0,SL,2022Q3,2022,0
1554,54706,2022-09-21 22:30:00,54712,2022-09-22 02:30:00,BUY,1679.39,1667.7300000000002,1667.7300000000002,1702.7099999999998,0.1,-117.29999999999855,-1165.9999999999854,-1.0,SL,2022Q3,2022,6
1555,54744,2022-09-22 18:30:00,54780,2022-09-23 13:30:00,SELL,1670.47,1646.07,1682.67,1646.07,0.1,243.30000000000092,2440.000000000009,1.9828850855745723,TP,2022Q3,2022,36
1556,54809,2022-09-26 05:00:00,54911,2022-09-28 10:00:00,SELL,1640.26,1619.402857142857,1650.6885714285713,1619.402857142857,0.1,207.8714285714289,2085.714285714289,1.9799972785413196,TP,2022Q3,2022,102
1557,54915,2022-09-28 12:00:00,54917,2022-09-28 13:00:00,SELL,1620.02,1626.6657142857143,1626.6657142857143,1606.7285714285715,0.1,-67.15714285714348,-664.5714285714348,-1.0,SL,2022Q3,2022,2
1558,54946,2022-09-29 04:30:00,54947,2022-09-29 05:00:00,BUY,1658.26,1653.6014285714284,1653.6014285714284,1667.577142857143,0.1,-47.28571428571577,-465.85714285715767,-1.0,SL,2022Q3,2022,1
1559,54951,2022-09-29 07:00:00,54953,2022-09-29 08:00:00,BUY,1654.6,1649.9328571428568,1649.9328571428568,1663.9342857142858,0.1,-47.37142857143063,-466.71428571430624,-1.0,SL,2022Q3,2022,2
1560,54965,2022-09-29 14:00:00,55000,2022-09-30 08:30:00,BUY,1650.17,1665.407142857143,1642.5514285714285,1665.407142857143,0.1,151.67142857143,1523.7142857142999,1.97268673355627,TP,2022Q3,2022,35
1561,55014,2022-09-30 15:30:00,55063,2022-10-03 17:00:00,BUY,1666.6,1682.6457142857141,1658.5771428571427,1682.6457142857141,0.1,159.75714285714213,1604.5714285714212,1.974051191526892,TP,2022Q3,2022,49
1562,55105,2022-10-04 15:00:00,55111,2022-10-04 18:00:00,BUY,1705.98,1723.0971428571427,1697.4214285714286,1723.0971428571427,0.1,170.47142857142654,1711.7142857142653,1.9756622516556028,TP,2022Q4,2022,6
1563,55130,2022-10-05 04:30:00,55130,2022-10-05 04:30:00,BUY,1723.05,1718.7885714285715,1718.7885714285715,1731.5728571428572,0.1,-43.31428571428496,-426.1428571428496,-1.0,SL,2022Q4,2022,0
1564,55140,2022-10-05 09:30:00,55142,2022-10-05 10:30:00,BUY,1723.13,1717.3071428571432,1717.3071428571432,1734.7757142857142,0.1,-58.92857142856947,-582.2857142856947,-1.0,SL,2022Q4,2022,2
1565,55162,2022-10-05 20:30:00,55244,2022-10-07 15:30:00,BUY,1711.85,1701.7185714285713,1701.7185714285713,1732.1128571428571,0.1,-102.01428571428615,-1013.1428571428614,-1.0,SL,2022Q4,2022,82
1566,55246,2022-10-07 16:30:00,55281,2022-10-10 11:00:00,SELL,1701.25,1680.6442857142856,1711.5528571428572,1680.6442857142856,0.1,205.35714285714386,2060.5714285714384,1.979754854703209,TP,2022Q4,2022,35
1567,55315,2022-10-11 05:00:00,55335,2022-10-11 15:00:00,SELL,1668.09,1672.3357142857142,1672.3357142857142,1659.5985714285712,0.1,-43.157142857142574,-424.5714285714257,-1.0,SL,2022Q4,2022,20
1568,55339,2022-10-11 17:00:00,55342,2022-10-11 18:30:00,SELL,1666.92,1674.42,1674.42,1651.92,0.1,-75.7,-750.0,-1.0,SL,2022Q4,2022,3
1569,55349,2022-10-11 22:00:00,55393,2022-10-12 21:00:00,SELL,1667.11,1676.3514285714286,1676.3514285714286,1648.6271428571426,0.1,-93.11428571428742,-924.1428571428742,-1.0,SL,2022Q4,2022,44
1570,55407,2022-10-13 05:00:00,55421,2022-10-13 12:00:00,SELL,1672.05,1676.6971428571428,1676.6971428571428,1662.7557142857142,0.1,-47.171428571428535,-464.7142857142853,-1.0,SL,2022Q4,2022,14
1571,55429,2022-10-13 16:00:00,55434,2022-10-13 18:30:00,SELL,1654.57,1664.7185714285713,1664.7185714285713,1634.272857142857,0.1,-102.18571428571359,-1014.8571428571358,-1.0,SL,2022Q4,2022,5
1572,55442,2022-10-13 22:30:00,55562,2022-10-18 13:30:00,SELL,1664.41,1651.37,1680.3757142857144,1632.4785714285715,0.1,129.70000000000192,1304.000000000019,0.8088195991091435,TIME_EXIT,2022Q4,2022,120
1573,55564,2022-10-18 14:30:00,55601,2022-10-19 10:00:00,SELL,1652.74,1638.2142857142858,1660.002857142857,1638.2142857142858,0.1,144.5571428571423,1452.571428571423,1.9713617767387799,TP,2022Q4,2022,37
1574,55650,2022-10-20 11:30:00,55654,2022-10-20 13:30:00,SELL,1629.67,1636.3985714285716,1636.3985714285716,1616.2128571428568,0.1,-67.98571428571513,-672.8571428571513,-1.0,SL,2022Q4,2022,4
1575,55659,2022-10-20 16:00:00,55661,2022-10-20 17:00:00,SELL,1632.52,1640.2314285714285,1640.2314285714285,1617.0971428571427,0.1,-77.81428571428542,-771.1428571428542,-1.0,SL,2022Q4,2022,2
1576,55668,2022-10-20 20:30:00,55706,2022-10-21 16:30:00,SELL,1632.1,1641.3999999999999,1641.3999999999999,1613.4999999999998,0.1,-93.69999999999955,-929.9999999999955,-1.0,SL,2022Q4,2022,38
1577,55731,2022-10-24 06:00:00,55741,2022-10-24 11:00:00,BUY,1655.81,1647.2728571428572,1647.2728571428572,1672.8842857142856,0.1,-86.07142857142726,-853.7142857142726,-1.0,SL,2022Q4,2022,10
1578,55753,2022-10-24 17:00:00,55788,2022-10-25 11:30:00,BUY,1651.66,1642.9071428571428,1642.9071428571428,1669.1657142857143,0.1,-88.22857142857238,-875.2857142857238,-1.0,SL,2022Q4,2022,35
1579,55798,2022-10-25 16:30:00,55832,2022-10-26 10:30:00,BUY,1653.19,1669.31,1645.13,1669.31,0.1,160.49999999999892,1611.999999999989,1.9741697416974169,TP,2022Q4,2022,34
1580,55846,2022-10-26 17:30:00,55877,2022-10-27 10:00:00,BUY,1668.42,1660.14,1660.14,1684.98,0.1,-83.49999999999973,-827.9999999999973,-1.0,SL,2022Q4,2022,31
1581,55880,2022-10-27 11:30:00,55887,2022-10-27 15:00:00,BUY,1665.21,1658.737142857143,1658.737142857143,1678.1557142857143,0.1,-65.42857142857038,-647.2857142857038,-1.0,SL,2022Q4,2022,7
1582,55892,2022-10-27 17:30:00,55923,2022-10-28 10:00:00,BUY,1664.28,1655.7242857142855,1655.7242857142855,1681.3914285714286,0.1,-86.2571428571443,-855.571428571443,-1.0,SL,2022Q4,2022,31
1583,55936,2022-10-28 16:30:00,56021,2022-11-01 12:00:00,SELL,1643.15,1652.4157142857143,1652.4157142857143,1624.6185714285714,0.1,-93.35714285714239,-926.5714285714239,-1.0,SL,2022Q4,2022,85
1584,56030,2022-11-01 16:30:00,56053,2022-11-02 05:00:00,SELL,1645.6,1653.0371428571427,1653.0371428571427,1630.725714285714,0.1,-75.07142857142817,-743.7142857142817,-1.0,SL,2022Q4,2022,23
1585,56054,2022-11-02 05:30:00,56077,2022-11-02 17:00:00,BUY,1651.41,1647.41,1647.41,1659.41,0.1,-40.7,-400.0,-1.0,SL,2022Q4,2022,23
1586,56084,2022-11-02 20:30:00,56084,2022-11-02 20:30:00,BUY,1664.96,1657.24,1657.24,1680.4,0.1,-77.90000000000028,-772.0000000000027,-1.0,SL,2022Q4,2022,0
1587,56098,2022-11-03 04:30:00,56149,2022-11-04 07:00:00,SELL,1637.95,1648.7114285714285,1648.7114285714285,1616.427142857143,0.1,-108.31428571428496,-1076.1428571428496,-1.0,SL,2022Q4,2022,51
1588,56166,2022-11-04 15:30:00,56259,2022-11-08 17:00:00,BUY,1664.87,1685.5557142857144,1654.5271428571427,1685.5557142857144,0.1,206.1571428571454,2068.571428571454,1.9798326245026971,TP,2022Q4,2022,93
1589,56288,2022-11-09 08:30:00,56295,2022-11-09 12:00:00,BUY,1709.27,1704.5914285714287,1704.5914285714287,1718.6271428571426,0.1,-47.485714285713314,-467.8571428571331,-1.0,SL,2022Q4,2022,7
1590,56303,2022-11-09 16:00:00,56314,2022-11-09 21:30:00,BUY,1710.17,1703.2714285714287,1703.2714285714287,1723.967142857143,0.1,-69.68571428571359,-689.8571428571358,-1.0,SL,2022Q4,2022,11
1591,56324,2022-11-10 03:30:00,56348,2022-11-10 15:30:00,BUY,1708.94,1719.9171428571428,1703.4514285714286,1719.9171428571428,0.1,109.0714285714278,1097.714285714278,1.9622205088665747,TP,2022Q4,2022,24
1592,56391,2022-11-11 14:00:00,56474,2022-11-15 09:30:00,BUY,1759.48,1779.462857142857,1749.4885714285715,1779.462857142857,0.1,199.1285714285703,1998.2857142857029,1.9791282124094844,TP,2022Q4,2022,83
1593,56475,2022-11-15 10:00:00,56476,2022-11-15 10:30:00,BUY,1783.05,1776.4442857142856,1776.4442857142856,1796.2614285714285,0.1,-66.75714285714385,-660.5714285714384,-1.0,SL,2022Q4,2022,1
1594,56480,2022-11-15 12:30:00,56555,2022-11-17 04:00:00,BUY,1775.27,1767.9342857142856,1767.9342857142856,1789.9414285714288,0.1,-74.05714285714403,-733.5714285714403,-1.0,SL,2022Q4,2022,75
1595,56568,2022-11-17 10:30:00,56570,2022-11-17 11:30:00,BUY,1769.59,1764.06,1764.06,1780.6499999999999,0.1,-55.99999999999973,-552.9999999999973,-1.0,SL,2022Q4,2022,2
1596,56571,2022-11-17 12:00:00,56579,2022-11-17 16:00:00,SELL,1765.42,1754.597142857143,1770.8314285714287,1754.597142857143,0.1,107.52857142857174,1082.2857142857174,1.9616888193901485,TP,2022Q4,2022,8
1597,56580,2022-11-17 16:30:00,56658,2022-11-21 09:30:00,SELL,1759.61,1742.512857142857,1768.1585714285713,1742.512857142857,0.1,170.271428571429,1709.7142857142899,1.9756340129288912,TP,2022Q4,2022,78
1598,56673,2022-11-21 17:00:00,56708,2022-11-22 11:30:00,SELL,1741.23,1748.0328571428572,1748.0328571428572,1727.6242857142859,0.1,-68.72857142857193,-680.2857142857192,-1.0,SL,2022Q4,2022,35
1599,56716,2022-11-22 15:30:00,56743,2022-11-23 06:00:00,SELL,1744.63,1734.4042857142858,1749.7428571428572,1734.4042857142858,0.1,101.55714285714275,1022.5714285714275,1.959481808158765,TP,2022Q4,2022,27
1600,56753,2022-11-23 11:00:00,56762,2022-11-23 15:30:00,SELL,1739.34,1728.0114285714285,1745.0042857142855,1728.0114285714285,0.1,112.58571428571422,1132.8571428571422,1.9633781763826994,TP,2022Q4,2022,9
1601,56764,2022-11-23 16:30:00,56764,2022-11-23 16:30:00,SELL,1736.63,1744.8300000000002,1744.8300000000002,1720.2300000000002,0.1,-82.70000000000046,-820.0000000000045,-1.0,SL,2022Q4,2022,0
1602,56799,2022-11-24 11:00:00,56837,2022-11-25 09:30:00,BUY,1755.91,1751.8300000000002,1751.8300000000002,1764.07,0.1,-41.499999999999275,-407.9999999999927,-1.0,SL,2022Q4,2022,38
1603,56857,2022-11-25 19:30:00,56864,2022-11-28 03:00:00,BUY,1754.56,1748.8714285714286,1748.8714285714286,1765.9371428571428,0.1,-57.58571428571322,-568.8571428571322,-1.0,SL,2022Q4,2022,7
1604,56871,2022-11-28 06:30:00,56880,2022-11-28 11:00:00,BUY,1751.29,1761.75,1746.06,1761.75,0.1,103.90000000000036,1046.0000000000036,1.960377358490566,TP,2022Q4,2022,9
1605,56939,2022-11-29 17:30:00,56945,2022-11-29 20:30:00,BUY,1757.05,1749.3657142857144,1749.3657142857144,1772.4185714285713,0.1,-77.5428571428558,-768.4285714285579,-1.0,SL,2022Q4,2022,6
1606,56956,2022-11-30 03:00:00,56971,2022-11-30 10:30:00,BUY,1751.35,1758.4157142857139,1747.817142857143,1758.4157142857139,0.1,69.95714285713966,706.5714285713966,1.9417129262490058,TP,2022Q4,2022,15
1607,56983,2022-11-30 16:30:00,56984,2022-11-30 17:00:00,BUY,1758.8,1751.6,1751.6,1773.2,0.1,-72.70000000000046,-720.0000000000045,-1.0,SL,2022Q4,2022,1
1608,56992,2022-11-30 21:00:00,57013,2022-12-01 08:30:00,BUY,1760.56,1783.165714285714,1749.2571428571428,1783.165714285714,0.1,225.35714285714158,2260.5714285714157,1.9815349830423115,TP,2022Q4,2022,21
1609,57017,2022-12-01 10:30:00,57027,2022-12-01 15:30:00,BUY,1776.54,1788.3342857142857,1770.642857142857,1788.3342857142857,0.1,117.24285714285706,1179.4285714285706,1.9648072779506822,TP,2022Q4,2022,10
1610,57059,2022-12-02 08:30:00,57073,2022-12-02 15:30:00,BUY,1799.93,1795.8642857142859,1795.8642857142859,1808.0614285714285,0.1,-41.35714285714194,-406.57142857141935,-1.0,SL,2022Q4,2022,14
1611,57080,2022-12-02 19:00:00,57121,2022-12-05 16:30:00,BUY,1795.72,1785.7328571428573,1785.7328571428573,1815.6942857142858,0.1,-100.57142857142772,-998.7142857142771,-1.0,SL,2022Q4,2022,41
1612,57144,2022-12-06 05:00:00,57160,2022-12-06 13:00:00,SELL,1771.66,1776.1871428571428,1776.1871428571428,1762.6057142857144,0.1,-45.97142857142735,-452.7142857142735,-1.0,SL,2022Q4,2022,16
1613,57168,2022-12-06 17:00:00,57213,2022-12-07 16:30:00,SELL,1773.99,1780.5014285714285,1780.5014285714285,1760.9671428571428,0.1,-65.81428571428496,-651.1428571428496,-1.0,SL,2022Q4,2022,45
1614,57237,2022-12-08 05:30:00,57259,2022-12-08 16:30:00,BUY,1783.85,1792.3014285714285,1779.6242857142856,1792.3014285714285,0.1,83.8142857142855,845.1428571428551,1.9511140671765876,TP,2022Q4,2022,22
1615,57261,2022-12-08 17:30:00,57262,2022-12-08 18:00:00,BUY,1794.57,1788.032857142857,1788.032857142857,1807.6442857142858,0.1,-66.07142857142954,-653.7142857142953,-1.0,SL,2022Q4,2022,1
1616,57264,2022-12-08 19:00:00,57303,2022-12-09 15:30:00,BUY,1790.0,1804.8457142857144,1782.5771428571427,1804.8457142857144,0.1,147.75714285714395,1484.5714285714394,1.9719733079122679,TP,2022Q4,2022,39
1617,57305,2022-12-09 16:30:00,57325,2022-12-12 03:30:00,BUY,1797.44,1789.9771428571428,1789.9771428571428,1812.3657142857144,0.1,-75.32857142857274,-746.2857142857274,-1.0,SL,2022Q4,2022,20
1618,57338,2022-12-12 10:00:00,57351,2022-12-12 16:30:00,BUY,1791.35,1786.7957142857142,1786.7957142857142,1800.4585714285713,0.1,-46.24285714285698,-455.42857142856974,-1.0,SL,2022Q4,2022,13
1619,57376,2022-12-13 06:00:00,57379,2022-12-13 07:30:00,SELL,1782.4,1785.6042857142859,1785.6042857142859,1775.9914285714287,0.1,-32.742857142857886,-320.42857142857883,-1.0,SL,2022Q4,2022,3
1620,57387,2022-12-13 11:30:00,57392,2022-12-13 14:00:00,SELL,1784.3,1788.5014285714285,1788.5014285714285,1775.8971428571429,0.1,-42.71428571428551,-420.14285714285506,-1.0,SL,2022Q4,2022,5
1621,57425,2022-12-14 07:30:00,57430,2022-12-14 10:00:00,BUY,1809.94,1806.6571428571428,1806.6571428571428,1816.5057142857142,0.1,-33.52857142857211,-328.28571428572104,-1.0,SL,2022Q4,2022,5
1622,57441,2022-12-14 15:30:00,57452,2022-12-14 21:00:00,BUY,1808.66,1803.2585714285715,1803.2585714285715,1819.462857142857,0.1,-54.714285714285964,-540.1428571428596,-1.0,SL,2022Q4,2022,11
1623,57459,2022-12-15 01:30:00,57463,2022-12-15 03:30:00,BUY,1808.55,1799.7814285714285,1799.7814285714285,1826.0871428571427,0.1,-88.38571428571477,-876.8571428571477,-1.0,SL,2022Q4,2022,4
1624,57490,2022-12-15 17:00:00,57535,2022-12-16 16:30:00,SELL,1782.94,1793.4242857142858,1793.4242857142858,1761.9714285714288,0.1,-105.54285714285761,-1048.428571428576,-1.0,SL,2022Q4,2022,45
1625,57565,2022-12-19 08:30:00,57583,2022-12-19 17:30:00,BUY,1792.4,1788.392857142857,1788.392857142857,1800.4142857142858,0.1,-40.77142857142981,-400.71428571429806,-1.0,SL,2022Q4,2022,18
1626,57610,2022-12-20 08:00:00,57612,2022-12-20 09:00:00,SELL,1788.66,1794.2685714285715,1794.2685714285715,1777.4428571428573,0.1,-56.78571428571395,-560.8571428571395,-1.0,SL,2022Q4,2022,2
1627,57625,2022-12-20 15:30:00,57628,2022-12-20 17:00:00,BUY,1801.36,1816.9571428571428,1793.5614285714285,1816.9571428571428,0.1,155.271428571429,1559.7142857142899,1.9733115468409588,TP,2022Q4,2022,3
1628,57659,2022-12-21 09:30:00,57675,2022-12-21 17:30:00,BUY,1815.2,1823.1542857142858,1811.222857142857,1823.1542857142858,0.1,78.84285714285788,795.4285714285788,1.9481115425343614,TP,2022Q4,2022,16
1629,57678,2022-12-21 19:00:00,57717,2022-12-22 15:30:00,BUY,1816.67,1810.6128571428571,1810.6128571428571,1828.7842857142857,0.1,-61.271428571429354,-605.7142857142935,-1.0,SL,2022Q4,2022,39
1630,57742,2022-12-23 05:00:00,57750,2022-12-23 09:00:00,SELL,1792.81,1797.5457142857142,1797.5457142857142,1783.3385714285714,0.1,-48.057142857142665,-473.5714285714266,-1.0,SL,2022Q4,2022,8
1631,57764,2022-12-23 16:00:00,57767,2022-12-23 17:30:00,SELL,1794.09,1799.2228571428573,1799.2228571428573,1783.8242857142855,0.1,-52.02857142857347,-513.2857142857347,-1.0,SL,2022Q4,2022,3
1632,57772,2022-12-23 20:00:00,57781,2022-12-27 01:30:00,SELL,1797.13,1803.584285714286,1803.584285714286,1784.2214285714285,0.1,-65.24285714285789,-645.4285714285788,-1.0,SL,2022Q4,2022,9
1633,57812,2022-12-27 17:00:00,57812,2022-12-27 17:00:00,BUY,1808.22,1818.22,1803.22,1818.22,0.1,99.3,1000.0,1.9585798816568045,TP,2022Q4,2022,0
1634,57813,2022-12-27 17:30:00,57817,2022-12-27 19:30:00,BUY,1821.4,1814.7457142857143,1814.7457142857143,1834.7085714285715,0.1,-67.24285714285834,-665.4285714285834,-1.0,SL,2022Q4,2022,4
1635,57819,2022-12-27 20:30:00,57845,2022-12-28 10:30:00,BUY,1814.73,1804.2857142857142,1804.2857142857142,1835.6185714285714,0.1,-105.14285714285798,-1044.4285714285797,-1.0,SL,2022Q4,2022,26
1636,57855,2022-12-28 15:30:00,57859,2022-12-28 17:30:00,BUY,1806.9,1800.63,1800.63,1819.44,0.1,-63.39999999999982,-626.9999999999982,-1.0,SL,2022Q4,2022,4
1637,57863,2022-12-28 19:30:00,57909,2022-12-29 19:30:00,BUY,1805.07,1819.0271428571427,1798.0914285714287,1819.0271428571427,0.1,138.871428571428,1395.7142857142799,1.9702067288204614,TP,2022Q4,2022,46
1638,57920,2022-12-30 02:00:00,57948,2022-12-30 16:00:00,BUY,1815.14,1824.2371428571428,1810.5914285714287,1824.2371428571428,0.1,90.27142857142671,909.7142857142671,1.954531394989125,TP,2022Q4,2022,28
1639,57949,2022-12-30 16:30:00,57968,2023-01-03 03:00:00,BUY,1819.81,1832.2042857142858,1813.6128571428571,1832.2042857142858,0.1,123.24285714285843,1239.4285714285843,1.9664919079097691,TP,2022Q4,2022,19
1640,57985,2023-01-03 11:30:00,57988,2023-01-03 13:00:00,BUY,1841.52,1832.1242857142856,1832.1242857142856,1860.3114285714287,0.1,-94.65714285714348,-939.5714285714348,-1.0,SL,2023Q1,2023,3
1641,57993,2023-01-03 15:30:00,57997,2023-01-03 17:30:00,BUY,1839.08,1829.6942857142856,1829.6942857142856,1857.8514285714289,0.1,-94.55714285714357,-938.5714285714357,-1.0,SL,2023Q1,2023,4
1642,58001,2023-01-03 19:30:00,58028,2023-01-04 10:00:00,BUY,1837.42,1859.4314285714288,1826.4142857142858,1859.4314285714288,0.1,219.41428571428725,2201.1428571428723,1.9810395975751527,TP,2023Q1,2023,27
1643,58039,2023-01-04 15:30:00,58042,2023-01-04 17:00:00,BUY,1859.24,1850.47,1850.47,1876.7800000000002,0.1,-88.39999999999982,-876.9999999999982,-1.0,SL,2023Q1,2023,3
1644,58043,2023-01-04 17:30:00,58050,2023-01-04 21:00:00,BUY,1856.57,1847.8942857142856,1847.8942857142856,1873.9214285714286,0.1,-87.45714285714321,-867.5714285714321,-1.0,SL,2023Q1,2023,7
1645,58054,2023-01-04 23:00:00,58074,2023-01-05 10:00:00,BUY,1855.46,1846.2242857142858,1846.2242857142858,1873.9314285714286,0.1,-93.05714285714267,-923.5714285714266,-1.0,SL,2023Q1,2023,20
1646,58115,2023-01-06 07:30:00,58131,2023-01-06 15:30:00,SELL,1836.66,1841.2857142857144,1841.2857142857144,1827.4085714285716,0.1,-46.957142857143666,-462.5714285714366,-1.0,SL,2023Q1,2023,16
1647,58168,2023-01-09 11:00:00,58196,2023-01-10 02:00:00,BUY,1874.01,1868.6257142857144,1868.6257142857144,1884.7785714285712,0.1,-54.54285714285625,-538.4285714285625,-1.0,SL,2023Q1,2023,28
1648,58199,2023-01-10 03:30:00,58259,2023-01-11 10:30:00,BUY,1873.67,1884.7871428571427,1868.1114285714286,1884.7871428571427,0.1,110.47142857142653,1111.7142857142653,1.9626903553299089,TP,2023Q1,2023,60
1649,58280,2023-01-11 21:00:00,58315,2023-01-12 15:30:00,BUY,1877.89,1894.6214285714286,1869.524285714286,1894.6214285714286,0.1,166.61428571428524,1673.1428571428523,1.9751058425063772,TP,2023Q1,2023,35
1650,58317,2023-01-12 16:30:00,58317,2023-01-12 16:30:00,BUY,1892.28,1881.6128571428571,1881.6128571428571,1913.6142857142856,0.1,-107.37142857142835,-1066.7142857142835,-1.0,SL,2023Q1,2023,0
1651,58319,2023-01-12 17:30:00,58365,2023-01-13 17:30:00,BUY,1887.22,1914.26,1873.7,1914.26,0.1,269.69999999999965,2703.9999999999964,1.9845474613686536,TP,2023Q1,2023,46
1652,58400,2023-01-16 12:00:00,58426,2023-01-17 04:30:00,BUY,1917.71,1911.0957142857144,1911.0957142857144,1930.9385714285713,0.1,-66.84285714285643,-661.4285714285643,-1.0,SL,2023Q1,2023,26
1653,58445,2023-01-17 14:00:00,58447,2023-01-17 15:00:00,BUY,1912.79,1907.1328571428571,1907.1328571428571,1924.1042857142857,0.1,-57.271428571428444,-565.7142857142844,-1.0,SL,2023Q1,2023,2
1654,58448,2023-01-17 15:30:00,58456,2023-01-17 19:30:00,BUY,1911.92,1905.41,1905.41,1924.94,0.1,-65.79999999999991,-650.9999999999991,-1.0,SL,2023Q1,2023,8
1655,58471,2023-01-18 04:00:00,58472,2023-01-18 04:30:00,BUY,1908.91,1904.7785714285715,1904.7785714285715,1917.172857142857,0.1,-42.014285714286146,-413.14285714286143,-1.0,SL,2023Q1,2023,1
1656,58481,2023-01-18 09:00:00,58483,2023-01-18 10:00:00,SELL,1902.84,1909.1814285714286,1909.1814285714286,1890.1571428571428,0.1,-64.11428571428651,-634.1428571428651,-1.0,SL,2023Q1,2023,2
1657,58515,2023-01-19 03:00:00,58520,2023-01-19 05:30:00,SELL,1905.06,1910.3857142857144,1910.3857142857144,1894.4085714285713,0.1,-53.95714285714412,-532.5714285714412,-1.0,SL,2023Q1,2023,5
1658,58535,2023-01-19 13:00:00,58543,2023-01-19 17:00:00,BUY,1909.71,1921.5357142857144,1903.797142857143,1921.5357142857144,0.1,117.55714285714411,1182.5714285714412,1.9648997134670863,TP,2023Q1,2023,8
1659,58571,2023-01-20 08:00:00,58588,2023-01-20 16:30:00,BUY,1928.07,1923.042857142857,1923.042857142857,1938.1242857142856,0.1,-50.97142857142963,-502.71428571429624,-1.0,SL,2023Q1,2023,17
1660,58590,2023-01-20 17:30:00,58593,2023-01-20 19:00:00,BUY,1930.32,1922.837142857143,1922.837142857143,1945.2857142857142,0.1,-75.52857142857029,-748.2857142857029,-1.0,SL,2023Q1,2023,3
1661,58597,2023-01-20 21:00:00,58618,2023-01-23 08:30:00,BUY,1929.57,1922.3085714285714,1922.3085714285714,1944.092857142857,0.1,-73.31428571428496,-726.1428571428496,-1.0,SL,2023Q1,2023,21
1662,58625,2023-01-23 12:00:00,58632,2023-01-23 15:30:00,BUY,1926.09,1920.5842857142857,1920.5842857142857,1937.1014285714284,0.1,-55.75714285714248,-550.5714285714248,-1.0,SL,2023Q1,2023,7
1663,58641,2023-01-23 20:00:00,58667,2023-01-24 10:00:00,BUY,1924.3,1942.1314285714284,1915.3842857142856,1942.1314285714284,0.1,177.61428571428434,1783.1428571428432,1.9766295707471926,TP,2023Q1,2023,26
1664,58672,2023-01-24 12:30:00,58678,2023-01-24 15:30:00,BUY,1937.04,1931.99,1931.99,1947.1399999999999,0.1,-51.19999999999955,-504.99999999999545,-1.0,SL,2023Q1,2023,6
1665,58683,2023-01-24 18:00:00,58717,2023-01-25 12:00:00,BUY,1935.19,1925.537142857143,1925.537142857143,1954.4957142857145,0.1,-97.22857142857102,-965.2857142857101,-1.0,SL,2023Q1,2023,34
1666,58727,2023-01-25 17:00:00,58737,2023-01-25 22:00:00,BUY,1930.92,1947.3257142857144,1922.7171428571428,1947.3257142857144,0.1,163.3571428571434,1640.571428571434,1.9746157831116982,TP,2023Q1,2023,10
1667,58792,2023-01-27 03:30:00,58797,2023-01-27 06:00:00,SELL,1930.97,1922.2785714285715,1935.3157142857142,1922.2785714285715,0.1,86.2142857142856,869.142857142856,1.952442575218426,TP,2023Q1,2023,5
1668,58809,2023-01-27 12:00:00,58811,2023-01-27 13:00:00,SELL,1925.51,1930.8971428571429,1930.8971428571429,1914.7357142857145,0.1,-54.571428571428626,-538.7142857142862,-1.0,SL,2023Q1,2023,2
1669,58818,2023-01-27 16:30:00,58844,2023-01-30 06:30:00,SELL,1927.51,1934.1871428571428,1934.1871428571428,1914.1557142857143,0.1,-67.47142857142826,-667.7142857142826,-1.0,SL,2023Q1,2023,26
1670,58850,2023-01-30 09:30:00,58893,2023-01-31 08:00:00,SELL,1928.5,1916.2257142857143,1934.6371428571429,1916.2257142857143,0.1,122.04285714285724,1227.4285714285725,1.966168009205984,TP,2023Q1,2023,43
1671,58932,2023-02-01 04:30:00,58935,2023-02-01 06:00:00,SELL,1925.01,1928.4242857142858,1928.4242857142858,1918.1814285714286,0.1,-34.84285714285825,-341.4285714285825,-1.0,SL,2023Q1,2023,3
1672,58937,2023-02-01 07:00:00,58941,2023-02-01 09:00:00,SELL,1925.62,1928.8957142857141,1928.8957142857141,1919.0685714285714,0.1,-33.4571428571423,-327.571428571423,-1.0,SL,2023Q1,2023,4
1673,58942,2023-02-01 09:30:00,58957,2023-02-01 17:00:00,BUY,1926.66,1922.687142857143,1922.687142857143,1934.6057142857144,0.1,-40.42857142857038,-397.28571428570376,-1.0,SL,2023Q1,2023,15
1674,58958,2023-02-01 17:30:00,58961,2023-02-01 19:00:00,BUY,1928.46,1921.3300000000002,1921.3300000000002,1942.7199999999998,0.1,-71.99999999999882,-712.9999999999882,-1.0,SL,2023Q1,2023,3
1675,58967,2023-02-01 22:00:00,59002,2023-02-02 16:30:00,BUY,1943.17,1931.1928571428573,1931.1928571428573,1967.1242857142856,0.1,-120.47142857142781,-1197.714285714278,-1.0,SL,2023Q1,2023,35
1676,59035,2023-02-03 10:00:00,59046,2023-02-03 15:30:00,SELL,1913.62,1904.2857142857142,1918.2871428571427,1904.2857142857142,0.1,92.6428571428567,933.428571428567,1.955669481302774,TP,2023Q1,2023,11
1677,59047,2023-02-03 16:00:00,59053,2023-02-03 19:00:00,SELL,1886.64,1865.0,1897.46,1865.0,0.1,215.700000000001,2164.00000000001,1.980716253443547,TP,2023Q1,2023,6
1678,59084,2023-02-06 11:30:00,59146,2023-02-07 19:30:00,SELL,1874.03,1880.6299999999999,1880.6299999999999,1860.8300000000002,0.1,-66.6999999999991,-659.9999999999909,-1.0,SL,2023Q1,2023,62
1679,59148,2023-02-07 20:30:00,59172,2023-02-08 09:30:00,SELL,1872.08,1884.2514285714285,1884.2514285714285,1847.7371428571428,0.1,-122.41428571428578,-1217.1428571428578,-1.0,SL,2023Q1,2023,24
1680,59183,2023-02-08 15:00:00,59230,2023-02-09 15:30:00,SELL,1879.68,1888.0342857142857,1888.0342857142857,1862.9714285714285,0.1,-84.24285714285652,-835.4285714285652,-1.0,SL,2023Q1,2023,47
1681,59231,2023-02-09 16:00:00,59232,2023-02-09 16:30:00,BUY,1889.65,1881.5,1881.5,1905.95,0.1,-82.20000000000091,-815.0000000000091,-1.0,SL,2023Q1,2023,1
1682,59263,2023-02-10 09:00:00,59264,2023-02-10 09:30:00,SELL,1859.26,1865.33,1865.33,1847.1200000000001,0.1,-61.399999999999366,-606.9999999999936,-1.0,SL,2023Q1,2023,1
1683,59268,2023-02-10 11:30:00,59368,2023-02-14 15:30:00,SELL,1862.42,1870.6328571428571,1870.6328571428571,1845.9942857142858,0.1,-82.82857142857047,-821.2857142857047,-1.0,SL,2023Q1,2023,100
1684,59370,2023-02-14 16:30:00,59371,2023-02-14 17:00:00,SELL,1849.21,1860.6142857142856,1860.6142857142856,1826.4014285714288,0.1,-114.74285714285607,-1140.4285714285606,-1.0,SL,2023Q1,2023,1
1685,59373,2023-02-14 18:00:00,59493,2023-02-17 09:00:00,SELL,1852.18,1821.92,1867.31,1821.92,0.1,301.8999999999999,3025.999999999999,1.9861842105263308,TP,2023Q1,2023,120
1686,59500,2023-02-17 12:30:00,59509,2023-02-17 17:00:00,SELL,1824.24,1830.5014285714287,1830.5014285714287,1811.7171428571428,0.1,-63.31428571428724,-626.1428571428723,-1.0,SL,2023Q1,2023,9
1687,59544,2023-02-20 11:30:00,59562,2023-02-20 20:30:00,BUY,1845.19,1840.4771428571428,1840.4771428571428,1854.6157142857144,0.1,-47.828571428572744,-471.2857142857274,-1.0,SL,2023Q1,2023,18
1688,59571,2023-02-21 04:30:00,59572,2023-02-21 05:00:00,BUY,1842.9,1839.717142857143,1839.717142857143,1849.2657142857142,0.1,-32.52857142857074,-318.2857142857074,-1.0,SL,2023Q1,2023,1
1689,59596,2023-02-21 17:00:00,59597,2023-02-21 17:30:00,SELL,1834.73,1842.1914285714286,1842.1914285714286,1819.807142857143,0.1,-75.31428571428542,-746.1428571428542,-1.0,SL,2023Q1,2023,1
1690,59599,2023-02-21 18:30:00,59637,2023-02-22 14:30:00,SELL,1836.47,1844.4557142857143,1844.4557142857143,1820.4985714285715,0.1,-80.55714285714267,-798.5714285714266,-1.0,SL,2023Q1,2023,38
1691,59639,2023-02-22 15:30:00,59685,2023-02-23 15:30:00,SELL,1836.44,1821.4342857142858,1843.9428571428573,1821.4342857142858,0.1,149.3571428571425,1500.5714285714248,1.9722693831352278,TP,2023Q1,2023,46
1692,59686,2023-02-23 16:00:00,59731,2023-02-24 15:30:00,SELL,1825.4,1812.6428571428576,1831.7785714285715,1812.6428571428576,0.1,126.87142857142526,1275.7142857142526,1.967434647762481,TP,2023Q1,2023,45
1693,59750,2023-02-27 02:00:00,59777,2023-02-27 15:30:00,SELL,1811.64,1815.7485714285715,1815.7485714285715,1803.4228571428573,0.1,-41.78571428571395,-410.8571428571395,-1.0,SL,2023Q1,2023,27
1694,59804,2023-02-28 06:00:00,59812,2023-02-28 10:00:00,SELL,1814.79,1808.57,1817.8999999999999,1808.57,0.1,61.50000000000027,622.0000000000027,1.9339622641510128,TP,2023Q1,2023,8
1695,59845,2023-03-01 03:30:00,59854,2023-03-01 08:00:00,BUY,1825.24,1832.8,1821.46,1832.8,0.1,74.89999999999945,755.9999999999945,1.9454545454545449,TP,2023Q1,2023,9
1696,59862,2023-03-01 12:00:00,59871,2023-03-01 16:30:00,BUY,1831.89,1843.7928571428572,1825.9385714285715,1843.7928571428572,0.1,118.32857142857101,1190.2857142857101,1.9651245551601422,TP,2023Q1,2023,9
1697,59874,2023-03-01 18:00:00,59891,2023-03-02 03:30:00,BUY,1842.17,1832.827142857143,1832.827142857143,1860.8557142857144,0.1,-94.12857142857156,-934.2857142857156,-1.0,SL,2023Q1,2023,17
1698,59907,2023-03-02 11:30:00,59947,2023-03-03 08:30:00,BUY,1834.3,1843.1485714285714,1829.8757142857141,1843.1485714285714,0.1,87.78571428571404,884.8571428571404,1.9532739987284944,TP,2023Q1,2023,40
1699,59965,2023-03-03 17:30:00,59995,2023-03-06 09:30:00,BUY,1844.95,1857.0814285714284,1838.8842857142859,1857.0814285714284,0.1,120.61428571428387,1213.1428571428387,1.9657741559953428,TP,2023Q1,2023,30
1700,59996,2023-03-06 10:00:00,59998,2023-03-06 11:00:00,BUY,1856.24,1852.1242857142859,1852.1242857142859,1864.4714285714285,0.1,-41.85714285714148,-411.5714285714148,-1.0,SL,2023Q1,2023,2
1701,60006,2023-03-06 15:00:00,60017,2023-03-06 20:30:00,BUY,1852.41,1847.2442857142858,1847.2442857142858,1862.7414285714285,0.1,-52.3571428571433,-516.571428571433,-1.0,SL,2023Q1,2023,11
1702,60030,2023-03-07 04:00:00,60045,2023-03-07 11:30:00,BUY,1848.04,1844.7114285714285,1844.7114285714285,1854.6971428571426,0.1,-33.985714285714224,-332.8571428571422,-1.0,SL,2023Q1,2023,15
1703,60087,2023-03-08 09:30:00,60101,2023-03-08 16:30:00,SELL,1813.46,1816.857142857143,1816.857142857143,1806.6657142857146,0.1,-34.671428571428535,-339.7142857142853,-1.0,SL,2023Q1,2023,14
1704,60107,2023-03-08 19:30:00,60145,2023-03-09 15:30:00,SELL,1816.18,1822.9314285714288,1822.9314285714288,1802.6771428571428,0.1,-68.21428571428733,-675.1428571428733,-1.0,SL,2023Q1,2023,38
1705,60174,2023-03-10 07:00:00,60191,2023-03-10 15:30:00,BUY,1829.84,1837.44,1826.04,1837.44,0.1,75.30000000000136,760.0000000000136,1.945736434108585,TP,2023Q1,2023,17
1706,60192,2023-03-10 16:00:00,60193,2023-03-10 16:30:00,BUY,1842.59,1858.8757142857144,1834.4471428571428,1858.8757142857144,0.1,162.1571428571445,1628.5714285714448,1.974430335710586,TP,2023Q1,2023,1
1707,60228,2023-03-13 10:00:00,60236,2023-03-13 14:00:00,BUY,1876.38,1894.1142857142859,1867.5128571428572,1894.1142857142859,0.1,176.64285714285762,1773.428571428576,1.9765025575447572,TP,2023Q1,2023,8
1708,60271,2023-03-14 08:30:00,60275,2023-03-14 10:30:00,BUY,1908.28,1901.697142857143,1901.697142857143,1921.445714285714,0.1,-66.52857142856938,-658.2857142856938,-1.0,SL,2023Q1,2023,4
1709,60283,2023-03-14 14:30:00,60285,2023-03-14 15:30:00,BUY,1905.57,1897.5242857142857,1897.5242857142857,1921.6614285714286,0.1,-81.15714285714212,-804.5714285714212,-1.0,SL,2023Q1,2023,2
1710,60288,2023-03-14 17:00:00,60319,2023-03-15 09:30:00,BUY,1907.81,1896.36,1896.36,1930.7099999999998,0.1,-115.20000000000046,-1145.0000000000045,-1.0,SL,2023Q1,2023,31
1711,60325,2023-03-15 12:30:00,60328,2023-03-15 14:00:00,BUY,1907.44,1925.037142857143,1898.6414285714286,1925.037142857143,0.1,175.271428571429,1759.7142857142899,1.97632087628866,TP,2023Q1,2023,3
1712,60347,2023-03-16 00:30:00,60352,2023-03-16 03:00:00,BUY,1920.82,1907.74,1907.74,1946.98,0.1,-131.49999999999926,-1307.9999999999927,-1.0,SL,2023Q1,2023,5
1713,60361,2023-03-16 07:30:00,60374,2023-03-16 14:00:00,BUY,1915.79,1929.7671428571427,1908.8014285714285,1929.7671428571427,0.1,139.07142857142782,1397.714285714278,1.9702489374620205,TP,2023Q1,2023,13
1714,60390,2023-03-16 22:00:00,60421,2023-03-17 14:30:00,BUY,1920.63,1944.43,1908.73,1944.43,0.1,237.29999999999956,2379.9999999999955,1.9824561403508585,TP,2023Q1,2023,31
1715,60447,2023-03-20 04:30:00,60456,2023-03-20 09:00:00,BUY,1971.1,1994.0199999999998,1959.6399999999999,1994.0199999999998,0.1,228.49999999999847,2291.9999999999845,1.9817866435385754,TP,2023Q1,2023,9
1716,60467,2023-03-20 14:30:00,60470,2023-03-20 16:00:00,BUY,1986.33,1967.6357142857144,1967.6357142857144,2023.7185714285713,0.1,-187.6428571428557,-1869.428571428557,-1.0,SL,2023Q1,2023,3
1717,60479,2023-03-20 20:30:00,60504,2023-03-21 10:00:00,BUY,1981.99,1968.6714285714286,1968.6714285714286,2008.6271428571426,0.1,-133.8857142857143,-1331.8571428571431,-1.0,SL,2023Q1,2023,25
1718,60538,2023-03-22 04:00:00,60563,2023-03-22 16:30:00,SELL,1943.71,1948.8514285714286,1948.8514285714286,1933.427142857143,0.1,-52.114285714286055,-514.1428571428605,-1.0,SL,2023Q1,2023,25
1719,60607,2023-03-23 15:30:00,60615,2023-03-23 19:30:00,BUY,1978.78,1998.3371428571427,1969.0014285714285,1998.3371428571427,0.1,194.8714285714271,1955.7142857142708,1.9786771105308736,TP,2023Q1,2023,8
1720,60628,2023-03-24 03:00:00,60643,2023-03-24 10:30:00,BUY,1993.89,1984.7828571428572,1984.7828571428572,2012.1042857142857,0.1,-91.7714285714289,-910.714285714289,-1.0,SL,2023Q1,2023,15
1721,60645,2023-03-24 11:30:00,60660,2023-03-24 19:00:00,BUY,1989.62,1982.5271428571427,1982.5271428571427,2003.805714285714,0.1,-71.62857142857156,-709.2857142857156,-1.0,SL,2023Q1,2023,15
1722,60704,2023-03-27 19:00:00,60747,2023-03-28 17:30:00,SELL,1956.76,1969.93,1969.93,1930.42,0.1,-132.40000000000072,-1317.0000000000073,-1.0,SL,2023Q1,2023,43
1723,60767,2023-03-29 04:30:00,60812,2023-03-30 04:00:00,SELL,1967.21,1957.252857142857,1972.1885714285715,1957.252857142857,0.1,98.87142857143026,995.7142857143026,1.9584040747028868,TP,2023Q1,2023,45
1724,60839,2023-03-30 17:30:00,60843,2023-03-30 19:30:00,BUY,1969.03,1983.8214285714284,1961.6342857142856,1983.8214285714284,0.1,147.2142857142847,1479.1428571428469,1.9718714121698895,TP,2023Q1,2023,4
1725,60869,2023-03-31 09:30:00,60870,2023-03-31 10:00:00,BUY,1981.9,1977.8128571428572,1977.8128571428572,1990.0742857142857,0.1,-41.57142857142908,-408.7142857142908,-1.0,SL,2023Q1,2023,1
1726,60875,2023-03-31 12:30:00,60890,2023-03-31 20:00:00,BUY,1979.59,1973.5257142857142,1973.5257142857142,1991.7185714285713,0.1,-61.342857142856886,-606.4285714285688,-1.0,SL,2023Q1,2023,15
1727,60962,2023-04-04 10:00:00,60975,2023-04-04 16:30:00,BUY,1981.72,1991.9571428571428,1976.6014285714286,1991.9571428571428,0.1,101.67142857142771,1023.7142857142771,1.9595264317180612,TP,2023Q2,2023,13
1728,61014,2023-04-05 13:00:00,61022,2023-04-05 17:00:00,BUY,2024.68,2019.49,2019.49,2035.0600000000002,0.1,-52.60000000000055,-519.0000000000055,-1.0,SL,2023Q2,2023,8
1729,61031,2023-04-05 21:30:00,61044,2023-04-06 05:00:00,BUY,2022.29,2011.0242857142857,2011.0242857142857,2044.8214285714284,0.1,-113.35714285714239,-1126.571428571424,-1.0,SL,2023Q2,2023,13
1730,61056,2023-04-06 11:00:00,61066,2023-04-06 16:00:00,BUY,2016.46,2010.717142857143,2010.717142857143,2027.9457142857143,0.1,-58.1285714285702,-574.2857142857019,-1.0,SL,2023Q2,2023,10
1731,61073,2023-04-06 19:30:00,61082,2023-04-10 01:00:00,BUY,2014.27,2004.8914285714286,2004.8914285714286,2033.0271428571427,0.1,-94.48571428571377,-937.8571428571377,-1.0,SL,2023Q2,2023,9
1732,61104,2023-04-10 12:00:00,61107,2023-04-10 13:30:00,SELL,1997.17,2002.5028571428572,2002.5028571428572,1986.504285714286,0.1,-54.02857142857165,-533.2857142857165,-1.0,SL,2023Q2,2023,3
1733,61111,2023-04-10 15:30:00,61112,2023-04-10 16:00:00,SELL,1999.29,1988.2185714285713,2004.8257142857142,1988.2185714285713,0.1,110.01428571428669,1107.142857142867,1.9625382262997342,TP,2023Q2,2023,1
1734,61113,2023-04-10 16:30:00,61141,2023-04-11 07:30:00,SELL,1992.05,1999.3942857142856,1999.3942857142856,1977.3614285714286,0.1,-74.14285714285661,-734.4285714285661,-1.0,SL,2023Q2,2023,28
1735,61158,2023-04-11 16:00:00,61162,2023-04-11 18:00:00,SELL,1998.47,2004.9171428571428,2004.9171428571428,1985.5757142857142,0.1,-65.17142857142808,-644.7142857142808,-1.0,SL,2023Q2,2023,4
1736,61175,2023-04-12 01:30:00,61181,2023-04-12 04:30:00,BUY,2003.83,2013.2728571428568,1999.1085714285714,2013.2728571428568,0.1,93.72857142856837,944.2857142856838,1.9561717352414547,TP,2023Q2,2023,6
1737,61182,2023-04-12 05:00:00,61194,2023-04-12 11:00:00,BUY,2014.85,2010.9414285714286,2010.9414285714286,2022.6671428571428,0.1,-39.785714285713496,-390.85714285713493,-1.0,SL,2023Q2,2023,12
1738,61204,2023-04-12 16:00:00,61205,2023-04-12 16:30:00,BUY,2022.36,2013.8742857142856,2013.8742857142856,2039.3314285714284,0.1,-85.55714285714267,-848.5714285714266,-1.0,SL,2023Q2,2023,1
1739,61214,2023-04-12 21:00:00,61249,2023-04-13 15:30:00,BUY,2011.67,2037.8585714285716,1998.5757142857144,2037.8585714285716,0.1,261.1857142857155,2618.857142857155,1.9840477482365884,TP,2023Q2,2023,35
1740,61282,2023-04-14 09:00:00,61284,2023-04-14 10:00:00,BUY,2042.95,2037.962857142857,2037.962857142857,2052.924285714286,0.1,-50.57142857142999,-498.7142857142999,-1.0,SL,2023Q2,2023,2
1741,61291,2023-04-14 13:30:00,61292,2023-04-14 14:00:00,BUY,2040.24,2033.5285714285715,2033.5285714285715,2053.6628571428573,0.1,-67.81428571428542,-671.1428571428542,-1.0,SL,2023Q2,2023,1
1742,61322,2023-04-17 06:00:00,61327,2023-04-17 08:30:00,SELL,2003.9,2010.4357142857143,2010.4357142857143,1990.8285714285716,0.1,-66.05714285714221,-653.5714285714221,-1.0,SL,2023Q2,2023,5
1743,61337,2023-04-17 13:30:00,61343,2023-04-17 16:30:00,SELL,2007.72,1996.0400000000002,2013.56,1996.0400000000002,0.1,116.09999999999836,1167.9999999999836,1.9644670050761415,TP,2023Q2,2023,6
1744,61388,2023-04-18 16:00:00,61390,2023-04-18 17:00:00,SELL,2001.21,2007.1842857142858,2007.1842857142858,1989.2614285714287,0.1,-60.442857142857704,-597.428571428577,-1.0,SL,2023Q2,2023,2
1745,61398,2023-04-18 21:00:00,61424,2023-04-19 11:00:00,SELL,2004.03,1985.9842857142858,2013.0528571428572,1985.9842857142858,0.1,179.75714285714213,1804.5714285714212,1.9769049489394883,TP,2023Q2,2023,26
1746,61459,2023-04-20 05:30:00,61466,2023-04-20 09:00:00,SELL,1992.79,1997.1857142857143,1997.1857142857143,1983.9985714285715,0.1,-44.657142857143484,-439.5714285714348,-1.0,SL,2023Q2,2023,7
1747,61473,2023-04-20 12:30:00,61473,2023-04-20 12:30:00,SELL,1993.95,2000.0157142857142,2000.0157142857142,1981.8185714285717,0.1,-61.35714285714194,-606.5714285714193,-1.0,SL,2023Q2,2023,0
1748,61495,2023-04-20 23:30:00,61511,2023-04-21 08:30:00,BUY,2005.48,1997.9114285714286,1997.9114285714286,2020.6171428571429,0.1,-76.38571428571431,-756.8571428571431,-1.0,SL,2023Q2,2023,16
1749,61527,2023-04-21 16:30:00,61528,2023-04-21 17:00:00,SELL,1990.25,1971.7957142857142,1999.477142857143,1971.7957142857142,0.1,183.8428571428579,1845.4285714285788,1.9774124154886052,TP,2023Q2,2023,1
1750,61529,2023-04-21 17:30:00,61591,2023-04-25 02:30:00,SELL,1981.97,1995.3628571428571,1995.3628571428571,1955.1842857142856,0.1,-134.6285714285711,-1339.285714285711,-1.0,SL,2023Q2,2023,62
1751,61603,2023-04-25 08:30:00,61609,2023-04-25 11:30:00,BUY,1992.82,1986.925714285714,1986.925714285714,2004.6085714285714,0.1,-59.64285714285843,-589.4285714285843,-1.0,SL,2023Q2,2023,6
1752,61620,2023-04-25 17:00:00,61626,2023-04-25 20:00:00,SELL,1985.09,1995.7542857142857,1995.7542857142857,1963.7614285714285,0.1,-107.34285714285825,-1066.4285714285825,-1.0,SL,2023Q2,2023,6
1753,61642,2023-04-26 05:00:00,61661,2023-04-26 14:30:00,BUY,1998.97,1992.9885714285715,1992.9885714285715,2010.932857142857,0.1,-60.514285714285236,-598.1428571428523,-1.0,SL,2023Q2,2023,19
1754,61663,2023-04-26 15:30:00,61669,2023-04-26 18:30:00,BUY,1998.2,1991.7471428571428,1991.7471428571428,2011.1057142857144,0.1,-65.22857142857283,-645.2857142857283,-1.0,SL,2023Q2,2023,6
1755,61688,2023-04-27 05:00:00,61697,2023-04-27 09:30:00,BUY,1992.59,2003.012857142857,1987.3785714285714,2003.012857142857,0.1,103.52857142857083,1042.2857142857083,1.9602380308358125,TP,2023Q2,2023,9
1756,61705,2023-04-27 13:30:00,61709,2023-04-27 15:30:00,BUY,2000.6,1994.4171428571428,1994.4171428571428,2012.965714285714,0.1,-62.52857142857074,-618.2857142857074,-1.0,SL,2023Q2,2023,4
1757,61720,2023-04-27 21:00:00,61801,2023-05-01 15:30:00,SELL,1989.0,2000.8614285714286,2000.8614285714286,1965.277142857143,0.1,-119.31428571428633,-1186.1428571428632,-1.0,SL,2023Q2,2023,81
1758,61805,2023-05-01 17:30:00,61850,2023-05-02 17:00:00,SELL,1988.34,1998.1157142857141,1998.1157142857141,1968.7885714285712,0.1,-98.4571428571423,-977.571428571423,-1.0,SL,2023Q2,2023,45
1759,61881,2023-05-03 09:30:00,61883,2023-05-03 10:30:00,BUY,2016.33,2012.9371428571428,2012.9371428571428,2023.1157142857141,0.1,-34.62857142857111,-339.28571428571104,-1.0,SL,2023Q2,2023,2
1760,61885,2023-05-03 11:30:00,61892,2023-05-03 15:00:00,BUY,2016.16,2011.9957142857145,2011.9957142857145,2024.4885714285713,0.1,-42.342857142855976,-416.42857142855974,-1.0,SL,2023Q2,2023,7
1761,61895,2023-05-03 16:30:00,61896,2023-05-03 17:00:00,BUY,2018.9,2012.5185714285715,2012.5185714285715,2031.662857142857,0.1,-64.51428571428615,-638.1428571428614,-1.0,SL,2023Q2,2023,1
1762,61898,2023-05-03 18:00:00,61909,2023-05-03 23:30:00,BUY,2021.38,2037.1514285714286,2013.4942857142858,2037.1514285714286,0.1,157.01428571428488,1577.1428571428487,1.9736038786137264,TP,2023Q2,2023,11
1763,61921,2023-05-04 06:30:00,61985,2023-05-05 15:30:00,BUY,2041.31,2023.1499999999999,2023.1499999999999,2077.63,0.1,-182.3000000000008,-1816.0000000000082,-1.0,SL,2023Q2,2023,64
1764,62009,2023-05-08 04:30:00,62012,2023-05-08 06:00:00,SELL,2017.26,2021.9242857142856,2021.9242857142856,2007.9314285714286,0.1,-47.342857142855976,-466.42857142855974,-1.0,SL,2023Q2,2023,3
1765,62033,2023-05-08 16:30:00,62036,2023-05-08 18:00:00,SELL,2021.58,2026.8328571428572,2026.8328571428572,2011.0742857142857,0.1,-53.22857142857238,-525.2857142857238,-1.0,SL,2023Q2,2023,3
1766,62042,2023-05-08 21:00:00,62072,2023-05-09 13:00:00,SELL,2023.73,2030.8957142857143,2030.8957142857143,2009.3985714285714,0.1,-72.3571428571433,-716.571428571433,-1.0,SL,2023Q2,2023,30
1767,62078,2023-05-09 16:00:00,62086,2023-05-09 20:00:00,SELL,2026.99,2032.9385714285713,2032.9385714285713,2015.0928571428572,0.1,-60.18571428571313,-594.8571428571313,-1.0,SL,2023Q2,2023,8
1768,62112,2023-05-10 10:00:00,62115,2023-05-10 11:30:00,BUY,2032.05,2027.7971428571427,2027.7971428571427,2040.5557142857142,0.1,-43.22857142857238,-425.28571428572377,-1.0,SL,2023Q2,2023,3
1769,62119,2023-05-10 13:30:00,62122,2023-05-10 15:00:00,BUY,2031.58,2026.472857142857,2026.472857142857,2041.7942857142857,0.1,-51.7714285714289,-510.71428571428896,-1.0,SL,2023Q2,2023,3
1770,62124,2023-05-10 16:00:00,62124,2023-05-10 16:00:00,BUY,2045.77,2037.2614285714285,2037.2614285714285,2062.787142857143,0.1,-85.78571428571486,-850.8571428571486,-1.0,SL,2023Q2,2023,0
1771,62125,2023-05-10 16:30:00,62128,2023-05-10 18:00:00,BUY,2034.02,2024.0657142857142,2024.0657142857142,2053.9285714285716,0.1,-100.24285714285789,-995.4285714285788,-1.0,SL,2023Q2,2023,3
1772,62134,2023-05-10 21:00:00,62171,2023-05-11 16:30:00,BUY,2031.02,2018.4557142857143,2018.4557142857143,2056.1485714285714,0.1,-126.34285714285689,-1256.4285714285688,-1.0,SL,2023Q2,2023,37
1773,62173,2023-05-11 17:30:00,62293,2023-05-16 08:30:00,SELL,2016.32,2012.87,2029.28,1990.4,0.1,33.80000000000045,345.00000000000455,0.2594013814274778,TIME_EXIT,2023Q2,2023,120
1774,62294,2023-05-16 09:00:00,62294,2023-05-16 09:00:00,SELL,2012.81,2005.5585714285714,2016.435714285714,2005.5585714285714,0.1,71.81428571428505,725.1428571428505,1.9431774255895449,TP,2023Q2,2023,0
1775,62295,2023-05-16 09:30:00,62307,2023-05-16 15:30:00,SELL,2006.52,2010.9642857142858,2010.9642857142858,1997.6314285714286,0.1,-45.14285714285798,-444.42857142857974,-1.0,SL,2023Q2,2023,12
1776,62309,2023-05-16 16:30:00,62314,2023-05-16 19:00:00,SELL,2008.12,1994.6342857142856,2014.8628571428571,1994.6342857142856,0.1,134.15714285714267,1348.5714285714266,1.9691759278674446,TP,2023Q2,2023,5
1777,62351,2023-05-17 14:30:00,62355,2023-05-17 16:30:00,SELL,1987.55,1978.1585714285713,1992.2457142857143,1978.1585714285713,0.1,93.21428571428605,939.1428571428605,1.955935251798561,TP,2023Q2,2023,4
1778,62356,2023-05-17 17:00:00,62356,2023-05-17 17:00:00,SELL,1977.54,1984.19,1984.19,1964.24,0.1,-67.20000000000091,-665.0000000000091,-1.0,SL,2023Q2,2023,0
1779,62364,2023-05-17 21:00:00,62400,2023-05-18 16:00:00,SELL,1981.44,1965.28,1989.52,1965.28,0.1,160.90000000000083,1616.0000000000082,1.9742331288343835,TP,2023Q2,2023,36
1780,62424,2023-05-19 05:00:00,62425,2023-05-19 05:30:00,SELL,1957.02,1960.5014285714285,1960.5014285714285,1950.057142857143,0.1,-35.514285714285236,-348.14285714285234,-1.0,SL,2023Q2,2023,1
1781,62443,2023-05-19 14:30:00,62450,2023-05-19 18:00:00,SELL,1962.4,1969.0414285714287,1969.0414285714287,1949.117142857143,0.1,-67.11428571428605,-664.1428571428605,-1.0,SL,2023Q2,2023,7
1782,62473,2023-05-22 06:30:00,62484,2023-05-22 12:00:00,SELL,1976.94,1981.8228571428572,1981.8228571428572,1967.1742857142856,0.1,-49.5285714285712,-488.28571428571195,-1.0,SL,2023Q2,2023,11
1783,62485,2023-05-22 12:30:00,62489,2023-05-22 14:30:00,BUY,1980.79,1975.26,1975.26,1991.85,0.1,-55.99999999999973,-552.9999999999973,-1.0,SL,2023Q2,2023,4
1784,62499,2023-05-22 19:30:00,62513,2023-05-23 03:30:00,BUY,1975.48,1967.2457142857145,1967.2457142857145,1991.9485714285713,0.1,-83.04285714285534,-823.4285714285534,-1.0,SL,2023Q2,2023,14
1785,62538,2023-05-23 16:00:00,62538,2023-05-23 16:00:00,SELL,1958.76,1965.8842857142856,1965.8842857142856,1944.5114285714285,0.1,-71.94285714285634,-712.4285714285634,-1.0,SL,2023Q2,2023,0
1786,62563,2023-05-24 05:30:00,62571,2023-05-24 09:30:00,BUY,1974.68,1971.1000000000001,1971.1000000000001,1981.8400000000001,0.1,-36.499999999999275,-357.9999999999927,-1.0,SL,2023Q2,2023,8
1787,62576,2023-05-24 12:00:00,62586,2023-05-24 17:00:00,BUY,1976.48,1970.652857142857,1970.652857142857,1988.1342857142859,0.1,-58.97142857142917,-582.7142857142917,-1.0,SL,2023Q2,2023,10
1788,62629,2023-05-25 15:30:00,62629,2023-05-25 15:30:00,SELL,1959.68,1947.9171428571428,1965.5614285714287,1947.9171428571428,0.1,116.92857142857228,1176.2857142857229,1.9647143542966876,TP,2023Q2,2023,0
1789,62630,2023-05-25 16:00:00,62630,2023-05-25 16:00:00,SELL,1943.48,1951.9357142857143,1951.9357142857143,1926.5685714285712,0.1,-85.25714285714294,-845.5714285714294,-1.0,SL,2023Q2,2023,0
1790,62631,2023-05-25 16:30:00,62751,2023-05-30 10:00:00,SELL,1950.25,1935.81,1959.907142857143,1930.935714285714,0.1,143.70000000000056,1444.0000000000055,1.47730944338373,TIME_EXIT,2023Q2,2023,120
1791,62785,2023-05-31 04:00:00,62786,2023-05-31 04:30:00,BUY,1959.76,1956.66,1956.66,1965.96,0.1,-31.69999999999909,-309.9999999999909,-1.0,SL,2023Q2,2023,1
1792,62790,2023-05-31 06:30:00,62810,2023-05-31 16:30:00,BUY,1958.17,1965.8899999999999,1954.3100000000002,1965.8899999999999,0.1,76.499999999998,771.99999999998,1.9465648854961817,TP,2023Q2,2023,20
1793,62813,2023-05-31 18:00:00,62842,2023-06-01 09:30:00,BUY,1970.06,1960.8114285714285,1960.8114285714285,1988.5571428571432,0.1,-93.18571428571495,-924.8571428571495,-1.0,SL,2023Q2,2023,29
1794,62850,2023-06-01 13:30:00,62856,2023-06-01 16:30:00,BUY,1962.64,1972.3857142857144,1957.767142857143,1972.3857142857144,0.1,96.75714285714257,974.5714285714257,1.9575144508670517,TP,2023Q2,2023,6
1795,62879,2023-06-02 05:00:00,62900,2023-06-02 15:30:00,BUY,1977.41,1973.9585714285715,1973.9585714285715,1984.3128571428572,0.1,-35.21428571428551,-345.14285714285506,-1.0,SL,2023Q2,2023,21
1796,62942,2023-06-05 13:30:00,62949,2023-06-05 17:00:00,SELL,1943.54,1949.4285714285716,1949.4285714285716,1931.762857142857,0.1,-59.58571428571595,-588.8571428571595,-1.0,SL,2023Q2,2023,7
1797,62975,2023-06-06 07:00:00,62977,2023-06-06 08:00:00,SELL,1959.11,1962.6785714285713,1962.6785714285713,1951.972857142857,0.1,-36.385714285714315,-356.8571428571431,-1.0,SL,2023Q2,2023,2
1798,62979,2023-06-06 09:00:00,62985,2023-06-06 12:00:00,SELL,1957.81,1961.9342857142858,1961.9342857142858,1949.5614285714285,0.1,-41.942857142858614,-412.4285714285861,-1.0,SL,2023Q2,2023,6
1799,62994,2023-06-06 16:30:00,62994,2023-06-06 16:30:00,BUY,1963.49,1958.1014285714286,1958.1014285714286,1974.2671428571427,0.1,-54.58571428571368,-538.8571428571368,-1.0,SL,2023Q2,2023,0
1800,62999,2023-06-06 19:00:00,63027,2023-06-07 10:00:00,BUY,1963.6,1956.5428571428572,1956.5428571428572,1977.7142857142856,0.1,-71.27142857142708,-705.7142857142708,-1.0,SL,2023Q2,2023,28
1801,63031,2023-06-07 12:00:00,63038,2023-06-07 15:30:00,BUY,1961.76,1957.2057142857143,1957.2057142857143,1970.8685714285716,0.1,-46.24285714285698,-455.42857142856974,-1.0,SL,2023Q2,2023,7
1802,63041,2023-06-07 17:00:00,63041,2023-06-07 17:00:00,BUY,1969.75,1962.8585714285714,1962.8585714285714,1983.5328571428572,0.1,-69.61428571428605,-689.1428571428605,-1.0,SL,2023Q2,2023,0
1803,63063,2023-06-08 05:00:00,63083,2023-06-08 15:00:00,SELL,1945.71,1949.4085714285716,1949.4085714285716,1938.3128571428572,0.1,-37.685714285715406,-369.85714285715403,-1.0,SL,2023Q2,2023,20
1804,63109,2023-06-09 05:00:00,63121,2023-06-09 11:00:00,BUY,1964.65,1961.6385714285716,1961.6385714285716,1970.6728571428573,0.1,-30.81428571428496,-301.1428571428496,-1.0,SL,2023Q2,2023,12
1805,63126,2023-06-09 13:30:00,63130,2023-06-09 15:30:00,BUY,1964.15,1971.6557142857143,1960.3971428571429,1971.6557142857143,0.1,74.35714285714248,750.5714285714248,1.9450672645739326,TP,2023Q2,2023,4
1806,63134,2023-06-09 17:30:00,63144,2023-06-09 22:30:00,BUY,1967.4,1959.7957142857142,1959.7957142857142,1982.6085714285716,0.1,-76.7428571428588,-760.4285714285879,-1.0,SL,2023Q2,2023,10
1807,63162,2023-06-12 08:30:00,63171,2023-06-12 13:00:00,BUY,1958.97,1966.67,1955.1200000000001,1966.67,0.1,76.30000000000045,770.0000000000045,1.946428571428628,TP,2023Q2,2023,9
1808,63175,2023-06-12 15:00:00,63177,2023-06-12 16:00:00,BUY,1964.17,1958.7842857142857,1958.7842857142857,1974.9414285714286,0.1,-54.557142857143575,-538.5714285714357,-1.0,SL,2023Q2,2023,2
1809,63190,2023-06-12 22:30:00,63211,2023-06-13 10:00:00,SELL,1957.12,1964.8028571428572,1964.8028571428572,1941.7542857142855,0.1,-77.52857142857302,-768.2857142857301,-1.0,SL,2023Q2,2023,21
1810,63254,2023-06-14 08:30:00,63258,2023-06-14 10:30:00,SELL,1946.86,1950.212857142857,1950.212857142857,1940.1542857142856,0.1,-34.22857142857147,-335.2857142857147,-1.0,SL,2023Q2,2023,4
1811,63265,2023-06-14 14:00:00,63268,2023-06-14 15:30:00,SELL,1947.68,1952.0114285714287,1952.0114285714287,1939.017142857143,0.1,-44.0142857142866,-433.142857142866,-1.0,SL,2023Q2,2023,3
1812,63280,2023-06-14 21:30:00,63280,2023-06-14 21:30:00,SELL,1944.55,1953.0185714285712,1953.0185714285712,1927.6128571428574,0.1,-85.38571428571295,-846.8571428571295,-1.0,SL,2023Q2,2023,0
1813,63281,2023-06-14 22:00:00,63303,2023-06-15 10:00:00,SELL,1949.87,1930.587142857143,1959.5114285714283,1930.587142857143,0.1,192.12857142856984,1928.2857142856983,1.9783759929391227,TP,2023Q2,2023,22
1814,63311,2023-06-15 14:00:00,63315,2023-06-15 16:00:00,SELL,1933.7,1940.5942857142857,1940.5942857142857,1919.9114285714286,0.1,-69.64285714285616,-689.4285714285616,-1.0,SL,2023Q2,2023,4
1815,63342,2023-06-16 06:30:00,63353,2023-06-16 12:00:00,BUY,1957.41,1964.467142857143,1953.8814285714286,1964.467142857143,0.1,69.87142857142935,705.7142857142935,1.9416435093290993,TP,2023Q2,2023,11
1816,63382,2023-06-19 03:30:00,63385,2023-06-19 05:00:00,BUY,1958.24,1954.752857142857,1954.752857142857,1965.2142857142858,0.1,-35.57142857142999,-348.7142857142999,-1.0,SL,2023Q2,2023,3
1817,63391,2023-06-19 08:00:00,63393,2023-06-19 09:00:00,BUY,1957.22,1953.8671428571429,1953.8671428571429,1963.9257142857143,0.1,-34.22857142857147,-335.2857142857147,-1.0,SL,2023Q2,2023,2
1818,63398,2023-06-19 11:30:00,63400,2023-06-19 12:30:00,BUY,1958.47,1954.4614285714285,1954.4614285714285,1966.487142857143,0.1,-40.78571428571486,-400.8571428571486,-1.0,SL,2023Q2,2023,2
1819,63421,2023-06-20 02:30:00,63437,2023-06-20 10:30:00,SELL,1951.05,1954.1214285714286,1954.1214285714286,1944.9071428571426,0.1,-31.414285714286688,-307.1428571428669,-1.0,SL,2023Q2,2023,16
1820,63443,2023-06-20 13:30:00,63448,2023-06-20 16:00:00,SELL,1950.53,1941.4442857142853,1955.0728571428572,1941.4442857142853,0.1,90.1571428571463,908.571428571463,1.9544750696810655,TP,2023Q2,2023,5
1821,63449,2023-06-20 16:30:00,63495,2023-06-21 16:30:00,SELL,1938.48,1925.3371428571427,1945.0514285714287,1925.3371428571427,0.1,130.7285714285734,1314.2857142857338,1.9683802968380302,TP,2023Q2,2023,46
1822,63499,2023-06-21 18:30:00,63555,2023-06-22 23:30:00,SELL,1930.7,1912.84,1939.63,1912.84,0.1,177.90000000000128,1786.0000000000127,1.9766666666666668,TP,2023Q2,2023,56
1823,63574,2023-06-23 10:00:00,63575,2023-06-23 10:30:00,SELL,1913.44,1917.807142857143,1917.807142857143,1904.7057142857145,0.1,-44.37142857142881,-436.71428571428805,-1.0,SL,2023Q2,2023,1
1824,63591,2023-06-23 18:30:00,63622,2023-06-26 11:00:00,SELL,1921.8,1930.1814285714286,1930.1814285714286,1905.0371428571427,0.1,-84.51428571428615,-838.1428571428614,-1.0,SL,2023Q2,2023,31
1825,63652,2023-06-27 03:00:00,63654,2023-06-27 04:00:00,SELL,1922.48,1925.36,1925.36,1916.72,0.1,-29.499999999998817,-287.9999999999882,-1.0,SL,2023Q2,2023,2
1826,63665,2023-06-27 09:30:00,63674,2023-06-27 14:00:00,BUY,1926.77,1922.21,1922.21,1935.8899999999999,0.1,-46.29999999999946,-455.99999999999454,-1.0,SL,2023Q2,2023,9
1827,63677,2023-06-27 15:30:00,63680,2023-06-27 17:00:00,BUY,1927.13,1921.8814285714288,1921.8814285714288,1937.6271428571429,0.1,-53.18571428571268,-524.8571428571267,-1.0,SL,2023Q2,2023,3
1828,63681,2023-06-27 17:30:00,63769,2023-06-29 15:30:00,SELL,1917.95,1901.9185714285716,1925.9657142857143,1901.9185714285716,0.1,159.6142857142848,1603.1428571428478,1.9740282685512367,TP,2023Q2,2023,88
1829,63770,2023-06-29 16:00:00,63772,2023-06-29 17:00:00,SELL,1896.05,1902.9657142857143,1902.9657142857143,1882.2185714285713,0.1,-69.8571428571433,-691.571428571433,-1.0,SL,2023Q2,2023,2
1830,63782,2023-06-29 22:00:00,63818,2023-06-30 17:00:00,SELL,1906.87,1916.7385714285715,1916.7385714285715,1887.132857142857,0.1,-99.38571428571613,-986.8571428571613,-1.0,SL,2023Q2,2023,36
1831,63840,2023-07-03 05:00:00,63848,2023-07-03 09:00:00,BUY,1917.44,1914.4085714285716,1914.4085714285716,1923.5028571428572,0.1,-31.014285714284778,-303.1428571428478,-1.0,SL,2023Q3,2023,8
1832,63861,2023-07-03 15:30:00,63862,2023-07-03 16:00:00,BUY,1914.61,1924.5299999999997,1909.6499999999999,1924.5299999999997,0.1,98.49999999999845,991.9999999999845,1.9582504970178476,TP,2023Q3,2023,1
1833,63863,2023-07-03 16:30:00,63959,2023-07-05 21:00:00,BUY,1923.56,1917.7071428571428,1917.7071428571428,1935.2657142857142,0.1,-59.22857142857147,-585.2857142857147,-1.0,SL,2023Q3,2023,96
1834,63975,2023-07-06 06:00:00,63989,2023-07-06 13:00:00,SELL,1918.59,1922.1799999999998,1922.1799999999998,1911.41,0.1,-36.599999999999184,-358.9999999999918,-1.0,SL,2023Q3,2023,14
1835,63994,2023-07-06 15:30:00,64036,2023-07-07 13:30:00,SELL,1910.25,1917.58,1917.58,1895.59,0.1,-73.99999999999928,-732.9999999999927,-1.0,SL,2023Q3,2023,42
1836,64059,2023-07-10 02:00:00,64070,2023-07-10 07:30:00,BUY,1926.17,1921.2857142857142,1921.2857142857142,1935.9385714285715,0.1,-49.54285714285852,-488.4285714285852,-1.0,SL,2023Q3,2023,11
1837,64075,2023-07-10 10:00:00,64085,2023-07-10 15:00:00,BUY,1923.62,1919.6742857142856,1919.6742857142856,1931.5114285714285,0.1,-40.15714285714303,-394.57142857143026,-1.0,SL,2023Q3,2023,10
1838,64089,2023-07-10 17:00:00,64120,2023-07-11 09:30:00,BUY,1923.2,1936.6742857142858,1916.4628571428573,1936.6742857142858,0.1,134.0428571428577,1347.428571428577,1.9691500524659302,TP,2023Q3,2023,31
1839,64135,2023-07-11 17:00:00,64178,2023-07-12 15:30:00,BUY,1933.61,1946.8442857142857,1926.992857142857,1946.8442857142857,0.1,131.64285714285762,1323.428571428576,1.9685964537491991,TP,2023Q3,2023,43
1840,64179,2023-07-12 16:00:00,64180,2023-07-12 16:30:00,BUY,1943.31,1955.1471428571429,1937.3914285714286,1955.1471428571429,0.1,117.67142857142908,1183.7142857142908,1.9649332061069076,TP,2023Q3,2023,1
1841,64212,2023-07-13 09:30:00,64224,2023-07-13 15:30:00,BUY,1962.37,1957.2842857142857,1957.2842857142857,1972.5414285714282,0.1,-51.557142857141756,-508.5714285714175,-1.0,SL,2023Q3,2023,12
1842,64226,2023-07-13 16:30:00,64273,2023-07-14 17:00:00,BUY,1959.69,1953.55,1953.55,1971.9700000000003,0.1,-62.100000000001,-614.00000000001,-1.0,SL,2023Q3,2023,47
1843,64275,2023-07-14 18:00:00,64288,2023-07-17 01:30:00,BUY,1960.42,1953.2385714285715,1953.2385714285715,1974.7828571428572,0.1,-72.51428571428569,-718.1428571428569,-1.0,SL,2023Q3,2023,13
1844,64302,2023-07-17 08:30:00,64305,2023-07-17 10:00:00,BUY,1955.49,1951.8200000000002,1951.8200000000002,1962.83,0.1,-37.39999999999846,-366.99999999998454,-1.0,SL,2023Q3,2023,3
1845,64308,2023-07-17 11:30:00,64316,2023-07-17 15:30:00,BUY,1956.32,1951.3271428571427,1951.3271428571427,1966.3057142857142,0.1,-50.62857142857247,-499.2857142857247,-1.0,SL,2023Q3,2023,8
1846,64321,2023-07-17 18:00:00,64359,2023-07-18 14:00:00,BUY,1954.27,1969.19,1946.81,1969.19,0.1,148.50000000000074,1492.0000000000073,1.9721115537848608,TP,2023Q3,2023,38
1847,64362,2023-07-18 15:30:00,64362,2023-07-18 15:30:00,BUY,1966.94,1960.7142857142858,1960.7142857142858,1979.3914285714286,0.1,-62.957142857142756,-622.5714285714275,-1.0,SL,2023Q3,2023,0
1848,64364,2023-07-18 16:30:00,64432,2023-07-20 04:30:00,BUY,1968.95,1984.5300000000002,1961.16,1984.5300000000002,0.1,155.10000000000156,1558.0000000000155,1.9732824427481206,TP,2023Q3,2023,68
1849,64446,2023-07-20 11:30:00,64453,2023-07-20 15:00:00,BUY,1982.97,1977.8414285714287,1977.8414285714287,1993.227142857143,0.1,-51.98571428571377,-512.8571428571377,-1.0,SL,2023Q3,2023,7
1850,64475,2023-07-21 03:00:00,64486,2023-07-21 08:30:00,BUY,1972.34,1968.752857142857,1968.752857142857,1979.5142857142857,0.1,-36.57142857142908,-358.7142857142908,-1.0,SL,2023Q3,2023,11
1851,64489,2023-07-21 10:00:00,64491,2023-07-21 11:00:00,SELL,1970.6,1964.26,1973.7699999999998,1964.26,0.1,62.69999999999918,633.9999999999918,1.935185185185252,TP,2023Q3,2023,2
1852,64500,2023-07-21 15:30:00,64559,2023-07-24 22:00:00,SELL,1965.49,1953.8728571428571,1971.2985714285714,1953.8728571428571,0.1,115.4714285714288,1161.714285714288,1.9642770352369379,TP,2023Q3,2023,59
1853,64588,2023-07-25 13:30:00,64595,2023-07-25 17:00:00,SELL,1960.94,1952.4628571428573,1965.1785714285716,1952.4628571428573,0.1,84.0714285714278,847.714285714278,1.95125994694955,TP,2023Q3,2023,7
1854,64596,2023-07-25 17:30:00,64610,2023-07-26 01:30:00,SELL,1958.01,1966.2514285714285,1966.2514285714285,1941.5271428571427,0.1,-83.11428571428515,-824.1428571428514,-1.0,SL,2023Q3,2023,14
1855,64616,2023-07-26 04:30:00,64625,2023-07-26 09:00:00,SELL,1963.24,1966.097142857143,1966.097142857143,1957.5257142857142,0.1,-29.271428571428896,-285.71428571428896,-1.0,SL,2023Q3,2023,9
1856,64626,2023-07-26 09:30:00,64640,2023-07-26 16:30:00,BUY,1970.05,1966.59,1966.59,1976.97,0.1,-35.30000000000037,-346.00000000000364,-1.0,SL,2023Q3,2023,14
1857,64643,2023-07-26 18:00:00,64663,2023-07-27 05:00:00,BUY,1969.17,1980.167142857143,1963.6714285714286,1980.167142857143,0.1,109.2714285714299,1099.714285714299,1.9622883530015396,TP,2023Q3,2023,20
1858,64674,2023-07-27 10:30:00,64683,2023-07-27 15:00:00,BUY,1978.33,1973.05,1973.05,1988.89,0.1,-53.49999999999973,-527.9999999999973,-1.0,SL,2023Q3,2023,9
1859,64718,2023-07-28 09:30:00,64727,2023-07-28 14:00:00,SELL,1950.23,1955.7385714285715,1955.7385714285715,1939.212857142857,0.1,-55.78571428571486,-550.8571428571486,-1.0,SL,2023Q3,2023,9
1860,64751,2023-07-31 03:00:00,64775,2023-07-31 15:00:00,SELL,1957.95,1961.402857142857,1961.402857142857,1951.0442857142857,0.1,-35.22857142857056,-345.2857142857056,-1.0,SL,2023Q3,2023,24
1861,64827,2023-08-01 18:00:00,64865,2023-08-02 14:00:00,SELL,1946.53,1953.9442857142858,1953.9442857142858,1931.7014285714286,0.1,-74.84285714285825,-741.4285714285825,-1.0,SL,2023Q3,2023,38
1862,64868,2023-08-02 15:30:00,64871,2023-08-02 17:00:00,SELL,1948.26,1937.162857142857,1953.8085714285714,1937.162857142857,0.1,110.27142857142898,1109.7142857142899,1.9626239511823036,TP,2023Q3,2023,3
1863,64895,2023-08-03 06:00:00,64913,2023-08-03 15:00:00,SELL,1936.11,1930.4357142857143,1938.9471428571428,1930.4357142857143,0.1,56.04285714285588,567.4285714285588,1.9277641277640507,TP,2023Q3,2023,18
1864,64914,2023-08-03 15:30:00,64914,2023-08-03 15:30:00,SELL,1931.04,1937.3657142857141,1937.3657142857141,1918.3885714285714,0.1,-63.95714285714185,-632.5714285714184,-1.0,SL,2023Q3,2023,0
1865,64915,2023-08-03 16:00:00,64960,2023-08-04 15:30:00,SELL,1932.83,1940.052857142857,1940.052857142857,1918.3842857142856,0.1,-72.92857142857038,-722.2857142857038,-1.0,SL,2023Q3,2023,45
1866,65009,2023-08-07 17:00:00,65097,2023-08-09 15:00:00,SELL,1933.6,1922.5142857142857,1939.1428571428569,1922.5142857142857,0.1,110.15714285714175,1108.5714285714175,1.9625858997200698,TP,2023Q3,2023,88
1867,65103,2023-08-09 18:00:00,65143,2023-08-10 15:00:00,SELL,1917.22,1923.017142857143,1923.017142857143,1905.6257142857144,0.1,-58.671428571429445,-579.7142857142944,-1.0,SL,2023Q3,2023,40
1868,65146,2023-08-10 16:30:00,65235,2023-08-14 15:00:00,SELL,1920.29,1909.1128571428571,1925.8785714285714,1909.1128571428571,0.1,111.07142857142826,1117.7142857142826,1.9628881595556675,TP,2023Q3,2023,89
1869,65236,2023-08-14 15:30:00,65236,2023-08-14 15:30:00,SELL,1907.47,1912.077142857143,1912.077142857143,1898.2557142857145,0.1,-46.7714285714289,-460.71428571428896,-1.0,SL,2023Q3,2023,0
1870,65237,2023-08-14 16:00:00,65282,2023-08-15 15:30:00,SELL,1910.27,1899.8528571428571,1915.4785714285713,1899.8528571428571,0.1,103.47142857142835,1041.7142857142835,1.9602165087957117,TP,2023Q3,2023,45
1871,65284,2023-08-15 16:30:00,65286,2023-08-15 17:30:00,SELL,1904.21,1909.7485714285715,1909.7485714285715,1893.1328571428571,0.1,-56.08571428571459,-553.8571428571458,-1.0,SL,2023Q3,2023,2
1872,65290,2023-08-15 19:30:00,65351,2023-08-17 04:00:00,SELL,1904.89,1890.387142857143,1912.1414285714286,1890.387142857143,0.1,144.32857142857011,1450.285714285701,1.9713170731707315,TP,2023Q3,2023,61
1873,65367,2023-08-17 12:00:00,65369,2023-08-17 13:00:00,SELL,1893.86,1896.952857142857,1896.952857142857,1887.6742857142856,0.1,-31.628571428571558,-309.2857142857156,-1.0,SL,2023Q3,2023,2
1874,65377,2023-08-17 17:00:00,65497,2023-08-22 08:00:00,SELL,1895.75,1896.31,1901.47,1884.31,0.1,-6.2999999999994545,-55.99999999999454,-0.10880829015543048,TIME_EXIT,2023Q3,2023,120
1875,65498,2023-08-22 08:30:00,65506,2023-08-22 12:30:00,BUY,1896.31,1903.0900000000001,1892.9199999999998,1903.0900000000001,0.1,67.100000000002,678.00000000002,1.9393063583815044,TP,2023Q3,2023,8
1876,65519,2023-08-22 19:00:00,65560,2023-08-23 16:30:00,BUY,1898.04,1911.302857142857,1891.4085714285713,1911.302857142857,0.1,131.92857142857002,1326.2857142857001,1.9686633979961292,TP,2023Q3,2023,41
1877,65561,2023-08-23 17:00:00,65653,2023-08-25 17:00:00,BUY,1918.09,1911.1685714285713,1911.1685714285713,1931.932857142857,0.1,-69.91428571428578,-692.1428571428578,-1.0,SL,2023Q3,2023,92
1878,65662,2023-08-25 21:30:00,65745,2023-08-29 17:00:00,BUY,1914.45,1930.1414285714286,1906.6042857142857,1930.1414285714286,0.1,156.2142857142856,1569.142857142856,1.9734704926908218,TP,2023Q3,2023,83
1879,65746,2023-08-29 17:30:00,65790,2023-08-30 16:30:00,BUY,1934.12,1946.56,1927.8999999999999,1946.56,0.1,123.70000000000054,1244.0000000000055,1.9666136724960255,TP,2023Q3,2023,44
1880,65806,2023-08-31 01:30:00,65836,2023-08-31 16:30:00,BUY,1944.89,1941.934285714286,1941.934285714286,1950.8014285714285,0.1,-30.25714285714066,-295.5714285714066,-1.0,SL,2023Q3,2023,30
1881,65858,2023-09-01 04:30:00,65860,2023-09-01 05:30:00,BUY,1942.96,1940.4257142857143,1940.4257142857143,1948.0285714285715,0.1,-26.042857142857155,-253.42857142857156,-1.0,SL,2023Q3,2023,2
1882,65869,2023-09-01 10:00:00,65880,2023-09-01 15:30:00,BUY,1940.55,1946.724285714286,1937.462857142857,1946.724285714286,0.1,61.04285714286043,617.4285714286043,1.9334841628960007,TP,2023Q3,2023,11
1883,65902,2023-09-04 03:30:00,65906,2023-09-04 05:30:00,BUY,1941.09,1945.807142857143,1938.7314285714285,1945.807142857143,0.1,46.47142857143017,471.7142857143017,1.9135294117647983,TP,2023Q3,2023,4
1884,65917,2023-09-04 11:00:00,65920,2023-09-04 12:30:00,BUY,1944.03,1941.11,1941.11,1949.8700000000001,0.1,-29.900000000000727,-292.0000000000073,-1.0,SL,2023Q3,2023,3
1885,65947,2023-09-05 05:30:00,65950,2023-09-05 07:00:00,SELL,1935.74,1937.7457142857143,1937.7457142857143,1931.7285714285715,0.1,-20.75714285714248,-200.5714285714248,-1.0,SL,2023Q3,2023,3
1886,65954,2023-09-05 09:00:00,65960,2023-09-05 12:00:00,SELL,1936.93,1931.727142857143,1939.5314285714285,1931.727142857143,0.1,51.328571428570555,520.2857142857056,1.9213903743316312,TP,2023Q3,2023,6
1887,65969,2023-09-05 16:30:00,66014,2023-09-06 16:00:00,SELL,1932.59,1922.6271428571429,1937.5714285714284,1922.6271428571429,0.1,98.92857142857046,996.2857142857047,1.9584276018099542,TP,2023Q3,2023,45
1888,66015,2023-09-06 16:30:00,66015,2023-09-06 16:30:00,SELL,1921.63,1925.8,1925.8,1913.2900000000002,0.1,-42.39999999999846,-416.99999999998454,-1.0,SL,2023Q3,2023,0
1889,66017,2023-09-06 17:30:00,66081,2023-09-08 03:30:00,SELL,1918.88,1924.8457142857144,1924.8457142857144,1906.9485714285715,0.1,-60.35714285714285,-596.5714285714284,-1.0,SL,2023Q3,2023,64
1890,66102,2023-09-08 14:00:00,66105,2023-09-08 15:30:00,SELL,1923.43,1925.9485714285715,1925.9485714285715,1918.392857142857,0.1,-25.885714285714766,-251.85714285714766,-1.0,SL,2023Q3,2023,3
1891,66106,2023-09-08 16:00:00,66107,2023-09-08 16:30:00,SELL,1920.34,1923.8,1923.8,1913.4199999999998,0.1,-35.30000000000037,-346.00000000000364,-1.0,SL,2023Q3,2023,1
1892,66110,2023-09-08 18:00:00,66140,2023-09-11 10:00:00,SELL,1923.76,1928.88,1928.88,1913.52,0.1,-51.900000000001185,-512.0000000000118,-1.0,SL,2023Q3,2023,30
1893,66148,2023-09-11 14:00:00,66155,2023-09-11 17:30:00,BUY,1925.9,1922.107142857143,1922.107142857143,1933.4857142857145,0.1,-38.628571428572016,-379.28571428572013,-1.0,SL,2023Q3,2023,7
1894,66176,2023-09-12 05:00:00,66178,2023-09-12 06:00:00,SELL,1921.66,1923.8028571428572,1923.8028571428572,1917.3742857142859,0.1,-22.128571428571103,-214.28571428571104,-1.0,SL,2023Q3,2023,2
1895,66182,2023-09-12 08:00:00,66193,2023-09-12 13:30:00,SELL,1922.2,1916.8857142857141,1924.857142857143,1916.8857142857141,0.1,52.442857142859154,531.4285714285916,1.9229963331588047,TP,2023Q3,2023,11
1896,66206,2023-09-12 20:00:00,66322,2023-09-15 09:00:00,SELL,1912.25,1917.89,1917.89,1900.97,0.1,-57.100000000001,-564.00000000001,-1.0,SL,2023Q3,2023,116
1897,66337,2023-09-15 16:30:00,66401,2023-09-19 02:30:00,BUY,1924.86,1934.2199999999998,1920.18,1934.2199999999998,0.1,92.899999999999,935.99999999999,1.9557894736842567,TP,2023Q3,2023,64
1898,66406,2023-09-19 05:00:00,66412,2023-09-19 08:00:00,BUY,1933.09,1931.06,1931.06,1937.1499999999999,0.1,-20.999999999999726,-202.99999999999727,-1.0,SL,2023Q3,2023,6
1899,66417,2023-09-19 10:30:00,66438,2023-09-19 21:00:00,BUY,1932.69,1930.42,1930.42,1937.2300000000002,0.1,-23.399999999999817,-226.99999999999818,-1.0,SL,2023Q3,2023,21
1900,66460,2023-09-20 09:00:00,66462,2023-09-20 10:00:00,BUY,1931.29,1929.0985714285714,1929.0985714285714,1935.672857142857,0.1,-22.614285714285597,-219.14285714285597,-1.0,SL,2023Q3,2023,2
1901,66468,2023-09-20 13:00:00,66475,2023-09-20 16:30:00,BUY,1931.9,1937.834285714286,1928.9328571428573,1937.834285714286,0.1,58.64285714285806,593.4285714285807,1.930856067732905,TP,2023Q3,2023,7
1902,66486,2023-09-20 22:00:00,66487,2023-09-20 22:30:00,BUY,1940.57,1933.06,1933.06,1955.59,0.1,-75.79999999999991,-750.9999999999991,-1.0,SL,2023Q3,2023,1
1903,66525,2023-09-21 18:30:00,66544,2023-09-22 05:00:00,SELL,1917.55,1924.7214285714288,1924.7214285714288,1903.2071428571426,0.1,-72.41428571428806,-717.1428571428805,-1.0,SL,2023Q3,2023,19
1904,66562,2023-09-22 14:00:00,66566,2023-09-22 16:00:00,SELL,1924.48,1927.6785714285713,1927.6785714285713,1918.0828571428572,0.1,-32.68571428571313,-319.8571428571313,-1.0,SL,2023Q3,2023,4
1905,66574,2023-09-22 20:00:00,66614,2023-09-25 17:00:00,SELL,1925.19,1916.912857142857,1929.3285714285714,1916.912857142857,0.1,82.07142857142962,827.7142857142962,1.950101832993943,TP,2023Q3,2023,40
1906,66615,2023-09-25 17:30:00,66659,2023-09-26 16:30:00,SELL,1916.43,1905.4157142857143,1921.937142857143,1905.4157142857143,0.1,109.44285714285733,1101.4285714285734,1.9623463114753696,TP,2023Q3,2023,44
1907,66683,2023-09-27 05:30:00,66688,2023-09-27 08:00:00,SELL,1900.87,1895.832857142857,1903.3885714285714,1895.832857142857,0.1,49.67142857142953,503.71428571429533,1.9188741721854319,TP,2023Q3,2023,5
1908,66737,2023-09-28 09:30:00,66738,2023-09-28 10:00:00,SELL,1873.97,1877.3114285714285,1877.3114285714285,1867.287142857143,0.1,-34.114285714284236,-334.14285714284233,-1.0,SL,2023Q3,2023,1
1909,66740,2023-09-28 11:00:00,66749,2023-09-28 15:30:00,SELL,1875.65,1879.3857142857144,1879.3857142857144,1868.1785714285716,0.1,-38.057142857142665,-373.5714285714266,-1.0,SL,2023Q3,2023,9
1910,66750,2023-09-28 16:00:00,66754,2023-09-28 18:00:00,SELL,1872.26,1862.2542857142857,1877.2628571428572,1862.2542857142857,0.1,99.35714285714248,1000.5714285714248,1.9586032103632338,TP,2023Q3,2023,4
1911,66772,2023-09-29 04:00:00,66782,2023-09-29 09:00:00,SELL,1865.22,1869.182857142857,1869.182857142857,1857.2942857142857,0.1,-40.32857142857047,-396.28571428570467,-1.0,SL,2023Q3,2023,10
1912,66793,2023-09-29 14:30:00,66795,2023-09-29 15:30:00,SELL,1868.14,1872.377142857143,1872.377142857143,1859.6657142857143,0.1,-43.07142857142999,-423.7142857142999,-1.0,SL,2023Q3,2023,2
1913,66798,2023-09-29 17:00:00,66800,2023-09-29 18:00:00,SELL,1870.43,1858.7614285714285,1876.2642857142857,1858.7614285714285,0.1,115.98571428571567,1166.8571428571568,1.964432615533549,TP,2023Q3,2023,2
1914,66831,2023-10-02 10:30:00,66834,2023-10-02 12:00:00,SELL,1842.8,1834.0657142857142,1847.1671428571428,1834.0657142857142,0.1,86.64285714285761,873.4285714285761,1.9526722472633613,TP,2023Q4,2023,3
1915,66842,2023-10-02 16:00:00,66860,2023-10-03 02:00:00,SELL,1836.36,1821.8485714285712,1843.6157142857141,1821.8485714285712,0.1,144.41428571428725,1451.1428571428723,1.971333853354165,TP,2023Q4,2023,18
1916,66877,2023-10-03 10:30:00,66878,2023-10-03 11:00:00,SELL,1821.72,1827.2357142857145,1827.2357142857145,1810.6885714285713,0.1,-55.857142857144666,-551.5714285714466,-1.0,SL,2023Q4,2023,1
1917,66888,2023-10-03 16:00:00,66889,2023-10-03 16:30:00,SELL,1824.74,1830.8314285714287,1830.8314285714287,1812.557142857143,0.1,-61.61428571428651,-609.1428571428651,-1.0,SL,2023Q4,2023,1
1918,66893,2023-10-03 18:30:00,67013,2023-10-06 09:30:00,SELL,1824.59,1819.54,1832.9571428571428,1807.8557142857144,0.1,49.79999999999954,504.99999999999545,0.5902472062309445,TIME_EXIT,2023Q4,2023,120
1919,67014,2023-10-06 10:00:00,67018,2023-10-06 12:00:00,SELL,1819.28,1822.2614285714285,1822.2614285714285,1813.3171428571427,0.1,-30.514285714285233,-298.14285714285234,-1.0,SL,2023Q4,2023,4
1920,67019,2023-10-06 12:30:00,67020,2023-10-06 13:00:00,SELL,1820.74,1823.9728571428573,1823.9728571428573,1814.2742857142857,0.1,-33.02857142857256,-323.2857142857256,-1.0,SL,2023Q4,2023,1
1921,67024,2023-10-06 15:00:00,67025,2023-10-06 15:30:00,SELL,1821.11,1812.9014285714284,1825.2142857142856,1812.9014285714284,0.1,81.38571428571531,820.8571428571531,1.9496919917865012,TP,2023Q4,2023,1
1922,67026,2023-10-06 16:00:00,67026,2023-10-06 16:00:00,SELL,1814.96,1820.3871428571429,1820.3871428571429,1804.1057142857144,0.1,-54.97142857142826,-542.7142857142826,-1.0,SL,2023Q4,2023,0
1923,67075,2023-10-09 17:30:00,67084,2023-10-09 22:00:00,BUY,1850.68,1861.417142857143,1845.3114285714287,1861.417142857143,0.1,106.67142857142998,1073.7142857142999,1.9613869188337687,TP,2023Q4,2023,9
1924,67104,2023-10-10 09:00:00,67104,2023-10-10 09:00:00,BUY,1860.91,1857.217142857143,1857.217142857143,1868.295714285714,0.1,-37.62857142857065,-369.2857142857065,-1.0,SL,2023Q4,2023,0
1925,67111,2023-10-10 12:30:00,67114,2023-10-10 14:00:00,BUY,1859.54,1855.1685714285713,1855.1685714285713,1868.282857142857,0.1,-44.41428571428624,-437.14285714286234,-1.0,SL,2023Q4,2023,3
1926,67123,2023-10-10 18:30:00,67154,2023-10-11 11:00:00,BUY,1858.3,1869.3742857142856,1852.762857142857,1869.3742857142856,0.1,110.04285714285679,1107.428571428568,1.962547770700597,TP,2023Q4,2023,31
1927,67165,2023-10-11 16:30:00,67207,2023-10-12 14:30:00,BUY,1871.8,1884.2714285714287,1865.5642857142857,1884.2714285714287,0.1,124.0142857142876,1247.142857142876,1.9666968735840866,TP,2023Q4,2023,42
1928,67232,2023-10-13 04:00:00,67244,2023-10-13 10:00:00,BUY,1872.62,1879.8714285714284,1868.9942857142855,1879.8714285714284,0.1,71.81428571428505,725.1428571428505,1.9431774255894254,TP,2023Q4,2023,12
1929,67296,2023-10-16 13:00:00,67346,2023-10-17 15:00:00,BUY,1916.25,1927.63,1910.56,1927.63,0.1,113.10000000000109,1138.000000000011,1.963541666666667,TP,2023Q4,2023,50
1930,67349,2023-10-17 16:30:00,67370,2023-10-18 04:00:00,BUY,1923.38,1936.7257142857145,1916.7071428571428,1936.7257142857145,0.1,132.75714285714395,1334.5714285714394,1.968855932203357,TP,2023Q4,2023,21
1931,67400,2023-10-18 19:00:00,67448,2023-10-19 20:00:00,BUY,1945.31,1965.6042857142857,1935.162857142857,1965.6042857142857,0.1,202.24285714285708,2029.4285714285706,1.9794463087248322,TP,2023Q4,2023,48
1932,67449,2023-10-19 20:30:00,67488,2023-10-20 17:00:00,BUY,1968.26,1989.8028571428572,1957.4885714285713,1989.8028571428572,0.1,214.72857142857202,2154.28571428572,1.980629859006436,TP,2023Q4,2023,39
1933,67489,2023-10-20 17:30:00,67494,2023-10-20 20:00:00,BUY,1988.62,1979.3014285714285,1979.3014285714285,2007.2571428571428,0.1,-93.88571428571431,-931.8571428571431,-1.0,SL,2023Q4,2023,5
1934,67518,2023-10-23 09:00:00,67570,2023-10-24 12:00:00,BUY,1975.91,1968.8228571428572,1968.8228571428572,1990.084285714286,0.1,-71.57142857142908,-708.7142857142908,-1.0,SL,2023Q4,2023,52
1935,67596,2023-10-25 02:00:00,67601,2023-10-25 04:30:00,SELL,1970.35,1975.6442857142856,1975.6442857142856,1959.7614285714285,0.1,-53.64285714285707,-529.4285714285706,-1.0,SL,2023Q4,2023,5
1936,67606,2023-10-25 07:00:00,67612,2023-10-25 10:00:00,BUY,1973.35,1969.0485714285712,1969.0485714285712,1981.952857142857,0.1,-43.71428571428687,-430.1428571428687,-1.0,SL,2023Q4,2023,6
1937,67615,2023-10-25 11:30:00,67625,2023-10-25 16:30:00,BUY,1973.21,1984.9185714285716,1967.3557142857144,1984.9185714285716,0.1,116.38571428571531,1170.8571428571531,1.9645526886906577,TP,2023Q4,2023,10
1938,67630,2023-10-25 19:00:00,67726,2023-10-27 21:00:00,BUY,1981.32,2003.32,1970.32,2003.32,0.1,219.3,2200.0,1.981029810298103,TP,2023Q4,2023,96
1939,67747,2023-10-30 07:30:00,67748,2023-10-30 08:00:00,BUY,2001.74,1997.3300000000002,1997.3300000000002,2010.5599999999997,0.1,-44.79999999999855,-440.99999999998545,-1.0,SL,2023Q4,2023,1
1940,67762,2023-10-30 15:00:00,67791,2023-10-31 06:30:00,BUY,1998.09,1991.297142857143,1991.297142857143,2011.675714285714,0.1,-68.62857142856974,-679.2857142856974,-1.0,SL,2023Q4,2023,29
1941,67796,2023-10-31 09:00:00,67809,2023-10-31 15:30:00,BUY,1995.06,2003.0514285714287,1991.0642857142855,2003.0514285714287,0.1,79.21428571428741,799.1428571428742,1.9483485593815346,TP,2023Q4,2023,13
1942,67810,2023-10-31 16:00:00,67812,2023-10-31 17:00:00,BUY,2002.57,1996.0171428571427,1996.0171428571427,2015.6757142857143,0.1,-66.22857142857193,-655.2857142857192,-1.0,SL,2023Q4,2023,2
1943,67859,2023-11-01 17:30:00,67892,2023-11-02 11:00:00,SELL,1982.27,1989.4885714285715,1989.4885714285715,1967.8328571428572,0.1,-72.88571428571522,-721.8571428571522,-1.0,SL,2023Q4,2023,33
1944,67901,2023-11-02 15:30:00,67945,2023-11-03 14:30:00,SELL,1985.71,1991.1757142857143,1991.1757142857143,1974.7785714285712,0.1,-55.35714285714285,-546.5714285714284,-1.0,SL,2023Q4,2023,44
1945,67946,2023-11-03 15:00:00,67946,2023-11-03 15:00:00,BUY,2000.26,1993.7242857142858,1993.7242857142858,2013.3314285714287,0.1,-66.05714285714221,-653.5714285714221,-1.0,SL,2023Q4,2023,0
1946,67947,2023-11-03 15:30:00,67996,2023-11-06 18:00:00,BUY,1989.25,1980.7614285714285,1980.7614285714285,2006.227142857143,0.1,-85.58571428571504,-848.8571428571504,-1.0,SL,2023Q4,2023,49
1947,68040,2023-11-07 17:00:00,68046,2023-11-07 20:00:00,SELL,1960.26,1967.4771428571428,1967.4771428571428,1945.8257142857142,0.1,-72.8714285714279,-721.714285714279,-1.0,SL,2023Q4,2023,6
1948,68063,2023-11-08 05:30:00,68076,2023-11-08 12:00:00,SELL,1967.76,1961.8714285714286,1970.7042857142858,1961.8714285714286,0.1,58.18571428571367,588.8571428571368,1.9303317535544289,TP,2023Q4,2023,13
1949,68084,2023-11-08 16:00:00,68087,2023-11-08 17:30:00,SELL,1964.68,1955.0742857142857,1969.4828571428573,1955.0742857142857,0.1,95.35714285714384,960.5714285714384,1.9569041336851365,TP,2023Q4,2023,3
1950,68106,2023-11-09 04:00:00,68118,2023-11-09 10:00:00,SELL,1953.21,1944.8842857142856,1957.3728571428571,1944.8842857142856,0.1,82.55714285714411,832.5714285714412,1.9503881201485511,TP,2023Q4,2023,12
1951,68127,2023-11-09 14:30:00,68130,2023-11-09 16:00:00,SELL,1947.33,1951.8371428571427,1951.8371428571427,1938.3157142857142,0.1,-45.771428571427535,-450.7142857142753,-1.0,SL,2023Q4,2023,3
1952,68153,2023-11-10 04:30:00,68170,2023-11-10 13:00:00,SELL,1957.3,1948.7857142857142,1961.557142857143,1948.7857142857142,0.1,84.44285714285733,851.4285714285734,1.951469131726591,TP,2023Q4,2023,17
1953,68194,2023-11-13 02:00:00,68227,2023-11-13 18:30:00,SELL,1940.17,1945.8028571428572,1945.8028571428572,1928.9042857142858,0.1,-57.0285714285712,-563.285714285712,-1.0,SL,2023Q4,2023,33
1954,68248,2023-11-14 06:00:00,68258,2023-11-14 11:00:00,SELL,1944.58,1947.1214285714286,1947.1214285714286,1939.4971428571428,0.1,-26.11428571428696,-254.14285714286962,-1.0,SL,2023Q4,2023,10
1955,68266,2023-11-14 15:00:00,68267,2023-11-14 15:30:00,SELL,1945.03,1948.1757142857143,1948.1757142857143,1938.7385714285715,0.1,-32.157142857143484,-314.5714285714348,-1.0,SL,2023Q4,2023,1
1956,68340,2023-11-16 06:00:00,68359,2023-11-16 15:30:00,BUY,1961.49,1968.5700000000002,1957.95,1968.5700000000002,0.1,70.10000000000154,708.0000000000155,1.9418282548477075,TP,2023Q4,2023,19
1957,68360,2023-11-16 16:00:00,68361,2023-11-16 16:30:00,BUY,1972.26,1981.0371428571427,1967.8714285714286,1981.0371428571427,0.1,87.07142857142735,877.7142857142735,1.9528997116308866,TP,2023Q4,2023,1
1958,68393,2023-11-17 09:30:00,68397,2023-11-17 11:30:00,BUY,1984.78,1991.8457142857142,1981.2471428571428,1991.8457142857142,0.1,69.95714285714193,706.5714285714193,1.9417129262489465,TP,2023Q4,2023,4
1959,68403,2023-11-17 14:30:00,68405,2023-11-17 15:30:00,BUY,1990.03,1985.06,1985.06,1999.97,0.1,-50.400000000000276,-497.00000000000273,-1.0,SL,2023Q4,2023,2
1960,68427,2023-11-20 03:30:00,68439,2023-11-20 09:30:00,BUY,1982.86,1978.2371428571428,1978.2371428571428,1992.1057142857142,0.1,-46.92857142857129,-462.28571428571286,-1.0,SL,2023Q4,2023,12
1961,68458,2023-11-20 19:00:00,68472,2023-11-21 03:00:00,BUY,1974.77,1989.0271428571427,1967.6414285714286,1989.0271428571427,0.1,141.87142857142754,1425.7142857142753,1.9708275451478467,TP,2023Q4,2023,14
1962,68491,2023-11-21 12:30:00,68497,2023-11-21 15:30:00,BUY,1988.9,1999.974285714286,1983.3628571428571,1999.974285714286,0.1,110.04285714285906,1107.4285714285907,1.9625477707006374,TP,2023Q4,2023,6
1963,68510,2023-11-21 22:00:00,68546,2023-11-22 17:00:00,BUY,2000.25,1992.06,1992.06,2016.6299999999999,0.1,-82.60000000000055,-819.0000000000055,-1.0,SL,2023Q4,2023,36
1964,68565,2023-11-23 03:30:00,68630,2023-11-24 15:30:00,BUY,1992.65,1999.9014285714286,1989.024285714286,1999.9014285714286,0.1,71.81428571428505,725.1428571428505,1.9431774255895449,TP,2023Q4,2023,65
1965,68631,2023-11-24 16:00:00,68645,2023-11-27 03:00:00,BUY,1999.74,2008.1457142857143,1995.5371428571427,2008.1457142857143,0.1,83.35714285714339,840.5714285714339,1.9508525576729672,TP,2023Q4,2023,14
1966,68672,2023-11-27 16:30:00,68676,2023-11-27 18:30:00,BUY,2012.23,2007.0171428571427,2007.0171428571427,2022.6557142857143,0.1,-52.828571428572744,-521.2857142857274,-1.0,SL,2023Q4,2023,4
1967,68680,2023-11-27 20:30:00,68717,2023-11-28 16:00:00,BUY,2012.27,2025.6471428571429,2005.5814285714287,2025.6471428571429,0.1,133.07142857142873,1337.7142857142871,1.9689283449588157,TP,2023Q4,2023,37
1968,68749,2023-11-29 09:00:00,68754,2023-11-29 11:30:00,BUY,2044.75,2038.712857142857,2038.712857142857,2056.824285714286,0.1,-61.071428571429536,-603.7142857142953,-1.0,SL,2023Q4,2023,5
1969,68761,2023-11-29 15:00:00,68803,2023-11-30 13:00:00,BUY,2041.53,2036.35,2036.35,2051.89,0.1,-52.50000000000064,-518.0000000000064,-1.0,SL,2023Q4,2023,42
1970,68808,2023-11-30 15:30:00,68808,2023-11-30 15:30:00,BUY,2041.44,2036.04,2036.04,2052.2400000000002,0.1,-54.70000000000091,-540.0000000000091,-1.0,SL,2023Q4,2023,0
1971,68814,2023-11-30 18:30:00,68859,2023-12-01 18:00:00,BUY,2039.64,2056.0657142857144,2031.427142857143,2056.0657142857144,0.1,163.55714285714322,1642.571428571432,1.9746464298034077,TP,2023Q4,2023,45
1972,68883,2023-12-04 07:00:00,68889,2023-12-04 10:00:00,BUY,2085.53,2060.154285714286,2060.154285714286,2136.2814285714285,0.1,-254.45714285714365,-2537.5714285714366,-1.0,SL,2023Q4,2023,6
1973,68923,2023-12-05 04:00:00,68948,2023-12-05 16:30:00,SELL,2035.5,2020.7285714285715,2042.8857142857144,2020.7285714285715,0.1,147.01428571428488,1477.1428571428487,1.9718336846138806,TP,2023Q4,2023,25
1974,68949,2023-12-05 17:00:00,68949,2023-12-05 17:00:00,SELL,2016.55,2026.85,2026.85,1995.9499999999998,0.1,-103.69999999999955,-1029.9999999999955,-1.0,SL,2023Q4,2023,0
1975,68968,2023-12-06 03:30:00,68976,2023-12-06 07:30:00,SELL,2019.67,2024.3657142857144,2024.3657142857144,2010.2785714285715,0.1,-47.65714285714303,-469.57142857143026,-1.0,SL,2023Q4,2023,8
1976,68984,2023-12-06 11:30:00,68991,2023-12-06 15:00:00,SELL,2022.73,2029.547142857143,2029.547142857143,2009.0957142857142,0.1,-68.87142857142926,-681.7142857142926,-1.0,SL,2023Q4,2023,7
1977,68995,2023-12-06 17:00:00,69028,2023-12-07 10:30:00,SELL,2025.16,2034.0028571428572,2034.0028571428572,2007.4742857142858,0.1,-89.12857142857156,-884.2857142857156,-1.0,SL,2023Q4,2023,33
1978,69041,2023-12-07 17:00:00,69085,2023-12-08 16:00:00,SELL,2026.19,2009.4214285714286,2034.5742857142857,2009.4214285714286,0.1,166.98571428571478,1676.8571428571477,1.9751605272051636,TP,2023Q4,2023,44
1979,69105,2023-12-11 03:00:00,69118,2023-12-11 09:30:00,SELL,2004.71,1993.8614285714286,2010.1342857142856,1993.8614285714286,0.1,107.78571428571404,1084.8571428571404,1.961778471138886,TP,2023Q4,2023,13
1980,69120,2023-12-11 10:30:00,69133,2023-12-11 17:00:00,SELL,1996.72,1984.1028571428571,2003.0285714285715,1984.1028571428571,0.1,125.4714285714288,1261.714285714288,1.967077267637178,TP,2023Q4,2023,13
1981,69149,2023-12-12 02:00:00,69150,2023-12-12 02:30:00,SELL,1982.73,1987.6785714285713,1987.6785714285713,1972.8328571428572,0.1,-50.18571428571313,-494.8571428571313,-1.0,SL,2023Q4,2023,1
1982,69153,2023-12-12 04:00:00,69160,2023-12-12 07:30:00,SELL,1983.07,1987.5085714285713,1987.5085714285713,1974.192857142857,0.1,-45.08571428571322,-443.8571428571322,-1.0,SL,2023Q4,2023,7
1983,69167,2023-12-12 11:00:00,69170,2023-12-12 12:30:00,SELL,1983.62,1987.6342857142856,1987.6342857142856,1975.5914285714284,0.1,-40.84285714285734,-401.4285714285734,-1.0,SL,2023Q4,2023,3
1984,69177,2023-12-12 16:00:00,69233,2023-12-13 21:00:00,SELL,1984.39,1991.0300000000002,1991.0300000000002,1971.1100000000001,0.1,-67.100000000001,-664.00000000001,-1.0,SL,2023Q4,2023,56
1985,69269,2023-12-14 16:00:00,69314,2023-12-15 15:30:00,BUY,2037.36,2028.0828571428572,2028.0828571428572,2055.9142857142856,0.1,-93.47142857142735,-927.7142857142735,-1.0,SL,2023Q4,2023,45
1986,69340,2023-12-18 05:30:00,69408,2023-12-19 16:30:00,BUY,2023.51,2035.4500000000003,2017.54,2035.4500000000003,0.1,118.70000000000282,1194.0000000000282,1.9652317880795078,TP,2023Q4,2023,68
1987,69431,2023-12-20 05:00:00,69445,2023-12-20 12:00:00,BUY,2040.04,2036.9171428571428,2036.9171428571428,2046.2857142857144,0.1,-31.928571428571285,-312.28571428571286,-1.0,SL,2023Q4,2023,14
1988,69455,2023-12-20 17:00:00,69455,2023-12-20 17:00:00,BUY,2038.1,2031.7071428571428,2031.7071428571428,2050.885714285714,0.1,-64.6285714285711,-639.285714285711,-1.0,SL,2023Q4,2023,0
1989,69463,2023-12-20 21:00:00,69468,2023-12-20 23:30:00,BUY,2036.38,2029.107142857143,2029.107142857143,2050.9257142857145,0.1,-73.4285714285722,-727.285714285722,-1.0,SL,2023Q4,2023,5
1990,69473,2023-12-21 03:00:00,69498,2023-12-21 15:30:00,BUY,2033.83,2044.4957142857143,2028.4971428571428,2044.4957142857143,0.1,105.9571428571433,1066.571428571433,1.9611316763617135,TP,2023Q4,2023,25
1991,69499,2023-12-21 16:00:00,69516,2023-12-22 01:30:00,BUY,2041.48,2053.6657142857143,2035.3871428571429,2053.6657142857143,0.1,121.15714285714311,1218.5714285714312,1.965924895688456,TP,2023Q4,2023,17
1992,69532,2023-12-22 09:30:00,69539,2023-12-22 13:00:00,BUY,2049.35,2058.1642857142856,2044.942857142857,2058.1642857142856,0.1,87.44285714285688,881.4285714285688,1.9530950861518823,TP,2023Q4,2023,7
1993,69566,2023-12-26 03:30:00,69604,2023-12-26 22:30:00,BUY,2058.23,2067.8128571428574,2053.4385714285713,2067.8128571428574,0.1,95.12857142857392,958.2857142857392,1.9568028210402595,TP,2023Q4,2023,38
1994,69617,2023-12-27 06:00:00,69639,2023-12-27 17:00:00,BUY,2064.66,2073.162857142857,2060.4085714285716,2073.162857142857,0.1,84.3285714285701,850.285714285701,1.9514049586777877,TP,2023Q4,2023,22
1995,69640,2023-12-27 17:30:00,69693,2023-12-28 21:00:00,BUY,2077.24,2070.35,2070.35,2091.02,0.1,-69.59999999999873,-688.9999999999873,-1.0,SL,2023Q4,2023,53
1996,69705,2023-12-29 04:00:00,69720,2023-12-29 11:30:00,BUY,2070.78,2066.0785714285716,2066.0785714285716,2080.1828571428573,0.1,-47.71428571428551,-470.14285714285506,-1.0,SL,2023Q4,2023,15
1997,69727,2023-12-29 15:00:00,69754,2024-01-02 05:30:00,SELL,2065.25,2070.445714285714,2070.445714285714,2054.8585714285714,0.1,-52.657142857140755,-519.5714285714075,-1.0,SL,2023Q4,2023,27
1998,69777,2024-01-02 17:00:00,69778,2024-01-02 17:30:00,BUY,2070.54,2062.4014285714284,2062.4014285714284,2086.8171428571427,0.1,-82.08571428571595,-813.8571428571595,-1.0,SL,2024Q1,2024,1
1999,69779,2024-01-02 18:00:00,69820,2024-01-03 15:30:00,SELL,2059.23,2039.7071428571428,2068.9914285714285,2039.7071428571428,0.1,194.5285714285722,1952.285714285722,1.9786399302528566,TP,2024Q1,2024,41
2000,69842,2024-01-04 03:30:00,69846,2024-01-04 05:30:00,SELL,2040.99,2046.957142857143,2046.957142857143,2029.0557142857142,0.1,-60.37142857143017,-596.7142857143017,-1.0,SL,2024Q1,2024,4
2001,69863,2024-01-04 14:00:00,69912,2024-01-05 15:30:00,SELL,2045.0,2034.1714285714286,2050.4142857142856,2034.1714285714286,0.1,107.58571428571422,1082.8571428571422,1.96170877832773,TP,2024Q1,2024,49
2002,69913,2024-01-05 16:00:00,69913,2024-01-05 16:00:00,SELL,2039.85,2047.2542857142857,2047.2542857142857,2025.0414285714285,0.1,-74.74285714285834,-740.4285714285834,-1.0,SL,2024Q1,2024,0
2003,69919,2024-01-05 19:00:00,69953,2024-01-08 13:00:00,SELL,2044.92,2018.8114285714285,2057.974285714286,2018.8114285714285,0.1,260.38571428571623,2610.857142857162,1.9839991292042936,TP,2024Q1,2024,34
2004,69967,2024-01-08 20:00:00,69991,2024-01-09 09:00:00,SELL,2027.49,2036.9285714285716,2036.9285714285716,2008.6128571428571,0.1,-95.0857142857155,-943.8571428571549,-1.0,SL,2024Q1,2024,24
2005,69994,2024-01-09 10:30:00,69997,2024-01-09 12:00:00,SELL,2031.63,2037.2900000000002,2037.2900000000002,2020.3100000000002,0.1,-57.30000000000082,-566.0000000000082,-1.0,SL,2024Q1,2024,3
2006,70004,2024-01-09 15:30:00,70004,2024-01-09 15:30:00,SELL,2032.95,2039.527142857143,2039.527142857143,2019.7957142857144,0.1,-66.47142857142917,-657.7142857142917,-1.0,SL,2024Q1,2024,0
2007,70007,2024-01-09 17:00:00,70096,2024-01-11 15:30:00,SELL,2034.55,2041.922857142857,2041.922857142857,2019.8042857142857,0.1,-74.42857142857129,-737.2857142857129,-1.0,SL,2024Q1,2024,89
2008,70097,2024-01-11 16:00:00,70102,2024-01-11 18:30:00,SELL,2029.4,2013.7685714285715,2037.2157142857143,2013.7685714285715,0.1,155.61428571428615,1563.1428571428614,1.97336956521742,TP,2024Q1,2024,5
2009,70153,2024-01-12 21:00:00,70226,2024-01-16 14:00:00,BUY,2047.54,2036.37,2036.37,2069.88,0.1,-112.40000000000073,-1117.0000000000073,-1.0,SL,2024Q1,2024,73
2010,70235,2024-01-16 18:30:00,70276,2024-01-17 16:00:00,SELL,2036.66,2017.5685714285714,2046.2057142857143,2017.5685714285714,0.1,190.21428571428652,1909.142857142865,1.9781607487743513,TP,2024Q1,2024,41
2011,70277,2024-01-17 16:30:00,70281,2024-01-17 18:30:00,SELL,2021.42,2004.8057142857142,2029.727142857143,2004.8057142857142,0.1,165.4428571428587,1661.428571428587,1.9749317871759895,TP,2024Q1,2024,4
2012,70297,2024-01-18 03:30:00,70318,2024-01-18 14:00:00,SELL,2009.69,2014.4542857142858,2014.4542857142858,2000.1614285714286,0.1,-48.34285714285734,-476.4285714285734,-1.0,SL,2024Q1,2024,21
2013,70321,2024-01-18 15:30:00,70326,2024-01-18 18:00:00,SELL,2011.15,2016.9042857142858,2016.9042857142858,1999.6414285714286,0.1,-58.24285714285743,-575.4285714285743,-1.0,SL,2024Q1,2024,5
2014,70349,2024-01-19 06:30:00,70354,2024-01-19 09:00:00,SELL,2020.69,2024.38,2024.38,2013.31,0.1,-37.60000000000055,-369.00000000000546,-1.0,SL,2024Q1,2024,5
2015,70376,2024-01-19 20:00:00,70398,2024-01-22 08:00:00,BUY,2029.22,2021.04,2021.04,2045.58,0.1,-82.50000000000064,-818.0000000000064,-1.0,SL,2024Q1,2024,22
2016,70410,2024-01-22 14:00:00,70415,2024-01-22 16:30:00,BUY,2026.26,2019.3728571428574,2019.3728571428574,2040.0342857142855,0.1,-69.57142857142635,-688.7142857142635,-1.0,SL,2024Q1,2024,5
2017,70417,2024-01-22 17:30:00,70509,2024-01-24 17:30:00,BUY,2026.34,2018.5942857142857,2018.5942857142857,2041.8314285714284,0.1,-78.15714285714257,-774.5714285714257,-1.0,SL,2024Q1,2024,92
2018,70529,2024-01-25 04:30:00,70551,2024-01-25 15:30:00,SELL,2016.64,2020.8000000000002,2020.8000000000002,2008.32,0.1,-42.30000000000082,-416.0000000000082,-1.0,SL,2024Q1,2024,22
2019,70557,2024-01-25 18:30:00,70597,2024-01-26 15:30:00,SELL,2015.98,2025.097142857143,2025.097142857143,1997.7457142857145,0.1,-91.87142857142881,-911.714285714288,-1.0,SL,2024Q1,2024,40
2020,70598,2024-01-26 16:00:00,70599,2024-01-26 16:30:00,BUY,2024.75,2019.1457142857141,2019.1457142857141,2035.9585714285715,0.1,-56.742857142858796,-560.4285714285879,-1.0,SL,2024Q1,2024,1
2021,70601,2024-01-26 17:30:00,70614,2024-01-29 01:00:00,SELL,2017.85,2024.3628571428571,2024.3628571428571,2004.8242857142855,0.1,-65.82857142857229,-651.2857142857229,-1.0,SL,2024Q1,2024,13
2022,70640,2024-01-29 14:00:00,70645,2024-01-29 16:30:00,BUY,2028.27,2023.642857142857,2023.642857142857,2037.5242857142855,0.1,-46.97142857142872,-462.71428571428714,-1.0,SL,2024Q1,2024,5
2023,70651,2024-01-29 19:30:00,70690,2024-01-30 16:00:00,BUY,2030.13,2045.804285714286,2022.2928571428572,2045.804285714286,0.1,156.04285714285817,1567.4285714285816,1.9734417344173445,TP,2024Q1,2024,39
2024,70691,2024-01-30 16:30:00,70692,2024-01-30 17:00:00,BUY,2047.5,2040.6914285714288,2040.6914285714288,2061.1171428571424,0.1,-68.78571428571213,-680.8571428571213,-1.0,SL,2024Q1,2024,1
2025,70701,2024-01-30 21:30:00,70737,2024-01-31 16:30:00,BUY,2035.89,2053.6214285714286,2027.0242857142857,2053.6214285714286,0.1,176.61428571428524,1773.1428571428523,1.9764988009592075,TP,2024Q1,2024,36
2026,70759,2024-02-01 04:30:00,70775,2024-02-01 12:30:00,BUY,2046.78,2036.3071428571427,2036.3071428571427,2067.7257142857143,0.1,-105.42857142857265,-1047.2857142857265,-1.0,SL,2024Q1,2024,16
2027,70782,2024-02-01 16:00:00,70786,2024-02-01 18:00:00,BUY,2040.23,2056.2842857142855,2032.2028571428573,2056.2842857142855,0.1,159.8428571428547,1605.428571428547,1.974064925899788,TP,2024Q1,2024,4
2028,70804,2024-02-02 04:00:00,70827,2024-02-02 15:30:00,BUY,2054.89,2050.2771428571423,2050.2771428571423,2064.1157142857146,0.1,-46.82857142857593,-461.28571428575924,-1.0,SL,2024Q1,2024,23
2029,70846,2024-02-05 02:00:00,70857,2024-02-05 07:30:00,SELL,2039.18,2029.0942857142857,2044.2228571428573,2029.0942857142857,0.1,100.15714285714402,1008.5714285714403,1.9589270746018443,TP,2024Q1,2024,11
2030,70872,2024-02-05 15:00:00,70894,2024-02-06 03:00:00,SELL,2022.64,2028.3614285714286,2028.3614285714286,2011.1971428571428,0.1,-57.91428571428533,-572.1428571428532,-1.0,SL,2024Q1,2024,22
2031,70899,2024-02-06 05:30:00,70902,2024-02-06 07:00:00,SELL,2023.66,2026.9128571428573,2026.9128571428573,2017.1542857142858,0.1,-33.22857142857238,-325.28571428572377,-1.0,SL,2024Q1,2024,3
2032,70909,2024-02-06 10:30:00,70918,2024-02-06 15:00:00,SELL,2025.9,2029.7028571428573,2029.7028571428573,2018.294285714286,0.1,-38.728571428571925,-380.2857142857192,-1.0,SL,2024Q1,2024,9
2033,70944,2024-02-07 05:00:00,70965,2024-02-07 15:30:00,SELL,2034.25,2036.5785714285714,2036.5785714285714,2029.5928571428572,0.1,-23.98571428571422,-232.8571428571422,-1.0,SL,2024Q1,2024,21
2034,70966,2024-02-07 16:00:00,70991,2024-02-08 05:30:00,BUY,2036.28,2031.7814285714285,2031.7814285714285,2045.2771428571427,0.1,-45.68571428571495,-449.8571428571495,-1.0,SL,2024Q1,2024,25
2035,71004,2024-02-08 12:00:00,71006,2024-02-08 13:00:00,BUY,2035.68,2031.0457142857144,2031.0457142857144,2044.9485714285715,0.1,-47.04285714285625,-463.42857142856246,-1.0,SL,2024Q1,2024,2
2036,71015,2024-02-08 17:30:00,71105,2024-02-12 16:30:00,SELL,2029.87,2013.4299999999998,2038.09,2013.4299999999998,0.1,163.70000000000056,1644.0000000000055,1.974668275030157,TP,2024Q1,2024,90
2037,71115,2024-02-12 21:30:00,71139,2024-02-13 10:30:00,SELL,2019.0,2026.2842857142857,2026.2842857142857,2004.4314285714286,0.1,-73.54285714285716,-728.4285714285716,-1.0,SL,2024Q1,2024,24
2038,71150,2024-02-13 16:00:00,71170,2024-02-14 03:00:00,SELL,2004.24,1989.4285714285716,2011.6457142857143,1989.4285714285716,0.1,147.41428571428452,1481.142857142845,1.9719090387922495,TP,2024Q1,2024,20
2039,71191,2024-02-14 13:30:00,71204,2024-02-14 20:00:00,SELL,1991.56,1995.8185714285714,1995.8185714285714,1983.042857142857,0.1,-43.28571428571486,-425.8571428571486,-1.0,SL,2024Q1,2024,13
2040,71207,2024-02-14 21:30:00,71235,2024-02-15 12:30:00,SELL,1990.51,1997.4114285714286,1997.4114285714286,1976.7071428571428,0.1,-69.71428571428596,-690.1428571428596,-1.0,SL,2024Q1,2024,28
2041,71269,2024-02-16 06:30:00,71287,2024-02-16 15:30:00,BUY,2003.86,2001.6714285714286,2001.6714285714286,2008.2371428571428,0.1,-22.58571428571322,-218.8571428571322,-1.0,SL,2024Q1,2024,18
2042,71291,2024-02-16 17:30:00,71308,2024-02-19 03:00:00,BUY,2006.35,2020.07,1999.49,2020.07,0.1,136.50000000000028,1372.0000000000027,1.9696969696970021,TP,2024Q1,2024,17
2043,71329,2024-02-19 13:30:00,71331,2024-02-19 14:30:00,BUY,2019.49,2016.3771428571429,2016.3771428571429,2025.7157142857143,0.1,-31.828571428571376,-311.28571428571377,-1.0,SL,2024Q1,2024,2
2044,71343,2024-02-19 20:30:00,71366,2024-02-20 11:30:00,BUY,2017.7,2024.405714285714,2014.347142857143,2024.405714285714,0.1,66.35714285714066,670.5714285714066,1.9386477462436729,TP,2024Q1,2024,23
2045,71383,2024-02-20 20:00:00,71387,2024-02-20 22:00:00,BUY,2028.87,2024.0057142857142,2024.0057142857142,2038.5985714285714,0.1,-49.34285714285643,-486.4285714285643,-1.0,SL,2024Q1,2024,4
2046,71396,2024-02-21 03:30:00,71404,2024-02-21 07:30:00,BUY,2025.55,2031.372857142857,2022.6385714285714,2031.372857142857,0.1,57.528571428569464,582.2857142856947,1.9295639674172695,TP,2024Q1,2024,8
2047,71414,2024-02-21 12:30:00,71424,2024-02-21 17:30:00,BUY,2028.68,2025.594285714286,2025.594285714286,2034.8514285714286,0.1,-31.557142857141752,-308.5714285714175,-1.0,SL,2024Q1,2024,10
2048,71433,2024-02-21 22:00:00,71472,2024-02-22 18:30:00,BUY,2026.13,2019.857142857143,2019.857142857143,2038.6757142857145,0.1,-63.4285714285722,-627.285714285722,-1.0,SL,2024Q1,2024,39
2049,71481,2024-02-22 23:00:00,71497,2024-02-23 08:00:00,BUY,2024.75,2019.3228571428572,2019.3228571428572,2035.6042857142857,0.1,-54.97142857142826,-542.7142857142826,-1.0,SL,2024Q1,2024,16
2050,71531,2024-02-26 02:00:00,71559,2024-02-26 16:00:00,BUY,2034.18,2029.3042857142857,2029.3042857142857,2043.9314285714288,0.1,-49.457142857143666,-487.5714285714366,-1.0,SL,2024Q1,2024,28
2051,71572,2024-02-26 22:30:00,71639,2024-02-28 10:00:00,BUY,2033.1,2027.6,2027.6,2044.1,0.1,-55.7,-550.0,-1.0,SL,2024Q1,2024,67
2052,71662,2024-02-28 21:30:00,71696,2024-02-29 15:30:00,BUY,2031.96,2042.3914285714286,2026.7442857142858,2042.3914285714286,0.1,103.61428571428569,1043.1428571428569,1.9602702702702701,TP,2024Q1,2024,34
2053,71697,2024-02-29 16:00:00,71732,2024-03-01 10:30:00,BUY,2047.75,2041.36,2041.36,2060.53,0.1,-64.600000000001,-639.00000000001,-1.0,SL,2024Q1,2024,35
2054,71734,2024-03-01 11:30:00,71736,2024-03-01 12:30:00,BUY,2044.81,2053.4985714285713,2040.4657142857143,2053.4985714285713,0.1,86.18571428571322,868.8571428571322,1.9524271844660186,TP,2024Q1,2024,2
2055,71746,2024-03-01 17:30:00,71749,2024-03-01 19:00:00,BUY,2063.83,2084.5099999999998,2053.49,2084.5099999999998,0.1,206.09999999999837,2067.9999999999836,1.9798270893371324,TP,2024Q1,2024,3
2056,71786,2024-03-04 14:30:00,71788,2024-03-04 15:30:00,BUY,2083.29,2092.187142857143,2078.8414285714284,2092.187142857143,0.1,88.2714285714308,889.7142857143081,1.953525134366109,TP,2024Q1,2024,2
2057,71789,2024-03-04 16:00:00,71792,2024-03-04 17:30:00,BUY,2091.82,2103.654285714286,2085.902857142857,2103.654285714286,0.1,117.6428571428567,1183.428571428567,1.964924838940512,TP,2024Q1,2024,3
2058,71812,2024-03-05 04:30:00,71824,2024-03-05 10:30:00,BUY,2112.79,2121.8585714285714,2108.2557142857145,2121.8585714285714,0.1,89.98571428571431,906.8571428571431,1.9543903195781291,TP,2024Q1,2024,12
2059,71825,2024-03-05 11:00:00,71834,2024-03-05 15:30:00,BUY,2120.78,2132.2428571428572,2115.048571428572,2132.2428571428572,0.1,113.92857142857046,1146.2857142857047,1.9638020192071683,TP,2024Q1,2024,9
2060,71840,2024-03-05 18:30:00,71907,2024-03-07 06:00:00,BUY,2126.43,2153.9214285714284,2112.6842857142856,2153.9214285714284,0.1,274.21428571428515,2749.1428571428514,1.9847999172784616,TP,2024Q1,2024,67
2061,71923,2024-03-07 14:00:00,71928,2024-03-07 16:30:00,BUY,2156.17,2149.5714285714284,2149.5714285714284,2169.367142857143,0.1,-66.68571428571632,-659.8571428571631,-1.0,SL,2024Q1,2024,5
2062,71932,2024-03-07 18:30:00,71972,2024-03-08 15:30:00,BUY,2158.03,2177.481428571429,2148.304285714286,2177.481428571429,0.1,193.81428571429007,1945.1428571429005,1.9785620533761585,TP,2024Q1,2024,40
2063,71973,2024-03-08 16:00:00,71979,2024-03-08 19:00:00,BUY,2171.23,2191.7414285714285,2160.9742857142855,2191.7414285714285,0.1,204.41428571428497,2051.1428571428496,1.9796624239069847,TP,2024Q1,2024,6
2064,71985,2024-03-08 22:00:00,72066,2024-03-12 15:30:00,BUY,2176.52,2157.6242857142856,2157.6242857142856,2214.3114285714287,0.1,-189.65714285714347,-1889.5714285714348,-1.0,SL,2024Q1,2024,81
2065,72088,2024-03-13 03:30:00,72107,2024-03-13 13:00:00,SELL,2157.63,2163.977142857143,2163.977142857143,2144.9357142857148,0.1,-64.17142857142899,-634.7142857142899,-1.0,SL,2024Q1,2024,19
2066,72153,2024-03-14 13:00:00,72155,2024-03-14 14:00:00,BUY,2170.7,2166.7314285714283,2166.7314285714283,2178.6371428571424,0.1,-40.385714285715224,-396.8571428571522,-1.0,SL,2024Q1,2024,2
2067,72167,2024-03-14 20:00:00,72189,2024-03-15 08:00:00,SELL,2160.08,2169.77,2169.77,2140.7,0.1,-97.60000000000055,-969.0000000000055,-1.0,SL,2024Q1,2024,22
2068,72200,2024-03-15 13:30:00,72219,2024-03-18 00:00:00,SELL,2166.76,2154.9971428571434,2172.6414285714286,2154.9971428571434,0.1,116.92857142856774,1176.2857142856774,1.9647143542966863,TP,2024Q1,2024,19
2069,72279,2024-03-19 07:00:00,72285,2024-03-19 10:00:00,SELL,2160.08,2152.7514285714283,2163.744285714286,2152.7514285714283,0.1,72.58571428571649,732.857142857165,1.9437643458300284,TP,2024Q1,2024,6
2070,72294,2024-03-19 14:30:00,72317,2024-03-20 03:00:00,SELL,2152.98,2159.7457142857143,2159.7457142857143,2139.4485714285715,0.1,-68.35714285714239,-676.5714285714239,-1.0,SL,2024Q1,2024,23
2071,72325,2024-03-20 07:00:00,72340,2024-03-20 14:30:00,SELL,2156.78,2149.874285714286,2160.232857142857,2149.874285714286,0.1,68.35714285714111,690.5714285714112,1.9403892944040164,TP,2024Q1,2024,15
2072,72347,2024-03-20 18:00:00,72351,2024-03-20 20:00:00,SELL,2155.73,2162.9328571428573,2162.9328571428573,2141.3242857142855,0.1,-72.72857142857283,-720.2857142857283,-1.0,SL,2024Q1,2024,4
2073,72353,2024-03-20 21:00:00,72357,2024-03-21 00:00:00,BUY,2182.16,2207.2742857142857,2169.602857142857,2207.2742857142857,0.1,250.4428571428587,2511.428571428587,1.983369159407173,TP,2024Q1,2024,4
2074,72380,2024-03-21 11:30:00,72388,2024-03-21 15:30:00,BUY,2204.9,2197.9842857142858,2197.9842857142858,2218.7314285714283,0.1,-69.8571428571433,-691.571428571433,-1.0,SL,2024Q1,2024,8
2075,72409,2024-03-22 03:00:00,72410,2024-03-22 03:30:00,BUY,2185.11,2180.5,2180.5,2194.33,0.1,-46.800000000001276,-461.00000000001273,-1.0,SL,2024Q1,2024,1
2076,72438,2024-03-22 17:30:00,72458,2024-03-25 04:30:00,SELL,2169.29,2178.0085714285715,2178.0085714285715,2151.852857142857,0.1,-87.88571428571522,-871.8571428571522,-1.0,SL,2024Q1,2024,20
2077,72463,2024-03-25 07:00:00,72477,2024-03-25 14:00:00,SELL,2169.3,2176.107142857143,2176.107142857143,2155.6857142857143,0.1,-68.77142857142935,-680.7142857142935,-1.0,SL,2024Q1,2024,14
2078,72491,2024-03-25 21:00:00,72517,2024-03-26 11:00:00,SELL,2173.14,2179.594285714286,2179.594285714286,2160.2314285714283,0.1,-65.24285714286016,-645.4285714286016,-1.0,SL,2024Q1,2024,26
2079,72545,2024-03-27 02:00:00,72548,2024-03-27 03:30:00,BUY,2179.63,2175.5885714285714,2175.5885714285714,2187.7128571428575,0.1,-41.114285714286964,-404.1428571428696,-1.0,SL,2024Q1,2024,3
2080,72552,2024-03-27 05:30:00,72564,2024-03-27 11:30:00,BUY,2179.48,2190.6285714285714,2173.905714285714,2190.6285714285714,0.1,110.78571428571358,1114.8571428571358,1.9627942293089562,TP,2024Q1,2024,12
2081,72565,2024-03-27 12:00:00,72611,2024-03-28 12:00:00,BUY,2189.35,2204.7500000000005,2181.6499999999996,2204.7500000000005,0.1,153.30000000000547,1540.0000000000546,1.972972972972974,TP,2024Q1,2024,46
2082,72620,2024-03-28 16:30:00,72632,2024-03-28 22:30:00,BUY,2206.59,2231.735714285714,2194.017142857143,2231.735714285714,0.1,250.75714285713894,2514.5714285713893,1.9833898305084388,TP,2024Q1,2024,12
2083,72663,2024-04-01 16:00:00,72664,2024-04-01 16:30:00,BUY,2252.67,2243.9971428571425,2243.9971428571425,2270.0157142857147,0.1,-87.42857142857538,-867.2857142857538,-1.0,SL,2024Q2,2024,1
2084,72677,2024-04-01 23:00:00,72711,2024-04-02 17:00:00,BUY,2244.86,2269.5257142857145,2232.527142857143,2269.5257142857145,0.1,245.9571428571433,2466.571428571433,1.9830684174153785,TP,2024Q2,2024,34
2085,72712,2024-04-02 17:30:00,72712,2024-04-02 17:30:00,BUY,2275.45,2263.3799999999997,2263.3799999999997,2299.5899999999997,0.1,-121.40000000000164,-1207.0000000000164,-1.0,SL,2024Q2,2024,0
2086,72717,2024-04-02 20:00:00,72761,2024-04-03 19:00:00,BUY,2260.43,2291.0157142857142,2245.137142857143,2291.0157142857142,0.1,305.15714285714404,3058.5714285714403,1.9863306676585752,TP,2024Q2,2024,44
2087,72804,2024-04-04 17:30:00,72808,2024-04-04 19:30:00,BUY,2297.68,2288.3957142857143,2288.3957142857143,2316.2485714285713,0.1,-93.54285714285488,-928.4285714285488,-1.0,SL,2024Q2,2024,4
2088,72811,2024-04-04 21:00:00,72814,2024-04-04 22:30:00,BUY,2294.1,2283.4385714285713,2283.4385714285713,2315.422857142857,0.1,-107.31428571428587,-1066.1428571428587,-1.0,SL,2024Q2,2024,3
2089,72836,2024-04-05 10:30:00,72849,2024-04-05 17:00:00,BUY,2286.21,2306.712857142857,2275.9585714285718,2306.712857142857,0.1,204.32857142857011,2050.285714285701,1.979653979238798,TP,2024Q2,2024,13
2090,72870,2024-04-08 04:30:00,72872,2024-04-08 05:30:00,BUY,2313.71,2339.0014285714287,2301.0642857142857,2339.0014285714287,0.1,252.21428571428697,2529.1428571428696,1.9834850016852041,TP,2024Q2,2024,2
2091,72902,2024-04-08 20:30:00,72930,2024-04-09 11:30:00,BUY,2332.24,2357.9,2319.41,2357.9,0.1,255.9000000000031,2566.000000000031,1.9837209302325935,TP,2024Q2,2024,28
2092,72940,2024-04-09 16:30:00,72944,2024-04-09 18:30:00,BUY,2352.93,2341.07,2341.07,2376.6499999999996,0.1,-119.29999999999673,-1185.9999999999673,-1.0,SL,2024Q2,2024,4
2093,72951,2024-04-09 22:00:00,72984,2024-04-10 15:30:00,BUY,2349.74,2334.5499999999997,2334.5499999999997,2380.12,0.1,-152.60000000000053,-1519.0000000000055,-1.0,SL,2024Q2,2024,33
2094,73008,2024-04-11 04:30:00,73021,2024-04-11 11:00:00,BUY,2340.91,2331.405714285714,2331.405714285714,2359.9185714285713,0.1,-95.74285714285743,-950.4285714285743,-1.0,SL,2024Q2,2024,13
2095,73030,2024-04-11 15:30:00,73032,2024-04-11 16:30:00,SELL,2335.04,2346.3014285714285,2346.3014285714285,2312.517142857143,0.1,-113.31428571428496,-1126.1428571428496,-1.0,SL,2024Q2,2024,2
2096,73034,2024-04-11 17:30:00,73038,2024-04-11 19:30:00,SELL,2337.0,2350.3985714285714,2350.3985714285714,2310.202857142857,0.1,-134.68571428571357,-1339.8571428571358,-1.0,SL,2024Q2,2024,4
2097,73076,2024-04-12 15:30:00,73079,2024-04-12 17:00:00,BUY,2395.28,2416.1628571428573,2384.838571428572,2416.1628571428573,0.1,208.1285714285712,2088.285714285712,1.9800217450394557,TP,2024Q2,2024,3
2098,73097,2024-04-15 03:00:00,73125,2024-04-15 17:00:00,BUY,2364.79,2340.4771428571426,2340.4771428571426,2413.4157142857143,0.1,-243.8285714285741,-2431.285714285741,-1.0,SL,2024Q2,2024,28
2099,73126,2024-04-15 17:30:00,73126,2024-04-15 17:30:00,SELL,2332.74,2348.217142857143,2348.217142857143,2301.785714285714,0.1,-155.47142857143007,-1547.7142857143008,-1.0,SL,2024Q2,2024,0
2100,73130,2024-04-15 19:30:00,73131,2024-04-15 20:00:00,SELL,2348.5,2366.32,2366.32,2312.86,0.1,-178.90000000000163,-1782.0000000000164,-1.0,SL,2024Q2,2024,1
2101,73169,2024-04-16 16:00:00,73171,2024-04-16 17:00:00,BUY,2376.43,2363.8171428571427,2363.8171428571427,2401.655714285714,0.1,-126.82857142857138,-1261.2857142857138,-1.0,SL,2024Q2,2024,2
2102,73173,2024-04-16 18:00:00,73222,2024-04-17 19:30:00,BUY,2383.08,2368.93,2368.93,2411.38,0.1,-142.2000000000009,-1415.000000000009,-1.0,SL,2024Q2,2024,49
2103,73266,2024-04-18 18:30:00,73284,2024-04-19 04:30:00,BUY,2384.38,2410.328571428571,2371.4057142857146,2410.328571428571,0.1,258.78571428571087,2594.8571428571086,1.983900996604972,TP,2024Q2,2024,18
2104,73285,2024-04-19 05:00:00,73286,2024-04-19 05:30:00,BUY,2409.56,2397.674285714286,2397.674285714286,2433.3314285714287,0.1,-119.5571428571413,-1188.571428571413,-1.0,SL,2024Q2,2024,1
2105,73289,2024-04-19 07:00:00,73303,2024-04-19 14:00:00,BUY,2391.47,2374.7485714285713,2374.7485714285713,2424.912857142857,0.1,-167.9142857142853,-1672.1428571428532,-1.0,SL,2024Q2,2024,14
2106,73310,2024-04-19 17:30:00,73331,2024-04-22 05:00:00,BUY,2388.61,2375.5214285714287,2375.5214285714287,2414.787142857143,0.1,-131.58571428571412,-1308.8571428571413,-1.0,SL,2024Q2,2024,21
2107,73377,2024-04-23 05:00:00,73377,2024-04-23 05:00:00,SELL,2298.86,2310.764285714286,2310.764285714286,2275.0514285714285,0.1,-119.74285714285834,-1190.4285714285834,-1.0,SL,2024Q2,2024,0
2108,73421,2024-04-24 04:00:00,73425,2024-04-24 06:00:00,SELL,2320.85,2325.7285714285713,2325.7285714285713,2311.092857142857,0.1,-49.48571428571377,-487.85714285713766,-1.0,SL,2024Q2,2024,4
2109,73434,2024-04-24 10:30:00,73449,2024-04-24 18:00:00,SELL,2321.95,2330.6828571428573,2330.6828571428573,2304.4842857142853,0.1,-88.02857142857484,-873.2857142857483,-1.0,SL,2024Q2,2024,15
2110,73456,2024-04-24 21:30:00,73490,2024-04-25 15:30:00,SELL,2321.48,2334.0385714285717,2334.0385714285717,2296.362857142857,0.1,-126.28571428571668,-1255.8571428571668,-1.0,SL,2024Q2,2024,34
2111,73492,2024-04-25 16:30:00,73494,2024-04-25 17:30:00,SELL,2316.57,2327.3328571428574,2327.3328571428574,2295.044285714286,0.1,-108.32857142857229,-1076.2857142857229,-1.0,SL,2024Q2,2024,2
2112,73515,2024-04-26 05:00:00,73525,2024-04-26 10:00:00,BUY,2332.12,2343.1,2326.6299999999997,2343.1,0.1,109.10000000000018,1098.0000000000018,1.9622302158272578,TP,2024Q2,2024,10
2113,73537,2024-04-26 16:00:00,73540,2024-04-26 17:30:00,BUY,2345.0,2335.2628571428572,2335.2628571428572,2364.474285714286,0.1,-98.07142857142772,-973.7142857142771,-1.0,SL,2024Q2,2024,3
2114,73548,2024-04-26 21:30:00,73559,2024-04-29 04:00:00,BUY,2341.0,2328.872857142857,2328.872857142857,2365.254285714286,0.1,-121.97142857143099,-1212.7142857143099,-1.0,SL,2024Q2,2024,11
2115,73568,2024-04-29 08:30:00,73613,2024-04-30 08:00:00,BUY,2333.86,2324.8657142857146,2324.8657142857146,2351.8485714285716,0.1,-90.64285714285525,-899.4285714285525,-1.0,SL,2024Q2,2024,45
2116,73663,2024-05-01 10:00:00,73670,2024-05-01 13:30:00,SELL,2286.75,2293.244285714286,2293.244285714286,2273.7614285714285,0.1,-65.6428571428598,-649.4285714285979,-1.0,SL,2024Q2,2024,7
2117,73727,2024-05-02 19:00:00,73766,2024-05-03 15:30:00,SELL,2299.87,2314.1014285714286,2314.1014285714286,2271.407142857143,0.1,-143.0142857142875,-1423.142857142875,-1.0,SL,2024Q2,2024,39
2118,73769,2024-05-03 17:00:00,73783,2024-05-06 01:00:00,SELL,2289.99,2303.947142857143,2303.947142857143,2262.0757142857137,0.1,-140.27142857143025,-1395.7142857143026,-1.0,SL,2024Q2,2024,14
2119,73787,2024-05-06 03:00:00,73789,2024-05-06 04:00:00,SELL,2293.84,2301.591428571429,2301.591428571429,2278.337142857143,0.1,-78.21428571428733,-775.1428571428733,-1.0,SL,2024Q2,2024,2
2120,73813,2024-05-06 16:00:00,73849,2024-05-07 11:00:00,BUY,2323.39,2313.7042857142856,2313.7042857142856,2342.761428571428,0.1,-97.55714285714312,-968.5714285714312,-1.0,SL,2024Q2,2024,36
2121,73860,2024-05-07 16:30:00,73882,2024-05-08 04:30:00,BUY,2318.28,2310.1357142857146,2310.1357142857146,2334.5685714285714,0.1,-82.14285714285616,-814.4285714285616,-1.0,SL,2024Q2,2024,22
2122,73885,2024-05-08 06:00:00,73894,2024-05-08 10:30:00,BUY,2317.24,2311.1842857142856,2311.1842857142856,2329.3514285714286,0.1,-61.25714285714203,-605.5714285714203,-1.0,SL,2024Q2,2024,9
2123,73906,2024-05-08 16:30:00,73907,2024-05-08 17:00:00,SELL,2308.07,2317.0628571428574,2317.0628571428574,2290.084285714286,0.1,-90.62857142857247,-899.2857142857247,-1.0,SL,2024Q2,2024,1
2124,73929,2024-05-09 05:00:00,73933,2024-05-09 07:00:00,SELL,2309.78,2314.0014285714287,2314.0014285714287,2301.337142857143,0.1,-42.91428571428533,-422.14285714285325,-1.0,SL,2024Q2,2024,4
2125,73940,2024-05-09 10:30:00,73949,2024-05-09 15:00:00,SELL,2310.91,2317.0314285714285,2317.0314285714285,2298.6671428571426,0.1,-61.91428571428624,-612.1428571428623,-1.0,SL,2024Q2,2024,9
2126,73953,2024-05-09 17:00:00,73965,2024-05-09 23:00:00,BUY,2324.51,2346.0271428571427,2313.7514285714287,2346.0271428571427,0.1,214.47142857142518,2151.7142857142517,1.9806068601582696,TP,2024Q2,2024,12
2127,73998,2024-05-10 16:30:00,74001,2024-05-10 18:00:00,BUY,2368.86,2357.5628571428574,2357.5628571428574,2391.4542857142856,0.1,-113.67142857142717,-1129.7142857142717,-1.0,SL,2024Q2,2024,3
2128,74003,2024-05-10 19:00:00,74028,2024-05-13 08:30:00,BUY,2364.97,2351.4785714285713,2351.4785714285713,2391.952857142857,0.1,-135.61428571428513,-1349.1428571428514,-1.0,SL,2024Q2,2024,25
2129,74064,2024-05-14 03:30:00,74066,2024-05-14 04:30:00,SELL,2338.23,2342.2400000000002,2342.2400000000002,2330.21,0.1,-40.800000000002186,-401.0000000000218,-1.0,SL,2024Q2,2024,2
2130,74076,2024-05-14 09:30:00,74081,2024-05-14 12:00:00,SELL,2340.36,2346.2357142857145,2346.2357142857145,2328.6085714285714,0.1,-59.457142857143666,-587.5714285714366,-1.0,SL,2024Q2,2024,5
2131,74097,2024-05-14 20:00:00,74134,2024-05-15 15:30:00,BUY,2354.34,2378.3114285714287,2342.3542857142857,2378.3114285714287,0.1,239.01428571428534,2397.1428571428532,1.9825808745111606,TP,2024Q2,2024,37
2132,74135,2024-05-15 16:00:00,74136,2024-05-15 16:30:00,BUY,2372.65,2362.592857142857,2362.592857142857,2392.7642857142855,0.1,-101.27142857142935,-1005.7142857142935,-1.0,SL,2024Q2,2024,1
2133,74138,2024-05-15 17:30:00,74157,2024-05-16 04:00:00,BUY,2366.72,2396.4571428571426,2351.8514285714286,2396.4571428571426,0.1,296.6714285714277,2973.714285714277,1.9859424309075564,TP,2024Q2,2024,19
2134,74161,2024-05-16 06:00:00,74180,2024-05-16 15:30:00,BUY,2387.63,2380.1257142857144,2380.1257142857144,2402.638571428571,0.1,-75.74285714285743,-750.4285714285743,-1.0,SL,2024Q2,2024,19
2135,74189,2024-05-16 20:00:00,74227,2024-05-17 16:00:00,BUY,2382.12,2404.0371428571425,2371.1614285714286,2404.0371428571425,0.1,218.4714285714261,2191.7142857142608,1.9809585492227977,TP,2024Q2,2024,38
2136,74282,2024-05-20 20:30:00,74297,2024-05-21 05:00:00,BUY,2434.42,2418.4100000000003,2418.4100000000003,2466.44,0.1,-160.79999999999762,-1600.9999999999764,-1.0,SL,2024Q2,2024,15
2137,74309,2024-05-21 11:00:00,74362,2024-05-22 14:30:00,BUY,2419.46,2406.1914285714283,2406.1914285714283,2445.997142857143,0.1,-133.38571428571703,-1326.8571428571704,-1.0,SL,2024Q2,2024,53
2138,74410,2024-05-23 15:30:00,74414,2024-05-23 17:30:00,SELL,2366.73,2345.135714285714,2377.5271428571427,2345.135714285714,0.1,215.2428571428589,2159.428571428589,1.980675693440294,TP,2024Q2,2024,4
2139,74442,2024-05-24 08:30:00,74449,2024-05-24 12:00:00,SELL,2334.07,2341.57,2341.57,2319.07,0.1,-75.7,-750.0,-1.0,SL,2024Q2,2024,7
2140,74459,2024-05-24 17:00:00,74482,2024-05-27 05:30:00,SELL,2336.92,2346.3214285714284,2346.3214285714284,2318.1171428571433,0.1,-94.71428571428369,-940.1428571428369,-1.0,SL,2024Q2,2024,23
2141,74492,2024-05-27 10:30:00,74501,2024-05-27 15:00:00,SELL,2340.11,2347.0485714285714,2347.0485714285714,2326.2328571428575,0.1,-70.08571428571322,-693.8571428571322,-1.0,SL,2024Q2,2024,9
2142,74521,2024-05-28 04:30:00,74521,2024-05-28 04:30:00,SELL,2351.18,2356.2685714285712,2356.2685714285712,2341.002857142857,0.1,-51.58571428571413,-508.8571428571413,-1.0,SL,2024Q2,2024,0
2143,74525,2024-05-28 06:30:00,74543,2024-05-28 15:30:00,SELL,2351.34,2356.8514285714286,2356.8514285714286,2340.317142857143,0.1,-55.81428571428496,-551.1428571428496,-1.0,SL,2024Q2,2024,18
2144,74554,2024-05-28 21:00:00,74581,2024-05-29 11:30:00,BUY,2357.01,2345.13,2345.13,2380.7700000000004,0.1,-119.5000000000011,-1188.000000000011,-1.0,SL,2024Q2,2024,27
2145,74601,2024-05-29 21:30:00,74681,2024-05-31 15:30:00,SELL,2341.69,2352.4128571428573,2352.4128571428573,2320.2442857142855,0.1,-107.92857142857265,-1072.2857142857265,-1.0,SL,2024Q2,2024,80
2146,74686,2024-05-31 18:00:00,74735,2024-06-03 19:30:00,SELL,2335.15,2345.9428571428575,2345.9428571428575,2313.5642857142857,0.1,-108.62857142857429,-1079.2857142857429,-1.0,SL,2024Q2,2024,49
2147,74753,2024-06-04 05:30:00,74763,2024-06-04 10:30:00,BUY,2347.03,2341.6828571428573,2341.6828571428573,2357.724285714286,0.1,-54.17142857142899,-534.7142857142899,-1.0,SL,2024Q2,2024,10
2148,74775,2024-06-04 16:30:00,74775,2024-06-04 16:30:00,BUY,2337.35,2327.7814285714285,2327.7814285714285,2356.4871428571428,0.1,-96.38571428571431,-956.8571428571431,-1.0,SL,2024Q2,2024,0
2149,74776,2024-06-04 17:00:00,74800,2024-06-05 06:00:00,SELL,2324.12,2335.17,2335.17,2302.02,0.1,-111.20000000000182,-1105.0000000000182,-1.0,SL,2024Q2,2024,24
2150,74807,2024-06-05 09:30:00,74818,2024-06-05 15:00:00,SELL,2331.14,2337.6871428571426,2337.6871428571426,2318.045714285714,0.1,-66.17142857142717,-654.7142857142717,-1.0,SL,2024Q2,2024,11
2151,74855,2024-06-06 10:30:00,74864,2024-06-06 15:00:00,BUY,2365.85,2356.692857142857,2356.692857142857,2384.164285714286,0.1,-92.27142857142844,-915.7142857142844,-1.0,SL,2024Q2,2024,9
2152,74869,2024-06-06 17:30:00,74894,2024-06-07 07:00:00,BUY,2363.51,2381.9328571428573,2354.298571428572,2381.9328571428573,0.1,183.52857142857084,1842.2857142857083,1.9773741726951384,TP,2024Q2,2024,25
2153,74950,2024-06-10 12:00:00,74954,2024-06-10 14:00:00,SELL,2292.51,2300.1985714285715,2300.1985714285715,2277.1328571428576,0.1,-77.58571428571322,-768.8571428571322,-1.0,SL,2024Q2,2024,4
2154,74982,2024-06-11 05:00:00,74998,2024-06-11 13:00:00,SELL,2302.72,2308.1085714285714,2308.1085714285714,2291.942857142857,0.1,-54.58571428571595,-538.8571428571595,-1.0,SL,2024Q2,2024,16
2155,75011,2024-06-11 19:30:00,75019,2024-06-11 23:30:00,SELL,2307.0,2316.9714285714285,2316.9714285714285,2287.0571428571425,0.1,-100.41428571428533,-997.1428571428532,-1.0,SL,2024Q2,2024,8
2156,75027,2024-06-12 04:30:00,75030,2024-06-12 06:00:00,SELL,2311.85,2316.7114285714283,2316.7114285714283,2302.127142857143,0.1,-49.314285714284054,-486.1428571428405,-1.0,SL,2024Q2,2024,3
2157,75033,2024-06-12 07:30:00,75049,2024-06-12 15:30:00,SELL,2313.66,2318.8585714285714,2318.8585714285714,2303.2628571428572,0.1,-52.685714285715406,-519.857142857154,-1.0,SL,2024Q2,2024,16
2158,75051,2024-06-12 16:30:00,75051,2024-06-12 16:30:00,BUY,2340.76,2331.6600000000003,2331.6600000000003,2358.9600000000005,0.1,-91.6999999999991,-909.9999999999909,-1.0,SL,2024Q2,2024,0
2159,75086,2024-06-13 11:00:00,75093,2024-06-13 14:30:00,BUY,2317.16,2308.868571428571,2308.868571428571,2333.7428571428572,0.1,-83.61428571428696,-829.1428571428696,-1.0,SL,2024Q2,2024,7
2160,75094,2024-06-13 15:00:00,75095,2024-06-13 15:30:00,SELL,2306.9,2314.7485714285717,2314.7485714285717,2291.2028571428573,0.1,-79.18571428571632,-784.8571428571631,-1.0,SL,2024Q2,2024,1
2161,75098,2024-06-13 17:00:00,75136,2024-06-14 13:00:00,SELL,2310.54,2323.847142857143,2323.847142857143,2283.925714285714,0.1,-133.77142857142934,-1330.7142857142935,-1.0,SL,2024Q2,2024,38
2162,75189,2024-06-17 16:30:00,75193,2024-06-17 18:30:00,BUY,2323.88,2316.7228571428573,2316.7228571428573,2338.194285714286,0.1,-72.27142857142844,-715.7142857142844,-1.0,SL,2024Q2,2024,4
2163,75202,2024-06-17 23:00:00,75225,2024-06-18 11:30:00,BUY,2320.27,2310.6828571428573,2310.6828571428573,2339.4442857142853,0.1,-96.57142857142681,-958.714285714268,-1.0,SL,2024Q2,2024,23
2164,75234,2024-06-18 16:00:00,75235,2024-06-18 16:30:00,SELL,2313.81,2321.9214285714284,2321.9214285714284,2297.5871428571427,0.1,-81.81428571428405,-811.1428571428405,-1.0,SL,2024Q2,2024,1
2165,75258,2024-06-19 05:00:00,75276,2024-06-19 14:00:00,BUY,2330.25,2326.2514285714283,2326.2514285714283,2338.247142857143,0.1,-40.685714285717225,-399.8571428571722,-1.0,SL,2024Q2,2024,18
2166,75278,2024-06-19 15:00:00,75279,2024-06-19 15:30:00,BUY,2330.56,2325.64,2325.64,2340.3999999999996,0.1,-49.90000000000073,-492.0000000000073,-1.0,SL,2024Q2,2024,1
2167,75281,2024-06-19 16:30:00,75282,2024-06-19 17:00:00,BUY,2329.87,2323.6957142857145,2323.6957142857145,2342.218571428571,0.1,-62.44285714285361,-617.4285714285361,-1.0,SL,2024Q2,2024,1
2168,75286,2024-06-19 19:00:00,75306,2024-06-20 08:30:00,BUY,2329.95,2343.4528571428564,2323.1985714285715,2343.4528571428564,0.1,134.32857142856557,1350.2857142856556,1.9692146596858626,TP,2024Q2,2024,20
2169,75316,2024-06-20 13:30:00,75323,2024-06-20 17:00:00,BUY,2337.46,2352.0228571428574,2330.1785714285716,2352.0228571428574,0.1,144.92857142857412,1456.285714285741,1.9714341235912003,TP,2024Q2,2024,7
2170,75324,2024-06-20 17:30:00,75368,2024-06-21 16:30:00,BUY,2355.85,2345.45,2345.45,2376.65,0.1,-104.70000000000091,-1040.000000000009,-1.0,SL,2024Q2,2024,44
2171,75392,2024-06-24 05:30:00,75398,2024-06-24 08:30:00,SELL,2321.43,2327.118571428571,2327.118571428571,2310.0528571428567,0.1,-57.58571428571322,-568.8571428571322,-1.0,SL,2024Q2,2024,6
2172,75399,2024-06-24 09:00:00,75402,2024-06-24 10:30:00,SELL,2324.99,2330.867142857143,2330.867142857143,2313.235714285714,0.1,-59.47142857143099,-587.7142857143099,-1.0,SL,2024Q2,2024,3
2173,75407,2024-06-24 13:00:00,75414,2024-06-24 16:30:00,SELL,2324.93,2331.924285714286,2331.924285714286,2310.9414285714283,0.1,-70.6428571428598,-699.4285714285979,-1.0,SL,2024Q2,2024,7
2174,75419,2024-06-24 19:00:00,75453,2024-06-25 13:00:00,SELL,2327.57,2335.697142857143,2335.697142857143,2311.3157142857144,0.1,-81.97142857142644,-812.7142857142644,-1.0,SL,2024Q2,2024,34
2175,75458,2024-06-25 15:30:00,75482,2024-06-26 04:30:00,SELL,2329.57,2314.824285714286,2336.9428571428575,2314.824285714286,0.1,146.75714285714258,1474.5714285714257,1.9717850287907268,TP,2024Q2,2024,24
2176,75485,2024-06-26 06:00:00,75501,2024-06-26 14:00:00,SELL,2319.33,2305.184285714286,2326.402857142857,2305.184285714286,0.1,140.75714285713894,1414.5714285713893,1.9705999999999366,TP,2024Q2,2024,16
2177,75505,2024-06-26 16:00:00,75549,2024-06-27 15:00:00,SELL,2309.97,2319.18,2319.18,2291.5499999999997,0.1,-92.80000000000037,-921.0000000000036,-1.0,SL,2024Q2,2024,44
2178,75577,2024-06-28 06:00:00,75591,2024-06-28 13:00:00,BUY,2323.77,2333.4985714285717,2318.905714285714,2333.4985714285717,0.1,96.5857142857174,972.857142857174,1.9574406485234523,TP,2024Q2,2024,14
2179,75604,2024-06-28 19:30:00,75626,2024-07-01 07:30:00,BUY,2331.14,2321.6242857142856,2321.6242857142856,2350.171428571428,0.1,-95.85714285714239,-951.5714285714239,-1.0,SL,2024Q2,2024,22
2180,75630,2024-07-01 09:30:00,75645,2024-07-01 17:00:00,BUY,2327.34,2321.5857142857144,2321.5857142857144,2338.8485714285716,0.1,-58.24285714285743,-575.4285714285743,-1.0,SL,2024Q3,2024,15
2181,75649,2024-07-01 19:00:00,75730,2024-07-03 13:30:00,BUY,2327.9,2349.0199999999995,2317.34,2349.0199999999995,0.1,210.49999999999437,2111.9999999999436,1.9802445907807662,TP,2024Q3,2024,81
2182,75763,2024-07-04 07:00:00,75767,2024-07-04 09:00:00,BUY,2358.21,2353.5699999999997,2353.5699999999997,2367.4900000000002,0.1,-47.10000000000328,-464.00000000003274,-1.0,SL,2024Q3,2024,4
2183,75771,2024-07-04 11:00:00,75821,2024-07-05 15:30:00,BUY,2357.76,2351.8514285714286,2351.8514285714286,2369.577142857143,0.1,-59.78571428571577,-590.8571428571577,-1.0,SL_AMBIGUOUS_PESSIMISTIC,2024Q3,2024,50
2184,75823,2024-07-05 16:30:00,75873,2024-07-08 18:30:00,BUY,2374.44,2364.827142857143,2364.827142857143,2393.665714285715,0.1,-96.82857142857138,-961.2857142857138,-1.0,SL,2024Q3,2024,50
2185,75891,2024-07-09 04:30:00,75902,2024-07-09 10:00:00,BUY,2363.42,2359.247142857143,2359.247142857143,2371.7657142857147,0.1,-42.428571428570834,-417.2857142857083,-1.0,SL,2024Q3,2024,11
2186,75903,2024-07-09 10:30:00,75907,2024-07-09 12:30:00,SELL,2359.31,2365.3614285714284,2365.3614285714284,2347.2071428571426,0.1,-61.2142857142846,-605.142857142846,-1.0,SL,2024Q3,2024,4
2187,75911,2024-07-09 14:30:00,75915,2024-07-09 16:30:00,SELL,2360.34,2366.4128571428573,2366.4128571428573,2348.1942857142863,0.1,-61.42857142857174,-607.2857142857174,-1.0,SL,2024Q3,2024,4
2188,75917,2024-07-09 17:30:00,75947,2024-07-10 09:30:00,SELL,2362.53,2371.584285714286,2371.584285714286,2344.421428571429,0.1,-91.24285714285925,-905.4285714285925,-1.0,SL,2024Q3,2024,30
2189,75965,2024-07-10 18:30:00,75969,2024-07-10 20:30:00,BUY,2379.16,2370.8728571428574,2370.8728571428574,2395.734285714285,0.1,-83.57142857142499,-828.7142857142499,-1.0,SL,2024Q3,2024,4
2190,75982,2024-07-11 04:00:00,75990,2024-07-11 08:00:00,BUY,2374.36,2382.857142857143,2370.1114285714284,2382.857142857143,0.1,84.2714285714299,849.714285714299,1.9513728084683066,TP,2024Q3,2024,8
2191,76006,2024-07-11 16:00:00,76007,2024-07-11 16:30:00,BUY,2406.38,2396.1628571428573,2396.1628571428573,2426.814285714286,0.1,-102.8714285714279,-1021.714285714279,-1.0,SL,2024Q3,2024,1
2192,76044,2024-07-12 12:00:00,76046,2024-07-12 13:00:00,BUY,2407.56,2401.38,2401.38,2419.9199999999996,0.1,-62.499999999998366,-617.9999999999836,-1.0,SL,2024Q3,2024,2
2193,76055,2024-07-12 17:30:00,76101,2024-07-15 17:30:00,BUY,2408.32,2427.834285714286,2398.562857142857,2427.834285714286,0.1,194.44285714285962,1951.4285714285961,1.978630614914913,TP,2024Q3,2024,46
2194,76109,2024-07-15 21:30:00,76145,2024-07-16 16:30:00,BUY,2422.97,2445.9014285714284,2411.5042857142857,2445.9014285714284,0.1,228.6142857142857,2293.142857142857,1.981795665634714,TP,2024Q3,2024,36
2195,76146,2024-07-16 17:00:00,76153,2024-07-16 20:30:00,BUY,2442.82,2465.2057142857143,2431.627142857143,2465.2057142857143,0.1,223.1571428571413,2238.571428571413,1.9813546423135464,TP,2024Q3,2024,7
2196,76172,2024-07-17 07:00:00,76176,2024-07-17 09:00:00,BUY,2471.88,2461.707142857143,2461.707142857143,2492.2257142857143,0.1,-102.42857142857083,-1017.2857142857083,-1.0,SL,2024Q3,2024,4
2197,76180,2024-07-17 11:00:00,76193,2024-07-17 17:30:00,BUY,2474.33,2461.5128571428572,2461.5128571428572,2499.9642857142853,0.1,-128.87142857142697,-1281.7142857142699,-1.0,SL,2024Q3,2024,13
2198,76210,2024-07-18 03:00:00,76244,2024-07-18 20:00:00,BUY,2461.48,2454.207142857143,2454.207142857143,2476.025714285714,0.1,-73.42857142856992,-727.2857142856992,-1.0,SL,2024Q3,2024,34
2199,76306,2024-07-22 05:00:00,76327,2024-07-22 15:30:00,SELL,2406.23,2391.5671428571427,2413.5614285714287,2391.5671428571427,0.1,145.9285714285732,1466.285714285732,1.9716270990156344,TP,2024Q3,2024,21
2200,76338,2024-07-22 21:00:00,76365,2024-07-23 11:30:00,SELL,2393.92,2405.055714285714,2405.055714285714,2371.648571428572,0.1,-112.0571428571413,-1113.571428571413,-1.0,SL,2024Q3,2024,27
2201,76376,2024-07-23 17:00:00,76396,2024-07-24 04:00:00,SELL,2401.74,2411.6671428571426,2411.6671428571426,2381.885714285714,0.1,-99.97142857142826,-992.7142857142826,-1.0,SL,2024Q3,2024,20
2202,76397,2024-07-24 04:30:00,76398,2024-07-24 05:00:00,SELL,2405.75,2410.9085714285716,2410.9085714285716,2395.4328571428573,0.1,-52.28571428571577,-515.8571428571577,-1.0,SL,2024Q3,2024,1
2203,76411,2024-07-24 11:30:00,76423,2024-07-24 17:30:00,BUY,2414.09,2430.272857142857,2405.9985714285717,2430.272857142857,0.1,161.12857142856848,1618.2857142856847,1.9742692105723785,TP,2024Q3,2024,12
2204,76463,2024-07-25 14:30:00,76514,2024-07-26 17:00:00,SELL,2373.56,2385.348571428571,2385.348571428571,2349.982857142857,0.1,-118.58571428571231,-1178.857142857123,-1.0,SL,2024Q3,2024,51
2205,76537,2024-07-29 05:30:00,76561,2024-07-29 17:30:00,BUY,2393.57,2384.2128571428575,2384.2128571428575,2412.284285714286,0.1,-94.27142857142663,-935.7142857142662,-1.0,SL,2024Q3,2024,24
2206,76576,2024-07-30 02:00:00,76612,2024-07-30 20:00:00,BUY,2384.15,2401.2614285714285,2375.594285714286,2401.2614285714285,0.1,170.41428571428406,1711.1428571428405,1.9756541901291818,TP,2024Q3,2024,36
2207,76613,2024-07-30 20:30:00,76661,2024-07-31 21:30:00,BUY,2406.86,2431.091428571429,2394.744285714286,2431.091428571429,0.1,241.61428571428752,2423.142857142875,1.9827667057444687,TP,2024Q3,2024,48
2208,76662,2024-07-31 22:00:00,76672,2024-08-01 04:00:00,BUY,2433.41,2453.47,2423.3799999999997,2453.47,0.1,199.89999999999947,2005.9999999999945,1.9792079207920346,TP,2024Q3,2024,10
2209,76677,2024-08-01 06:30:00,76687,2024-08-01 11:30:00,BUY,2443.36,2433.2314285714288,2433.2314285714288,2463.6171428571433,0.1,-101.98571428571377,-1012.8571428571377,-1.0,SL,2024Q3,2024,10
2210,76694,2024-08-01 15:00:00,76698,2024-08-01 17:00:00,BUY,2440.96,2457.7085714285718,2432.5857142857144,2457.7085714285718,0.1,166.78571428571723,1674.8571428571722,1.9751311114871117,TP,2024Q3,2024,4
2211,76700,2024-08-01 18:00:00,76706,2024-08-01 21:00:00,BUY,2448.71,2434.881428571429,2434.881428571429,2476.367142857143,0.1,-138.98571428571194,-1382.8571428571195,-1.0,SL,2024Q3,2024,6
2212,76709,2024-08-01 22:30:00,76741,2024-08-02 15:30:00,BUY,2443.42,2473.9914285714285,2428.134285714286,2473.9914285714285,0.1,305.0142857142844,3057.142857142844,1.986324309238069,TP,2024Q3,2024,32
2213,76742,2024-08-02 16:00:00,76742,2024-08-02 16:00:00,BUY,2472.96,2461.6414285714286,2461.6414285714286,2495.597142857143,0.1,-113.88571428571431,-1131.8571428571431,-1.0,SL,2024Q3,2024,0
2214,76743,2024-08-02 16:30:00,76745,2024-08-02 17:30:00,BUY,2466.27,2453.154285714286,2453.154285714286,2492.5014285714283,0.1,-131.85714285714147,-1311.5714285714148,-1.0,SL,2024Q3,2024,2
2215,76758,2024-08-05 01:00:00,76762,2024-08-05 03:00:00,BUY,2444.19,2422.2657142857142,2422.2657142857142,2488.0385714285717,0.1,-219.94285714285814,-2192.4285714285816,-1.0,SL,2024Q3,2024,4
2216,76766,2024-08-05 05:00:00,76780,2024-08-05 12:00:00,BUY,2439.53,2421.0785714285716,2421.0785714285716,2476.4328571428573,0.1,-185.2142857142855,-1845.142857142855,-1.0,SL,2024Q3,2024,14
2217,76794,2024-08-05 19:00:00,76914,2024-08-08 10:00:00,SELL,2402.66,2395.96,2428.8142857142857,2350.351428571428,0.1,66.29999999999818,669.9999999999818,0.2528190880862805,TIME_EXIT,2024Q3,2024,120
2218,76950,2024-08-09 05:00:00,76952,2024-08-09 06:00:00,BUY,2427.37,2421.24,2421.24,2439.6299999999997,0.1,-62.000000000001094,-613.0000000000109,-1.0,SL,2024Q3,2024,2
2219,76956,2024-08-09 08:00:00,76957,2024-08-09 08:30:00,BUY,2424.06,2417.9342857142856,2417.9342857142856,2436.311428571428,0.1,-61.957142857143666,-612.5714285714366,-1.0,SL,2024Q3,2024,1
2220,76961,2024-08-09 10:30:00,77006,2024-08-12 10:00:00,BUY,2424.6,2438.922857142857,2417.4385714285713,2438.922857142857,0.1,142.52857142857175,1432.2857142857174,1.9709600948241803,TP,2024Q3,2024,45
2221,77042,2024-08-13 05:00:00,77048,2024-08-13 08:00:00,BUY,2466.41,2459.282857142857,2459.282857142857,2480.6642857142856,0.1,-71.97142857142644,-712.7142857142644,-1.0,SL,2024Q3,2024,6
2222,77053,2024-08-13 10:30:00,77089,2024-08-14 05:30:00,BUY,2464.84,2455.787142857143,2455.787142857143,2482.945714285714,0.1,-91.22857142857193,-905.2857142857192,-1.0,SL,2024Q3,2024,36
2223,77097,2024-08-14 09:30:00,77110,2024-08-14 16:00:00,BUY,2466.35,2458.5714285714284,2458.5714285714284,2481.907142857143,0.1,-78.48571428571468,-777.8571428571468,-1.0,SL,2024Q3,2024,13
2224,77133,2024-08-15 04:30:00,77138,2024-08-15 07:00:00,SELL,2449.83,2455.18,2455.18,2439.13,0.1,-54.19999999999909,-534.9999999999909,-1.0,SL,2024Q3,2024,5
2225,77156,2024-08-15 16:00:00,77156,2024-08-15 16:00:00,SELL,2441.08,2450.8014285714285,2450.8014285714285,2421.6371428571433,0.1,-97.91428571428533,-972.1428571428532,-1.0,SL,2024Q3,2024,0
2226,77157,2024-08-15 16:30:00,77191,2024-08-16 10:30:00,SELL,2450.82,2462.4014285714284,2462.4014285714284,2427.6571428571433,0.1,-116.51428571428205,-1158.1428571428205,-1.0,SL,2024Q3,2024,34
2227,77193,2024-08-16 11:30:00,77201,2024-08-16 15:30:00,BUY,2462.46,2477.168571428572,2455.1057142857144,2477.168571428572,0.1,146.3857142857176,1470.8571428571759,1.9717144506446638,TP,2024Q3,2024,8
2228,77226,2024-08-19 05:00:00,77244,2024-08-19 14:00:00,BUY,2498.36,2489.277142857143,2489.277142857143,2516.5257142857145,0.1,-91.52857142856938,-908.2857142856938,-1.0,SL,2024Q3,2024,18
2229,77251,2024-08-19 17:30:00,77284,2024-08-20 11:00:00,BUY,2499.3,2520.494285714286,2488.7028571428573,2520.494285714286,0.1,211.24285714285799,2119.4285714285797,1.980313378867015,TP,2024Q3,2024,33
2230,77308,2024-08-20 23:00:00,77341,2024-08-21 16:30:00,BUY,2515.15,2500.8414285714284,2500.8414285714284,2543.7671428571434,0.1,-143.78571428571667,-1430.8571428571668,-1.0,SL,2024Q3,2024,33
2231,77346,2024-08-21 19:00:00,77384,2024-08-22 15:00:00,BUY,2508.53,2496.552857142857,2496.552857142857,2532.484285714286,0.1,-120.47142857143008,-1197.7142857143008,-1.0,SL,2024Q3,2024,38
2232,77457,2024-08-26 05:30:00,77461,2024-08-26 07:30:00,BUY,2515.06,2509.1014285714286,2509.1014285714286,2526.977142857143,0.1,-60.28571428571304,-595.8571428571304,-1.0,SL,2024Q3,2024,4
2233,77465,2024-08-26 09:30:00,77468,2024-08-26 11:00:00,BUY,2513.83,2524.7957142857144,2508.347142857143,2524.7957142857144,0.1,108.95714285714512,1096.5714285714512,1.9621816310780331,TP,2024Q3,2024,3
2234,77486,2024-08-26 20:00:00,77500,2024-08-27 04:00:00,BUY,2520.33,2510.0085714285715,2510.0085714285715,2540.9728571428573,0.1,-103.91428571428442,-1032.1428571428442,-1.0,SL,2024Q3,2024,14
2235,77510,2024-08-27 09:00:00,77513,2024-08-27 10:30:00,BUY,2513.72,2507.5071428571428,2507.5071428571428,2526.1457142857143,0.1,-62.82857142857047,-621.2857142857047,-1.0,SL,2024Q3,2024,3
2236,77521,2024-08-27 14:30:00,77565,2024-08-28 13:30:00,BUY,2511.81,2502.7214285714285,2502.7214285714285,2529.9871428571428,0.1,-91.58571428571413,-908.8571428571413,-1.0,SL,2024Q3,2024,44
2237,77572,2024-08-28 17:00:00,77597,2024-08-29 06:30:00,SELL,2506.48,2516.0885714285714,2516.0885714285714,2487.262857142857,0.1,-96.78571428571395,-960.8571428571395,-1.0,SL,2024Q3,2024,25
2238,77618,2024-08-29 17:00:00,77665,2024-08-30 17:30:00,BUY,2516.86,2506.3942857142856,2506.3942857142856,2537.7914285714287,0.1,-105.35714285714512,-1046.5714285714512,-1.0,SL,2024Q3,2024,47
2239,77685,2024-09-02 04:30:00,77687,2024-09-02 05:30:00,SELL,2502.99,2490.6842857142856,2509.142857142857,2490.6842857142856,0.1,122.35714285714202,1230.5714285714203,1.9662534435261705,TP,2024Q3,2024,2
2240,77696,2024-09-02 10:00:00,77699,2024-09-02 11:30:00,SELL,2497.53,2505.281428571429,2505.281428571429,2482.0271428571427,0.1,-78.21428571428733,-775.1428571428733,-1.0,SL,2024Q3,2024,3
2241,77702,2024-09-02 13:00:00,77750,2024-09-03 16:30:00,SELL,2498.8,2483.2885714285717,2506.5557142857147,2483.2885714285717,0.1,154.41428571428497,1551.1428571428496,1.973165388827982,TP,2024Q3,2024,48
2242,77751,2024-09-03 17:00:00,77761,2024-09-03 22:00:00,SELL,2479.46,2492.867142857143,2492.867142857143,2452.6457142857143,0.1,-134.77142857142843,-1340.7142857142844,-1.0,SL,2024Q3,2024,10
2243,77781,2024-09-04 09:00:00,77783,2024-09-04 10:00:00,SELL,2493.02,2483.7942857142857,2497.632857142857,2483.7942857142857,0.1,91.55714285714275,922.5714285714275,1.955155582672361,TP,2024Q3,2024,2
2244,77794,2024-09-04 15:30:00,77797,2024-09-04 17:00:00,SELL,2486.65,2497.092857142857,2497.092857142857,2465.7642857142855,0.1,-105.12857142857065,-1044.2857142857065,-1.0,SL,2024Q3,2024,3
2245,77823,2024-09-05 07:00:00,77826,2024-09-05 08:30:00,SELL,2494.71,2498.83,2498.83,2486.47,0.1,-41.89999999999891,-411.9999999999891,-1.0,SL,2024Q3,2024,3
2246,77850,2024-09-05 20:30:00,77890,2024-09-06 17:30:00,BUY,2512.87,2501.0871428571427,2501.0871428571427,2536.4357142857143,0.1,-118.5285714285721,-1178.285714285721,-1.0,SL,2024Q3,2024,40
2247,77892,2024-09-06 18:30:00,77893,2024-09-06 19:00:00,BUY,2515.45,2500.385714285714,2500.385714285714,2545.578571428571,0.1,-151.34285714285687,-1506.4285714285688,-1.0,SL,2024Q3,2024,1
2248,77913,2024-09-09 06:00:00,77919,2024-09-09 09:00:00,SELL,2496.99,2487.0271428571427,2501.9714285714285,2487.0271428571427,0.1,98.92857142857046,996.2857142857047,1.958427601809866,TP,2024Q3,2024,6
2249,77924,2024-09-09 11:30:00,77927,2024-09-09 13:00:00,SELL,2491.27,2499.1142857142854,2499.1142857142854,2475.5814285714287,0.1,-79.14285714285434,-784.4285714285434,-1.0,SL,2024Q3,2024,3
2250,77928,2024-09-09 13:30:00,77932,2024-09-09 15:30:00,SELL,2494.93,2503.7514285714283,2503.7514285714283,2477.287142857143,0.1,-88.91428571428442,-882.1428571428442,-1.0,SL,2024Q3,2024,4
2251,77937,2024-09-09 18:00:00,77942,2024-09-09 20:30:00,SELL,2496.75,2505.59,2505.59,2479.07,0.1,-89.10000000000146,-884.0000000000146,-1.0,SL,2024Q3,2024,5
2252,77958,2024-09-10 05:30:00,77965,2024-09-10 09:00:00,SELL,2502.31,2506.2885714285717,2506.2885714285717,2494.352857142857,0.1,-40.48571428571741,-397.85714285717404,-1.0,SL,2024Q3,2024,7
2253,77969,2024-09-10 11:00:00,77973,2024-09-10 13:00:00,SELL,2502.63,2507.8328571428574,2507.8328571428574,2492.224285714286,0.1,-52.728571428572835,-520.2857142857283,-1.0,SL,2024Q3,2024,4
2254,77974,2024-09-10 13:30:00,77981,2024-09-10 17:00:00,BUY,2508.03,2502.2757142857145,2502.2757142857145,2519.5385714285712,0.1,-58.24285714285743,-575.4285714285743,-1.0,SL,2024Q3,2024,7
2255,77983,2024-09-10 18:00:00,78012,2024-09-11 09:30:00,BUY,2509.28,2526.314285714286,2500.7628571428572,2526.314285714286,0.1,169.64285714285944,1703.4285714285943,1.9755448344701385,TP,2024Q3,2024,29
2256,78021,2024-09-11 14:00:00,78024,2024-09-11 15:30:00,BUY,2521.87,2514.96,2514.96,2535.69,0.1,-69.79999999999855,-690.9999999999854,-1.0,SL,2024Q3,2024,3
2257,78032,2024-09-11 19:30:00,78071,2024-09-12 16:00:00,BUY,2516.06,2540.1,2504.04,2540.1,0.1,239.69999999999965,2403.9999999999964,1.9826302729528535,TP,2024Q3,2024,39
2258,78116,2024-09-13 15:30:00,78143,2024-09-16 06:00:00,BUY,2569.38,2587.157142857143,2560.491428571429,2587.157142857143,0.1,177.07142857142736,1777.7142857142735,1.9765587625578558,TP,2024Q3,2024,27
2259,78154,2024-09-16 11:30:00,78158,2024-09-16 13:30:00,BUY,2587.05,2580.5257142857145,2580.5257142857145,2600.0985714285716,0.1,-65.94285714285725,-652.4285714285725,-1.0,SL,2024Q3,2024,4
2260,78165,2024-09-16 17:00:00,78165,2024-09-16 17:00:00,BUY,2588.32,2579.591428571429,2579.591428571429,2605.777142857143,0.1,-87.98571428571286,-872.8571428571286,-1.0,SL,2024Q3,2024,0
2261,78171,2024-09-16 20:00:00,78201,2024-09-17 12:00:00,BUY,2583.77,2574.275714285714,2574.275714285714,2602.7585714285715,0.1,-95.6428571428598,-949.4285714285979,-1.0,SL,2024Q3,2024,30
2262,78207,2024-09-17 15:00:00,78208,2024-09-17 15:30:00,BUY,2579.95,2571.4871428571428,2571.4871428571428,2596.8757142857144,0.1,-85.32857142857047,-846.2857142857047,-1.0,SL,2024Q3,2024,1
2263,78212,2024-09-17 17:30:00,78213,2024-09-17 18:00:00,BUY,2578.64,2567.845714285714,2567.845714285714,2600.2285714285713,0.1,-108.64285714285707,-1079.4285714285706,-1.0,SL,2024Q3,2024,1
2264,78228,2024-09-18 02:30:00,78239,2024-09-18 08:00:00,BUY,2573.43,2566.46,2566.46,2587.3699999999994,0.1,-70.399999999998,-696.99999999998,-1.0,SL,2024Q3,2024,11
2265,78245,2024-09-18 11:00:00,78265,2024-09-18 21:00:00,BUY,2571.72,2583.622857142857,2565.7685714285712,2583.622857142857,0.1,118.32857142857101,1190.2857142857101,1.9651245551601422,TP,2024Q3,2024,20
2266,78266,2024-09-18 21:30:00,78266,2024-09-18 21:30:00,BUY,2594.54,2580.9885714285715,2580.9885714285715,2621.6428571428573,0.1,-136.21428571428459,-1355.142857142846,-1.0,SL,2024Q3,2024,0
2267,78267,2024-09-18 22:00:00,78267,2024-09-18 22:00:00,BUY,2575.7,2558.7071428571426,2558.7071428571426,2609.6857142857143,0.1,-170.62857142857246,-1699.2857142857247,-1.0,SL,2024Q3,2024,0
2268,78269,2024-09-18 23:00:00,78286,2024-09-19 08:30:00,SELL,2548.83,2570.85,2570.85,2504.79,0.1,-220.8999999999998,-2201.999999999998,-1.0,SL,2024Q3,2024,17
2269,78304,2024-09-19 17:30:00,78335,2024-09-20 10:00:00,BUY,2580.32,2607.1857142857143,2566.887142857143,2607.1857142857143,0.1,267.9571428571415,2686.571428571415,1.9844477359288706,TP,2024Q3,2024,31
2270,78350,2024-09-20 17:30:00,78395,2024-09-23 17:00:00,BUY,2613.64,2634.5542857142855,2603.1828571428573,2634.5542857142855,0.1,208.44285714285598,2091.4285714285597,1.9800515673768917,TP,2024Q3,2024,45
2271,78399,2024-09-23 19:00:00,78445,2024-09-24 19:00:00,BUY,2629.45,2648.832857142857,2619.7585714285715,2648.832857142857,0.1,193.1285714285712,1938.285714285712,1.9784867554515315,TP,2024Q3,2024,46
2272,78469,2024-09-25 08:00:00,78492,2024-09-25 19:30:00,BUY,2659.06,2650.67,2650.67,2675.84,0.1,-84.59999999999873,-838.9999999999873,-1.0,SL,2024Q3,2024,23
2273,78494,2024-09-25 20:30:00,78528,2024-09-26 14:30:00,BUY,2660.49,2682.804285714285,2649.332857142857,2682.804285714285,0.1,222.44285714285235,2231.4285714285234,1.9812953301946408,TP,2024Q3,2024,34
2274,78536,2024-09-26 18:30:00,78580,2024-09-27 17:30:00,BUY,2669.91,2653.47,2653.47,2702.79,0.1,-165.10000000000053,-1644.0000000000055,-1.0,SL,2024Q3,2024,44
2275,78601,2024-09-30 05:00:00,78624,2024-09-30 16:30:00,SELL,2652.51,2633.5500000000006,2661.9900000000002,2633.5500000000006,0.1,188.89999999999583,1895.9999999999582,1.9780104712041409,TP,2024Q3,2024,23
2276,78633,2024-09-30 21:00:00,78661,2024-10-01 12:00:00,SELL,2637.69,2648.3757142857144,2648.3757142857144,2616.3185714285714,0.1,-107.55714285714312,-1068.5714285714312,-1.0,SL,2024Q3,2024,28
2277,78681,2024-10-01 22:00:00,78700,2024-10-02 08:30:00,BUY,2661.2,2644.5714285714284,2644.5714285714284,2694.457142857143,0.1,-166.98571428571375,-1662.8571428571377,-1.0,SL,2024Q4,2024,19
2278,78705,2024-10-02 11:00:00,78711,2024-10-02 14:00:00,BUY,2655.54,2648.17,2648.17,2670.2799999999997,0.1,-74.39999999999891,-736.9999999999891,-1.0,SL,2024Q4,2024,6
2279,78716,2024-10-02 16:30:00,78718,2024-10-02 17:30:00,BUY,2658.0,2648.0785714285716,2648.0785714285716,2677.8428571428567,0.1,-99.91428571428351,-992.142857142835,-1.0,SL,2024Q4,2024,2
2280,78725,2024-10-02 21:00:00,78763,2024-10-03 17:00:00,BUY,2652.3,2640.221428571429,2640.221428571429,2676.457142857143,0.1,-121.48571428571195,-1207.8571428571195,-1.0,SL,2024Q4,2024,38
2281,78767,2024-10-03 19:00:00,78768,2024-10-03 19:30:00,SELL,2648.71,2661.2514285714287,2661.2514285714287,2623.627142857143,0.1,-126.11428571428696,-1254.1428571428696,-1.0,SL,2024Q4,2024,1
2282,78779,2024-10-04 02:00:00,78806,2024-10-04 15:30:00,BUY,2656.02,2648.637142857143,2648.637142857143,2670.785714285714,0.1,-74.5285714285712,-738.285714285712,-1.0,SL,2024Q4,2024,27
2283,78811,2024-10-04 18:00:00,78814,2024-10-04 19:30:00,BUY,2658.51,2645.0385714285717,2645.0385714285717,2685.4528571428573,0.1,-135.4142857142853,-1347.1428571428532,-1.0,SL,2024Q4,2024,3
2284,78822,2024-10-04 23:30:00,78902,2024-10-08 17:30:00,SELL,2650.97,2624.012857142857,2664.448571428571,2624.012857142857,0.1,268.8714285714303,2695.7142857143026,1.9845002108815182,TP,2024Q4,2024,80
2285,78919,2024-10-09 03:00:00,78948,2024-10-09 17:30:00,SELL,2621.86,2605.417142857143,2630.0814285714287,2605.417142857143,0.1,163.72857142857066,1644.2857142857065,1.974672639558925,TP,2024Q4,2024,29
2286,78951,2024-10-09 19:00:00,78990,2024-10-10 15:30:00,SELL,2614.67,2624.732857142857,2624.732857142857,2594.544285714286,0.1,-101.32857142856956,-1006.2857142856956,-1.0,SL,2024Q4,2024,39
2287,78999,2024-10-10 20:00:00,79010,2024-10-11 02:30:00,SELL,2619.12,2633.638571428571,2633.638571428571,2590.082857142857,0.1,-145.88571428571248,-1451.857142857125,-1.0,SL,2024Q4,2024,11
2288,79026,2024-10-11 10:30:00,79041,2024-10-11 18:00:00,BUY,2642.61,2657.5185714285712,2635.1557142857146,2657.5185714285712,0.1,148.38571428571123,1490.8571428571122,1.9720903740269597,TP,2024Q4,2024,15
2289,79063,2024-10-14 06:00:00,79085,2024-10-14 17:00:00,BUY,2655.26,2647.6028571428574,2647.6028571428574,2670.574285714286,0.1,-77.27142857142844,-765.7142857142844,-1.0,SL,2024Q4,2024,22
2290,79097,2024-10-14 23:00:00,79111,2024-10-15 07:00:00,BUY,2652.74,2643.9399999999996,2643.9399999999996,2670.3399999999997,0.1,-88.70000000000182,-880.0000000000182,-1.0,SL,2024Q4,2024,14
2291,79117,2024-10-15 10:00:00,79132,2024-10-15 17:30:00,BUY,2648.8,2663.7228571428573,2641.338571428572,2663.7228571428573,0.1,148.52857142857084,1492.2857142857083,1.972116843702639,TP,2024Q4,2024,15
2292,79133,2024-10-15 18:00:00,79176,2024-10-16 16:30:00,BUY,2659.94,2684.988571428572,2647.4157142857143,2684.988571428572,0.1,249.78571428571905,2504.8571428571904,1.9833257713249,TP,2024Q4,2024,43
2293,79178,2024-10-16 17:30:00,79179,2024-10-16 18:00:00,BUY,2678.53,2668.8300000000004,2668.8300000000004,2697.93,0.1,-97.69999999999818,-969.9999999999818,-1.0,SL,2024Q4,2024,1
2294,79184,2024-10-16 20:30:00,79243,2024-10-18 04:00:00,BUY,2674.97,2699.152857142856,2662.8785714285714,2699.152857142856,0.1,241.12857142856393,2418.285714285639,1.982732291788991,TP,2024Q4,2024,59
2295,79256,2024-10-18 10:30:00,79284,2024-10-21 01:30:00,BUY,2705.81,2723.6928571428575,2696.868571428571,2723.6928571428575,0.1,178.12857142857575,1788.2857142857574,1.9766962587190875,TP,2024Q4,2024,28
2296,79300,2024-10-21 09:30:00,79317,2024-10-21 18:00:00,BUY,2727.45,2720.0714285714284,2720.0714285714284,2742.2071428571426,0.1,-74.48571428571377,-737.8571428571377,-1.0,SL,2024Q4,2024,17
2297,79334,2024-10-22 03:30:00,79341,2024-10-22 07:00:00,BUY,2723.71,2735.644285714286,2717.7428571428572,2735.644285714286,0.1,118.64285714286034,1193.4285714286034,1.9652153336489153,TP,2024Q4,2024,7
2298,79354,2024-10-22 13:30:00,79390,2024-10-23 08:30:00,BUY,2735.15,2751.0642857142857,2727.1928571428575,2751.0642857142857,0.1,158.44285714285598,1591.4285714285597,1.9738387613454909,TP,2024Q4,2024,36
2299,79402,2024-10-23 14:30:00,79403,2024-10-23 15:00:00,BUY,2750.73,2744.2985714285714,2744.2985714285714,2763.592857142857,0.1,-65.01428571428569,-643.1428571428569,-1.0,SL,2024Q4,2024,1
2300,79430,2024-10-24 05:30:00,79436,2024-10-24 08:30:00,SELL,2722.01,2728.2928571428574,2728.2928571428574,2709.4442857142863,0.1,-63.52857142857211,-628.285714285721,-1.0,SL,2024Q4,2024,6
2301,79459,2024-10-24 20:00:00,79487,2024-10-25 11:00:00,BUY,2733.72,2721.3614285714284,2721.3614285714284,2758.437142857143,0.1,-124.28571428571395,-1235.8571428571395,-1.0,SL,2024Q4,2024,28
2302,79516,2024-10-28 01:30:00,79519,2024-10-28 03:00:00,BUY,2738.2,2729.2414285714285,2729.2414285714285,2756.1171428571424,0.1,-90.28571428571304,-895.8571428571304,-1.0,SL,2024Q4,2024,3
2303,79528,2024-10-28 07:30:00,79567,2024-10-29 04:00:00,BUY,2735.76,2752.577142857143,2727.3514285714286,2752.577142857143,0.1,167.471428571427,1681.7142857142699,1.9752316764953133,TP,2024Q4,2024,39
2304,79581,2024-10-29 11:00:00,79600,2024-10-29 20:30:00,BUY,2754.77,2772.932857142857,2745.6885714285713,2772.932857142857,0.1,180.92857142856866,1816.2857142856865,1.9770527630346055,TP,2024Q4,2024,19
2305,79628,2024-10-30 11:30:00,79633,2024-10-30 14:00:00,BUY,2781.03,2773.714285714286,2773.714285714286,2795.6614285714286,0.1,-73.85714285714421,-731.5714285714421,-1.0,SL,2024Q4,2024,5
2306,79635,2024-10-30 15:00:00,79636,2024-10-30 15:30:00,BUY,2782.65,2774.177142857143,2774.177142857143,2799.595714285714,0.1,-85.42857142857265,-847.2857142857265,-1.0,SL,2024Q4,2024,1
2307,79639,2024-10-30 17:00:00,79681,2024-10-31 15:00:00,BUY,2780.51,2770.6157142857146,2770.6157142857146,2800.298571428572,0.1,-99.64285714285616,-989.4285714285616,-1.0,SL,2024Q4,2024,42
2308,79706,2024-11-01 04:30:00,79712,2024-11-01 07:30:00,SELL,2747.92,2754.16,2754.16,2735.44,0.1,-63.09999999999782,-623.9999999999782,-1.0,SL,2024Q4,2024,6
2309,79716,2024-11-01 09:30:00,79726,2024-11-01 14:30:00,SELL,2749.98,2756.107142857143,2756.107142857143,2737.7257142857143,0.1,-61.97142857143099,-612.7142857143099,-1.0,SL,2024Q4,2024,10
2310,79730,2024-11-01 16:30:00,79796,2024-11-05 04:30:00,SELL,2751.71,2728.615714285714,2763.257142857143,2728.615714285714,0.1,230.2428571428589,2309.428571428589,1.9819232661091597,TP,2024Q4,2024,66
2311,79801,2024-11-05 07:00:00,79805,2024-11-05 09:00:00,SELL,2734.32,2740.1485714285714,2740.1485714285714,2722.6628571428573,0.1,-58.98571428571195,-582.8571428571195,-1.0,SL,2024Q4,2024,4
2312,79817,2024-11-05 15:00:00,79818,2024-11-05 15:30:00,SELL,2737.92,2746.2185714285715,2746.2185714285715,2721.322857142857,0.1,-83.6857142857145,-829.8571428571449,-1.0,SL,2024Q4,2024,1
2313,79822,2024-11-05 17:30:00,79823,2024-11-05 18:00:00,SELL,2733.87,2744.272857142857,2744.272857142857,2713.0642857142857,0.1,-104.72857142857102,-1040.2857142857101,-1.0,SL,2024Q4,2024,1
2314,79824,2024-11-05 18:30:00,79840,2024-11-06 03:30:00,SELL,2737.84,2748.997142857143,2748.997142857143,2715.5257142857145,0.1,-112.27142857142844,-1115.7142857142844,-1.0,SL,2024Q4,2024,16
2315,79843,2024-11-06 05:00:00,79849,2024-11-06 08:00:00,SELL,2737.35,2717.8442857142854,2747.102857142857,2717.8442857142854,0.1,194.35714285714477,1950.5714285714475,1.9786212914485626,TP,2024Q4,2024,6
2316,79850,2024-11-06 08:30:00,79863,2024-11-06 15:00:00,SELL,2717.46,2683.2885714285717,2734.5457142857144,2683.2885714285717,0.1,341.0142857142835,3417.142857142835,1.987759180614513,TP,2024Q4,2024,13
2317,79901,2024-11-07 11:00:00,79903,2024-11-07 12:00:00,SELL,2657.44,2668.1957142857145,2668.1957142857145,2635.9285714285716,0.1,-108.25714285714476,-1075.5714285714475,-1.0,SL,2024Q4,2024,2
2318,79935,2024-11-08 05:00:00,79977,2024-11-11 03:00:00,SELL,2697.27,2673.632857142857,2709.0885714285714,2673.632857142857,0.1,235.67142857142863,2363.7142857142862,1.982335976928623,TP,2024Q4,2024,42
2319,79997,2024-11-11 13:00:00,80002,2024-11-11 15:30:00,SELL,2661.8,2642.0657142857144,2671.667142857143,2642.0657142857144,0.1,196.64285714285762,1973.428571428576,1.978867165037378,TP,2024Q4,2024,5
2320,80025,2024-11-12 04:00:00,80032,2024-11-12 07:30:00,SELL,2624.03,2609.067142857143,2631.511428571429,2609.067142857143,0.1,148.92857142857048,1496.2857142857047,1.9721906923949462,TP,2024Q4,2024,7
2321,80052,2024-11-12 17:30:00,80094,2024-11-13 15:30:00,SELL,2603.27,2617.787142857143,2617.787142857143,2574.2357142857145,0.1,-145.8714285714297,-1451.7142857142971,-1.0,SL,2024Q4,2024,42
2322,80097,2024-11-13 17:00:00,80101,2024-11-13 19:00:00,SELL,2601.9,2581.1285714285714,2612.285714285714,2581.1285714285714,0.1,207.01428571428715,2077.1428571428714,1.9799152889739469,TP,2024Q4,2024,4
2323,80139,2024-11-14 15:00:00,80142,2024-11-14 16:30:00,SELL,2552.11,2564.588571428572,2564.588571428572,2527.152857142857,0.1,-125.4857142857174,-1247.857142857174,-1.0,SL,2024Q4,2024,3
2324,80156,2024-11-14 23:30:00,80207,2024-11-18 03:00:00,SELL,2565.17,2579.4257142857145,2579.4257142857145,2536.6585714285716,0.1,-143.25714285714474,-1425.5714285714475,-1.0,SL,2024Q4,2024,51
2325,80222,2024-11-18 10:30:00,80233,2024-11-18 16:00:00,BUY,2587.42,2607.337142857143,2577.4614285714288,2607.337142857143,0.1,198.47142857143064,1991.7142857143062,1.9790598290598742,TP,2024Q4,2024,11
2326,80267,2024-11-19 10:00:00,80271,2024-11-19 12:00:00,BUY,2619.16,2634.8571428571427,2611.3114285714287,2634.8571428571427,0.1,156.2714285714281,1569.7142857142808,1.9734800649468365,TP,2024Q4,2024,4
2327,80286,2024-11-19 19:30:00,80313,2024-11-20 10:00:00,BUY,2632.7,2619.2542857142857,2619.2542857142857,2659.5914285714284,0.1,-135.15714285714074,-1344.5714285714075,-1.0,SL,2024Q4,2024,27
2328,80322,2024-11-20 14:30:00,80326,2024-11-20 16:30:00,BUY,2628.62,2646.1828571428573,2619.8385714285714,2646.1828571428573,0.1,174.92857142857412,1756.285714285741,1.976275016139496,TP,2024Q4,2024,4
2329,80351,2024-11-21 06:00:00,80365,2024-11-21 13:00:00,BUY,2657.04,2672.651428571429,2649.2342857142858,2672.651428571429,0.1,155.4142857142886,1561.142857142886,1.9733357518592993,TP,2024Q4,2024,14
2330,80370,2024-11-21 15:30:00,80394,2024-11-22 04:30:00,BUY,2664.97,2684.3985714285714,2655.255714285714,2684.3985714285714,0.1,193.5857142857156,1942.8571428571558,1.9785370127025845,TP,2024Q4,2024,24
2331,80419,2024-11-22 17:00:00,80441,2024-11-25 05:00:00,BUY,2694.57,2679.67,2679.67,2724.3700000000003,0.1,-149.7000000000009,-1490.000000000009,-1.0,SL,2024Q4,2024,22
2332,80458,2024-11-25 13:30:00,80463,2024-11-25 16:00:00,BUY,2683.56,2670.32,2670.32,2710.0399999999995,0.1,-133.0999999999978,-1323.9999999999782,-1.0,SL,2024Q4,2024,5
2333,80486,2024-11-26 04:30:00,80507,2024-11-26 15:00:00,SELL,2628.54,2641.6800000000003,2641.6800000000003,2602.2599999999998,0.1,-132.10000000000326,-1314.0000000000327,-1.0,SL,2024Q4,2024,21
2334,80511,2024-11-26 17:00:00,80531,2024-11-27 04:00:00,SELL,2622.34,2635.994285714286,2635.994285714286,2595.031428571429,0.1,-137.24285714285833,-1365.4285714285834,-1.0,SL,2024Q4,2024,20
2335,80558,2024-11-27 17:30:00,80618,2024-11-29 04:00:00,SELL,2642.27,2655.022857142857,2655.022857142857,2616.764285714286,0.1,-128.2285714285701,-1275.285714285701,-1.0,SL,2024Q4,2024,60
2336,80633,2024-11-29 11:30:00,80644,2024-11-29 17:00:00,BUY,2659.96,2651.114285714286,2651.114285714286,2677.651428571429,0.1,-89.15714285714166,-884.5714285714166,-1.0,SL,2024Q4,2024,11
2337,80646,2024-11-29 18:00:00,80654,2024-12-02 01:00:00,BUY,2659.12,2647.682857142857,2647.682857142857,2681.994285714286,0.1,-115.07142857143045,-1143.7142857143044,-1.0,SL,2024Q4,2024,8
2338,80691,2024-12-02 19:30:00,80729,2024-12-03 15:30:00,SELL,2639.46,2651.838571428572,2651.838571428572,2614.702857142857,0.1,-124.48571428571832,-1237.8571428571831,-1.0,SL,2024Q4,2024,38
2339,80734,2024-12-03 18:00:00,80776,2024-12-04 16:00:00,SELL,2640.34,2651.7714285714287,2651.7714285714287,2617.477142857143,0.1,-115.01428571428569,-1143.1428571428569,-1.0,SL,2024Q4,2024,42
2340,80777,2024-12-04 16:30:00,80823,2024-12-05 16:30:00,BUY,2652.74,2641.6514285714284,2641.6514285714284,2674.917142857143,0.1,-111.58571428571413,-1108.8571428571413,-1.0,SL,2024Q4,2024,46
2341,80861,2024-12-06 12:30:00,80884,2024-12-09 01:00:00,SELL,2637.29,2646.35,2646.35,2619.17,0.1,-91.29999999999946,-905.9999999999945,-1.0,SL,2024Q4,2024,23
2342,80887,2024-12-09 02:30:00,80888,2024-12-09 03:00:00,SELL,2630.81,2640.17,2640.17,2612.0899999999997,0.1,-94.30000000000128,-936.0000000000127,-1.0,SL,2024Q4,2024,1
2343,80894,2024-12-09 06:00:00,80904,2024-12-09 11:00:00,SELL,2638.73,2651.857142857143,2651.857142857143,2612.4757142857143,0.1,-131.97142857143098,-1312.7142857143099,-1.0,SL,2024Q4,2024,10
2344,80931,2024-12-10 01:30:00,80953,2024-12-10 12:30:00,BUY,2661.13,2674.2557142857145,2654.567142857143,2674.2557142857145,0.1,130.55714285714367,1312.5714285714366,1.9683394357097381,TP,2024Q4,2024,22
2345,80954,2024-12-10 13:00:00,80966,2024-12-10 19:00:00,BUY,2675.66,2692.694285714286,2667.142857142857,2692.694285714286,0.1,169.64285714285944,1703.4285714285943,1.9755448344701385,TP,2024Q4,2024,12
2346,80991,2024-12-11 08:30:00,81025,2024-12-12 02:30:00,BUY,2696.2,2723.9885714285715,2682.305714285714,2723.9885714285715,0.1,277.18571428571687,2778.8571428571686,1.984961636828677,TP,2024Q4,2024,34
2347,81033,2024-12-12 06:30:00,81050,2024-12-12 15:00:00,BUY,2712.88,2703.1485714285714,2703.1485714285714,2732.342857142857,0.1,-98.01428571428751,-973.1428571428751,-1.0,SL,2024Q4,2024,17
2348,81073,2024-12-13 03:30:00,81084,2024-12-13 09:00:00,BUY,2688.86,2682.47,2682.47,2701.6400000000003,0.1,-64.60000000000328,-639.0000000000327,-1.0,SL,2024Q4,2024,11
2349,81085,2024-12-13 09:30:00,81094,2024-12-13 14:00:00,SELL,2682.58,2663.4285714285716,2692.155714285714,2663.4285714285716,0.1,190.8142857142837,1915.1428571428369,1.9782286729857819,TP,2024Q4,2024,9
2350,81120,2024-12-16 04:00:00,81133,2024-12-16 10:30:00,SELL,2653.37,2661.3614285714284,2661.3614285714284,2637.3871428571424,0.1,-80.61428571428515,-799.1428571428514,-1.0,SL,2024Q4,2024,13
2351,81145,2024-12-16 16:30:00,81180,2024-12-17 11:00:00,SELL,2658.12,2641.66,2666.35,2641.66,0.1,163.90000000000038,1646.0000000000036,1.974698795180723,TP,2024Q4,2024,35
2352,81190,2024-12-17 16:00:00,81198,2024-12-17 20:00:00,SELL,2636.99,2647.6714285714284,2647.6714285714284,2615.6271428571426,0.1,-107.51428571428569,-1068.1428571428569,-1.0,SL,2024Q4,2024,8
2353,81204,2024-12-17 23:00:00,81246,2024-12-18 21:00:00,SELL,2643.5,2625.8514285714286,2652.324285714286,2625.8514285714286,0.1,175.7857142857136,1764.8571428571358,1.9763893350465283,TP,2024Q4,2024,42
2354,81261,2024-12-19 05:30:00,81275,2024-12-19 12:30:00,SELL,2608.42,2626.192857142857,2626.192857142857,2572.8742857142856,0.1,-178.4285714285699,-1777.2857142856992,-1.0,SL,2024Q4,2024,14
2355,81279,2024-12-19 14:30:00,81284,2024-12-19 17:00:00,SELL,2613.27,2591.9185714285713,2623.945714285714,2591.9185714285713,0.1,212.81428571428643,2135.142857142864,1.9804573251795157,TP,2024Q4,2024,5
2356,81294,2024-12-19 22:00:00,81316,2024-12-20 10:00:00,SELL,2596.72,2607.811428571428,2607.811428571428,2574.5371428571425,0.1,-111.61428571428424,-1109.1428571428423,-1.0,SL,2024Q4,2024,22
2357,81323,2024-12-20 13:30:00,81327,2024-12-20 15:30:00,SELL,2601.35,2608.2585714285715,2608.2585714285715,2587.532857142857,0.1,-69.78571428571577,-690.8571428571577,-1.0,SL,2024Q4,2024,4
2358,81349,2024-12-23 03:30:00,81351,2024-12-23 04:30:00,SELL,2619.59,2627.132857142857,2627.132857142857,2604.5042857142857,0.1,-76.12857142856974,-754.2857142856974,-1.0,SL,2024Q4,2024,2
2359,81352,2024-12-23 05:00:00,81368,2024-12-23 13:00:00,BUY,2626.02,2618.1442857142856,2618.1442857142856,2641.7714285714283,0.1,-79.45714285714367,-787.5714285714366,-1.0,SL,2024Q4,2024,16
2360,81407,2024-12-24 09:30:00,81410,2024-12-24 11:00:00,BUY,2620.81,2615.532857142857,2615.532857142857,2631.3642857142854,0.1,-53.47142857142735,-527.7142857142735,-1.0,SL,2024Q4,2024,3
2361,81412,2024-12-24 12:00:00,81426,2024-12-24 19:00:00,SELL,2613.35,2618.66,2618.66,2602.7300000000005,0.1,-53.79999999999946,-530.9999999999945,-1.0,SL,2024Q4,2024,14
2362,81446,2024-12-26 16:30:00,81489,2024-12-27 15:00:00,BUY,2626.76,2620.637142857143,2620.637142857143,2639.005714285715,0.1,-61.92857142857356,-612.2857142857356,-1.0,SL,2024Q4,2024,43
2363,81504,2024-12-27 22:30:00,81506,2024-12-27 23:30:00,SELL,2613.07,2621.431428571429,2621.431428571429,2596.347142857143,0.1,-84.3142857142886,-836.142857142886,-1.0,SL,2024Q4,2024,2
2364,81519,2024-12-30 07:00:00,81536,2024-12-30 15:30:00,SELL,2622.01,2608.1728571428575,2628.9285714285716,2608.1728571428575,0.1,137.67142857142682,1383.714285714268,1.9699509403107112,TP,2024Q4,2024,17
2365,81537,2024-12-30 16:00:00,81572,2024-12-31 10:30:00,SELL,2606.57,2617.1457142857143,2617.1457142857143,2585.418571428572,0.1,-106.45714285714185,-1057.5714285714184,-1.0,SL,2024Q4,2024,35
2366,81578,2024-12-31 13:30:00,81584,2024-12-31 16:30:00,SELL,2609.99,2616.645714285714,2616.645714285714,2596.678571428571,0.1,-67.25714285714112,-665.5714285714112,-1.0,SL,2024Q4,2024,6
2367,81640,2025-01-03 09:00:00,81640,2025-01-03 09:00:00,BUY,2659.71,2652.6085714285714,2652.6085714285714,2673.912857142857,0.1,-71.71428571428642,-710.1428571428642,-1.0,SL,2025Q1,2025,0
2368,81648,2025-01-03 13:00:00,81652,2025-01-03 15:00:00,BUY,2657.74,2650.21,2650.21,2672.7999999999993,0.1,-75.99999999999746,-752.9999999999745,-1.0,SL,2025Q1,2025,4
2369,81674,2025-01-06 03:00:00,81680,2025-01-06 06:00:00,BUY,2643.34,2637.8157142857144,2637.8157142857144,2654.3885714285716,0.1,-55.94285714285725,-552.4285714285725,-1.0,SL,2025Q1,2025,6
2370,81696,2025-01-06 14:00:00,81699,2025-01-06 15:30:00,BUY,2645.76,2636.6457142857143,2636.6457142857143,2663.9885714285715,0.1,-91.8428571428587,-911.428571428587,-1.0,SL,2025Q1,2025,3
2371,81700,2025-01-06 16:00:00,81702,2025-01-06 17:00:00,SELL,2624.02,2636.832857142857,2636.832857142857,2598.3942857142856,0.1,-128.82857142856955,-1281.2857142856956,-1.0,SL,2025Q1,2025,2
2372,81704,2025-01-06 18:00:00,81742,2025-01-07 14:00:00,SELL,2634.21,2650.7542857142857,2650.7542857142857,2601.1214285714286,0.1,-166.14285714285705,-1654.4285714285706,-1.0,SL,2025Q1,2025,38
2373,81751,2025-01-07 18:30:00,81836,2025-01-09 15:00:00,BUY,2650.81,2675.932857142857,2638.2485714285717,2675.932857142857,0.1,250.52857142856902,2512.28571428569,1.9833748020810127,TP,2025Q1,2025,85
2374,81840,2025-01-09 17:00:00,81844,2025-01-09 19:00:00,BUY,2672.65,2663.3142857142857,2663.3142857142857,2691.321428571429,0.1,-94.05714285714403,-933.5714285714403,-1.0,SL,2025Q1,2025,4
2375,81847,2025-01-09 20:30:00,81885,2025-01-10 16:30:00,BUY,2670.21,2690.718571428572,2659.9557142857143,2690.718571428572,0.1,204.38571428571942,2050.857142857194,1.9796596097966404,TP,2025Q1,2025,38
2376,81895,2025-01-10 21:30:00,81926,2025-01-13 14:00:00,BUY,2686.92,2670.5485714285714,2670.5485714285714,2719.6628571428573,0.1,-164.41428571428622,-1637.1428571428623,-1.0,SL,2025Q1,2025,31
2377,81960,2025-01-14 08:00:00,81987,2025-01-14 21:30:00,SELL,2668.52,2675.2042857142856,2675.2042857142856,2655.1514285714284,0.1,-67.5428571428558,-668.4285714285579,-1.0,SL,2025Q1,2025,27
2378,81996,2025-01-15 03:00:00,82005,2025-01-15 07:30:00,SELL,2672.58,2678.1814285714286,2678.1814285714286,2661.377142857143,0.1,-56.71428571428642,-560.1428571428642,-1.0,SL,2025Q1,2025,9
2379,82022,2025-01-15 16:00:00,82022,2025-01-15 16:00:00,BUY,2693.93,2686.238571428571,2686.238571428571,2709.312857142857,0.1,-77.61428571428787,-769.1428571428787,-1.0,SL,2025Q1,2025,0
2380,82023,2025-01-15 16:30:00,82023,2025-01-15 16:30:00,BUY,2689.83,2681.075714285714,2681.075714285714,2707.3385714285714,0.1,-88.24285714285743,-875.4285714285743,-1.0,SL,2025Q1,2025,0
2381,82028,2025-01-15 19:00:00,82067,2025-01-16 15:30:00,BUY,2689.46,2713.5228571428574,2677.4285714285716,2713.5228571428574,0.1,239.92857142857412,2406.285714285741,1.9826466768976883,TP,2025Q1,2025,39
2382,82068,2025-01-16 16:00:00,82105,2025-01-17 11:30:00,BUY,2715.41,2704.742857142857,2704.742857142857,2736.7442857142855,0.1,-107.37142857143063,-1066.7142857143062,-1.0,SL,2025Q1,2025,37
2383,82111,2025-01-17 14:30:00,82115,2025-01-17 16:30:00,BUY,2709.97,2702.9571428571426,2702.9571428571426,2723.9957142857143,0.1,-70.82857142857229,-701.2857142857229,-1.0,SL,2025Q1,2025,4
2384,82116,2025-01-17 17:00:00,82125,2025-01-17 21:30:00,BUY,2711.62,2703.0,2703.0,2728.86,0.1,-86.89999999999891,-861.9999999999891,-1.0,SL,2025Q1,2025,9
2385,82139,2025-01-20 05:30:00,82176,2025-01-21 03:30:00,BUY,2701.02,2717.994285714286,2692.532857142857,2717.994285714286,0.1,169.04285714286,1697.4285714285998,1.9754590984975489,TP,2025Q1,2025,37
2386,82177,2025-01-21 04:00:00,82202,2025-01-21 16:30:00,BUY,2718.07,2737.6757142857145,2708.267142857143,2737.6757142857145,0.1,195.35714285714386,1960.5714285714384,1.978729561568514,TP,2025Q1,2025,25
2387,82234,2025-01-22 09:30:00,82283,2025-01-23 11:00:00,BUY,2751.19,2743.1828571428573,2743.1828571428573,2767.204285714286,0.1,-80.77142857142753,-800.7142857142753,-1.0,SL,2025Q1,2025,49
2388,82288,2025-01-23 13:30:00,82289,2025-01-23 14:00:00,BUY,2754.23,2746.91,2746.91,2768.87,0.1,-73.90000000000164,-732.0000000000164,-1.0,SL,2025Q1,2025,1
2389,82298,2025-01-23 18:30:00,82316,2025-01-24 04:30:00,BUY,2751.02,2774.1514285714284,2739.4542857142856,2774.1514285714284,0.1,230.61428571428388,2313.1428571428387,1.9819521178636812,TP,2025Q1,2025,18
2390,82341,2025-01-24 17:00:00,82355,2025-01-27 01:00:00,BUY,2778.39,2768.677142857143,2768.677142857143,2797.815714285714,0.1,-97.82857142857047,-971.2857142857047,-1.0,SL,2025Q1,2025,14
2391,82376,2025-01-27 11:30:00,82384,2025-01-27 15:30:00,BUY,2762.41,2752.682857142857,2752.682857142857,2781.8642857142854,0.1,-97.97142857143008,-972.7142857143008,-1.0,SL,2025Q1,2025,8
2392,82403,2025-01-28 02:00:00,82431,2025-01-28 16:00:00,SELL,2741.57,2750.224285714286,2750.224285714286,2724.261428571429,0.1,-87.24285714285834,-865.4285714285834,-1.0,SL,2025Q1,2025,28
2393,82459,2025-01-29 07:00:00,82463,2025-01-29 09:00:00,BUY,2762.44,2758.9557142857147,2758.9557142857147,2769.408571428571,0.1,-35.542857142853066,-348.42857142853063,-1.0,SL,2025Q1,2025,4
2394,82466,2025-01-29 10:30:00,82469,2025-01-29 12:00:00,BUY,2764.72,2759.9642857142853,2759.9642857142853,2774.2314285714283,0.1,-48.25714285714476,-475.57142857144754,-1.0,SL,2025Q1,2025,3
2395,82489,2025-01-29 22:00:00,82515,2025-01-30 12:00:00,BUY,2755.32,2778.3771428571436,2743.7914285714287,2778.3771428571436,0.1,229.8714285714339,2305.714285714339,1.981894321960872,TP,2025Q1,2025,26
2396,82554,2025-01-31 08:30:00,82565,2025-01-31 14:00:00,BUY,2794.7,2805.051428571428,2789.5242857142857,2805.051428571428,0.1,102.81428571428187,1035.1428571428187,1.9599673202614363,TP,2025Q1,2025,11
2397,82577,2025-01-31 20:00:00,82578,2025-01-31 20:30:00,BUY,2808.79,2797.887142857143,2797.887142857143,2830.5957142857146,0.1,-109.72857142857102,-1090.2857142857101,-1.0,SL,2025Q1,2025,1
2398,82600,2025-02-03 08:30:00,82615,2025-02-03 16:00:00,BUY,2787.25,2811.9128571428573,2774.9185714285713,2811.9128571428573,0.1,245.9285714285732,2466.285714285732,1.9830664669968898,TP,2025Q1,2025,15
2399,82631,2025-02-04 01:00:00,82662,2025-02-04 16:30:00,BUY,2814.04,2839.005714285714,2801.557142857143,2839.005714285714,0.1,248.95714285714058,2496.5714285714057,1.9832707408671901,TP,2025Q1,2025,31
2400,82684,2025-02-05 04:30:00,82695,2025-02-05 10:00:00,BUY,2851.12,2865.9028571428566,2843.7285714285713,2865.9028571428566,0.1,147.12857142856757,1478.2857142856756,1.971855255600169,TP,2025Q1,2025,11
2401,82708,2025-02-05 16:30:00,82740,2025-02-06 09:30:00,BUY,2865.05,2855.0957142857146,2855.0957142857146,2884.9585714285718,0.1,-100.24285714285561,-995.4285714285561,-1.0,SL,2025Q1,2025,32
2402,82749,2025-02-06 14:00:00,82753,2025-02-06 16:00:00,BUY,2866.0,2854.9914285714285,2854.9914285714285,2888.0171428571425,0.1,-110.78571428571486,-1100.8571428571486,-1.0,SL,2025Q1,2025,4
2403,82767,2025-02-06 23:00:00,82801,2025-02-07 17:00:00,BUY,2856.63,2880.11,2844.8900000000003,2880.11,0.1,234.1000000000002,2348.000000000002,1.9822184589331457,TP,2025Q1,2025,34
2404,82816,2025-02-10 01:30:00,82832,2025-02-10 09:30:00,BUY,2869.5,2895.805714285714,2856.347142857143,2895.805714285714,0.1,262.35714285714204,2630.5714285714203,1.9841184096802076,TP,2025Q1,2025,16
2405,82853,2025-02-10 20:00:00,82865,2025-02-11 03:00:00,BUY,2903.43,2928.9157142857143,2890.6871428571426,2928.9157142857143,0.1,254.15714285714495,2548.5714285714494,1.983610212955737,TP,2025Q1,2025,12
2406,82870,2025-02-11 05:30:00,82881,2025-02-11 11:00:00,BUY,2922.5,2905.477142857143,2905.477142857143,2956.5457142857144,0.1,-170.9285714285699,-1702.2857142856992,-1.0,SL,2025Q1,2025,11
2407,82895,2025-02-11 18:00:00,82912,2025-02-12 03:30:00,BUY,2904.88,2889.151428571429,2889.151428571429,2936.337142857143,0.1,-157.98571428571285,-1572.8571428571286,-1.0,SL,2025Q1,2025,17
2408,82924,2025-02-12 09:30:00,82930,2025-02-12 12:30:00,BUY,2894.76,2883.3685714285716,2883.3685714285716,2917.542857142857,0.1,-114.61428571428605,-1139.1428571428605,-1.0,SL,2025Q1,2025,6
2409,82949,2025-02-12 22:00:00,82999,2025-02-14 01:00:00,BUY,2898.02,2931.0800000000004,2881.49,2931.0800000000004,0.1,329.900000000004,3306.00000000004,1.9873493975903618,TP,2025Q1,2025,50
2410,83010,2025-02-14 06:30:00,83022,2025-02-14 12:30:00,BUY,2926.27,2939.764285714286,2919.522857142857,2939.764285714286,0.1,134.2428571428598,1349.428571428598,1.9691953059513838,TP,2025Q1,2025,12
2411,83059,2025-02-17 08:00:00,83094,2025-02-18 05:00:00,SELL,2896.24,2908.5514285714285,2908.5514285714285,2871.617142857143,0.1,-123.81428571428678,-1231.1428571428678,-1.0,SL,2025Q1,2025,35
2412,83111,2025-02-18 13:30:00,83117,2025-02-18 16:30:00,BUY,2911.37,2926.5271428571427,2903.7914285714287,2926.5271428571427,0.1,150.87142857142845,1515.7142857142844,1.9725438924169432,TP,2025Q1,2025,6
2413,83137,2025-02-19 03:30:00,83139,2025-02-19 04:30:00,BUY,2931.62,2925.6242857142856,2925.6242857142856,2943.611428571429,0.1,-60.657142857142574,-599.5714285714257,-1.0,SL,2025Q1,2025,2
2414,83146,2025-02-19 08:00:00,83166,2025-02-19 18:00:00,BUY,2932.98,2924.4714285714285,2924.4714285714285,2949.997142857143,0.1,-85.78571428571486,-850.8571428571486,-1.0,SL,2025Q1,2025,20
2415,83174,2025-02-19 22:00:00,83242,2025-02-21 10:00:00,BUY,2931.88,2917.1485714285714,2917.1485714285714,2961.3428571428576,0.1,-148.0142857142875,-1473.142857142875,-1.0,SL,2025Q1,2025,68
2416,83248,2025-02-21 13:00:00,83296,2025-02-24 14:00:00,BUY,2930.72,2950.4314285714286,2920.8642857142854,2950.4314285714286,0.1,196.4142857142877,1971.142857142877,1.9788428324697758,TP,2025Q1,2025,48
2417,83306,2025-02-24 19:00:00,83334,2025-02-25 10:00:00,BUY,2943.61,2930.4514285714286,2930.4514285714286,2969.9271428571433,0.1,-132.28571428571576,-1315.8571428571577,-1.0,SL,2025Q1,2025,28
2418,83336,2025-02-25 11:00:00,83343,2025-02-25 14:30:00,BUY,2941.67,2931.847142857143,2931.847142857143,2961.3157142857144,0.1,-98.92857142857174,-982.2857142857174,-1.0,SL,2025Q1,2025,7
2419,83346,2025-02-25 16:00:00,83348,2025-02-25 17:00:00,BUY,2937.58,2925.7785714285715,2925.7785714285715,2961.182857142857,0.1,-118.7142857142846,-1180.142857142846,-1.0,SL,2025Q1,2025,2
2420,83349,2025-02-25 17:30:00,83364,2025-02-26 02:00:00,SELL,2910.2,2925.4771428571426,2925.4771428571426,2879.6457142857143,0.1,-153.47142857142734,-1527.7142857142735,-1.0,SL,2025Q1,2025,15
2421,83368,2025-02-26 04:00:00,83392,2025-02-26 16:00:00,SELL,2917.53,2895.8328571428574,2928.378571428572,2895.8328571428574,0.1,216.2714285714281,2169.714285714281,1.9807667146408066,TP,2025Q1,2025,24
2422,83397,2025-02-26 18:30:00,83426,2025-02-27 10:00:00,SELL,2910.81,2883.57,2924.43,2883.57,0.1,271.69999999999783,2723.999999999978,1.9846603360116875,TP,2025Q1,2025,29
2423,83440,2025-02-27 17:00:00,83485,2025-02-28 16:30:00,SELL,2872.0,2837.8771428571426,2889.0614285714287,2837.8771428571426,0.1,340.52857142857357,3412.2857142857356,1.9877418278852572,TP,2025Q1,2025,45
2424,83517,2025-03-03 09:30:00,83520,2025-03-03 11:00:00,SELL,2861.36,2870.0400000000004,2870.0400000000004,2844.0,0.1,-87.50000000000291,-868.0000000000291,-1.0,SL,2025Q1,2025,3
2425,83542,2025-03-03 22:00:00,83544,2025-03-03 23:00:00,SELL,2881.43,2894.36,2894.36,2855.5699999999997,0.1,-130.0000000000029,-1293.000000000029,-1.0,SL,2025Q1,2025,2
2426,83552,2025-03-04 04:00:00,83564,2025-03-04 10:00:00,BUY,2888.5,2909.6685714285713,2877.9157142857143,2909.6685714285713,0.1,210.9857142857134,2116.857142857134,1.9802896218825423,TP,2025Q1,2025,12
2427,83582,2025-03-04 19:00:00,83621,2025-03-05 15:30:00,BUY,2915.34,2900.8185714285714,2900.8185714285714,2944.382857142857,0.1,-145.91428571428713,-1452.1428571428714,-1.0,SL,2025Q1,2025,39
2428,83625,2025-03-05 17:30:00,83657,2025-03-06 10:30:00,BUY,2918.26,2902.497142857143,2902.497142857143,2949.7857142857147,0.1,-158.32857142857227,-1576.2857142857229,-1.0,SL,2025Q1,2025,32
2429,83669,2025-03-06 16:30:00,83757,2025-03-10 13:30:00,BUY,2908.95,2895.5314285714285,2895.5314285714285,2935.7871428571425,0.1,-134.8857142857134,-1341.857142857134,-1.0,SL,2025Q1,2025,88
2430,83761,2025-03-10 15:30:00,83805,2025-03-11 14:30:00,SELL,2901.46,2916.115714285714,2916.115714285714,2872.1485714285714,0.1,-147.2571428571411,-1465.5714285714112,-1.0,SL,2025Q1,2025,44
2431,83824,2025-03-12 01:00:00,83840,2025-03-12 09:00:00,BUY,2917.65,2910.305714285714,2910.305714285714,2932.3385714285714,0.1,-74.14285714285889,-734.4285714285888,-1.0,SL,2025Q1,2025,16
2432,83843,2025-03-12 10:30:00,83852,2025-03-12 15:00:00,BUY,2917.37,2909.782857142857,2909.782857142857,2932.5442857142857,0.1,-76.57142857142681,-758.714285714268,-1.0,SL,2025Q1,2025,9
2433,83854,2025-03-12 16:00:00,83859,2025-03-12 18:30:00,BUY,2915.67,2938.1928571428575,2904.408571428571,2938.1928571428575,0.1,224.52857142857448,2252.2857142857447,1.9814674735249227,TP,2025Q1,2025,5
2434,83889,2025-03-13 10:30:00,83901,2025-03-13 16:30:00,BUY,2942.01,2958.098571428571,2933.9657142857145,2958.098571428571,0.1,160.1857142857096,1608.8571428570958,1.9741197183098032,TP,2025Q1,2025,12
2435,83930,2025-03-14 08:00:00,83938,2025-03-14 12:00:00,BUY,2986.53,3004.3328571428574,2977.628571428572,3004.3328571428574,0.1,177.32857142857193,1780.2857142857192,1.9765923566879484,TP,2025Q1,2025,8
2436,83941,2025-03-14 13:30:00,83945,2025-03-14 15:30:00,BUY,2996.77,2984.577142857143,2984.577142857143,3021.155714285714,0.1,-122.62857142857065,-1219.2857142857065,-1.0,SL,2025Q1,2025,4
2437,83952,2025-03-14 19:00:00,84026,2025-03-18 10:00:00,BUY,2989.85,3019.0128571428572,2975.2685714285712,3019.0128571428572,0.1,290.9285714285732,2916.285714285732,1.9856669266770675,TP,2025Q1,2025,74
2438,84057,2025-03-19 02:30:00,84058,2025-03-19 03:00:00,BUY,3033.76,3028.4300000000003,3028.4300000000003,3044.42,0.1,-53.999999999999275,-532.9999999999927,-1.0,SL,2025Q1,2025,1
2439,84062,2025-03-19 05:00:00,84067,2025-03-19 07:30:00,BUY,3033.48,3044.385714285714,3028.027142857143,3044.385714285714,0.1,108.35714285714111,1090.5714285714112,1.9619762027936651,TP,2025Q1,2025,5
2440,84070,2025-03-19 09:00:00,84072,2025-03-19 10:00:00,BUY,3042.2,3032.845714285714,3032.845714285714,3060.908571428571,0.1,-94.24285714285652,-935.4285714285652,-1.0,SL,2025Q1,2025,2
2441,84077,2025-03-19 12:30:00,84159,2025-03-21 07:30:00,BUY,3035.64,3023.4885714285715,3023.4885714285715,3059.942857142857,0.1,-122.21428571428369,-1215.1428571428369,-1.0,SL,2025Q1,2025,82
2442,84172,2025-03-21 14:00:00,84175,2025-03-21 15:30:00,BUY,3034.52,3024.5014285714287,3024.5014285714287,3054.557142857143,0.1,-100.8857142857125,-1001.8571428571249,-1.0,SL,2025Q1,2025,3
2443,84187,2025-03-21 21:30:00,84268,2025-03-25 16:00:00,SELL,3020.47,3034.8214285714284,3034.8214285714284,2991.7671428571425,0.1,-144.2142857142864,-1435.1428571428642,-1.0,SL,2025Q1,2025,81
2444,84275,2025-03-25 19:30:00,84302,2025-03-26 10:00:00,SELL,3021.23,3032.1414285714286,3032.1414285714286,2999.407142857143,0.1,-109.81428571428587,-1091.1428571428587,-1.0,SL,2025Q1,2025,27
2445,84307,2025-03-26 12:30:00,84314,2025-03-26 16:00:00,BUY,3022.85,3014.8785714285714,3014.8785714285714,3038.792857142857,0.1,-80.41428571428533,-797.1428571428532,-1.0,SL,2025Q1,2025,7
2446,84324,2025-03-26 21:00:00,84334,2025-03-27 03:00:00,SELL,3018.13,3027.4157142857143,3027.4157142857143,2999.558571428571,0.1,-93.55714285714221,-928.5714285714221,-1.0,SL,2025Q1,2025,10
2447,84347,2025-03-27 09:30:00,84352,2025-03-27 12:00:00,BUY,3031.39,3049.4814285714283,3022.344285714286,3049.4814285714283,0.1,180.21428571428424,1809.1428571428423,1.9769628584861798,TP,2025Q1,2025,5
2448,84360,2025-03-27 16:00:00,84381,2025-03-28 03:30:00,BUY,3040.91,3068.184285714286,3027.2728571428565,3068.184285714286,0.1,272.0428571428618,2727.428571428618,1.984679520583605,TP,2025Q1,2025,21
2449,84396,2025-03-28 11:00:00,84420,2025-03-31 01:00:00,BUY,3073.0,3096.0,3061.5,3096.0,0.1,229.3,2300.0,1.9818496110630943,TP,2025Q1,2025,24
2450,84427,2025-03-31 04:30:00,84433,2025-03-31 07:30:00,BUY,3091.8,3113.5228571428574,3080.938571428572,3113.5228571428574,0.1,216.52857142857266,2172.2857142857265,1.980789336121317,TP,2025Q1,2025,6
2451,84454,2025-03-31 18:00:00,84502,2025-04-01 19:00:00,BUY,3123.33,3107.665714285714,3107.665714285714,3154.6585714285716,0.1,-157.3428571428605,-1566.4285714286052,-1.0,SL,2025Q1,2025,48
2452,84517,2025-04-02 03:30:00,84527,2025-04-02 08:30:00,BUY,3121.72,3111.8599999999997,3111.8599999999997,3141.4399999999996,0.1,-99.30000000000128,-986.0000000000127,-1.0,SL,2025Q2,2025,10
2453,84532,2025-04-02 11:00:00,84537,2025-04-02 13:30:00,BUY,3125.38,3112.2185714285715,3112.2185714285715,3151.7028571428573,0.1,-132.31428571428586,-1316.1428571428587,-1.0,SL,2025Q2,2025,5
2454,84541,2025-04-02 15:30:00,84556,2025-04-02 23:00:00,BUY,3126.11,3111.3714285714286,3111.3714285714286,3155.587142857143,0.1,-148.08571428571503,-1473.8571428571504,-1.0,SL,2025Q2,2025,15
2455,84557,2025-04-02 23:30:00,84582,2025-04-03 13:00:00,BUY,3134.11,3115.9985714285717,3115.9985714285717,3170.332857142857,0.1,-181.81428571428404,-1811.1428571428405,-1.0,SL,2025Q2,2025,25
2456,84593,2025-04-03 18:30:00,84637,2025-04-04 17:30:00,SELL,3106.17,3032.2614285714285,3143.124285714286,3032.2614285714285,0.1,738.3857142857157,7390.857142857158,1.994328047227676,TP,2025Q2,2025,44
2457,84662,2025-04-07 07:00:00,84770,2025-04-09 15:00:00,SELL,3018.82,3068.667142857143,3068.667142857143,2919.125714285715,0.1,-499.171428571429,-4984.71428571429,-1.0,SL,2025Q2,2025,108
2458,84783,2025-04-09 21:30:00,84818,2025-04-10 16:00:00,BUY,3064.15,3134.27,3029.09,3134.27,0.1,700.4999999999989,7011.999999999989,1.9940222032450896,TP,2025Q2,2025,35
2459,84821,2025-04-10 17:30:00,84838,2025-04-11 03:00:00,BUY,3144.55,3192.2100000000005,3120.7200000000003,3192.2100000000005,0.1,475.9000000000031,4766.000000000031,1.9912133891213581,TP,2025Q2,2025,17
2460,84851,2025-04-11 09:30:00,84971,2025-04-15 23:30:00,BUY,3202.9,3229.26,3177.281428571429,3254.137142857143,0.1,262.9000000000013,2636.0000000000127,1.0234123011900949,TIME_EXIT,2025Q2,2025,120
2461,85027,2025-04-17 05:30:00,85036,2025-04-17 10:00:00,BUY,3337.34,3318.8742857142856,3318.8742857142856,3374.2714285714287,0.1,-185.3571428571451,-1846.5714285714512,-1.0,SL,2025Q2,2025,9
2462,85056,2025-04-17 20:00:00,85069,2025-04-21 03:30:00,BUY,3316.39,3364.4842857142858,3292.342857142857,3364.4842857142858,0.1,480.2428571428589,4809.428571428589,1.9912925008885394,TP,2025Q2,2025,13
2463,85104,2025-04-21 21:00:00,85119,2025-04-22 05:30:00,BUY,3422.61,3471.55,3398.14,3471.55,0.1,488.70000000000056,4894.0000000000055,1.9914425427872677,TP,2025Q2,2025,15
2464,85130,2025-04-22 11:00:00,85139,2025-04-22 15:30:00,BUY,3468.83,3437.5057142857145,3437.5057142857145,3531.4785714285713,0.1,-313.9428571428545,-3132.428571428545,-1.0,SL,2025Q2,2025,9
2465,85164,2025-04-23 05:00:00,85166,2025-04-23 06:00:00,BUY,3379.33,3339.5614285714287,3339.5614285714287,3458.867142857143,0.1,-398.3857142857125,-3976.857142857125,-1.0,SL,2025Q2,2025,2
2466,85180,2025-04-23 13:00:00,85208,2025-04-24 04:00:00,SELL,3317.45,3350.398571428571,3350.398571428571,3251.552857142857,0.1,-330.18571428571084,-3294.8571428571086,-1.0,SL,2025Q2,2025,28
2467,85218,2025-04-24 09:00:00,85247,2025-04-24 23:30:00,SELL,3323.57,3349.761428571429,3349.761428571429,3271.187142857143,0.1,-262.61428571428786,-2619.1428571428787,-1.0,SL,2025Q2,2025,29
2468,85256,2025-04-25 05:00:00,85263,2025-04-25 08:30:00,SELL,3345.58,3305.802857142857,3365.4685714285715,3305.802857142857,0.1,397.07142857142736,3977.7142857142735,1.9894782048528872,TP,2025Q2,2025,7
2469,85290,2025-04-25 22:00:00,85291,2025-04-25 22:30:00,SELL,3288.41,3310.1099999999997,3310.1099999999997,3245.01,0.1,-217.69999999999817,-2169.999999999982,-1.0,SL,2025Q2,2025,1
2470,85301,2025-04-28 04:30:00,85326,2025-04-28 17:00:00,SELL,3290.94,3314.7971428571427,3314.7971428571427,3243.2257142857143,0.1,-239.2714285714266,-2385.714285714266,-1.0,SL,2025Q2,2025,25
2471,85360,2025-04-29 11:00:00,85368,2025-04-29 15:00:00,BUY,3323.31,3303.2214285714285,3303.2214285714285,3363.4871428571428,0.1,-201.58571428571412,-2008.8571428571413,-1.0,SL,2025Q2,2025,8
2472,85371,2025-04-29 16:30:00,85371,2025-04-29 16:30:00,BUY,3317.43,3301.022857142857,3301.022857142857,3350.244285714286,0.1,-164.77142857142843,-1640.7142857142844,-1.0,SL,2025Q2,2025,0
2473,85373,2025-04-29 17:30:00,85406,2025-04-30 11:00:00,BUY,3315.32,3295.7714285714287,3295.7714285714287,3354.417142857143,0.1,-196.18571428571448,-1954.857142857145,-1.0,SL,2025Q2,2025,33
2474,85407,2025-04-30 11:30:00,85415,2025-04-30 15:30:00,SELL,3285.51,3302.7557142857145,3302.7557142857145,3251.0185714285712,0.1,-173.15714285714256,-1724.5714285714257,-1.0,SL,2025Q2,2025,8
2475,85427,2025-04-30 21:30:00,85436,2025-05-01 03:00:00,SELL,3301.29,3249.881428571429,3326.9942857142855,3249.881428571429,0.1,513.3857142857112,5140.857142857112,1.9918523445294312,TP,2025Q2,2025,9
2476,85463,2025-05-01 16:30:00,85486,2025-05-02 05:00:00,SELL,3227.16,3246.9842857142858,3246.9842857142858,3187.511428571428,0.1,-198.94285714285905,-1982.4285714285907,-1.0,SL,2025Q2,2025,23
2477,85508,2025-05-02 16:00:00,85530,2025-05-05 04:00:00,SELL,3250.24,3266.5571428571425,3266.5571428571425,3217.605714285714,0.1,-163.87142857142697,-1631.7142857142699,-1.0,SL,2025Q2,2025,22
2478,85620,2025-05-07 03:00:00,85621,2025-05-07 03:30:00,BUY,3400.89,3373.7571428571428,3373.7571428571428,3455.155714285714,0.1,-272.0285714285712,-2713.285714285712,-1.0,SL,2025Q2,2025,1
2479,85632,2025-05-07 09:00:00,85677,2025-05-08 08:30:00,BUY,3388.19,3357.1857142857143,3357.1857142857143,3450.1985714285715,0.1,-310.7428571428574,-3100.4285714285743,-1.0,SL,2025Q2,2025,45
2480,85692,2025-05-08 16:00:00,85697,2025-05-08 18:30:00,BUY,3356.29,3333.465714285714,3333.465714285714,3401.9385714285713,0.1,-228.94285714285905,-2282.4285714285907,-1.0,SL,2025Q2,2025,5
2481,85698,2025-05-08 19:00:00,85716,2025-05-09 05:00:00,SELL,3329.93,3282.967142857143,3353.4114285714286,3282.967142857143,0.1,468.9285714285705,4696.285714285705,1.9910833434429023,TP,2025Q2,2025,18
2482,85720,2025-05-09 07:00:00,85734,2025-05-09 14:00:00,SELL,3307.98,3333.5214285714287,3333.5214285714287,3256.8971428571426,0.1,-256.11428571428695,-2554.1428571428696,-1.0,SL,2025Q2,2025,14
2483,85751,2025-05-09 22:30:00,85754,2025-05-12 01:00:00,SELL,3329.71,3298.1785714285716,3345.4757142857143,3298.1785714285716,0.1,314.6142857142848,3153.142857142848,1.9867388362652234,TP,2025Q2,2025,3
2484,85786,2025-05-12 17:00:00,85876,2025-05-14 16:00:00,SELL,3240.46,3175.48,3272.95,3175.48,0.1,649.1000000000001,6498.000000000002,1.9935503685503824,TP,2025Q2,2025,90
2485,85899,2025-05-15 04:30:00,85901,2025-05-15 05:30:00,SELL,3186.5,3161.2085714285713,3199.1457142857143,3161.2085714285713,0.1,252.21428571428697,2529.1428571428696,1.9834850016852041,TP,2025Q2,2025,2
2486,85945,2025-05-16 04:30:00,85963,2025-05-16 13:30:00,SELL,3223.4,3187.1200000000003,3241.54,3187.1200000000003,0.1,362.09999999999746,3627.9999999999745,1.9884678747940694,TP,2025Q2,2025,18
2487,85977,2025-05-16 20:30:00,85984,2025-05-19 01:00:00,SELL,3184.5,3212.9914285714285,3212.9914285714285,3127.5171428571425,0.1,-285.61428571428513,-2849.1428571428514,-1.0,SL,2025Q2,2025,7
2488,85993,2025-05-19 05:30:00,86062,2025-05-20 17:00:00,BUY,3225.52,3277.1371428571424,3199.7114285714288,3277.1371428571424,0.1,515.4714285714242,5161.714285714243,1.9918851780292575,TP,2025Q2,2025,69
2489,86109,2025-05-21 17:30:00,86131,2025-05-22 05:30:00,BUY,3306.44,3344.414285714285,3287.4528571428573,3344.414285714285,0.1,379.0428571428509,3797.428571428509,1.9889805097451037,TP,2025Q2,2025,22
2490,86139,2025-05-22 09:30:00,86143,2025-05-22 11:30:00,BUY,3331.91,3317.1842857142856,3317.1842857142856,3361.3614285714284,0.1,-147.95714285714274,-1472.5714285714275,-1.0,SL,2025Q2,2025,4
2491,86171,2025-05-23 02:30:00,86173,2025-05-23 03:30:00,BUY,3299.36,3287.524285714286,3287.524285714286,3323.0314285714285,0.1,-119.05714285713948,-1183.5714285713948,-1.0,SL,2025Q2,2025,2
2492,86174,2025-05-23 04:00:00,86184,2025-05-23 09:00:00,BUY,3301.06,3329.1828571428573,3286.9985714285713,3329.1828571428573,0.1,280.52857142857357,2812.2857142857356,1.9851395066720585,TP,2025Q2,2025,10
2493,86223,2025-05-26 05:30:00,86233,2025-05-26 10:30:00,BUY,3348.14,3332.2957142857144,3332.2957142857144,3379.828571428571,0.1,-159.14285714285433,-1584.4285714285434,-1.0,SL,2025Q2,2025,10
2494,86245,2025-05-26 16:30:00,86270,2025-05-27 08:30:00,BUY,3338.13,3325.6642857142856,3325.6642857142856,3363.0614285714287,0.1,-125.35714285714512,-1246.5714285714512,-1.0,SL,2025Q2,2025,25
2495,86288,2025-05-27 17:30:00,86320,2025-05-28 10:30:00,SELL,3296.07,3316.261428571429,3316.261428571429,3255.687142857143,0.1,-202.61428571428786,-2019.1428571428787,-1.0,SL,2025Q2,2025,32
2496,86329,2025-05-28 15:00:00,86346,2025-05-28 23:30:00,SELL,3311.0,3281.4771428571426,3325.7614285714285,3281.4771428571426,0.1,294.5285714285745,2952.2857142857447,1.9858408784434907,TP,2025Q2,2025,17
2497,86360,2025-05-29 07:30:00,86372,2025-05-29 13:30:00,SELL,3274.79,3300.427142857143,3300.427142857143,3223.515714285714,0.1,-257.0714285714286,-2563.7142857142862,-1.0,SL,2025Q2,2025,12
2498,86397,2025-05-30 03:00:00,86401,2025-05-30 05:00:00,BUY,3315.67,3305.7757142857145,3305.7757142857145,3335.4585714285718,0.1,-99.64285714285616,-989.4285714285616,-1.0,SL,2025Q2,2025,4
2499,86419,2025-05-30 14:00:00,86440,2025-06-02 01:30:00,SELL,3295.12,3309.7214285714285,3309.7214285714285,3265.9171428571426,0.1,-146.7142857142864,-1460.1428571428642,-1.0,SL,2025Q2,2025,21
2500,86452,2025-06-02 07:30:00,86456,2025-06-02 09:30:00,BUY,3313.76,3343.36,3298.96,3343.36,0.1,295.2999999999991,2959.999999999991,1.9858776059179255,TP,2025Q2,2025,4
2501,86530,2025-06-03 23:30:00,86564,2025-06-04 17:30:00,BUY,3354.01,3377.2671428571434,3342.3814285714284,3377.2671428571434,0.1,231.8714285714321,2325.714285714321,1.9820490902429706,TP,2025Q2,2025,34
2502,86565,2025-06-04 18:00:00,86612,2025-06-05 18:30:00,BUY,3377.55,3358.918571428572,3358.918571428572,3414.8128571428574,0.1,-187.01428571428386,-1863.1428571428387,-1.0,SL,2025Q2,2025,47
2503,86627,2025-06-06 03:00:00,86652,2025-06-06 15:30:00,BUY,3361.91,3349.72,3349.72,3386.2899999999995,0.1,-122.60000000000055,-1219.0000000000055,-1.0,SL,2025Q2,2025,25
2504,86654,2025-06-06 16:30:00,86655,2025-06-06 17:00:00,SELL,3353.66,3322.0857142857144,3369.447142857143,3322.0857142857144,0.1,315.04285714285453,3157.428571428545,1.9867567567567284,TP,2025Q2,2025,1
2505,86694,2025-06-09 13:30:00,86703,2025-06-09 18:00:00,SELL,3316.72,3327.767142857143,3327.767142857143,3294.625714285714,0.1,-111.17142857143172,-1104.7142857143172,-1.0,SL,2025Q2,2025,9
2506,86713,2025-06-09 23:00:00,86741,2025-06-10 14:00:00,SELL,3327.13,3340.1042857142857,3340.1042857142857,3301.1814285714286,0.1,-130.44285714285542,-1297.4285714285543,-1.0,SL,2025Q2,2025,28
2507,86749,2025-06-10 18:00:00,86773,2025-06-11 07:00:00,SELL,3328.42,3342.865714285714,3342.865714285714,3299.5285714285715,0.1,-145.15714285714074,-1444.5714285714075,-1.0,SL,2025Q2,2025,24
2508,86779,2025-06-11 10:00:00,86799,2025-06-11 20:00:00,BUY,3337.41,3324.9942857142855,3324.9942857142855,3362.2414285714285,0.1,-124.8571428571433,-1241.571428571433,-1.0,SL,2025Q2,2025,20
2509,86802,2025-06-11 21:30:00,86836,2025-06-12 15:30:00,BUY,3345.77,3390.0842857142857,3323.612857142857,3390.0842857142857,0.1,442.4428571428569,4431.428571428569,1.9905520920367634,TP,2025Q2,2025,34
2510,86843,2025-06-12 19:00:00,86859,2025-06-13 04:00:00,BUY,3385.92,3426.9628571428575,3365.3985714285714,3426.9628571428575,0.1,409.7285714285743,4104.285714285743,1.9898015817954768,TP,2025Q2,2025,16
2511,86872,2025-06-13 10:30:00,86930,2025-06-16 16:30:00,BUY,3416.38,3392.9357142857143,3392.9357142857143,3463.2685714285712,0.1,-235.14285714285796,-2344.4285714285797,-1.0,SL,2025Q2,2025,58
2512,86948,2025-06-17 02:30:00,86954,2025-06-17 05:30:00,BUY,3398.94,3388.6114285714284,3388.6114285714284,3419.597142857143,0.1,-103.9857142857165,-1032.857142857165,-1.0,SL,2025Q2,2025,6
2513,86955,2025-06-17 06:00:00,87052,2025-06-19 08:30:00,SELL,3389.88,3362.0714285714284,3403.784285714286,3362.0714285714284,0.1,277.3857142857167,2780.8571428571668,1.9849723982825602,TP,2025Q2,2025,97
2514,87058,2025-06-19 11:30:00,87124,2025-06-23 01:00:00,SELL,3366.24,3382.108571428571,3382.108571428571,3334.502857142857,0.1,-159.38571428571157,-1586.8571428571158,-1.0,SL,2025Q2,2025,66
2515,87129,2025-06-23 03:30:00,87150,2025-06-23 14:00:00,SELL,3362.64,3376.7214285714285,3376.7214285714285,3334.477142857143,0.1,-141.5142857142866,-1408.142857142866,-1.0,SL,2025Q2,2025,21
2516,87153,2025-06-23 15:30:00,87155,2025-06-23 16:30:00,SELL,3362.47,3377.1371428571424,3377.1371428571424,3333.135714285714,0.1,-147.37142857142607,-1466.7142857142608,-1.0,SL,2025Q2,2025,2
2517,87164,2025-06-23 21:00:00,87170,2025-06-24 01:00:00,BUY,3382.6,3361.1485714285714,3361.1485714285714,3425.502857142857,0.1,-215.2142857142855,-2145.142857142855,-1.0,SL,2025Q2,2025,6
2518,87210,2025-06-24 21:00:00,87223,2025-06-25 04:30:00,SELL,3317.85,3334.6842857142856,3334.6842857142856,3284.1814285714286,0.1,-169.0428571428567,-1683.428571428567,-1.0,SL,2025Q2,2025,13
2519,87238,2025-06-25 12:00:00,87259,2025-06-25 22:30:00,SELL,3327.22,3336.0771428571425,3336.0771428571425,3309.505714285714,0.1,-89.27142857142663,-885.7142857142662,-1.0,SL,2025Q2,2025,21
2520,87269,2025-06-26 04:30:00,87271,2025-06-26 05:30:00,SELL,3331.74,3339.9971428571425,3339.9971428571425,3315.225714285714,0.1,-83.27142857142753,-825.7142857142753,-1.0,SL,2025Q2,2025,2
2521,87289,2025-06-26 14:30:00,87292,2025-06-26 16:00:00,SELL,3339.13,3319.418571428572,3348.9857142857145,3319.418571428572,0.1,196.41428571428315,1971.1428571428314,1.97884283246973,TP,2025Q2,2025,3
2522,87293,2025-06-26 16:30:00,87300,2025-06-26 20:00:00,SELL,3319.21,3333.89,3333.89,3289.8500000000004,0.1,-147.49999999999835,-1467.9999999999836,-1.0,SL,2025Q2,2025,7
2523,87305,2025-06-26 22:30:00,87319,2025-06-27 06:30:00,SELL,3330.87,3299.33,3346.64,3299.33,0.1,314.69999999999965,3153.9999999999964,1.9867424242424245,TP,2025Q2,2025,14
2524,87349,2025-06-27 21:30:00,87371,2025-06-30 09:30:00,SELL,3273.98,3292.4614285714283,3292.4614285714283,3237.017142857143,0.1,-185.51428571428295,-1848.1428571428296,-1.0,SL,2025Q2,2025,22
2525,87377,2025-06-30 12:30:00,87391,2025-06-30 19:30:00,SELL,3284.21,3295.0914285714284,3295.0914285714284,3262.447142857143,0.1,-109.51428571428387,-1088.1428571428387,-1.0,SL,2025Q2,2025,14
2526,87438,2025-07-01 20:00:00,87454,2025-07-02 05:00:00,BUY,3341.85,3328.5914285714284,3328.5914285714284,3368.367142857143,0.1,-133.28571428571485,-1325.8571428571486,-1.0,SL,2025Q3,2025,16
2527,87457,2025-07-02 06:30:00,87464,2025-07-02 10:00:00,BUY,3339.47,3329.075714285714,3329.075714285714,3360.258571428571,0.1,-104.64285714285616,-1039.4285714285616,-1.0,SL,2025Q3,2025,7
2528,87469,2025-07-02 12:30:00,87492,2025-07-03 01:00:00,BUY,3339.26,3361.4542857142856,3328.1628571428573,3361.4542857142856,0.1,221.24285714285344,2219.4285714285343,1.981194831776856,TP,2025Q3,2025,23
2529,87502,2025-07-03 06:00:00,87521,2025-07-03 15:30:00,BUY,3351.19,3341.365714285714,3341.365714285714,3370.8385714285714,0.1,-98.94285714285907,-982.4285714285907,-1.0,SL,2025Q3,2025,19
2530,87543,2025-07-04 03:30:00,87544,2025-07-04 04:00:00,SELL,3328.29,3334.38,3334.38,3316.1099999999997,0.1,-61.60000000000146,-609.0000000000146,-1.0,SL,2025Q3,2025,1
2531,87546,2025-07-04 05:00:00,87549,2025-07-04 06:30:00,SELL,3329.88,3336.36,3336.36,3316.92,0.1,-65.50000000000018,-648.0000000000018,-1.0,SL,2025Q3,2025,3
2532,87568,2025-07-04 16:00:00,87582,2025-07-07 04:00:00,SELL,3333.84,3315.962857142857,3342.7785714285715,3315.962857142857,0.1,178.071428571431,1787.7142857143099,1.976688867745055,TP,2025Q3,2025,14
2533,87633,2025-07-08 06:30:00,87654,2025-07-08 17:00:00,SELL,3331.54,3312.92,3340.85,3312.92,0.1,185.49999999999892,1861.999999999989,1.9776119402985073,TP,2025Q3,2025,21
2534,87655,2025-07-08 17:30:00,87714,2025-07-10 01:00:00,SELL,3304.87,3318.4514285714286,3318.4514285714286,3277.7071428571426,0.1,-136.5142857142866,-1358.142857142866,-1.0,SL,2025Q3,2025,59
2535,87726,2025-07-10 07:00:00,87728,2025-07-10 08:00:00,SELL,3315.56,3324.0642857142857,3324.0642857142857,3298.5514285714285,0.1,-85.74285714285743,-850.4285714285743,-1.0,SL,2025Q3,2025,2
2536,87736,2025-07-10 12:00:00,87741,2025-07-10 14:30:00,BUY,3328.82,3319.5585714285717,3319.5585714285717,3347.342857142857,0.1,-93.31428571428496,-926.1428571428496,-1.0,SL,2025Q3,2025,5
2537,87744,2025-07-10 16:00:00,87745,2025-07-10 16:30:00,BUY,3323.92,3312.6457142857143,3312.6457142857143,3346.468571428571,0.1,-113.44285714285725,-1127.4285714285725,-1.0,SL,2025Q3,2025,1
2538,87749,2025-07-10 18:30:00,87789,2025-07-11 15:30:00,BUY,3320.98,3350.194285714286,3306.3728571428574,3350.194285714286,0.1,291.4428571428578,2921.428571428578,1.985692038154596,TP,2025Q3,2025,40
2539,87800,2025-07-11 21:00:00,87882,2025-07-15 16:00:00,BUY,3353.5,3339.922857142857,3339.922857142857,3380.6542857142863,0.1,-136.47142857142916,-1357.7142857142917,-1.0,SL,2025Q3,2025,82
2540,87906,2025-07-16 05:00:00,87911,2025-07-16 07:30:00,SELL,3330.83,3338.425714285714,3338.425714285714,3315.638571428571,0.1,-76.65714285714166,-759.5714285714166,-1.0,SL,2025Q3,2025,5
2541,87924,2025-07-16 14:00:00,87931,2025-07-16 17:30:00,SELL,3334.85,3341.8514285714286,3341.8514285714286,3320.847142857143,0.1,-70.71428571428733,-700.1428571428733,-1.0,SL_AMBIGUOUS_PESSIMISTIC,2025Q3,2025,7
2542,87959,2025-07-17 08:30:00,87970,2025-07-17 14:00:00,SELL,3340.36,3323.1457142857143,3348.9671428571432,3323.1457142857143,0.1,171.4428571428578,1721.428571428578,1.9757984853473307,TP,2025Q3,2025,11
2543,87997,2025-07-18 04:30:00,87998,2025-07-18 05:00:00,SELL,3336.52,3342.72,3342.72,3324.12,0.1,-62.699999999998184,-619.9999999999818,-1.0,SL,2025Q3,2025,1
2544,88000,2025-07-18 06:00:00,88008,2025-07-18 10:00:00,SELL,3337.65,3345.2457142857147,3345.2457142857147,3322.4585714285713,0.1,-76.65714285714621,-759.5714285714621,-1.0,SL,2025Q3,2025,8
2545,88028,2025-07-18 20:00:00,88062,2025-07-21 14:00:00,BUY,3353.79,3372.2928571428574,3344.5385714285712,3372.2928571428574,0.1,184.32857142857466,1850.2857142857465,1.9774712643678165,TP,2025Q3,2025,34
2546,88087,2025-07-22 03:30:00,88089,2025-07-22 04:30:00,BUY,3395.09,3387.947142857143,3387.947142857143,3409.3757142857144,0.1,-72.12857142857338,-714.2857142857338,-1.0,SL,2025Q3,2025,2
2547,88094,2025-07-22 07:00:00,88100,2025-07-22 10:00:00,BUY,3392.53,3383.44,3383.44,3410.71,0.1,-91.60000000000146,-909.0000000000146,-1.0,SL,2025Q3,2025,6
2548,88110,2025-07-22 15:00:00,88111,2025-07-22 15:30:00,BUY,3391.47,3405.5528571428567,3384.4285714285716,3405.5528571428567,0.1,140.1285714285694,1408.2857142856938,1.970470068300585,TP,2025Q3,2025,1
2549,88139,2025-07-23 06:30:00,88143,2025-07-23 08:30:00,BUY,3428.15,3418.0485714285714,3418.0485714285714,3448.3528571428574,0.1,-101.71428571428642,-1010.1428571428642,-1.0,SL,2025Q3,2025,4
2550,88146,2025-07-23 10:00:00,88158,2025-07-23 16:00:00,BUY,3425.18,3414.2114285714283,3414.2114285714283,3447.117142857143,0.1,-110.38571428571522,-1096.8571428571522,-1.0,SL,2025Q3,2025,12
2551,88211,2025-07-24 19:30:00,88242,2025-07-25 12:00:00,SELL,3369.92,3344.214285714286,3382.772857142857,3344.214285714286,0.1,256.35714285714295,2570.5714285714294,1.983749723634791,TP,2025Q3,2025,31
2552,88264,2025-07-25 23:00:00,88297,2025-07-28 16:30:00,SELL,3337.52,3315.5514285714285,3348.5042857142857,3315.5514285714285,0.1,218.98571428571523,2196.857142857152,1.9810028431119153,TP,2025Q3,2025,33
2553,88318,2025-07-29 04:00:00,88319,2025-07-29 04:30:00,SELL,3311.45,3319.0771428571425,3319.0771428571425,3296.195714285714,0.1,-76.97142857142644,-762.7142857142644,-1.0,SL,2025Q3,2025,1
2554,88323,2025-07-29 06:30:00,88332,2025-07-29 11:00:00,SELL,3315.0,3323.56,3323.56,3297.88,0.1,-86.29999999999946,-855.9999999999945,-1.0,SL,2025Q3,2025,9
2555,88340,2025-07-29 15:00:00,88345,2025-07-29 17:30:00,SELL,3315.16,3325.8185714285714,3325.8185714285714,3293.842857142857,0.1,-107.28571428571577,-1065.8571428571577,-1.0,SL,2025Q3,2025,5
2556,88348,2025-07-29 19:00:00,88363,2025-07-30 03:30:00,SELL,3320.56,3333.505714285714,3333.505714285714,3294.668571428572,0.1,-130.15714285714074,-1294.5714285714075,-1.0,SL,2025Q3,2025,15
2557,88366,2025-07-30 05:00:00,88366,2025-07-30 05:00:00,SELL,3323.08,3330.3242857142855,3330.3242857142855,3308.591428571429,0.1,-73.14285714285525,-724.4285714285525,-1.0,SL,2025Q3,2025,0
2558,88372,2025-07-30 08:00:00,88388,2025-07-30 16:00:00,SELL,3327.05,3310.1557142857146,3335.497142857143,3310.1557142857146,0.1,168.24285714285617,1689.4285714285616,1.9753438443475344,TP,2025Q3,2025,16
2559,88389,2025-07-30 16:30:00,88400,2025-07-30 22:00:00,SELL,3304.9,3279.42,3317.64,3279.42,0.1,254.1000000000002,2548.000000000002,1.9836065573770847,TP,2025Q3,2025,11
2560,88430,2025-07-31 14:00:00,88433,2025-07-31 15:30:00,SELL,3296.13,3308.8,3308.8,3270.7900000000004,0.1,-127.40000000000073,-1267.0000000000073,-1.0,SL,2025Q3,2025,3
2561,88436,2025-07-31 17:00:00,88479,2025-08-01 15:30:00,SELL,3301.09,3315.035714285714,3315.035714285714,3273.198571428572,0.1,-140.15714285714074,-1394.5714285714075,-1.0,SL,2025Q3,2025,43
2562,88504,2025-08-04 05:00:00,88526,2025-08-04 16:00:00,BUY,3352.35,3375.3642857142854,3340.842857142857,3375.3642857142854,0.1,229.44285714285508,2301.4285714285506,1.9818608094768015,TP,2025Q3,2025,22
2563,88558,2025-08-05 09:00:00,88559,2025-08-05 09:30:00,BUY,3374.15,3367.02,3367.02,3388.4100000000003,0.1,-72.0000000000011,-713.0000000000109,-1.0,SL,2025Q3,2025,1
2564,88561,2025-08-05 10:30:00,88563,2025-08-05 11:30:00,BUY,3374.43,3366.202857142857,3366.202857142857,3390.8842857142854,0.1,-82.97142857143008,-822.7142857143008,-1.0,SL,2025Q3,2025,2
2565,88572,2025-08-05 16:00:00,88577,2025-08-05 18:30:00,BUY,3366.35,3389.358571428571,3354.845714285714,3389.358571428571,0.1,229.38571428571032,2300.857142857103,1.981856331769894,TP,2025Q3,2025,5
2566,88605,2025-08-06 09:30:00,88606,2025-08-06 10:00:00,BUY,3377.34,3369.2342857142858,3369.2342857142858,3393.5514285714285,0.1,-81.75714285714385,-810.5714285714384,-1.0,SL,2025Q3,2025,1
2567,88619,2025-08-06 16:30:00,88652,2025-08-07 10:00:00,BUY,3369.28,3392.0085714285715,3357.9157142857143,3392.0085714285715,0.1,226.58571428571287,2272.8571428571286,1.9816341829085062,TP,2025Q3,2025,33
2568,88661,2025-08-07 14:30:00,88742,2025-08-11 09:00:00,BUY,3382.15,3366.6400000000003,3366.6400000000003,3413.17,0.1,-155.79999999999762,-1550.9999999999764,-1.0,SL,2025Q3,2025,81
2569,88759,2025-08-11 17:30:00,88850,2025-08-13 17:00:00,SELL,3351.69,3369.462857142857,3369.462857142857,3316.144285714286,0.1,-178.4285714285699,-1777.2857142856992,-1.0,SL,2025Q3,2025,91
2570,88853,2025-08-13 18:30:00,88868,2025-08-14 03:00:00,SELL,3355.75,3367.8957142857143,3367.8957142857143,3331.4585714285713,0.1,-122.15714285714348,-1214.5714285714348,-1.0,SL,2025Q3,2025,15
2571,88882,2025-08-14 10:00:00,88883,2025-08-14 10:30:00,BUY,3362.17,3352.0200000000004,3352.0200000000004,3382.4699999999993,0.1,-102.19999999999636,-1014.9999999999636,-1.0,SL,2025Q3,2025,1
2572,88888,2025-08-14 13:00:00,88900,2025-08-14 19:00:00,SELL,3356.42,3330.374285714286,3369.442857142857,3330.374285714286,0.1,259.75714285713985,2604.5714285713984,1.983960720130933,TP,2025Q3,2025,12
2573,88917,2025-08-15 04:30:00,88921,2025-08-15 06:30:00,SELL,3336.42,3342.6814285714286,3342.6814285714286,3323.8971428571435,0.1,-63.31428571428496,-626.1428571428496,-1.0,SL,2025Q3,2025,4
2574,88928,2025-08-15 10:00:00,88930,2025-08-15 11:00:00,SELL,3340.29,3347.9314285714286,3347.9314285714286,3325.0071428571428,0.1,-77.11428571428605,-764.1428571428605,-1.0,SL,2025Q3,2025,2
2575,88931,2025-08-15 11:30:00,88967,2025-08-18 06:30:00,SELL,3339.34,3348.301428571429,3348.301428571429,3321.417142857143,0.1,-90.31428571428769,-896.1428571428769,-1.0,SL,2025Q3,2025,36
2576,88982,2025-08-18 14:00:00,89006,2025-08-19 03:00:00,SELL,3346.5,3327.2342857142858,3356.132857142857,3327.2342857142858,0.1,191.9571428571424,1926.571428571424,1.978356890459364,TP,2025Q3,2025,24
2577,89008,2025-08-19 04:00:00,89012,2025-08-19 06:00:00,SELL,3335.03,3341.404285714286,3341.404285714286,3322.2814285714285,0.1,-64.44285714285634,-637.4285714285634,-1.0,SL,2025Q3,2025,4
2578,89018,2025-08-19 09:00:00,89040,2025-08-19 20:00:00,SELL,3335.98,3316.022857142857,3345.9585714285713,3316.022857142857,0.1,198.87142857143027,1995.7142857143026,1.9791015069662095,TP,2025Q3,2025,22
2579,89060,2025-08-20 07:00:00,89063,2025-08-20 08:30:00,SELL,3317.44,3323.967142857143,3323.967142857143,3304.3857142857146,0.1,-65.97142857142735,-652.7142857142735,-1.0,SL,2025Q3,2025,3
2580,89104,2025-08-21 06:00:00,89106,2025-08-21 07:00:00,BUY,3344.74,3338.6642857142856,3338.6642857142856,3356.891428571428,0.1,-61.45714285714185,-607.5714285714184,-1.0,SL,2025Q3,2025,2
2581,89118,2025-08-21 13:00:00,89119,2025-08-21 13:30:00,BUY,3340.84,3334.491428571429,3334.491428571429,3353.537142857143,0.1,-64.18571428571177,-634.8571428571177,-1.0,SL,2025Q3,2025,1
2582,89124,2025-08-21 16:00:00,89152,2025-08-22 07:00:00,BUY,3342.09,3331.5957142857146,3331.5957142857146,3363.0785714285716,0.1,-105.64285714285525,-1049.4285714285525,-1.0,SL,2025Q3,2025,28
2583,89160,2025-08-22 11:00:00,89171,2025-08-22 16:30:00,SELL,3327.34,3334.714285714286,3334.714285714286,3312.5914285714284,0.1,-74.44285714285634,-737.4285714285634,-1.0,SL,2025Q3,2025,11
2584,89193,2025-08-25 04:30:00,89234,2025-08-26 02:00:00,BUY,3364.78,3357.987142857143,3357.987142857143,3378.365714285714,0.1,-68.62857142856974,-679.2857142856974,-1.0,SL,2025Q3,2025,41
2585,89237,2025-08-26 03:30:00,89250,2025-08-26 10:00:00,BUY,3377.5,3367.434285714286,3367.434285714286,3397.6314285714284,0.1,-101.35714285713966,-1006.5714285713966,-1.0,SL,2025Q3,2025,13
2586,89252,2025-08-26 11:00:00,89345,2025-08-28 11:30:00,BUY,3376.92,3399.954285714286,3365.402857142857,3399.954285714286,0.1,229.64285714285944,2303.4285714285943,1.9818764640611517,TP,2025Q3,2025,93
2587,89350,2025-08-28 14:00:00,89356,2025-08-28 17:00:00,BUY,3397.12,3411.0,3390.18,3411.0,0.1,138.1000000000011,1388.000000000011,1.9700427960057065,TP,2025Q3,2025,6
2588,89387,2025-08-29 09:30:00,89394,2025-08-29 13:00:00,BUY,3411.67,3405.9785714285713,3405.9785714285713,3423.052857142857,0.1,-57.614285714287874,-569.1428571428787,-1.0,SL,2025Q3,2025,7
2589,89398,2025-08-29 15:00:00,89401,2025-08-29 16:30:00,BUY,3410.91,3425.0642857142857,3403.832857142857,3425.0642857142857,0.1,140.84285714285835,1415.4285714285834,1.970617629422347,TP,2025Q3,2025,3
2590,89424,2025-09-01 05:00:00,89425,2025-09-01 05:30:00,BUY,3457.42,3483.597142857143,3444.3314285714287,3483.597142857143,0.1,261.07142857142827,2617.7142857142826,1.9840408207577898,TP,2025Q3,2025,1
2591,89441,2025-09-01 13:30:00,89464,2025-09-02 04:30:00,BUY,3471.08,3498.9542857142856,3457.142857142857,3498.9542857142856,0.1,278.04285714285635,2787.4285714285634,1.9850076491585604,TP,2025Q3,2025,23
2592,89465,2025-09-02 05:00:00,89473,2025-09-02 09:00:00,BUY,3498.0,3485.2785714285715,3485.2785714285715,3523.442857142857,0.1,-127.91428571428533,-1272.1428571428532,-1.0,SL,2025Q3,2025,8
2593,89483,2025-09-02 14:00:00,89490,2025-09-02 17:30:00,BUY,3485.83,3513.0842857142857,3472.2028571428573,3513.0842857142857,0.1,271.84285714285744,2725.4285714285743,1.9846683354193073,TP,2025Q3,2025,7
2594,89520,2025-09-03 09:30:00,89535,2025-09-03 17:00:00,BUY,3533.43,3562.952857142857,3518.6685714285713,3562.952857142857,0.1,294.52857142856993,2952.285714285699,1.98584087844346,TP,2025Q3,2025,15
2595,89550,2025-09-04 01:30:00,89556,2025-09-04 04:30:00,BUY,3563.48,3551.381428571429,3551.381428571429,3587.677142857143,0.1,-121.68571428571177,-1209.8571428571177,-1.0,SL,2025Q3,2025,6
2596,89570,2025-09-04 11:30:00,89624,2025-09-05 15:30:00,BUY,3543.54,3579.9342857142856,3525.342857142857,3579.9342857142856,0.1,363.24285714285617,3639.4285714285616,1.988503949323532,TP,2025Q3,2025,54
2597,89625,2025-09-05 16:00:00,89659,2025-09-08 10:00:00,BUY,3580.51,3608.9557142857143,3566.287142857143,3608.9557142857143,0.1,283.75714285714076,2844.5714285714075,1.9853073463268052,TP,2025Q3,2025,34
2598,89690,2025-09-09 02:30:00,89695,2025-09-09 05:00:00,BUY,3631.18,3650.5085714285715,3621.5157142857142,3650.5085714285715,0.1,192.5857142857165,1932.857142857165,1.9784267684180095,TP,2025Q3,2025,5
2599,89705,2025-09-09 10:00:00,89721,2025-09-09 18:00:00,BUY,3647.73,3632.0842857142857,3632.0842857142857,3679.0214285714287,0.1,-157.15714285714347,-1564.5714285714348,-1.0,SL,2025Q3,2025,16
2600,89743,2025-09-10 06:00:00,89801,2025-09-11 12:00:00,BUY,3636.42,3621.194285714286,3621.194285714286,3666.871428571428,0.1,-152.95714285714274,-1522.5714285714275,-1.0,SL,2025Q3,2025,58
2601,89809,2025-09-11 16:00:00,89902,2025-09-15 16:30:00,BUY,3629.46,3663.2999999999997,3612.54,3663.2999999999997,0.1,337.6999999999969,3383.999999999969,1.987639788110627,TP,2025Q3,2025,93
2602,89928,2025-09-16 06:30:00,89949,2025-09-16 17:00:00,BUY,3682.01,3700.7957142857144,3672.6171428571433,3700.7957142857144,0.1,187.15714285714222,1878.571428571422,1.9778079710145402,TP,2025Q3,2025,21
2603,89955,2025-09-16 20:00:00,89970,2025-09-17 04:30:00,BUY,3689.89,3676.125714285714,3676.125714285714,3717.4185714285713,0.1,-138.3428571428596,-1376.4285714285961,-1.0,SL,2025Q3,2025,15
2604,89993,2025-09-17 16:00:00,90003,2025-09-17 21:00:00,BUY,3678.88,3665.7742857142857,3665.7742857142857,3705.0914285714284,0.1,-131.75714285714383,-1310.5714285714384,-1.0,SL_AMBIGUOUS_PESSIMISTIC,2025Q3,2025,10
2605,90012,2025-09-18 02:30:00,90025,2025-09-18 09:00:00,BUY,3671.29,3645.404285714286,3645.404285714286,3723.0614285714287,0.1,-259.5571428571413,-2588.571428571413,-1.0,SL,2025Q3,2025,13
2606,90030,2025-09-18 11:30:00,90031,2025-09-18 12:00:00,SELL,3656.36,3671.994285714286,3671.994285714286,3625.0914285714284,0.1,-157.0428571428585,-1563.4285714285852,-1.0,SL,2025Q3,2025,1
2607,90039,2025-09-18 16:00:00,90040,2025-09-18 16:30:00,SELL,3663.19,3630.9957142857143,3679.287142857143,3630.9957142857143,0.1,321.242857142858,3219.4285714285797,1.9870106918794737,TP,2025Q3,2025,1
2608,90041,2025-09-18 17:00:00,90069,2025-09-19 08:00:00,SELL,3642.06,3660.5442857142857,3660.5442857142857,3605.0914285714284,0.1,-185.5428571428576,-1848.428571428576,-1.0,SL,2025Q3,2025,28
2609,90073,2025-09-19 10:00:00,90086,2025-09-19 16:30:00,SELL,3646.86,3661.6057142857144,3661.6057142857144,3617.3685714285716,0.1,-148.15714285714256,-1474.5714285714257,-1.0,SL,2025Q3,2025,13
2610,90134,2025-09-22 17:30:00,90152,2025-09-23 03:30:00,BUY,3721.7,3749.1314285714284,3707.9842857142858,3749.1314285714284,0.1,273.6142857142857,2743.142857142857,1.9847668393782714,TP,2025Q3,2025,18
2611,90158,2025-09-23 06:30:00,90168,2025-09-23 11:30:00,BUY,3742.97,3770.5214285714287,3729.1942857142853,3770.5214285714287,0.1,274.81428571428916,2755.1428571428914,1.9848328518365668,TP,2025Q3,2025,10
2612,90181,2025-09-23 18:00:00,90189,2025-09-23 22:00:00,BUY,3774.2,3755.182857142857,3755.182857142857,3812.2342857142858,0.1,-190.8714285714297,-1901.7142857142971,-1.0,SL,2025Q3,2025,8
2613,90196,2025-09-24 02:30:00,90201,2025-09-24 05:00:00,BUY,3769.59,3752.4900000000002,3752.4900000000002,3803.79,0.1,-171.69999999999908,-1709.999999999991,-1.0,SL,2025Q3,2025,5
2614,90205,2025-09-24 07:00:00,90226,2025-09-24 17:30:00,BUY,3765.49,3752.7085714285713,3752.7085714285713,3791.0528571428567,0.1,-128.51428571428477,-1278.1428571428478,-1.0,SL,2025Q3,2025,21
2615,90240,2025-09-25 01:30:00,90270,2025-09-25 16:30:00,BUY,3744.84,3729.402857142857,3729.402857142857,3775.714285714286,0.1,-155.07142857143043,-1543.7142857143044,-1.0,SL,2025Q3,2025,30
2616,90277,2025-09-25 20:00:00,90280,2025-09-25 21:30:00,SELL,3733.59,3754.5971428571424,3754.5971428571424,3691.575714285715,0.1,-210.77142857142297,-2100.71428571423,-1.0,SL,2025Q3,2025,3
2617,90288,2025-09-26 02:30:00,90315,2025-09-26 16:00:00,SELL,3743.0,3757.658571428571,3757.658571428571,3713.6828571428573,0.1,-147.2857142857112,-1465.8571428571122,-1.0,SL,2025Q3,2025,27
2618,90316,2025-09-26 16:30:00,90336,2025-09-29 03:30:00,BUY,3757.52,3785.562857142857,3743.4985714285713,3785.562857142857,0.1,279.72857142856975,2804.2857142856974,1.9850973236009413,TP,2025Q3,2025,20
2619,90337,2025-09-29 04:00:00,90337,2025-09-29 04:00:00,BUY,3787.25,3772.37,3772.37,3817.0099999999998,0.1,-149.50000000000108,-1488.000000000011,-1.0,SL,2025Q3,2025,0
2620,90339,2025-09-29 05:00:00,90346,2025-09-29 08:30:00,BUY,3778.71,3814.1071428571427,3761.0114285714285,3814.1071428571427,0.1,353.27142857142627,3539.7142857142626,1.9881813796430041,TP,2025Q3,2025,7
2621,90363,2025-09-29 17:00:00,90387,2025-09-30 06:00:00,BUY,3821.54,3857.7514285714287,3803.4342857142856,3857.7514285714287,0.1,361.4142857142877,3621.142857142877,1.988446121197831,TP,2025Q3,2025,24
2622,90410,2025-09-30 17:30:00,90530,2025-10-03 08:30:00,BUY,3844.34,3854.98,3813.7457142857147,3905.528571428571,0.1,105.69999999999872,1063.9999999999873,0.3447006755182846,TIME_EXIT,2025Q3,2025,120
2623,90531,2025-10-03 09:00:00,90545,2025-10-03 16:00:00,BUY,3855.24,3882.7571428571428,3841.4814285714283,3882.7571428571428,0.1,274.4714285714297,2751.714285714297,1.9848140495867772,TP,2025Q4,2025,14
2624,90591,2025-10-06 16:00:00,90607,2025-10-07 01:00:00,BUY,3934.41,3973.121428571429,3915.0542857142855,3973.121428571429,0.1,386.41428571429225,3871.1428571429224,1.9891895867039506,TP,2025Q4,2025,16
2625,90616,2025-10-07 05:30:00,90625,2025-10-07 10:00:00,BUY,3964.88,3947.9900000000002,3947.9900000000002,3998.6600000000003,0.1,-169.59999999999872,-1688.9999999999873,-1.0,SL,2025Q4,2025,9
2626,90633,2025-10-07 14:00:00,90656,2025-10-08 02:30:00,BUY,3960.32,3995.148571428572,3942.905714285714,3995.148571428572,0.1,347.5857142857165,3482.857142857165,1.9879892148051055,TP,2025Q4,2025,23
2627,90661,2025-10-08 05:00:00,90666,2025-10-08 07:30:00,BUY,4000.58,4025.7228571428573,3988.008571428571,4025.7228571428573,0.1,250.7285714285734,2514.285714285734,1.9833879534410312,TP,2025Q4,2025,5
2628,90686,2025-10-08 17:30:00,90699,2025-10-09 01:00:00,BUY,4044.78,4026.0485714285714,4026.0485714285714,4082.2428571428572,0.1,-188.0142857142875,-1873.142857142875,-1.0,SL,2025Q4,2025,13
2629,90712,2025-10-09 07:30:00,90731,2025-10-09 17:00:00,BUY,4038.52,4009.55,4009.55,4096.46,0.1,-290.399999999998,-2896.99999999998,-1.0,SL,2025Q4,2025,19
2630,90749,2025-10-10 03:00:00,90757,2025-10-10 07:00:00,BUY,3989.88,3956.907142857143,3956.907142857143,4055.8257142857146,0.1,-330.42857142857264,-3297.2857142857265,-1.0,SL,2025Q4,2025,8
2631,90775,2025-10-10 16:00:00,90779,2025-10-10 18:00:00,SELL,3985.57,4008.5085714285715,4008.5085714285715,3939.692857142857,0.1,-230.0857142857132,-2293.857142857132,-1.0,SL,2025Q4,2025,4
2632,90782,2025-10-10 19:30:00,90788,2025-10-10 22:30:00,SELL,3987.59,4018.9257142857145,4018.9257142857145,3924.918571428572,0.1,-314.057142857144,-3133.5714285714403,-1.0,SL,2025Q4,2025,6
2633,90835,2025-10-13 23:00:00,90847,2025-10-14 06:00:00,BUY,4108.66,4153.219999999999,4086.38,4153.219999999999,0.1,444.8999999999949,4455.999999999949,1.9906040268456375,TP,2025Q4,2025,12
2634,90858,2025-10-14 11:30:00,90866,2025-10-14 15:30:00,BUY,4144.32,4103.351428571428,4103.351428571428,4226.257142857143,0.1,-410.3857142857152,-4096.857142857152,-1.0,SL,2025Q4,2025,8
2635,90870,2025-10-14 17:30:00,90900,2025-10-15 09:30:00,BUY,4133.07,4195.812857142857,4101.698571428571,4195.812857142857,0.1,626.7285714285724,6274.285714285725,1.9933209141714752,TP,2025Q4,2025,30
2636,90907,2025-10-15 13:00:00,90954,2025-10-16 13:30:00,BUY,4192.51,4244.59,4166.47,4244.59,0.1,520.0999999999992,5207.999999999993,1.9919571045576407,TP,2025Q4,2025,47
2637,90960,2025-10-16 16:30:00,90968,2025-10-16 20:30:00,BUY,4251.67,4297.347142857143,4228.831428571429,4297.347142857143,0.1,456.07142857142827,4567.714285714283,1.9908331254676979,TP,2025Q4,2025,8
2638,90984,2025-10-17 05:30:00,91006,2025-10-17 16:30:00,BUY,4332.76,4282.174285714286,4282.174285714286,4433.931428571428,0.1,-506.55714285713947,-5058.571428571395,-1.0,SL,2025Q4,2025,22
2639,91022,2025-10-20 01:30:00,91062,2025-10-20 21:30:00,BUY,4259.45,4358.895714285714,4209.727142857142,4358.895714285714,0.1,993.7571428571453,9944.571428571453,1.9957825276143843,TP,2025Q4,2025,40
2640,91076,2025-10-21 05:30:00,91082,2025-10-21 08:30:00,BUY,4350.72,4320.614285714286,4320.614285714286,4410.931428571429,0.1,-301.75714285714383,-3010.5714285714384,-1.0,SL,2025Q4,2025,6
2641,91085,2025-10-21 10:00:00,91086,2025-10-21 10:30:00,BUY,4343.32,4316.182857142857,4316.182857142857,4397.5942857142845,0.1,-272.0714285714286,-2713.7142857142862,-1.0,SL,2025Q4,2025,1
2642,91134,2025-10-22 11:30:00,91191,2025-10-23 17:00:00,SELL,4102.61,4152.108571428571,4152.108571428571,4003.6128571428567,0.1,-495.68571428571266,-4949.857142857127,-1.0,SL,2025Q4,2025,57
2643,91202,2025-10-23 22:30:00,91225,2025-10-24 11:00:00,SELL,4128.4,4068.5314285714276,4158.334285714285,4068.5314285714276,0.1,597.9857142857206,5986.857142857207,1.9930009998571934,TP,2025Q4,2025,23
2644,91246,2025-10-24 21:30:00,91272,2025-10-27 10:30:00,SELL,4105.91,4031.9614285714283,4142.884285714285,4031.9614285714283,0.1,738.7857142857154,7394.857142857154,1.9943311094828706,TP,2025Q4,2025,26
2645,91302,2025-10-28 02:30:00,91303,2025-10-28 03:00:00,SELL,3984.32,4011.27,4011.27,3930.4200000000005,0.1,-270.19999999999817,-2694.999999999982,-1.0,SL,2025Q4,2025,1
2646,91306,2025-10-28 04:30:00,91314,2025-10-28 08:30:00,SELL,4000.64,3940.905714285714,4030.5071428571428,3940.905714285714,0.1,596.6428571428576,5973.428571428576,1.9929853025386524,TP,2025Q4,2025,8
2647,91342,2025-10-28 22:30:00,91348,2025-10-29 02:30:00,SELL,3951.16,3977.8399999999997,3977.8399999999997,3897.7999999999997,0.1,-267.49999999999835,-2667.9999999999836,-1.0,SL,2025Q4,2025,6
2648,91356,2025-10-29 06:30:00,91361,2025-10-29 09:00:00,SELL,3953.21,3985.087142857143,3985.087142857143,3889.4557142857143,0.1,-319.471428571431,-3187.71428571431,-1.0,SL,2025Q4,2025,5
2649,91379,2025-10-29 18:00:00,91384,2025-10-29 20:30:00,SELL,3992.82,3944.2628571428572,4017.0985714285716,3944.2628571428572,0.1,484.87142857142936,4855.7142857142935,1.9913752640225302,TP,2025Q4,2025,5
2650,91385,2025-10-29 21:00:00,91411,2025-10-30 11:00:00,SELL,3969.19,4001.444285714286,4001.444285714286,3904.681428571429,0.1,-323.2428571428574,-3225.4285714285743,-1.0,SL,2025Q4,2025,26
2651,91416,2025-10-30 13:30:00,91421,2025-10-30 16:00:00,SELL,3965.92,4004.967142857143,4004.967142857143,3887.8257142857146,0.1,-391.17142857142716,-3904.7142857142717,-1.0,SL,2025Q4,2025,5
2652,91453,2025-10-31 09:00:00,91471,2025-10-31 18:00:00,BUY,4013.24,3986.5099999999998,3986.5099999999998,4066.7,0.1,-268.00000000000017,-2673.000000000002,-1.0,SL,2025Q4,2025,18
2653,91476,2025-10-31 20:30:00,91483,2025-11-03 02:00:00,BUY,4008.62,3976.18,3976.18,4073.5,0.1,-325.10000000000053,-3244.0000000000055,-1.0,SL,2025Q4,2025,7
2654,91486,2025-11-03 03:30:00,91541,2025-11-04 08:00:00,BUY,3999.04,3968.558571428571,3968.558571428571,4060.002857142857,0.1,-305.5142857142875,-3048.142857142875,-1.0,SL,2025Q4,2025,55
2655,91549,2025-11-04 12:00:00,91557,2025-11-04 16:00:00,SELL,3991.02,3953.685714285714,4009.687142857143,3953.685714285714,0.1,372.64285714286126,3733.4285714286125,1.988792314730101,TP,2025Q4,2025,8
2656,91579,2025-11-05 04:00:00,91582,2025-11-05 05:30:00,SELL,3936.85,3956.5214285714283,3956.5214285714283,3897.507142857143,0.1,-197.4142857142835,-1967.142857142835,-1.0,SL,2025Q4,2025,3
2657,91598,2025-11-05 13:30:00,91603,2025-11-05 16:00:00,SELL,3958.02,3979.785714285714,3979.785714285714,3914.4885714285715,0.1,-218.35714285714238,-2176.571428571424,-1.0,SL,2025Q4,2025,5
2658,91619,2025-11-06 01:00:00,91628,2025-11-06 05:30:00,SELL,3972.26,3987.0885714285714,3987.0885714285714,3942.602857142858,0.1,-148.98571428571194,-1482.8571428571195,-1.0,SL,2025Q4,2025,9
2659,91636,2025-11-06 09:30:00,91649,2025-11-06 16:00:00,BUY,4003.96,3989.012857142857,3989.012857142857,4033.854285714286,0.1,-150.1714285714326,-1494.7142857143263,-1.0,SL,2025Q4,2025,13
2660,91660,2025-11-06 21:30:00,91715,2025-11-10 03:00:00,BUY,3992.41,4042.8128571428565,3967.2085714285713,4042.8128571428565,0.1,503.3285714285665,5040.285714285665,1.991690220463521,TP,2025Q4,2025,55
2661,91744,2025-11-10 17:30:00,91760,2025-11-11 02:30:00,BUY,4089.25,4126.7528571428575,4070.4985714285713,4126.7528571428575,0.1,374.32857142857466,3750.2857142857465,1.9888425047438334,TP,2025Q4,2025,16
2662,91772,2025-11-11 08:30:00,91788,2025-11-11 16:30:00,BUY,4137.75,4120.5542857142855,4120.5542857142855,4172.141428571428,0.1,-172.6571428571453,-1719.571428571453,-1.0,SL,2025Q4,2025,16
2663,91799,2025-11-11 22:00:00,91816,2025-11-12 07:30:00,BUY,4123.24,4101.21,4101.21,4167.3,0.1,-220.99999999999744,-2202.9999999999745,-1.0,SL,2025Q4,2025,17
2664,91820,2025-11-12 09:30:00,91835,2025-11-12 17:00:00,BUY,4124.08,4160.634285714286,4105.802857142857,4160.634285714286,0.1,364.8428571428638,3655.428571428638,1.9885540761504326,TP,2025Q4,2025,15
2665,91836,2025-11-12 17:30:00,91858,2025-11-13 05:30:00,BUY,4166.61,4212.621428571429,4143.604285714286,4212.621428571429,0.1,459.4142857142895,4601.142857142895,1.9908995233084033,TP,2025Q4,2025,22
2666,91898,2025-11-14 02:30:00,91919,2025-11-14 13:00:00,BUY,4188.45,4158.530000000001,4158.530000000001,4248.289999999999,0.1,-299.8999999999916,-2991.9999999999163,-1.0,SL,2025Q4,2025,21
2667,91943,2025-11-17 02:00:00,91982,2025-11-17 21:30:00,SELL,4096.11,4036.855714285714,4125.737142857142,4036.855714285714,0.1,591.8428571428574,5925.428571428574,1.9929286126611658,TP,2025Q4,2025,39
2668,92039,2025-11-19 04:00:00,92040,2025-11-19 04:30:00,SELL,4059.0,4077.18,4077.18,4022.64,0.1,-182.49999999999835,-1817.9999999999836,-1.0,SL,2025Q4,2025,1
2669,92066,2025-11-19 17:30:00,92066,2025-11-19 17:30:00,BUY,4116.39,4090.4385714285722,4090.4385714285722,4168.2928571428565,0.1,-260.21428571428095,-2595.1428571428096,-1.0,SL,2025Q4,2025,0
2670,92080,2025-11-20 01:30:00,92085,2025-11-20 04:00:00,BUY,4088.3,4058.3700000000003,4058.3700000000003,4148.16,0.1,-299.99999999999835,-2992.9999999999836,-1.0,SL,2025Q4,2025,5
2671,92097,2025-11-20 10:00:00,92107,2025-11-20 15:00:00,SELL,4059.74,4090.7599999999998,4090.7599999999998,3997.7,0.1,-310.8999999999998,-3101.999999999998,-1.0,SL,2025Q4,2025,10
2672,92113,2025-11-20 18:00:00,92210,2025-11-24 20:30:00,SELL,4070.1,4103.178571428572,4103.178571428572,4003.942857142857,0.1,-331.4857142857165,-3307.857142857165,-1.0,SL,2025Q4,2025,97
2673,92236,2025-11-25 10:30:00,92236,2025-11-25 10:30:00,BUY,4136.44,4117.488571428571,4117.488571428571,4174.342857142858,0.1,-190.2142857142855,-1895.142857142855,-1.0,SL,2025Q4,2025,0
2674,92242,2025-11-25 13:30:00,92353,2025-11-28 02:30:00,BUY,4132.51,4176.024285714287,4110.7528571428575,4176.024285714287,0.1,434.44285714286417,4351.428571428642,1.9903789515021035,TP,2025Q4,2025,111
2675,92364,2025-11-28 08:00:00,92368,2025-11-28 10:00:00,BUY,4182.51,4167.545714285715,4167.545714285715,4212.438571428572,0.1,-150.34285714285323,-1496.4285714285325,-1.0,SL,2025Q4,2025,4
2676,92375,2025-11-28 13:30:00,92388,2025-11-28 20:00:00,BUY,4174.14,4218.299999999999,4152.06,4218.299999999999,0.1,440.89999999998946,4415.9999999998945,1.9905191873588755,TP,2025Q4,2025,13
2677,92406,2025-12-01 08:00:00,92442,2025-12-02 03:00:00,BUY,4229.69,4202.155714285714,4202.155714285714,4284.7585714285715,0.1,-276.0428571428594,-2753.4285714285943,-1.0,SL,2025Q4,2025,36
2678,92466,2025-12-02 15:00:00,92471,2025-12-02 17:30:00,BUY,4208.97,4186.185714285714,4186.185714285714,4254.538571428572,0.1,-228.54285714285942,-2278.4285714285943,-1.0,SL,2025Q4,2025,5
2679,92480,2025-12-02 22:00:00,92490,2025-12-03 04:00:00,SELL,4196.35,4223.26,4223.26,4142.53,0.1,-269.79999999999853,-2690.9999999999854,-1.0,SL,2025Q4,2025,10
2680,92513,2025-12-03 15:30:00,92515,2025-12-03 16:30:00,BUY,4220.44,4206.321428571428,4206.321428571428,4248.677142857143,0.1,-141.88571428571157,-1411.8571428571158,-1.0,SL,2025Q4,2025,2
2681,92517,2025-12-03 17:30:00,92519,2025-12-03 18:30:00,BUY,4221.64,4197.111428571428,4197.111428571428,4270.697142857143,0.1,-245.9857142857192,-2452.8571428571922,-1.0,SL,2025Q4,2025,2
2682,92527,2025-12-03 22:30:00,92543,2025-12-04 07:30:00,BUY,4210.23,4179.232857142857,4179.232857142857,4272.2242857142855,0.1,-310.67142857142534,-3099.7142857142535,-1.0,SL,2025Q4,2025,16
2683,92557,2025-12-04 14:30:00,92561,2025-12-04 16:30:00,SELL,4194.11,4211.732857142857,4211.732857142857,4158.864285714285,0.1,-176.92857142857355,-1762.2857142857356,-1.0,SL,2025Q4,2025,4
2684,92571,2025-12-04 21:30:00,92590,2025-12-05 08:00:00,SELL,4204.78,4225.278571428571,4225.278571428571,4163.782857142857,0.1,-205.68571428571266,-2049.8571428571267,-1.0,SL,2025Q4,2025,19
2685,92598,2025-12-05 12:00:00,92608,2025-12-05 17:00:00,BUY,4223.42,4248.714285714286,4210.772857142857,4248.714285714286,0.1,252.24285714286162,2529.428571428616,1.9834868568860933,TP,2025Q4,2025,10
2686,92626,2025-12-08 03:00:00,92654,2025-12-08 17:00:00,BUY,4211.02,4194.9685714285715,4194.9685714285715,4243.122857142858,0.1,-161.21428571428913,-1605.1428571428914,-1.0,SL,2025Q4,2025,28
2687,92655,2025-12-08 17:30:00,92688,2025-12-09 11:00:00,SELL,4191.9,4210.065714285714,4210.065714285714,4155.568571428571,0.1,-182.35714285714784,-1816.5714285714785,-1.0,SL,2025Q4,2025,33
2688,92699,2025-12-09 16:30:00,92699,2025-12-09 16:30:00,SELL,4193.25,4209.132857142858,4209.132857142858,4161.484285714286,0.1,-159.52857142857573,-1588.2857142857574,-1.0,SL,2025Q4,2025,0
2689,92718,2025-12-10 03:00:00,92733,2025-12-10 10:30:00,BUY,4208.4,4197.387142857143,4197.387142857143,4230.425714285713,0.1,-110.82857142856774,-1101.2857142856774,-1.0,SL,2025Q4,2025,15
2690,92742,2025-12-10 15:00:00,92744,2025-12-10 16:00:00,SELL,4196.38,4207.032857142857,4207.032857142857,4175.074285714286,0.1,-107.22857142857102,-1065.2857142857101,-1.0,SL,2025Q4,2025,2
2691,92745,2025-12-10 16:30:00,92754,2025-12-10 21:00:00,SELL,4196.45,4208.794285714285,4208.794285714285,4171.761428571428,0.1,-124.14285714285434,-1234.4285714285434,-1.0,SL,2025Q4,2025,9
2692,92780,2025-12-11 11:00:00,92793,2025-12-11 17:30:00,BUY,4216.56,4247.540000000001,4201.07,4247.540000000001,0.1,309.10000000000474,3098.0000000000473,1.9865038560410735,TP,2025Q4,2025,13
2693,92812,2025-12-12 04:00:00,92825,2025-12-12 10:30:00,BUY,4271.05,4307.464285714286,4252.842857142857,4307.464285714286,0.1,363.44285714286053,3641.428571428605,1.988510239174564,TP,2025Q4,2025,13
2694,92851,2025-12-12 23:30:00,92971,2025-12-17 14:30:00,BUY,4303.0,4317.31,4263.622857142857,4381.754285714285,0.1,142.400000000004,1431.00000000004,0.3609893890558916,TIME_EXIT,2025Q4,2025,120
2695,92973,2025-12-17 15:30:00,93021,2025-12-18 16:30:00,BUY,4328.19,4311.374285714285,4311.374285714285,4361.8214285714275,0.1,-168.8571428571442,-1681.571428571442,-1.0,SL,2025Q4,2025,48
2696,93023,2025-12-18 17:30:00,93024,2025-12-18 18:00:00,BUY,4333.04,4370.92,4314.1,4370.92,0.1,378.1000000000011,3788.000000000011,1.9889531825355553,TP,2025Q4,2025,1
2697,93034,2025-12-18 23:00:00,93094,2025-12-22 07:00:00,BUY,4334.79,4402.238571428571,4301.065714285714,4402.238571428571,0.1,673.7857142857108,6744.857142857109,1.993785931687521,TP,2025Q4,2025,60
2698,93164,2025-12-23 19:00:00,93227,2025-12-26 15:30:00,BUY,4474.4,4527.9,4447.65,4527.9,0.1,534.3,5350.0,1.9921700223713645,TP,2025Q4,2025,63
2699,93228,2025-12-26 16:00:00,93246,2025-12-29 02:00:00,BUY,4525.25,4507.588571428571,4507.588571428571,4560.572857142856,0.1,-177.31428571428586,-1766.1428571428587,-1.0,SL,2025Q4,2025,18
2700,93254,2025-12-29 06:00:00,93259,2025-12-29 08:30:00,BUY,4516.33,4482.2185714285715,4482.2185714285715,4584.552857142856,0.1,-341.81428571428404,-3411.1428571428405,-1.0,SL,2025Q4,2025,5
2701,93309,2025-12-30 10:30:00,93312,2025-12-30 12:00:00,SELL,4353.31,4381.320000000001,4381.320000000001,4297.29,0.1,-280.80000000000217,-2801.000000000022,-1.0,SL,2025Q4,2025,3
2702,93322,2025-12-30 17:00:00,93349,2025-12-31 07:30:00,SELL,4365.64,4307.5599999999995,4394.68,4307.5599999999995,0.1,580.1000000000083,5808.000000000084,1.9927859841979012,TP,2025Q4,2025,27
2703,93359,2025-12-31 12:30:00,93374,2026-01-02 08:00:00,SELL,4319.48,4358.802857142857,4358.802857142857,4240.834285714285,0.1,-393.92857142857173,-3932.2857142857174,-1.0,SL,2025Q4,2025,15
2704,93390,2026-01-02 16:00:00,93394,2026-01-02 18:00:00,SELL,4365.96,4325.774285714287,4386.052857142857,4325.774285714287,0.1,401.15714285713403,4018.57142857134,1.9895848094090973,TP,2026Q1,2026,4
2705,93432,2026-01-05 14:00:00,93434,2026-01-05 15:00:00,BUY,4419.12,4397.9685714285715,4397.9685714285715,4461.4228571428575,0.1,-212.21428571428368,-2115.142857142837,-1.0,SL,2026Q1,2026,2
2706,93436,2026-01-05 16:00:00,93460,2026-01-06 05:00:00,BUY,4417.01,4463.2128571428575,4393.908571428572,4463.2128571428575,0.1,461.32857142857284,4620.285714285728,1.9909371146732822,TP,2026Q1,2026,24
2707,93467,2026-01-06 08:30:00,93526,2026-01-07 15:00:00,BUY,4461.42,4438.121428571429,4438.121428571429,4508.017142857144,0.1,-233.68571428571448,-2329.857142857145,-1.0,SL,2026Q1,2026,59
2708,93533,2026-01-07 18:30:00,93555,2026-01-08 06:30:00,BUY,4457.98,4431.91,4431.91,4510.119999999999,0.1,-261.3999999999971,-2606.999999999971,-1.0,SL,2026Q1,2026,22
2709,93574,2026-01-08 16:00:00,93576,2026-01-08 17:00:00,SELL,4423.63,4444.757142857143,4444.757142857143,4381.375714285715,0.1,-211.97142857142643,-2112.7142857142644,-1.0,SL,2026Q1,2026,2
2710,93596,2026-01-09 04:00:00,93622,2026-01-09 17:00:00,BUY,4468.93,4508.501428571429,4449.1442857142865,4508.501428571429,0.1,395.0142857142844,3957.142857142844,1.9894236995467758,TP,2026Q1,2026,26
2711,93629,2026-01-09 20:30:00,93638,2026-01-12 02:00:00,BUY,4491.32,4551.799999999999,4461.08,4551.799999999999,0.1,604.0999999999956,6047.999999999956,1.993071593533487,TP,2026Q1,2026,9
2712,93669,2026-01-12 17:30:00,93681,2026-01-12 23:30:00,BUY,4619.69,4590.682857142857,4590.682857142857,4677.704285714285,0.1,-290.7714285714275,-2900.7142857142753,-1.0,SL,2026Q1,2026,12
2713,93690,2026-01-13 05:00:00,93810,2026-01-15 19:00:00,BUY,4594.2,4610.67,4569.0542857142855,4644.4914285714285,0.1,164.00000000000256,1647.0000000000255,0.6503880799954762,TIME_EXIT,2026Q1,2026,120
2714,93811,2026-01-15 19:30:00,93848,2026-01-16 15:00:00,BUY,4610.89,4586.79,4586.79,4659.09,0.1,-241.70000000000363,-2410.0000000000364,-1.0,SL,2026Q1,2026,37
2715,93853,2026-01-16 17:30:00,93854,2026-01-16 18:00:00,SELL,4564.77,4593.851428571429,4593.851428571429,4506.607142857143,0.1,-291.5142857142866,-2908.142857142866,-1.0,SL,2026Q1,2026,1
2716,93856,2026-01-16 19:00:00,93866,2026-01-19 01:00:00,SELL,4591.19,4629.372857142856,4629.372857142856,4514.824285714285,0.1,-382.52857142856845,-3818.2857142856847,-1.0,SL,2026Q1,2026,10
2717,93893,2026-01-19 14:30:00,93920,2026-01-20 07:30:00,BUY,4671.09,4705.8042857142855,4653.732857142858,4705.8042857142855,0.1,346.44285714285326,3471.4285714285325,1.9879498319534907,TP,2026Q1,2026,27
2718,93938,2026-01-20 16:30:00,93938,2026-01-20 16:30:00,BUY,4750.83,4729.524285714286,4729.524285714286,4793.441428571428,0.1,-213.75714285714201,-2130.5714285714203,-1.0,SL,2026Q1,2026,0
2719,93941,2026-01-20 18:00:00,93957,2026-01-21 03:00:00,BUY,4737.64,4788.928571428572,4711.995714285715,4788.928571428572,0.1,512.1857142857123,5128.857142857123,1.9918333333333331,TP,2026Q1,2026,16
2720,93993,2026-01-21 21:00:00,93994,2026-01-21 21:30:00,BUY,4850.43,4801.895714285714,4801.895714285714,4947.498571428571,0.1,-486.0428571428594,-4853.428571428594,-1.0,SL,2026Q1,2026,1
2721,93998,2026-01-21 23:30:00,94046,2026-01-23 01:30:00,BUY,4832.65,4959.861428571428,4769.044285714285,4959.861428571428,0.1,1271.4142857142876,12721.142857142877,1.9967020393511765,TP,2026Q1,2026,48
2722,94072,2026-01-23 14:30:00,94091,2026-01-26 01:00:00,BUY,4934.31,4999.030000000001,4901.950000000001,4999.030000000001,0.1,646.5000000000025,6472.0000000000255,1.9935245143386033,TP,2026Q1,2026,19
2723,94122,2026-01-26 16:30:00,94131,2026-01-26 21:00:00,BUY,5078.44,5048.8,5048.8,5137.719999999999,0.1,-297.09999999999417,-2963.999999999942,-1.0,SL,2026Q1,2026,9
2724,94142,2026-01-27 03:30:00,94187,2026-01-28 03:00:00,BUY,5067.12,5200.759999999999,5000.3,5200.759999999999,0.1,1335.6999999999941,13363.999999999942,1.9968605172671547,TP,2026Q1,2026,45
2725,94209,2026-01-28 14:00:00,94225,2026-01-28 22:00:00,BUY,5261.99,5339.278571428571,5223.345714285714,5339.278571428571,0.1,772.1857142857123,7728.857142857123,1.9945756457564574,TP,2026Q1,2026,16
2726,94226,2026-01-28 22:30:00,94229,2026-01-29 01:00:00,BUY,5354.51,5480.181428571429,5291.674285714286,5480.181428571429,0.1,1256.014285714288,12567.14285714288,1.9966616705273341,TP,2026Q1,2026,3
2727,94250,2026-01-29 11:30:00,94261,2026-01-29 17:00:00,BUY,5515.91,5453.557142857142,5453.557142857142,5640.615714285715,0.1,-624.2285714285783,-6235.285714285783,-1.0,SL,2026Q1,2026,11
2728,94273,2026-01-29 23:00:00,94281,2026-01-30 04:00:00,BUY,5394.22,5205.981428571428,5205.981428571428,5770.697142857143,0.1,-1883.0857142857196,-18823.857142857196,-1.0,SL,2026Q1,2026,8
2729,94351,2026-02-02 16:00:00,94371,2026-02-03 03:00:00,SELL,4706.06,4836.038571428572,4836.038571428572,4446.102857142858,0.1,-1300.4857142857174,-12997.857142857174,-1.0,SL,2026Q1,2026,20
2730,94406,2026-02-03 20:30:00,94415,2026-02-04 02:00:00,SELL,4908.66,4985.887142857143,4985.887142857143,4754.205714285715,0.1,-772.9714285714301,-7722.714285714301,-1.0,SL,2026Q1,2026,9
2731,94437,2026-02-04 13:00:00,94444,2026-02-04 16:30:00,BUY,5048.61,5004.522857142857,5004.522857142857,5136.784285714286,0.1,-441.5714285714268,-4408.714285714268,-1.0,SL,2026Q1,2026,7
2732,94459,2026-02-05 01:00:00,94466,2026-02-05 04:30:00,BUY,4977.69,4893.2471428571425,4893.2471428571425,5146.575714285714,0.1,-845.1285714285707,-8444.285714285706,-1.0,SL,2026Q1,2026,7
2733,94474,2026-02-05 08:30:00,94485,2026-02-05 14:00:00,BUY,4929.56,4824.80142857143,4824.80142857143,5139.0771428571425,0.1,-1048.2857142857058,-10475.857142857058,-1.0,SL,2026Q1,2026,11
2734,94499,2026-02-05 21:00:00,94507,2026-02-06 02:00:00,SELL,4858.04,4683.602857142857,4945.2585714285715,4683.602857142857,0.1,1743.6714285714304,17443.714285714304,1.9975941867696636,TP,2026Q1,2026,8
2735,94559,2026-02-09 05:00:00,94668,2026-02-11 13:30:00,BUY,5006.91,5110.527142857142,4955.101428571428,5110.527142857142,0.1,1035.4714285714242,10361.714285714243,1.9959520859148934,TP,2026Q1,2026,109
2736,94672,2026-02-11 15:30:00,94672,2026-02-11 15:30:00,BUY,5085.07,5044.912857142857,5044.912857142857,5165.384285714285,0.1,-402.2714285714239,-4015.714285714239,-1.0,SL,2026Q1,2026,0
2737,94679,2026-02-11 19:00:00,94723,2026-02-12 18:00:00,BUY,5075.4,5014.515714285714,5014.515714285714,5197.16857142857,0.1,-609.542857142854,-6088.42857142854,-1.0,SL,2026Q1,2026,44
2738,94749,2026-02-13 08:00:00,94764,2026-02-13 15:30:00,SELL,4946.32,4994.911428571429,4994.911428571429,4849.137142857143,0.1,-486.61428571428877,-4859.142857142888,-1.0,SL,2026Q1,2026,15
2739,94769,2026-02-13 18:00:00,94769,2026-02-13 18:00:00,SELL,4976.99,5025.08,5025.08,4880.8099999999995,0.1,-481.60000000000144,-4809.000000000015,-1.0,SL,2026Q1,2026,0
2740,94784,2026-02-16 02:30:00,94825,2026-02-17 02:30:00,SELL,5012.29,4942.795714285714,5047.0371428571425,4942.795714285714,0.1,694.2428571428597,6949.428571428598,1.9939684884293711,TP,2026Q1,2026,41
2741,94846,2026-02-17 13:00:00,94896,2026-02-18 15:00:00,SELL,4913.05,4954.744285714286,4954.744285714286,4829.661428571429,0.1,-417.64285714285796,-4169.42857142858,-1.0,SL,2026Q1,2026,50
2742,94916,2026-02-19 02:00:00,94974,2026-02-20 08:00:00,BUY,4976.03,5027.887142857143,4950.101428571428,5027.887142857143,0.1,517.8714285714311,5185.714285714312,1.9919226331117095,TP,2026Q1,2026,58
2743,94988,2026-02-20 15:00:00,94992,2026-02-20 17:00:00,BUY,5025.37,4998.167142857143,4998.167142857143,5079.7757142857145,0.1,-272.7285714285728,-2720.2857142857283,-1.0,SL,2026Q1,2026,4
2744,94994,2026-02-20 18:00:00,95006,2026-02-23 01:00:00,BUY,5042.81,5124.861428571428,5001.784285714286,5124.861428571428,0.1,819.81428571428,8205.1428571428,1.9948899780998839,TP,2026Q1,2026,12
2745,95026,2026-02-23 11:00:00,95037,2026-02-23 16:30:00,BUY,5140.12,5195.965714285713,5112.197142857143,5195.965714285713,0.1,557.7571428571325,5584.571428571326,1.9924980862464912,TP,2026Q1,2026,11
2746,95038,2026-02-23 17:00:00,95056,2026-02-24 03:00:00,BUY,5192.6,5161.0257142857145,5161.0257142857145,5255.748571428572,0.1,-316.44285714285905,-3157.4285714285907,-1.0,SL,2026Q1,2026,18
2747,95089,2026-02-24 19:30:00,95209,2026-02-27 10:30:00,BUY,5158.86,5178.52,5116.648571428571,5243.282857142857,0.1,195.90000000000765,1966.0000000000764,0.4633239855390909,TIME_EXIT,2026Q1,2026,120
2748,95216,2026-02-27 14:00:00,95218,2026-02-27 15:00:00,BUY,5185.86,5222.757142857143,5167.411428571429,5222.757142857143,0.1,368.2714285714308,3689.714285714308,1.9886600323999566,TP,2026Q1,2026,2
2749,95220,2026-02-27 16:00:00,95235,2026-02-27 23:30:00,BUY,5222.92,5274.471428571429,5197.144285714286,5274.471428571429,0.1,514.8142857142891,5155.142857142891,1.9918748618173778,TP,2026Q1,2026,15
2750,95283,2026-03-03 01:30:00,95296,2026-03-03 08:00:00,BUY,5336.66,5290.242857142856,5290.242857142856,5429.494285714286,0.1,-464.87142857143516,-4641.714285714352,-1.0,SL,2026Q1,2026,13
2751,95331,2026-03-04 02:30:00,95334,2026-03-04 04:00:00,SELL,5125.08,5182.71,5182.71,5009.82,0.1,-577.0000000000011,-5763.000000000011,-1.0,SL,2026Q1,2026,3
2752,95343,2026-03-04 08:30:00,95347,2026-03-04 10:30:00,SELL,5134.0,5179.511428571428,5179.511428571428,5042.977142857143,0.1,-455.8142857142804,-4551.142857142804,-1.0,SL,2026Q1,2026,4
2753,95358,2026-03-04 16:00:00,95402,2026-03-05 15:00:00,SELL,5167.77,5090.284285714287,5206.512857142858,5090.284285714287,0.1,774.1571428571358,7748.571428571358,1.994589421767432,TP,2026Q1,2026,44
2754,95403,2026-03-05 15:30:00,95452,2026-03-06 17:00:00,SELL,5121.23,5161.555714285714,5161.555714285714,5040.57857142857,0.1,-403.9571428571464,-4032.571428571464,-1.0,SL,2026Q1,2026,49
2755,95468,2026-03-09 01:00:00,95470,2026-03-09 02:00:00,SELL,5129.7,5037.114285714286,5175.992857142857,5037.114285714286,0.1,925.1571428571394,9258.571428571395,1.9954705121094276,TP,2026Q1,2026,2
2756,95484,2026-03-09 09:00:00,95514,2026-03-10 01:00:00,SELL,5097.71,5155.364285714286,5155.364285714286,4982.401428571429,0.1,-577.2428571428584,-5765.428571428583,-1.0,SL,2026Q1,2026,30
2757,95539,2026-03-10 13:30:00,95547,2026-03-10 17:30:00,BUY,5183.13,5229.958571428571,5159.715714285714,5229.958571428571,0.1,467.58571428571196,4682.8571428571195,1.9910578502341607,TP,2026Q1,2026,8
2758,95563,2026-03-11 02:30:00,95579,2026-03-11 10:30:00,BUY,5212.57,5177.62,5177.62,5282.469999999999,0.1,-350.19999999999817,-3494.999999999982,-1.0,SL,2026Q1,2026,16
2759,95591,2026-03-11 16:30:00,95597,2026-03-11 19:30:00,BUY,5194.46,5160.217142857143,5160.217142857143,5262.9457142857145,0.1,-343.12857142857246,-3424.2857142857247,-1.0,SL,2026Q1,2026,6
2760,95602,2026-03-11 22:00:00,95605,2026-03-12 00:30:00,BUY,5183.28,5153.757142857143,5153.757142857143,5242.325714285713,0.1,-295.9285714285699,-2952.285714285699,-1.0,SL,2026Q1,2026,3
2761,95612,2026-03-12 04:00:00,95638,2026-03-12 17:00:00,BUY,5168.61,5136.31,5136.31,5233.209999999999,0.1,-323.6999999999927,-3229.9999999999272,-1.0,SL,2026Q1,2026,26
2762,95660,2026-03-13 05:00:00,95683,2026-03-13 16:30:00,SELL,5111.88,5055.288571428571,5140.175714285714,5055.288571428571,0.1,565.2142857142887,5659.142857142888,1.9925966962127635,TP,2026Q1,2026,23
2763,95684,2026-03-13 17:00:00,95804,2026-03-18 08:00:00,SELL,5041.58,5008.73,5079.467142857143,4965.805714285714,0.1,327.80000000000365,3285.0000000000364,0.8636055701919553,TIME_EXIT,2026Q1,2026,120
2764,95808,2026-03-18 10:00:00,95814,2026-03-18 13:00:00,SELL,4994.88,4947.934285714286,5018.352857142857,4947.934285714286,0.1,468.7571428571453,4694.571428571453,1.9910800970874174,TP,2026Q1,2026,6
2765,95846,2026-03-19 06:00:00,95851,2026-03-19 08:30:00,SELL,4850.59,4775.864285714286,4887.952857142857,4775.864285714286,0.1,746.5571428571427,7472.5714285714275,1.9943899553486242,TP,2026Q1,2026,5
2766,95882,2026-03-20 01:00:00,95887,2026-03-20 03:30:00,SELL,4636.22,4695.54,4695.54,4517.58,0.1,-593.8999999999971,-5931.999999999971,-1.0,SL,2026Q1,2026,5
2767,95898,2026-03-20 09:00:00,95900,2026-03-20 10:00:00,SELL,4668.86,4716.961428571428,4716.961428571428,4572.657142857142,0.1,-481.71428571428186,-4810.142857142819,-1.0,SL,2026Q1,2026,2
2768,95904,2026-03-20 12:00:00,95912,2026-03-20 16:00:00,SELL,4667.49,4571.027142857143,4715.721428571428,4571.027142857143,0.1,963.9285714285659,9646.28571428566,1.9956523025051018,TP,2026Q1,2026,8
2769,95962,2026-03-23 18:00:00,96021,2026-03-25 01:30:00,SELL,4363.42,4517.715714285714,4517.715714285714,4054.828571428571,0.1,-1543.65714285714,-15429.571428571398,-1.0,SL,2026Q1,2026,59
2770,96036,2026-03-25 09:00:00,96060,2026-03-25 21:00:00,BUY,4545.32,4509.494285714285,4509.494285714285,4616.971428571429,0.1,-358.9571428571464,-3582.571428571464,-1.0,SL,2026Q1,2026,24
2771,96070,2026-03-26 03:00:00,96079,2026-03-26 07:30:00,BUY,4535.57,4483.91,4483.91,4638.889999999999,0.1,-517.2999999999986,-5165.999999999985,-1.0,SL,2026Q1,2026,9
2772,96099,2026-03-26 17:30:00,96143,2026-03-27 16:30:00,SELL,4454.32,4506.408571428571,4506.408571428571,4350.142857142857,0.1,-521.5857142857142,-5208.857142857141,-1.0,SL,2026Q1,2026,44
2773,96166,2026-03-30 06:00:00,96209,2026-03-31 04:30:00,BUY,4481.2,4596.742857142857,4423.428571428572,4596.742857142857,0.1,1154.7285714285742,11554.285714285743,1.9963693842772265,TP,2026Q1,2026,43
2774,96218,2026-03-31 09:00:00,96244,2026-03-31 22:00:00,BUY,4568.92,4675.417142857143,4515.671428571429,4675.417142857143,0.1,1064.2714285714253,10649.714285714253,1.996061409854513,TP,2026Q1,2026,26
2775,96262,2026-04-01 08:00:00,96275,2026-04-01 14:30:00,BUY,4676.47,4756.2642857142855,4636.572857142857,4756.2642857142855,0.1,797.2428571428525,7979.428571428525,1.9947456839546542,TP,2026Q2,2026,13
2776,96280,2026-04-01 17:00:00,96300,2026-04-02 04:00:00,BUY,4738.26,4696.207142857143,4696.207142857143,4822.365714285715,0.1,-421.22857142857646,-4205.285714285765,-1.0,SL,2026Q2,2026,20
2777,96326,2026-04-02 17:00:00,96433,2026-04-08 01:30:00,BUY,4646.47,4758.15,4590.63,4758.15,0.1,1116.0999999999938,11167.999999999938,1.996243963512772,TP,2026Q2,2026,107
2778,96455,2026-04-08 12:30:00,96464,2026-04-08 17:00:00,BUY,4798.61,4766.331428571428,4766.331428571428,4863.167142857143,0.1,-323.4857142857192,-3227.8571428571922,-1.0,SL,2026Q2,2026,9
2779,96493,2026-04-09 08:30:00,96512,2026-04-09 18:00:00,BUY,4726.46,4784.894285714286,4697.242857142857,4784.894285714286,0.1,583.6428571428557,5843.428571428558,1.9928296180674112,TP,2026Q2,2026,19
2780,96523,2026-04-09 23:30:00,96533,2026-04-10 05:30:00,BUY,4770.18,4738.021428571428,4738.021428571428,4834.497142857143,0.1,-322.2857142857203,-3215.857142857203,-1.0,SL,2026Q2,2026,10
2781,96536,2026-04-10 07:00:00,96541,2026-04-10 09:30:00,BUY,4766.58,4742.8,4742.8,4814.14,0.1,-238.49999999999744,-2377.9999999999745,-1.0,SL,2026Q2,2026,5
2782,96549,2026-04-10 13:30:00,96570,2026-04-13 01:00:00,BUY,4758.36,4733.2814285714285,4733.2814285714285,4808.517142857143,0.1,-251.48571428571194,-2507.8571428571195,-1.0,SL,2026Q2,2026,21
2783,96581,2026-04-13 06:30:00,96618,2026-04-14 02:00:00,SELL,4718.8,4763.042857142857,4763.042857142857,4630.314285714286,0.1,-443.12857142857246,-4424.285714285725,-1.0,SL,2026Q2,2026,37
2784,96633,2026-04-14 09:30:00,96649,2026-04-14 17:30:00,BUY,4767.78,4810.962857142856,4746.188571428572,4810.962857142856,0.1,431.1285714285594,4318.285714285594,1.9903053485458022,TP,2026Q2,2026,16
2785,96690,2026-04-15 15:00:00,96739,2026-04-16 16:30:00,BUY,4812.45,4785.824285714286,4785.824285714286,4865.701428571428,0.1,-266.9571428571391,-2662.571428571391,-1.0,SL,2026Q2,2026,49
2786,96762,2026-04-17 05:00:00,96781,2026-04-17 14:30:00,SELL,4789.4,4807.777142857142,4807.777142857142,4752.645714285714,0.1,-184.47142857142643,-1837.7142857142644,-1.0,SL,2026Q2,2026,19
2787,96820,2026-04-20 11:00:00,96828,2026-04-20 15:00:00,SELL,4789.56,4812.827142857143,4812.827142857143,4743.0257142857145,0.1,-233.3714285714297,-2326.714285714297,-1.0,SL,2026Q2,2026,8
2788,96836,2026-04-20 19:00:00,96846,2026-04-21 01:00:00,SELL,4799.67,4831.2642857142855,4831.2642857142855,4736.481428571429,0.1,-316.6428571428543,-3159.4285714285434,-1.0,SL,2026Q2,2026,10
2789,96875,2026-04-21 15:30:00,96879,2026-04-21 17:30:00,SELL,4780.54,4734.351428571428,4803.634285714285,4734.351428571428,0.1,461.1857142857178,4618.857142857178,1.9909343200740448,TP,2026Q2,2026,4
2790,96913,2026-04-22 11:30:00,96942,2026-04-23 03:00:00,SELL,4754.07,4719.538571428571,4771.335714285714,4719.538571428571,0.1,344.6142857142848,3453.142857142848,1.9878862793572314,TP,2026Q2,2026,29
2791,96945,2026-04-23 04:30:00,96977,2026-04-23 20:30:00,SELL,4728.17,4677.352857142857,4753.578571428572,4677.352857142857,0.1,507.47142857143155,5081.714285714315,1.9917577796467265,TP,2026Q2,2026,32
2792,96978,2026-04-23 21:00:00,97091,2026-04-28 08:30:00,SELL,4709.33,4634.418571428571,4746.785714285714,4634.418571428571,0.1,748.4142857142858,7491.142857142859,1.9944038373686857,TP,2026Q2,2026,113
2793,97118,2026-04-28 22:00:00,97153,2026-04-29 16:30:00,SELL,4594.11,4525.25,4628.539999999999,4525.25,0.1,687.8999999999967,6885.999999999967,1.993913043478287,TP,2026Q2,2026,35
2794,97160,2026-04-29 20:00:00,97174,2026-04-30 04:00:00,SELL,4545.42,4577.201428571429,4577.201428571429,4481.857142857142,0.1,-318.51428571428477,-3178.142857142848,-1.0,SL,2026Q2,2026,14
2795,97180,2026-04-30 07:00:00,97185,2026-04-30 09:30:00,SELL,4555.81,4576.027142857143,4576.027142857143,4515.375714285715,0.1,-202.87142857142788,-2021.714285714279,-1.0,SL,2026Q2,2026,5
2796,97205,2026-04-30 19:30:00,97246,2026-05-01 17:00:00,SELL,4607.79,4636.357142857142,4636.357142857142,4550.655714285715,0.1,-286.3714285714224,-2856.7142857142244,-1.0,SL,2026Q2,2026,41
2797,97256,2026-05-01 22:00:00,97277,2026-05-04 09:30:00,BUY,4624.4,4587.5828571428565,4587.5828571428565,4698.034285714285,0.1,-368.8714285714315,-3681.7142857143153,-1.0,SL,2026Q2,2026,21
2798,97294,2026-05-04 18:00:00,97356,2026-05-06 03:00:00,SELL,4561.53,4597.2,4597.2,4490.19,0.1,-357.4000000000007,-3567.0000000000073,-1.0,SL,2026Q2,2026,62
2799,97382,2026-05-06 16:00:00,97415,2026-05-07 09:30:00,BUY,4683.36,4749.294285714285,4650.392857142857,4749.294285714285,0.1,658.6428571428557,6593.428571428558,1.9936435181181353,TP,2026Q2,2026,33
2800,97451,2026-05-08 04:30:00,97490,2026-05-11 01:00:00,BUY,4712.74,4680.8385714285705,4680.8385714285705,4776.542857142857,0.1,-319.71428571429277,-3190.142857142928,-1.0,SL,2026Q2,2026,39
2801,97591,2026-05-13 05:30:00,97671,2026-05-14 22:30:00,SELL,4700.12,4662.0142857142855,4719.172857142857,4662.0142857142855,0.1,380.35714285714386,3810.5714285714384,1.9890183774092811,TP,2026Q2,2026,80
2802,97709,2026-05-15 18:30:00,97768,2026-05-19 02:00:00,SELL,4547.05,4588.832857142857,4588.832857142857,4463.484285714287,0.1,-418.5285714285721,-4178.285714285721,-1.0,SL,2026Q2,2026,59
2803,97773,2026-05-19 04:30:00,97796,2026-05-19 16:00:00,SELL,4559.03,4509.038571428571,4584.0257142857145,4509.038571428571,0.1,499.21428571428515,4999.142857142851,1.991622022113266,TP,2026Q2,2026,23
2804,97797,2026-05-19 16:30:00,97845,2026-05-20 17:30:00,SELL,4492.22,4523.802857142858,4523.802857142858,4429.0542857142855,0.1,-316.5285714285739,-3158.2857142857392,-1.0,SL,2026Q2,2026,48
2805,97868,2026-05-21 06:00:00,97897,2026-05-21 20:30:00,SELL,4532.83,4555.698571428571,4555.698571428571,4487.092857142857,0.1,-229.38571428571157,-2286.857142857116,-1.0,SL,2026Q2,2026,29
2806,97909,2026-05-22 03:30:00,97919,2026-05-22 08:30:00,BUY,4536.36,4514.215714285714,4514.215714285714,4580.648571428572,0.1,-222.14285714285614,-2214.4285714285616,-1.0,SL,2026Q2,2026,10
2807,97925,2026-05-22 11:30:00,97936,2026-05-22 17:00:00,BUY,4527.12,4507.747142857143,4507.747142857143,4565.865714285714,0.1,-194.42857142856445,-1937.2857142856446,-1.0,SL,2026Q2,2026,11
2808,97937,2026-05-22 17:30:00,97941,2026-05-22 19:30:00,SELL,4498.9,4526.121428571429,4526.121428571429,4444.457142857143,0.1,-272.91428571428986,-2722.1428571428987,-1.0,SL,2026Q2,2026,4
2809,97942,2026-05-22 20:00:00,97950,2026-05-25 01:00:00,SELL,4514.88,4541.691428571428,4541.691428571428,4461.257142857143,0.1,-268.8142857142822,-2681.1428571428223,-1.0,SL,2026Q2,2026,8
2810,97967,2026-05-25 09:30:00,97998,2026-05-26 04:30:00,BUY,4554.33,4534.335714285714,4534.335714285714,4594.318571428571,0.1,-200.64285714285978,-1999.428571428598,-1.0,SL,2026Q2,2026,31
2811,98019,2026-05-26 15:00:00,98022,2026-05-26 16:30:00,SELL,4507.05,4531.137142857144,4531.137142857144,4458.875714285714,0.1,-241.5714285714359,-2408.714285714359,-1.0,SL,2026Q2,2026,3
2812,98023,2026-05-26 17:00:00,98062,2026-05-27 13:30:00,SELL,4513.52,4456.411428571429,4542.074285714286,4456.411428571429,0.1,570.3857142857184,5710.857142857185,1.9926635723911081,TP,2026Q2,2026,39
2813,98080,2026-05-27 22:30:00,98093,2026-05-28 06:00:00,SELL,4450.86,4389.948571428571,4481.3157142857135,4389.948571428571,0.1,608.4142857142858,6091.142857142859,1.9931205540996177,TP,2026Q2,2026,13
2814,98109,2026-05-28 14:00:00,98112,2026-05-28 15:30:00,SELL,4382.42,4408.287142857143,4408.287142857143,4330.685714285714,0.1,-259.37142857143334,-2586.7142857143335,-1.0,SL,2026Q2,2026,3
2815,98160,2026-05-29 16:30:00,98163,2026-05-29 18:00:00,BUY,4528.37,4579.81,4502.65,4579.81,0.1,513.700000000005,5144.000000000051,1.9918573090345095,TP,2026Q2,2026,3
2816,98164,2026-05-29 18:30:00,98172,2026-05-29 22:30:00,BUY,4578.64,4542.948571428572,4542.948571428572,4650.022857142858,0.1,-357.6142857142833,-3569.1428571428332,-1.0,SL,2026Q2,2026,8
2817,98178,2026-06-01 02:30:00,98184,2026-06-01 05:30:00,BUY,4545.04,4521.744285714286,4521.744285714286,4591.631428571428,0.1,-233.65714285713983,-2329.5714285713984,-1.0,SL,2026Q2,2026,6
2818,98218,2026-06-01 22:30:00,98234,2026-06-02 07:30:00,SELL,4484.52,4513.851428571429,4513.851428571429,4425.857142857143,0.1,-294.0142857142866,-2933.142857142866,-1.0,SL,2026Q2,2026,16
2819,98274,2026-06-03 04:30:00,98313,2026-06-04 01:00:00,SELL,4466.98,4424.134285714285,4488.402857142856,4424.134285714285,0.1,427.7571428571417,4284.571428571417,1.9902293120638508,TP,2026Q2,2026,39
2820,98333,2026-06-04 11:00:00,98339,2026-06-04 14:00:00,SELL,4461.41,4487.617142857142,4487.617142857142,4408.995714285715,0.1,-262.7714285714257,-2620.714285714257,-1.0,SL,2026Q2,2026,6
2821,98347,2026-06-04 18:00:00,98389,2026-06-05 16:00:00,SELL,4465.77,4401.921428571429,4497.694285714286,4401.921428571429,0.1,637.7857142857163,6384.857142857163,1.9934363279157274,TP,2026Q2,2026,42
2822,98390,2026-06-05 16:30:00,98392,2026-06-05 17:30:00,SELL,4404.92,4347.522857142857,4433.618571428571,4347.522857142857,0.1,573.2714285714308,5739.714285714308,1.9927003674645265,TP,2026Q2,2026,2
2823,98411,2026-06-08 04:00:00,98420,2026-06-08 08:30:00,SELL,4342.18,4286.674285714286,4369.932857142858,4286.674285714286,0.1,554.3571428571402,5550.571428571402,1.9924522489217171,TP,2026Q2,2026,9
2824,98448,2026-06-08 22:30:00,98482,2026-06-09 16:30:00,SELL,4327.59,4352.045714285714,4352.045714285714,4278.678571428572,0.1,-245.25714285713838,-2445.571428571384,-1.0,SL,2026Q2,2026,34
2825,98483,2026-06-09 17:00:00,98484,2026-06-09 17:30:00,SELL,4328.59,4279.155714285715,4353.307142857143,4279.155714285715,0.1,493.6428571428558,4943.428571428558,1.991527865829059,TP,2026Q2,2026,1
2826,98485,2026-06-09 18:00:00,98498,2026-06-10 01:30:00,SELL,4300.55,4236.35,4332.650000000001,4236.35,0.1,641.2999999999981,6419.999999999982,1.993472179048775,TP,2026Q2,2026,13
2827,98515,2026-06-10 10:00:00,98525,2026-06-10 15:00:00,SELL,4203.63,4138.972857142857,4235.958571428571,4138.972857142857,0.1,645.871428571433,6465.71428571433,1.9935182327263385,TP,2026Q2,2026,10
2828,98530,2026-06-10 17:30:00,98541,2026-06-10 23:00:00,SELL,4160.83,4074.318571428572,4204.085714285714,4074.318571428572,0.1,864.4142857142804,8651.142857142804,1.995152993932999,TP,2026Q2,2026,11
2829,98552,2026-06-11 05:30:00,98582,2026-06-11 20:30:00,SELL,4082.34,4129.864285714286,4129.864285714286,3987.2914285714287,0.1,-475.94285714285724,-4752.4285714285725,-1.0,SL,2026Q2,2026,30
2830,98605,2026-06-12 09:00:00,98609,2026-06-12 11:00:00,SELL,4173.09,4207.8042857142855,4207.8042857142855,4103.661428571429,0.1,-347.84285714285323,-3471.4285714285325,-1.0,SL,2026Q2,2026,4
2831,98618,2026-06-12 15:30:00,98635,2026-06-15 01:00:00,BUY,4201.1,4262.694285714287,4170.302857142858,4262.694285714287,0.1,615.2428571428634,6159.428571428634,1.9931966492340738,TP,2026Q2,2026,17
2832,98692,2026-06-16 06:30:00,98759,2026-06-17 17:00:00,BUY,4321.23,4355.878571428572,4303.905714285714,4355.878571428572,0.1,345.78571428572724,3464.8571428572723,1.9879270696452562,TP,2026Q2,2026,67
2833,98762,2026-06-17 18:30:00,98767,2026-06-17 21:00:00,BUY,4355.39,4330.084285714286,4330.084285714286,4406.001428571429,0.1,-253.75714285714201,-2530.5714285714203,-1.0,SL,2026Q2,2026,5
2834,98778,2026-06-18 03:30:00,98805,2026-06-18 17:00:00,BUY,4300.46,4238.65,4238.65,4424.080000000001,0.1,-618.800000000004,-6181.00000000004,-1.0,SL,2026Q2,2026,27
2835,98806,2026-06-18 17:30:00,98827,2026-06-19 05:00:00,SELL,4244.12,4175.46,4278.45,4175.46,0.1,685.8999999999985,6865.999999999985,1.9938953488372093,TP,2026Q2,2026,21
2836,98842,2026-06-19 12:30:00,98862,2026-06-22 03:30:00,SELL,4162.56,4192.13142857143,4192.13142857143,4103.417142857143,0.1,-296.4142857142935,-2957.142857142935,-1.0,SL,2026Q2,2026,20
2837,98869,2026-06-22 07:00:00,98874,2026-06-22 09:30:00,SELL,4171.43,4204.4457142857145,4204.4457142857145,4105.398571428572,0.1,-330.8571428571424,-3301.571428571424,-1.0,SL,2026Q2,2026,5
2838,98887,2026-06-22 16:00:00,98910,2026-06-23 04:30:00,SELL,4193.27,4155.812857142857,4211.998571428572,4155.812857142857,0.1,373.8714285714348,3745.714285714348,1.9888289383691773,TP,2026Q2,2026,23
2839,98911,2026-06-23 05:00:00,98916,2026-06-23 07:30:00,SELL,4161.15,4120.8042857142855,4181.322857142856,4120.8042857142855,0.1,402.7571428571417,4034.5714285714166,1.9896259703599601,TP,2026Q2,2026,5
2840,98929,2026-06-23 14:00:00,98958,2026-06-24 05:30:00,SELL,4119.59,4060.2471428571434,4149.261428571429,4060.2471428571434,0.1,592.728571428567,5934.28571428567,1.9929391421297546,TP,2026Q2,2026,29
2841,98968,2026-06-24 10:30:00,98977,2026-06-24 15:00:00,SELL,4084.14,4020.3371428571427,4116.041428571429,4020.3371428571427,0.1,637.3285714285719,6380.285714285719,1.9934316353887258,TP,2026Q2,2026,9
2842,98997,2026-06-25 02:00:00,99025,2026-06-25 16:00:00,SELL,3996.22,4029.2799999999997,4029.2799999999997,3930.1,0.1,-331.29999999999944,-3305.9999999999945,-1.0,SL,2026Q2,2026,28
2843,99045,2026-06-26 03:00:00,99059,2026-06-26 10:00:00,SELL,4014.25,4038.8214285714284,4038.8214285714284,3965.107142857143,0.1,-246.4142857142844,-2457.142857142844,-1.0,SL,2026Q2,2026,14
2844,99085,2026-06-26 23:00:00,99102,2026-06-29 08:30:00,BUY,4071.77,4044.79,4044.79,4125.73,0.1,-270.50000000000017,-2698.000000000002,-1.0,SL,2026Q2,2026,17
2845,99105,2026-06-29 10:00:00,99110,2026-06-29 12:30:00,BUY,4062.45,4035.4814285714288,4035.4814285714288,4116.387142857142,0.1,-270.38571428571066,-2696.8571428571067,-1.0,SL,2026Q2,2026,5
2846,99148,2026-06-30 08:30:00,99150,2026-06-30 09:30:00,SELL,3982.62,4014.83,4014.83,3918.2000000000003,0.1,-322.80000000000035,-3221.0000000000036,-1.0,SL,2026Q2,2026,2
2847,99163,2026-06-30 16:00:00,99165,2026-06-30 17:00:00,SELL,4009.72,4036.995714285714,4036.995714285714,3955.168571428572,0.1,-273.45714285714,-2727.5714285714002,-1.0,SL,2026Q2,2026,2
2848,99176,2026-06-30 22:30:00,99195,2026-07-01 09:00:00,SELL,4020.99,3968.1842857142856,4047.392857142857,3968.1842857142856,0.1,527.357142857142,5280.57142857142,1.9920673466083858,TP,2026Q2,2026,19
2849,99201,2026-07-01 12:00:00,99204,2026-07-01 13:30:00,SELL,3974.25,3995.1042857142857,3995.1042857142857,3932.5414285714287,0.1,-209.2428571428565,-2085.428571428565,-1.0,SL,2026Q3,2026,3
2850,99230,2026-07-02 03:30:00,99254,2026-07-02 15:30:00,BUY,4046.52,4090.431428571429,4024.5642857142852,4090.431428571429,0.1,438.41428571429043,4391.142857142904,1.9904656894538648,TP,2026Q3,2026,24
2851,99255,2026-07-02 16:00:00,99277,2026-07-03 04:00:00,BUY,4117.84,4179.68,4086.92,4179.68,0.1,617.7000000000014,6184.000000000015,1.9932236205227492,TP,2026Q3,2026,22
2852,99309,2026-07-06 01:00:00,99319,2026-07-06 06:00:00,BUY,4184.05,4167.194285714286,4167.194285714286,4217.761428571428,0.1,-169.25714285714383,-1685.5714285714384,-1.0,SL,2026Q3,2026,10
2853,99344,2026-07-06 18:30:00,99361,2026-07-07 04:00:00,BUY,4150.71,4128.9742857142855,4128.9742857142855,4194.181428571428,0.1,-218.05714285714492,-2173.5714285714494,-1.0,SL,2026Q3,2026,17
2854,99376,2026-07-07 11:30:00,99386,2026-07-07 16:30:00,BUY,4138.7,4179.84,4118.13,4179.84,0.1,410.7000000000033,4114.000000000033,1.989825581395393,TP,2026Q3,2026,10
2855,99408,2026-07-08 04:30:00,99411,2026-07-08 06:00:00,SELL,4102.44,4129.424285714285,4129.424285714285,4048.4714285714285,0.1,-270.5428571428576,-2698.428571428576,-1.0,SL,2026Q3,2026,3
2856,99420,2026-07-08 10:30:00,99422,2026-07-08 11:30:00,SELL,4120.21,4070.101428571428,4145.2642857142855,4070.101428571428,0.1,500.3857142857185,5010.857142857185,1.9916415534201761,TP,2026Q3,2026,2
2857,99423,2026-07-08 12:00:00,99430,2026-07-08 15:30:00,SELL,4056.57,4086.0014285714287,4086.0014285714287,3997.7071428571435,0.1,-295.0142857142857,-2943.142857142857,-1.0,SL,2026Q3,2026,7
2858,99432,2026-07-08 16:30:00,99464,2026-07-09 09:30:00,SELL,4067.18,4103.398571428571,4103.398571428571,3994.7428571428572,0.1,-362.88571428571066,-3621.8571428571067,-1.0,SL,2026Q3,2026,32
2859,99492,2026-07-09 23:30:00,99513,2026-07-10 11:00:00,BUY,4121.18,4103.85,4103.85,4155.840000000001,0.1,-173.99999999999926,-1732.9999999999927,-1.0,SL,2026Q3,2026,21
2860,99529,2026-07-10 19:00:00,99539,2026-07-13 01:00:00,BUY,4113.03,4085.7642857142855,4085.7642857142855,4167.561428571428,0.1,-273.3571428571424,-2726.571428571424,-1.0,SL,2026Q3,2026,10
2861,99540,2026-07-13 01:30:00,99571,2026-07-13 17:00:00,SELL,4083.83,4033.7157142857136,4108.887142857143,4033.7157142857136,0.1,500.44285714286326,5011.4285714286325,1.991642503837644,TP,2026Q3,2026,31
2862,99572,2026-07-13 17:30:00,99614,2026-07-14 15:30:00,SELL,4016.24,4043.2942857142857,4043.2942857142857,3962.131428571428,0.1,-271.24285714285924,-2705.4285714285925,-1.0,SL,2026Q3,2026,42
2863,99627,2026-07-14 22:00:00,99707,2026-07-16 16:00:00,SELL,4053.99,3983.5185714285712,4089.225714285714,3983.5185714285712,0.1,704.0142857142853,7047.142857142853,1.9940519543578665,TP,2026Q3,2026,80
2864,99708,2026-07-16 16:30:00,99796,2026-07-20 14:30:00,SELL,4005.42,4032.8728571428574,4032.8728571428574,3950.514285714286,0.1,-275.2285714285728,-2745.2857142857283,-1.0,SL,2026Q3,2026,88
2865,99798,2026-07-20 15:30:00,99821,2026-07-21 04:00:00,SELL,4012.74,4031.938571428571,4031.938571428571,3974.342857142857,0.1,-192.68571428571084,-1919.8571428571086,-1.0,SL,2026Q3,2026,23
2866,99844,2026-07-21 15:30:00,99866,2026-07-22 03:30:00,BUY,4061.73,4098.658571428571,4043.2657142857147,4098.658571428571,0.1,368.58571428571105,3692.8571428571104,1.9886696469863048,TP,2026Q3,2026,22
2867,99867,2026-07-22 04:00:00,99870,2026-07-22 05:30:00,BUY,4097.56,4129.782857142857,4081.448571428572,4129.782857142857,0.1,321.5285714285681,3222.285714285681,1.9870221594420412,TP,2026Q3,2026,3
2868,99882,2026-07-22 11:30:00,99892,2026-07-22 16:30:00,BUY,4117.47,4155.8099999999995,4098.3,4155.8099999999995,0.1,382.6999999999924,3833.9999999999236,1.989085239085192,TP,2026Q3,2026,10
2869,99893,2026-07-22 17:00:00,99904,2026-07-22 22:30:00,BUY,4154.83,4131.038571428571,4131.038571428571,4202.412857142857,0.1,-238.61428571428695,-2379.1428571428696,-1.0,SL,2026Q3,2026,11
2870,99906,2026-07-22 23:30:00,99907,2026-07-23 01:00:00,BUY,4136.75,4116.2642857142855,4116.2642857142855,4177.721428571429,0.1,-205.55714285714492,-2048.5714285714494,-1.0,SL,2026Q3,2026,1
2871,99911,2026-07-23 03:00:00,99914,2026-07-23 04:30:00,BUY,4133.53,4115.29,4115.29,4170.009999999999,0.1,-183.0999999999978,-1823.9999999999782,-1.0,SL,2026Q3,2026,3
2872,99918,2026-07-23 06:30:00,99925,2026-07-23 10:00:00,BUY,4130.55,4107.944285714287,4107.944285714287,4175.761428571428,0.1,-226.75714285713474,-2260.5714285713475,-1.0,SL,2026Q3,2026,7
2873,99971,2026-07-24 10:00:00,99974,2026-07-24 11:30:00,SELL,4035.39,4054.2971428571427,4054.2971428571427,3997.575714285714,0.1,-189.77142857142843,-1890.7142857142844,-1.0,SL,2026Q3,2026,3
2874,99984,2026-07-24 16:30:00,99984,2026-07-24 16:30:00,SELL,4046.1,4063.5385714285712,4063.5385714285712,4011.222857142857,0.1,-175.0857142857132,-1743.8571428571322,-1.0,SL,2026Q3,2026,0
