id,entry_bar,entry_time,exit_bar,exit_time,direction,entry_price,exit_price,sl,tp,lots,pnl_usd,pnl_pts,pnl_r,exit_reason,quarter,year,holding_bars
1,41,2018-02-02 12:30:00,41,2018-02-02 12:30:00,BUY,1345.77,1343.8746428571428,1343.8746428571428,1349.5607142857143,0.1,-19.65357142857165,-189.5357142857165,-1.0,SL,2018Q1,2018,0
2,42,2018-02-02 13:00:00,47,2018-02-02 15:30:00,BUY,1345.51,1343.5192857142856,1343.5192857142856,1349.4914285714285,0.1,-20.607142857143753,-199.07142857143754,-1.0,SL,2018Q1,2018,5
3,49,2018-02-02 16:30:00,49,2018-02-02 16:30:00,BUY,1336.53,1333.1796428571429,1333.1796428571429,1343.2307142857142,0.1,-34.203571428570925,-335.0357142857092,-1.0,SL,2018Q1,2018,0
4,52,2018-02-02 18:00:00,106,2018-02-05 22:00:00,BUY,1330.46,1338.92,1326.23,1338.92,0.1,83.90000000000036,846.0000000000036,1.9511627906976745,TP,2018Q1,2018,54
5,107,2018-02-05 22:30:00,116,2018-02-06 04:00:00,SELL,1337.86,1341.3421428571428,1341.3421428571428,1330.8957142857141,0.1,-35.5214285714289,-348.21428571428896,-1.0,SL,2018Q1,2018,9
6,118,2018-02-06 05:00:00,138,2018-02-06 15:00:00,SELL,1344.48,1334.7835714285713,1349.3282142857145,1334.7835714285713,0.1,96.26428571428669,969.6428571428669,1.9573015757751346,TP,2018Q1,2018,20
7,139,2018-02-06 15:30:00,141,2018-02-06 16:30:00,BUY,1335.83,1332.5225,1332.5225,1342.445,0.1,-33.77499999999891,-330.7499999999891,-1.0,SL,2018Q1,2018,2
8,144,2018-02-06 18:00:00,152,2018-02-06 22:00:00,BUY,1328.46,1324.2482142857143,1324.2482142857143,1336.8835714285715,0.1,-42.81785714285725,-421.17857142857247,-1.0,SL,2018Q1,2018,8
9,172,2018-02-07 09:00:00,182,2018-02-07 14:00:00,SELL,1330.56,1325.9635714285712,1332.8582142857142,1325.9635714285712,0.1,45.264285714287595,459.642857142876,1.91132559191685,TP,2018Q1,2018,10
10,184,2018-02-07 15:00:00,186,2018-02-07 16:00:00,BUY,1324.45,1321.6107142857143,1321.6107142857143,1330.1285714285714,0.1,-29.092857142857792,-283.9285714285779,-1.0,SL,2018Q1,2018,2
11,187,2018-02-07 16:30:00,189,2018-02-07 17:30:00,BUY,1322.79,1319.6367857142857,1319.6367857142857,1329.0964285714285,0.1,-32.23214285714285,-315.32142857142844,-1.0,SL,2018Q1,2018,2
12,190,2018-02-07 18:00:00,192,2018-02-07 19:00:00,BUY,1321.01,1317.3542857142857,1317.3542857142857,1328.3214285714287,0.1,-37.25714285714339,-365.5714285714339,-1.0,SL,2018Q1,2018,2
13,193,2018-02-07 19:30:00,194,2018-02-07 20:00:00,BUY,1318.21,1314.0892857142858,1314.0892857142858,1326.4514285714286,0.1,-41.907142857142574,-412.0714285714257,-1.0,SL,2018Q1,2018,1
14,214,2018-02-08 07:00:00,228,2018-02-08 14:00:00,BUY,1311.24,1308.0846428571429,1308.0846428571429,1317.550714285714,0.1,-32.25357142857156,-315.5357142857156,-1.0,SL,2018Q1,2018,14
15,232,2018-02-08 16:00:00,238,2018-02-08 19:00:00,SELL,1314.85,1318.6664285714285,1318.6664285714285,1307.2171428571428,0.1,-38.8642857142856,-381.642857142856,-1.0,SL,2018Q1,2018,6
16,240,2018-02-08 20:00:00,299,2018-02-12 03:30:00,SELL,1319.77,1324.7875,1324.7875,1309.735,0.1,-50.874999999999275,-501.7499999999927,-1.0,SL,2018Q1,2018,59
17,322,2018-02-12 15:00:00,327,2018-02-12 17:30:00,BUY,1319.15,1323.6671428571428,1316.8914285714286,1323.6671428571428,0.1,44.47142857142744,451.7142857142744,1.90981595092015,TP,2018Q1,2018,5
18,330,2018-02-12 19:00:00,352,2018-02-13 07:00:00,SELL,1323.5,1326.7014285714286,1326.7014285714286,1317.097142857143,0.1,-32.71428571428551,-320.14285714285506,-1.0,SL,2018Q1,2018,22
19,353,2018-02-13 07:30:00,353,2018-02-13 07:30:00,SELL,1325.98,1328.0114285714287,1328.0114285714287,1321.9171428571428,0.1,-21.014285714287052,-203.14285714287053,-1.0,SL,2018Q1,2018,0
20,354,2018-02-13 08:00:00,357,2018-02-13 09:30:00,SELL,1326.28,1328.4560714285715,1328.4560714285715,1321.927857142857,0.1,-22.46071428571504,-217.6071428571504,-1.0,SL,2018Q1,2018,3
21,358,2018-02-13 10:00:00,358,2018-02-13 10:00:00,SELL,1327.15,1329.3057142857144,1329.3057142857144,1322.8385714285714,0.1,-22.25714285714339,-215.5714285714339,-1.0,SL,2018Q1,2018,0
22,360,2018-02-13 11:00:00,363,2018-02-13 12:30:00,SELL,1328.68,1330.96,1330.96,1324.1200000000001,0.1,-23.499999999999726,-227.99999999999727,-1.0,SL,2018Q1,2018,3
23,364,2018-02-13 13:00:00,370,2018-02-13 16:00:00,SELL,1329.39,1324.412142857143,1331.8789285714288,1324.412142857143,0.1,49.078571428571465,497.7857142857147,1.917934403349531,TP,2018Q1,2018,6
24,371,2018-02-13 16:30:00,386,2018-02-14 01:00:00,BUY,1324.67,1330.3550000000002,1321.8275,1330.3550000000002,0.1,56.150000000001725,568.5000000000173,1.927896995708232,TP,2018Q1,2018,15
25,390,2018-02-14 03:00:00,393,2018-02-14 04:30:00,SELL,1332.51,1334.555357142857,1334.555357142857,1328.4192857142857,0.1,-21.153571428570284,-204.53571428570285,-1.0,SL,2018Q1,2018,3
26,412,2018-02-14 14:00:00,415,2018-02-14 15:30:00,BUY,1330.42,1328.4892857142856,1328.4892857142856,1334.281428571429,0.1,-20.0071428571443,-193.071428571443,-1.0,SL,2018Q1,2018,3
27,418,2018-02-14 17:00:00,418,2018-02-14 17:00:00,SELL,1333.76,1338.0714285714287,1338.0714285714287,1325.1371428571429,0.1,-43.81428571428678,-431.1428571428678,-1.0,SL,2018Q1,2018,0
28,451,2018-02-15 10:30:00,458,2018-02-15 14:00:00,SELL,1355.1,1350.3857142857141,1357.4571428571428,1350.3857142857141,0.1,46.44285714285779,471.4285714285779,1.9134785167745745,TP,2018Q1,2018,7
29,475,2018-02-15 22:30:00,488,2018-02-16 06:00:00,SELL,1354.89,1358.7578571428571,1358.7578571428571,1347.1542857142858,0.1,-39.3785714285702,-386.78571428570194,-1.0,SL,2018Q1,2018,13
30,491,2018-02-16 07:30:00,498,2018-02-16 11:00:00,SELL,1358.38,1360.7832142857144,1360.7832142857144,1353.5735714285715,0.1,-24.732142857142843,-240.32142857142844,-1.0,SL,2018Q1,2018,7
31,500,2018-02-16 12:00:00,504,2018-02-16 14:00:00,SELL,1359.89,1354.9550000000002,1362.3575,1354.9550000000002,0.1,48.64999999999945,493.49999999999454,1.9172413793103438,TP,2018Q1,2018,4
32,505,2018-02-16 14:30:00,508,2018-02-16 16:00:00,BUY,1355.1,1352.5275,1352.5275,1360.245,0.1,-26.42499999999991,-257.2499999999991,-1.0,SL,2018Q1,2018,3
33,510,2018-02-16 17:00:00,517,2018-02-16 20:30:00,BUY,1354.05,1350.639642857143,1350.639642857143,1360.8707142857143,0.1,-34.80357142857038,-341.03571428570376,-1.0,SL,2018Q1,2018,7
34,519,2018-02-16 21:30:00,563,2018-02-20 01:30:00,BUY,1348.13,1344.1346428571428,1344.1346428571428,1356.1207142857145,0.1,-40.65357142857302,-399.53571428573014,-1.0,SL,2018Q1,2018,44
35,566,2018-02-20 03:00:00,566,2018-02-20 03:00:00,BUY,1344.05,1341.6339285714287,1341.6339285714287,1348.8821428571428,0.1,-24.860714285712856,-241.60714285712857,-1.0,SL,2018Q1,2018,0
36,572,2018-02-20 06:00:00,579,2018-02-20 09:30:00,BUY,1341.47,1338.9167857142859,1338.9167857142859,1346.5764285714286,0.1,-26.23214285714148,-255.3214285714148,-1.0,SL,2018Q1,2018,7
37,581,2018-02-20 10:30:00,591,2018-02-20 15:30:00,BUY,1338.18,1336.065,1336.065,1342.41,0.1,-21.85000000000009,-211.5000000000009,-1.0,SL,2018Q1,2018,10
38,593,2018-02-20 16:30:00,596,2018-02-20 18:00:00,SELL,1341.64,1334.3457142857144,1345.287142857143,1334.3457142857144,0.1,72.24285714285706,729.4285714285706,1.9435049961568023,TP,2018Q1,2018,3
39,602,2018-02-20 21:00:00,650,2018-02-21 22:00:00,BUY,1330.12,1325.0039285714283,1325.0039285714283,1340.3521428571428,0.1,-51.86071428571559,-511.60714285715585,-1.0,SL,2018Q1,2018,48
40,652,2018-02-21 23:00:00,752,2018-02-26 04:00:00,BUY,1324.82,1335.1935714285714,1319.6332142857143,1335.1935714285714,0.1,103.03571428571495,1037.3571428571495,1.9600516339425658,TP,2018Q1,2018,100
41,761,2018-02-26 08:30:00,776,2018-02-26 16:00:00,SELL,1339.22,1333.5778571428573,1342.0410714285715,1333.5778571428573,0.1,55.72142857142744,564.2142857142744,1.9273625694872607,TP,2018Q1,2018,15
42,778,2018-02-26 17:00:00,779,2018-02-26 17:30:00,BUY,1334.14,1331.3457142857144,1331.3457142857144,1339.7285714285717,0.1,-28.642857142857064,-279.42857142857065,-1.0,SL,2018Q1,2018,1
43,783,2018-02-26 19:30:00,820,2018-02-27 15:00:00,BUY,1330.98,1327.8396428571427,1327.8396428571427,1337.2607142857144,0.1,-32.103571428572835,-314.0357142857283,-1.0,SL,2018Q1,2018,37
44,822,2018-02-27 16:00:00,824,2018-02-27 17:00:00,BUY,1328.18,1325.4189285714288,1325.4189285714288,1333.702142857143,0.1,-28.31071428571313,-276.1071428571313,-1.0,SL,2018Q1,2018,2
45,825,2018-02-27 17:30:00,825,2018-02-27 17:30:00,BUY,1325.05,1321.8657142857141,1321.8657142857141,1331.4185714285713,0.1,-32.54285714285807,-318.42857142858065,-1.0,SL,2018Q1,2018,0
46,829,2018-02-27 19:30:00,904,2018-03-01 11:00:00,BUY,1315.8,1311.0792857142856,1311.0792857142856,1325.2414285714285,0.1,-47.90714285714394,-472.07142857143936,-1.0,SL,2018Q1,2018,75
47,907,2018-03-01 12:30:00,910,2018-03-01 14:00:00,BUY,1311.37,1309.4424999999999,1309.4424999999999,1315.225,0.1,-19.97500000000009,-192.7500000000009,-1.0,SL,2018Q1,2018,3
48,914,2018-03-01 16:00:00,914,2018-03-01 16:00:00,BUY,1310.5,1307.577142857143,1307.577142857143,1316.3457142857144,0.1,-29.92857142857083,-292.2857142857083,-1.0,SL,2018Q1,2018,0
49,917,2018-03-01 17:30:00,925,2018-03-01 21:30:00,BUY,1305.53,1312.9057142857143,1301.8421428571428,1312.9057142857143,0.1,73.05714285714366,737.5714285714366,1.944117088006083,TP,2018Q1,2018,8
50,928,2018-03-01 23:00:00,954,2018-03-02 13:00:00,SELL,1314.96,1321.7207142857144,1321.7207142857144,1301.4385714285715,0.1,-68.30714285714357,-676.0714285714357,-1.0,SL,2018Q1,2018,26
51,961,2018-03-02 16:30:00,965,2018-03-02 18:30:00,SELL,1324.85,1318.172857142857,1328.1885714285713,1318.172857142857,0.1,66.07142857142826,667.7142857142826,1.9383906119027656,TP,2018Q1,2018,4
52,994,2018-03-05 10:00:00,1002,2018-03-05 14:00:00,SELL,1326.55,1322.8728571428571,1328.3885714285714,1322.8728571428571,0.1,36.07142857142826,367.7142857142826,1.8899700598802385,TP,2018Q1,2018,8
53,1007,2018-03-05 16:30:00,1007,2018-03-05 16:30:00,BUY,1321.65,1319.6207142857143,1319.6207142857143,1325.7085714285715,0.1,-20.992857142858337,-202.92857142858338,-1.0,SL,2018Q1,2018,0
54,1008,2018-03-05 17:00:00,1012,2018-03-05 19:00:00,BUY,1321.23,1319.2017857142857,1319.2017857142857,1325.2864285714286,0.1,-20.982142857142843,-202.82142857142844,-1.0,SL,2018Q1,2018,4
55,1015,2018-03-05 20:30:00,1043,2018-03-06 11:30:00,BUY,1319.24,1324.3121428571428,1316.7039285714286,1324.3121428571428,0.1,50.021428571428075,507.2142857142808,1.9194189392901184,TP,2018Q1,2018,28
56,1044,2018-03-06 12:00:00,1047,2018-03-06 13:30:00,SELL,1324.13,1326.0617857142859,1326.0617857142859,1320.2664285714288,0.1,-20.01785714285752,-193.1785714285752,-1.0,SL,2018Q1,2018,3
57,1049,2018-03-06 14:30:00,1050,2018-03-06 15:00:00,SELL,1326.99,1329.3567857142857,1329.3567857142857,1322.2564285714286,0.1,-24.367857142856973,-236.67857142856974,-1.0,SL,2018Q1,2018,1
58,1053,2018-03-06 16:30:00,1054,2018-03-06 17:00:00,SELL,1330.55,1333.2146428571427,1333.2146428571427,1325.2207142857142,0.1,-27.346428571427804,-266.46428571427805,-1.0,SL,2018Q1,2018,1
59,1069,2018-03-07 01:30:00,1086,2018-03-07 10:00:00,SELL,1337.96,1331.4328571428573,1341.2235714285714,1331.4328571428573,0.1,64.57142857142735,652.7142857142735,1.937004499678593,TP,2018Q1,2018,17
60,1087,2018-03-07 10:30:00,1094,2018-03-07 14:00:00,BUY,1332.47,1330.2060714285715,1330.2060714285715,1336.9978571428571,0.1,-23.339285714285506,-226.39285714285506,-1.0,SL,2018Q1,2018,7
61,1097,2018-03-07 15:30:00,1100,2018-03-07 17:00:00,BUY,1330.57,1328.4260714285713,1328.4260714285713,1334.8578571428573,0.1,-22.139285714286597,-214.39285714286598,-1.0,SL,2018Q1,2018,3
62,1101,2018-03-07 17:30:00,1102,2018-03-07 18:00:00,BUY,1329.1,1326.5071428571428,1326.5071428571428,1334.2857142857142,0.1,-26.628571428571558,-259.2857142857156,-1.0,SL,2018Q1,2018,1
63,1110,2018-03-07 22:00:00,1146,2018-03-08 17:00:00,BUY,1323.71,1320.095,1320.095,1330.94,0.1,-36.850000000000094,-361.5000000000009,-1.0,SL,2018Q1,2018,36
64,1184,2018-03-09 13:00:00,1188,2018-03-09 15:00:00,SELL,1319.72,1316.7264285714286,1321.2167857142858,1316.7264285714286,0.1,29.235714285713858,299.35714285713857,1.865967631638796,TP,2018Q1,2018,4
65,1190,2018-03-09 16:00:00,1192,2018-03-09 17:00:00,BUY,1316.12,1321.9314285714286,1313.2142857142856,1321.9314285714286,0.1,57.41428571428678,581.1428571428678,1.9294287085933761,TP,2018Q1,2018,2
66,1196,2018-03-09 19:00:00,1281,2018-03-13 14:30:00,SELL,1323.85,1315.0814285714284,1328.2342857142855,1315.0814285714284,0.1,86.98571428571476,876.8571428571477,1.9528543938422565,TP,2018Q1,2018,85
67,1282,2018-03-13 15:00:00,1284,2018-03-13 16:00:00,BUY,1324.84,1321.5646428571429,1321.5646428571429,1331.3907142857142,0.1,-33.45357142857047,-327.53571428570467,-1.0,SL,2018Q1,2018,2
68,1285,2018-03-13 16:30:00,1286,2018-03-13 17:00:00,SELL,1321.42,1325.6285714285714,1325.6285714285714,1313.0028571428572,0.1,-42.78571428571304,-420.8571428571304,-1.0,SL,2018Q1,2018,1
69,1291,2018-03-13 19:30:00,1379,2018-03-15 17:30:00,SELL,1326.26,1316.2507142857144,1331.264642857143,1316.2507142857144,0.1,99.39285714285624,1000.9285714285625,1.9586177774649425,TP,2018Q1,2018,88
70,1382,2018-03-15 19:00:00,1396,2018-03-16 03:00:00,BUY,1317.07,1314.3817857142858,1314.3817857142858,1322.4464285714284,0.1,-27.58214285714139,-268.8214285714139,-1.0,SL,2018Q1,2018,14
71,1408,2018-03-16 09:00:00,1411,2018-03-16 10:30:00,SELL,1317.47,1319.0557142857144,1319.0557142857144,1314.2985714285714,0.1,-16.557142857144026,-158.57142857144026,-1.0,SL,2018Q1,2018,3
72,1412,2018-03-16 11:00:00,1412,2018-03-16 11:00:00,SELL,1318.4,1319.767142857143,1319.767142857143,1315.6657142857143,0.1,-14.371428571428805,-136.71428571428805,-1.0,SL,2018Q1,2018,0
73,1414,2018-03-16 12:00:00,1416,2018-03-16 13:00:00,SELL,1319.78,1321.1878571428572,1321.1878571428572,1316.9642857142858,0.1,-14.778571428572103,-140.78571428572104,-1.0,SL,2018Q1,2018,2
74,1417,2018-03-16 13:30:00,1420,2018-03-16 15:00:00,SELL,1320.41,1317.2085714285715,1322.0107142857144,1317.2085714285715,0.1,31.314285714285507,320.14285714285506,1.8743052586575453,TP,2018Q1,2018,3
75,1421,2018-03-16 15:30:00,1421,2018-03-16 15:30:00,BUY,1316.62,1314.5371428571427,1314.5371428571427,1320.7857142857142,0.1,-21.52857142857165,-208.2857142857165,-1.0,SL,2018Q1,2018,0
76,1423,2018-03-16 16:30:00,1423,2018-03-16 16:30:00,BUY,1312.81,1310.2589285714284,1310.2589285714284,1317.912142857143,0.1,-26.21071428571504,-255.1071428571504,-1.0,SL,2018Q1,2018,0
77,1425,2018-03-16 17:30:00,1452,2018-03-19 08:00:00,BUY,1311.17,1308.2460714285714,1308.2460714285714,1317.0178571428573,0.1,-29.939285714286324,-292.39285714286325,-1.0,SL,2018Q1,2018,27
78,1453,2018-03-19 08:30:00,1460,2018-03-19 12:00:00,BUY,1309.02,1312.6007142857143,1307.2296428571428,1312.6007142857143,0.1,35.10714285714293,358.07142857142935,1.8871184488385488,TP,2018Q1,2018,7
79,1465,2018-03-19 14:30:00,1468,2018-03-19 16:00:00,SELL,1311.97,1314.4053571428572,1314.4053571428572,1307.0992857142855,0.1,-25.053571428571285,-243.53571428571286,-1.0,SL,2018Q1,2018,3
80,1469,2018-03-19 16:30:00,1471,2018-03-19 17:30:00,SELL,1312.28,1314.8,1314.8,1307.2399999999998,0.1,-25.899999999999817,-251.99999999999818,-1.0,SL,2018Q1,2018,2
81,1473,2018-03-19 18:30:00,1510,2018-03-20 14:00:00,SELL,1317.59,1311.3907142857142,1320.6896428571429,1311.3907142857142,0.1,61.29285714285679,619.9285714285679,1.9337464788731697,TP,2018Q1,2018,37
82,1512,2018-03-20 15:00:00,1513,2018-03-20 15:30:00,BUY,1312.13,1309.799642857143,1309.799642857143,1316.7907142857143,0.1,-24.003571428571103,-233.03571428571104,-1.0,SL,2018Q1,2018,1
83,1536,2018-03-21 04:00:00,1545,2018-03-21 08:30:00,SELL,1313.15,1314.9071428571428,1314.9071428571428,1309.6357142857144,0.1,-18.27142857142753,-175.71428571427532,-1.0,SL,2018Q1,2018,9
84,1550,2018-03-21 11:00:00,1557,2018-03-21 14:30:00,SELL,1316.53,1318.107142857143,1318.107142857143,1313.3757142857144,0.1,-16.47142857142917,-157.7142857142917,-1.0,SL,2018Q1,2018,7
85,1560,2018-03-21 16:00:00,1562,2018-03-21 17:00:00,SELL,1320.38,1323.299642857143,1323.299642857143,1314.5407142857146,0.1,-29.896428571428896,-291.96428571428896,-1.0,SL,2018Q1,2018,2
86,1564,2018-03-21 18:00:00,1569,2018-03-21 20:30:00,SELL,1324.85,1328.5571428571427,1328.5571428571427,1317.4357142857143,0.1,-37.77142857142799,-370.71428571427987,-1.0,SL,2018Q1,2018,5
87,1572,2018-03-21 22:00:00,1636,2018-03-23 08:00:00,SELL,1333.32,1339.5567857142855,1339.5567857142855,1320.8464285714285,0.1,-63.067857142855885,-623.6785714285588,-1.0,SL,2018Q1,2018,64
88,1653,2018-03-23 16:30:00,1697,2018-03-26 16:30:00,SELL,1347.08,1351.1974999999998,1351.1974999999998,1338.8450000000003,0.1,-41.874999999998366,-411.74999999998363,-1.0,SL,2018Q1,2018,44
89,1700,2018-03-26 18:00:00,1729,2018-03-27 09:30:00,SELL,1353.79,1356.5125,1356.5125,1348.345,0.1,-27.925000000000818,-272.2500000000082,-1.0,SL,2018Q1,2018,29
90,1734,2018-03-27 12:00:00,1735,2018-03-27 12:30:00,BUY,1351.45,1348.9835714285714,1348.9835714285714,1356.3828571428573,0.1,-25.364285714286506,-246.64285714286507,-1.0,SL,2018Q1,2018,1
91,1744,2018-03-27 17:00:00,1776,2018-03-28 10:00:00,BUY,1342.51,1338.952857142857,1338.952857142857,1349.6242857142856,0.1,-36.271428571429354,-355.7142857142935,-1.0,SL,2018Q1,2018,32
92,1777,2018-03-28 10:30:00,1783,2018-03-28 13:30:00,BUY,1340.07,1337.8874999999998,1337.8874999999998,1344.435,0.1,-22.52500000000118,-218.25000000001182,-1.0,SL,2018Q1,2018,6
93,1785,2018-03-28 14:30:00,1786,2018-03-28 15:00:00,BUY,1337.06,1334.1864285714285,1334.1864285714285,1342.807142857143,0.1,-29.435714285714948,-287.3571428571495,-1.0,SL,2018Q1,2018,1
94,1788,2018-03-28 16:00:00,1788,2018-03-28 16:00:00,BUY,1335.36,1332.2292857142857,1332.2292857142857,1341.6214285714286,0.1,-32.00714285714248,-313.0714285714248,-1.0,SL,2018Q1,2018,0
95,1789,2018-03-28 16:30:00,1791,2018-03-28 17:30:00,BUY,1334.0,1330.6367857142857,1330.6367857142857,1340.7264285714286,0.1,-34.33214285714321,-336.3214285714321,-1.0,SL,2018Q1,2018,2
96,1793,2018-03-28 18:30:00,1794,2018-03-28 19:00:00,BUY,1330.17,1326.6139285714285,1326.6139285714285,1337.282142857143,0.1,-36.26071428571613,-355.6071428571613,-1.0,SL,2018Q1,2018,1
97,1798,2018-03-28 21:00:00,1833,2018-03-29 15:30:00,BUY,1325.64,1321.8675,1321.8675,1333.1850000000002,0.1,-38.42500000000037,-377.25000000000364,-1.0,SL,2018Q1,2018,35
98,1840,2018-03-29 19:00:00,1856,2018-04-02 04:00:00,BUY,1322.73,1328.142857142857,1320.0235714285714,1328.142857142857,0.1,53.42857142857092,541.2857142857092,1.9243632621558246,TP,2018Q1,2018,16
99,1859,2018-04-02 05:30:00,1868,2018-04-02 10:00:00,SELL,1329.36,1331.4396428571429,1331.4396428571429,1325.2007142857142,0.1,-21.496428571429714,-207.96428571429715,-1.0,SL,2018Q2,2018,9
100,1879,2018-04-02 15:30:00,1880,2018-04-02 16:00:00,SELL,1334.23,1335.8992857142857,1335.8992857142857,1330.8914285714286,0.1,-17.392857142857064,-166.92857142857065,-1.0,SL,2018Q2,2018,1
101,1883,2018-04-02 17:30:00,1884,2018-04-02 18:00:00,SELL,1336.36,1338.7514285714285,1338.7514285714285,1331.5771428571427,0.1,-24.61428571428605,-239.14285714286052,-1.0,SL,2018Q2,2018,1
102,1885,2018-04-02 18:30:00,1886,2018-04-02 19:00:00,SELL,1336.74,1339.3328571428572,1339.3328571428572,1331.5542857142857,0.1,-26.628571428571558,-259.2857142857156,-1.0,SL,2018Q2,2018,1
103,1891,2018-04-02 21:30:00,1926,2018-04-03 16:00:00,SELL,1342.73,1335.1399999999999,1346.525,1335.1399999999999,0.1,75.20000000000145,759.0000000000146,1.945666235446314,TP,2018Q2,2018,35
104,1928,2018-04-03 17:00:00,1929,2018-04-03 17:30:00,BUY,1334.24,1331.2164285714287,1331.2164285714287,1340.287142857143,0.1,-30.935714285713583,-302.35714285713584,-1.0,SL,2018Q2,2018,1
105,1952,2018-04-04 06:00:00,1961,2018-04-04 10:30:00,SELL,1334.59,1336.455357142857,1336.455357142857,1330.8592857142855,0.1,-19.35357142857192,-186.53571428571922,-1.0,SL,2018Q2,2018,9
106,1971,2018-04-04 15:30:00,1975,2018-04-04 17:30:00,SELL,1346.13,1338.199285714286,1350.0953571428572,1338.199285714286,0.1,78.60714285714202,793.0714285714203,1.947959996459863,TP,2018Q2,2018,4
107,1984,2018-04-04 22:00:00,2000,2018-04-05 07:00:00,BUY,1333.65,1329.0610714285715,1329.0610714285715,1342.8278571428573,0.1,-46.589285714285964,-458.8928571428596,-1.0,SL,2018Q2,2018,16
108,2002,2018-04-05 08:00:00,2004,2018-04-05 09:00:00,BUY,1328.7,1326.765,1326.765,1332.57,0.1,-20.049999999999454,-193.49999999999454,-1.0,SL,2018Q2,2018,2
109,2007,2018-04-05 10:30:00,2017,2018-04-05 15:30:00,BUY,1326.9,1324.8889285714286,1324.8889285714286,1330.922142857143,0.1,-20.810714285715402,-201.10714285715403,-1.0,SL,2018Q2,2018,10
110,2020,2018-04-05 17:00:00,2021,2018-04-05 17:30:00,BUY,1327.3,1323.6346428571428,1323.6346428571428,1334.6307142857142,0.1,-37.35357142857147,-366.5357142857147,-1.0,SL,2018Q2,2018,1
111,2038,2018-04-06 03:00:00,2040,2018-04-06 04:00:00,SELL,1330.86,1332.9096428571427,1332.9096428571427,1326.7607142857144,0.1,-21.196428571427713,-204.96428571427714,-1.0,SL,2018Q2,2018,2
112,2041,2018-04-06 04:30:00,2047,2018-04-06 07:30:00,SELL,1332.17,1328.1842857142858,1334.1628571428573,1328.1842857142858,0.1,39.15714285714266,398.5714285714266,1.8981994459832743,TP,2018Q2,2018,6
113,2087,2018-04-09 04:30:00,2098,2018-04-09 10:00:00,BUY,1330.96,1328.8353571428572,1328.8353571428572,1335.2092857142857,0.1,-21.946428571428168,-212.4642857142817,-1.0,SL,2018Q2,2018,11
114,2099,2018-04-09 10:30:00,2101,2018-04-09 11:30:00,BUY,1330.03,1328.1239285714287,1328.1239285714287,1333.8421428571428,0.1,-19.760714285712947,-190.60714285712947,-1.0,SL,2018Q2,2018,2
115,2102,2018-04-09 12:00:00,2104,2018-04-09 13:00:00,BUY,1329.04,1327.1842857142856,1327.1842857142856,1332.7514285714285,0.1,-19.257142857143844,-185.57142857143845,-1.0,SL,2018Q2,2018,2
116,2111,2018-04-09 16:30:00,2117,2018-04-09 19:30:00,SELL,1333.45,1335.994642857143,1335.994642857143,1328.3607142857143,0.1,-26.146428571428896,-254.46428571428896,-1.0,SL,2018Q2,2018,6
117,2119,2018-04-09 20:30:00,2156,2018-04-10 16:00:00,SELL,1336.11,1339.1774999999998,1339.1774999999998,1329.975,0.1,-31.374999999998817,-306.7499999999882,-1.0,SL,2018Q2,2018,37
118,2158,2018-04-10 17:00:00,2164,2018-04-10 20:00:00,SELL,1338.79,1342.2292857142857,1342.2292857142857,1331.9114285714284,0.1,-35.092857142856886,-343.92857142856883,-1.0,SL,2018Q2,2018,6
119,2178,2018-04-11 04:00:00,2188,2018-04-11 09:00:00,SELL,1341.6,1343.9978571428571,1343.9978571428571,1336.8042857142855,0.1,-24.678571428572194,-239.78571428572195,-1.0,SL,2018Q2,2018,10
120,2190,2018-04-11 10:00:00,2196,2018-04-11 13:00:00,SELL,1344.57,1346.3539285714285,1346.3539285714285,1341.0021428571429,0.1,-18.539285714285324,-178.39285714285325,-1.0,SL,2018Q2,2018,6
121,2200,2018-04-11 15:00:00,2200,2018-04-11 15:00:00,SELL,1348.63,1351.4789285714287,1351.4789285714287,1342.932142857143,0.1,-29.18928571428587,-284.8928571428587,-1.0,SL,2018Q2,2018,0
122,2208,2018-04-11 19:00:00,2212,2018-04-11 21:00:00,SELL,1361.13,1350.5378571428573,1366.4260714285715,1350.5378571428573,0.1,105.2214285714279,1059.214285714279,1.9608652246256235,TP,2018Q2,2018,4
123,2238,2018-04-12 11:00:00,2240,2018-04-12 12:00:00,BUY,1348.99,1346.4335714285714,1346.4335714285714,1354.1028571428571,0.1,-26.264285714285688,-255.64285714285688,-1.0,SL,2018Q2,2018,2
124,2241,2018-04-12 12:30:00,2243,2018-04-12 13:30:00,BUY,1347.15,1344.4607142857144,1344.4607142857144,1352.5285714285715,0.1,-27.592857142856882,-268.92857142856883,-1.0,SL,2018Q2,2018,2
125,2244,2018-04-12 14:00:00,2246,2018-04-12 15:00:00,BUY,1345.59,1342.572857142857,1342.572857142857,1351.6242857142856,0.1,-30.871428571429714,-301.71428571429715,-1.0,SL,2018Q2,2018,2
126,2251,2018-04-12 17:30:00,2261,2018-04-12 22:30:00,BUY,1338.98,1334.3428571428572,1334.3428571428572,1348.2542857142857,0.1,-47.071428571428626,-463.71428571428623,-1.0,SL,2018Q2,2018,10
127,2262,2018-04-12 23:00:00,2295,2018-04-13 16:30:00,BUY,1335.55,1343.6799999999998,1331.485,1343.6799999999998,0.1,80.59999999999881,812.9999999999882,1.949214026602122,TP,2018Q2,2018,33
128,2299,2018-04-13 18:30:00,2341,2018-04-16 16:30:00,SELL,1345.22,1348.9217857142858,1348.9217857142858,1337.8164285714286,0.1,-37.71785714285734,-370.1785714285734,-1.0,SL,2018Q2,2018,42
129,2367,2018-04-17 06:30:00,2367,2018-04-17 06:30:00,BUY,1345.77,1343.8521428571428,1343.8521428571428,1349.6057142857144,0.1,-19.878571428572013,-191.78571428572013,-1.0,SL,2018Q2,2018,0
130,2368,2018-04-17 07:00:00,2375,2018-04-17 10:30:00,BUY,1345.19,1343.1435714285715,1343.1435714285715,1349.2828571428572,0.1,-21.16428571428578,-204.6428571428578,-1.0,SL,2018Q2,2018,7
131,2378,2018-04-17 12:00:00,2385,2018-04-17 15:30:00,BUY,1342.55,1339.5960714285713,1339.5960714285713,1348.4578571428572,0.1,-30.23928571428605,-295.3928571428605,-1.0,SL,2018Q2,2018,7
132,2398,2018-04-17 22:00:00,2427,2018-04-18 13:30:00,SELL,1346.36,1349.8207142857143,1349.8207142857143,1339.4385714285713,0.1,-35.30714285714403,-346.07142857144026,-1.0,SL,2018Q2,2018,29
133,2430,2018-04-18 15:00:00,2430,2018-04-18 15:00:00,SELL,1350.0,1353.2014285714286,1353.2014285714286,1343.5971428571427,0.1,-32.71428571428551,-320.14285714285506,-1.0,SL,2018Q2,2018,0
134,2433,2018-04-18 16:30:00,2470,2018-04-19 12:00:00,SELL,1353.4,1346.3092857142858,1356.9453571428573,1346.3092857142858,0.1,70.20714285714284,709.0714285714284,1.9419144522374177,TP,2018Q2,2018,37
135,2471,2018-04-19 12:30:00,2481,2018-04-19 17:30:00,BUY,1348.6,1345.6514285714286,1345.6514285714286,1354.4971428571428,0.1,-30.18571428571313,-294.8571428571313,-1.0,SL,2018Q2,2018,10
136,2509,2018-04-20 08:30:00,2513,2018-04-20 10:30:00,BUY,1342.54,1340.5964285714285,1340.5964285714285,1346.4271428571428,0.1,-20.13571428571431,-194.35714285714312,-1.0,SL,2018Q2,2018,4
137,2518,2018-04-20 13:00:00,2524,2018-04-20 16:00:00,BUY,1340.78,1338.5632142857144,1338.5632142857144,1345.2135714285714,0.1,-22.867857142856064,-221.67857142856064,-1.0,SL,2018Q2,2018,6
138,2526,2018-04-20 17:00:00,2540,2018-04-23 01:00:00,BUY,1336.82,1333.3646428571428,1333.3646428571428,1343.7307142857142,0.1,-35.25357142857111,-345.53571428571104,-1.0,SL,2018Q2,2018,14
139,2559,2018-04-23 10:30:00,2561,2018-04-23 11:30:00,BUY,1332.45,1330.4732142857144,1330.4732142857144,1336.4035714285715,0.1,-20.467857142855973,-197.67857142855974,-1.0,SL,2018Q2,2018,2
140,2564,2018-04-23 13:00:00,2568,2018-04-23 15:00:00,BUY,1328.58,1326.36,1326.36,1333.0199999999998,0.1,-22.900000000000272,-222.00000000000273,-1.0,SL,2018Q2,2018,4
141,2570,2018-04-23 16:00:00,2572,2018-04-23 17:00:00,BUY,1325.81,1322.8507142857143,1322.8507142857143,1331.7285714285713,0.1,-30.2928571428567,-295.928571428567,-1.0,SL,2018Q2,2018,2
142,2579,2018-04-23 20:30:00,2617,2018-04-24 16:30:00,BUY,1322.65,1328.502142857143,1319.7239285714286,1328.502142857143,0.1,57.821428571430076,585.2142857143008,1.9299082131362515,TP,2018Q2,2018,38
143,2619,2018-04-24 17:30:00,2623,2018-04-24 19:30:00,SELL,1329.39,1332.3482142857144,1332.3482142857144,1323.4735714285714,0.1,-30.28214285714348,-295.8214285714348,-1.0,SL,2018Q2,2018,4
144,2627,2018-04-24 21:30:00,2648,2018-04-25 09:00:00,SELL,1332.1,1324.9792857142857,1335.660357142857,1324.9792857142857,0.1,70.50714285714257,712.0714285714257,1.9421544515494338,TP,2018Q2,2018,21
145,2653,2018-04-25 11:30:00,2659,2018-04-25 14:30:00,BUY,1324.66,1322.7517857142857,1322.7517857142857,1328.4764285714286,0.1,-19.782142857143935,-190.82142857143936,-1.0,SL,2018Q2,2018,6
146,2662,2018-04-25 16:00:00,2696,2018-04-26 10:00:00,BUY,1320.75,1325.892857142857,1318.1785714285713,1325.892857142857,0.1,50.7285714285711,514.285714285711,1.920497566251945,TP,2018Q2,2018,34
147,2697,2018-04-26 10:30:00,2700,2018-04-26 12:00:00,SELL,1325.17,1321.615,1326.9475000000002,1321.615,0.1,34.850000000000634,355.50000000000637,1.8863328822732282,TP,2018Q2,2018,3
148,2701,2018-04-26 12:30:00,2710,2018-04-26 17:00:00,BUY,1322.44,1320.5275,1320.5275,1326.265,0.1,-19.825000000001364,-191.25000000001364,-1.0,SL,2018Q2,2018,9
149,2713,2018-04-26 18:30:00,2765,2018-04-27 21:30:00,BUY,1317.19,1324.8657142857144,1313.352142857143,1324.8657142857144,0.1,76.0571428571432,767.5714285714321,1.9462621093036574,TP,2018Q2,2018,52
150,2771,2018-04-30 01:30:00,2786,2018-04-30 09:00:00,SELL,1323.18,1318.892142857143,1325.3239285714287,1318.892142857143,0.1,42.17857142857092,428.7857142857092,1.9051459912888187,TP,2018Q2,2018,15
151,2788,2018-04-30 10:00:00,2788,2018-04-30 10:00:00,BUY,1318.77,1316.8714285714286,1316.8714285714286,1322.5671428571427,0.1,-19.685714285713583,-189.85714285713584,-1.0,SL,2018Q2,2018,0
152,2792,2018-04-30 12:00:00,2795,2018-04-30 13:30:00,BUY,1317.38,1315.3667857142857,1315.3667857142857,1321.4064285714287,0.1,-20.832142857144117,-201.32142857144117,-1.0,SL,2018Q2,2018,3
153,2796,2018-04-30 14:00:00,2796,2018-04-30 14:00:00,BUY,1316.7,1314.6653571428571,1314.6653571428571,1320.7692857142858,0.1,-21.046428571428986,-203.46428571428987,-1.0,SL,2018Q2,2018,0
154,2798,2018-04-30 15:00:00,2800,2018-04-30 16:00:00,BUY,1313.82,1311.4596428571426,1311.4596428571426,1318.5407142857143,0.1,-24.303571428573104,-236.03571428573105,-1.0,SL,2018Q2,2018,2
155,2809,2018-04-30 20:30:00,2833,2018-05-01 09:30:00,SELL,1318.41,1310.5435714285713,1322.3432142857143,1310.5435714285713,0.1,77.96428571428741,786.6428571428742,1.9475421536266062,TP,2018Q2,2018,24
156,2834,2018-05-01 10:00:00,2836,2018-05-01 11:00:00,BUY,1311.24,1309.847142857143,1309.847142857143,1314.0257142857142,0.1,-14.628571428571103,-139.28571428571104,-1.0,SL,2018Q2,2018,2
157,2839,2018-05-01 12:30:00,2841,2018-05-01 13:30:00,BUY,1309.33,1307.7603571428572,1307.7603571428572,1312.4692857142854,0.1,-16.39642857142753,-156.96428571427532,-1.0,SL,2018Q2,2018,2
158,2842,2018-05-01 14:00:00,2844,2018-05-01 15:00:00,BUY,1308.49,1306.7382142857143,1306.7382142857143,1311.9935714285712,0.1,-18.217857142856882,-175.17857142856883,-1.0,SL,2018Q2,2018,2
159,2845,2018-05-01 15:30:00,2846,2018-05-01 16:00:00,BUY,1308.94,1306.9267857142859,1306.9267857142859,1312.9664285714284,0.1,-20.832142857141843,-201.32142857141844,-1.0,SL,2018Q2,2018,1
160,2869,2018-05-02 04:30:00,2869,2018-05-02 04:30:00,SELL,1307.85,1309.797857142857,1309.797857142857,1303.9542857142856,0.1,-20.17857142857174,-194.7857142857174,-1.0,SL,2018Q2,2018,0
161,2873,2018-05-02 06:30:00,2873,2018-05-02 06:30:00,SELL,1309.95,1311.9117857142858,1311.9117857142858,1306.0264285714286,0.1,-20.317857142857246,-196.17857142857247,-1.0,SL,2018Q2,2018,0
162,2895,2018-05-02 17:30:00,2902,2018-05-02 21:00:00,BUY,1305.95,1310.6964285714287,1303.5767857142857,1310.6964285714287,0.1,46.76428571428623,474.64285714286234,1.914047653851777,TP,2018Q2,2018,7
163,2906,2018-05-02 23:00:00,2930,2018-05-03 12:00:00,BUY,1304.72,1312.4042857142858,1300.8778571428572,1312.4042857142858,0.1,76.14285714285806,768.4285714285807,1.9463209786379974,TP,2018Q2,2018,24
164,2932,2018-05-03 13:00:00,2935,2018-05-03 14:30:00,SELL,1312.27,1314.6239285714287,1314.6239285714287,1307.5621428571428,0.1,-24.23928571428696,-235.39285714286962,-1.0,SL,2018Q2,2018,3
165,2937,2018-05-03 15:30:00,2975,2018-05-04 11:30:00,SELL,1315.74,1309.2364285714284,1318.9917857142857,1309.2364285714284,0.1,64.33571428571604,650.3571428571604,1.9367809912913267,TP,2018Q2,2018,38
166,2977,2018-05-04 12:30:00,2983,2018-05-04 15:30:00,BUY,1309.38,1312.9264285714287,1307.606785714286,1312.9264285714287,0.1,34.764285714285776,354.6428571428578,1.8860685913583803,TP,2018Q2,2018,6
167,2984,2018-05-04 16:00:00,2984,2018-05-04 16:00:00,SELL,1313.19,1308.212142857143,1315.6789285714285,1308.212142857143,0.1,49.078571428571465,497.7857142857147,1.9179344033497014,TP,2018Q2,2018,0
168,2985,2018-05-04 16:30:00,3000,2018-05-07 01:00:00,BUY,1309.38,1315.1421428571427,1306.4989285714287,1315.1421428571427,0.1,56.92142857142635,576.2142857142635,1.9288394045745327,TP,2018Q2,2018,15
169,3016,2018-05-07 09:00:00,3016,2018-05-07 09:00:00,BUY,1315.02,1312.9864285714286,1312.9864285714286,1319.087142857143,0.1,-21.035714285713492,-203.35714285713493,-1.0,SL,2018Q2,2018,0
170,3029,2018-05-07 15:30:00,3050,2018-05-08 03:00:00,BUY,1312.24,1316.845,1309.9375,1316.845,0.1,45.35000000000018,460.5000000000018,1.9114857744994733,TP,2018Q2,2018,21
171,3054,2018-05-08 05:00:00,3057,2018-05-08 06:30:00,BUY,1313.84,1312.1364285714285,1312.1364285714285,1317.2471428571428,0.1,-17.73571428571422,-170.3571428571422,-1.0,SL,2018Q2,2018,3
172,3061,2018-05-08 08:30:00,3068,2018-05-08 12:00:00,BUY,1311.48,1309.6157142857144,1309.6157142857144,1315.2085714285713,0.1,-19.342857142856428,-186.42857142856428,-1.0,SL,2018Q2,2018,7
173,3079,2018-05-08 17:30:00,3082,2018-05-08 19:00:00,BUY,1307.82,1313.5521428571428,1304.9539285714284,1313.5521428571428,0.1,56.62142857142889,573.214285714289,1.9284758545188407,TP,2018Q2,2018,3
174,3083,2018-05-08 19:30:00,3086,2018-05-08 21:00:00,SELL,1314.24,1317.5089285714287,1317.5089285714287,1307.702142857143,0.1,-33.3892857142866,-326.892857142866,-1.0,SL,2018Q2,2018,3
175,3087,2018-05-08 21:30:00,3110,2018-05-09 10:00:00,SELL,1314.06,1305.9942857142855,1318.0928571428572,1305.9942857142855,0.1,79.9571428571442,806.5714285714421,1.9488161559888586,TP,2018Q2,2018,23
176,3112,2018-05-09 11:00:00,3119,2018-05-09 14:30:00,BUY,1306.33,1311.1535714285715,1303.9182142857142,1311.1535714285715,0.1,47.5357142857154,482.35714285715403,1.9153835084184794,TP,2018Q2,2018,7
177,3120,2018-05-09 15:00:00,3121,2018-05-09 15:30:00,SELL,1311.27,1314.1810714285714,1314.1810714285714,1305.4478571428572,0.1,-29.810714285714038,-291.1071428571404,-1.0,SL,2018Q2,2018,1
178,3123,2018-05-09 16:30:00,3124,2018-05-09 17:00:00,SELL,1312.9,1316.159285714286,1316.159285714286,1306.3814285714286,0.1,-33.29285714285852,-325.9285714285852,-1.0,SL,2018Q2,2018,1
179,3126,2018-05-09 18:00:00,3167,2018-05-10 15:30:00,SELL,1315.46,1318.7492857142859,1318.7492857142859,1308.8814285714286,0.1,-33.59285714285825,-328.9285714285825,-1.0,SL,2018Q2,2018,41
180,3169,2018-05-10 16:30:00,3207,2018-05-11 12:30:00,SELL,1321.05,1323.8721428571428,1323.8721428571428,1315.4057142857143,0.1,-28.921428571428077,-282.2142857142808,-1.0,SL,2018Q2,2018,38
181,3210,2018-05-11 14:00:00,3224,2018-05-11 21:00:00,SELL,1324.25,1320.3328571428572,1326.2085714285715,1320.3328571428572,0.1,38.47142857142835,391.7142857142835,1.8964788732393296,TP,2018Q2,2018,14
182,3226,2018-05-11 22:00:00,3229,2018-05-11 23:30:00,BUY,1320.13,1317.5853571428572,1317.5853571428572,1325.219285714286,0.1,-26.146428571428896,-254.46428571428896,-1.0,SL,2018Q2,2018,3
183,3256,2018-05-14 14:00:00,3268,2018-05-14 20:00:00,BUY,1319.85,1317.8335714285713,1317.8335714285713,1323.8828571428571,0.1,-20.86428571428605,-201.64285714286052,-1.0,SL,2018Q2,2018,12
184,3269,2018-05-14 20:30:00,3269,2018-05-14 20:30:00,BUY,1318.33,1316.2632142857142,1316.2632142857142,1322.4635714285714,0.1,-21.367857142857428,-206.6785714285743,-1.0,SL,2018Q2,2018,0
185,3276,2018-05-15 01:00:00,3290,2018-05-15 08:00:00,BUY,1312.92,1310.8114285714287,1310.8114285714287,1317.1371428571429,0.1,-21.785714285713947,-210.85714285713948,-1.0,SL,2018Q2,2018,14
186,3291,2018-05-15 08:30:00,3292,2018-05-15 09:00:00,BUY,1312.33,1311.0024999999998,1311.0024999999998,1314.985,0.1,-13.975000000001,-132.75000000001,-1.0,SL,2018Q2,2018,1
187,3298,2018-05-15 12:00:00,3302,2018-05-15 14:00:00,BUY,1309.98,1308.2882142857143,1308.2882142857143,1313.3635714285715,0.1,-17.617857142857428,-169.1785714285743,-1.0,SL,2018Q2,2018,4
188,3304,2018-05-15 15:00:00,3305,2018-05-15 15:30:00,BUY,1307.1,1305.1285714285714,1305.1285714285714,1311.042857142857,0.1,-20.414285714285324,-197.14285714285325,-1.0,SL,2018Q2,2018,1
189,3313,2018-05-15 19:30:00,3316,2018-05-15 21:00:00,BUY,1292.9,1288.8628571428571,1288.8628571428571,1300.9742857142858,0.1,-41.071428571429536,-403.71428571429533,-1.0,SL,2018Q2,2018,3
190,3317,2018-05-15 21:30:00,3392,2018-05-17 13:00:00,BUY,1290.16,1285.9696428571428,1285.9696428571428,1298.5407142857143,0.1,-42.60357142857238,-419.03571428572377,-1.0,SL,2018Q2,2018,75
191,3406,2018-05-17 20:00:00,3476,2018-05-21 09:00:00,SELL,1291.27,1284.922857142857,1294.4435714285714,1284.922857142857,0.1,62.771428571428984,634.7142857142899,1.935256551420392,TP,2018Q2,2018,70
192,3479,2018-05-21 10:30:00,3489,2018-05-21 15:30:00,BUY,1283.31,1287.2164285714284,1281.3567857142857,1287.2164285714284,0.1,38.364285714284776,390.6428571428478,1.8962047661076762,TP,2018Q2,2018,10
193,3491,2018-05-21 16:30:00,3498,2018-05-21 20:00:00,SELL,1289.05,1291.5528571428572,1291.5528571428572,1284.0442857142857,0.1,-25.728571428572376,-250.28571428572377,-1.0,SL,2018Q2,2018,7
194,3501,2018-05-21 21:30:00,3526,2018-05-22 11:00:00,SELL,1290.69,1293.6610714285714,1293.6610714285714,1284.7478571428571,0.1,-30.410714285713492,-297.10714285713493,-1.0,SL,2018Q2,2018,25
195,3552,2018-05-23 01:00:00,3568,2018-05-23 09:00:00,BUY,1291.61,1289.6289285714286,1289.6289285714286,1295.5721428571428,0.1,-20.5107142857134,-198.10714285713402,-1.0,SL,2018Q2,2018,16
196,3570,2018-05-23 10:00:00,3574,2018-05-23 12:00:00,BUY,1290.44,1294.462142857143,1288.4289285714287,1294.462142857143,0.1,39.52142857142853,402.2142857142853,1.8990904410503868,TP,2018Q2,2018,4
197,3602,2018-05-24 03:00:00,3616,2018-05-24 10:00:00,SELL,1294.86,1297.3360714285714,1297.3360714285714,1289.9078571428568,0.1,-25.460714285714584,-247.60714285714585,-1.0,SL,2018Q2,2018,14
198,3621,2018-05-24 12:30:00,3627,2018-05-24 15:30:00,SELL,1296.64,1298.6885714285715,1298.6885714285715,1292.5428571428574,0.1,-21.185714285714493,-204.85714285714494,-1.0,SL,2018Q2,2018,6
199,3629,2018-05-24 16:30:00,3629,2018-05-24 16:30:00,SELL,1298.98,1301.0435714285713,1301.0435714285713,1294.8528571428574,0.1,-21.33571428571322,-206.3571428571322,-1.0,SL,2018Q2,2018,0
200,3666,2018-05-25 12:00:00,3668,2018-05-25 13:00:00,SELL,1304.94,1306.2857142857142,1306.2857142857142,1302.2485714285715,0.1,-14.157142857141661,-134.57142857141662,-1.0,SL,2018Q2,2018,2
201,3675,2018-05-25 16:30:00,3690,2018-05-28 01:00:00,SELL,1304.71,1299.1964285714284,1307.4667857142858,1299.1964285714284,0.1,54.435714285715946,551.3571428571595,1.9257106759317772,TP,2018Q2,2018,15
202,3707,2018-05-28 09:30:00,3733,2018-05-29 03:30:00,BUY,1296.67,1300.537857142857,1294.7360714285714,1300.537857142857,0.1,37.97857142857019,386.78571428570194,1.8952058456601992,TP,2018Q2,2018,26
203,3734,2018-05-29 04:00:00,3745,2018-05-29 09:30:00,SELL,1299.99,1296.7371428571428,1301.6164285714285,1296.7371428571428,0.1,31.828571428572378,325.28571428572377,1.8762105263159188,TP,2018Q2,2018,11
204,3747,2018-05-29 10:30:00,3748,2018-05-29 11:00:00,BUY,1297.38,1301.5328571428574,1295.3035714285716,1301.5328571428574,0.1,40.828571428573284,415.28571428573287,1.9021630615641647,TP,2018Q2,2018,1
205,3759,2018-05-29 16:30:00,3836,2018-05-31 09:00:00,BUY,1296.56,1305.8342857142857,1291.922857142857,1305.8342857142857,0.1,92.04285714285724,927.4285714285725,1.9553869499241274,TP,2018Q2,2018,77
206,3865,2018-05-31 23:30:00,3891,2018-06-01 13:30:00,BUY,1298.95,1296.1910714285714,1296.1910714285714,1304.4678571428572,0.1,-28.289285714286688,-275.8928571428669,-1.0,SL,2018Q2,2018,26
207,3892,2018-06-01 14:00:00,3892,2018-06-01 14:00:00,BUY,1298.21,1296.5407142857143,1296.5407142857143,1301.5485714285714,0.1,-17.392857142857064,-166.92857142857065,-1.0,SL,2018Q2,2018,0
208,3917,2018-06-04 03:30:00,3925,2018-06-04 07:30:00,BUY,1293.15,1290.9975000000002,1290.9975000000002,1297.4550000000002,0.1,-22.22499999999918,-215.24999999999181,-1.0,SL,2018Q2,2018,8
209,3927,2018-06-04 08:30:00,3935,2018-06-04 12:30:00,BUY,1291.61,1294.9464285714284,1289.9417857142857,1294.9464285714284,0.1,32.66428571428541,333.64285714285415,1.8791863570989507,TP,2018Q2,2018,8
210,3936,2018-06-04 13:00:00,3939,2018-06-04 14:30:00,SELL,1293.86,1295.8614285714284,1295.8614285714284,1289.8571428571427,0.1,-20.71428571428505,-200.14285714285052,-1.0,SL,2018Q2,2018,3
211,3941,2018-06-04 15:30:00,3955,2018-06-04 22:30:00,SELL,1296.57,1292.1321428571428,1298.7889285714286,1292.1321428571428,0.1,43.67857142857183,443.7857142857183,1.9082540177873923,TP,2018Q2,2018,14
212,3957,2018-06-04 23:30:00,3972,2018-06-05 08:00:00,BUY,1291.92,1290.1575,1290.1575,1295.445,0.1,-18.325000000000454,-176.25000000000455,-1.0,SL,2018Q2,2018,15
213,3977,2018-06-05 10:30:00,3988,2018-06-05 16:00:00,SELL,1292.12,1293.9039285714284,1293.9039285714284,1288.5521428571428,0.1,-18.539285714285324,-178.39285714285325,-1.0,SL,2018Q2,2018,11
214,3989,2018-06-05 16:30:00,3992,2018-06-05 18:00:00,SELL,1293.44,1295.469285714286,1295.469285714286,1289.3814285714286,0.1,-20.992857142858337,-202.92857142858338,-1.0,SL,2018Q2,2018,3
215,3996,2018-06-05 20:00:00,4036,2018-06-06 17:00:00,SELL,1298.32,1301.4464285714284,1301.4464285714284,1292.0671428571427,0.1,-31.96428571428505,-312.6428571428505,-1.0,SL,2018Q2,2018,40
216,4037,2018-06-06 17:30:00,4078,2018-06-07 15:00:00,SELL,1299.46,1301.8653571428572,1301.8653571428572,1294.6492857142857,0.1,-24.753571428571558,-240.53571428571558,-1.0,SL,2018Q2,2018,41
217,4080,2018-06-07 16:00:00,4080,2018-06-07 16:00:00,SELL,1301.31,1297.0007142857141,1303.4646428571427,1297.0007142857141,0.1,42.39285714285806,430.92857142858065,1.905602825493758,TP,2018Q2,2018,0
218,4082,2018-06-07 17:00:00,4110,2018-06-08 08:00:00,BUY,1296.46,1293.537142857143,1293.537142857143,1302.3057142857144,0.1,-29.92857142857083,-292.2857142857083,-1.0,SL,2018Q2,2018,28
219,4117,2018-06-08 11:30:00,4149,2018-06-11 04:30:00,SELL,1298.25,1300.7421428571429,1300.7421428571429,1293.2657142857145,0.1,-25.621428571428805,-249.21428571428805,-1.0,SL,2018Q2,2018,32
220,4157,2018-06-11 08:30:00,4159,2018-06-11 09:30:00,BUY,1298.8,1297.4264285714285,1297.4264285714285,1301.5471428571427,0.1,-14.435714285714948,-137.35714285714948,-1.0,SL,2018Q2,2018,2
221,4161,2018-06-11 10:30:00,4162,2018-06-11 11:00:00,BUY,1297.44,1295.8842857142859,1295.8842857142859,1300.5514285714285,0.1,-16.257142857142025,-155.57142857142026,-1.0,SL,2018Q2,2018,1
222,4166,2018-06-11 13:00:00,4167,2018-06-11 13:30:00,BUY,1295.69,1294.2039285714286,1294.2039285714286,1298.6621428571427,0.1,-15.560714285714493,-148.60714285714494,-1.0,SL,2018Q2,2018,1
223,4168,2018-06-11 14:00:00,4170,2018-06-11 15:00:00,BUY,1295.64,1299.012857142857,1293.9535714285716,1299.012857142857,0.1,33.02857142856901,337.2857142856901,1.8804392029280113,TP,2018Q2,2018,2
224,4192,2018-06-12 03:00:00,4192,2018-06-12 03:00:00,BUY,1298.29,1296.975357142857,1296.975357142857,1300.9192857142857,0.1,-13.846428571428714,-131.46428571428714,-1.0,SL,2018Q2,2018,0
225,4202,2018-06-12 08:00:00,4216,2018-06-12 15:00:00,BUY,1297.1,1295.258214285714,1295.258214285714,1300.7835714285713,0.1,-19.117857142858337,-184.17857142858338,-1.0,SL,2018Q2,2018,14
226,4220,2018-06-12 17:00:00,4254,2018-06-13 11:00:00,SELL,1298.43,1293.45,1300.92,1293.45,0.1,49.10000000000018,498.0000000000018,1.9179687500000002,TP,2018Q2,2018,34
227,4265,2018-06-13 16:30:00,4268,2018-06-13 18:00:00,SELL,1296.4,1298.2632142857144,1298.2632142857144,1292.6735714285714,0.1,-19.332142857143207,-186.32142857143208,-1.0,SL,2018Q2,2018,3
228,4270,2018-06-13 19:00:00,4274,2018-06-13 21:00:00,SELL,1297.64,1294.0571428571427,1299.4314285714288,1294.0571428571427,0.1,35.12857142857392,358.28571428573923,1.8871834228703068,TP,2018Q2,2018,4
229,4276,2018-06-13 22:00:00,4307,2018-06-14 14:30:00,BUY,1299.78,1305.6707142857142,1296.8346428571429,1305.6707142857142,0.1,58.20714285714239,589.0714285714239,1.930356508350112,TP,2018Q2,2018,31
230,4308,2018-06-14 15:00:00,4308,2018-06-14 15:00:00,SELL,1303.14,1305.2110714285716,1305.2110714285716,1298.9978571428571,0.1,-21.410714285714857,-207.10714285714857,-1.0,SL,2018Q2,2018,0
231,4331,2018-06-15 03:30:00,4332,2018-06-15 04:00:00,BUY,1302.16,1300.3975,1300.3975,1305.6850000000002,0.1,-18.325000000000454,-176.25000000000455,-1.0,SL,2018Q2,2018,1
232,4333,2018-06-15 04:30:00,4342,2018-06-15 09:00:00,BUY,1301.46,1299.7103571428572,1299.7103571428572,1304.9592857142857,0.1,-18.196428571428168,-174.9642857142817,-1.0,SL,2018Q2,2018,9
233,4359,2018-06-15 17:30:00,4359,2018-06-15 17:30:00,BUY,1284.01,1279.9932142857142,1279.9932142857142,1292.0435714285713,0.1,-40.867857142857886,-401.67857142857883,-1.0,SL,2018Q2,2018,0
234,4363,2018-06-15 19:30:00,4444,2018-06-19 14:00:00,BUY,1278.48,1273.6103571428573,1273.6103571428573,1288.2192857142857,0.1,-49.39642857142708,-486.9642857142708,-1.0,SL,2018Q2,2018,81
235,4447,2018-06-19 15:30:00,4489,2018-06-20 13:30:00,BUY,1273.65,1270.5332142857144,1270.5332142857144,1279.8835714285715,0.1,-31.867857142856973,-311.67857142856974,-1.0,SL,2018Q2,2018,42
236,4490,2018-06-20 14:00:00,4503,2018-06-20 20:30:00,BUY,1273.05,1271.1942857142856,1271.1942857142856,1276.7614285714285,0.1,-19.257142857143844,-185.57142857143845,-1.0,SL,2018Q2,2018,13
237,4511,2018-06-21 01:30:00,4517,2018-06-21 04:30:00,BUY,1268.74,1266.7932142857142,1266.7932142857142,1272.6335714285717,0.1,-20.16785714285852,-194.6785714285852,-1.0,SL,2018Q2,2018,6
238,4522,2018-06-21 07:00:00,4524,2018-06-21 08:00:00,BUY,1266.1,1264.1585714285713,1264.1585714285713,1269.982857142857,0.1,-20.114285714285597,-194.14285714285597,-1.0,SL,2018Q2,2018,2
239,4539,2018-06-21 15:30:00,4549,2018-06-21 20:30:00,BUY,1264.15,1269.3635714285715,1261.5432142857144,1269.3635714285715,0.1,51.43571428571413,521.3571428571413,1.9215476984656434,TP,2018Q2,2018,10
240,4551,2018-06-21 21:30:00,4602,2018-06-25 01:00:00,SELL,1268.7,1271.462142857143,1271.462142857143,1263.1757142857143,0.1,-28.321428571428623,-276.21428571428623,-1.0,SL,2018Q2,2018,51
241,4604,2018-06-25 02:00:00,4613,2018-06-25 06:30:00,SELL,1271.13,1267.8150000000003,1272.7875000000001,1267.8150000000003,0.1,32.44999999999827,331.4999999999827,1.8784370477567442,TP,2018Q2,2018,9
242,4615,2018-06-25 07:30:00,4617,2018-06-25 08:30:00,BUY,1267.28,1265.405,1265.405,1271.03,0.1,-19.45,-187.5,-1.0,SL,2018Q2,2018,2
243,4663,2018-06-26 08:30:00,4667,2018-06-26 10:30:00,BUY,1263.94,1262.3810714285714,1262.3810714285714,1267.0578571428573,0.1,-16.289285714286233,-155.89285714286234,-1.0,SL,2018Q2,2018,4
244,4672,2018-06-26 13:00:00,4676,2018-06-26 15:00:00,BUY,1256.8,1254.7578571428571,1254.7578571428571,1260.8842857142856,0.1,-21.12142857142835,-204.2142857142835,-1.0,SL,2018Q2,2018,4
245,4677,2018-06-26 15:30:00,4682,2018-06-26 18:00:00,BUY,1256.66,1261.5714285714284,1254.204285714286,1261.5714285714284,0.1,48.414285714283594,491.14285714283596,1.9168552036199922,TP,2018Q2,2018,5
246,4703,2018-06-27 05:30:00,4704,2018-06-27 06:00:00,BUY,1255.21,1253.662857142857,1253.662857142857,1258.3042857142857,0.1,-16.17142857142944,-154.71428571429442,-1.0,SL,2018Q2,2018,1
247,4705,2018-06-27 06:30:00,4707,2018-06-27 07:30:00,BUY,1255.91,1254.1142857142859,1254.1142857142859,1259.5014285714285,0.1,-18.657142857142116,-179.57142857142117,-1.0,SL,2018Q2,2018,2
248,4722,2018-06-27 15:00:00,4726,2018-06-27 17:00:00,SELL,1259.21,1254.0864285714288,1261.7717857142857,1254.0864285714288,0.1,50.53571428571267,512.3571428571267,1.9202062695073934,TP,2018Q2,2018,4
249,4727,2018-06-27 17:30:00,4728,2018-06-27 18:00:00,BUY,1256.33,1253.357857142857,1253.357857142857,1262.2742857142857,0.1,-30.421428571428986,-297.2142857142899,-1.0,SL,2018Q2,2018,1
250,4762,2018-06-28 12:00:00,4769,2018-06-28 15:30:00,BUY,1249.88,1253.6535714285717,1247.9932142857144,1253.6535714285717,0.1,37.035714285715855,377.3571428571586,1.8926811461946753,TP,2018Q2,2018,7
251,4770,2018-06-28 16:00:00,4779,2018-06-28 20:30:00,SELL,1252.69,1247.8235714285715,1255.1232142857143,1247.8235714285715,0.1,47.96428571428514,486.6428571428514,1.9161078613211575,TP,2018Q2,2018,9
252,4782,2018-06-28 22:00:00,4802,2018-06-29 09:00:00,BUY,1247.22,1252.4464285714287,1244.6067857142857,1252.4464285714287,0.1,51.56428571428641,522.6428571428642,1.9217356581924674,TP,2018Q2,2018,20
253,4803,2018-06-29 09:30:00,4822,2018-06-29 19:00:00,SELL,1251.8,1253.6567857142857,1253.6567857142857,1248.0864285714285,0.1,-19.267857142857064,-185.67857142857065,-1.0,SL,2018Q2,2018,19
254,4847,2018-07-02 08:30:00,4847,2018-07-02 08:30:00,BUY,1250.69,1249.085,1249.085,1253.9,0.1,-16.75000000000018,-160.50000000000182,-1.0,SL,2018Q3,2018,0
255,4852,2018-07-02 11:00:00,4863,2018-07-02 16:30:00,BUY,1248.04,1246.2807142857143,1246.2807142857143,1251.5585714285714,0.1,-18.292857142856246,-175.92857142856246,-1.0,SL,2018Q3,2018,11
256,4864,2018-07-02 17:00:00,4866,2018-07-02 18:00:00,BUY,1247.05,1245.034642857143,1245.034642857143,1251.0807142857143,0.1,-20.853571428570557,-201.53571428570558,-1.0,SL,2018Q3,2018,2
257,4869,2018-07-02 19:30:00,4870,2018-07-02 20:00:00,BUY,1243.74,1241.3689285714286,1241.3689285714286,1248.482142857143,0.1,-24.410714285714402,-237.10714285714403,-1.0,SL,2018Q3,2018,1
258,4876,2018-07-02 23:00:00,4898,2018-07-03 11:00:00,BUY,1240.12,1245.6999999999998,1237.33,1245.6999999999998,0.1,55.09999999999927,557.9999999999927,1.9265734265734256,TP,2018Q3,2018,22
259,4899,2018-07-03 11:30:00,4901,2018-07-03 12:30:00,SELL,1244.1,1246.6392857142857,1246.6392857142857,1239.0214285714283,0.1,-26.092857142858247,-253.92857142858247,-1.0,SL,2018Q3,2018,2
260,4902,2018-07-03 13:00:00,4905,2018-07-03 14:30:00,SELL,1245.68,1247.9578571428574,1247.9578571428574,1241.1242857142856,0.1,-23.478571428573286,-227.78571428573287,-1.0,SL,2018Q3,2018,3
261,4907,2018-07-03 15:30:00,4907,2018-07-03 15:30:00,SELL,1247.82,1250.325,1250.325,1242.8099999999997,0.1,-25.75000000000109,-250.5000000000109,-1.0,SL,2018Q3,2018,0
262,4909,2018-07-03 16:30:00,4909,2018-07-03 16:30:00,SELL,1249.92,1252.5278571428573,1252.5278571428573,1244.7042857142856,0.1,-26.77857142857256,-260.7857142857256,-1.0,SL,2018Q3,2018,0
263,4914,2018-07-03 19:00:00,4931,2018-07-04 04:30:00,SELL,1256.44,1259.2385714285715,1259.2385714285715,1250.8428571428572,0.1,-28.685714285714493,-279.85714285714494,-1.0,SL,2018Q3,2018,17
264,4952,2018-07-04 15:00:00,4984,2018-07-05 12:00:00,BUY,1254.91,1252.4114285714286,1252.4114285714286,1259.9071428571428,0.1,-25.685714285714948,-249.85714285714948,-1.0,SL,2018Q3,2018,32
265,4987,2018-07-05 13:30:00,4991,2018-07-05 15:30:00,BUY,1251.82,1255.820714285714,1249.8196428571428,1255.820714285714,0.1,39.307142857141386,400.0714285714139,1.8985682249438285,TP,2018Q3,2018,4
266,4995,2018-07-05 17:30:00,4996,2018-07-05 18:00:00,SELL,1256.73,1259.037857142857,1259.037857142857,1252.1142857142859,0.1,-23.77857142857074,-230.7857142857074,-1.0,SL,2018Q3,2018,1
267,5017,2018-07-06 05:30:00,5018,2018-07-06 06:00:00,BUY,1254.77,1252.91,1252.91,1258.49,0.1,-19.299999999999,-185.99999999999,-1.0,SL,2018Q3,2018,1
268,5020,2018-07-06 07:00:00,5037,2018-07-06 15:30:00,BUY,1254.01,1257.7771428571427,1252.1264285714285,1257.7771428571427,0.1,36.97142857142744,376.7142857142744,1.8925045703837988,TP,2018Q3,2018,17
269,5038,2018-07-06 16:00:00,5038,2018-07-06 16:00:00,SELL,1255.01,1257.1957142857143,1257.1957142857143,1250.6385714285714,0.1,-22.557142857143116,-218.57142857143117,-1.0,SL,2018Q3,2018,0
270,5044,2018-07-06 19:00:00,5061,2018-07-09 04:30:00,BUY,1254.26,1258.9571428571428,1251.9114285714286,1258.9571428571428,0.1,46.271428571428075,469.7142857142808,1.913171884229178,TP,2018Q3,2018,17
271,5063,2018-07-09 05:30:00,5070,2018-07-09 09:00:00,SELL,1258.84,1260.3753571428572,1260.3753571428572,1255.7692857142856,0.1,-16.05357142857265,-153.5357142857265,-1.0,SL,2018Q3,2018,7
272,5082,2018-07-09 15:00:00,5089,2018-07-09 18:30:00,SELL,1264.77,1260.465,1266.9225,1260.465,0.1,42.350000000000634,430.50000000000637,1.9055118110237208,TP,2018Q3,2018,7
273,5093,2018-07-09 20:30:00,5116,2018-07-10 09:00:00,BUY,1259.02,1256.8685714285714,1256.8685714285714,1263.3228571428572,0.1,-22.21428571428596,-215.1428571428596,-1.0,SL,2018Q3,2018,23
274,5123,2018-07-10 12:30:00,5125,2018-07-10 13:30:00,BUY,1253.64,1251.4253571428574,1251.4253571428574,1258.0692857142858,0.1,-22.84642857142735,-221.4642857142735,-1.0,SL,2018Q3,2018,2
275,5150,2018-07-11 03:00:00,5152,2018-07-11 04:00:00,SELL,1255.82,1252.3764285714285,1257.5417857142857,1252.3764285714285,0.1,33.73571428571431,344.3571428571431,1.8827984851504884,TP,2018Q3,2018,2
276,5183,2018-07-11 19:30:00,5184,2018-07-11 20:00:00,BUY,1246.08,1243.3039285714285,1243.3039285714285,1251.632142857143,0.1,-28.46071428571413,-277.6071428571413,-1.0,SL,2018Q3,2018,1
277,5186,2018-07-11 21:00:00,5260,2018-07-13 12:00:00,BUY,1243.15,1240.0707142857143,1240.0707142857143,1249.3085714285714,0.1,-31.492857142857883,-307.92857142857883,-1.0,SL,2018Q3,2018,74
278,5261,2018-07-13 12:30:00,5265,2018-07-13 14:30:00,BUY,1240.73,1238.7007142857144,1238.7007142857144,1244.7885714285715,0.1,-20.992857142856064,-202.92857142856064,-1.0,SL,2018Q3,2018,4
279,5267,2018-07-13 15:30:00,5299,2018-07-16 08:30:00,BUY,1239.45,1244.895,1236.7275,1244.895,0.1,53.74999999999936,544.4999999999936,1.9247985675916843,TP,2018Q3,2018,32
280,5314,2018-07-16 16:00:00,5315,2018-07-16 16:30:00,BUY,1242.2,1240.1964285714287,1240.1964285714287,1246.207142857143,0.1,-20.735714285713765,-200.35714285713766,-1.0,SL,2018Q3,2018,1
281,5316,2018-07-16 17:00:00,5318,2018-07-16 18:00:00,BUY,1241.48,1239.29,1239.29,1245.8600000000001,0.1,-22.600000000000545,-219.00000000000546,-1.0,SL,2018Q3,2018,2
282,5320,2018-07-16 19:00:00,5336,2018-07-17 04:00:00,BUY,1239.75,1237.5525,1237.5525,1244.145,0.1,-22.67499999999991,-219.7499999999991,-1.0,SL,2018Q3,2018,16
283,5343,2018-07-17 07:30:00,5346,2018-07-17 09:00:00,SELL,1241.13,1242.669642857143,1242.669642857143,1238.0507142857145,0.1,-16.096428571427804,-153.96428571427805,-1.0,SL,2018Q3,2018,3
284,5349,2018-07-17 10:30:00,5350,2018-07-17 11:00:00,SELL,1242.92,1244.7585714285715,1244.7585714285715,1239.2428571428572,0.1,-19.08571428571413,-183.8571428571413,-1.0,SL,2018Q3,2018,1
285,5351,2018-07-17 11:30:00,5357,2018-07-17 14:30:00,SELL,1244.02,1240.6257142857144,1245.7171428571428,1240.6257142857144,0.1,33.24285714285615,339.42857142856155,1.8811641067097784,TP,2018Q3,2018,6
286,5359,2018-07-17 15:30:00,5360,2018-07-17 16:00:00,BUY,1240.05,1238.0689285714286,1238.0689285714286,1244.0121428571429,0.1,-20.5107142857134,-198.10714285713402,-1.0,SL,2018Q3,2018,1
287,5390,2018-07-18 08:00:00,5390,2018-07-18 08:00:00,BUY,1227.19,1225.72,1225.72,1230.13,0.1,-15.400000000000272,-147.00000000000273,-1.0,SL,2018Q3,2018,0
288,5394,2018-07-18 10:00:00,5396,2018-07-18 11:00:00,BUY,1224.6,1222.685357142857,1222.685357142857,1228.4292857142857,0.1,-19.846428571430078,-191.4642857143008,-1.0,SL,2018Q3,2018,2
289,5397,2018-07-18 11:30:00,5410,2018-07-18 18:00:00,BUY,1222.75,1227.0057142857142,1220.6221428571428,1227.0057142857142,0.1,41.85714285714248,425.5714285714248,1.9044523886901834,TP,2018Q3,2018,13
290,5411,2018-07-18 18:30:00,5414,2018-07-18 20:00:00,SELL,1225.82,1228.205,1228.205,1221.05,0.1,-24.54999999999991,-238.4999999999991,-1.0,SL,2018Q3,2018,3
291,5416,2018-07-18 21:00:00,5437,2018-07-19 08:30:00,SELL,1227.64,1222.8614285714289,1230.0292857142858,1222.8614285714289,0.1,47.0857142857124,477.857142857124,1.914609352308941,TP,2018Q3,2018,21
292,5439,2018-07-19 09:30:00,5440,2018-07-19 10:00:00,BUY,1223.48,1221.607142857143,1221.607142857143,1227.2257142857143,0.1,-19.428571428571285,-187.28571428571286,-1.0,SL,2018Q3,2018,1
293,5444,2018-07-19 12:00:00,5445,2018-07-19 12:30:00,BUY,1218.67,1216.3364285714285,1216.3364285714285,1223.337142857143,0.1,-24.03571428571531,-233.35714285715312,-1.0,SL,2018Q3,2018,1
294,5446,2018-07-19 13:00:00,5449,2018-07-19 14:30:00,BUY,1217.43,1214.9614285714285,1214.9614285714285,1222.3671428571429,0.1,-25.38571428571522,-246.8571428571522,-1.0,SL,2018Q3,2018,3
295,5450,2018-07-19 15:00:00,5450,2018-07-19 15:00:00,BUY,1216.04,1213.2617857142857,1213.2617857142857,1221.5964285714285,0.1,-28.482142857142843,-277.82142857142844,-1.0,SL,2018Q3,2018,0
296,5452,2018-07-19 16:00:00,5460,2018-07-19 20:00:00,BUY,1214.31,1220.6978571428572,1211.1160714285713,1220.6978571428572,0.1,63.17857142857228,638.7857142857229,1.9356603567129889,TP,2018Q3,2018,8
297,5462,2018-07-19 21:00:00,5475,2018-07-20 04:30:00,SELL,1225.84,1217.1485714285714,1230.1857142857143,1217.1485714285714,0.1,86.2142857142856,869.142857142856,1.9524425752183254,TP,2018Q3,2018,13
298,5476,2018-07-20 05:00:00,5484,2018-07-20 09:00:00,BUY,1217.42,1223.402857142857,1214.4285714285716,1223.402857142857,0.1,59.12857142857028,598.2857142857029,1.9314045730284635,TP,2018Q3,2018,8
299,5487,2018-07-20 10:30:00,5492,2018-07-20 13:00:00,SELL,1222.94,1226.1992857142857,1226.1992857142857,1216.4214285714288,0.1,-33.29285714285625,-325.92857142856246,-1.0,SL,2018Q3,2018,5
300,5493,2018-07-20 13:30:00,5497,2018-07-20 15:30:00,SELL,1223.68,1226.4389285714285,1226.4389285714285,1218.162142857143,0.1,-28.289285714284414,-275.89285714284415,-1.0,SL,2018Q3,2018,4
301,5499,2018-07-20 16:30:00,5508,2018-07-20 21:00:00,SELL,1228.81,1232.1421428571427,1232.1421428571427,1222.1457142857143,0.1,-34.02142857142799,-333.21428571427987,-1.0,SL,2018Q3,2018,9
302,5509,2018-07-20 21:30:00,5518,2018-07-23 03:00:00,SELL,1230.6,1233.9385714285713,1233.9385714285713,1223.922857142857,0.1,-34.08571428571413,-333.8571428571413,-1.0,SL,2018Q3,2018,9
303,5533,2018-07-23 10:30:00,5543,2018-07-23 15:30:00,BUY,1230.08,1227.8782142857142,1227.8782142857142,1234.4835714285714,0.1,-22.717857142857337,-220.17857142857338,-1.0,SL,2018Q3,2018,10
304,5545,2018-07-23 16:30:00,5545,2018-07-23 16:30:00,BUY,1227.44,1224.8664285714285,1224.8664285714285,1232.587142857143,0.1,-26.435714285715402,-257.35714285715403,-1.0,SL,2018Q3,2018,0
305,5547,2018-07-23 17:30:00,5551,2018-07-23 19:30:00,BUY,1225.11,1222.2364285714284,1222.2364285714284,1230.857142857143,0.1,-29.435714285714948,-287.3571428571495,-1.0,SL,2018Q3,2018,4
306,5552,2018-07-23 20:00:00,5566,2018-07-24 04:00:00,BUY,1223.77,1220.6917857142857,1220.6917857142857,1229.9264285714287,0.1,-31.48214285714239,-307.8214285714239,-1.0,SL,2018Q3,2018,14
307,5580,2018-07-24 11:00:00,5584,2018-07-24 13:00:00,SELL,1224.09,1227.077142857143,1227.077142857143,1218.1157142857141,0.1,-30.571428571429987,-298.7142857142999,-1.0,SL,2018Q3,2018,4
308,5586,2018-07-24 14:00:00,5592,2018-07-24 17:00:00,SELL,1226.85,1229.4878571428571,1229.4878571428571,1221.5742857142857,0.1,-27.078571428572285,-263.78571428572286,-1.0,SL,2018Q3,2018,6
309,5593,2018-07-24 17:30:00,5629,2018-07-25 12:30:00,SELL,1228.49,1231.0935714285715,1231.0935714285715,1223.2828571428572,0.1,-26.73571428571513,-260.3571428571513,-1.0,SL,2018Q3,2018,36
310,5635,2018-07-25 15:30:00,5658,2018-07-26 04:00:00,SELL,1231.89,1234.4142857142858,1234.4142857142858,1226.8414285714287,0.1,-25.942857142857246,-252.42857142857247,-1.0,SL,2018Q3,2018,23
311,5667,2018-07-26 08:30:00,5668,2018-07-26 09:00:00,BUY,1230.95,1229.0867857142857,1229.0867857142857,1234.6764285714285,0.1,-19.332142857143207,-186.32142857143208,-1.0,SL,2018Q3,2018,1
312,5669,2018-07-26 09:30:00,5671,2018-07-26 10:30:00,BUY,1229.94,1227.9535714285716,1227.9535714285716,1233.912857142857,0.1,-20.56428571428405,-198.6428571428405,-1.0,SL,2018Q3,2018,2
313,5682,2018-07-26 16:00:00,5692,2018-07-26 21:00:00,BUY,1227.03,1224.680357142857,1224.680357142857,1231.7292857142859,0.1,-24.196428571429532,-234.96428571429533,-1.0,SL,2018Q3,2018,10
314,5696,2018-07-26 23:00:00,5718,2018-07-27 11:00:00,BUY,1222.93,1220.422857142857,1220.422857142857,1227.9442857142858,0.1,-25.771428571429805,-250.71428571429806,-1.0,SL,2018Q3,2018,22
315,5722,2018-07-27 13:00:00,5727,2018-07-27 15:30:00,BUY,1218.71,1223.2785714285715,1216.4257142857143,1223.2785714285715,0.1,44.98571428571431,456.8571428571431,1.9108009708737863,TP,2018Q3,2018,5
316,5731,2018-07-27 17:30:00,5809,2018-07-31 10:30:00,SELL,1224.71,1218.785,1227.6725,1218.785,0.1,58.54999999999954,592.4999999999955,1.930750206100649,TP,2018Q3,2018,78
317,5820,2018-07-31 16:00:00,5820,2018-07-31 16:00:00,SELL,1219.03,1214.2042857142858,1221.442857142857,1214.2042857142858,0.1,47.55714285714184,482.57142857141844,1.9154200230149578,TP,2018Q3,2018,0
318,5821,2018-07-31 16:30:00,5827,2018-07-31 19:30:00,BUY,1219.26,1225.1571428571428,1216.3114285714287,1225.1571428571428,0.1,58.27142857142853,589.7142857142853,1.9304306672977536,TP,2018Q3,2018,6
319,5851,2018-08-01 08:30:00,5867,2018-08-01 16:30:00,BUY,1221.5,1219.5232142857142,1219.5232142857142,1225.4535714285714,0.1,-20.467857142858247,-197.67857142858247,-1.0,SL,2018Q3,2018,16
320,5871,2018-08-01 18:30:00,5879,2018-08-01 22:30:00,BUY,1218.16,1215.9635714285714,1215.9635714285714,1222.5528571428572,0.1,-22.664285714286688,-219.6428571428669,-1.0,SL,2018Q3,2018,8
321,5882,2018-08-02 01:00:00,5889,2018-08-02 04:30:00,BUY,1216.04,1220.6535714285712,1213.7332142857142,1220.6535714285712,0.1,45.43571428571276,461.35714285712766,1.9116453794138801,TP,2018Q3,2018,7
322,5908,2018-08-02 14:00:00,5909,2018-08-02 14:30:00,BUY,1216.44,1214.484642857143,1214.484642857143,1220.3507142857143,0.1,-20.253571428571103,-195.53571428571104,-1.0,SL,2018Q3,2018,1
323,5918,2018-08-02 19:00:00,5920,2018-08-02 20:00:00,BUY,1214.11,1211.5482142857143,1211.5482142857143,1219.2335714285712,0.1,-26.317857142856337,-256.1785714285634,-1.0,SL,2018Q3,2018,2
324,5922,2018-08-02 21:00:00,5923,2018-08-02 21:30:00,BUY,1212.06,1209.5432142857144,1209.5432142857144,1217.0935714285713,0.1,-25.86785714285561,-251.6785714285561,-1.0,SL,2018Q3,2018,1
325,5925,2018-08-02 22:30:00,5927,2018-08-02 23:30:00,BUY,1209.54,1207.182857142857,1207.182857142857,1214.2542857142855,0.1,-24.271428571428896,-235.71428571428896,-1.0,SL,2018Q3,2018,2
326,5936,2018-08-03 05:00:00,5945,2018-08-03 09:30:00,BUY,1207.54,1205.4389285714285,1205.4389285714285,1211.7421428571429,0.1,-21.710714285714584,-210.10714285714585,-1.0,SL,2018Q3,2018,9
327,5947,2018-08-03 10:30:00,5947,2018-08-03 10:30:00,BUY,1206.57,1204.6414285714286,1204.6414285714286,1210.4271428571426,0.1,-19.98571428571331,-192.8571428571331,-1.0,SL,2018Q3,2018,0
328,5949,2018-08-03 11:30:00,5954,2018-08-03 14:00:00,BUY,1207.49,1211.9621428571427,1205.2539285714286,1211.9621428571427,0.1,44.02142857142671,447.21428571426713,1.9089360384078315,TP,2018Q3,2018,5
329,5956,2018-08-03 15:00:00,5957,2018-08-03 15:30:00,SELL,1211.64,1213.9725,1213.9725,1206.975,0.1,-24.024999999999817,-233.24999999999818,-1.0,SL,2018Q3,2018,1
330,5959,2018-08-03 16:30:00,5960,2018-08-03 17:00:00,SELL,1215.44,1218.4517857142857,1218.4517857142857,1209.4164285714285,0.1,-30.81785714285679,-301.1785714285679,-1.0,SL,2018Q3,2018,1
331,5962,2018-08-03 18:00:00,5992,2018-08-06 10:00:00,SELL,1218.78,1212.4092857142855,1221.965357142857,1212.4092857142855,0.1,63.00714285714484,637.0714285714485,1.9354909489852585,TP,2018Q3,2018,30
332,5994,2018-08-06 11:00:00,5998,2018-08-06 13:00:00,BUY,1212.43,1210.6814285714286,1210.6814285714286,1215.9271428571428,0.1,-18.185714285714948,-174.85714285714948,-1.0,SL,2018Q3,2018,4
333,6000,2018-08-06 14:00:00,6001,2018-08-06 14:30:00,BUY,1210.08,1208.2842857142857,1208.2842857142857,1213.6714285714286,0.1,-18.657142857142116,-179.57142857142117,-1.0,SL,2018Q3,2018,1
334,6002,2018-08-06 15:00:00,6018,2018-08-06 23:00:00,BUY,1208.81,1206.9285714285713,1206.9285714285713,1212.572857142857,0.1,-19.514285714286142,-188.14285714286143,-1.0,SL,2018Q3,2018,16
335,6019,2018-08-06 23:30:00,6036,2018-08-07 09:00:00,BUY,1207.85,1211.4092857142855,1206.0703571428571,1211.4092857142855,0.1,34.89285714285579,355.9285714285579,1.8864645684495034,TP,2018Q3,2018,17
336,6039,2018-08-07 10:30:00,6041,2018-08-07 11:30:00,SELL,1211.59,1213.5067857142856,1213.5067857142856,1207.7564285714284,0.1,-19.86785714285652,-191.6785714285652,-1.0,SL,2018Q3,2018,2
337,6045,2018-08-07 13:30:00,6052,2018-08-07 17:00:00,SELL,1215.22,1210.9535714285716,1217.3532142857143,1210.9535714285716,0.1,41.964285714283776,426.6428571428378,1.9046847138919383,TP,2018Q3,2018,7
338,6060,2018-08-07 21:00:00,6080,2018-08-08 08:00:00,BUY,1209.78,1214.1299999999999,1207.605,1214.1299999999999,0.1,42.79999999999909,434.9999999999909,1.9064587973273923,TP,2018Q3,2018,20
339,6093,2018-08-08 14:30:00,6095,2018-08-08 15:30:00,BUY,1210.92,1208.8789285714288,1208.8789285714288,1215.0021428571429,0.1,-21.110714285712856,-204.10714285712857,-1.0,SL,2018Q3,2018,2
340,6111,2018-08-08 23:30:00,6128,2018-08-09 09:00:00,SELL,1213.56,1215.81,1215.81,1209.06,0.1,-23.2,-225.0,-1.0,SL,2018Q3,2018,17
341,6129,2018-08-09 09:30:00,6131,2018-08-09 10:30:00,SELL,1215.19,1211.605,1216.9825,1211.605,0.1,35.15000000000036,358.50000000000364,1.887248322147652,TP,2018Q3,2018,2
342,6142,2018-08-09 16:00:00,6172,2018-08-10 08:00:00,SELL,1214.61,1209.2742857142855,1217.277857142857,1209.2742857142855,0.1,52.657142857144024,533.5714285714403,1.9232976780589632,TP,2018Q3,2018,30
343,6187,2018-08-10 15:30:00,6190,2018-08-10 17:00:00,SELL,1213.22,1216.3635714285715,1216.3635714285715,1206.932857142857,0.1,-32.13571428571477,-314.35714285714766,-1.0,SL,2018Q3,2018,3
344,6217,2018-08-13 07:30:00,6222,2018-08-13 10:00:00,BUY,1207.99,1205.7817857142857,1205.7817857142857,1212.4064285714287,0.1,-22.78214285714348,-220.8214285714348,-1.0,SL,2018Q3,2018,5
345,6225,2018-08-13 11:30:00,6226,2018-08-13 12:00:00,BUY,1205.48,1203.1282142857142,1203.1282142857142,1210.1835714285714,0.1,-24.217857142858247,-235.17857142858247,-1.0,SL,2018Q3,2018,1
346,6227,2018-08-13 12:30:00,6227,2018-08-13 12:30:00,BUY,1204.22,1201.82,1201.82,1209.02,0.1,-24.70000000000091,-240.0000000000091,-1.0,SL,2018Q3,2018,0
347,6240,2018-08-13 19:00:00,6241,2018-08-13 19:30:00,BUY,1196.37,1192.730357142857,1192.730357142857,1203.6492857142855,0.1,-37.09642857142917,-363.9642857142917,-1.0,SL,2018Q3,2018,1
348,6243,2018-08-13 20:30:00,6306,2018-08-15 06:00:00,BUY,1192.29,1188.3857142857144,1188.3857142857144,1200.0985714285714,0.1,-39.74285714285607,-390.42857142856064,-1.0,SL,2018Q3,2018,63
349,6307,2018-08-15 06:30:00,6308,2018-08-15 07:00:00,BUY,1189.58,1187.722142857143,1187.722142857143,1193.2957142857142,0.1,-19.278571428570284,-185.78571428570285,-1.0,SL,2018Q3,2018,1
350,6309,2018-08-15 07:30:00,6317,2018-08-15 11:30:00,BUY,1188.22,1186.215357142857,1186.215357142857,1192.2292857142857,0.1,-20.74642857142926,-200.4642857142926,-1.0,SL,2018Q3,2018,8
351,6319,2018-08-15 12:30:00,6321,2018-08-15 13:30:00,BUY,1187.41,1184.8932142857145,1184.8932142857145,1192.4435714285714,0.1,-25.86785714285561,-251.6785714285561,-1.0,SL,2018Q3,2018,2
352,6333,2018-08-15 19:30:00,6339,2018-08-15 22:30:00,BUY,1177.79,1174.145,1174.145,1185.08,0.1,-37.14999999999982,-364.4999999999982,-1.0,SL,2018Q3,2018,6
353,6358,2018-08-16 09:00:00,6431,2018-08-17 22:30:00,SELL,1177.59,1182.6792857142857,1182.6792857142857,1167.4114285714286,0.1,-51.592857142857795,-508.9285714285779,-1.0,SL,2018Q3,2018,73
354,6444,2018-08-20 06:00:00,6451,2018-08-20 09:30:00,SELL,1185.08,1187.3257142857142,1187.3257142857142,1180.5885714285714,0.1,-23.15714285714257,-224.5714285714257,-1.0,SL,2018Q3,2018,7
355,6452,2018-08-20 10:00:00,6452,2018-08-20 10:00:00,SELL,1186.03,1187.8728571428571,1187.8728571428571,1182.3442857142857,0.1,-19.128571428571558,-184.28571428571558,-1.0,SL,2018Q3,2018,0
356,6453,2018-08-20 10:30:00,6453,2018-08-20 10:30:00,SELL,1186.69,1188.5639285714285,1188.5639285714285,1182.942142857143,0.1,-19.439285714284505,-187.39285714284506,-1.0,SL,2018Q3,2018,0
357,6455,2018-08-20 11:30:00,6471,2018-08-20 19:30:00,SELL,1188.12,1190.1739285714284,1190.1739285714284,1184.0121428571429,0.1,-21.239285714285142,-205.39285714285143,-1.0,SL,2018Q3,2018,16
358,6472,2018-08-20 20:00:00,6484,2018-08-21 03:00:00,SELL,1188.92,1191.9167857142859,1191.9167857142859,1182.9264285714285,0.1,-30.667857142858065,-299.67857142858065,-1.0,SL,2018Q3,2018,12
359,6497,2018-08-21 09:30:00,6508,2018-08-21 15:00:00,SELL,1195.47,1191.7307142857144,1197.3396428571427,1191.7307142857144,0.1,36.692857142856425,373.9285714285643,1.8917326459216701,TP,2018Q3,2018,11
360,6510,2018-08-21 16:00:00,6513,2018-08-21 17:30:00,BUY,1190.88,1188.5989285714286,1188.5989285714286,1195.442142857143,0.1,-23.51071428571522,-228.1071428571522,-1.0,SL,2018Q3,2018,3
361,6514,2018-08-21 18:00:00,6520,2018-08-21 21:00:00,BUY,1189.59,1194.340714285714,1187.2146428571427,1194.340714285714,0.1,46.807142857141386,475.0714285714139,1.9141229735649734,TP,2018Q3,2018,6
362,6532,2018-08-22 04:00:00,6552,2018-08-22 14:00:00,SELL,1195.87,1198.2132142857142,1198.2132142857142,1191.1835714285714,0.1,-24.13214285714339,-234.3214285714339,-1.0,SL,2018Q3,2018,20
363,6556,2018-08-22 16:00:00,6577,2018-08-23 03:30:00,SELL,1199.3,1193.5185714285715,1202.1907142857142,1193.5185714285715,0.1,57.114285714284776,578.1428571428478,1.9290711700844378,TP,2018Q3,2018,21
364,6579,2018-08-23 04:30:00,6581,2018-08-23 05:30:00,BUY,1193.1,1190.9517857142857,1190.9517857142857,1197.3964285714285,0.1,-22.182142857141752,-214.82142857141753,-1.0,SL,2018Q3,2018,2
365,6585,2018-08-23 07:30:00,6590,2018-08-23 10:00:00,BUY,1190.9,1188.9885714285715,1188.9885714285715,1194.7228571428573,0.1,-19.81428571428587,-191.1428571428587,-1.0,SL,2018Q3,2018,5
366,6615,2018-08-23 22:30:00,6638,2018-08-24 11:00:00,BUY,1185.38,1190.7521428571429,1182.6939285714286,1190.7521428571429,0.1,53.02142857142762,537.2142857142762,1.923804587274767,TP,2018Q3,2018,23
367,6643,2018-08-24 13:30:00,6645,2018-08-24 14:30:00,SELL,1191.2,1193.3567857142857,1193.3567857142857,1186.8864285714285,0.1,-22.26785714285661,-215.6785714285661,-1.0,SL,2018Q3,2018,2
368,6646,2018-08-24 15:00:00,6646,2018-08-24 15:00:00,SELL,1191.85,1194.0892857142856,1194.0892857142856,1187.3714285714284,0.1,-23.092857142856428,-223.92857142856428,-1.0,SL,2018Q3,2018,0
369,6647,2018-08-24 15:30:00,6648,2018-08-24 16:00:00,SELL,1193.17,1195.5067857142858,1195.5067857142858,1188.4964285714286,0.1,-24.067857142857246,-233.67857142857247,-1.0,SL,2018Q3,2018,1
370,6687,2018-08-27 12:30:00,6695,2018-08-27 16:30:00,BUY,1203.89,1207.7685714285715,1201.9507142857144,1207.7685714285715,0.1,38.08571428571376,387.85714285713766,1.8954852470671866,TP,2018Q3,2018,8
371,6696,2018-08-27 17:00:00,6696,2018-08-27 17:00:00,SELL,1207.15,1209.3046428571429,1209.3046428571429,1202.8407142857143,0.1,-22.246428571427895,-215.46428571427896,-1.0,SL,2018Q3,2018,0
372,6715,2018-08-28 03:30:00,6719,2018-08-28 05:30:00,SELL,1211.34,1208.4921428571427,1212.7639285714286,1208.4921428571427,0.1,27.77857142857265,284.7857142857265,1.8594310303609909,TP,2018Q3,2018,4
373,6729,2018-08-28 10:30:00,6730,2018-08-28 11:00:00,SELL,1211.43,1213.224642857143,1213.224642857143,1207.8407142857143,0.1,-18.646428571428896,-179.46428571428896,-1.0,SL,2018Q3,2018,1
374,6733,2018-08-28 12:30:00,6742,2018-08-28 17:00:00,SELL,1213.4,1209.7335714285714,1215.2332142857144,1209.7335714285714,0.1,35.96428571428696,366.6428571428696,1.8896603490335933,TP,2018Q3,2018,9
375,6744,2018-08-28 18:00:00,6749,2018-08-28 20:30:00,BUY,1209.8,1206.6971428571428,1206.6971428571428,1216.0057142857145,0.1,-31.728571428571467,-310.2857142857147,-1.0,SL,2018Q3,2018,5
376,6752,2018-08-28 22:00:00,6833,2018-08-30 16:30:00,BUY,1200.95,1197.5492857142858,1197.5492857142858,1207.7514285714287,0.1,-34.7071428571423,-340.071428571423,-1.0,SL,2018Q3,2018,81
377,6863,2018-08-31 08:30:00,6866,2018-08-31 10:00:00,SELL,1204.36,1206.3282142857142,1206.3282142857142,1200.4235714285712,0.1,-20.38214285714339,-196.8214285714339,-1.0,SL,2018Q3,2018,3
378,6869,2018-08-31 11:30:00,6878,2018-08-31 16:00:00,SELL,1206.98,1201.9571428571428,1209.4914285714285,1201.9571428571428,0.1,49.52857142857219,502.28571428572195,1.9186496956281986,TP,2018Q3,2018,9
379,6879,2018-08-31 16:30:00,6889,2018-08-31 21:30:00,BUY,1201.64,1198.565,1198.565,1207.7900000000002,0.1,-31.450000000000454,-307.50000000000455,-1.0,SL,2018Q3,2018,10
380,6901,2018-09-03 04:30:00,6915,2018-09-03 11:30:00,BUY,1198.65,1203.642857142857,1196.1535714285715,1203.642857142857,0.1,49.22857142857019,499.28571428570194,1.918174227664817,TP,2018Q3,2018,14
381,6916,2018-09-03 12:00:00,6948,2018-09-04 09:00:00,SELL,1203.05,1198.8671428571429,1205.1414285714286,1198.8671428571429,0.1,41.12857142857074,418.2857142857074,1.902842035690579,TP,2018Q3,2018,32
382,6951,2018-09-04 10:30:00,6958,2018-09-04 14:00:00,BUY,1195.71,1193.4225000000001,1193.4225000000001,1200.2849999999999,0.1,-23.57499999999909,-228.7499999999909,-1.0,SL,2018Q3,2018,7
383,6960,2018-09-04 15:00:00,6962,2018-09-04 16:00:00,BUY,1194.24,1191.3525,1191.3525,1200.015,0.1,-29.575000000000454,-288.75000000000455,-1.0,SL,2018Q3,2018,2
384,6965,2018-09-04 17:30:00,7008,2018-09-05 16:00:00,BUY,1190.82,1197.4478571428572,1187.5060714285714,1197.4478571428572,0.1,65.57857142857237,662.7857142857238,1.9379419525066621,TP,2018Q3,2018,43
385,7010,2018-09-05 17:00:00,7028,2018-09-06 03:00:00,SELL,1197.12,1199.7224999999999,1199.7224999999999,1191.9149999999997,0.1,-26.724999999999635,-260.24999999999636,-1.0,SL,2018Q3,2018,18
386,7040,2018-09-06 09:00:00,7044,2018-09-06 11:00:00,BUY,1196.6,1200.0971428571427,1194.8514285714284,1200.0971428571427,0.1,34.27142857142762,349.71428571427623,1.8845247446974438,TP,2018Q3,2018,4
387,7049,2018-09-06 13:30:00,7058,2018-09-06 18:00:00,SELL,1204.91,1199.9042857142858,1207.412857142857,1199.9042857142858,0.1,49.35714285714248,500.5714285714248,1.9183786785120218,TP,2018Q3,2018,9
388,7101,2018-09-07 16:30:00,7128,2018-09-10 07:00:00,BUY,1196.86,1193.5321428571428,1193.5321428571428,1203.5157142857142,0.1,-33.97857142857056,-332.7857142857056,-1.0,SL,2018Q3,2018,27
389,7145,2018-09-10 15:30:00,7148,2018-09-10 17:00:00,BUY,1192.84,1197.8628571428571,1190.3285714285714,1197.8628571428571,0.1,49.52857142857219,502.28571428572195,1.9186496956281986,TP,2018Q3,2018,3
390,7149,2018-09-10 17:30:00,7191,2018-09-11 15:30:00,SELL,1197.46,1191.824285714286,1200.277857142857,1191.824285714286,0.1,55.657142857141295,563.571428571413,1.9272817214939382,TP,2018Q3,2018,42
391,7194,2018-09-11 17:00:00,7197,2018-09-11 18:30:00,BUY,1188.66,1194.0064285714286,1185.9867857142858,1194.0064285714286,0.1,52.76428571428532,534.6428571428532,1.9234474677776325,TP,2018Q3,2018,3
392,7203,2018-09-11 21:30:00,7242,2018-09-12 18:00:00,SELL,1196.64,1200.0075000000002,1200.0075000000002,1189.9050000000002,0.1,-34.37500000000064,-336.75000000000637,-1.0,SL,2018Q3,2018,39
393,7245,2018-09-12 19:30:00,7247,2018-09-12 20:30:00,SELL,1204.02,1207.5182142857143,1207.5182142857143,1197.0235714285714,0.1,-35.68214285714312,-349.82142857143117,-1.0,SL,2018Q3,2018,2
394,7270,2018-09-13 09:00:00,7283,2018-09-13 15:30:00,BUY,1204.29,1207.3799999999999,1202.7450000000001,1207.3799999999999,0.1,30.199999999999182,308.9999999999918,1.8699690402478064,TP,2018Q3,2018,13
395,7286,2018-09-13 17:00:00,7287,2018-09-13 17:30:00,SELL,1210.23,1204.4914285714285,1213.0992857142858,1204.4914285714285,0.1,56.68571428571504,573.8571428571504,1.9285540704738768,TP,2018Q3,2018,1
396,7295,2018-09-13 21:30:00,7332,2018-09-14 17:00:00,BUY,1201.89,1198.1839285714286,1198.1839285714286,1209.3021428571428,0.1,-37.76071428571477,-370.60714285714766,-1.0,SL,2018Q3,2018,37
397,7334,2018-09-14 18:00:00,7334,2018-09-14 18:00:00,BUY,1198.78,1195.84,1195.84,1204.6599999999999,0.1,-30.100000000000545,-294.00000000000546,-1.0,SL,2018Q3,2018,0
398,7338,2018-09-14 20:00:00,7378,2018-09-17 17:00:00,BUY,1195.17,1202.2435714285716,1191.6332142857143,1202.2435714285716,0.1,70.0357142857154,707.357142857154,1.9417764135062885,TP,2018Q3,2018,40
399,7380,2018-09-17 18:00:00,7394,2018-09-18 02:00:00,SELL,1203.33,1198.6264285714283,1205.6817857142858,1198.6264285714283,0.1,46.33571428571649,470.35714285716494,1.9132871257926598,TP,2018Q3,2018,14
400,7396,2018-09-18 03:00:00,7410,2018-09-18 10:00:00,BUY,1198.64,1196.9235714285714,1196.9235714285714,1202.0728571428572,0.1,-17.864285714286506,-171.64285714286507,-1.0,SL,2018Q3,2018,14
401,7411,2018-09-18 10:30:00,7419,2018-09-18 14:30:00,BUY,1197.34,1201.6171428571429,1195.2014285714286,1201.6171428571429,0.1,42.07142857142962,427.71428571429624,1.904915912031148,TP,2018Q3,2018,8
402,7423,2018-09-18 16:30:00,7466,2018-09-19 15:00:00,SELL,1202.09,1204.8917857142856,1204.8917857142856,1196.4864285714286,0.1,-28.717857142856428,-280.1785714285643,-1.0,SL,2018Q3,2018,43
403,7467,2018-09-19 15:30:00,7512,2018-09-20 15:00:00,SELL,1204.55,1206.7796428571428,1206.7796428571428,1200.090714285714,0.1,-22.99642857142835,-222.9642857142835,-1.0,SL,2018Q3,2018,45
404,7517,2018-09-20 17:30:00,7534,2018-09-21 03:00:00,SELL,1206.4,1208.8878571428572,1208.8878571428572,1201.4242857142858,0.1,-25.578571428571376,-248.78571428571377,-1.0,SL,2018Q3,2018,17
405,7548,2018-09-21 10:00:00,7548,2018-09-21 10:00:00,SELL,1209.52,1211.130357142857,1211.130357142857,1206.2992857142856,0.1,-16.80357142857083,-161.0357142857083,-1.0,SL,2018Q3,2018,0
406,7549,2018-09-21 10:30:00,7554,2018-09-21 13:00:00,SELL,1210.12,1207.1221428571425,1211.6189285714286,1207.1221428571425,0.1,29.27857142857356,299.7857142857356,1.866150694286374,TP,2018Q3,2018,5
407,7557,2018-09-21 14:30:00,7558,2018-09-21 15:00:00,BUY,1205.99,1203.9221428571427,1203.9221428571427,1210.1257142857144,0.1,-21.378571428572922,-206.78571428572923,-1.0,SL,2018Q3,2018,1
408,7562,2018-09-21 17:00:00,7682,2018-09-26 08:00:00,BUY,1196.65,1202.28,1192.6675,1204.615,0.1,55.599999999998815,562.9999999999882,1.3719925971621916,TIME_EXIT,2018Q3,2018,120
409,7684,2018-09-26 09:00:00,7686,2018-09-26 10:00:00,SELL,1201.69,1199.4764285714286,1202.7967857142858,1199.4764285714286,0.1,21.43571428571413,221.3571428571413,1.8215477996965088,TP,2018Q3,2018,2
410,7687,2018-09-26 10:30:00,7689,2018-09-26 11:30:00,BUY,1200.92,1199.4414285714286,1199.4414285714286,1203.8771428571429,0.1,-15.48571428571513,-147.8571428571513,-1.0,SL,2018Q3,2018,2
411,7698,2018-09-26 16:00:00,7701,2018-09-26 17:30:00,BUY,1195.9,1193.6371428571429,1193.6371428571429,1200.4257142857143,0.1,-23.328571428572285,-226.28571428572286,-1.0,SL,2018Q3,2018,3
412,7702,2018-09-26 18:00:00,7708,2018-09-26 21:00:00,BUY,1194.29,1199.3514285714286,1191.7592857142856,1199.3514285714286,0.1,49.91428571428678,506.1428571428678,1.9192529524855826,TP,2018Q3,2018,6
413,7710,2018-09-26 22:00:00,7711,2018-09-26 22:30:00,BUY,1198.26,1194.0846428571429,1194.0846428571429,1206.6107142857145,0.1,-42.45357142857138,-417.53571428571377,-1.0,SL,2018Q3,2018,1
414,7746,2018-09-27 17:00:00,7748,2018-09-27 18:00:00,BUY,1184.45,1181.7382142857143,1181.7382142857143,1189.8735714285715,0.1,-27.817857142857246,-271.17857142857247,-1.0,SL,2018Q3,2018,2
415,7749,2018-09-27 18:30:00,7793,2018-09-28 17:30:00,BUY,1182.91,1189.6942857142858,1179.517857142857,1189.6942857142858,0.1,67.14285714285715,678.4285714285716,1.9393439240766845,TP,2018Q3,2018,44
416,7796,2018-09-28 19:00:00,7824,2018-10-01 10:00:00,SELL,1192.43,1186.4942857142858,1195.3978571428572,1186.4942857142858,0.1,58.657142857143114,593.5714285714312,1.9308723254173528,TP,2018Q3,2018,28
417,7825,2018-10-01 10:30:00,7827,2018-10-01 11:30:00,BUY,1187.12,1185.35,1185.35,1190.6599999999996,0.1,-18.399999999999817,-176.99999999999818,-1.0,SL,2018Q4,2018,2
418,7828,2018-10-01 12:00:00,7835,2018-10-01 15:30:00,BUY,1186.01,1189.3957142857141,1184.317142857143,1189.3957142857141,0.1,33.157142857141295,338.571428571413,1.8808752025931874,TP,2018Q4,2018,7
419,7858,2018-10-02 04:00:00,7858,2018-10-02 04:00:00,SELL,1189.95,1191.3717857142858,1191.3717857142858,1187.1064285714285,0.1,-14.91785714285761,-142.1785714285761,-1.0,SL,2018Q4,2018,0
420,7860,2018-10-02 05:00:00,7861,2018-10-02 05:30:00,SELL,1189.92,1191.362142857143,1191.362142857143,1187.0357142857144,0.1,-15.12142857142926,-144.2142857142926,-1.0,SL,2018Q4,2018,1
421,7862,2018-10-02 06:00:00,7865,2018-10-02 07:30:00,SELL,1191.21,1192.704642857143,1192.704642857143,1188.2207142857144,0.1,-15.64642857142935,-149.4642857142935,-1.0,SL,2018Q4,2018,3
422,7870,2018-10-02 10:00:00,7871,2018-10-02 10:30:00,SELL,1192.79,1194.5675,1194.5675,1189.235,0.1,-18.475000000001454,-177.75000000001455,-1.0,SL,2018Q4,2018,1
423,7874,2018-10-02 12:00:00,7881,2018-10-02 15:30:00,SELL,1193.05,1195.0482142857143,1195.0482142857143,1189.053571428571,0.1,-20.682142857143116,-199.82142857143117,-1.0,SL,2018Q4,2018,7
424,7887,2018-10-02 18:30:00,7932,2018-10-03 18:00:00,SELL,1206.52,1198.5464285714286,1210.5067857142858,1198.5464285714286,0.1,79.03571428571404,797.3571428571404,1.9482348798309161,TP,2018Q4,2018,45
425,7934,2018-10-03 19:00:00,7943,2018-10-03 23:30:00,BUY,1200.11,1196.7864285714284,1196.7864285714284,1206.7571428571428,0.1,-33.935714285715406,-332.35714285715403,-1.0,SL,2018Q4,2018,9
426,7944,2018-10-04 01:00:00,7972,2018-10-04 15:00:00,BUY,1197.67,1203.4535714285714,1194.7782142857143,1203.4535714285714,0.1,57.13571428571349,578.3571428571349,1.9290968286505943,TP,2018Q4,2018,28
427,7973,2018-10-04 15:30:00,7973,2018-10-04 15:30:00,SELL,1200.89,1203.2632142857144,1203.2632142857144,1196.1435714285715,0.1,-24.432142857143116,-237.32142857143117,-1.0,SL,2018Q4,2018,0
428,7974,2018-10-04 16:00:00,7976,2018-10-04 17:00:00,SELL,1203.35,1205.9171428571428,1205.9171428571428,1198.2157142857143,0.1,-26.37142857142926,-256.7142857142926,-1.0,SL,2018Q4,2018,2
429,7982,2018-10-04 20:00:00,8055,2018-10-08 10:30:00,BUY,1198.42,1194.5832142857143,1194.5832142857143,1206.0935714285713,0.1,-39.06785714285725,-383.67857142857247,-1.0,SL,2018Q4,2018,73
430,8057,2018-10-08 11:30:00,8064,2018-10-08 15:00:00,BUY,1194.35,1192.415,1192.415,1198.2199999999998,0.1,-20.049999999999454,-193.49999999999454,-1.0,SL,2018Q4,2018,7
431,8071,2018-10-08 18:30:00,8093,2018-10-09 06:30:00,BUY,1184.38,1191.147142857143,1180.9964285714286,1191.147142857143,0.1,66.97142857142971,676.7142857142971,1.939193381592555,TP,2018Q4,2018,22
432,8094,2018-10-09 07:00:00,8104,2018-10-09 12:00:00,SELL,1190.84,1187.6021428571428,1192.4589285714285,1187.6021428571428,0.1,31.678571428571377,323.78571428571377,1.8756608162402197,TP,2018Q4,2018,10
433,8108,2018-10-09 14:00:00,8109,2018-10-09 14:30:00,BUY,1187.02,1185.1996428571429,1185.1996428571429,1190.6607142857144,0.1,-18.903571428571194,-182.03571428571195,-1.0,SL,2018Q4,2018,1
434,8110,2018-10-09 15:00:00,8113,2018-10-09 16:30:00,BUY,1186.92,1184.8628571428571,1184.8628571428571,1191.034285714286,0.1,-21.27142857142935,-205.7142857142935,-1.0,SL,2018Q4,2018,3
435,8114,2018-10-09 17:00:00,8134,2018-10-10 04:00:00,BUY,1185.49,1190.9928571428572,1182.7385714285715,1190.9928571428572,0.1,54.328571428572374,550.2857142857238,1.9255696202532433,TP,2018Q4,2018,20
436,8135,2018-10-10 04:30:00,8149,2018-10-10 11:30:00,SELL,1189.91,1186.64,1191.545,1186.64,0.1,31.99999999999982,326.9999999999982,1.8768328445747795,TP,2018Q4,2018,14
437,8151,2018-10-10 12:30:00,8157,2018-10-10 15:30:00,BUY,1186.99,1185.3035714285713,1185.3035714285713,1190.3628571428571,0.1,-17.56428571428678,-168.6428571428678,-1.0,SL,2018Q4,2018,6
438,8158,2018-10-10 16:00:00,8168,2018-10-10 21:00:00,BUY,1187.06,1192.0507142857143,1184.5646428571426,1192.0507142857143,0.1,49.20714285714375,499.07142857143754,1.9181400529026034,TP,2018Q4,2018,10
439,8170,2018-10-10 22:00:00,8173,2018-10-10 23:30:00,SELL,1191.7,1194.5007142857144,1194.5007142857144,1186.0985714285714,0.1,-28.707142857143207,-280.0714285714321,-1.0,SL,2018Q4,2018,3
440,8175,2018-10-11 01:30:00,8192,2018-10-11 10:00:00,SELL,1194.56,1196.822857142857,1196.822857142857,1190.0342857142857,0.1,-23.32857142857001,-226.28571428570012,-1.0,SL,2018Q4,2018,17
441,8195,2018-10-11 11:30:00,8196,2018-10-11 12:00:00,SELL,1197.36,1199.6592857142855,1199.6592857142855,1192.7614285714285,0.1,-23.692857142855882,-229.92857142855883,-1.0,SL,2018Q4,2018,1
442,8199,2018-10-11 13:30:00,8203,2018-10-11 15:30:00,SELL,1203.28,1206.172857142857,1206.172857142857,1197.4942857142858,0.1,-29.628571428571103,-289.28571428571104,-1.0,SL,2018Q4,2018,4
443,8205,2018-10-11 16:30:00,8206,2018-10-11 17:00:00,SELL,1206.87,1211.0924999999997,1211.0924999999997,1198.425,0.1,-42.92499999999855,-422.24999999998545,-1.0,SL,2018Q4,2018,1
444,8209,2018-10-11 18:30:00,8209,2018-10-11 18:30:00,SELL,1215.44,1220.8421428571428,1220.8421428571428,1204.6357142857144,0.1,-54.72142857142735,-540.2142857142735,-1.0,SL,2018Q4,2018,0
445,8210,2018-10-11 19:00:00,8213,2018-10-11 20:30:00,SELL,1219.42,1225.2710714285715,1225.2710714285715,1207.7178571428572,0.1,-59.21071428571459,-585.1071428571458,-1.0,SL,2018Q4,2018,3
446,8214,2018-10-11 21:00:00,8287,2018-10-15 11:30:00,SELL,1224.54,1230.4275,1230.4275,1212.7649999999999,0.1,-59.57500000000046,-588.7500000000045,-1.0,SL,2018Q4,2018,73
447,8290,2018-10-15 13:00:00,8296,2018-10-15 16:00:00,SELL,1231.33,1225.9407142857142,1234.0246428571427,1225.9407142857142,0.1,53.192857142857335,538.9285714285734,1.9240408215993559,TP,2018Q4,2018,6
448,8331,2018-10-16 10:30:00,8332,2018-10-16 11:00:00,SELL,1228.31,1230.1046428571428,1230.1046428571428,1224.7207142857142,0.1,-18.646428571428896,-179.46428571428896,-1.0,SL,2018Q4,2018,1
449,8333,2018-10-16 11:30:00,8340,2018-10-16 15:00:00,SELL,1229.54,1231.4535714285714,1231.4535714285714,1225.712857142857,0.1,-19.835714285714584,-191.35714285714585,-1.0,SL,2018Q4,2018,7
450,8342,2018-10-16 16:00:00,8355,2018-10-16 22:30:00,SELL,1230.07,1224.4578571428572,1232.8760714285713,1224.4578571428572,0.1,55.42142857142771,561.2142857142771,1.926983732770395,TP,2018Q4,2018,13
451,8357,2018-10-16 23:30:00,8366,2018-10-17 05:00:00,BUY,1224.78,1222.3757142857144,1222.3757142857144,1229.5885714285714,0.1,-24.742857142856064,-240.42857142856064,-1.0,SL,2018Q4,2018,9
452,8368,2018-10-17 06:00:00,8372,2018-10-17 08:00:00,BUY,1222.61,1220.822857142857,1220.822857142857,1226.1842857142856,0.1,-18.571428571429532,-178.71428571429533,-1.0,SL,2018Q4,2018,4
453,8389,2018-10-17 16:30:00,8389,2018-10-17 16:30:00,SELL,1224.99,1227.8989285714285,1227.8989285714285,1219.172142857143,0.1,-29.789285714285324,-290.89285714285325,-1.0,SL,2018Q4,2018,0
454,8392,2018-10-17 18:00:00,8421,2018-10-18 09:30:00,SELL,1225.92,1219.0435714285716,1229.3582142857144,1219.0435714285716,0.1,68.06428571428505,687.6428571428505,1.9401404866129874,TP,2018Q4,2018,29
455,8422,2018-10-18 10:00:00,8431,2018-10-18 14:30:00,BUY,1220.77,1224.625,1218.8425,1224.625,0.1,37.85000000000018,385.5000000000018,1.8948685857321657,TP,2018Q4,2018,9
456,8432,2018-10-18 15:00:00,8438,2018-10-18 18:00:00,SELL,1224.45,1227.1317857142858,1227.1317857142858,1219.0864285714285,0.1,-27.51785714285752,-268.1785714285752,-1.0,SL,2018Q4,2018,6
457,8466,2018-10-19 09:00:00,8468,2018-10-19 10:00:00,SELL,1228.64,1225.3185714285717,1230.3007142857143,1225.3185714285717,0.1,32.51428571428441,332.14285714284415,1.8786628146925253,TP,2018Q4,2018,2
458,8469,2018-10-19 10:30:00,8478,2018-10-19 15:00:00,BUY,1225.66,1230.142857142857,1223.4185714285716,1230.142857142857,0.1,44.12857142857028,448.28571428570285,1.9091470951792313,TP,2018Q4,2018,9
459,8501,2018-10-22 03:30:00,8517,2018-10-22 11:30:00,SELL,1227.71,1224.3585714285716,1229.3857142857144,1224.3585714285716,0.1,32.81428571428414,335.1428571428414,1.8797054009818688,TP,2018Q4,2018,16
460,8520,2018-10-22 13:00:00,8526,2018-10-22 16:00:00,BUY,1222.79,1220.7875,1220.7875,1226.795,0.1,-20.725000000000545,-200.25000000000546,-1.0,SL,2018Q4,2018,6
461,8527,2018-10-22 16:30:00,8558,2018-10-23 09:00:00,BUY,1221.65,1226.6792857142857,1219.1353571428572,1226.6792857142857,0.1,49.59285714285606,502.92857142856064,1.9187508636174349,TP,2018Q4,2018,31
462,8564,2018-10-23 12:00:00,8569,2018-10-23 14:30:00,SELL,1235.54,1237.7921428571428,1237.7921428571428,1231.0357142857142,0.1,-23.221428571428714,-225.21428571428714,-1.0,SL,2018Q4,2018,5
463,8610,2018-10-24 12:00:00,8615,2018-10-24 14:30:00,BUY,1230.86,1228.6860714285713,1228.6860714285713,1235.207857142857,0.1,-22.439285714286324,-217.39285714286325,-1.0,SL,2018Q4,2018,5
464,8617,2018-10-24 15:30:00,8637,2018-10-25 02:30:00,BUY,1229.12,1234.697857142857,1226.3310714285712,1234.697857142857,0.1,55.078571428570555,557.7857142857056,1.926545908806918,TP,2018Q4,2018,20
465,8641,2018-10-25 04:30:00,8650,2018-10-25 09:00:00,SELL,1236.46,1238.9007142857142,1238.9007142857142,1231.5785714285714,0.1,-25.107142857141934,-244.07142857141935,-1.0,SL,2018Q4,2018,9
466,8651,2018-10-25 09:30:00,8652,2018-10-25 10:00:00,SELL,1237.66,1234.0492857142858,1239.4653571428573,1234.0492857142858,0.1,35.40714285714266,361.0714285714266,1.8880213292705,TP,2018Q4,2018,1
467,8653,2018-10-25 10:30:00,8653,2018-10-25 10:30:00,BUY,1232.9,1230.622142857143,1230.622142857143,1237.4557142857143,0.1,-23.478571428571012,-227.78571428571013,-1.0,SL,2018Q4,2018,0
468,8654,2018-10-25 11:00:00,8666,2018-10-25 17:00:00,BUY,1232.07,1229.5746428571429,1229.5746428571429,1237.0607142857143,0.1,-25.65357142857074,-249.5357142857074,-1.0,SL,2018Q4,2018,12
469,8668,2018-10-25 18:00:00,8699,2018-10-26 10:30:00,BUY,1229.63,1235.8185714285714,1226.5357142857144,1235.8185714285714,0.1,61.18571428571322,618.8571428571322,1.9336343115124142,TP,2018Q4,2018,31
470,8701,2018-10-26 11:30:00,8702,2018-10-26 12:00:00,SELL,1236.16,1238.2492857142859,1238.2492857142859,1231.9814285714285,0.1,-21.592857142857792,-208.92857142857792,-1.0,SL,2018Q4,2018,1
471,8703,2018-10-26 12:30:00,8709,2018-10-26 15:30:00,SELL,1237.19,1232.9,1239.335,1232.9,0.1,42.19999999999963,428.99999999999636,1.905191873589164,TP,2018Q4,2018,6
472,8715,2018-10-26 18:30:00,8717,2018-10-26 19:30:00,SELL,1240.63,1232.9114285714286,1244.4892857142859,1232.9114285714286,0.1,76.48571428571522,771.8571428571522,1.9465551717869483,TP,2018Q4,2018,2
473,8731,2018-10-29 02:30:00,8747,2018-10-29 10:30:00,BUY,1232.41,1229.804285714286,1229.804285714286,1237.6214285714286,0.1,-26.75714285714157,-260.5714285714157,-1.0,SL,2018Q4,2018,16
474,8749,2018-10-29 11:30:00,8763,2018-10-29 18:30:00,BUY,1228.97,1226.8914285714286,1226.8914285714286,1233.1271428571429,0.1,-21.48571428571422,-207.8571428571422,-1.0,SL,2018Q4,2018,14
475,8765,2018-10-29 19:30:00,8792,2018-10-30 10:00:00,BUY,1226.04,1223.3164285714286,1223.3164285714286,1231.4871428571428,0.1,-27.935714285714038,-272.3571428571404,-1.0,SL,2018Q4,2018,27
476,8798,2018-10-30 13:00:00,8802,2018-10-30 15:00:00,BUY,1220.7,1225.7400000000002,1218.18,1225.7400000000002,0.1,49.70000000000191,504.0000000000191,1.9189189189190061,TP,2018Q4,2018,4
477,8825,2018-10-31 03:30:00,8829,2018-10-31 05:30:00,BUY,1221.35,1219.7610714285713,1219.7610714285713,1224.527857142857,0.1,-16.58928571428596,-158.8928571428596,-1.0,SL,2018Q4,2018,4
478,8839,2018-10-31 10:30:00,8848,2018-10-31 15:00:00,BUY,1216.48,1214.1732142857143,1214.1732142857143,1221.0935714285715,0.1,-23.76785714285752,-230.6785714285752,-1.0,SL,2018Q4,2018,9
479,8869,2018-11-01 02:30:00,8879,2018-11-01 07:30:00,SELL,1216.8,1218.8014285714285,1218.8014285714285,1212.7971428571427,0.1,-20.71428571428505,-200.14285714285052,-1.0,SL,2018Q4,2018,10
480,8880,2018-11-01 08:00:00,8880,2018-11-01 08:00:00,SELL,1217.68,1219.0889285714286,1219.0889285714286,1214.862142857143,0.1,-14.789285714285324,-140.89285714285325,-1.0,SL,2018Q4,2018,0
481,8887,2018-11-01 11:30:00,8892,2018-11-01 14:00:00,SELL,1224.06,1226.3442857142857,1226.3442857142857,1219.4914285714285,0.1,-23.542857142857155,-228.42857142857156,-1.0,SL,2018Q4,2018,5
482,8895,2018-11-01 15:30:00,8896,2018-11-01 16:00:00,SELL,1229.6,1232.8625,1232.8625,1223.0749999999998,0.1,-33.32500000000046,-326.25000000000455,-1.0,SL,2018Q4,2018,1
483,8904,2018-11-01 20:00:00,9024,2018-11-06 12:00:00,SELL,1234.07,1234.72,1238.087857142857,1226.0342857142857,0.1,-7.20000000000091,-65.0000000000091,-0.17613139961560986,TIME_EXIT,2018Q4,2018,120
484,9028,2018-11-06 14:00:00,9032,2018-11-06 16:00:00,SELL,1235.71,1231.8314285714287,1237.6492857142857,1231.8314285714287,0.1,38.08571428571376,387.85714285713766,1.8954852470671866,TP,2018Q4,2018,4
485,9042,2018-11-06 21:00:00,9051,2018-11-07 02:30:00,BUY,1225.9,1231.797142857143,1222.9514285714288,1231.797142857143,0.1,58.27142857142853,589.7142857142853,1.9304306672977536,TP,2018Q4,2018,9
486,9053,2018-11-07 03:30:00,9066,2018-11-07 10:00:00,BUY,1226.17,1232.1057142857144,1223.202142857143,1232.1057142857144,0.1,58.657142857143114,593.5714285714312,1.9308723254173528,TP,2018Q4,2018,13
487,9067,2018-11-07 10:30:00,9070,2018-11-07 12:00:00,SELL,1231.65,1234.616785714286,1234.616785714286,1225.7164285714287,0.1,-30.367857142858337,-296.6785714285834,-1.0,SL,2018Q4,2018,3
488,9073,2018-11-07 13:30:00,9073,2018-11-07 13:30:00,SELL,1234.04,1236.5064285714286,1236.5064285714286,1229.107142857143,0.1,-25.364285714286506,-246.64285714286507,-1.0,SL,2018Q4,2018,0
489,9074,2018-11-07 14:00:00,9079,2018-11-07 16:30:00,SELL,1232.72,1227.215,1235.4725,1227.215,0.1,54.35000000000109,550.5000000000109,1.9255978742249793,TP,2018Q4,2018,5
490,9080,2018-11-07 17:00:00,9091,2018-11-07 22:30:00,BUY,1228.62,1225.5171428571427,1225.5171428571427,1234.8257142857142,0.1,-31.728571428571467,-310.2857142857147,-1.0,SL,2018Q4,2018,11
491,9092,2018-11-07 23:00:00,9103,2018-11-08 05:30:00,BUY,1226.33,1223.8914285714284,1223.8914285714284,1231.2071428571428,0.1,-25.085714285715493,-243.85714285715494,-1.0,SL,2018Q4,2018,11
492,9104,2018-11-08 06:00:00,9110,2018-11-08 09:00:00,BUY,1224.19,1222.6192857142858,1222.6192857142858,1227.3314285714287,0.1,-16.407142857143025,-157.07142857143026,-1.0,SL,2018Q4,2018,6
493,9111,2018-11-08 09:30:00,9114,2018-11-08 11:00:00,BUY,1224.08,1222.2489285714285,1222.2489285714285,1227.7421428571429,0.1,-19.010714285714766,-183.10714285714766,-1.0,SL,2018Q4,2018,3
494,9123,2018-11-08 15:30:00,9134,2018-11-08 21:00:00,SELL,1224.02,1226.6996428571429,1226.6996428571429,1218.6607142857142,0.1,-27.496428571428805,-267.96428571428805,-1.0,SL,2018Q4,2018,11
495,9135,2018-11-08 21:30:00,9168,2018-11-09 15:00:00,SELL,1223.89,1217.7228571428573,1226.9735714285714,1217.7228571428573,0.1,60.97142857142835,616.7142857142835,1.9334088335221533,TP,2018Q4,2018,33
496,9171,2018-11-09 16:30:00,9175,2018-11-09 18:30:00,BUY,1211.32,1208.3553571428572,1208.3553571428572,1217.2492857142856,0.1,-30.34642857142735,-296.4642857142735,-1.0,SL,2018Q4,2018,4
497,9177,2018-11-09 19:30:00,9203,2018-11-12 09:30:00,BUY,1208.66,1205.0000000000002,1205.0000000000002,1215.98,0.1,-37.29999999999855,-365.99999999998545,-1.0,SL,2018Q4,2018,26
498,9218,2018-11-12 17:00:00,9225,2018-11-12 20:30:00,BUY,1204.15,1201.9492857142857,1201.9492857142857,1208.5514285714287,0.1,-22.707142857144117,-220.07142857144117,-1.0,SL,2018Q4,2018,7
499,9226,2018-11-12 21:00:00,9230,2018-11-12 23:00:00,BUY,1202.81,1200.5749999999998,1200.5749999999998,1207.28,0.1,-23.050000000001273,-223.50000000001273,-1.0,SL,2018Q4,2018,4
500,9242,2018-11-13 06:00:00,9252,2018-11-13 11:00:00,SELL,1204.45,1201.2507142857144,1206.049642857143,1201.2507142857144,0.1,31.292857142856793,319.9285714285679,1.8742245989303525,TP,2018Q4,2018,10
501,9285,2018-11-14 04:30:00,9299,2018-11-14 11:30:00,SELL,1203.05,1199.267857142857,1204.9410714285714,1199.267857142857,0.1,37.12142857142844,378.2142857142844,1.8929156802039697,TP,2018Q4,2018,14
502,9301,2018-11-14 12:30:00,9310,2018-11-14 17:00:00,BUY,1199.05,1202.9157142857143,1197.1171428571429,1202.9157142857143,0.1,37.95714285714375,386.57142857143754,1.8951497860200812,TP,2018Q4,2018,9
503,9314,2018-11-14 19:00:00,9315,2018-11-14 19:30:00,SELL,1203.1,1206.1139285714285,1206.1139285714285,1197.0721428571428,0.1,-30.839285714285506,-301.39285714285506,-1.0,SL,2018Q4,2018,1
504,9319,2018-11-14 21:30:00,9344,2018-11-15 11:00:00,SELL,1211.41,1216.122142857143,1216.122142857143,1201.9857142857145,0.1,-47.82142857142908,-471.2142857142908,-1.0,SL,2018Q4,2018,25
505,9345,2018-11-15 11:30:00,9346,2018-11-15 12:00:00,SELL,1214.86,1210.1585714285716,1217.2107142857142,1210.1585714285716,0.1,46.31428571428323,470.1428571428323,1.9132487459426617,TP,2018Q4,2018,1
506,9352,2018-11-15 15:00:00,9388,2018-11-16 10:00:00,BUY,1210.52,1217.1435714285712,1207.2082142857143,1217.1435714285712,0.1,65.53571428571267,662.3571428571267,1.9379026296335393,TP,2018Q4,2018,36
507,9402,2018-11-16 17:00:00,9488,2018-11-20 14:00:00,SELL,1222.9,1226.26,1226.26,1216.18,0.1,-34.299999999999,-335.99999999999,-1.0,SL,2018Q4,2018,86
508,9489,2018-11-20 14:30:00,9490,2018-11-20 15:00:00,SELL,1225.42,1227.784642857143,1227.784642857143,1220.6907142857144,0.1,-24.34642857142826,-236.4642857142826,-1.0,SL,2018Q4,2018,1
509,9492,2018-11-20 16:00:00,9494,2018-11-20 17:00:00,SELL,1226.68,1221.22,1229.41,1221.22,0.1,53.90000000000036,546.0000000000036,1.9250000000000005,TP,2018Q4,2018,2
510,9495,2018-11-20 17:30:00,9540,2018-11-21 17:00:00,BUY,1222.2,1228.6585714285713,1218.9707142857144,1228.6585714285713,0.1,63.885714285713036,645.8571428571304,1.9363498592768984,TP,2018Q4,2018,45
511,9559,2018-11-22 03:30:00,9608,2018-11-23 09:00:00,BUY,1226.4,1225.095,1225.095,1229.0100000000002,0.1,-13.750000000000636,-130.50000000000637,-1.0,SL,2018Q4,2018,49
512,9610,2018-11-23 10:00:00,9611,2018-11-23 10:30:00,BUY,1224.29,1222.795357142857,1222.795357142857,1227.2792857142858,0.1,-15.64642857142935,-149.4642857142935,-1.0,SL,2018Q4,2018,1
513,9619,2018-11-23 14:30:00,9620,2018-11-23 15:00:00,BUY,1223.09,1220.852857142857,1220.852857142857,1227.5642857142857,0.1,-23.071428571429987,-223.71428571429988,-1.0,SL,2018Q4,2018,1
514,9621,2018-11-23 15:30:00,9648,2018-11-26 09:00:00,BUY,1221.77,1226.7307142857144,1219.2896428571428,1226.7307142857144,0.1,48.907142857144024,496.07142857144026,1.9176585912337225,TP,2018Q4,2018,27
515,9651,2018-11-26 10:30:00,9663,2018-11-26 16:30:00,SELL,1226.32,1222.6385714285714,1228.1607142857142,1222.6385714285714,0.1,36.114285714285685,368.1428571428569,1.890093457943925,TP,2018Q4,2018,12
516,9666,2018-11-26 18:00:00,9682,2018-11-27 03:00:00,BUY,1223.07,1220.8810714285714,1220.8810714285714,1227.4478571428572,0.1,-22.58928571428505,-218.89285714285052,-1.0,SL,2018Q4,2018,16
517,9696,2018-11-27 10:00:00,9700,2018-11-27 12:00:00,BUY,1220.26,1223.752857142857,1218.5135714285714,1223.752857142857,0.1,34.22857142857019,349.28571428570194,1.884388517498895,TP,2018Q4,2018,4
518,9702,2018-11-27 13:00:00,9710,2018-11-27 17:00:00,SELL,1223.85,1219.5428571428572,1226.0035714285711,1219.5428571428572,0.1,42.371428571427074,430.7142857142708,1.9055573401864097,TP,2018Q4,2018,8
519,9715,2018-11-27 19:30:00,9760,2018-11-28 19:00:00,BUY,1213.29,1219.3585714285714,1210.2557142857142,1219.3585714285714,0.1,59.98571428571431,606.8571428571431,1.93235158766682,TP,2018Q4,2018,45
520,9783,2018-11-29 07:30:00,9784,2018-11-29 08:00:00,SELL,1224.52,1225.9064285714285,1225.9064285714285,1221.7471428571428,0.1,-14.56428571428496,-138.6428571428496,-1.0,SL,2018Q4,2018,1
521,9785,2018-11-29 08:30:00,9787,2018-11-29 09:30:00,SELL,1225.2,1226.6710714285714,1226.6710714285714,1222.2578571428571,0.1,-15.410714285713492,-147.10714285713493,-1.0,SL,2018Q4,2018,2
522,9793,2018-11-29 12:30:00,9797,2018-11-29 14:30:00,SELL,1226.28,1228.1196428571427,1228.1196428571427,1222.6007142857143,0.1,-19.09642857142735,-183.9642857142735,-1.0,SL,2018Q4,2018,4
523,9798,2018-11-29 15:00:00,9804,2018-11-29 18:00:00,SELL,1226.54,1228.7964285714286,1228.7964285714286,1222.0271428571427,0.1,-23.264285714286142,-225.64285714286143,-1.0,SL,2018Q4,2018,6
524,9805,2018-11-29 18:30:00,9847,2018-11-30 16:30:00,SELL,1224.88,1218.6592857142857,1227.9903571428572,1218.6592857142857,0.1,61.50714285714393,622.0714285714394,1.9339696799551516,TP,2018Q4,2018,42
525,9863,2018-12-03 01:30:00,9868,2018-12-03 04:00:00,SELL,1222.58,1224.7485714285713,1224.7485714285713,1218.242857142857,0.1,-22.3857142857134,-216.85714285713402,-1.0,SL,2018Q4,2018,5
526,9873,2018-12-03 06:30:00,9876,2018-12-03 08:00:00,SELL,1225.38,1227.2560714285717,1227.2560714285717,1221.6278571428572,0.1,-19.460714285715493,-187.60714285715494,-1.0,SL,2018Q4,2018,3
527,9878,2018-12-03 09:00:00,9878,2018-12-03 09:00:00,SELL,1226.84,1228.4310714285714,1228.4310714285714,1223.657857142857,0.1,-16.610714285714675,-159.10714285714675,-1.0,SL,2018Q4,2018,0
528,9892,2018-12-03 16:00:00,9893,2018-12-03 16:30:00,SELL,1231.96,1234.8828571428571,1234.8828571428571,1226.1142857142859,0.1,-29.92857142857083,-292.2857142857083,-1.0,SL,2018Q4,2018,1
529,9894,2018-12-03 17:00:00,9917,2018-12-04 05:30:00,SELL,1233.33,1236.0557142857142,1236.0557142857142,1227.8785714285714,0.1,-27.957142857142752,-272.57142857142753,-1.0,SL,2018Q4,2018,23
530,9918,2018-12-04 06:00:00,9918,2018-12-04 06:00:00,SELL,1235.36,1236.9596428571429,1236.9596428571429,1232.160714285714,0.1,-16.696428571429532,-159.96428571429533,-1.0,SL,2018Q4,2018,0
531,9921,2018-12-04 07:30:00,9922,2018-12-04 08:00:00,SELL,1236.3,1237.9757142857143,1237.9757142857143,1232.9485714285713,0.1,-17.457142857143207,-167.57142857143208,-1.0,SL,2018Q4,2018,1
532,9923,2018-12-04 08:30:00,9927,2018-12-04 10:30:00,SELL,1237.59,1239.3642857142856,1239.3642857142856,1234.0414285714285,0.1,-18.442857142857246,-177.42857142857247,-1.0,SL,2018Q4,2018,4
533,9928,2018-12-04 11:00:00,9929,2018-12-04 11:30:00,SELL,1238.5,1240.3825,1240.3825,1234.7350000000001,0.1,-19.524999999999363,-188.24999999999363,-1.0,SL,2018Q4,2018,1
534,9937,2018-12-04 15:30:00,9961,2018-12-05 04:30:00,SELL,1239.89,1235.2592857142859,1242.205357142857,1235.2592857142859,0.1,45.60714285714248,463.0714285714248,1.9119628686930086,TP,2018Q4,2018,24
535,9963,2018-12-05 05:30:00,9971,2018-12-05 09:30:00,BUY,1235.42,1233.6553571428572,1233.6553571428572,1238.949285714286,0.1,-18.34642857142917,-176.4642857142917,-1.0,SL,2018Q4,2018,8
536,9972,2018-12-05 10:00:00,9978,2018-12-05 13:00:00,BUY,1234.29,1237.542857142857,1232.6635714285715,1237.542857142857,0.1,31.828571428570104,325.28571428570103,1.8762105263157847,TP,2018Q4,2018,6
537,9980,2018-12-05 14:00:00,9992,2018-12-05 20:00:00,SELL,1237.3,1239.2178571428572,1239.2178571428572,1233.4642857142858,0.1,-19.878571428572013,-191.78571428572013,-1.0,SL,2018Q4,2018,12
538,9993,2018-12-05 20:30:00,10000,2018-12-06 01:00:00,SELL,1236.82,1238.665,1238.665,1233.13,0.1,-19.150000000000272,-184.50000000000273,-1.0,SL,2018Q4,2018,7
539,10007,2018-12-06 04:30:00,10015,2018-12-06 08:30:00,SELL,1240.0,1236.8585714285714,1241.5707142857143,1236.8585714285714,0.1,30.714285714286053,314.1428571428605,1.8720069656073153,TP,2018Q4,2018,8
540,10018,2018-12-06 10:00:00,10028,2018-12-06 15:00:00,BUY,1235.15,1238.8014285714287,1233.324285714286,1238.8014285714287,0.1,35.81428571428596,365.1428571428596,1.8892238131123973,TP,2018Q4,2018,10
541,10070,2018-12-07 13:00:00,10070,2018-12-07 13:00:00,SELL,1240.91,1242.4142857142858,1242.4142857142858,1237.9014285714288,0.1,-15.742857142857428,-150.4285714285743,-1.0,SL,2018Q4,2018,0
542,10072,2018-12-07 14:00:00,10075,2018-12-07 15:30:00,SELL,1241.2,1242.9507142857144,1242.9507142857144,1237.6985714285715,0.1,-18.207142857143662,-175.07142857143663,-1.0,SL,2018Q4,2018,3
543,10078,2018-12-07 17:00:00,10079,2018-12-07 17:30:00,SELL,1243.52,1246.1599999999999,1246.1599999999999,1238.24,0.1,-27.099999999998726,-263.99999999998727,-1.0,SL,2018Q4,2018,1
544,10080,2018-12-07 18:00:00,10085,2018-12-07 20:30:00,SELL,1245.06,1247.8799999999999,1247.8799999999999,1239.42,0.1,-28.899999999999363,-281.99999999999363,-1.0,SL,2018Q4,2018,5
545,10093,2018-12-10 01:30:00,10120,2018-12-10 15:00:00,SELL,1249.56,1244.8799999999999,1251.8999999999999,1244.8799999999999,0.1,46.100000000000634,468.00000000000637,1.9128630705395104,TP,2018Q4,2018,27
546,10132,2018-12-10 21:00:00,10160,2018-12-11 12:00:00,BUY,1243.03,1249.0,1240.045,1249.0,0.1,59.00000000000027,597.0000000000027,1.9312602291326417,TP,2018Q4,2018,28
547,10161,2018-12-11 12:30:00,10168,2018-12-11 16:00:00,SELL,1247.94,1244.8928571428573,1249.4635714285714,1244.8928571428573,0.1,29.77142857142717,304.7142857142717,1.8682205289107967,TP,2018Q4,2018,7
548,10170,2018-12-11 17:00:00,10170,2018-12-11 17:00:00,BUY,1245.59,1243.1814285714286,1243.1814285714286,1250.4071428571428,0.1,-24.785714285713492,-240.85714285713493,-1.0,SL,2018Q4,2018,0
549,10173,2018-12-11 18:30:00,10259,2018-12-13 15:30:00,BUY,1243.46,1240.7696428571428,1240.7696428571428,1248.8407142857143,0.1,-27.603571428572376,-269.03571428572377,-1.0,SL,2018Q4,2018,86
550,10260,2018-12-13 16:00:00,10261,2018-12-13 16:30:00,BUY,1242.68,1240.4557142857143,1240.4557142857143,1247.1285714285714,0.1,-22.9428571428577,-222.42857142857702,-1.0,SL,2018Q4,2018,1
551,10262,2018-12-13 17:00:00,10290,2018-12-14 08:00:00,BUY,1242.8,1240.1825,1240.1825,1248.0349999999999,0.1,-26.875000000000636,-261.75000000000637,-1.0,SL,2018Q4,2018,28
552,10308,2018-12-14 17:00:00,10310,2018-12-14 18:00:00,BUY,1235.04,1239.075,1233.0225,1239.075,0.1,39.650000000000816,403.5000000000082,1.8994011976048957,TP,2018Q4,2018,2
553,10314,2018-12-14 20:00:00,10351,2018-12-17 15:30:00,SELL,1239.7,1242.0464285714286,1242.0464285714286,1235.007142857143,0.1,-24.164285714285324,-234.64285714285325,-1.0,SL,2018Q4,2018,37
554,10354,2018-12-17 17:00:00,10356,2018-12-17 18:00:00,SELL,1241.82,1243.4067857142857,1243.4067857142857,1238.6464285714285,0.1,-16.567857142857246,-158.67857142857247,-1.0,SL,2018Q4,2018,2
555,10359,2018-12-17 19:30:00,10359,2018-12-17 19:30:00,SELL,1243.84,1245.6475,1245.6475,1240.225,0.1,-18.77500000000118,-180.75000000001182,-1.0,SL,2018Q4,2018,0
556,10375,2018-12-18 04:30:00,10389,2018-12-18 11:30:00,SELL,1247.99,1249.4921428571429,1249.4921428571429,1244.9857142857143,0.1,-15.721428571428714,-150.21428571428714,-1.0,SL,2018Q4,2018,14
557,10415,2018-12-19 01:30:00,10422,2018-12-19 05:00:00,SELL,1249.62,1251.2442857142858,1251.2442857142858,1246.3714285714284,0.1,-16.94285714285861,-162.4285714285861,-1.0,SL,2018Q4,2018,7
558,10423,2018-12-19 05:30:00,10435,2018-12-19 11:30:00,SELL,1250.6,1248.045714285714,1251.8771428571429,1248.045714285714,0.1,24.84285714285925,255.42857142859248,1.844114528101815,TP,2018Q4,2018,12
559,10437,2018-12-19 12:30:00,10441,2018-12-19 14:30:00,BUY,1248.96,1247.3089285714286,1247.3089285714286,1252.2621428571429,0.1,-17.21071428571413,-165.1071428571413,-1.0,SL,2018Q4,2018,4
560,10456,2018-12-19 22:00:00,10480,2018-12-20 11:00:00,BUY,1244.23,1253.5578571428573,1239.5660714285714,1253.5578571428573,0.1,92.57857142857283,932.7857142857283,1.9556393813655228,TP,2018Q4,2018,24
561,10483,2018-12-20 12:30:00,10490,2018-12-20 16:00:00,SELL,1255.26,1257.8667857142857,1257.8667857142857,1250.0464285714286,0.1,-26.767857142857064,-260.67857142857065,-1.0,SL,2018Q4,2018,7
562,10493,2018-12-20 17:30:00,10498,2018-12-20 20:00:00,SELL,1260.62,1264.4964285714284,1264.4964285714284,1252.8671428571427,0.1,-39.464285714285054,-387.6428571428505,-1.0,SL,2018Q4,2018,5
563,10499,2018-12-20 20:30:00,10544,2018-12-21 20:00:00,SELL,1264.0,1255.402857142857,1268.2985714285714,1255.402857142857,0.1,85.27142857142898,859.7142857142899,1.9519293655984304,TP,2018Q4,2018,45
564,10557,2018-12-24 03:30:00,10559,2018-12-24 04:30:00,SELL,1260.38,1262.5603571428574,1262.5603571428574,1256.0192857142856,0.1,-22.503571428572467,-218.03571428572468,-1.0,SL,2018Q4,2018,2
565,10561,2018-12-24 05:30:00,10570,2018-12-24 10:00:00,SELL,1263.48,1265.4471428571428,1265.4471428571428,1259.5457142857142,0.1,-20.371428571427895,-196.71428571427896,-1.0,SL,2018Q4,2018,9
566,10571,2018-12-24 10:30:00,10575,2018-12-24 12:30:00,SELL,1264.18,1260.6078571428573,1265.9660714285715,1260.6078571428573,0.1,35.021428571428075,357.2142857142808,1.886857802578409,TP,2018Q4,2018,4
567,10585,2018-12-24 17:30:00,10588,2018-12-26 09:00:00,SELL,1266.51,1269.2485714285715,1269.2485714285715,1261.0328571428572,0.1,-28.08571428571504,-273.8571428571504,-1.0,SL,2018Q4,2018,3
568,10591,2018-12-26 10:30:00,10600,2018-12-26 15:00:00,SELL,1273.12,1276.2785714285712,1276.2785714285712,1266.8028571428572,0.1,-32.285714285713496,-315.85714285713493,-1.0,SL,2018Q4,2018,9
569,10603,2018-12-26 16:30:00,10605,2018-12-26 17:30:00,SELL,1275.61,1278.175,1278.175,1270.4799999999998,0.1,-26.350000000000545,-256.50000000000546,-1.0,SL,2018Q4,2018,2
570,10607,2018-12-26 18:30:00,10608,2018-12-26 19:00:00,SELL,1277.54,1271.4671428571428,1280.5764285714286,1271.4671428571428,0.1,60.02857142857174,607.2857142857174,1.9323982524718328,TP,2018Q4,2018,1
571,10609,2018-12-26 19:30:00,10610,2018-12-26 20:00:00,BUY,1272.35,1268.6107142857143,1268.6107142857143,1279.8285714285714,0.1,-38.09285714285643,-373.9285714285643,-1.0,SL,2018Q4,2018,1
572,10611,2018-12-26 20:30:00,10613,2018-12-26 21:30:00,BUY,1270.19,1266.065,1266.065,1278.44,0.1,-41.95,-412.5,-1.0,SL,2018Q4,2018,2
573,10614,2018-12-26 22:00:00,10646,2018-12-27 15:00:00,BUY,1266.65,1275.3928571428573,1262.2785714285715,1275.3928571428573,0.1,86.72857142857247,874.2857142857247,1.9527179157285304,TP,2018Q4,2018,32
574,10649,2018-12-27 16:30:00,10656,2018-12-27 20:00:00,SELL,1275.34,1278.4321428571427,1278.4321428571427,1269.1557142857143,0.1,-31.621428571427895,-309.21428571427896,-1.0,SL,2018Q4,2018,7
575,10658,2018-12-27 21:00:00,10682,2018-12-28 10:00:00,SELL,1278.19,1281.8146428571429,1281.8146428571429,1270.9407142857144,0.1,-36.94642857142817,-362.4642857142817,-1.0,SL,2018Q4,2018,24
576,10683,2018-12-28 10:30:00,10687,2018-12-28 12:30:00,SELL,1277.09,1279.217857142857,1279.217857142857,1272.8342857142857,0.1,-21.978571428570103,-212.78571428570103,-1.0,SL,2018Q4,2018,4
577,10710,2018-12-31 01:00:00,10728,2018-12-31 10:00:00,SELL,1280.14,1282.287142857143,1282.287142857143,1275.8457142857144,0.1,-22.17142857142853,-214.71428571428532,-1.0,SL,2018Q4,2018,18
578,10733,2018-12-31 12:30:00,10734,2018-12-31 13:00:00,SELL,1282.61,1284.1271428571429,1284.1271428571429,1279.5757142857142,0.1,-15.871428571429714,-151.71428571429715,-1.0,SL,2018Q4,2018,1
579,10749,2019-01-02 10:30:00,10750,2019-01-02 11:00:00,SELL,1285.79,1288.7792857142856,1288.7792857142856,1279.8114285714285,0.1,-30.592857142856428,-298.9285714285643,-1.0,SL,2019Q1,2019,1
580,10751,2019-01-02 11:30:00,10769,2019-01-02 20:30:00,SELL,1287.74,1281.0735714285713,1291.0732142857144,1281.0735714285713,0.1,65.96428571428696,666.6428571428696,1.9382936299716664,TP,2019Q1,2019,18
581,10790,2019-01-03 08:00:00,10814,2019-01-03 20:00:00,SELL,1289.9,1292.5067857142858,1292.5067857142858,1284.6864285714287,0.1,-26.767857142857064,-260.67857142857065,-1.0,SL,2019Q1,2019,24
582,10821,2019-01-03 23:30:00,10825,2019-01-04 02:30:00,SELL,1293.84,1297.032857142857,1297.032857142857,1287.4542857142856,0.1,-32.62857142857065,-319.2857142857065,-1.0,SL,2019Q1,2019,4
583,10828,2019-01-04 04:00:00,10841,2019-01-04 10:30:00,SELL,1296.88,1291.5935714285715,1299.5232142857144,1291.5935714285715,0.1,52.16428571428587,528.6428571428587,1.9226010267210742,TP,2019Q1,2019,13
584,10844,2019-01-04 12:00:00,10851,2019-01-04 15:30:00,BUY,1290.37,1288.1574999999998,1288.1574999999998,1294.7949999999998,0.1,-22.82500000000091,-221.2500000000091,-1.0,SL,2019Q1,2019,7
585,10883,2019-01-07 08:30:00,10895,2019-01-07 14:30:00,SELL,1290.54,1292.79,1292.79,1286.04,0.1,-23.2,-225.0,-1.0,SL,2019Q1,2019,12
586,10896,2019-01-07 15:00:00,10896,2019-01-07 15:00:00,SELL,1292.2,1294.4425,1294.4425,1287.7150000000001,0.1,-23.125000000000636,-224.25000000000637,-1.0,SL,2019Q1,2019,0
587,10902,2019-01-07 18:00:00,10903,2019-01-07 18:30:00,BUY,1288.97,1286.527142857143,1286.527142857143,1293.8557142857142,0.1,-25.12857142857065,-244.2857142857065,-1.0,SL,2019Q1,2019,1
588,10904,2019-01-07 19:00:00,10921,2019-01-08 04:30:00,BUY,1287.89,1285.3014285714287,1285.3014285714287,1293.067142857143,0.1,-26.58571428571413,-258.8571428571413,-1.0,SL,2019Q1,2019,17
589,10925,2019-01-08 06:30:00,10942,2019-01-08 15:00:00,BUY,1283.65,1281.5382142857145,1281.5382142857145,1287.8735714285713,0.1,-21.817857142855882,-211.17857142855883,-1.0,SL,2019Q1,2019,17
590,10947,2019-01-08 17:30:00,10951,2019-01-08 19:30:00,SELL,1283.92,1286.7132142857145,1286.7132142857145,1278.3335714285713,0.1,-28.632142857143844,-279.32142857143845,-1.0,SL,2019Q1,2019,4
591,10966,2019-01-09 04:00:00,10970,2019-01-09 06:00:00,SELL,1285.7,1282.732142857143,1287.1839285714286,1282.732142857143,0.1,28.97857142857156,296.7857142857156,1.864858653183177,TP,2019Q1,2019,4
592,10972,2019-01-09 07:00:00,10981,2019-01-09 11:30:00,BUY,1282.27,1280.8075,1280.8075,1285.195,0.1,-15.325000000000909,-146.2500000000091,-1.0,SL,2019Q1,2019,9
593,10984,2019-01-09 13:00:00,10988,2019-01-09 15:00:00,BUY,1281.06,1284.6707142857142,1279.2546428571427,1284.6707142857142,0.1,35.40714285714266,361.0714285714266,1.8880213292705,TP,2019Q1,2019,4
594,10989,2019-01-09 15:30:00,10991,2019-01-09 16:30:00,SELL,1284.23,1286.2207142857142,1286.2207142857142,1280.2485714285715,0.1,-20.60714285714148,-199.0714285714148,-1.0,SL,2019Q1,2019,2
595,10994,2019-01-09 18:00:00,11000,2019-01-09 21:00:00,SELL,1289.96,1292.8560714285716,1292.8560714285716,1284.1678571428572,0.1,-29.66071428571531,-289.6071428571531,-1.0,SL,2019Q1,2019,6
596,11002,2019-01-09 22:00:00,11014,2019-01-10 05:00:00,SELL,1291.59,1295.1889285714285,1295.1889285714285,1284.3921428571427,0.1,-36.68928571428587,-359.8928571428587,-1.0,SL,2019Q1,2019,12
597,11029,2019-01-10 12:30:00,11036,2019-01-10 16:00:00,BUY,1291.76,1289.6771428571428,1289.6771428571428,1295.9257142857143,0.1,-21.52857142857165,-208.2857142857165,-1.0,SL,2019Q1,2019,7
598,11037,2019-01-10 16:30:00,11043,2019-01-10 19:30:00,BUY,1290.44,1287.8053571428572,1287.8053571428572,1295.7092857142857,0.1,-27.046428571428077,-263.4642857142808,-1.0,SL,2019Q1,2019,6
599,11067,2019-01-11 08:30:00,11068,2019-01-11 09:00:00,SELL,1293.12,1294.6821428571427,1294.6821428571427,1289.9957142857143,0.1,-16.321428571428168,-156.2142857142817,-1.0,SL,2019Q1,2019,1
600,11069,2019-01-11 09:30:00,11082,2019-01-11 16:00:00,SELL,1294.18,1290.7535714285714,1295.8932142857143,1290.7535714285714,0.1,33.56428571428687,342.6428571428687,1.882235129180977,TP,2019Q1,2019,13
601,11084,2019-01-11 17:00:00,11118,2019-01-14 11:00:00,BUY,1288.75,1294.3642857142859,1285.942857142857,1294.3642857142859,0.1,55.4428571428587,561.428571428587,1.927010923535255,TP,2019Q1,2019,34
602,11119,2019-01-14 11:30:00,11121,2019-01-14 12:30:00,SELL,1293.6,1295.4867857142856,1295.4867857142856,1289.8264285714283,0.1,-19.56785714285679,-188.67857142856792,-1.0,SL,2019Q1,2019,2
603,11150,2019-01-15 04:00:00,11161,2019-01-15 09:30:00,SELL,1292.92,1289.9992857142859,1294.380357142857,1289.9992857142859,0.1,28.507142857142117,292.07142857142117,1.8627771295217221,TP,2019Q1,2019,11
604,11165,2019-01-15 11:30:00,11170,2019-01-15 14:00:00,BUY,1288.07,1291.3142857142857,1286.447857142857,1291.3142857142857,0.1,31.74285714285752,324.4285714285752,1.8758970029547086,TP,2019Q1,2019,5
605,11177,2019-01-15 17:30:00,11223,2019-01-16 17:30:00,SELL,1291.39,1294.3460714285716,1294.3460714285716,1285.4778571428571,0.1,-30.260714285714766,-295.60714285714766,-1.0,SL,2019Q1,2019,46
606,11224,2019-01-16 18:00:00,11225,2019-01-16 18:30:00,SELL,1292.87,1294.784642857143,1294.784642857143,1289.040714285714,0.1,-19.846428571430078,-191.4642857143008,-1.0,SL,2019Q1,2019,1
607,11243,2019-01-17 04:30:00,11265,2019-01-17 15:30:00,SELL,1294.18,1291.2507142857141,1295.644642857143,1291.2507142857141,0.1,28.59285714285925,292.9285714285925,1.8631603444263536,TP,2019Q1,2019,22
608,11266,2019-01-17 16:00:00,11268,2019-01-17 17:00:00,BUY,1291.67,1289.7360714285714,1289.7360714285714,1295.537857142857,0.1,-20.039285714286233,-193.39285714286234,-1.0,SL,2019Q1,2019,2
609,11269,2019-01-17 17:30:00,11300,2019-01-18 10:00:00,BUY,1290.81,1288.6864285714285,1288.6864285714285,1295.0571428571427,0.1,-21.935714285714948,-212.35714285714948,-1.0,SL,2019Q1,2019,31
610,11302,2019-01-18 11:00:00,11302,2019-01-18 11:00:00,BUY,1288.79,1287.2717857142857,1287.2717857142857,1291.8264285714286,0.1,-15.882142857142934,-151.82142857142935,-1.0,SL,2019Q1,2019,0
611,11304,2019-01-18 12:00:00,11310,2019-01-18 15:00:00,BUY,1285.24,1283.2728571428572,1283.2728571428572,1289.1742857142858,0.1,-20.371428571427895,-196.71428571427896,-1.0,SL,2019Q1,2019,6
612,11312,2019-01-18 16:00:00,11325,2019-01-18 22:30:00,BUY,1283.36,1280.6417857142856,1280.6417857142856,1288.7964285714286,0.1,-27.88214285714339,-271.8214285714339,-1.0,SL,2019Q1,2019,13
613,11349,2019-01-21 11:30:00,11384,2019-01-22 10:00:00,BUY,1278.31,1281.5521428571426,1276.6889285714287,1281.5521428571426,0.1,31.721428571426532,324.2142857142653,1.8758183738121568,TP,2019Q1,2019,35
614,11387,2019-01-22 11:30:00,11398,2019-01-22 17:00:00,SELL,1284.14,1280.1950000000002,1286.1125000000002,1280.1950000000002,0.1,38.74999999999936,394.49999999999363,1.8971848225213126,TP,2019Q1,2019,11
615,11405,2019-01-22 20:30:00,11430,2019-01-23 10:00:00,SELL,1283.94,1286.1803571428572,1286.1803571428572,1279.459285714286,0.1,-23.10357142857192,-224.03571428571922,-1.0,SL,2019Q1,2019,25
616,11433,2019-01-23 11:30:00,11440,2019-01-23 15:00:00,SELL,1285.46,1282.73,1286.825,1282.73,0.1,26.600000000000183,273.0000000000018,1.8536585365853668,TP,2019Q1,2019,7
617,11442,2019-01-23 16:00:00,11442,2019-01-23 16:00:00,BUY,1280.94,1279.0853571428572,1279.0853571428572,1284.6492857142857,0.1,-19.24642857142835,-185.4642857142835,-1.0,SL,2019Q1,2019,0
618,11472,2019-01-24 08:00:00,11474,2019-01-24 09:00:00,BUY,1281.84,1280.420357142857,1280.420357142857,1284.6792857142857,0.1,-14.896428571428896,-141.96428571428896,-1.0,SL,2019Q1,2019,2
619,11477,2019-01-24 10:30:00,11477,2019-01-24 10:30:00,BUY,1280.13,1278.7660714285714,1278.7660714285714,1282.8578571428573,0.1,-14.33928571428687,-136.3928571428687,-1.0,SL,2019Q1,2019,0
620,11487,2019-01-24 15:30:00,11487,2019-01-24 15:30:00,BUY,1278.57,1276.7164285714284,1276.7164285714284,1282.277142857143,0.1,-19.23571428571513,-185.3571428571513,-1.0,SL,2019Q1,2019,0
621,11488,2019-01-24 16:00:00,11533,2019-01-25 15:30:00,BUY,1280.71,1285.24,1278.445,1285.24,0.1,44.599999999999724,452.99999999999727,1.9100642398286003,TP,2019Q1,2019,45
622,11577,2019-01-28 14:30:00,11580,2019-01-28 16:00:00,BUY,1299.9,1298.109642857143,1298.109642857143,1303.4807142857144,0.1,-18.603571428571467,-179.03571428571468,-1.0,SL,2019Q1,2019,3
623,11595,2019-01-28 23:30:00,11610,2019-01-29 08:00:00,SELL,1303.47,1305.5239285714288,1305.5239285714288,1299.3621428571428,0.1,-21.239285714287416,-205.39285714287416,-1.0,SL,2019Q1,2019,15
624,11624,2019-01-29 15:00:00,11624,2019-01-29 15:00:00,SELL,1308.67,1310.9007142857145,1310.9007142857145,1304.2085714285715,0.1,-23.007142857143844,-223.07142857143845,-1.0,SL,2019Q1,2019,0
625,11625,2019-01-29 15:30:00,11628,2019-01-29 17:00:00,SELL,1308.64,1310.939285714286,1310.939285714286,1304.0414285714287,0.1,-23.692857142858156,-229.92857142858156,-1.0,SL,2019Q1,2019,3
626,11638,2019-01-29 22:00:00,11647,2019-01-30 03:30:00,SELL,1310.88,1313.5200000000002,1313.5200000000002,1305.6000000000001,0.1,-27.100000000001,-264.00000000001,-1.0,SL,2019Q1,2019,9
627,11649,2019-01-30 04:30:00,11655,2019-01-30 07:30:00,SELL,1313.17,1314.8328571428572,1314.8328571428572,1309.844285714286,0.1,-17.32857142857092,-166.28571428570922,-1.0,SL,2019Q1,2019,6
628,11658,2019-01-30 09:00:00,11661,2019-01-30 10:30:00,SELL,1314.33,1315.9510714285714,1315.9510714285714,1311.087857142857,0.1,-16.910714285714402,-162.10714285714403,-1.0,SL,2019Q1,2019,3
629,11662,2019-01-30 11:00:00,11672,2019-01-30 16:00:00,SELL,1313.75,1310.0685714285714,1315.5907142857143,1310.0685714285714,0.1,36.114285714285685,368.1428571428569,1.890093457943925,TP,2019Q1,2019,10
630,11673,2019-01-30 16:30:00,11682,2019-01-30 21:00:00,BUY,1310.83,1315.0257142857142,1308.7321428571427,1315.0257142857142,0.1,41.25714285714302,419.57142857143026,1.9031301482700818,TP,2019Q1,2019,9
631,11707,2019-01-31 10:30:00,11712,2019-01-31 13:00:00,SELL,1321.22,1323.0125,1323.0125,1317.635,0.1,-18.62500000000018,-179.25000000000182,-1.0,SL,2019Q1,2019,5
632,11713,2019-01-31 13:30:00,11715,2019-01-31 14:30:00,SELL,1322.53,1324.4596428571429,1324.4596428571429,1318.6707142857144,0.1,-19.996428571428805,-192.96428571428805,-1.0,SL,2019Q1,2019,2
633,11716,2019-01-31 15:00:00,11717,2019-01-31 15:30:00,SELL,1322.97,1325.1407142857142,1325.1407142857142,1318.6285714285716,0.1,-22.407142857142116,-217.07142857142117,-1.0,SL,2019Q1,2019,1
634,11729,2019-01-31 21:30:00,11740,2019-02-01 04:00:00,BUY,1320.65,1317.6007142857143,1317.6007142857143,1326.7485714285715,0.1,-31.192857142858156,-304.92857142858156,-1.0,SL,2019Q1,2019,11
635,11748,2019-02-01 08:00:00,11750,2019-02-01 09:00:00,BUY,1318.02,1316.5853571428572,1316.5853571428572,1320.8892857142857,0.1,-15.046428571427622,-143.46428571427623,-1.0,SL,2019Q1,2019,2
636,11752,2019-02-01 10:00:00,11758,2019-02-01 13:00:00,BUY,1318.3,1321.5335714285713,1316.6832142857143,1321.5335714285713,0.1,31.63571428571395,323.3571428571395,1.8755028583527407,TP,2019Q1,2019,6
637,11759,2019-02-01 13:30:00,11763,2019-02-01 15:30:00,SELL,1321.68,1323.3385714285714,1323.3385714285714,1318.3628571428571,0.1,-17.285714285713492,-165.85714285713493,-1.0,SL_AMBIGUOUS_PESSIMISTIC,2019Q1,2019,4
638,11764,2019-02-01 16:00:00,11765,2019-02-01 16:30:00,SELL,1319.86,1322.2096428571426,1322.2096428571426,1315.1607142857142,0.1,-24.19642857142726,-234.9642857142726,-1.0,SL,2019Q1,2019,1
639,11767,2019-02-01 17:30:00,11784,2019-02-04 03:00:00,BUY,1318.1,1315.1825,1315.1825,1323.935,0.1,-29.87500000000018,-291.7500000000018,-1.0,SL,2019Q1,2019,17
640,11786,2019-02-04 04:00:00,11788,2019-02-04 05:00:00,BUY,1315.19,1313.5153571428573,1313.5153571428573,1318.5392857142858,0.1,-17.446428571427713,-167.46428571427714,-1.0,SL,2019Q1,2019,2
641,11790,2019-02-04 06:00:00,11791,2019-02-04 06:30:00,BUY,1314.13,1312.4639285714286,1312.4639285714286,1317.462142857143,0.1,-17.36071428571513,-166.6071428571513,-1.0,SL,2019Q1,2019,1
642,11796,2019-02-04 09:00:00,11798,2019-02-04 10:00:00,BUY,1312.99,1311.5189285714287,1311.5189285714287,1315.932142857143,0.1,-15.410714285713492,-147.10714285713493,-1.0,SL,2019Q1,2019,2
643,11802,2019-02-04 12:00:00,11810,2019-02-04 16:00:00,BUY,1311.26,1309.4814285714285,1309.4814285714285,1314.817142857143,0.1,-18.485714285714675,-177.85714285714675,-1.0,SL,2019Q1,2019,8
644,11811,2019-02-04 16:30:00,11855,2019-02-05 15:30:00,BUY,1312.2,1316.4964285714286,1310.0517857142856,1316.4964285714286,0.1,42.264285714285776,429.6428571428578,1.9053292545482843,TP,2019Q1,2019,44
645,11856,2019-02-05 16:00:00,11858,2019-02-05 17:00:00,SELL,1314.42,1316.719285714286,1316.719285714286,1309.8214285714287,0.1,-23.692857142858156,-229.92857142858156,-1.0,SL,2019Q1,2019,2
646,11897,2019-02-06 13:30:00,11898,2019-02-06 14:00:00,BUY,1313.01,1311.6353571428572,1311.6353571428572,1315.7592857142856,0.1,-14.446428571428168,-137.4642857142817,-1.0,SL,2019Q1,2019,1
647,11899,2019-02-06 14:30:00,11906,2019-02-06 18:00:00,BUY,1313.22,1311.6632142857143,1311.6632142857143,1316.3335714285715,0.1,-16.26785714285752,-155.6785714285752,-1.0,SL,2019Q1,2019,7
648,11915,2019-02-06 22:30:00,11923,2019-02-07 03:30:00,BUY,1307.19,1304.8285714285716,1304.8285714285716,1311.912857142857,0.1,-24.31428571428405,-236.1428571428405,-1.0,SL,2019Q1,2019,8
649,11929,2019-02-07 06:30:00,11945,2019-02-07 14:30:00,BUY,1303.79,1307.2785714285712,1302.0457142857142,1307.2785714285712,0.1,34.18571428571276,348.85714285712766,1.884251968503814,TP,2019Q1,2019,16
650,11947,2019-02-07 15:30:00,11948,2019-02-07 16:00:00,SELL,1309.25,1311.254642857143,1311.254642857143,1305.2407142857144,0.1,-20.74642857142926,-200.4642857142926,-1.0,SL,2019Q1,2019,1
651,11973,2019-02-08 05:30:00,11988,2019-02-08 13:00:00,BUY,1308.95,1311.6714285714286,1307.5892857142858,1311.6714285714286,0.1,26.514285714285325,272.14285714285325,1.85322016974538,TP,2019Q1,2019,15
652,11996,2019-02-08 17:00:00,12029,2019-02-11 10:30:00,SELL,1314.19,1309.8978571428572,1316.3360714285714,1309.8978571428572,0.1,42.22142857142835,429.2142857142835,1.9052377115230625,TP,2019Q1,2019,33
653,12033,2019-02-11 12:30:00,12037,2019-02-11 14:30:00,BUY,1307.06,1305.4924999999998,1305.4924999999998,1310.195,0.1,-16.37500000000109,-156.7500000000109,-1.0,SL,2019Q1,2019,4
654,12038,2019-02-11 15:00:00,12039,2019-02-11 15:30:00,BUY,1306.43,1304.6482142857144,1304.6482142857144,1309.9935714285714,0.1,-18.51785714285661,-178.1785714285661,-1.0,SL,2019Q1,2019,1
655,12075,2019-02-12 10:30:00,12083,2019-02-12 14:30:00,SELL,1312.29,1314.0535714285713,1314.0535714285713,1308.7628571428572,0.1,-18.335714285713674,-176.35714285713675,-1.0,SL,2019Q1,2019,8
656,12084,2019-02-12 15:00:00,12088,2019-02-12 17:00:00,SELL,1313.16,1309.23,1315.125,1309.23,0.1,38.600000000000634,393.00000000000637,1.8968058968060044,TP,2019Q1,2019,4
657,12111,2019-02-13 05:30:00,12117,2019-02-13 08:30:00,SELL,1312.4,1313.9782142857143,1313.9782142857143,1309.2435714285716,0.1,-16.48214285714239,-157.8214285714239,-1.0,SL,2019Q1,2019,6
658,12118,2019-02-13 09:00:00,12126,2019-02-13 13:00:00,SELL,1313.23,1310.6457142857143,1314.5221428571429,1310.6457142857143,0.1,25.142857142856702,258.428571428567,1.845831148400627,TP,2019Q1,2019,8
659,12128,2019-02-13 14:00:00,12129,2019-02-13 14:30:00,BUY,1311.19,1309.714642857143,1309.714642857143,1314.1407142857142,0.1,-15.453571428570921,-147.53571428570922,-1.0,SL,2019Q1,2019,1
660,12131,2019-02-13 15:30:00,12133,2019-02-13 16:30:00,BUY,1309.75,1313.2085714285713,1308.0207142857143,1313.2085714285713,0.1,33.885714285713036,345.8571428571304,1.8832870186581936,TP,2019Q1,2019,2
661,12145,2019-02-13 22:30:00,12175,2019-02-14 14:30:00,BUY,1306.04,1302.370357142857,1302.370357142857,1313.3792857142857,0.1,-37.3964285714289,-366.96428571428896,-1.0,SL,2019Q1,2019,30
662,12212,2019-02-15 10:00:00,12212,2019-02-15 10:00:00,SELL,1314.42,1315.809642857143,1315.809642857143,1311.6407142857142,0.1,-14.596428571429168,-138.9642857142917,-1.0,SL,2019Q1,2019,0
663,12225,2019-02-15 16:30:00,12233,2019-02-15 20:30:00,SELL,1318.43,1320.7067857142856,1320.7067857142856,1313.8764285714287,0.1,-23.467857142855518,-227.6785714285552,-1.0,SL,2019Q1,2019,8
664,12238,2019-02-15 23:00:00,12244,2019-02-18 03:00:00,SELL,1320.9,1323.4017857142858,1323.4017857142858,1315.8964285714285,0.1,-25.717857142856882,-250.17857142856883,-1.0,SL,2019Q1,2019,6
665,12247,2019-02-18 04:30:00,12269,2019-02-18 15:30:00,SELL,1324.3,1326.357142857143,1326.357142857143,1320.185714285714,0.1,-21.27142857142935,-205.7142857142935,-1.0,SL,2019Q1,2019,22
666,12290,2019-02-19 07:00:00,12293,2019-02-19 08:30:00,BUY,1324.09,1322.9371428571428,1322.9371428571428,1326.3957142857141,0.1,-12.228571428571012,-115.28571428571013,-1.0,SL,2019Q1,2019,3
667,12303,2019-02-19 13:30:00,12305,2019-02-19 14:30:00,SELL,1328.9,1330.8553571428572,1330.8553571428572,1324.9892857142859,0.1,-20.253571428571103,-195.53571428571104,-1.0,SL,2019Q1,2019,2
668,12308,2019-02-19 16:00:00,12308,2019-02-19 16:00:00,SELL,1331.78,1334.2142857142856,1334.2142857142856,1326.9114285714286,0.1,-25.04285714285579,-243.42857142855792,-1.0,SL,2019Q1,2019,0
669,12357,2019-02-20 17:30:00,12361,2019-02-20 19:30:00,SELL,1343.54,1346.2164285714284,1346.2164285714284,1338.1871428571428,0.1,-27.464285714284596,-267.64285714284597,-1.0,SL,2019Q1,2019,4
670,12362,2019-02-20 20:00:00,12364,2019-02-20 21:00:00,SELL,1345.13,1340.3214285714287,1347.534285714286,1340.3214285714287,0.1,47.3857142857144,480.857142857144,1.9151270207851316,TP,2019Q1,2019,2
671,12392,2019-02-21 12:00:00,12401,2019-02-21 16:30:00,BUY,1333.42,1331.112142857143,1331.112142857143,1338.0357142857142,0.1,-23.77857142857074,-230.7857142857074,-1.0,SL,2019Q1,2019,9
672,12403,2019-02-21 17:30:00,12406,2019-02-21 19:00:00,BUY,1333.07,1329.6832142857143,1329.6832142857143,1339.8435714285713,0.1,-34.567857142856795,-338.6785714285679,-1.0,SL,2019Q1,2019,3
673,12411,2019-02-21 21:30:00,12414,2019-02-21 23:00:00,BUY,1326.85,1323.4075,1323.4075,1333.735,0.1,-35.12499999999882,-344.2499999999882,-1.0,SL,2019Q1,2019,3
674,12416,2019-02-22 01:00:00,12445,2019-02-22 15:30:00,BUY,1323.28,1329.0785714285714,1320.3807142857142,1329.0785714285714,0.1,57.28571428571449,579.8571428571449,1.9292759201347127,TP,2019Q1,2019,29
675,12449,2019-02-22 17:30:00,12452,2019-02-22 19:00:00,SELL,1329.83,1332.7657142857142,1332.7657142857142,1323.9585714285713,0.1,-30.057142857143116,-293.57142857143117,-1.0,SL,2019Q1,2019,3
676,12453,2019-02-22 19:30:00,12525,2019-02-26 09:30:00,SELL,1330.72,1324.8485714285714,1333.6557142857143,1324.8485714285714,0.1,58.01428571428623,587.1428571428623,1.9301330798479093,TP,2019Q1,2019,72
677,12527,2019-02-26 10:30:00,12535,2019-02-26 14:30:00,BUY,1325.08,1323.4460714285713,1323.4460714285713,1328.347857142857,0.1,-17.039285714286688,-163.3928571428669,-1.0,SL,2019Q1,2019,8
678,12543,2019-02-26 18:30:00,12549,2019-02-26 21:30:00,SELL,1326.6,1329.4467857142856,1329.4467857142856,1320.9064285714285,0.1,-29.167857142857155,-284.67857142857156,-1.0,SL,2019Q1,2019,6
679,12584,2019-02-27 16:00:00,12584,2019-02-27 16:00:00,BUY,1326.4,1324.4157142857143,1324.4157142857143,1330.3685714285714,0.1,-20.54285714285761,-198.4285714285761,-1.0,SL,2019Q1,2019,0
680,12587,2019-02-27 17:30:00,12588,2019-02-27 18:00:00,BUY,1323.75,1321.3992857142857,1321.3992857142857,1328.4514285714286,0.1,-24.207142857142752,-235.07142857142753,-1.0,SL,2019Q1,2019,1
681,12590,2019-02-27 19:00:00,12591,2019-02-27 19:30:00,BUY,1320.97,1318.24,1318.24,1326.4299999999998,0.1,-28.00000000000018,-273.0000000000018,-1.0,SL,2019Q1,2019,1
682,12592,2019-02-27 20:00:00,12624,2019-02-28 13:00:00,BUY,1319.46,1325.6614285714286,1316.3592857142858,1325.6614285714286,0.1,61.314285714285504,620.1428571428551,1.9337688668619055,TP,2019Q1,2019,32
683,12626,2019-02-28 14:00:00,12629,2019-02-28 15:30:00,SELL,1325.8,1321.5571428571427,1327.9214285714286,1321.5571428571427,0.1,41.728571428572465,424.2857142857247,1.9041720990873556,TP,2019Q1,2019,3
684,12634,2019-02-28 18:00:00,12659,2019-03-01 07:30:00,BUY,1315.53,1312.062857142857,1312.062857142857,1322.4642857142858,0.1,-35.37142857143017,-346.7142857143017,-1.0,SL,2019Q1,2019,25
685,12661,2019-03-01 08:30:00,12661,2019-03-01 08:30:00,BUY,1311.92,1310.4575,1310.4575,1314.845,0.1,-15.325000000000909,-146.2500000000091,-1.0,SL,2019Q1,2019,0
686,12666,2019-03-01 11:00:00,12674,2019-03-01 15:00:00,BUY,1307.43,1305.6525000000001,1305.6525000000001,1310.9850000000001,0.1,-18.47499999999918,-177.74999999999181,-1.0,SL,2019Q1,2019,8
687,12676,2019-03-01 16:00:00,12678,2019-03-01 17:00:00,BUY,1305.89,1311.4807142857144,1303.0946428571428,1311.4807142857144,0.1,55.20714285714284,559.0714285714284,1.9267107067181086,TP,2019Q1,2019,2
688,12724,2019-03-04 17:00:00,12770,2019-03-05 17:00:00,BUY,1286.31,1282.6435714285712,1282.6435714285712,1293.642857142857,0.1,-37.364285714286964,-366.6428571428696,-1.0,SL,2019Q1,2019,46
689,12772,2019-03-05 18:00:00,12799,2019-03-06 08:30:00,BUY,1284.34,1289.915714285714,1281.5521428571428,1289.915714285714,0.1,55.05714285714184,557.5714285714184,1.9265183704073967,TP,2019Q1,2019,27
690,12801,2019-03-06 09:30:00,12804,2019-03-06 11:00:00,SELL,1290.13,1286.5000000000002,1291.9450000000002,1286.5000000000002,0.1,35.599999999998815,362.9999999999882,1.888594164456116,TP,2019Q1,2019,3
691,12809,2019-03-06 13:30:00,12813,2019-03-06 15:30:00,BUY,1286.08,1284.0324999999998,1284.0324999999998,1290.175,0.1,-21.175000000001273,-204.75000000001273,-1.0,SL,2019Q1,2019,4
692,12817,2019-03-06 17:30:00,12848,2019-03-07 10:00:00,BUY,1284.82,1282.3064285714286,1282.3064285714286,1289.847142857143,0.1,-25.835714285713674,-251.35714285713675,-1.0,SL,2019Q1,2019,31
693,12849,2019-03-07 10:30:00,12859,2019-03-07 15:30:00,BUY,1285.54,1283.8257142857144,1283.8257142857144,1288.9685714285713,0.1,-17.842857142855518,-171.4285714285552,-1.0,SL,2019Q1,2019,10
694,12885,2019-03-08 05:30:00,12888,2019-03-08 07:00:00,SELL,1287.35,1288.652857142857,1288.652857142857,1284.7442857142855,0.1,-13.728571428571922,-130.28571428571922,-1.0,SL,2019Q1,2019,3
695,12892,2019-03-08 09:00:00,12893,2019-03-08 09:30:00,SELL,1292.22,1293.8785714285714,1293.8785714285714,1288.902857142857,0.1,-17.285714285713492,-165.85714285713493,-1.0,SL,2019Q1,2019,1
696,12907,2019-03-08 16:30:00,12955,2019-03-11 16:30:00,SELL,1298.4,1292.7578571428571,1301.2210714285716,1292.7578571428571,0.1,55.72142857142971,564.2142857142971,1.9273625694873393,TP,2019Q1,2019,48
697,12960,2019-03-11 19:00:00,12978,2019-03-12 05:00:00,BUY,1291.38,1296.1692857142857,1288.9853571428573,1296.1692857142857,0.1,47.19285714285597,478.92857142855974,1.91479495725257,TP,2019Q1,2019,18
698,12983,2019-03-12 07:30:00,12992,2019-03-12 12:00:00,SELL,1296.6,1297.9907142857141,1297.9907142857141,1293.8185714285714,0.1,-14.607142857142389,-139.0714285714239,-1.0,SL,2019Q1,2019,9
699,12993,2019-03-12 12:30:00,12997,2019-03-12 14:30:00,SELL,1296.55,1298.1635714285715,1298.1635714285715,1293.322857142857,0.1,-16.83571428571504,-161.3571428571504,-1.0,SL,2019Q1,2019,4
700,13011,2019-03-12 21:30:00,13018,2019-03-13 02:00:00,SELL,1300.72,1303.2110714285714,1303.2110714285714,1295.7378571428571,0.1,-25.61071428571331,-249.1071428571331,-1.0,SL,2019Q1,2019,7
701,13021,2019-03-13 03:30:00,13023,2019-03-13 04:30:00,SELL,1304.01,1305.842142857143,1305.842142857143,1300.3457142857142,0.1,-19.02142857143026,-183.2142857143026,-1.0,SL,2019Q1,2019,2
702,13038,2019-03-13 12:00:00,13038,2019-03-13 12:00:00,SELL,1307.76,1309.2460714285714,1309.2460714285714,1304.7878571428573,0.1,-15.560714285714493,-148.60714285714494,-1.0,SL,2019Q1,2019,0
703,13046,2019-03-13 16:00:00,13055,2019-03-13 20:30:00,SELL,1308.58,1310.659642857143,1310.659642857143,1304.4207142857142,0.1,-21.496428571429714,-207.96428571429715,-1.0,SL,2019Q1,2019,9
704,13057,2019-03-13 21:30:00,13067,2019-03-14 03:30:00,SELL,1310.94,1306.5535714285716,1313.1332142857143,1306.5535714285716,0.1,43.16428571428496,438.6428571428496,1.907211614328545,TP,2019Q1,2019,10
705,13078,2019-03-14 09:00:00,13082,2019-03-14 11:00:00,BUY,1302.85,1301.02,1301.02,1306.51,0.1,-18.99999999999927,-182.99999999999272,-1.0,SL,2019Q1,2019,4
706,13090,2019-03-14 15:00:00,13090,2019-03-14 15:00:00,BUY,1296.37,1293.6946428571428,1293.6946428571428,1301.7207142857142,0.1,-27.453571428571376,-267.53571428571377,-1.0,SL,2019Q1,2019,0
707,13092,2019-03-14 16:00:00,13122,2019-03-15 08:00:00,BUY,1294.85,1300.9335714285712,1291.8082142857143,1300.9335714285712,0.1,60.135714285713036,608.3571428571304,1.932514633306552,TP,2019Q1,2019,30
708,13126,2019-03-15 10:00:00,13138,2019-03-15 16:00:00,SELL,1303.47,1306.095,1306.095,1298.22,0.1,-26.95,-262.5,-1.0,SL,2019Q1,2019,12
709,13139,2019-03-15 16:30:00,13157,2019-03-18 02:30:00,SELL,1304.47,1299.6228571428571,1306.8935714285715,1299.6228571428571,0.1,47.771428571428984,484.7142857142899,1.9157834431395022,TP,2019Q1,2019,18
710,13173,2019-03-18 10:30:00,13175,2019-03-18 11:30:00,SELL,1303.48,1305.2285714285715,1305.2285714285715,1299.9828571428573,0.1,-18.185714285714948,-174.85714285714948,-1.0,SL,2019Q1,2019,2
711,13177,2019-03-18 12:30:00,13190,2019-03-18 19:00:00,SELL,1305.12,1301.3935714285712,1306.9832142857142,1301.3935714285712,0.1,36.56428571428641,372.64285714286416,1.891372621466841,TP,2019Q1,2019,13
712,13206,2019-03-19 04:00:00,13206,2019-03-19 04:00:00,SELL,1305.66,1307.1160714285716,1307.1160714285716,1302.7478571428574,0.1,-15.260714285714766,-145.60714285714766,-1.0,SL,2019Q1,2019,0
713,13208,2019-03-19 05:00:00,13217,2019-03-19 09:30:00,SELL,1307.17,1304.1807142857144,1308.664642857143,1304.1807142857144,0.1,29.19285714285643,298.9285714285643,1.8657840675643445,TP,2019Q1,2019,9
714,13224,2019-03-19 13:00:00,13226,2019-03-19 14:00:00,SELL,1307.71,1309.4125000000001,1309.4125000000001,1304.305,0.1,-17.725000000001,-170.25000000001,-1.0,SL,2019Q1,2019,2
715,13229,2019-03-19 15:30:00,13244,2019-03-20 00:00:00,SELL,1309.76,1305.245,1312.0175,1305.245,0.1,44.450000000001,451.50000000001,1.9097744360903208,TP,2019Q1,2019,15
716,13245,2019-03-20 00:30:00,13249,2019-03-20 02:30:00,BUY,1306.68,1304.8542857142859,1304.8542857142859,1310.3314285714287,0.1,-18.957142857141843,-182.57142857141844,-1.0,SL,2019Q1,2019,4
717,13286,2019-03-20 21:00:00,13307,2019-03-21 08:30:00,SELL,1314.33,1319.295,1319.295,1304.3999999999999,0.1,-50.35000000000146,-496.50000000001455,-1.0,SL,2019Q1,2019,21
718,13310,2019-03-21 10:00:00,13315,2019-03-21 12:30:00,SELL,1318.92,1315.7892857142858,1320.4853571428573,1315.7892857142858,0.1,30.60714285714248,313.0714285714248,1.871587682900065,TP,2019Q1,2019,5
719,13325,2019-03-21 17:30:00,13326,2019-03-21 18:00:00,BUY,1311.31,1307.98,1307.98,1317.9699999999998,0.1,-33.999999999999275,-332.9999999999927,-1.0,SL,2019Q1,2019,1
720,13356,2019-03-22 10:00:00,13367,2019-03-22 15:30:00,SELL,1312.48,1314.2285714285715,1314.2285714285715,1308.9828571428573,0.1,-18.185714285714948,-174.85714285714948,-1.0,SL,2019Q1,2019,11
721,13389,2019-03-25 03:30:00,13394,2019-03-25 06:00:00,SELL,1314.56,1316.3353571428572,1316.3353571428572,1311.0092857142856,0.1,-18.45357142857274,-177.5357142857274,-1.0,SL,2019Q1,2019,5
722,13396,2019-03-25 07:00:00,13401,2019-03-25 09:30:00,SELL,1315.68,1317.3610714285714,1317.3610714285714,1312.317857142857,0.1,-17.510714285713856,-168.10714285713857,-1.0,SL,2019Q1,2019,5
723,13402,2019-03-25 10:00:00,13407,2019-03-25 12:30:00,SELL,1316.94,1318.6564285714287,1318.6564285714287,1313.5071428571428,0.1,-17.864285714286506,-171.64285714286507,-1.0,SL,2019Q1,2019,5
724,13408,2019-03-25 13:00:00,13410,2019-03-25 14:00:00,SELL,1316.81,1318.5907142857143,1318.5907142857143,1313.2485714285713,0.1,-18.50714285714339,-178.0714285714339,-1.0,SL,2019Q1,2019,2
725,13413,2019-03-25 15:30:00,13414,2019-03-25 16:00:00,SELL,1318.49,1320.4496428571429,1320.4496428571429,1314.5707142857143,0.1,-20.29642857142853,-195.96428571428532,-1.0,SL,2019Q1,2019,1
726,13416,2019-03-25 17:00:00,13417,2019-03-25 17:30:00,SELL,1319.73,1322.1032142857143,1322.1032142857143,1314.9835714285714,0.1,-24.432142857143116,-237.32142857143117,-1.0,SL,2019Q1,2019,1
727,13418,2019-03-25 18:00:00,13422,2019-03-25 20:00:00,SELL,1321.4,1324.0464285714288,1324.0464285714288,1316.107142857143,0.1,-27.164285714287143,-264.64285714287143,-1.0,SL,2019Q1,2019,4
728,13438,2019-03-26 05:00:00,13442,2019-03-26 07:00:00,BUY,1320.75,1319.1332142857143,1319.1332142857143,1323.9835714285714,0.1,-16.867857142856973,-161.67857142856974,-1.0,SL,2019Q1,2019,4
729,13449,2019-03-26 10:30:00,13451,2019-03-26 11:30:00,BUY,1317.3,1315.3274999999999,1315.3274999999999,1321.2450000000001,0.1,-20.425000000000818,-197.25000000000819,-1.0,SL,2019Q1,2019,2
730,13453,2019-03-26 12:30:00,13455,2019-03-26 13:30:00,BUY,1315.09,1312.972857142857,1312.972857142857,1319.3242857142857,0.1,-21.871428571428805,-211.71428571428805,-1.0,SL,2019Q1,2019,2
731,13482,2019-03-27 04:00:00,13493,2019-03-27 09:30:00,SELL,1317.28,1313.767857142857,1319.0360714285714,1313.767857142857,0.1,34.42142857142862,351.21428571428623,1.8849990221005282,TP,2019Q1,2019,11
732,13529,2019-03-28 04:30:00,13541,2019-03-28 10:30:00,BUY,1310.03,1308.0371428571427,1308.0371428571427,1314.0157142857142,0.1,-20.628571428572467,-199.28571428572468,-1.0,SL,2019Q1,2019,12
733,13542,2019-03-28 11:00:00,13545,2019-03-28 12:30:00,BUY,1308.23,1306.2596428571428,1306.2596428571428,1312.1707142857144,0.1,-20.403571428572103,-197.03571428572104,-1.0,SL,2019Q1,2019,3
734,13549,2019-03-28 14:30:00,13549,2019-03-28 14:30:00,BUY,1304.03,1301.6578571428572,1301.6578571428572,1308.7742857142857,0.1,-24.421428571427622,-237.21428571427623,-1.0,SL,2019Q1,2019,0
735,13556,2019-03-28 18:00:00,13583,2019-03-29 08:30:00,BUY,1292.47,1288.0632142857144,1288.0632142857144,1301.2835714285713,0.1,-44.76785714285661,-440.6785714285661,-1.0,SL,2019Q1,2019,27
736,13593,2019-03-29 13:30:00,13594,2019-03-29 14:00:00,SELL,1291.51,1293.9785714285715,1293.9785714285715,1286.5728571428572,0.1,-25.38571428571522,-246.8571428571522,-1.0,SL,2019Q1,2019,1
737,13618,2019-04-01 04:00:00,13628,2019-04-01 09:00:00,BUY,1291.83,1290.0921428571428,1290.0921428571428,1295.305714285714,0.1,-18.078571428571376,-173.78571428571377,-1.0,SL,2019Q2,2019,10
738,13631,2019-04-01 10:30:00,13641,2019-04-01 15:30:00,BUY,1289.46,1293.4950000000001,1287.4425,1293.4950000000001,0.1,39.650000000000816,403.5000000000082,1.8994011976048957,TP,2019Q2,2019,10
739,13652,2019-04-01 21:00:00,13669,2019-04-02 06:30:00,BUY,1289.59,1286.2964285714286,1286.2964285714286,1296.1771428571428,0.1,-33.635714285713405,-329.357142857134,-1.0,SL,2019Q2,2019,17
740,13670,2019-04-02 07:00:00,13670,2019-04-02 07:00:00,BUY,1287.49,1285.8796428571427,1285.8796428571427,1290.7107142857144,0.1,-16.803571428573104,-161.03571428573105,-1.0,SL,2019Q2,2019,0
741,13675,2019-04-02 09:30:00,13684,2019-04-02 14:00:00,SELL,1287.87,1289.8725,1289.8725,1283.8649999999998,0.1,-20.725000000000545,-200.25000000000546,-1.0,SL,2019Q2,2019,9
742,13691,2019-04-02 17:30:00,13705,2019-04-03 01:30:00,SELL,1290.2,1292.8871428571429,1292.8871428571429,1284.8257142857144,0.1,-27.571428571428168,-268.7142857142817,-1.0,SL,2019Q2,2019,14
743,13706,2019-04-03 02:00:00,13719,2019-04-03 08:30:00,SELL,1292.09,1293.6896428571429,1293.6896428571429,1288.8907142857142,0.1,-16.696428571429532,-159.96428571429533,-1.0,SL,2019Q2,2019,13
744,13720,2019-04-03 09:00:00,13730,2019-04-03 14:00:00,SELL,1293.12,1294.4667857142856,1294.4667857142856,1290.4264285714285,0.1,-14.167857142857155,-134.67857142857156,-1.0,SL,2019Q2,2019,10
745,13731,2019-04-03 14:30:00,13734,2019-04-03 16:00:00,SELL,1293.42,1290.0514285714285,1295.1042857142859,1290.0514285714285,0.1,32.98571428571613,336.8571428571613,1.8802931596091268,TP,2019Q2,2019,3
746,13737,2019-04-03 17:30:00,13778,2019-04-04 15:00:00,BUY,1289.25,1286.8435714285713,1286.8435714285713,1294.0628571428572,0.1,-24.764285714287052,-240.64285714287053,-1.0,SL,2019Q2,2019,41
747,13782,2019-04-04 17:00:00,13783,2019-04-04 17:30:00,BUY,1282.84,1287.985,1280.2675,1287.985,0.1,50.749999999999815,514.4999999999982,1.920529801324503,TP,2019Q2,2019,1
748,13792,2019-04-04 22:00:00,13825,2019-04-05 15:30:00,SELL,1292.28,1285.0714285714287,1295.8842857142856,1285.0714285714287,0.1,71.38571428571304,720.8571428571304,1.9428460342146179,TP,2019Q2,2019,33
749,13826,2019-04-05 16:00:00,13859,2019-04-08 09:30:00,BUY,1290.85,1296.972142857143,1287.7889285714284,1296.972142857143,0.1,60.521428571429894,612.214285714299,1.9329303068324413,TP,2019Q2,2019,33
750,13869,2019-04-08 14:30:00,13870,2019-04-08 15:00:00,SELL,1297.3,1298.6157142857141,1298.6157142857141,1294.6685714285713,0.1,-13.857142857141934,-131.57142857141935,-1.0,SL,2019Q2,2019,1
751,13910,2019-04-09 12:00:00,13916,2019-04-09 15:00:00,SELL,1301.26,1303.0782142857142,1303.0782142857142,1297.6235714285713,0.1,-18.88214285714248,-181.8214285714248,-1.0,SL,2019Q2,2019,6
752,13918,2019-04-09 16:00:00,13967,2019-04-10 17:30:00,SELL,1304.64,1307.3732142857143,1307.3732142857143,1299.1735714285717,0.1,-28.032142857142116,-273.32142857142117,-1.0,SL,2019Q2,2019,49
753,13968,2019-04-10 18:00:00,13970,2019-04-10 19:00:00,SELL,1306.85,1309.2864285714284,1309.2864285714284,1301.9771428571428,0.1,-25.064285714284505,-243.64285714284506,-1.0,SL,2019Q2,2019,2
754,13971,2019-04-10 19:30:00,14000,2019-04-11 11:00:00,SELL,1308.9,1303.8578571428573,1311.4210714285714,1303.8578571428573,0.1,49.72142857142835,504.2142857142835,1.9189524465886434,TP,2019Q2,2019,29
755,14011,2019-04-11 16:30:00,14014,2019-04-11 18:00:00,BUY,1297.91,1295.1210714285714,1295.1210714285714,1303.4878571428571,0.1,-28.589285714286415,-278.89285714286416,-1.0,SL,2019Q2,2019,3
756,14015,2019-04-11 18:30:00,14018,2019-04-11 20:00:00,BUY,1294.96,1291.7275,1291.7275,1301.425,0.1,-33.02500000000073,-323.2500000000073,-1.0,SL,2019Q2,2019,3
757,14043,2019-04-12 09:30:00,14049,2019-04-12 12:30:00,SELL,1293.9,1295.19,1295.19,1291.3200000000002,0.1,-13.599999999999635,-128.99999999999636,-1.0,SL,2019Q2,2019,6
758,14056,2019-04-12 16:00:00,14075,2019-04-15 02:30:00,BUY,1291.94,1289.525,1289.525,1296.7700000000002,0.1,-24.849999999999635,-241.49999999999636,-1.0,SL,2019Q2,2019,19
759,14080,2019-04-15 05:00:00,14092,2019-04-15 11:00:00,BUY,1288.01,1286.195,1286.195,1291.64,0.1,-18.850000000000545,-181.50000000000546,-1.0,SL,2019Q2,2019,12
760,14093,2019-04-15 11:30:00,14095,2019-04-15 12:30:00,BUY,1287.25,1285.7125,1285.7125,1290.3249999999998,0.1,-16.07499999999909,-153.7499999999909,-1.0,SL,2019Q2,2019,2
761,14097,2019-04-15 13:30:00,14101,2019-04-15 15:30:00,BUY,1285.71,1284.0782142857145,1284.0782142857145,1288.9735714285714,0.1,-17.0178571428557,-163.178571428557,-1.0,SL,2019Q2,2019,4
762,14102,2019-04-15 16:00:00,14102,2019-04-15 16:00:00,BUY,1285.2,1282.9360714285715,1282.9360714285715,1289.727857142857,0.1,-23.339285714285506,-226.39285714285506,-1.0,SL,2019Q2,2019,0
763,14104,2019-04-15 17:00:00,14141,2019-04-16 12:30:00,BUY,1284.99,1282.4550000000002,1282.4550000000002,1290.06,0.1,-26.049999999998544,-253.49999999998545,-1.0,SL,2019Q2,2019,37
764,14142,2019-04-16 13:00:00,14146,2019-04-16 15:00:00,BUY,1283.75,1282.0078571428571,1282.0078571428571,1287.2342857142858,0.1,-18.121428571428805,-174.21428571428805,-1.0,SL,2019Q2,2019,4
765,14150,2019-04-16 17:00:00,14155,2019-04-16 19:30:00,BUY,1276.46,1273.297142857143,1273.297142857143,1282.7857142857142,0.1,-32.328571428570925,-316.2857142857092,-1.0,SL,2019Q2,2019,5
766,14156,2019-04-16 20:00:00,14276,2019-04-22 11:00:00,BUY,1274.17,1278.17,1270.527142857143,1281.4557142857145,0.1,39.3,400.0,1.0584840323201323,TIME_EXIT,2019Q2,2019,120
767,14282,2019-04-22 14:00:00,14285,2019-04-22 15:30:00,SELL,1279.54,1276.795,1280.9125,1276.795,0.1,26.74999999999891,274.4999999999891,1.8544194107452285,TP,2019Q2,2019,3
768,14289,2019-04-22 17:30:00,14291,2019-04-22 18:30:00,BUY,1275.6,1273.8589285714286,1273.8589285714286,1279.0821428571428,0.1,-18.11071428571331,-174.1071428571331,-1.0,SL,2019Q2,2019,2
769,14293,2019-04-22 19:30:00,14318,2019-04-23 09:00:00,BUY,1274.56,1272.6785714285713,1272.6785714285713,1278.3228571428572,0.1,-19.514285714286142,-188.14285714286143,-1.0,SL,2019Q2,2019,25
770,14329,2019-04-23 14:30:00,14330,2019-04-23 15:00:00,BUY,1273.19,1271.6685714285713,1271.6685714285713,1276.2328571428573,0.1,-15.914285714287143,-152.14285714287143,-1.0,SL,2019Q2,2019,1
771,14331,2019-04-23 15:30:00,14331,2019-04-23 15:30:00,BUY,1273.32,1271.5757142857142,1271.5757142857142,1276.8085714285714,0.1,-18.14285714285752,-174.4285714285752,-1.0,SL,2019Q2,2019,0
772,14333,2019-04-23 16:30:00,14338,2019-04-23 19:00:00,BUY,1267.69,1272.3742857142856,1265.3478571428573,1272.3742857142856,0.1,46.14285714285579,468.4285714285579,1.9129404797157215,TP,2019Q2,2019,5
773,14368,2019-04-24 11:00:00,14369,2019-04-24 11:30:00,SELL,1272.25,1273.860357142857,1273.860357142857,1269.0292857142858,0.1,-16.80357142857083,-161.0357142857083,-1.0,SL,2019Q2,2019,1
774,14370,2019-04-24 12:00:00,14378,2019-04-24 16:00:00,SELL,1273.5,1270.2964285714286,1275.1017857142856,1270.2964285714286,0.1,31.33571428571422,320.3571428571422,1.8743858149969228,TP,2019Q2,2019,8
775,14381,2019-04-24 17:30:00,14383,2019-04-24 18:30:00,SELL,1273.92,1276.6103571428573,1276.6103571428573,1268.5392857142858,0.1,-27.603571428572376,-269.03571428572377,-1.0,SL,2019Q2,2019,2
776,14412,2019-04-25 10:00:00,14412,2019-04-25 10:00:00,SELL,1276.37,1278.0682142857142,1278.0682142857142,1272.9735714285712,0.1,-17.68214285714357,-169.82142857143572,-1.0,SL,2019Q2,2019,0
777,14450,2019-04-26 06:00:00,14457,2019-04-26 09:30:00,SELL,1280.66,1281.9703571428572,1281.9703571428572,1278.0392857142858,0.1,-13.803571428571285,-131.03571428571286,-1.0,SL,2019Q2,2019,7
778,14459,2019-04-26 10:30:00,14459,2019-04-26 10:30:00,SELL,1281.49,1282.9921428571429,1282.9921428571429,1278.4857142857145,0.1,-15.721428571428714,-150.21428571428714,-1.0,SL,2019Q2,2019,0
779,14460,2019-04-26 11:00:00,14468,2019-04-26 15:00:00,SELL,1281.85,1278.76,1283.3949999999998,1278.76,0.1,30.199999999999182,308.9999999999918,1.8699690402478064,TP,2019Q2,2019,8
780,14469,2019-04-26 15:30:00,14469,2019-04-26 15:30:00,BUY,1279.35,1277.4792857142857,1277.4792857142857,1283.0914285714284,0.1,-19.40714285714257,-187.0714285714257,-1.0,SL_AMBIGUOUS_PESSIMISTIC,2019Q2,2019,0
781,14470,2019-04-26 16:00:00,14476,2019-04-26 19:00:00,BUY,1282.71,1288.3864285714285,1279.8717857142858,1288.3864285714285,0.1,56.064285714284594,567.642857142846,1.927790740513323,TP,2019Q2,2019,6
782,14478,2019-04-26 20:00:00,14506,2019-04-29 11:00:00,SELL,1287.86,1281.0992857142858,1291.240357142857,1281.0992857142858,0.1,66.9071428571413,676.071428571413,1.939136735327604,TP,2019Q2,2019,28
783,14507,2019-04-29 11:30:00,14512,2019-04-29 14:00:00,BUY,1281.63,1280.364642857143,1280.364642857143,1284.1607142857144,0.1,-13.353571428570557,-126.53571428570558,-1.0,SL,2019Q2,2019,5
784,14517,2019-04-29 16:30:00,14519,2019-04-29 17:30:00,BUY,1280.5,1278.1525,1278.1525,1285.195,0.1,-24.175000000000818,-234.75000000000819,-1.0,SL,2019Q2,2019,2
785,14520,2019-04-29 18:00:00,14555,2019-04-30 12:30:00,BUY,1279.91,1284.9114285714286,1277.409285714286,1284.9114285714286,0.1,49.31428571428505,500.1428571428505,1.9183106418450406,TP,2019Q2,2019,35
786,14556,2019-04-30 13:00:00,14558,2019-04-30 14:00:00,SELL,1284.59,1286.0524999999998,1286.0524999999998,1281.665,0.1,-15.324999999998635,-146.24999999998636,-1.0,SL,2019Q2,2019,2
787,14560,2019-04-30 15:00:00,14561,2019-04-30 15:30:00,SELL,1285.74,1282.727142857143,1287.2464285714286,1282.727142857143,0.1,29.428571428570013,301.2857142857001,1.8667874943360625,TP,2019Q2,2019,1
788,14597,2019-05-01 10:30:00,14609,2019-05-01 16:30:00,BUY,1280.39,1283.3814285714286,1278.8942857142858,1283.3814285714286,0.1,29.214285714285143,299.1428571428514,1.8658759124087567,TP,2019Q2,2019,12
789,14610,2019-05-01 17:00:00,14618,2019-05-01 21:00:00,SELL,1283.28,1285.5042857142857,1285.5042857142857,1278.8314285714284,0.1,-22.9428571428577,-222.42857142857702,-1.0,SL,2019Q2,2019,8
790,14635,2019-05-02 06:30:00,14640,2019-05-02 09:00:00,BUY,1273.94,1272.2814285714287,1272.2814285714287,1277.257142857143,0.1,-17.285714285713492,-165.85714285713493,-1.0,SL,2019Q2,2019,5
791,14642,2019-05-02 10:00:00,14644,2019-05-02 11:00:00,BUY,1272.03,1270.32,1270.32,1275.45,0.1,-17.800000000000363,-171.00000000000364,-1.0,SL,2019Q2,2019,2
792,14646,2019-05-02 12:00:00,14652,2019-05-02 15:00:00,BUY,1270.95,1269.3632142857143,1269.3632142857143,1274.1235714285715,0.1,-16.567857142857246,-158.67857142857247,-1.0,SL,2019Q2,2019,6
793,14654,2019-05-02 16:00:00,14654,2019-05-02 16:00:00,BUY,1269.48,1267.3028571428572,1267.3028571428572,1273.8342857142857,0.1,-22.47142857142826,-217.7142857142826,-1.0,SL,2019Q2,2019,0
794,14656,2019-05-02 17:00:00,14699,2019-05-03 15:30:00,BUY,1269.78,1274.9571428571428,1267.1914285714286,1274.9571428571428,0.1,51.07142857142826,517.7142857142826,1.9210102095647497,TP,2019Q2,2019,43
795,14700,2019-05-03 16:00:00,14702,2019-05-03 17:00:00,BUY,1276.08,1281.1028571428571,1273.5685714285714,1281.1028571428571,0.1,49.52857142857219,502.28571428572195,1.9186496956281986,TP,2019Q2,2019,2
796,14705,2019-05-03 18:30:00,14716,2019-05-06 01:00:00,SELL,1281.34,1284.6292857142857,1284.6292857142857,1274.7614285714285,0.1,-33.59285714285825,-328.9285714285825,-1.0,SL,2019Q2,2019,11
797,14718,2019-05-06 02:00:00,14745,2019-05-06 15:30:00,SELL,1283.17,1277.712142857143,1285.8989285714285,1277.712142857143,0.1,53.87857142857165,545.7857142857165,1.9249712900345304,TP,2019Q2,2019,27
798,14747,2019-05-06 16:30:00,14754,2019-05-06 20:00:00,BUY,1277.68,1282.1135714285715,1275.4632142857145,1282.1135714285715,0.1,43.6357142857144,443.357142857144,1.9081680462284254,TP,2019Q2,2019,7
799,14766,2019-05-07 03:00:00,14790,2019-05-07 15:00:00,SELL,1282.81,1279.9557142857143,1284.2371428571428,1279.9557142857143,0.1,27.84285714285652,285.4285714285652,1.8597328244274782,TP,2019Q2,2019,24
800,14797,2019-05-07 18:30:00,14803,2019-05-07 21:30:00,SELL,1283.39,1285.7932142857144,1285.7932142857144,1278.5835714285715,0.1,-24.732142857142843,-240.32142857142844,-1.0,SL,2019Q2,2019,6
801,14804,2019-05-07 22:00:00,14824,2019-05-08 09:00:00,SELL,1285.02,1287.7532142857144,1287.7532142857144,1279.5535714285713,0.1,-28.03214285714439,-273.3214285714439,-1.0,SL,2019Q2,2019,20
802,14831,2019-05-08 12:30:00,14831,2019-05-08 12:30:00,SELL,1287.72,1289.2232142857142,1289.2232142857142,1284.7135714285714,0.1,-15.732142857141934,-150.32142857141935,-1.0,SL,2019Q2,2019,0
803,14833,2019-05-08 13:30:00,14833,2019-05-08 13:30:00,SELL,1288.1,1289.7564285714284,1289.7564285714284,1284.787142857143,0.1,-17.264285714284778,-165.6428571428478,-1.0,SL,2019Q2,2019,0
804,14835,2019-05-08 14:30:00,14836,2019-05-08 15:00:00,SELL,1289.04,1290.9364285714285,1290.9364285714285,1285.2471428571428,0.1,-19.66428571428487,-189.6428571428487,-1.0,SL,2019Q2,2019,1
805,14838,2019-05-08 16:00:00,14840,2019-05-08 17:00:00,SELL,1289.63,1284.5514285714287,1292.1692857142857,1284.5514285714287,0.1,50.08571428571422,507.8571428571422,1.9195182042157966,TP,2019Q2,2019,2
806,14846,2019-05-08 20:00:00,14886,2019-05-09 17:00:00,BUY,1280.32,1286.7914285714285,1277.0842857142857,1286.7914285714285,0.1,64.01428571428532,647.1428571428532,1.936473638720829,TP,2019Q2,2019,40
807,14915,2019-05-10 08:30:00,14929,2019-05-10 15:30:00,SELL,1285.82,1287.4089285714285,1287.4089285714285,1282.6421428571427,0.1,-16.58928571428596,-158.8928571428596,-1.0,SL,2019Q2,2019,14
808,14934,2019-05-10 18:00:00,14958,2019-05-13 07:00:00,SELL,1287.67,1283.0264285714286,1289.9917857142857,1283.0264285714286,0.1,45.735714285714764,464.35714285714766,1.9121994923100814,TP,2019Q2,2019,24
809,14965,2019-05-13 10:30:00,14974,2019-05-13 15:00:00,BUY,1282.97,1286.1864285714287,1281.3617857142858,1286.1864285714287,0.1,31.464285714286508,321.64285714286507,1.8748669929773594,TP,2019Q2,2019,9
810,14978,2019-05-13 17:00:00,14983,2019-05-13 19:30:00,SELL,1297.34,1300.6496428571427,1300.6496428571427,1290.7207142857142,0.1,-33.796428571427626,-330.96428571427623,-1.0,SL,2019Q2,2019,5
811,14984,2019-05-13 20:00:00,15104,2019-05-16 11:00:00,SELL,1300.24,1296.96,1304.1164285714285,1292.4871428571428,0.1,32.099999999999724,327.99999999999727,0.8133936651583776,TIME_EXIT,2019Q2,2019,120
812,15106,2019-05-16 12:00:00,15106,2019-05-16 12:00:00,BUY,1296.16,1294.6685714285716,1294.6685714285716,1299.142857142857,0.1,-15.614285714285142,-149.14285714285143,-1.0,SL,2019Q2,2019,0
813,15107,2019-05-16 12:30:00,15109,2019-05-16 13:30:00,BUY,1295.48,1293.8482142857144,1293.8482142857144,1298.7435714285714,0.1,-17.0178571428557,-163.178571428557,-1.0,SL,2019Q2,2019,2
814,15148,2019-05-17 10:00:00,15154,2019-05-17 13:00:00,SELL,1288.09,1284.967857142857,1289.6510714285714,1284.967857142857,0.1,30.521428571429897,312.21428571429897,1.8712502737026548,TP,2019Q2,2019,6
815,15165,2019-05-17 18:30:00,15248,2019-05-21 14:00:00,BUY,1275.75,1272.7585714285715,1272.7585714285715,1281.7328571428573,0.1,-30.614285714285142,-299.1428571428514,-1.0,SL,2019Q2,2019,83
816,15250,2019-05-21 15:00:00,15253,2019-05-21 16:30:00,BUY,1272.27,1270.4785714285715,1270.4785714285715,1275.8528571428571,0.1,-18.614285714284687,-179.14285714284688,-1.0,SL,2019Q2,2019,3
817,15254,2019-05-21 17:00:00,15295,2019-05-22 14:30:00,BUY,1271.06,1275.4292857142855,1268.8753571428572,1275.4292857142855,0.1,42.99285714285524,436.92857142855246,1.9068588626643395,TP,2019Q2,2019,41
818,15298,2019-05-22 16:00:00,15338,2019-05-23 13:00:00,SELL,1275.64,1277.3532142857143,1277.3532142857143,1272.2135714285714,0.1,-17.832142857142298,-171.32142857142298,-1.0,SL,2019Q2,2019,40
819,15340,2019-05-23 14:00:00,15342,2019-05-23 15:00:00,SELL,1277.44,1279.1403571428573,1279.1403571428573,1274.0392857142858,0.1,-17.703571428572285,-170.03571428572286,-1.0,SL,2019Q2,2019,2
820,15346,2019-05-23 17:00:00,15348,2019-05-23 18:00:00,SELL,1283.37,1286.6464285714285,1286.6464285714285,1276.8171428571427,0.1,-33.464285714285964,-327.6428571428596,-1.0,SL,2019Q2,2019,2
821,15349,2019-05-23 18:30:00,15469,2019-05-28 13:00:00,SELL,1285.93,1283.79,1289.419642857143,1278.9507142857144,0.1,20.700000000001,214.00000000001,0.581519012742082,TIME_EXIT,2019Q2,2019,120
822,15478,2019-05-28 17:30:00,15508,2019-05-29 09:30:00,BUY,1278.44,1283.8828571428571,1275.7185714285715,1283.8828571428571,0.1,53.728571428570646,544.2857142857065,1.9247697031729774,TP,2019Q2,2019,30
823,15510,2019-05-29 10:30:00,15510,2019-05-29 10:30:00,SELL,1283.59,1285.27,1285.27,1280.23,0.1,-17.500000000000636,-168.00000000000637,-1.0,SL,2019Q2,2019,0
824,15512,2019-05-29 11:30:00,15523,2019-05-29 17:00:00,SELL,1284.77,1281.347857142857,1286.4810714285713,1281.347857142857,0.1,33.52142857142944,342.2142857142944,1.8820934429517973,TP,2019Q2,2019,11
825,15526,2019-05-29 18:30:00,15543,2019-05-30 04:00:00,BUY,1281.14,1278.3607142857143,1278.3607142857143,1286.6985714285715,0.1,-28.492857142858337,-277.9285714285834,-1.0,SL,2019Q2,2019,17
826,15547,2019-05-30 06:00:00,15552,2019-05-30 08:30:00,BUY,1278.53,1277.1028571428571,1277.1028571428571,1281.3842857142859,0.1,-14.971428571428259,-142.7142857142826,-1.0,SL,2019Q2,2019,5
827,15554,2019-05-30 09:30:00,15555,2019-05-30 10:00:00,BUY,1277.72,1276.4246428571428,1276.4246428571428,1280.3107142857145,0.1,-13.653571428572558,-129.5357142857256,-1.0,SL,2019Q2,2019,1
828,15598,2019-05-31 08:30:00,15600,2019-05-31 09:30:00,SELL,1292.5,1294.1253571428572,1294.1253571428572,1289.2492857142856,0.1,-16.95357142857183,-162.5357142857183,-1.0,SL,2019Q2,2019,2
829,15602,2019-05-31 10:30:00,15605,2019-05-31 12:00:00,SELL,1294.36,1296.2242857142855,1296.2242857142855,1290.6314285714284,0.1,-19.342857142856428,-186.42857142856428,-1.0,SL,2019Q2,2019,3
830,15608,2019-05-31 13:30:00,15616,2019-05-31 17:30:00,SELL,1298.4,1300.4078571428572,1300.4078571428572,1294.3842857142859,0.1,-20.778571428571194,-200.78571428571195,-1.0,SL,2019Q2,2019,8
831,15623,2019-05-31 21:00:00,15630,2019-06-03 01:30:00,SELL,1304.63,1308.4710714285716,1308.4710714285716,1296.9478571428572,0.1,-39.11071428571468,-384.10714285714675,-1.0,SL,2019Q2,2019,7
832,15635,2019-06-03 04:00:00,15636,2019-06-03 04:30:00,SELL,1308.52,1311.0057142857142,1311.0057142857142,1303.5485714285714,0.1,-25.55714285714266,-248.57142857142662,-1.0,SL,2019Q2,2019,1
833,15640,2019-06-03 06:30:00,15647,2019-06-03 10:00:00,SELL,1311.72,1313.829642857143,1313.829642857143,1307.5007142857144,0.1,-21.79642857142944,-210.96428571429442,-1.0,SL,2019Q2,2019,7
834,15650,2019-06-03 11:30:00,15653,2019-06-03 13:00:00,SELL,1314.75,1317.0621428571428,1317.0621428571428,1310.1257142857144,0.1,-23.821428571428168,-231.2142857142817,-1.0,SL,2019Q2,2019,3
835,15655,2019-06-03 14:00:00,15661,2019-06-03 17:00:00,SELL,1316.45,1318.8414285714287,1318.8414285714287,1311.6671428571428,0.1,-24.61428571428605,-239.14285714286052,-1.0,SL,2019Q2,2019,6
836,15662,2019-06-03 17:30:00,15665,2019-06-03 19:00:00,SELL,1317.97,1321.110357142857,1321.110357142857,1311.6892857142857,0.1,-32.10357142857056,-314.0357142857056,-1.0,SL,2019Q2,2019,3
837,15667,2019-06-03 20:00:00,15668,2019-06-03 20:30:00,SELL,1320.48,1323.8646428571428,1323.8646428571428,1313.7107142857142,0.1,-34.54642857142808,-338.4642857142808,-1.0,SL,2019Q2,2019,1
838,15696,2019-06-04 11:30:00,15697,2019-06-04 12:00:00,SELL,1328.61,1324.0242857142855,1330.902857142857,1324.0242857142855,0.1,45.157142857144024,458.57142857144026,1.9111245465538111,TP,2019Q2,2019,1
839,15704,2019-06-04 15:30:00,15706,2019-06-04 16:30:00,BUY,1321.82,1328.7992857142856,1318.330357142857,1328.7992857142856,0.1,69.09285714285652,697.9285714285652,1.9410053175479074,TP,2019Q2,2019,2
840,15740,2019-06-05 10:30:00,15743,2019-06-05 12:00:00,SELL,1333.82,1336.0089285714287,1336.0089285714287,1329.4421428571427,0.1,-22.589285714287325,-218.89285714287325,-1.0,SL,2019Q2,2019,3
841,15751,2019-06-05 16:00:00,15755,2019-06-05 18:00:00,SELL,1340.76,1330.7635714285714,1345.7582142857143,1330.7635714285714,0.1,99.26428571428623,999.6428571428623,1.9585652878585018,TP,2019Q2,2019,4
842,15786,2019-06-06 10:30:00,15786,2019-06-06 10:30:00,SELL,1333.52,1335.4496428571429,1335.4496428571429,1329.6607142857142,0.1,-19.996428571428805,-192.96428571428805,-1.0,SL,2019Q2,2019,0
843,15796,2019-06-06 15:30:00,15802,2019-06-06 18:30:00,SELL,1336.4,1338.7335714285716,1338.7335714285716,1331.7328571428573,0.1,-24.03571428571531,-233.35714285715312,-1.0,SL,2019Q2,2019,6
844,15805,2019-06-06 20:00:00,15829,2019-06-07 09:00:00,SELL,1339.14,1332.1735714285714,1342.6232142857143,1332.1735714285714,0.1,68.9642857142865,696.6428571428651,1.9408985827722005,TP,2019Q2,2019,24
845,15831,2019-06-07 10:00:00,15832,2019-06-07 10:30:00,BUY,1331.52,1334.4471428571428,1330.0564285714286,1334.4471428571428,0.1,28.57142857142826,292.7142857142826,1.8630647414997659,TP,2019Q2,2019,1
846,15834,2019-06-07 11:30:00,15841,2019-06-07 15:00:00,SELL,1335.79,1337.4689285714285,1337.4689285714285,1332.432142857143,0.1,-17.489285714285142,-167.89285714285143,-1.0,SL,2019Q2,2019,7
847,15847,2019-06-07 18:00:00,15859,2019-06-10 01:00:00,SELL,1344.9,1336.429285714286,1349.1353571428572,1336.429285714286,0.1,84.00714285714166,847.0714285714166,1.9512235586893396,TP,2019Q2,2019,12
848,15867,2019-06-10 05:00:00,15874,2019-06-10 08:30:00,BUY,1330.4,1327.1953571428571,1327.1953571428571,1336.8092857142858,0.1,-32.74642857142972,-320.46428571429715,-1.0,SL,2019Q2,2019,7
849,15876,2019-06-10 09:30:00,15922,2019-06-11 09:30:00,BUY,1327.07,1324.4642857142856,1324.4642857142856,1332.2814285714285,0.1,-26.757142857143844,-260.57142857143845,-1.0,SL,2019Q2,2019,46
850,15928,2019-06-11 12:30:00,15932,2019-06-11 14:30:00,BUY,1322.32,1320.0914285714284,1320.0914285714284,1326.7771428571427,0.1,-22.98571428571513,-222.8571428571513,-1.0,SL,2019Q2,2019,4
851,15944,2019-06-11 20:30:00,15959,2019-06-12 05:00:00,SELL,1327.12,1329.8210714285713,1329.8210714285713,1321.717857142857,0.1,-27.710714285713674,-270.10714285713675,-1.0,SL,2019Q2,2019,15
852,15972,2019-06-12 11:30:00,15979,2019-06-12 15:00:00,SELL,1337.44,1332.447142857143,1339.9364285714287,1332.447142857143,0.1,49.22857142857019,499.28571428570194,1.918174227664817,TP,2019Q2,2019,7
853,16016,2019-06-13 10:30:00,16031,2019-06-13 18:00:00,SELL,1337.13,1339.44,1339.44,1332.51,0.1,-23.799999999999454,-230.99999999999454,-1.0,SL,2019Q2,2019,15
854,16033,2019-06-13 19:00:00,16037,2019-06-13 21:00:00,SELL,1339.01,1341.8342857142857,1341.8342857142857,1333.3614285714286,0.1,-28.94285714285679,-282.4285714285679,-1.0,SL,2019Q2,2019,4
855,16048,2019-06-14 03:30:00,16051,2019-06-14 05:00:00,SELL,1343.8,1345.8282142857142,1345.8282142857142,1339.7435714285714,0.1,-20.982142857142843,-202.82142857142844,-1.0,SL,2019Q2,2019,3
856,16083,2019-06-14 21:00:00,16108,2019-06-17 10:30:00,BUY,1340.19,1334.7075,1334.7075,1351.155,0.1,-55.52500000000073,-548.2500000000073,-1.0,SL,2019Q2,2019,25
857,16110,2019-06-17 11:30:00,16119,2019-06-17 16:00:00,BUY,1335.24,1341.0621428571428,1332.3289285714286,1341.0621428571428,0.1,57.521428571428075,582.2142857142808,1.92955552893255,TP,2019Q2,2019,9
858,16144,2019-06-18 05:30:00,16150,2019-06-18 08:30:00,SELL,1341.2,1342.7407142857144,1342.7407142857144,1338.1185714285714,0.1,-16.107142857143298,-154.071428571433,-1.0,SL,2019Q2,2019,6
859,16161,2019-06-18 14:00:00,16162,2019-06-18 14:30:00,SELL,1347.46,1350.412857142857,1350.412857142857,1341.554285714286,0.1,-30.228571428570557,-295.2857142857056,-1.0,SL,2019Q2,2019,1
860,16165,2019-06-18 16:00:00,16166,2019-06-18 16:30:00,SELL,1351.61,1344.442142857143,1355.1939285714284,1344.442142857143,0.1,70.97857142856974,716.7857142856974,1.9425276121591226,TP,2019Q2,2019,1
861,16168,2019-06-18 17:30:00,16221,2019-06-19 21:00:00,BUY,1342.77,1353.0771428571427,1337.6164285714287,1353.0771428571427,0.1,102.37142857142707,1030.7142857142708,1.9597976206755512,TP,2019Q2,2019,53
862,16264,2019-06-20 19:30:00,16265,2019-06-20 20:00:00,SELL,1385.46,1390.5600000000002,1390.5600000000002,1375.26,0.1,-51.70000000000137,-510.00000000001364,-1.0,SL,2019Q2,2019,1
863,16316,2019-06-21 22:30:00,16320,2019-06-24 01:30:00,SELL,1399.72,1405.5142857142857,1405.5142857142857,1388.1314285714286,0.1,-58.64285714285707,-579.4285714285706,-1.0,SL,2019Q2,2019,4
864,16326,2019-06-24 04:30:00,16353,2019-06-24 18:00:00,SELL,1406.13,1411.0017857142857,1411.0017857142857,1396.3864285714287,0.1,-49.417857142855794,-487.1785714285579,-1.0,SL,2019Q2,2019,27
865,16365,2019-06-25 01:00:00,16366,2019-06-25 01:30:00,SELL,1419.38,1423.8457142857144,1423.8457142857144,1410.4485714285715,0.1,-45.35714285714285,-446.57142857142844,-1.0,SL,2019Q2,2019,1
866,16368,2019-06-25 02:30:00,16369,2019-06-25 03:00:00,SELL,1423.11,1427.270357142857,1427.270357142857,1414.7892857142856,0.1,-42.30357142857038,-416.03571428570376,-1.0,SL,2019Q2,2019,1
867,16371,2019-06-25 04:00:00,16375,2019-06-25 06:00:00,SELL,1424.45,1429.1107142857143,1429.1107142857143,1415.1285714285714,0.1,-47.30714285714221,-466.0714285714221,-1.0,SL,2019Q2,2019,4
868,16378,2019-06-25 07:30:00,16380,2019-06-25 08:30:00,SELL,1436.28,1424.142857142857,1442.3485714285714,1424.142857142857,0.1,120.67142857142862,1213.7142857142862,1.9657900861065858,TP,2019Q2,2019,2
869,16403,2019-06-25 20:00:00,16403,2019-06-25 20:00:00,BUY,1425.76,1419.5189285714287,1419.5189285714287,1438.2421428571429,0.1,-63.110714285713314,-624.1071428571331,-1.0,SL,2019Q2,2019,0
870,16419,2019-06-26 05:00:00,16420,2019-06-26 05:30:00,BUY,1414.11,1408.9446428571428,1408.9446428571428,1424.4407142857142,0.1,-52.35357142857147,-516.5357142857147,-1.0,SL,2019Q2,2019,1
871,16423,2019-06-26 07:00:00,16486,2019-06-27 15:30:00,BUY,1405.31,1399.5414285714285,1399.5414285714285,1416.847142857143,0.1,-58.38571428571477,-576.8571428571477,-1.0,SL,2019Q2,2019,63
872,16504,2019-06-28 01:30:00,16507,2019-06-28 03:00:00,SELL,1409.47,1412.4185714285713,1412.4185714285713,1403.5728571428572,0.1,-30.18571428571313,-294.8571428571313,-1.0,SL,2019Q2,2019,3
873,16534,2019-06-28 16:30:00,16534,2019-06-28 16:30:00,BUY,1410.31,1406.2696428571428,1406.2696428571428,1418.3907142857142,0.1,-41.10357142857147,-404.0357142857147,-1.0,SL,2019Q2,2019,0
874,16535,2019-06-28 17:00:00,16549,2019-07-01 01:00:00,BUY,1410.33,1406.495357142857,1406.495357142857,1417.9992857142859,0.1,-39.046428571428535,-383.4642857142853,-1.0,SL,2019Q2,2019,14
875,16568,2019-07-01 10:30:00,16577,2019-07-01 15:00:00,BUY,1385.11,1393.3257142857142,1381.0021428571429,1393.3257142857142,0.1,81.45714285714284,821.5714285714284,1.9497349974355118,TP,2019Q3,2019,9
876,16583,2019-07-01 18:00:00,16586,2019-07-01 19:30:00,SELL,1394.74,1387.402857142857,1398.4085714285716,1387.402857142857,0.1,72.67142857142908,733.7142857142908,1.9438288116162956,TP,2019Q3,2019,3
877,16595,2019-07-02 01:00:00,16609,2019-07-02 08:00:00,BUY,1383.63,1392.3385714285714,1379.2757142857145,1392.3385714285714,0.1,86.38571428571304,870.8571428571304,1.9525347110106546,TP,2019Q3,2019,14
878,16610,2019-07-02 08:30:00,16616,2019-07-02 11:30:00,SELL,1391.48,1394.474642857143,1394.474642857143,1385.4907142857141,0.1,-30.64642857142935,-299.4642857142935,-1.0,SL,2019Q3,2019,6
879,16617,2019-07-02 12:00:00,16629,2019-07-02 18:00:00,SELL,1393.49,1396.1792857142857,1396.1792857142857,1388.1114285714286,0.1,-27.592857142856882,-268.92857142856883,-1.0,SL,2019Q3,2019,12
880,16633,2019-07-02 20:00:00,16637,2019-07-02 22:00:00,SELL,1404.92,1409.709285714286,1409.709285714286,1395.3414285714287,0.1,-48.59285714285825,-478.9285714285825,-1.0,SL,2019Q3,2019,4
881,16648,2019-07-03 04:30:00,16669,2019-07-03 15:00:00,SELL,1434.71,1417.5585714285714,1443.2857142857144,1417.5585714285714,0.1,170.81428571428597,1715.1428571428596,1.9757105089226443,TP,2019Q3,2019,21
882,16670,2019-07-03 15:30:00,16671,2019-07-03 16:00:00,BUY,1421.25,1416.5989285714286,1416.5989285714286,1430.5521428571428,0.1,-47.21071428571413,-465.1071428571413,-1.0,SL,2019Q3,2019,1
883,16672,2019-07-03 16:30:00,16706,2019-07-04 10:30:00,BUY,1415.93,1411.2907142857143,1411.2907142857143,1425.2085714285715,0.1,-47.09285714285734,-463.9285714285734,-1.0,SL,2019Q3,2019,34
884,16726,2019-07-05 01:30:00,16726,2019-07-05 01:30:00,SELL,1417.25,1419.8428571428572,1419.8428571428572,1412.0642857142857,0.1,-26.628571428571558,-259.2857142857156,-1.0,SL,2019Q3,2019,0
885,16754,2019-07-05 15:30:00,16754,2019-07-05 15:30:00,BUY,1413.8,1410.3392857142856,1410.3392857142856,1420.7214285714285,0.1,-35.30714285714403,-346.07142857144026,-1.0,SL,2019Q3,2019,0
886,16786,2019-07-08 08:30:00,16787,2019-07-08 09:00:00,SELL,1402.5,1405.9296428571429,1405.9296428571429,1395.6407142857145,0.1,-34.99642857142881,-342.96428571428805,-1.0,SL,2019Q3,2019,1
887,16788,2019-07-08 09:30:00,16789,2019-07-08 10:00:00,SELL,1403.64,1407.264642857143,1407.264642857143,1396.3907142857145,0.1,-36.94642857142817,-362.4642857142817,-1.0,SL,2019Q3,2019,1
888,16808,2019-07-08 19:30:00,16822,2019-07-09 03:30:00,BUY,1394.69,1391.0664285714288,1391.0664285714288,1401.9371428571428,0.1,-36.93571428571268,-362.35714285712675,-1.0,SL,2019Q3,2019,14
889,16823,2019-07-09 04:00:00,16838,2019-07-09 11:30:00,BUY,1392.48,1389.275357142857,1389.275357142857,1398.8892857142857,0.1,-32.74642857142972,-320.46428571429715,-1.0,SL,2019Q3,2019,15
890,16880,2019-07-10 09:30:00,16886,2019-07-10 12:30:00,BUY,1391.45,1396.2371428571428,1389.0564285714286,1396.2371428571428,0.1,47.171428571427256,478.7142857142726,1.9147579008407327,TP,2019Q3,2019,6
891,16887,2019-07-10 13:00:00,16892,2019-07-10 15:30:00,SELL,1395.59,1398.5139285714286,1398.5139285714286,1389.7421428571429,0.1,-29.939285714286324,-292.39285714286325,-1.0,SL,2019Q3,2019,5
892,16894,2019-07-10 16:30:00,16902,2019-07-10 20:30:00,SELL,1408.91,1414.0914285714287,1414.0914285714287,1398.547142857143,0.1,-52.51428571428569,-518.1428571428569,-1.0,SL,2019Q3,2019,8
893,16911,2019-07-11 02:00:00,16913,2019-07-11 03:00:00,SELL,1420.62,1425.195,1425.195,1411.4699999999998,0.1,-46.45000000000046,-457.50000000000455,-1.0,SL,2019Q3,2019,2
894,16916,2019-07-11 04:30:00,16938,2019-07-11 15:30:00,SELL,1424.4,1416.1585714285716,1428.5207142857143,1416.1585714285716,0.1,81.71428571428514,824.1428571428514,1.9498892108402925,TP,2019Q3,2019,22
895,16949,2019-07-11 21:00:00,16996,2019-07-12 21:30:00,BUY,1405.7,1416.682142857143,1400.2089285714287,1416.682142857143,0.1,109.1214285714289,1098.214285714289,1.9622374927750705,TP,2019Q3,2019,47
896,17035,2019-07-15 18:00:00,17047,2019-07-16 01:00:00,BUY,1410.63,1417.68,1407.105,1417.68,0.1,69.79999999999954,704.9999999999955,1.9415855354658629,TP,2019Q3,2019,12
897,17048,2019-07-16 01:30:00,17076,2019-07-16 15:30:00,SELL,1416.44,1409.8785714285716,1419.7207142857144,1409.8785714285716,0.1,64.9142857142845,656.1428571428451,1.9373267959922587,TP,2019Q3,2019,28
898,17078,2019-07-16 16:30:00,17082,2019-07-16 18:30:00,BUY,1411.9,1408.7757142857145,1408.7757142857145,1418.1485714285716,0.1,-31.942857142856337,-312.4285714285634,-1.0,SL,2019Q3,2019,4
899,17084,2019-07-16 19:30:00,17088,2019-07-16 21:30:00,BUY,1407.0,1402.5835714285713,1402.5835714285713,1415.8328571428572,0.1,-44.864285714286964,-441.6428571428696,-1.0,SL,2019Q3,2019,4
900,17089,2019-07-16 22:00:00,17125,2019-07-17 17:00:00,BUY,1403.75,1414.8264285714288,1398.2117857142857,1414.8264285714288,0.1,110.06428571428778,1107.6428571428778,1.962554925810395,TP,2019Q3,2019,36
901,17130,2019-07-17 19:30:00,17137,2019-07-17 23:00:00,SELL,1421.42,1426.5628571428572,1426.5628571428572,1411.1342857142859,0.1,-52.12857142857111,-514.285714285711,-1.0,SL,2019Q3,2019,7
902,17138,2019-07-17 23:30:00,17168,2019-07-18 15:30:00,SELL,1425.58,1416.3335714285713,1430.2032142857142,1416.3335714285713,0.1,91.76428571428623,924.6428571428623,1.9552545468381402,TP,2019Q3,2019,30
903,17176,2019-07-18 19:30:00,17179,2019-07-18 21:00:00,SELL,1426.96,1431.9485714285715,1431.9485714285715,1416.9828571428573,0.1,-50.58571428571504,-498.8571428571504,-1.0,SL,2019Q3,2019,3
904,17183,2019-07-18 23:00:00,17185,2019-07-19 01:00:00,SELL,1445.78,1451.8592857142858,1451.8592857142858,1433.6214285714284,0.1,-61.492857142857886,-607.9285714285788,-1.0,SL,2019Q3,2019,2
905,17186,2019-07-19 01:30:00,17218,2019-07-19 17:30:00,SELL,1440.21,1426.6671428571428,1446.9814285714288,1426.6671428571428,0.1,134.72857142857202,1354.2857142857201,1.969304656504457,TP,2019Q3,2019,32
906,17247,2019-07-22 09:00:00,17282,2019-07-23 03:30:00,SELL,1427.95,1422.0785714285714,1430.8857142857144,1422.0785714285714,0.1,58.01428571428623,587.1428571428623,1.9301330798479093,TP,2019Q3,2019,35
907,17305,2019-07-23 15:00:00,17305,2019-07-23 15:00:00,SELL,1422.31,1425.235,1425.235,1416.4599999999998,0.1,-29.949999999999545,-292.49999999999545,-1.0,SL,2019Q3,2019,0
908,17320,2019-07-23 22:30:00,17350,2019-07-24 14:30:00,BUY,1417.56,1427.0099999999998,1412.835,1427.0099999999998,0.1,93.79999999999818,944.9999999999818,1.9562043795620427,TP,2019Q3,2019,30
909,17351,2019-07-24 15:00:00,17351,2019-07-24 15:00:00,SELL,1425.83,1428.5642857142857,1428.5642857142857,1420.3614285714284,0.1,-28.04285714285761,-273.4285714285761,-1.0,SL,2019Q3,2019,0
910,17352,2019-07-24 15:30:00,17354,2019-07-24 16:30:00,SELL,1426.19,1429.0721428571428,1429.0721428571428,1420.4257142857143,0.1,-29.52142857142753,-288.2142857142753,-1.0,SL,2019Q3,2019,2
911,17355,2019-07-24 17:00:00,17396,2019-07-25 14:30:00,SELL,1427.12,1430.380357142857,1430.380357142857,1420.5992857142855,0.1,-33.30357142857174,-326.0357142857174,-1.0,SL,2019Q3,2019,41
912,17400,2019-07-25 16:30:00,17400,2019-07-25 16:30:00,BUY,1423.24,1419.1707142857142,1419.1707142857142,1431.3785714285716,0.1,-41.39285714285798,-406.92857142857974,-1.0,SL,2019Q3,2019,0
913,17408,2019-07-25 20:30:00,17503,2019-07-29 22:00:00,BUY,1415.0,1427.5035714285714,1408.7482142857143,1427.5035714285714,0.1,124.33571428571376,1250.3571428571377,1.9667815377662277,TP,2019Q3,2019,95
914,17532,2019-07-30 13:30:00,17536,2019-07-30 15:30:00,SELL,1427.79,1430.0035714285714,1430.0035714285714,1423.3628571428571,0.1,-22.83571428571413,-221.3571428571413,-1.0,SL,2019Q3,2019,4
915,17537,2019-07-30 16:00:00,17546,2019-07-30 20:30:00,SELL,1427.23,1430.1785714285713,1430.1785714285713,1421.3328571428572,0.1,-30.18571428571313,-294.8571428571313,-1.0,SL,2019Q3,2019,9
916,17548,2019-07-30 21:30:00,17584,2019-07-31 16:30:00,SELL,1430.57,1433.9246428571428,1433.9246428571428,1423.8607142857143,0.1,-34.24642857142835,-335.4642857142835,-1.0,SL,2019Q3,2019,36
917,17585,2019-07-31 17:00:00,17589,2019-07-31 19:00:00,SELL,1428.08,1423.1792857142857,1430.5303571428572,1423.1792857142857,0.1,48.307142857142296,490.071428571423,1.9166784752726913,TP,2019Q3,2019,4
918,17591,2019-07-31 20:00:00,17593,2019-07-31 21:00:00,BUY,1424.8,1421.5171428571427,1421.5171428571427,1431.3657142857144,0.1,-33.52857142857211,-328.28571428572104,-1.0,SL,2019Q3,2019,2
919,17594,2019-07-31 21:30:00,17594,2019-07-31 21:30:00,BUY,1426.61,1421.3,1421.3,1437.23,0.1,-53.79999999999946,-530.9999999999945,-1.0,SL,2019Q3,2019,0
920,17595,2019-07-31 22:00:00,17599,2019-08-01 01:00:00,BUY,1418.31,1411.1775,1411.1775,1432.5749999999998,0.1,-72.02499999999937,-713.2499999999936,-1.0,SL,2019Q3,2019,4
921,17600,2019-08-01 01:30:00,17603,2019-08-01 03:00:00,BUY,1415.43,1407.1607142857142,1407.1607142857142,1431.9685714285715,0.1,-83.39285714285843,-826.9285714285843,-1.0,SL,2019Q3,2019,3
922,17605,2019-08-01 04:00:00,17638,2019-08-01 20:30:00,BUY,1407.49,1424.5664285714286,1398.9517857142857,1424.5664285714286,0.1,170.06428571428552,1707.642857142855,1.9756046965108078,TP,2019Q3,2019,33
923,17640,2019-08-01 21:30:00,17645,2019-08-02 01:00:00,SELL,1438.71,1447.3221428571428,1447.3221428571428,1421.4857142857143,0.1,-86.82142857142772,-861.2142857142771,-1.0,SL,2019Q3,2019,5
924,17646,2019-08-02 01:30:00,17698,2019-08-05 04:30:00,SELL,1441.69,1450.7885714285715,1450.7885714285715,1423.4928571428572,0.1,-91.68571428571404,-909.8571428571404,-1.0,SL,2019Q3,2019,52
925,17701,2019-08-05 06:00:00,17701,2019-08-05 06:00:00,SELL,1450.85,1456.0142857142857,1456.0142857142857,1440.5214285714285,0.1,-52.34285714285825,-516.4285714285825,-1.0,SL,2019Q3,2019,0
926,17709,2019-08-05 10:00:00,17721,2019-08-05 16:00:00,SELL,1458.39,1464.6000000000001,1464.6000000000001,1445.9700000000003,0.1,-62.80000000000037,-621.0000000000036,-1.0,SL,2019Q3,2019,12
927,17722,2019-08-05 16:30:00,17723,2019-08-05 17:00:00,SELL,1462.28,1466.627857142857,1466.627857142857,1453.5842857142857,0.1,-44.17857142857038,-434.78571428570376,-1.0,SL,2019Q3,2019,1
928,17725,2019-08-05 18:00:00,17725,2019-08-05 18:00:00,SELL,1466.16,1456.3757142857144,1471.0521428571428,1456.3757142857144,0.1,97.14285714285715,978.4285714285716,1.9576795739168433,TP,2019Q3,2019,0
929,17734,2019-08-05 22:30:00,17737,2019-08-06 01:00:00,SELL,1460.9,1467.892142857143,1467.892142857143,1446.9157142857143,0.1,-70.62142857142881,-699.214285714288,-1.0,SL,2019Q3,2019,3
930,17740,2019-08-06 02:30:00,17744,2019-08-06 04:30:00,SELL,1472.72,1460.6171428571429,1478.7714285714287,1460.6171428571429,0.1,120.32857142857146,1210.2857142857147,1.96569428238036,TP,2019Q3,2019,4
931,17750,2019-08-06 07:30:00,17771,2019-08-06 18:00:00,BUY,1460.78,1472.7157142857143,1454.8121428571428,1472.7157142857143,0.1,118.65714285714311,1193.5714285714312,1.965219448716432,TP,2019Q3,2019,21
932,17773,2019-08-06 19:00:00,17782,2019-08-06 23:30:00,SELL,1469.3,1474.3185714285714,1474.3185714285714,1459.2628571428572,0.1,-50.88571428571477,-501.85714285714766,-1.0,SL,2019Q3,2019,9
933,17789,2019-08-07 04:00:00,17789,2019-08-07 04:00:00,SELL,1477.56,1481.1996428571429,1481.1996428571429,1470.2807142857143,0.1,-37.09642857142917,-363.9642857142917,-1.0,SL,2019Q3,2019,0
934,17791,2019-08-07 05:00:00,17800,2019-08-07 09:30:00,SELL,1484.28,1489.3789285714286,1489.3789285714286,1474.0821428571428,0.1,-51.68928571428587,-509.8928571428587,-1.0,SL,2019Q3,2019,9
935,17801,2019-08-07 10:00:00,17809,2019-08-07 14:00:00,SELL,1485.36,1491.1017857142856,1491.1017857142856,1473.8764285714285,0.1,-58.11785714285698,-574.1785714285697,-1.0,SL,2019Q3,2019,8
936,17812,2019-08-07 15:30:00,17812,2019-08-07 15:30:00,SELL,1491.64,1497.447142857143,1497.447142857143,1480.0257142857145,0.1,-58.771428571429354,-580.7142857142935,-1.0,SL,2019Q3,2019,0
937,17816,2019-08-07 17:30:00,17936,2019-08-12 08:30:00,SELL,1502.98,1496.73,1510.6782142857144,1487.5835714285715,0.1,61.8,625.0,0.7955496299020661,TIME_EXIT,2019Q3,2019,120
938,17938,2019-08-12 09:30:00,17938,2019-08-12 09:30:00,BUY,1495.44,1492.8578571428573,1492.8578571428573,1500.6042857142857,0.1,-26.521428571427986,-258.21428571427987,-1.0,SL,2019Q3,2019,0
939,17946,2019-08-12 13:30:00,17962,2019-08-12 21:30:00,SELL,1504.36,1509.240357142857,1509.240357142857,1494.5992857142855,0.1,-49.50357142857065,-488.0357142857065,-1.0,SL,2019Q3,2019,16
940,17985,2019-08-13 10:00:00,17986,2019-08-13 10:30:00,SELL,1522.3,1526.107857142857,1526.107857142857,1514.6842857142856,0.1,-38.77857142857074,-380.7857142857074,-1.0,SL,2019Q3,2019,1
941,17990,2019-08-13 12:30:00,17990,2019-08-13 12:30:00,SELL,1526.94,1530.8132142857144,1530.8132142857144,1519.1935714285714,0.1,-39.43214285714312,-387.32142857143117,-1.0,SL,2019Q3,2019,0
942,17992,2019-08-13 13:30:00,17996,2019-08-13 15:30:00,SELL,1531.56,1522.4249999999997,1536.1275,1522.4249999999997,0.1,90.65000000000218,913.5000000000218,1.9547169811320764,TP,2019Q3,2019,4
943,18040,2019-08-14 14:30:00,18040,2019-08-14 14:30:00,SELL,1508.52,1513.4517857142857,1513.4517857142857,1498.6564285714285,0.1,-50.01785714285752,-493.1785714285752,-1.0,SL,2019Q3,2019,0
944,18048,2019-08-14 18:30:00,18051,2019-08-14 20:00:00,SELL,1516.71,1524.0460714285714,1524.0460714285714,1502.037857142857,0.1,-74.06071428571359,-733.6071428571358,-1.0,SL,2019Q3,2019,3
945,18052,2019-08-14 20:30:00,18098,2019-08-15 20:30:00,SELL,1516.91,1524.9435714285717,1524.9435714285717,1500.8428571428572,0.1,-81.03571428571577,-803.3571428571577,-1.0,SL,2019Q3,2019,46
946,18109,2019-08-16 03:00:00,18121,2019-08-16 09:00:00,SELL,1526.44,1516.9471428571428,1531.1864285714287,1516.9471428571428,0.1,94.22857142857247,949.2857142857247,1.956399228829898,TP,2019Q3,2019,12
947,18123,2019-08-16 10:00:00,18126,2019-08-16 11:30:00,BUY,1515.62,1511.3289285714284,1511.3289285714284,1524.2021428571427,0.1,-43.61071428571513,-429.1071428571513,-1.0,SL,2019Q3,2019,3
948,18147,2019-08-16 22:00:00,18171,2019-08-19 11:00:00,SELL,1514.01,1501.8235714285713,1520.1032142857143,1501.8235714285713,0.1,121.16428571428678,1218.6428571428678,1.9659268702555486,TP,2019Q3,2019,24
949,18174,2019-08-19 12:30:00,18178,2019-08-19 14:30:00,BUY,1500.1,1496.4153571428571,1496.4153571428571,1507.4692857142854,0.1,-37.546428571427626,-368.46428571427623,-1.0,SL,2019Q3,2019,4
950,18199,2019-08-20 02:00:00,18217,2019-08-20 11:00:00,BUY,1495.16,1501.777142857143,1491.8514285714286,1501.777142857143,0.1,65.4714285714288,661.714285714288,1.93784355179704,TP,2019Q3,2019,18
951,18219,2019-08-20 12:00:00,18220,2019-08-20 12:30:00,SELL,1501.96,1504.6,1504.6,1496.68,0.1,-27.099999999998726,-263.99999999998727,-1.0,SL,2019Q3,2019,1
952,18263,2019-08-21 11:00:00,18274,2019-08-21 16:30:00,BUY,1497.44,1503.3092857142858,1494.5053571428573,1503.3092857142858,0.1,57.99285714285752,586.9285714285752,1.9301081659337476,TP,2019Q3,2019,11
953,18276,2019-08-21 17:30:00,18280,2019-08-21 19:30:00,SELL,1503.24,1506.2914285714285,1506.2914285714285,1497.1371428571429,0.1,-31.214285714284596,-305.14285714284597,-1.0,SL,2019Q3,2019,4
954,18282,2019-08-21 20:30:00,18307,2019-08-22 10:00:00,SELL,1505.41,1498.844285714286,1508.6928571428573,1498.844285714286,0.1,64.95714285714193,656.5714285714193,1.9373668512994646,TP,2019Q3,2019,25
955,18312,2019-08-22 12:30:00,18313,2019-08-22 13:00:00,BUY,1499.34,1496.772857142857,1496.772857142857,1504.4742857142858,0.1,-26.37142857142926,-256.7142857142926,-1.0,SL,2019Q3,2019,1
956,18315,2019-08-22 14:00:00,18316,2019-08-22 14:30:00,BUY,1496.43,1493.5307142857143,1493.5307142857143,1502.2285714285715,0.1,-29.692857142857246,-289.92857142857247,-1.0,SL,2019Q3,2019,1
957,18340,2019-08-23 03:30:00,18340,2019-08-23 03:30:00,BUY,1497.54,1495.7389285714285,1495.7389285714285,1501.1421428571427,0.1,-18.71071428571504,-180.1071428571504,-1.0,SL,2019Q3,2019,0
958,18342,2019-08-23 04:30:00,18347,2019-08-23 07:00:00,BUY,1495.96,1494.0700000000002,1494.0700000000002,1499.74,0.1,-19.599999999998726,-188.99999999998727,-1.0,SL,2019Q3,2019,5
959,18349,2019-08-23 08:00:00,18363,2019-08-23 15:00:00,BUY,1495.05,1498.5192857142856,1493.315357142857,1498.5192857142856,0.1,33.99285714285661,346.9285714285661,1.8836334850582608,TP,2019Q3,2019,14
960,18365,2019-08-23 16:00:00,18366,2019-08-23 16:30:00,SELL,1502.29,1505.4067857142857,1505.4067857142857,1496.0564285714286,0.1,-31.867857142856973,-311.67857142856974,-1.0,SL,2019Q3,2019,1
961,18377,2019-08-23 22:00:00,18381,2019-08-26 01:00:00,SELL,1527.24,1535.2596428571428,1535.2596428571428,1511.2007142857142,0.1,-80.89642857142799,-801.9642857142799,-1.0,SL,2019Q3,2019,4
962,18402,2019-08-26 11:30:00,18461,2019-08-27 18:00:00,BUY,1528.88,1540.6635714285715,1522.9882142857143,1540.6635714285715,0.1,117.13571428571349,1178.357142857135,1.964775654465906,TP,2019Q3,2019,59
963,18464,2019-08-27 19:30:00,18482,2019-08-28 05:30:00,SELL,1542.08,1532.9985714285715,1546.6207142857143,1532.9985714285715,0.1,90.11428571428432,908.1428571428432,1.9544539116963104,TP,2019Q3,2019,18
964,18502,2019-08-28 15:30:00,18536,2019-08-29 09:30:00,SELL,1542.57,1546.995,1546.995,1533.7199999999998,0.1,-44.94999999999955,-442.49999999999545,-1.0,SL,2019Q3,2019,34
965,18546,2019-08-29 14:30:00,18556,2019-08-29 19:30:00,BUY,1536.23,1531.0292857142856,1531.0292857142856,1546.6314285714286,0.1,-52.70714285714412,-520.0714285714412,-1.0,SL,2019Q3,2019,10
966,18586,2019-08-30 11:30:00,18603,2019-08-30 20:00:00,BUY,1525.76,1521.8621428571428,1521.8621428571428,1533.5557142857144,0.1,-39.6785714285722,-389.78571428572195,-1.0,SL,2019Q3,2019,17
967,18612,2019-09-02 01:30:00,18679,2019-09-03 16:00:00,SELL,1530.26,1536.4207142857142,1536.4207142857142,1517.9385714285713,0.1,-62.30714285714221,-616.0714285714221,-1.0,SL,2019Q3,2019,67
968,18681,2019-09-03 17:00:00,18681,2019-09-03 17:00:00,SELL,1540.59,1545.2014285714286,1545.2014285714286,1531.3671428571429,0.1,-46.81428571428633,-461.14285714286325,-1.0,SL,2019Q3,2019,0
969,18683,2019-09-03 18:00:00,18683,2019-09-03 18:00:00,SELL,1544.28,1549.4914285714285,1549.4914285714285,1533.857142857143,0.1,-52.81428571428542,-521.1428571428542,-1.0,SL,2019Q3,2019,0
970,18699,2019-09-04 03:00:00,18702,2019-09-04 04:30:00,SELL,1548.98,1541.2635714285716,1552.8382142857142,1541.2635714285716,0.1,76.46428571428423,771.6428571428423,1.9465405945995078,TP,2019Q3,2019,3
971,18704,2019-09-04 05:30:00,18711,2019-09-04 09:00:00,BUY,1543.0,1538.3135714285715,1538.3135714285715,1552.3728571428571,0.1,-47.56428571428451,-468.64285714284506,-1.0,SL,2019Q3,2019,7
972,18715,2019-09-04 11:00:00,18726,2019-09-04 16:30:00,BUY,1536.67,1545.3164285714286,1532.3467857142857,1545.3164285714286,0.1,85.76428571428487,864.6428571428487,1.9521990082106635,TP,2019Q3,2019,11
973,18728,2019-09-04 17:30:00,18733,2019-09-04 20:00:00,SELL,1546.06,1550.23,1550.23,1537.7199999999998,0.1,-42.40000000000073,-417.0000000000073,-1.0,SL,2019Q3,2019,5
974,18750,2019-09-05 05:30:00,18760,2019-09-05 10:30:00,BUY,1544.55,1540.6328571428571,1540.6328571428571,1552.3842857142859,0.1,-39.87142857142835,-391.7142857142835,-1.0,SL,2019Q3,2019,10
975,18761,2019-09-05 11:00:00,18769,2019-09-05 15:00:00,BUY,1542.33,1537.8835714285713,1537.8835714285713,1551.222857142857,0.1,-45.16428571428669,-444.6428571428669,-1.0,SL,2019Q3,2019,8
976,18810,2019-09-06 12:30:00,18816,2019-09-06 15:30:00,BUY,1506.33,1516.8064285714286,1501.0917857142856,1516.8064285714286,0.1,104.06428571428641,1047.6428571428642,1.9604386732153671,TP,2019Q3,2019,6
977,18819,2019-09-06 17:00:00,18825,2019-09-06 20:00:00,SELL,1524.47,1510.477142857143,1531.4664285714287,1510.477142857143,0.1,139.2285714285702,1399.285714285702,1.970282017588162,TP,2019Q3,2019,6
978,18861,2019-09-09 15:00:00,18862,2019-09-09 15:30:00,SELL,1511.26,1514.4839285714286,1514.4839285714286,1504.8121428571428,0.1,-32.93928571428587,-322.3928571428587,-1.0,SL,2019Q3,2019,1
979,18863,2019-09-09 16:00:00,18865,2019-09-09 17:00:00,SELL,1514.01,1507.1464285714285,1517.4417857142857,1507.1464285714285,0.1,67.93571428571504,686.3571428571504,1.9400305966343707,TP,2019Q3,2019,2
980,18880,2019-09-10 01:30:00,18883,2019-09-10 03:00:00,BUY,1499.91,1495.4207142857144,1495.4207142857144,1508.8885714285716,0.1,-45.59285714285643,-448.9285714285643,-1.0,SL,2019Q3,2019,3
981,18884,2019-09-10 03:30:00,18884,2019-09-10 03:30:00,BUY,1496.46,1493.3314285714287,1493.3314285714287,1502.7171428571428,0.1,-31.985714285713765,-312.85714285713766,-1.0,SL,2019Q3,2019,0
982,18909,2019-09-10 16:00:00,18910,2019-09-10 16:30:00,SELL,1495.48,1499.8664285714287,1499.8664285714287,1486.7071428571428,0.1,-44.56428571428724,-438.64285714287234,-1.0,SL,2019Q3,2019,1
983,18911,2019-09-10 17:00:00,18921,2019-09-10 22:00:00,SELL,1497.91,1488.0442857142857,1502.8428571428572,1488.0442857142857,0.1,97.95714285714375,986.5714285714375,1.9580239862935913,TP,2019Q3,2019,10
984,18942,2019-09-11 09:30:00,18955,2019-09-11 16:00:00,SELL,1492.51,1487.035,1495.2475,1487.035,0.1,54.04999999999909,547.4999999999909,1.9252003561887787,TP,2019Q3,2019,13
985,18974,2019-09-12 02:30:00,18985,2019-09-12 08:00:00,SELL,1493.54,1496.7842857142857,1496.7842857142857,1487.0514285714285,0.1,-33.14285714285752,-324.4285714285752,-1.0,SL,2019Q3,2019,11
986,18990,2019-09-12 10:30:00,18992,2019-09-12 11:30:00,SELL,1501.69,1505.4496428571429,1505.4496428571429,1494.1707142857144,0.1,-38.29642857142808,-375.9642857142808,-1.0,SL,2019Q3,2019,2
987,18993,2019-09-12 12:00:00,18998,2019-09-12 14:30:00,SELL,1504.33,1507.9867857142856,1507.9867857142856,1497.0164285714286,0.1,-37.26785714285661,-365.6785714285661,-1.0,SL,2019Q3,2019,5
988,19001,2019-09-12 16:00:00,19006,2019-09-12 18:30:00,SELL,1515.82,1504.03,1521.715,1504.03,0.1,117.19999999999963,1178.9999999999964,1.964794635373009,TP,2019Q3,2019,5
989,19019,2019-09-13 02:00:00,19037,2019-09-13 11:00:00,BUY,1497.05,1506.7292857142857,1492.2103571428572,1506.7292857142857,0.1,96.09285714285697,967.9285714285697,1.95722703135234,TP,2019Q3,2019,18
990,19038,2019-09-13 11:30:00,19044,2019-09-13 14:30:00,SELL,1505.69,1508.9085714285713,1508.9085714285713,1499.2528571428572,0.1,-32.88571428571295,-321.8571428571295,-1.0,SL,2019Q3,2019,6
991,19055,2019-09-13 20:00:00,19063,2019-09-16 01:00:00,BUY,1490.3,1502.8978571428572,1484.0010714285713,1502.8978571428572,0.1,125.27857142857265,1259.7857142857265,1.9670274210732912,TP,2019Q3,2019,8
992,19067,2019-09-16 03:00:00,19187,2019-09-18 17:00:00,SELL,1506.04,1505.63,1512.5532142857141,1493.0135714285716,0.1,3.3999999999985446,40.99999999998545,0.05164650355338833,TIME_EXIT,2019Q3,2019,120
993,19191,2019-09-18 19:00:00,19192,2019-09-18 19:30:00,SELL,1507.77,1510.8235714285715,1510.8235714285715,1501.662857142857,0.1,-31.235714285715584,-305.35714285715585,-1.0,SL,2019Q3,2019,1
994,19193,2019-09-18 20:00:00,19195,2019-09-18 21:00:00,SELL,1508.45,1501.7835714285713,1511.7832142857144,1501.7835714285713,0.1,65.96428571428696,666.6428571428696,1.9382936299716664,TP,2019Q3,2019,2
995,19220,2019-09-19 10:30:00,19221,2019-09-19 11:00:00,SELL,1493.74,1496.715357142857,1496.715357142857,1487.7892857142856,0.1,-30.45357142857092,-297.5357142857092,-1.0,SL,2019Q3,2019,1
996,19230,2019-09-19 15:30:00,19260,2019-09-20 07:30:00,SELL,1501.58,1505.0707142857143,1505.0707142857143,1494.5985714285714,0.1,-35.60714285714376,-349.07142857143754,-1.0,SL,2019Q3,2019,30
997,19264,2019-09-20 09:30:00,19274,2019-09-20 14:30:00,SELL,1505.86,1501.5249999999999,1508.0275,1501.5249999999999,0.1,42.65000000000036,433.50000000000364,1.9061452513966488,TP,2019Q3,2019,10
998,19276,2019-09-20 15:30:00,19285,2019-09-20 20:00:00,BUY,1500.03,1506.3514285714286,1496.8692857142858,1506.3514285714286,0.1,62.514285714286686,632.1428571428669,1.9349988945390917,TP,2019Q3,2019,9
999,19302,2019-09-23 05:30:00,19314,2019-09-23 11:30:00,SELL,1517.83,1521.2724999999998,1521.2724999999998,1510.945,0.1,-35.12499999999882,-344.2499999999882,-1.0,SL,2019Q3,2019,12
1000,19324,2019-09-23 16:30:00,19324,2019-09-23 16:30:00,SELL,1518.78,1522.5375,1522.5375,1511.2649999999999,0.1,-38.274999999999366,-375.74999999999363,-1.0,SL,2019Q3,2019,0
1001,19328,2019-09-23 18:30:00,19374,2019-09-24 18:30:00,SELL,1523.08,1527.1417857142856,1527.1417857142856,1514.9564285714284,0.1,-41.31785714285634,-406.1785714285634,-1.0,SL,2019Q3,2019,46
1002,19376,2019-09-24 19:30:00,19376,2019-09-24 19:30:00,SELL,1528.64,1533.2739285714285,1533.2739285714285,1519.372142857143,0.1,-47.03928571428442,-463.39285714284415,-1.0,SL,2019Q3,2019,0
1003,19416,2019-09-25 16:30:00,19417,2019-09-25 17:00:00,BUY,1528.23,1524.9632142857145,1524.9632142857145,1534.7635714285714,0.1,-33.36785714285561,-326.6785714285561,-1.0,SL,2019Q3,2019,1
1004,19420,2019-09-25 18:30:00,19420,2019-09-25 18:30:00,BUY,1515.24,1510.0757142857144,1510.0757142857144,1525.5685714285714,0.1,-52.342857142855976,-516.4285714285597,-1.0,SL,2019Q3,2019,0
1005,19447,2019-09-26 09:00:00,19459,2019-09-26 15:00:00,SELL,1508.3,1503.4014285714286,1510.7492857142856,1503.4014285714286,0.1,48.28571428571358,489.85714285713584,1.9166430394102625,TP,2019Q3,2019,12
1006,19461,2019-09-26 16:00:00,19474,2019-09-26 22:30:00,BUY,1507.24,1503.2382142857143,1503.2382142857143,1515.2435714285714,0.1,-40.717857142856886,-400.17857142856883,-1.0,SL,2019Q3,2019,13
1007,19503,2019-09-27 14:00:00,19507,2019-09-27 16:00:00,BUY,1492.73,1488.98,1488.98,1500.23,0.1,-38.2,-375.0,-1.0,SL,2019Q3,2019,4
1008,19509,2019-09-27 17:00:00,19514,2019-09-27 19:30:00,BUY,1491.81,1501.9221428571427,1486.7539285714286,1501.9221428571427,0.1,100.42142857142771,1011.2142857142771,1.9590329547829717,TP,2019Q3,2019,5
1009,19516,2019-09-27 20:30:00,19545,2019-09-30 12:00:00,SELL,1499.46,1485.9835714285714,1506.1982142857144,1485.9835714285714,0.1,134.06428571428643,1347.6428571428642,1.9691549074122647,TP,2019Q3,2019,29
1010,19546,2019-09-30 12:30:00,19550,2019-09-30 14:30:00,BUY,1487.11,1483.3460714285713,1483.3460714285713,1494.637857142857,0.1,-38.33928571428551,-376.39285714285506,-1.0,SL,2019Q3,2019,4
1011,19562,2019-09-30 20:30:00,19588,2019-10-01 10:30:00,BUY,1467.45,1460.4910714285716,1460.4910714285716,1481.3678571428572,0.1,-70.28928571428487,-695.8928571428487,-1.0,SL,2019Q3,2019,26
1012,19589,2019-10-01 11:00:00,19593,2019-10-01 13:00:00,BUY,1461.65,1469.0578571428573,1457.9460714285715,1469.0578571428573,0.1,73.3785714285721,740.785714285721,1.9443550676634809,TP,2019Q4,2019,4
1013,19604,2019-10-01 18:30:00,19643,2019-10-02 15:00:00,SELL,1482.69,1489.3446428571428,1489.3446428571428,1469.3807142857145,0.1,-67.2464285714279,-665.464285714279,-1.0,SL,2019Q4,2019,39
1014,19644,2019-10-02 15:30:00,19644,2019-10-02 15:30:00,SELL,1485.37,1490.3060714285714,1490.3060714285714,1475.497857142857,0.1,-50.06071428571495,-493.6071428571495,-1.0,SL,2019Q4,2019,0
1015,19647,2019-10-02 17:00:00,19650,2019-10-02 18:30:00,SELL,1494.36,1500.4789285714285,1500.4789285714285,1482.1221428571428,0.1,-61.88928571428569,-611.8928571428569,-1.0,SL,2019Q4,2019,3
1016,19651,2019-10-02 19:00:00,19654,2019-10-02 20:30:00,SELL,1498.2,1504.699285714286,1504.699285714286,1485.2014285714286,0.1,-65.69285714285861,-649.9285714285861,-1.0,SL,2019Q4,2019,3
1017,19676,2019-10-03 08:30:00,19677,2019-10-03 09:00:00,BUY,1498.71,1503.3707142857143,1496.379642857143,1503.3707142857143,0.1,45.907142857142205,466.0714285714221,1.9125130188959965,TP,2019Q4,2019,1
1018,19678,2019-10-03 09:30:00,19678,2019-10-03 09:30:00,BUY,1501.85,1499.0032142857142,1499.0032142857142,1507.5435714285713,0.1,-29.167857142857155,-284.67857142857156,-1.0,SL,2019Q4,2019,0
1019,19685,2019-10-03 13:00:00,19688,2019-10-03 14:30:00,SELL,1500.28,1504.452142857143,1504.452142857143,1491.9357142857143,0.1,-42.421428571429445,-417.2142857142944,-1.0,SL,2019Q4,2019,3
1020,19689,2019-10-03 15:00:00,19693,2019-10-03 17:00:00,SELL,1503.44,1507.9357142857143,1507.9357142857143,1494.4485714285715,0.1,-45.657142857142574,-449.5714285714257,-1.0,SL,2019Q4,2019,4
1021,19733,2019-10-04 14:00:00,19735,2019-10-04 15:00:00,SELL,1509.26,1511.7317857142857,1511.7317857142857,1504.3164285714286,0.1,-25.417857142857155,-247.17857142857156,-1.0,SL,2019Q4,2019,2
1022,19736,2019-10-04 15:30:00,19736,2019-10-04 15:30:00,BUY,1508.95,1505.8653571428572,1505.8653571428572,1515.1192857142858,0.1,-31.54642857142853,-308.4642857142853,-1.0,SL,2019Q4,2019,0
1023,19737,2019-10-04 16:00:00,19737,2019-10-04 16:00:00,SELL,1496.44,1501.2732142857144,1501.2732142857144,1486.7735714285714,0.1,-49.032142857143484,-483.3214285714348,-1.0,SL,2019Q4,2019,0
1024,19780,2019-10-07 14:30:00,19783,2019-10-07 16:00:00,BUY,1499.7,1496.4160714285715,1496.4160714285715,1506.267857142857,0.1,-33.53928571428533,-328.39285714285325,-1.0,SL,2019Q4,2019,3
1025,19784,2019-10-07 16:30:00,19792,2019-10-07 20:30:00,BUY,1498.0,1494.2767857142858,1494.2767857142858,1505.4464285714284,0.1,-37.93214285714221,-372.3214285714221,-1.0,SL,2019Q4,2019,8
1026,19806,2019-10-08 04:30:00,19815,2019-10-08 09:00:00,BUY,1493.16,1488.9310714285714,1488.9310714285714,1501.6178571428572,0.1,-42.989285714286964,-422.8928571428696,-1.0,SL,2019Q4,2019,9
1027,19820,2019-10-08 11:30:00,19821,2019-10-08 12:00:00,SELL,1497.38,1500.3553571428572,1500.3553571428572,1491.429285714286,0.1,-30.45357142857092,-297.5357142857092,-1.0,SL,2019Q4,2019,1
1028,19831,2019-10-08 17:00:00,19863,2019-10-09 10:00:00,SELL,1506.13,1510.7939285714288,1510.7939285714288,1496.8021428571428,0.1,-47.33928571428642,-466.39285714286416,-1.0,SL,2019Q4,2019,32
1029,19864,2019-10-09 10:30:00,19866,2019-10-09 11:30:00,SELL,1509.13,1504.3535714285715,1511.5182142857143,1504.3535714285715,0.1,47.06428571428596,477.6428571428596,1.914572134243878,TP,2019Q4,2019,2
1030,19889,2019-10-09 23:00:00,19891,2019-10-10 01:00:00,SELL,1507.04,1511.6160714285713,1511.6160714285713,1497.8878571428572,0.1,-46.46071428571368,-457.60714285713675,-1.0,SL,2019Q4,2019,2
1031,19893,2019-10-10 02:00:00,19907,2019-10-10 09:00:00,SELL,1515.42,1505.0421428571428,1520.6089285714286,1505.0421428571428,0.1,103.07857142857237,1037.7857142857238,1.9600679117148134,TP,2019Q4,2019,14
1032,19924,2019-10-10 17:30:00,19964,2019-10-11 14:30:00,BUY,1494.43,1488.9517857142857,1488.9517857142857,1505.3864285714287,0.1,-55.4821428571433,-547.821428571433,-1.0,SL,2019Q4,2019,40
1033,20000,2019-10-14 09:30:00,20005,2019-10-14 12:00:00,SELL,1488.72,1491.6514285714286,1491.6514285714286,1482.857142857143,0.1,-30.014285714285688,-293.1428571428569,-1.0,SL,2019Q4,2019,5
1034,20008,2019-10-14 13:30:00,20013,2019-10-14 16:00:00,SELL,1495.43,1489.3228571428572,1498.4835714285716,1489.3228571428572,0.1,60.37142857142889,610.714285714289,1.9327692659500786,TP,2019Q4,2019,5
1035,20036,2019-10-15 04:30:00,20036,2019-10-15 04:30:00,SELL,1492.4,1494.2342857142858,1494.2342857142858,1488.7314285714288,0.1,-19.0428571428567,-183.428571428567,-1.0,SL,2019Q4,2019,0
1036,20038,2019-10-15 05:30:00,20046,2019-10-15 09:30:00,SELL,1493.96,1489.7364285714286,1496.0717857142856,1489.7364285714286,0.1,41.535714285714036,422.3571428571404,1.9037485676871178,TP,2019Q4,2019,8
1037,20047,2019-10-15 10:00:00,20052,2019-10-15 12:30:00,BUY,1490.59,1495.3685714285712,1488.2007142857142,1495.3685714285712,0.1,47.0857142857124,477.857142857124,1.914609352308941,TP,2019Q4,2019,5
1038,20053,2019-10-15 13:00:00,20053,2019-10-15 13:00:00,SELL,1494.08,1496.9160714285713,1496.9160714285713,1488.4078571428572,0.1,-29.060714285713583,-283.60714285713584,-1.0,SL,2019Q4,2019,0
1039,20055,2019-10-15 14:00:00,20059,2019-10-15 16:00:00,SELL,1495.18,1488.5735714285715,1498.4832142857142,1488.5735714285715,0.1,65.36428571428523,660.6428571428523,1.9377448385389742,TP,2019Q4,2019,4
1040,20061,2019-10-15 17:00:00,20061,2019-10-15 17:00:00,BUY,1487.79,1483.56,1483.56,1496.25,0.1,-43.000000000000185,-423.0000000000018,-1.0,SL,2019Q4,2019,0
1041,20064,2019-10-15 18:30:00,20103,2019-10-16 15:00:00,BUY,1482.33,1477.0403571428571,1477.0403571428571,1492.9092857142857,0.1,-53.59642857142781,-528.964285714278,-1.0,SL,2019Q4,2019,39
1042,20104,2019-10-16 15:30:00,20104,2019-10-16 15:30:00,BUY,1478.95,1487.9392857142857,1474.4553571428573,1487.9392857142857,0.1,89.19285714285643,898.9285714285643,1.953994210155748,TP,2019Q4,2019,0
1043,20106,2019-10-16 16:30:00,20126,2019-10-17 03:30:00,SELL,1487.11,1492.693214285714,1492.693214285714,1475.9435714285714,0.1,-56.53214285714121,-558.3214285714121,-1.0,SL,2019Q4,2019,20
1044,20151,2019-10-17 16:00:00,20152,2019-10-17 16:30:00,SELL,1490.06,1494.3682142857142,1494.3682142857142,1481.4435714285714,0.1,-43.782142857142574,-430.8214285714257,-1.0,SL,2019Q4,2019,1
1045,20153,2019-10-17 17:00:00,20247,2019-10-21 18:00:00,SELL,1493.17,1483.844285714286,1497.8328571428572,1483.844285714286,0.1,92.55714285714184,932.5714285714184,1.9556293389677024,TP,2019Q4,2019,94
1046,20249,2019-10-21 19:00:00,20263,2019-10-22 03:00:00,BUY,1485.11,1481.4907142857141,1481.4907142857141,1492.3485714285712,0.1,-36.89285714285752,-361.9285714285752,-1.0,SL,2019Q4,2019,14
1047,20264,2019-10-22 03:30:00,20277,2019-10-22 10:00:00,BUY,1482.35,1486.895,1480.0774999999999,1486.895,0.1,44.750000000000725,454.5000000000073,1.9103521878335126,TP,2019Q4,2019,13
1048,20279,2019-10-22 11:00:00,20294,2019-10-22 18:30:00,SELL,1487.28,1483.302857142857,1489.2685714285715,1483.302857142857,0.1,39.071428571430076,397.7142857143008,1.8979875086745353,TP,2019Q4,2019,15
1049,20295,2019-10-22 19:00:00,20309,2019-10-23 03:00:00,BUY,1484.32,1490.2707142857141,1481.3446428571428,1490.2707142857141,0.1,58.80714285714184,595.0714285714184,1.931042570657909,TP,2019Q4,2019,14
1050,20324,2019-10-23 10:30:00,20324,2019-10-23 10:30:00,SELL,1491.28,1493.0810714285715,1493.0810714285715,1487.6778571428572,0.1,-18.71071428571504,-180.1071428571504,-1.0,SL,2019Q4,2019,0
1051,20357,2019-10-24 04:00:00,20369,2019-10-24 10:00:00,BUY,1491.76,1490.0628571428572,1490.0628571428572,1495.1542857142858,0.1,-17.671428571428077,-169.71428571428078,-1.0,SL,2019Q4,2019,12
1052,20380,2019-10-24 15:30:00,20380,2019-10-24 15:30:00,SELL,1492.24,1494.8017857142856,1494.8017857142856,1487.1164285714287,0.1,-26.317857142856337,-256.1785714285634,-1.0,SL,2019Q4,2019,0
1053,20381,2019-10-24 16:00:00,20381,2019-10-24 16:00:00,SELL,1492.46,1495.2296428571428,1495.2296428571428,1486.9207142857144,0.1,-28.396428571427986,-276.96428571427987,-1.0,SL,2019Q4,2019,0
1054,20435,2019-10-25 20:00:00,20472,2019-10-28 14:30:00,BUY,1502.75,1498.1353571428572,1498.1353571428572,1511.9792857142857,0.1,-46.84642857142826,-461.4642857142826,-1.0,SL,2019Q4,2019,37
1055,20474,2019-10-28 15:30:00,20474,2019-10-28 15:30:00,BUY,1498.99,1495.7392857142859,1495.7392857142859,1505.4914285714285,0.1,-33.20714285714139,-325.0714285714139,-1.0,SL,2019Q4,2019,0
1056,20477,2019-10-28 17:00:00,20514,2019-10-29 12:30:00,BUY,1492.93,1488.8414285714287,1488.8414285714287,1501.107142857143,0.1,-41.58571428571413,-408.8571428571413,-1.0,SL,2019Q4,2019,37
1057,20521,2019-10-29 16:00:00,20560,2019-10-30 12:30:00,BUY,1485.88,1493.6885714285715,1481.9757142857143,1493.6885714285715,0.1,77.3857142857144,780.857142857144,1.9471603163191389,TP,2019Q4,2019,39
1058,20564,2019-10-30 14:30:00,20575,2019-10-30 20:00:00,SELL,1493.57,1488.7699999999998,1495.97,1488.7699999999998,0.1,47.300000000001816,480.0000000000182,1.9149797570850233,TP,2019Q4,2019,11
1059,20576,2019-10-30 20:30:00,20576,2019-10-30 20:30:00,BUY,1488.66,1484.9635714285716,1484.9635714285716,1496.0528571428572,0.1,-37.66428571428442,-369.64285714284415,-1.0,SL,2019Q4,2019,0
1060,20577,2019-10-30 21:00:00,20600,2019-10-31 09:30:00,BUY,1490.35,1499.4699999999998,1485.79,1499.4699999999998,0.1,90.4999999999989,911.9999999999891,1.9546436285097184,TP,2019Q4,2019,23
1061,20602,2019-10-31 10:30:00,20603,2019-10-31 11:00:00,SELL,1499.42,1501.3164285714286,1501.3164285714286,1495.6271428571429,0.1,-19.66428571428487,-189.6428571428487,-1.0,SL,2019Q4,2019,1
1062,20615,2019-10-31 17:00:00,20659,2019-11-01 16:00:00,SELL,1511.2,1515.2832142857144,1515.2832142857144,1503.0335714285713,0.1,-41.532142857143484,-408.3214285714348,-1.0,SL,2019Q4,2019,44
1063,20660,2019-11-01 16:30:00,20733,2019-11-05 08:00:00,SELL,1511.93,1504.085,1515.8525,1504.085,0.1,77.75000000000027,784.5000000000027,1.9474013775830235,TP,2019Q4,2019,73
1064,20744,2019-11-05 13:30:00,20745,2019-11-05 14:00:00,BUY,1504.54,1501.5967857142857,1501.5967857142857,1510.4264285714285,0.1,-30.13214285714248,-294.3214285714248,-1.0,SL,2019Q4,2019,1
1065,20759,2019-11-05 21:00:00,20800,2019-11-06 18:30:00,BUY,1482.18,1492.817142857143,1476.8614285714286,1492.817142857143,0.1,105.67142857142862,1063.7142857142862,1.9610286320254506,TP,2019Q4,2019,41
1066,20828,2019-11-07 09:30:00,20828,2019-11-07 09:30:00,SELL,1485.74,1487.7232142857142,1487.7232142857142,1481.7735714285714,0.1,-20.532142857142116,-198.32142857142117,-1.0,SL,2019Q4,2019,0
1067,20829,2019-11-07 10:00:00,20831,2019-11-07 11:00:00,BUY,1487.26,1485.015357142857,1485.015357142857,1491.7492857142856,0.1,-23.14642857142935,-224.4642857142935,-1.0,SL,2019Q4,2019,2
1068,20836,2019-11-07 13:30:00,20844,2019-11-07 17:30:00,BUY,1482.26,1479.1978571428572,1479.1978571428572,1488.3842857142856,0.1,-31.321428571428168,-306.2142857142817,-1.0,SL,2019Q4,2019,8
1069,20848,2019-11-07 19:30:00,20883,2019-11-08 14:00:00,BUY,1464.23,1457.7382142857143,1457.7382142857143,1477.2135714285714,0.1,-65.61785714285698,-649.1785714285697,-1.0,SL,2019Q4,2019,35
1070,20919,2019-11-11 09:00:00,20920,2019-11-11 09:30:00,SELL,1463.66,1465.2414285714287,1465.2414285714287,1460.4971428571428,0.1,-16.514285714286597,-158.14285714286598,-1.0,SL,2019Q4,2019,1
1071,20923,2019-11-11 11:00:00,20926,2019-11-11 12:30:00,SELL,1464.66,1466.5553571428572,1466.5553571428572,1460.8692857142858,0.1,-19.65357142857165,-189.5357142857165,-1.0,SL,2019Q4,2019,3
1072,20927,2019-11-11 13:00:00,20931,2019-11-11 15:00:00,SELL,1465.38,1461.51,1467.315,1461.51,0.1,38.00000000000118,387.0000000000118,1.895261845386644,TP,2019Q4,2019,4
1073,20932,2019-11-11 15:30:00,20932,2019-11-11 15:30:00,BUY,1462.25,1459.8114285714287,1459.8114285714287,1467.1271428571429,0.1,-25.08571428571322,-243.8571428571322,-1.0,SL,2019Q4,2019,0
1074,20983,2019-11-12 18:00:00,21006,2019-11-13 06:30:00,BUY,1452.07,1460.547142857143,1447.8314285714284,1460.547142857143,0.1,84.07142857143008,847.7142857143008,1.9512599469496028,TP,2019Q4,2019,23
1075,21007,2019-11-13 07:00:00,21009,2019-11-13 08:00:00,SELL,1460.08,1462.147857142857,1462.147857142857,1455.9442857142856,0.1,-21.37857142857065,-206.7857142857065,-1.0,SL,2019Q4,2019,2
1076,21023,2019-11-13 15:00:00,21059,2019-11-14 10:00:00,SELL,1464.67,1468.0053571428573,1468.0053571428573,1457.9992857142859,0.1,-34.0535714285722,-333.53571428572195,-1.0,SL,2019Q4,2019,36
1077,21062,2019-11-14 11:30:00,21075,2019-11-14 18:00:00,SELL,1469.22,1471.6607142857142,1471.6607142857142,1464.3385714285714,0.1,-25.107142857141934,-244.07142857141935,-1.0,SL,2019Q4,2019,13
1078,21081,2019-11-14 21:00:00,21095,2019-11-15 05:00:00,SELL,1473.72,1466.1000000000004,1477.53,1466.1000000000004,0.1,75.49999999999663,761.9999999999663,1.9458762886597343,TP,2019Q4,2019,14
1079,21103,2019-11-15 09:00:00,21107,2019-11-15 11:00:00,BUY,1464.68,1462.7364285714286,1462.7364285714286,1468.567142857143,0.1,-20.13571428571431,-194.35714285714312,-1.0,SL,2019Q4,2019,4
1080,21108,2019-11-15 11:30:00,21116,2019-11-15 15:30:00,BUY,1463.57,1468.3335714285713,1461.1882142857144,1468.3335714285713,0.1,46.93571428571367,476.35714285713675,1.914348142753183,TP,2019Q4,2019,8
1081,21135,2019-11-18 02:00:00,21139,2019-11-18 04:00:00,SELL,1468.96,1465.2207142857142,1470.829642857143,1465.2207142857142,0.1,36.6928571428587,373.928571428587,1.8917326459215658,TP,2019Q4,2019,4
1082,21147,2019-11-18 08:00:00,21149,2019-11-18 09:00:00,BUY,1465.21,1463.5985714285714,1463.5985714285714,1468.432857142857,0.1,-16.814285714286324,-161.14285714286325,-1.0,SL,2019Q4,2019,2
1083,21153,2019-11-18 11:00:00,21155,2019-11-18 12:00:00,BUY,1460.14,1457.907142857143,1457.907142857143,1464.6057142857144,0.1,-23.028571428570284,-223.28571428570285,-1.0,SL,2019Q4,2019,2
1084,21165,2019-11-18 17:00:00,21167,2019-11-18 18:00:00,SELL,1469.13,1473.2303571428572,1473.2303571428572,1460.929285714286,0.1,-41.703571428570925,-410.0357142857092,-1.0,SL,2019Q4,2019,2
1085,21168,2019-11-18 18:30:00,21242,2019-11-20 09:30:00,SELL,1472.08,1476.4878571428571,1476.4878571428571,1463.2642857142857,0.1,-44.77857142857211,-440.78571428572104,-1.0,SL,2019Q4,2019,74
1086,21244,2019-11-20 10:30:00,21251,2019-11-20 14:00:00,SELL,1477.78,1473.2821428571428,1480.0289285714287,1473.2821428571428,0.1,44.27857142857128,449.78571428571286,1.9094409363929448,TP,2019Q4,2019,7
1087,21252,2019-11-20 14:30:00,21255,2019-11-20 16:00:00,BUY,1473.07,1470.0774999999999,1470.0774999999999,1479.0549999999998,0.1,-30.625000000000636,-299.25000000000637,-1.0,SL,2019Q4,2019,3
1088,21256,2019-11-20 16:30:00,21258,2019-11-20 17:30:00,BUY,1470.6,1467.2571428571428,1467.2571428571428,1477.2857142857142,0.1,-34.12857142857156,-334.2857142857156,-1.0,SL,2019Q4,2019,2
1089,21276,2019-11-21 03:30:00,21303,2019-11-21 17:00:00,SELL,1474.11,1465.5857142857142,1478.3721428571428,1465.5857142857142,0.1,84.54285714285724,852.4285714285725,1.9515251442704038,TP,2019Q4,2019,27
1090,21304,2019-11-21 17:30:00,21309,2019-11-21 20:00:00,BUY,1467.77,1463.8035714285713,1463.8035714285713,1475.7028571428573,0.1,-40.36428571428651,-396.64285714286507,-1.0,SL,2019Q4,2019,5
1091,21311,2019-11-21 21:00:00,21363,2019-11-25 01:00:00,BUY,1464.76,1460.265357142857,1460.265357142857,1473.7492857142859,0.1,-45.646428571429354,-449.4642857142935,-1.0,SL,2019Q4,2019,52
1092,21382,2019-11-25 10:30:00,21382,2019-11-25 10:30:00,BUY,1458.56,1456.7364285714284,1456.7364285714284,1462.207142857143,0.1,-18.935714285715402,-182.35714285715403,-1.0,SL,2019Q4,2019,0
1093,21392,2019-11-25 15:30:00,21392,2019-11-25 15:30:00,BUY,1456.85,1454.5099999999998,1454.5099999999998,1461.53,0.1,-24.100000000001454,-234.00000000001455,-1.0,SL,2019Q4,2019,0
1094,21393,2019-11-25 16:00:00,21410,2019-11-26 01:30:00,BUY,1456.26,1453.6242857142856,1453.6242857142856,1461.5314285714287,0.1,-27.05714285714357,-263.5714285714357,-1.0,SL,2019Q4,2019,17
1095,21413,2019-11-26 03:00:00,21414,2019-11-26 03:30:00,BUY,1453.73,1451.8410714285715,1451.8410714285715,1457.5078571428571,0.1,-19.589285714285506,-188.89285714285506,-1.0,SL,2019Q4,2019,1
1096,21415,2019-11-26 04:00:00,21427,2019-11-26 10:00:00,BUY,1453.75,1457.337142857143,1451.9564285714287,1457.337142857143,0.1,35.171428571429075,358.7142857142908,1.8873131467996567,TP,2019Q4,2019,12
1097,21428,2019-11-26 10:30:00,21429,2019-11-26 11:00:00,SELL,1456.54,1458.5896428571427,1458.5896428571427,1452.4407142857142,0.1,-21.196428571427713,-204.96428571427714,-1.0,SL,2019Q4,2019,1
1098,21439,2019-11-26 16:00:00,21440,2019-11-26 16:30:00,BUY,1455.66,1453.307142857143,1453.307142857143,1460.3657142857144,0.1,-24.228571428571467,-235.28571428571468,-1.0,SL,2019Q4,2019,1
1099,21441,2019-11-26 17:00:00,21443,2019-11-26 18:00:00,BUY,1455.25,1461.1064285714285,1452.3217857142859,1461.1064285714285,0.1,57.86428571428523,585.6428571428523,1.9299583085170469,TP,2019Q4,2019,2
1100,21444,2019-11-26 18:30:00,21485,2019-11-27 16:00:00,SELL,1460.18,1453.67,1463.435,1453.67,0.1,64.3999999999999,650.9999999999991,1.9368421052632239,TP,2019Q4,2019,41
1101,21486,2019-11-27 16:30:00,21571,2019-11-29 17:00:00,BUY,1454.75,1459.462142857143,1452.3939285714287,1459.462142857143,0.1,46.421428571429075,471.2142857142908,1.9134403061976468,TP,2019Q4,2019,85
1102,21574,2019-11-29 18:30:00,21575,2019-11-29 19:00:00,SELL,1462.58,1465.4032142857143,1465.4032142857143,1456.9335714285714,0.1,-28.93214285714357,-282.3214285714357,-1.0,SL,2019Q4,2019,1
1103,21596,2019-12-02 09:30:00,21597,2019-12-02 10:00:00,BUY,1459.62,1458.2046428571427,1458.2046428571427,1462.450714285714,0.1,-14.853571428571467,-141.53571428571468,-1.0,SL,2019Q4,2019,1
1104,21599,2019-12-02 11:00:00,21607,2019-12-02 15:00:00,BUY,1455.55,1459.0514285714285,1453.7992857142858,1459.0514285714285,0.1,34.31428571428505,350.1428571428505,1.8846606512358943,TP,2019Q4,2019,8
1105,21609,2019-12-02 16:00:00,21611,2019-12-02 17:00:00,SELL,1458.59,1461.2803571428572,1461.2803571428572,1453.2092857142857,0.1,-27.603571428572376,-269.03571428572377,-1.0,SL,2019Q4,2019,2
1106,21613,2019-12-02 18:00:00,21646,2019-12-03 11:30:00,SELL,1463.36,1466.6375,1466.6375,1456.8049999999998,0.1,-33.47500000000146,-327.75000000001455,-1.0,SL,2019Q4,2019,33
1107,21649,2019-12-03 13:00:00,21653,2019-12-03 15:00:00,SELL,1470.12,1472.55,1472.55,1465.2599999999998,0.1,-25.000000000000636,-243.00000000000637,-1.0,SL,2019Q4,2019,4
1108,21685,2019-12-04 08:00:00,21687,2019-12-04 09:00:00,SELL,1479.9,1481.9078571428572,1481.9078571428572,1475.8842857142859,0.1,-20.778571428571194,-200.78571428571195,-1.0,SL,2019Q4,2019,2
1109,21689,2019-12-04 10:00:00,21691,2019-12-04 11:00:00,SELL,1483.75,1479.847857142857,1485.7010714285714,1479.847857142857,0.1,38.32142857142962,390.21428571429624,1.8960947163810953,TP,2019Q4,2019,2
1110,21693,2019-12-04 12:00:00,21699,2019-12-04 15:00:00,BUY,1474.42,1480.587142857143,1471.3364285714285,1480.587142857143,0.1,60.97142857142835,616.7142857142835,1.9334088335220139,TP,2019Q4,2019,6
1111,21704,2019-12-04 17:30:00,21792,2019-12-06 15:30:00,BUY,1473.38,1468.5328571428572,1468.5328571428572,1483.074285714286,0.1,-49.17142857142899,-484.7142857142899,-1.0,SL,2019Q4,2019,88
1112,21793,2019-12-06 16:00:00,21794,2019-12-06 16:30:00,SELL,1467.83,1460.9835714285712,1471.2532142857142,1460.9835714285712,0.1,67.7642857142876,684.642857142876,1.9398834475003202,TP,2019Q4,2019,1
1113,21796,2019-12-06 17:30:00,21809,2019-12-09 01:00:00,BUY,1462.78,1458.442857142857,1458.442857142857,1471.4542857142858,0.1,-44.07142857142908,-433.7142857142908,-1.0,SL,2019Q4,2019,13
1114,21810,2019-12-09 01:30:00,21834,2019-12-09 13:30:00,BUY,1459.32,1463.8349999999998,1457.0625,1463.8349999999998,0.1,44.449999999998724,451.49999999998727,1.9097744360902231,TP,2019Q4,2019,24
1115,21836,2019-12-09 14:30:00,21843,2019-12-09 18:00:00,SELL,1464.04,1460.962857142857,1465.5785714285714,1460.962857142857,0.1,30.07142857142917,307.7142857142917,1.8694493783303756,TP,2019Q4,2019,7
1116,21845,2019-12-09 19:00:00,21879,2019-12-10 13:00:00,BUY,1461.37,1466.0542857142855,1459.027857142857,1466.0542857142855,0.1,46.14285714285579,468.4285714285579,1.9129404797157215,TP,2019Q4,2019,34
1117,21881,2019-12-10 14:00:00,21885,2019-12-10 16:00:00,SELL,1466.32,1468.280714285714,1468.280714285714,1462.3985714285714,0.1,-20.307142857141752,-196.07142857141753,-1.0,SL,2019Q4,2019,4
1118,21886,2019-12-10 16:30:00,21890,2019-12-10 18:30:00,SELL,1467.62,1462.6507142857142,1470.1046428571426,1462.6507142857142,0.1,48.99285714285661,496.9285714285661,1.917796728645408,TP,2019Q4,2019,4
1119,21916,2019-12-11 08:30:00,21919,2019-12-11 10:00:00,BUY,1463.92,1462.8871428571429,1462.8871428571429,1465.9857142857145,0.1,-11.028571428572103,-103.28571428572104,-1.0,SL,2019Q4,2019,3
1120,21920,2019-12-11 10:30:00,21921,2019-12-11 11:00:00,BUY,1464.0,1466.7085714285715,1462.6457142857141,1466.7085714285715,0.1,26.385714285715313,270.8571428571531,1.8525576730189148,TP,2019Q4,2019,1
1121,21922,2019-12-11 11:30:00,21924,2019-12-11 12:30:00,SELL,1466.19,1467.8785714285716,1467.8785714285716,1462.8128571428572,0.1,-17.585714285715493,-168.85714285715494,-1.0,SL,2019Q4,2019,2
1122,21925,2019-12-11 13:00:00,21932,2019-12-11 16:30:00,SELL,1466.81,1468.6807142857142,1468.6807142857142,1463.0685714285714,0.1,-19.40714285714257,-187.0714285714257,-1.0,SL,2019Q4,2019,7
1123,21933,2019-12-11 17:00:00,21933,2019-12-11 17:00:00,SELL,1467.17,1469.6342857142859,1469.6342857142859,1462.2414285714287,0.1,-25.342857142857792,-246.42857142857792,-1.0,SL,2019Q4,2019,0
1124,21935,2019-12-11 18:00:00,21935,2019-12-11 18:00:00,SELL,1469.5,1471.827142857143,1471.827142857143,1464.8457142857142,0.1,-23.97142857142917,-232.7142857142917,-1.0,SL,2019Q4,2019,0
1125,21964,2019-12-12 09:30:00,21964,2019-12-12 09:30:00,BUY,1473.83,1472.7264285714284,1472.7264285714284,1476.0371428571427,0.1,-11.73571428571513,-110.3571428571513,-1.0,SL,2019Q4,2019,0
1126,21965,2019-12-12 10:00:00,21966,2019-12-12 10:30:00,BUY,1473.72,1472.612142857143,1472.612142857143,1475.9357142857143,0.1,-11.778571428570284,-110.78571428570285,-1.0,SL,2019Q4,2019,1
1127,21974,2019-12-12 14:30:00,21975,2019-12-12 15:00:00,SELL,1475.27,1476.9275,1476.9275,1471.9550000000002,0.1,-17.275000000000272,-165.75000000000273,-1.0,SL,2019Q4,2019,1
1128,21989,2019-12-12 22:00:00,21993,2019-12-13 01:00:00,BUY,1469.52,1462.6167857142857,1462.6167857142857,1483.3264285714286,0.1,-69.73214285714285,-690.3214285714284,-1.0,SL,2019Q4,2019,4
1129,21994,2019-12-13 01:30:00,22020,2019-12-13 14:30:00,BUY,1464.6,1473.4714285714285,1460.1642857142856,1473.4714285714285,0.1,88.01428571428623,887.1428571428623,1.9533925174381739,TP,2019Q4,2019,26
1130,22026,2019-12-13 17:30:00,22108,2019-12-17 12:30:00,BUY,1469.86,1479.8135714285713,1464.883214285714,1479.8135714285713,0.1,98.83571428571422,995.3571428571422,1.9583893567333788,TP,2019Q4,2019,82
1131,22115,2019-12-17 16:00:00,22118,2019-12-17 17:30:00,BUY,1476.35,1474.1192857142855,1474.1192857142855,1480.8114285714285,0.1,-23.007142857143844,-223.07142857143845,-1.0,SL,2019Q4,2019,3
1132,22119,2019-12-17 18:00:00,22159,2019-12-18 15:00:00,BUY,1475.93,1473.68,1473.68,1480.43,0.1,-23.2,-225.0,-1.0,SL,2019Q4,2019,40
1133,22161,2019-12-18 16:00:00,22164,2019-12-18 17:30:00,BUY,1472.5,1477.5228571428572,1469.9885714285713,1477.5228571428572,0.1,49.52857142857219,502.28571428572195,1.9186496956280295,TP,2019Q4,2019,3
1134,22199,2019-12-19 12:00:00,22206,2019-12-19 15:30:00,BUY,1474.3,1476.8842857142856,1473.0078571428571,1476.8842857142856,0.1,25.142857142856702,258.428571428567,1.845831148400627,TP,2019Q4,2019,7
1135,22214,2019-12-19 19:30:00,22215,2019-12-19 20:00:00,SELL,1478.68,1481.0414285714287,1481.0414285714287,1473.9571428571428,0.1,-24.314285714286324,-236.14285714286325,-1.0,SL,2019Q4,2019,1
1136,22243,2019-12-20 11:00:00,22246,2019-12-20 12:30:00,BUY,1477.89,1476.7982142857145,1476.7982142857145,1480.0735714285715,0.1,-11.617857142856064,-109.17857142856064,-1.0,SL,2019Q4,2019,3
1137,22252,2019-12-20 15:30:00,22252,2019-12-20 15:30:00,SELL,1479.31,1480.650357142857,1480.650357142857,1476.6292857142857,0.1,-14.103571428571012,-134.03571428571013,-1.0,SL,2019Q4,2019,0
1138,22254,2019-12-20 16:30:00,22258,2019-12-20 18:30:00,SELL,1479.8,1476.4357142857143,1481.482142857143,1476.4357142857143,0.1,32.942857142856425,336.4285714285643,1.8801467590704013,TP,2019Q4,2019,4
1139,22259,2019-12-20 19:00:00,22284,2019-12-23 08:30:00,BUY,1477.75,1482.34,1475.455,1482.34,0.1,45.19999999999918,458.9999999999918,1.9112050739956783,TP,2019Q4,2019,25
1140,22289,2019-12-23 11:00:00,22307,2019-12-23 20:00:00,SELL,1484.05,1485.8135714285713,1485.8135714285713,1480.522857142857,0.1,-18.335714285713674,-176.35714285713675,-1.0,SL,2019Q4,2019,18
1141,22308,2019-12-23 20:30:00,22320,2019-12-24 03:30:00,SELL,1484.73,1486.9178571428572,1486.9178571428572,1480.3542857142857,0.1,-22.57857142857183,-218.7857142857183,-1.0,SL,2019Q4,2019,12
1142,22334,2019-12-24 10:30:00,22335,2019-12-24 11:00:00,SELL,1490.65,1492.482142857143,1492.482142857143,1486.9857142857145,0.1,-19.021428571427986,-183.21428571427987,-1.0,SL,2019Q4,2019,1
1143,22336,2019-12-24 11:30:00,22346,2019-12-24 16:30:00,SELL,1491.57,1493.2339285714286,1493.2339285714286,1488.2421428571429,0.1,-17.339285714286415,-166.39285714286416,-1.0,SL,2019Q4,2019,10
1144,22347,2019-12-24 17:00:00,22347,2019-12-24 17:00:00,SELL,1492.83,1495.062857142857,1495.062857142857,1488.3642857142856,0.1,-23.028571428570284,-223.28571428570285,-1.0,SL,2019Q4,2019,0
1145,22359,2019-12-26 13:00:00,22361,2019-12-26 14:00:00,SELL,1504.32,1507.4507142857142,1507.4507142857142,1498.0585714285714,0.1,-32.00714285714248,-313.0714285714248,-1.0,SL,2019Q4,2019,2
1146,22390,2019-12-27 05:30:00,22395,2019-12-27 08:00:00,SELL,1512.68,1508.8014285714287,1514.6192857142858,1508.8014285714287,0.1,38.08571428571376,387.85714285713766,1.8954852470671866,TP,2019Q4,2019,5
1147,22399,2019-12-27 10:00:00,22415,2019-12-27 18:00:00,BUY,1508.76,1513.3842857142856,1506.4478571428572,1513.3842857142856,0.1,45.542857142856334,462.4285714285634,1.911844077961018,TP,2019Q4,2019,16
1148,22417,2019-12-27 19:00:00,22477,2019-12-31 03:00:00,SELL,1513.79,1516.6325,1516.6325,1508.105,0.1,-29.124999999999726,-284.24999999999727,-1.0,SL,2019Q4,2019,60
1149,22483,2019-12-31 06:00:00,22483,2019-12-31 06:00:00,SELL,1521.81,1523.4717857142857,1523.4717857142857,1518.4864285714284,0.1,-17.3178571428577,-166.17857142857702,-1.0,SL,2019Q4,2019,0
1150,22501,2019-12-31 15:00:00,22504,2019-12-31 16:30:00,BUY,1521.52,1519.7542857142857,1519.7542857142857,1525.0514285714285,0.1,-18.35714285714239,-176.5714285714239,-1.0,SL,2019Q4,2019,3
1151,22522,2020-01-02 15:30:00,22522,2020-01-02 15:30:00,SELL,1524.2,1526.5335714285713,1526.5335714285713,1519.5328571428572,0.1,-24.035714285713038,-233.35714285713038,-1.0,SL,2020Q1,2020,0
1152,22525,2020-01-02 17:00:00,22525,2020-01-02 17:00:00,SELL,1526.21,1529.2721428571429,1529.2721428571429,1520.0857142857144,0.1,-31.321428571428168,-306.2142857142817,-1.0,SL,2020Q1,2020,0
1153,22526,2020-01-02 17:30:00,22529,2020-01-02 19:00:00,SELL,1529.73,1523.04,1533.075,1523.04,0.1,66.20000000000054,669.0000000000055,1.9385065885797952,TP,2020Q1,2020,3
1154,22557,2020-01-03 10:00:00,22560,2020-01-03 11:30:00,SELL,1543.4,1547.722142857143,1547.722142857143,1534.7557142857145,0.1,-43.92142857142808,-432.2142857142808,-1.0,SL,2020Q1,2020,3
1155,22561,2020-01-03 12:00:00,22564,2020-01-03 13:30:00,SELL,1546.75,1550.4260714285715,1550.4260714285715,1539.3978571428572,0.1,-37.46071428571504,-367.6071428571504,-1.0,SL,2020Q1,2020,3
1156,22565,2020-01-03 14:00:00,22567,2020-01-03 15:00:00,SELL,1549.29,1541.5864285714285,1553.1417857142856,1541.5864285714285,0.1,76.33571428571422,770.3571428571422,1.946452964210966,TP,2020Q1,2020,2
1157,22579,2020-01-03 21:00:00,22585,2020-01-06 01:00:00,SELL,1549.44,1554.1917857142857,1554.1917857142857,1539.9364285714287,0.1,-48.217857142856886,-475.17857142856883,-1.0,SL,2020Q1,2020,6
1158,22621,2020-01-06 19:00:00,22636,2020-01-07 03:30:00,BUY,1564.78,1559.4571428571428,1559.4571428571428,1575.4257142857143,0.1,-53.92857142857174,-532.2857142857174,-1.0,SL,2020Q1,2020,15
1159,22638,2020-01-07 04:30:00,22645,2020-01-07 08:00:00,BUY,1557.36,1564.7292857142857,1553.6753571428571,1564.7292857142857,0.1,72.99285714285752,736.9285714285752,1.9440692475982706,TP,2020Q1,2020,7
1160,22647,2020-01-07 09:00:00,22648,2020-01-07 09:30:00,SELL,1564.95,1569.3235714285715,1569.3235714285715,1556.202857142857,0.1,-44.43571428571495,-437.3571428571495,-1.0,SL,2020Q1,2020,1
1161,22663,2020-01-07 17:00:00,22667,2020-01-07 19:00:00,SELL,1568.12,1572.5471428571427,1572.5471428571427,1559.2657142857142,0.1,-44.97142857142826,-442.7142857142826,-1.0,SL,2020Q1,2020,4
1162,22668,2020-01-07 19:30:00,22676,2020-01-07 23:30:00,SELL,1571.45,1575.982142857143,1575.982142857143,1562.3857142857144,0.1,-46.021428571428444,-453.2142857142844,-1.0,SL,2020Q1,2020,8
1163,22701,2020-01-08 13:00:00,22702,2020-01-08 13:30:00,BUY,1580.96,1575.4764285714286,1575.4764285714286,1591.9271428571428,0.1,-55.53571428571395,-548.3571428571395,-1.0,SL,2020Q1,2020,1
1164,22719,2020-01-08 22:00:00,22738,2020-01-09 08:30:00,BUY,1554.31,1545.1064285714285,1545.1064285714285,1572.7171428571428,0.1,-92.73571428571422,-920.3571428571422,-1.0,SL,2020Q1,2020,19
1165,22781,2020-01-10 07:00:00,22788,2020-01-10 10:30:00,BUY,1547.22,1552.287857142857,1544.6860714285715,1552.287857142857,0.1,49.978571428570646,506.7857142857065,1.9193526265258525,TP,2020Q1,2020,7
1166,22799,2020-01-10 16:00:00,22799,2020-01-10 16:00:00,SELL,1548.59,1552.2864285714284,1552.2864285714284,1541.1971428571428,0.1,-37.66428571428442,-369.64285714284415,-1.0,SL,2020Q1,2020,0
1167,22804,2020-01-10 18:30:00,22834,2020-01-13 10:30:00,SELL,1559.22,1550.344285714286,1563.6578571428572,1550.344285714286,0.1,88.05714285714139,887.5714285714139,1.953414672793485,TP,2020Q1,2020,30
1168,22862,2020-01-14 01:30:00,22862,2020-01-14 01:30:00,BUY,1548.32,1546.07,1546.07,1552.82,0.1,-23.2,-225.0,-1.0,SL,2020Q1,2020,0
1169,22886,2020-01-14 13:30:00,22900,2020-01-14 20:30:00,SELL,1545.23,1548.2557142857142,1548.2557142857142,1539.1785714285716,0.1,-30.957142857142298,-302.571428571423,-1.0,SL,2020Q1,2020,14
1170,22901,2020-01-14 21:00:00,22908,2020-01-15 01:30:00,SELL,1545.51,1549.1625,1549.1625,1538.205,0.1,-37.224999999999184,-365.2499999999918,-1.0,SL,2020Q1,2020,7
1171,22922,2020-01-15 08:30:00,22936,2020-01-15 15:30:00,SELL,1552.24,1554.8992857142857,1554.8992857142857,1546.9214285714286,0.1,-27.292857142857155,-265.92857142857156,-1.0,SL,2020Q1,2020,14
1172,22938,2020-01-15 16:30:00,22946,2020-01-15 20:30:00,SELL,1553.07,1556.5735714285713,1556.5735714285713,1546.0628571428572,0.1,-35.73571428571377,-350.35714285713766,-1.0,SL,2020Q1,2020,8
1173,22949,2020-01-15 22:00:00,23026,2020-01-17 14:30:00,SELL,1555.28,1559.81,1559.81,1546.22,0.1,-45.99999999999973,-452.99999999999727,-1.0,SL,2020Q1,2020,77
1174,23027,2020-01-17 15:00:00,23031,2020-01-17 17:00:00,SELL,1558.92,1554.2335714285716,1561.2632142857144,1554.2335714285716,0.1,46.1642857142845,468.64285714284506,1.9129791327511285,TP,2020Q1,2020,4
1175,23032,2020-01-17 17:30:00,23059,2020-01-20 08:00:00,BUY,1555.73,1562.4392857142857,1552.3753571428572,1562.4392857142857,0.1,66.3928571428567,670.928571428567,1.938679737198873,TP,2020Q1,2020,27
1176,23060,2020-01-20 08:30:00,23073,2020-01-20 15:00:00,SELL,1561.83,1558.392857142857,1563.5485714285714,1558.392857142857,0.1,33.671428571428166,343.7142857142817,1.8825878594247991,TP,2020Q1,2020,13
1177,23086,2020-01-21 02:30:00,23087,2020-01-21 03:00:00,SELL,1560.76,1562.2578571428571,1562.2578571428571,1557.7642857142855,0.1,-15.678571428571285,-149.78571428571286,-1.0,SL,2020Q1,2020,1
1178,23091,2020-01-21 05:00:00,23100,2020-01-21 09:30:00,SELL,1566.9,1561.7914285714287,1569.4542857142858,1561.7914285714287,0.1,50.385714285713945,510.8571428571395,1.9199782253674464,TP,2020Q1,2020,9
1179,23108,2020-01-21 13:30:00,23112,2020-01-21 15:30:00,BUY,1555.48,1551.525357142857,1551.525357142857,1563.3892857142857,0.1,-40.24642857142972,-395.46428571429715,-1.0,SL,2020Q1,2020,4
1180,23113,2020-01-21 16:00:00,23113,2020-01-21 16:00:00,BUY,1553.45,1548.3146428571429,1548.3146428571429,1563.7207142857144,0.1,-52.05357142857174,-513.5357142857174,-1.0,SL,2020Q1,2020,0
1181,23115,2020-01-21 17:00:00,23176,2020-01-23 01:30:00,BUY,1552.51,1563.4664285714284,1547.0317857142857,1563.4664285714284,0.1,108.86428571428432,1095.6428571428432,1.9621499839072654,TP,2020Q1,2020,61
1182,23177,2020-01-23 02:00:00,23179,2020-01-23 03:00:00,SELL,1561.22,1563.347857142857,1563.347857142857,1556.9642857142858,0.1,-21.978571428570103,-212.78571428570103,-1.0,SL,2020Q1,2020,2
1183,23194,2020-01-23 10:30:00,23201,2020-01-23 14:00:00,BUY,1555.86,1552.4571428571428,1552.4571428571428,1562.665714285714,0.1,-34.728571428571016,-340.2857142857101,-1.0,SL,2020Q1,2020,7
1184,23202,2020-01-23 14:30:00,23206,2020-01-23 16:30:00,BUY,1554.99,1560.9042857142856,1552.0328571428572,1560.9042857142856,0.1,58.44285714285597,591.4285714285597,1.9306276545540335,TP,2020Q1,2020,4
1185,23211,2020-01-23 19:00:00,23253,2020-01-24 17:00:00,SELL,1564.0,1568.1989285714285,1568.1989285714285,1555.6021428571428,0.1,-42.68928571428496,-419.8928571428496,-1.0,SL,2020Q1,2020,42
1186,23255,2020-01-24 18:00:00,23257,2020-01-24 19:00:00,SELL,1569.96,1574.7235714285714,1574.7235714285714,1560.432857142857,0.1,-48.33571428571368,-476.35714285713675,-1.0,SL,2020Q1,2020,2
1187,23258,2020-01-24 19:30:00,23267,2020-01-27 01:00:00,SELL,1573.56,1578.7425,1578.7425,1563.195,0.1,-52.525000000001185,-518.2500000000118,-1.0,SL,2020Q1,2020,9
1188,23292,2020-01-27 13:30:00,23339,2020-01-28 14:00:00,SELL,1583.4,1576.6392857142857,1586.7803571428572,1576.6392857142857,0.1,66.90714285714357,676.0714285714357,1.93913673532767,TP,2020Q1,2020,47
1189,23341,2020-01-28 15:00:00,23345,2020-01-28 17:00:00,BUY,1574.22,1570.8032142857144,1570.8032142857144,1581.0535714285716,0.1,-34.86785714285652,-341.6785714285652,-1.0,SL,2020Q1,2020,4
1190,23347,2020-01-28 18:00:00,23358,2020-01-28 23:30:00,BUY,1570.36,1565.8985714285714,1565.8985714285714,1579.282857142857,0.1,-45.31428571428542,-446.14285714285415,-1.0,SL,2020Q1,2020,11
1191,23359,2020-01-29 01:00:00,23391,2020-01-29 17:00:00,BUY,1566.56,1573.415,1563.1325,1573.415,0.1,67.85000000000018,685.5000000000018,1.9399571122230164,TP,2020Q1,2020,32
1192,23392,2020-01-29 17:30:00,23400,2020-01-29 21:30:00,SELL,1571.51,1574.932142857143,1574.932142857143,1564.6657142857143,0.1,-34.921428571429445,-342.2142857142944,-1.0,SL,2020Q1,2020,8
1193,23402,2020-01-29 22:30:00,23408,2020-01-30 02:30:00,SELL,1574.97,1579.17,1579.17,1566.5700000000002,0.1,-42.70000000000046,-420.00000000000455,-1.0,SL,2020Q1,2020,6
1194,23409,2020-01-30 03:00:00,23421,2020-01-30 09:00:00,SELL,1578.15,1581.5882142857145,1581.5882142857145,1571.2735714285716,0.1,-35.082142857143666,-343.8214285714366,-1.0,SL,2020Q1,2020,12
1195,23423,2020-01-30 10:00:00,23436,2020-01-30 16:30:00,SELL,1581.4,1575.8178571428573,1584.1910714285716,1575.8178571428573,0.1,55.121428571427984,558.2142857142799,1.926600923729794,TP,2020Q1,2020,13
1196,23437,2020-01-30 17:00:00,23442,2020-01-30 19:30:00,BUY,1578.3,1585.9007142857142,1574.4996428571428,1585.9007142857142,0.1,75.30714285714275,760.0714285714275,1.9457414413583092,TP,2020Q1,2020,5
1197,23443,2020-01-30 20:00:00,23449,2020-01-30 23:00:00,SELL,1584.64,1574.337142857143,1589.7914285714287,1574.337142857143,0.1,102.32857142857192,1030.2857142857192,1.959781121751026,TP,2020Q1,2020,6
1198,23475,2020-01-31 13:00:00,23479,2020-01-31 15:00:00,SELL,1579.16,1581.4925000000003,1581.4925000000003,1574.495,0.1,-24.02500000000209,-233.25000000002092,-1.0,SL,2020Q1,2020,4
1199,23480,2020-01-31 15:30:00,23482,2020-01-31 16:30:00,SELL,1579.17,1582.0285714285715,1582.0285714285715,1573.452857142857,0.1,-29.285714285713947,-285.8571428571395,-1.0,SL,2020Q1,2020,2
1200,23494,2020-01-31 22:30:00,23513,2020-02-03 09:00:00,SELL,1588.5,1577.3764285714285,1594.0617857142856,1577.3764285714285,0.1,110.53571428571495,1112.3571428571495,1.962711649438812,TP,2020Q1,2020,19
1201,23515,2020-02-03 10:00:00,23529,2020-02-03 17:00:00,BUY,1576.42,1572.3871428571429,1572.3871428571429,1584.4857142857145,0.1,-41.02857142857211,-403.28571428572104,-1.0,SL,2020Q1,2020,14
1202,23558,2020-02-04 08:30:00,23561,2020-02-04 10:00:00,BUY,1572.49,1569.6882142857144,1569.6882142857144,1578.0935714285715,0.1,-28.717857142856428,-280.1785714285643,-1.0,SL,2020Q1,2020,3
1203,23565,2020-02-04 12:00:00,23571,2020-02-04 15:00:00,BUY,1568.17,1564.6835714285714,1564.6835714285714,1575.1428571428573,0.1,-35.56428571428633,-348.64285714286325,-1.0,SL,2020Q1,2020,6
1204,23572,2020-02-04 15:30:00,23572,2020-02-04 15:30:00,BUY,1565.72,1561.8478571428573,1561.8478571428573,1573.4642857142858,0.1,-39.421428571427626,-387.21428571427623,-1.0,SL,2020Q1,2020,0
1205,23574,2020-02-04 16:30:00,23574,2020-02-04 16:30:00,BUY,1561.22,1556.7285714285715,1556.7285714285715,1570.2028571428573,0.1,-45.614285714285145,-449.1428571428514,-1.0,SL,2020Q1,2020,0
1206,23577,2020-02-04 18:00:00,23579,2020-02-04 19:00:00,BUY,1555.39,1550.26,1550.26,1565.65,0.1,-52.000000000001094,-513.0000000000109,-1.0,SL,2020Q1,2020,2
1207,23581,2020-02-04 20:00:00,23605,2020-02-05 09:00:00,BUY,1550.76,1561.3521428571428,1545.4639285714286,1561.3521428571428,0.1,105.2214285714279,1059.214285714279,1.9608652246256235,TP,2020Q1,2020,24
1208,23643,2020-02-06 05:00:00,23647,2020-02-06 07:00:00,BUY,1554.98,1552.5939285714285,1552.5939285714285,1559.7521428571429,0.1,-24.560714285715402,-238.60714285715403,-1.0,SL,2020Q1,2020,4
1209,23648,2020-02-06 07:30:00,23652,2020-02-06 09:30:00,BUY,1554.76,1559.9864285714286,1552.1467857142857,1559.9864285714286,0.1,51.56428571428641,522.6428571428642,1.9217356581924674,TP,2020Q1,2020,4
1210,23653,2020-02-06 10:00:00,23655,2020-02-06 11:00:00,SELL,1558.53,1561.5782142857142,1561.5782142857142,1552.4335714285714,0.1,-31.18214285714266,-304.8214285714266,-1.0,SL,2020Q1,2020,2
1211,23660,2020-02-06 13:30:00,23703,2020-02-07 12:00:00,SELL,1566.29,1569.9617857142857,1569.9617857142857,1558.9464285714284,0.1,-37.41785714285761,-367.1785714285761,-1.0,SL,2020Q1,2020,43
1212,23704,2020-02-07 12:30:00,23710,2020-02-07 15:30:00,SELL,1568.44,1562.8021428571428,1571.2589285714287,1562.8021428571428,0.1,55.67857142857228,563.7857142857229,1.9273086908146877,TP,2020Q1,2020,6
1213,23711,2020-02-07 16:00:00,23715,2020-02-07 18:00:00,BUY,1569.18,1565.1482142857144,1565.1482142857144,1577.2435714285714,0.1,-41.01785714285661,-403.1785714285661,-1.0,SL,2020Q1,2020,4
1214,23758,2020-02-10 16:30:00,23779,2020-02-11 04:00:00,SELL,1574.49,1569.077142857143,1577.1964285714284,1569.077142857143,0.1,53.42857142857092,541.2857142857092,1.9243632621559823,TP,2020Q1,2020,21
1215,23790,2020-02-11 09:30:00,23791,2020-02-11 10:00:00,BUY,1568.8,1566.7107142857142,1566.7107142857142,1572.9785714285713,0.1,-21.592857142857792,-208.92857142857792,-1.0,SL,2020Q1,2020,1
1216,23792,2020-02-11 10:30:00,23802,2020-02-11 15:30:00,BUY,1567.39,1571.9478571428572,1565.1110714285714,1571.9478571428572,0.1,44.87857142857074,455.7857142857074,1.91059753687082,TP,2020Q1,2020,10
1217,23803,2020-02-11 16:00:00,23806,2020-02-11 17:30:00,SELL,1571.95,1565.7785714285715,1575.0357142857142,1565.7785714285715,0.1,61.014285714285776,617.1428571428578,1.9334540516071317,TP,2020Q1,2020,3
1218,23808,2020-02-11 18:30:00,23868,2020-02-13 02:30:00,BUY,1564.63,1572.207142857143,1560.8414285714287,1572.207142857143,0.1,75.07142857142917,757.7142857142917,1.9455757126990005,TP,2020Q1,2020,60
1219,23869,2020-02-13 03:00:00,23873,2020-02-13 05:00:00,SELL,1570.87,1573.4842857142855,1573.4842857142855,1565.6414285714284,0.1,-26.842857142856428,-261.4285714285643,-1.0,SL,2020Q1,2020,4
1220,23876,2020-02-13 06:30:00,23887,2020-02-13 12:00:00,SELL,1573.26,1576.0489285714286,1576.0489285714286,1567.682142857143,0.1,-28.589285714286415,-278.89285714286416,-1.0,SL,2020Q1,2020,11
1221,23888,2020-02-13 12:30:00,23897,2020-02-13 17:00:00,SELL,1574.79,1577.754642857143,1577.754642857143,1568.8607142857143,0.1,-30.346428571429623,-296.46428571429624,-1.0,SL,2020Q1,2020,9
1222,23898,2020-02-13 17:30:00,23940,2020-02-14 15:30:00,SELL,1576.74,1580.1375,1580.1375,1569.9449999999997,0.1,-34.67500000000037,-339.75000000000364,-1.0,SL,2020Q1,2020,42
1223,23945,2020-02-14 18:00:00,23949,2020-02-14 20:00:00,SELL,1581.4,1584.1675,1584.1675,1575.8650000000002,0.1,-28.37499999999927,-276.7499999999927,-1.0,SL,2020Q1,2020,4
1224,23950,2020-02-14 20:30:00,23998,2020-02-18 02:30:00,SELL,1583.18,1586.1842857142858,1586.1842857142858,1577.1714285714288,0.1,-30.742857142857428,-300.4285714285743,-1.0,SL,2020Q1,2020,48
1225,24000,2020-02-18 03:30:00,24005,2020-02-18 06:00:00,SELL,1585.52,1587.5257142857142,1587.5257142857142,1581.5085714285715,0.1,-20.75714285714248,-200.5714285714248,-1.0,SL,2020Q1,2020,5
1226,24006,2020-02-18 06:30:00,24012,2020-02-18 09:30:00,SELL,1586.54,1588.4857142857143,1588.4857142857143,1582.6485714285714,0.1,-20.157142857143025,-194.57142857143026,-1.0,SL,2020Q1,2020,6
1227,24016,2020-02-18 11:30:00,24024,2020-02-18 15:30:00,SELL,1588.47,1590.3375,1590.3375,1584.7350000000001,0.1,-19.375000000000636,-186.75000000000637,-1.0,SL,2020Q1,2020,8
1228,24056,2020-02-19 08:30:00,24059,2020-02-19 10:00:00,SELL,1604.39,1606.6914285714286,1606.6914285714286,1599.787142857143,0.1,-23.714285714284596,-230.14285714284597,-1.0,SL,2020Q1,2020,3
1229,24061,2020-02-19 11:00:00,24064,2020-02-19 12:30:00,SELL,1607.72,1610.2442857142858,1610.2442857142858,1602.6714285714286,0.1,-25.942857142857246,-252.42857142857247,-1.0,SL,2020Q1,2020,3
1230,24066,2020-02-19 13:30:00,24070,2020-02-19 15:30:00,SELL,1609.55,1604.2207142857142,1612.2146428571427,1604.2207142857142,0.1,52.59285714285788,532.9285714285788,1.9232075225284864,TP,2020Q1,2020,4
1231,24117,2020-02-20 16:00:00,24119,2020-02-20 17:00:00,SELL,1615.71,1619.7492857142859,1619.7492857142859,1607.6314285714286,0.1,-41.09285714285825,-403.9285714285825,-1.0,SL,2020Q1,2020,2
1232,24121,2020-02-20 18:00:00,24121,2020-02-20 18:00:00,SELL,1617.75,1622.3764285714285,1622.3764285714285,1608.4971428571428,0.1,-46.964285714285054,-462.6428571428505,-1.0,SL,2020Q1,2020,0
1233,24123,2020-02-20 19:00:00,24143,2020-02-21 06:00:00,SELL,1621.44,1626.482142857143,1626.482142857143,1611.3557142857142,0.1,-51.12142857142835,-504.2142857142835,-1.0,SL,2020Q1,2020,20
1234,24145,2020-02-21 07:00:00,24146,2020-02-21 07:30:00,SELL,1625.95,1628.68,1628.68,1620.49,0.1,-28.00000000000018,-273.0000000000018,-1.0,SL,2020Q1,2020,1
1235,24147,2020-02-21 08:00:00,24148,2020-02-21 08:30:00,SELL,1628.12,1631.093214285714,1631.093214285714,1622.1735714285714,0.1,-30.432142857142207,-297.3214285714221,-1.0,SL,2020Q1,2020,1
1236,24151,2020-02-21 10:00:00,24151,2020-02-21 10:00:00,SELL,1633.24,1636.3664285714285,1636.3664285714285,1626.987142857143,0.1,-31.96428571428505,-312.6428571428505,-1.0,SL,2020Q1,2020,0
1237,24152,2020-02-21 10:30:00,24161,2020-02-21 15:00:00,SELL,1635.27,1638.5249999999999,1638.5249999999999,1628.76,0.1,-33.24999999999882,-325.4999999999882,-1.0,SL,2020Q1,2020,9
1238,24163,2020-02-21 16:00:00,24165,2020-02-21 17:00:00,SELL,1642.89,1647.5539285714287,1647.5539285714287,1633.562142857143,0.1,-47.33928571428642,-466.39285714286416,-1.0,SL,2020Q1,2020,2
1239,24166,2020-02-21 17:30:00,24179,2020-02-24 01:00:00,SELL,1644.6,1650.140357142857,1650.140357142857,1633.5192857142856,0.1,-56.10357142857147,-554.0357142857147,-1.0,SL,2020Q1,2020,13
1240,24199,2020-02-24 11:00:00,24199,2020-02-24 11:00:00,SELL,1680.16,1685.9103571428573,1685.9103571428573,1668.6592857142857,0.1,-58.203571428571834,-575.0357142857183,-1.0,SL,2020Q1,2020,0
1241,24258,2020-02-25 17:30:00,24268,2020-02-25 22:30:00,SELL,1655.53,1638.6357142857144,1663.9771428571428,1638.6357142857144,0.1,168.24285714285617,1689.4285714285616,1.9753438443475344,TP,2020Q1,2020,10
1242,24292,2020-02-26 11:30:00,24299,2020-02-26 15:00:00,SELL,1651.14,1640.6314285714286,1656.3942857142858,1640.6314285714286,0.1,104.38571428571485,1050.8571428571486,1.9605580896163135,TP,2020Q1,2020,7
1243,24303,2020-02-26 17:00:00,24327,2020-02-27 06:00:00,BUY,1635.29,1651.372142857143,1627.2489285714285,1651.372142857143,0.1,160.12142857143027,1608.2142857143026,1.9741094623750608,TP,2020Q1,2020,24
1244,24328,2020-02-27 06:30:00,24348,2020-02-27 16:30:00,SELL,1650.38,1656.1667857142859,1656.1667857142859,1638.8064285714288,0.1,-58.567857142857704,-578.678571428577,-1.0,SL,2020Q1,2020,20
1245,24349,2020-02-27 17:00:00,24350,2020-02-27 17:30:00,SELL,1652.74,1659.0357142857142,1659.0357142857142,1640.1485714285714,0.1,-63.65714285714212,-629.5714285714212,-1.0,SL,2020Q1,2020,1
1246,24351,2020-02-27 18:00:00,24360,2020-02-27 22:30:00,SELL,1651.76,1637.9814285714285,1658.6492857142857,1637.9814285714285,0.1,137.0857142857147,1377.8571428571468,1.9698244893769887,TP,2020Q1,2020,9
1247,24362,2020-02-27 23:30:00,24376,2020-02-28 07:30:00,BUY,1639.91,1630.2317857142857,1630.2317857142857,1659.2664285714286,0.1,-97.48214285714376,-967.8214285714375,-1.0,SL,2020Q1,2020,14
1248,24378,2020-02-28 08:30:00,24379,2020-02-28 09:00:00,BUY,1633.49,1625.3364285714285,1625.3364285714285,1649.797142857143,0.1,-82.23571428571468,-815.3571428571468,-1.0,SL,2020Q1,2020,1
1249,24381,2020-02-28 10:00:00,24389,2020-02-28 14:00:00,BUY,1627.91,1618.9035714285715,1618.9035714285715,1645.9228571428573,0.1,-90.76428571428615,-900.6428571428614,-1.0,SL,2020Q1,2020,8
1250,24429,2020-03-02 11:00:00,24452,2020-03-02 22:30:00,SELL,1605.05,1590.3564285714285,1612.3967857142857,1590.3564285714285,0.1,146.23571428571432,1469.3571428571431,1.9716858477392016,TP,2020Q1,2020,23
1251,24483,2020-03-03 15:00:00,24487,2020-03-03 17:00:00,SELL,1602.26,1607.4617857142857,1607.4617857142857,1591.8564285714288,0.1,-52.71785714285734,-520.1785714285734,-1.0,SL,2020Q1,2020,4
1252,24493,2020-03-03 20:00:00,24577,2020-03-05 16:00:00,SELL,1645.17,1657.2075,1657.2075,1621.0950000000003,0.1,-121.0749999999991,-1203.749999999991,-1.0,SL,2020Q1,2020,84
1253,24579,2020-03-05 17:00:00,24583,2020-03-05 19:00:00,SELL,1658.35,1664.7024999999999,1664.7024999999999,1645.645,0.1,-64.22499999999964,-635.2499999999964,-1.0,SL,2020Q1,2020,4
1254,24584,2020-03-05 19:30:00,24588,2020-03-05 21:30:00,SELL,1663.38,1670.2725,1670.2725,1649.5950000000003,0.1,-69.62499999999928,-689.2499999999927,-1.0,SL,2020Q1,2020,4
1255,24591,2020-03-05 23:00:00,24605,2020-03-06 07:00:00,SELL,1673.23,1679.7303571428572,1679.7303571428572,1660.2292857142857,0.1,-65.70357142857183,-650.0357142857183,-1.0,SL,2020Q1,2020,14
1256,24607,2020-03-06 08:00:00,24614,2020-03-06 11:30:00,SELL,1679.73,1685.7878571428573,1685.7878571428573,1667.6142857142856,0.1,-61.27857142857302,-605.7857142857301,-1.0,SL,2020Q1,2020,7
1257,24636,2020-03-06 22:30:00,24639,2020-03-09 00:00:00,SELL,1677.09,1697.8296428571427,1697.8296428571427,1635.6107142857143,0.1,-208.09642857142825,-2073.9642857142826,-1.0,SL,2020Q1,2020,3
1258,24641,2020-03-09 01:00:00,24652,2020-03-09 06:30:00,SELL,1698.03,1665.4714285714285,1714.3092857142856,1665.4714285714285,0.1,324.8857142857144,3255.857142857144,1.987155402158256,TP,2020Q1,2020,11
1259,24676,2020-03-09 18:30:00,24700,2020-03-10 07:30:00,BUY,1666.6,1652.7807142857143,1652.7807142857143,1694.2385714285713,0.1,-138.8928571428557,-1381.928571428557,-1.0,SL,2020Q1,2020,24
1260,24702,2020-03-10 08:30:00,24717,2020-03-10 16:00:00,BUY,1658.71,1650.2103571428572,1650.2103571428572,1675.7092857142857,0.1,-85.69642857142817,-849.9642857142817,-1.0,SL,2020Q1,2020,15
1261,24728,2020-03-10 21:30:00,24728,2020-03-10 21:30:00,BUY,1652.03,1642.0592857142856,1642.0592857142856,1671.9714285714285,0.1,-100.40714285714394,-997.0714285714394,-1.0,SL,2020Q1,2020,0
1262,24746,2020-03-11 07:30:00,24757,2020-03-11 13:00:00,SELL,1662.83,1667.9964285714284,1667.9964285714284,1652.4971428571428,0.1,-52.36428571428469,-516.6428571428469,-1.0,SL,2020Q1,2020,11
1263,24758,2020-03-11 13:30:00,24764,2020-03-11 16:30:00,SELL,1665.8,1653.7421428571429,1671.8289285714284,1653.7421428571429,0.1,119.87857142857074,1205.7857142857074,1.9655677226679522,TP,2020Q1,2020,6
1264,24766,2020-03-11 17:30:00,24766,2020-03-11 17:30:00,BUY,1652.51,1644.8042857142857,1644.8042857142857,1667.9214285714286,0.1,-77.75714285714294,-770.5714285714294,-1.0,SL,2020Q1,2020,0
1265,24767,2020-03-11 18:00:00,24769,2020-03-11 19:00:00,BUY,1649.87,1641.9767857142856,1641.9767857142856,1665.6564285714285,0.1,-79.63214285714294,-789.3214285714294,-1.0,SL,2020Q1,2020,2
1266,24771,2020-03-11 20:00:00,24773,2020-03-11 21:00:00,BUY,1643.44,1634.5064285714286,1634.5064285714286,1661.307142857143,0.1,-90.0357142857144,-893.357142857144,-1.0,SL,2020Q1,2020,2
1267,24774,2020-03-11 21:30:00,24785,2020-03-12 04:00:00,BUY,1641.87,1631.5757142857142,1631.5757142857142,1662.4585714285713,0.1,-103.64285714285707,-1029.4285714285706,-1.0,SL,2020Q1,2020,11
1268,24786,2020-03-12 04:30:00,24805,2020-03-12 14:00:00,BUY,1636.27,1626.4053571428572,1626.4053571428572,1655.9992857142856,0.1,-99.34642857142826,-986.4642857142826,-1.0,SL,2020Q1,2020,19
1269,24812,2020-03-12 17:30:00,24815,2020-03-12 19:00:00,BUY,1575.06,1608.705,1558.2375,1608.705,0.1,335.74999999999983,3364.499999999998,1.9875684475358888,TP,2020Q1,2020,3
1270,24830,2020-03-13 03:30:00,24838,2020-03-13 07:30:00,BUY,1562.54,1589.8228571428572,1548.8985714285714,1589.8228571428572,0.1,272.1285714285721,2728.285714285721,1.9846843092310902,TP,2020Q1,2020,8
1271,24858,2020-03-13 17:30:00,24858,2020-03-13 17:30:00,BUY,1567.18,1552.3,1552.3,1596.94,0.1,-149.50000000000108,-1488.000000000011,-1.0,SL,2020Q1,2020,0
1272,24860,2020-03-13 18:30:00,24860,2020-03-13 18:30:00,BUY,1531.09,1510.770357142857,1510.770357142857,1571.7292857142857,0.1,-203.8964285714298,-2031.964285714298,-1.0,SL,2020Q1,2020,0
1273,24861,2020-03-13 19:00:00,24869,2020-03-16 00:00:00,BUY,1523.14,1568.3007142857143,1500.559642857143,1568.3007142857143,0.1,450.9071428571422,4516.071428571422,1.9907286230113055,TP,2020Q1,2020,8
1274,24893,2020-03-16 12:00:00,24893,2020-03-16 12:00:00,BUY,1526.91,1514.1835714285714,1514.1835714285714,1552.3628571428571,0.1,-127.96428571428642,-1272.6428571428642,-1.0,SL,2020Q1,2020,0
1275,24896,2020-03-16 13:30:00,24896,2020-03-16 13:30:00,BUY,1478.01,1458.962142857143,1458.962142857143,1516.1057142857142,0.1,-191.17857142857082,-1904.7857142857083,-1.0,SL,2020Q1,2020,0
1276,24900,2020-03-16 15:30:00,24903,2020-03-16 17:00:00,BUY,1462.22,1509.3971428571429,1438.6314285714286,1509.3971428571429,0.1,471.07142857142827,4717.714285714283,1.991123724412777,TP,2020Q1,2020,3
1277,24921,2020-03-17 03:00:00,24938,2020-03-17 11:30:00,SELL,1517.03,1474.5864285714285,1538.2517857142857,1474.5864285714285,0.1,423.7357142857143,4244.357142857143,1.9901370414479094,TP,2020Q1,2020,17
1278,24950,2020-03-17 17:30:00,24982,2020-03-18 10:30:00,SELL,1529.99,1492.865,1548.5525,1492.865,0.1,370.55,3712.5,1.988729370723199,TP,2020Q1,2020,32
1279,24985,2020-03-18 12:00:00,24989,2020-03-18 14:00:00,BUY,1494.26,1521.3842857142856,1480.6978571428572,1521.3842857142856,0.1,270.54285714285635,2712.4285714285634,1.98459523185748,TP,2020Q1,2020,4
1280,24996,2020-03-18 17:30:00,25016,2020-03-19 04:30:00,BUY,1494.31,1471.8892857142857,1471.8892857142857,1539.1514285714286,0.1,-224.9071428571421,-2242.071428571421,-1.0,SL,2020Q1,2020,20
1281,25020,2020-03-19 06:30:00,25024,2020-03-19 08:30:00,BUY,1466.65,1494.719285714286,1452.6153571428572,1494.719285714286,0.1,279.992857142858,2806.9285714285797,1.9851112855442739,TP,2020Q1,2020,4
1282,25054,2020-03-20 00:30:00,25070,2020-03-20 08:30:00,BUY,1468.79,1497.0907142857143,1454.639642857143,1497.0907142857143,0.1,282.3071428571432,2830.071428571432,1.9852324384057223,TP,2020Q1,2020,16
1283,25074,2020-03-20 10:30:00,25084,2020-03-20 15:30:00,SELL,1508.48,1488.9392857142857,1518.2503571428572,1488.9392857142857,0.1,194.7071428571433,1954.071428571433,1.9786593111457917,TP,2020Q1,2020,10
1284,25093,2020-03-20 20:00:00,25127,2020-03-23 14:00:00,BUY,1483.57,1509.4214285714286,1470.6442857142856,1509.4214285714286,0.1,257.8142857142864,2585.142857142864,1.9838408266461474,TP,2020Q1,2020,34
1285,25133,2020-03-23 17:00:00,25133,2020-03-23 17:00:00,SELL,1527.93,1539.9032142857143,1539.9032142857143,1503.9835714285714,0.1,-120.43214285714221,-1197.321428571422,-1.0,SL,2020Q1,2020,0
1286,25136,2020-03-23 18:30:00,25137,2020-03-23 19:00:00,SELL,1543.81,1558.0,1558.0,1515.43,0.1,-142.60000000000053,-1419.0000000000055,-1.0,SL,2020Q1,2020,1
1287,25139,2020-03-23 20:00:00,25151,2020-03-24 03:00:00,SELL,1559.37,1575.1414285714284,1575.1414285714284,1527.827142857143,0.1,-158.41428571428486,-1577.1428571428487,-1.0,SL,2020Q1,2020,12
1288,25155,2020-03-24 05:00:00,25165,2020-03-24 10:00:00,SELL,1578.95,1589.984642857143,1589.984642857143,1556.8807142857145,0.1,-111.04642857142899,-1103.4642857142899,-1.0,SL,2020Q1,2020,10
1289,25167,2020-03-24 11:00:00,25169,2020-03-24 12:00:00,SELL,1582.06,1596.6421428571427,1596.6421428571427,1552.8957142857143,0.1,-146.52142857142798,-1458.2142857142799,-1.0,SL,2020Q1,2020,2
1290,25170,2020-03-24 12:30:00,25172,2020-03-24 13:30:00,SELL,1593.28,1609.3182142857142,1609.3182142857142,1561.2035714285716,0.1,-161.08214285714274,-1603.8214285714275,-1.0,SL,2020Q1,2020,2
1291,25173,2020-03-24 14:00:00,25180,2020-03-24 17:30:00,SELL,1596.96,1616.8221428571428,1616.8221428571428,1557.2357142857145,0.1,-199.3214285714277,-1986.2142857142771,-1.0,SL,2020Q1,2020,7
1292,25182,2020-03-24 18:30:00,25302,2020-03-27 09:30:00,SELL,1620.51,1620.79,1644.1371428571429,1573.2557142857142,0.1,-3.4999999999997273,-27.99999999999727,-0.014769713045573956,TIME_EXIT,2020Q1,2020,120
1293,25303,2020-03-27 10:00:00,25304,2020-03-27 10:30:00,BUY,1620.4,1614.957142857143,1614.957142857143,1631.2857142857144,0.1,-55.12857142857065,-544.2857142857065,-1.0,SL,2020Q1,2020,1
1294,25305,2020-03-27 11:00:00,25313,2020-03-27 15:00:00,BUY,1616.47,1627.9557142857143,1610.727142857143,1627.9557142857143,0.1,114.15714285714266,1148.5714285714266,1.9638731875153983,TP,2020Q1,2020,8
1295,25314,2020-03-27 15:30:00,25397,2020-03-31 12:00:00,SELL,1624.72,1604.1271428571429,1635.0164285714286,1604.1271428571429,0.1,205.22857142857157,2059.2857142857156,1.9797423000068903,TP,2020Q1,2020,83
1296,25401,2020-03-31 14:00:00,25407,2020-03-31 17:00:00,BUY,1600.0,1612.9664285714287,1593.5167857142856,1612.9664285714287,0.1,128.96428571428652,1296.642857142865,1.967954656929499,TP,2020Q1,2020,6
1297,25417,2020-03-31 22:00:00,25419,2020-03-31 23:00:00,BUY,1584.29,1574.4714285714285,1574.4714285714285,1603.9271428571428,0.1,-98.88571428571431,-981.8571428571431,-1.0,SL,2020Q1,2020,2
1298,25420,2020-03-31 23:30:00,25440,2020-04-01 10:30:00,BUY,1575.18,1595.1685714285716,1565.1857142857143,1595.1685714285716,0.1,199.18571428571505,1998.8571428571504,1.9791341376863025,TP,2020Q1,2020,20
1299,25450,2020-04-01 15:30:00,25451,2020-04-01 16:00:00,BUY,1585.13,1577.6857142857143,1577.6857142857143,1600.0185714285717,0.1,-75.14285714285798,-744.4285714285797,-1.0,SL,2020Q2,2020,1
1300,25453,2020-04-01 17:00:00,25485,2020-04-02 10:00:00,BUY,1580.8,1598.712142857143,1571.8439285714285,1598.712142857143,0.1,178.42142857142954,1791.2142857142953,1.9767340640208921,TP,2020Q2,2020,32
1301,25486,2020-04-02 10:30:00,25495,2020-04-02 15:00:00,SELL,1593.92,1599.7025,1599.7025,1582.355,0.1,-58.525000000000276,-578.2500000000027,-1.0,SL,2020Q2,2020,9
1302,25497,2020-04-02 16:00:00,25499,2020-04-02 17:00:00,SELL,1601.51,1610.2421428571429,1610.2421428571429,1584.0457142857144,0.1,-88.0214285714289,-873.214285714289,-1.0,SL,2020Q2,2020,2
1303,25500,2020-04-02 17:30:00,25509,2020-04-02 22:00:00,SELL,1609.15,1617.8660714285716,1617.8660714285716,1591.7178571428572,0.1,-87.86071428571468,-871.6071428571468,-1.0,SL,2020Q2,2020,9
1304,25531,2020-04-03 10:00:00,25540,2020-04-03 14:30:00,BUY,1608.53,1617.392857142857,1604.0985714285714,1617.392857142857,0.1,87.92857142857137,886.2857142857138,1.9533481434465247,TP,2020Q2,2020,9
1305,25542,2020-04-03 15:30:00,25555,2020-04-03 22:00:00,SELL,1616.51,1624.0828571428572,1624.0828571428572,1601.3642857142856,0.1,-76.42857142857174,-757.2857142857174,-1.0,SL,2020Q2,2020,13
1306,25556,2020-04-03 22:30:00,25578,2020-04-06 10:30:00,SELL,1621.67,1630.6914285714286,1630.6914285714286,1603.6271428571429,0.1,-90.91428571428487,-902.1428571428487,-1.0,SL,2020Q2,2020,22
1307,25580,2020-04-06 11:30:00,25581,2020-04-06 12:00:00,SELL,1632.15,1637.6550000000002,1637.6550000000002,1621.14,0.1,-55.750000000001094,-550.5000000000109,-1.0,SL,2020Q2,2020,1
1308,25582,2020-04-06 12:30:00,25585,2020-04-06 14:00:00,SELL,1635.42,1641.3632142857143,1641.3632142857143,1623.5335714285716,0.1,-60.13214285714248,-594.3214285714248,-1.0,SL,2020Q2,2020,3
1309,25586,2020-04-06 14:30:00,25590,2020-04-06 16:30:00,SELL,1637.52,1644.6257142857141,1644.6257142857141,1623.3085714285714,0.1,-71.75714285714157,-710.5714285714157,-1.0,SL,2020Q2,2020,4
1310,25592,2020-04-06 17:30:00,25597,2020-04-06 20:00:00,SELL,1646.98,1655.6875,1655.6875,1629.565,0.1,-87.77499999999982,-870.7499999999982,-1.0,SL,2020Q2,2020,5
1311,25598,2020-04-06 20:30:00,25601,2020-04-06 22:00:00,SELL,1650.84,1660.3435714285713,1660.3435714285713,1631.8328571428572,0.1,-95.73571428571377,-950.3571428571377,-1.0,SL,2020Q2,2020,3
1312,25607,2020-04-07 02:00:00,25624,2020-04-07 10:30:00,SELL,1664.67,1646.0700000000002,1673.97,1646.0700000000002,0.1,185.2999999999991,1859.999999999991,1.9775880469583778,TP,2020Q2,2020,17
1313,25626,2020-04-07 11:30:00,25636,2020-04-07 16:30:00,BUY,1655.09,1645.0882142857142,1645.0882142857142,1675.0935714285713,0.1,-100.71785714285689,-1000.1785714285688,-1.0,SL,2020Q2,2020,10
1314,25637,2020-04-07 17:00:00,25727,2020-04-09 16:00:00,BUY,1649.22,1676.2864285714286,1635.6867857142856,1676.2864285714286,0.1,269.9642857142856,2706.642857142856,1.9845624721047908,TP,2020Q2,2020,90
1315,25735,2020-04-09 20:00:00,25771,2020-04-13 15:00:00,SELL,1682.29,1693.5132142857142,1693.5132142857142,1659.8435714285713,0.1,-112.93214285714221,-1122.321428571422,-1.0,SL,2020Q2,2020,36
1316,25772,2020-04-13 15:30:00,25775,2020-04-13 17:00:00,SELL,1689.46,1695.4857142857143,1695.4857142857143,1677.4085714285713,0.1,-60.9571428571423,-602.571428571423,-1.0,SL,2020Q2,2020,3
1317,25782,2020-04-13 20:30:00,25796,2020-04-14 04:30:00,SELL,1714.05,1723.8117857142856,1723.8117857142856,1694.5264285714286,0.1,-98.3178571428568,-976.1785714285679,-1.0,SL,2020Q2,2020,14
1318,25799,2020-04-14 06:00:00,25817,2020-04-14 15:00:00,SELL,1720.28,1727.6160714285713,1727.6160714285713,1705.6078571428573,0.1,-74.06071428571359,-733.6071428571358,-1.0,SL,2020Q2,2020,18
1319,25820,2020-04-14 16:30:00,25821,2020-04-14 17:00:00,SELL,1729.45,1738.369642857143,1738.369642857143,1711.6107142857145,0.1,-89.8964285714289,-891.964285714289,-1.0,SL,2020Q2,2020,1
1320,25823,2020-04-14 18:00:00,25853,2020-04-15 10:00:00,SELL,1731.36,1709.8521428571428,1742.1139285714285,1709.8521428571428,0.1,214.3785714285712,2150.785714285712,1.9805985415910516,TP,2020Q2,2020,30
1321,25855,2020-04-15 11:00:00,25862,2020-04-15 14:30:00,BUY,1710.89,1725.1185714285716,1703.7757142857145,1725.1185714285716,0.1,141.58571428571514,1422.8571428571513,1.9707695366872455,TP,2020Q2,2020,7
1322,25900,2020-04-16 10:30:00,25906,2020-04-16 13:30:00,SELL,1722.49,1727.6789285714285,1727.6789285714285,1712.1121428571428,0.1,-52.589285714285054,-518.8928571428505,-1.0,SL,2020Q2,2020,6
1323,25910,2020-04-16 15:30:00,25911,2020-04-16 16:00:00,SELL,1736.54,1722.5171428571427,1743.5514285714285,1722.5171428571427,0.1,139.5285714285722,1402.285714285722,1.97034496671377,TP,2020Q2,2020,1
1324,25918,2020-04-16 19:30:00,25927,2020-04-17 01:00:00,BUY,1717.27,1705.9375,1705.9375,1739.935,0.1,-114.02499999999982,-1133.2499999999982,-1.0,SL,2020Q2,2020,9
1325,25940,2020-04-17 07:30:00,25942,2020-04-17 08:30:00,BUY,1704.91,1696.5667857142857,1696.5667857142857,1721.5964285714288,0.1,-84.13214285714339,-834.3214285714339,-1.0,SL,2020Q2,2020,2
1326,25944,2020-04-17 09:30:00,25951,2020-04-17 13:00:00,BUY,1694.62,1686.0624999999998,1686.0624999999998,1711.735,0.1,-86.27500000000119,-855.7500000000118,-1.0,SL,2020Q2,2020,7
1327,25952,2020-04-17 13:30:00,25977,2020-04-20 03:00:00,BUY,1685.16,1674.2539285714288,1674.2539285714288,1706.972142857143,0.1,-109.76071428571295,-1090.6071428571295,-1.0,SL,2020Q2,2020,25
1328,25978,2020-04-20 03:30:00,26000,2020-04-20 14:30:00,BUY,1674.84,1687.8707142857143,1668.3246428571429,1687.8707142857143,0.1,129.6071428571434,1303.071428571434,1.9681110689300196,TP,2020Q2,2020,22
1329,26010,2020-04-20 19:30:00,26041,2020-04-21 12:00:00,SELL,1694.67,1675.9050000000002,1704.0525,1675.9050000000002,0.1,186.94999999999874,1876.4999999999873,1.9777836551176937,TP,2020Q2,2020,31
1330,26072,2020-04-22 04:30:00,26084,2020-04-22 10:30:00,SELL,1688.64,1696.7807142857146,1696.7807142857146,1672.3585714285714,0.1,-82.10714285714467,-814.0714285714466,-1.0,SL,2020Q2,2020,12
1331,26085,2020-04-22 11:00:00,26087,2020-04-22 12:00:00,SELL,1692.13,1699.249642857143,1699.249642857143,1677.8907142857142,0.1,-71.89642857142935,-711.9642857142935,-1.0,SL,2020Q2,2020,2
1332,26095,2020-04-22 16:00:00,26103,2020-04-22 20:00:00,SELL,1705.65,1715.6582142857144,1715.6582142857144,1685.6335714285715,0.1,-100.78214285714303,-1000.8214285714303,-1.0,SL,2020Q2,2020,8
1333,26104,2020-04-22 20:30:00,26131,2020-04-23 11:00:00,SELL,1713.2,1722.4207142857142,1722.4207142857142,1694.7585714285717,0.1,-92.90714285714166,-922.0714285714166,-1.0,SL,2020Q2,2020,27
1334,26133,2020-04-23 12:00:00,26138,2020-04-23 14:30:00,SELL,1725.61,1732.170357142857,1732.170357142857,1712.4892857142856,0.1,-66.30357142857129,-656.0357142857129,-1.0,SL,2020Q2,2020,5
1335,26139,2020-04-23 15:00:00,26143,2020-04-23 17:00:00,SELL,1727.8,1735.0182142857143,1735.0182142857143,1713.3635714285713,0.1,-72.88214285714339,-721.8214285714339,-1.0,SL,2020Q2,2020,4
1336,26146,2020-04-23 18:30:00,26189,2020-04-24 17:00:00,SELL,1733.38,1717.2807142857146,1741.4296428571429,1717.2807142857146,0.1,160.29285714285544,1609.9285714285543,1.9741367934902132,TP,2020Q2,2020,43
1337,26190,2020-04-24 17:30:00,26191,2020-04-24 18:00:00,BUY,1724.31,1716.5839285714285,1716.5839285714285,1739.7621428571426,0.1,-77.96071428571459,-772.6071428571458,-1.0,SL,2020Q2,2020,1
1338,26192,2020-04-24 18:30:00,26235,2020-04-27 17:00:00,BUY,1716.08,1707.3917857142856,1707.3917857142856,1733.4564285714284,0.1,-87.58214285714367,-868.8214285714366,-1.0,SL,2020Q2,2020,43
1339,26254,2020-04-28 03:30:00,26256,2020-04-28 04:30:00,BUY,1706.73,1701.6675,1701.6675,1716.855,0.1,-51.325,-506.25,-1.0,SL,2020Q2,2020,2
1340,26257,2020-04-28 05:00:00,26260,2020-04-28 06:30:00,BUY,1703.87,1698.3242857142857,1698.3242857142857,1714.9614285714283,0.1,-56.15714285714212,-554.5714285714212,-1.0,SL,2020Q2,2020,3
1341,26272,2020-04-28 12:30:00,26280,2020-04-28 16:30:00,SELL,1711.28,1697.5164285714284,1718.1617857142858,1697.5164285714284,0.1,136.93571428571596,1376.3571428571595,1.9697919342409458,TP,2020Q2,2020,8
1342,26282,2020-04-28 17:30:00,26357,2020-04-30 09:00:00,BUY,1700.16,1719.2057142857143,1690.6371428571429,1719.2057142857143,0.1,189.75714285714213,1904.5714285714212,1.9781087118391425,TP,2020Q2,2020,75
1343,26359,2020-04-30 10:00:00,26370,2020-04-30 15:30:00,SELL,1717.35,1707.7071428571428,1722.1714285714284,1707.7071428571428,0.1,95.7285714285711,964.285714285711,1.957067757009391,TP,2020Q2,2020,11
1344,26387,2020-05-01 01:00:00,26402,2020-05-01 08:30:00,BUY,1684.92,1674.9117857142858,1674.9117857142858,1704.9364285714287,0.1,-100.78214285714303,-1000.8214285714303,-1.0,SL,2020Q2,2020,15
1345,26404,2020-05-01 09:30:00,26418,2020-05-01 16:30:00,BUY,1674.97,1687.932142857143,1668.4889285714285,1687.932142857143,0.1,128.9214285714291,1296.2142857142908,1.9679441748895696,TP,2020Q2,2020,14
1346,26423,2020-05-01 19:00:00,26450,2020-05-04 09:30:00,SELL,1695.73,1705.4789285714285,1705.4789285714285,1676.232142857143,0.1,-98.18928571428451,-974.8928571428451,-1.0,SL,2020Q2,2020,27
1347,26452,2020-05-04 10:30:00,26457,2020-05-04 13:00:00,SELL,1704.35,1709.582857142857,1709.582857142857,1693.8842857142856,0.1,-53.02857142857029,-523.2857142857029,-1.0,SL,2020Q2,2020,5
1348,26458,2020-05-04 13:30:00,26497,2020-05-05 10:00:00,SELL,1707.27,1695.5614285714285,1713.1242857142856,1695.5614285714285,0.1,116.38571428571531,1170.8571428571531,1.9645526886906577,TP,2020Q2,2020,39
1349,26500,2020-05-05 11:30:00,26510,2020-05-05 16:30:00,SELL,1699.5,1704.7157142857143,1704.7157142857143,1689.0685714285714,0.1,-52.85714285714285,-521.5714285714284,-1.0,SL,2020Q2,2020,10
1350,26521,2020-05-05 22:00:00,26555,2020-05-06 16:00:00,SELL,1707.32,1692.2471428571428,1714.8564285714285,1692.2471428571428,0.1,150.02857142857175,1507.2857142857174,1.9723917738754815,TP,2020Q2,2020,34
1351,26559,2020-05-06 18:00:00,26606,2020-05-07 18:30:00,BUY,1689.25,1705.1971428571428,1681.2764285714286,1705.1971428571428,0.1,158.7714285714281,1594.7142857142808,1.9738921942989078,TP,2020Q2,2020,47
1352,26611,2020-05-07 21:00:00,26657,2020-05-08 21:00:00,SELL,1719.54,1704.645,1726.9875,1704.645,0.1,148.24999999999983,1489.4999999999982,1.9720651812437646,TP,2020Q2,2020,46
1353,26664,2020-05-11 01:30:00,26687,2020-05-11 13:00:00,BUY,1704.33,1697.1899999999998,1697.1899999999998,1718.61,0.1,-72.100000000001,-714.00000000001,-1.0,SL,2020Q2,2020,23
1354,26698,2020-05-11 18:30:00,26784,2020-05-13 15:30:00,BUY,1697.07,1712.31,1689.4499999999998,1712.31,0.1,151.7000000000001,1524.000000000001,1.9726918075422335,TP,2020Q2,2020,86
1355,26786,2020-05-13 16:30:00,26789,2020-05-13 18:00:00,SELL,1709.62,1715.2546428571427,1715.2546428571427,1698.3507142857143,0.1,-57.04642857142808,-563.4642857142808,-1.0,SL,2020Q2,2020,3
1356,26799,2020-05-13 23:00:00,26832,2020-05-14 16:30:00,SELL,1717.18,1724.3275,1724.3275,1702.8850000000002,0.1,-72.17500000000037,-714.7500000000036,-1.0,SL,2020Q2,2020,33
1357,26834,2020-05-14 17:30:00,26837,2020-05-14 19:00:00,SELL,1729.46,1736.5732142857144,1736.5732142857144,1715.2335714285714,0.1,-71.83214285714321,-711.3214285714321,-1.0,SL,2020Q2,2020,3
1358,26878,2020-05-15 16:30:00,26883,2020-05-15 19:00:00,SELL,1743.17,1749.4025,1749.4025,1730.7050000000002,0.1,-63.02499999999846,-623.2499999999845,-1.0,SL,2020Q2,2020,5
1359,26884,2020-05-15 19:30:00,26896,2020-05-18 02:30:00,SELL,1747.85,1755.9189285714285,1755.9189285714285,1731.712142857143,0.1,-81.38928571428615,-806.8928571428614,-1.0,SL,2020Q2,2020,12
1360,26914,2020-05-18 11:30:00,26921,2020-05-18 15:00:00,SELL,1763.7,1754.3935714285715,1768.3532142857143,1754.3935714285715,0.1,92.36428571428569,930.6428571428569,1.9555387523629488,TP,2020Q2,2020,7
1361,26949,2020-05-19 06:00:00,26956,2020-05-19 09:30:00,SELL,1737.08,1728.0692857142856,1741.5853571428572,1728.0692857142856,0.1,89.40714285714357,901.0714285714357,1.954101943642134,TP,2020Q2,2020,7
1362,26971,2020-05-19 17:00:00,26971,2020-05-19 17:00:00,SELL,1738.17,1744.1067857142857,1744.1067857142857,1726.2964285714286,0.1,-60.06785714285634,-593.6785714285634,-1.0,SL,2020Q2,2020,0
1363,26973,2020-05-19 18:00:00,26992,2020-05-20 04:30:00,SELL,1743.97,1750.4928571428572,1750.4928571428572,1730.9242857142858,0.1,-65.9285714285722,-652.285714285722,-1.0,SL,2020Q2,2020,19
1364,27014,2020-05-20 15:30:00,27040,2020-05-21 05:30:00,SELL,1750.31,1740.1978571428572,1755.3660714285713,1740.1978571428572,0.1,100.42142857142771,1011.2142857142771,1.9590329547829717,TP,2020Q2,2020,26
1365,27048,2020-05-21 09:30:00,27051,2020-05-21 11:00:00,BUY,1738.26,1734.0310714285715,1734.0310714285715,1746.7178571428572,0.1,-42.98928571428469,-422.8928571428469,-1.0,SL,2020Q2,2020,3
1366,27053,2020-05-21 12:00:00,27063,2020-05-21 17:00:00,BUY,1734.31,1729.282857142857,1729.282857142857,1744.3642857142856,0.1,-50.97142857142963,-502.71428571429624,-1.0,SL,2020Q2,2020,10
1367,27096,2020-05-22 10:30:00,27098,2020-05-22 11:30:00,SELL,1734.77,1738.9496428571429,1738.9496428571429,1726.4107142857144,0.1,-42.49642857142881,-417.96428571428805,-1.0,SL,2020Q2,2020,2
1368,27099,2020-05-22 12:00:00,27129,2020-05-25 04:00:00,SELL,1736.54,1727.1585714285713,1741.2307142857142,1727.1585714285713,0.1,93.11428571428614,938.1428571428614,1.9558889722431074,TP,2020Q2,2020,30
1369,27155,2020-05-25 17:00:00,27170,2020-05-26 05:30:00,BUY,1726.09,1733.534285714286,1722.367857142857,1733.534285714286,0.1,73.74285714286025,744.4285714286025,1.9446223394236806,TP,2020Q2,2020,15
1370,27173,2020-05-26 07:00:00,27179,2020-05-26 10:00:00,SELL,1734.98,1727.7092857142857,1738.6153571428572,1727.7092857142857,0.1,72.00714285714348,727.0714285714348,1.9433253012048195,TP,2020Q2,2020,6
1371,27186,2020-05-26 13:30:00,27192,2020-05-26 16:30:00,BUY,1724.96,1720.5253571428573,1720.5253571428573,1733.8292857142856,0.1,-45.046428571427626,-443.46428571427623,-1.0,SL,2020Q2,2020,6
1372,27194,2020-05-26 17:30:00,27194,2020-05-26 17:30:00,BUY,1718.01,1711.2214285714285,1711.2214285714285,1731.587142857143,0.1,-68.58571428571459,-678.8571428571458,-1.0,SL,2020Q2,2020,0
1373,27196,2020-05-26 18:30:00,27219,2020-05-27 07:00:00,BUY,1712.84,1705.2575,1705.2575,1728.0049999999999,0.1,-76.52499999999982,-758.2499999999982,-1.0,SL,2020Q2,2020,23
1374,27229,2020-05-27 12:00:00,27234,2020-05-27 14:30:00,BUY,1705.61,1701.1485714285714,1701.1485714285714,1714.5328571428572,0.1,-45.31428571428542,-446.14285714285415,-1.0,SL,2020Q2,2020,5
1375,27239,2020-05-27 17:00:00,27245,2020-05-27 20:00:00,BUY,1700.42,1712.4200000000003,1694.42,1712.4200000000003,0.1,119.30000000000227,1200.0000000000227,1.9654036243822448,TP,2020Q2,2020,6
1376,27247,2020-05-27 21:00:00,27271,2020-05-28 10:00:00,SELL,1713.08,1720.7535714285714,1720.7535714285714,1697.732857142857,0.1,-77.4357142857145,-767.3571428571449,-1.0,SL,2020Q2,2020,24
1377,27272,2020-05-28 10:30:00,27276,2020-05-28 12:30:00,SELL,1719.93,1723.850357142857,1723.850357142857,1712.089285714286,0.1,-39.90357142857029,-392.03571428570285,-1.0,SL,2020Q2,2020,4
1378,27280,2020-05-28 14:30:00,27284,2020-05-28 16:30:00,SELL,1722.43,1726.7457142857143,1726.7457142857143,1713.7985714285714,0.1,-43.85714285714194,-431.57142857141935,-1.0,SL,2020Q2,2020,4
1379,27285,2020-05-28 17:00:00,27324,2020-05-29 13:30:00,SELL,1721.96,1727.5817857142858,1727.5817857142858,1710.7164285714284,0.1,-56.91785714285807,-562.1785714285807,-1.0,SL,2020Q2,2020,39
1380,27329,2020-05-29 16:00:00,27334,2020-05-29 18:30:00,SELL,1730.61,1735.74,1735.74,1720.35,0.1,-52.000000000001094,-513.0000000000109,-1.0,SL,2020Q2,2020,5
1381,27335,2020-05-29 19:00:00,27354,2020-06-01 05:30:00,SELL,1735.15,1740.5489285714286,1740.5489285714286,1724.352142857143,0.1,-54.68928571428542,-539.8928571428542,-1.0,SL,2020Q2,2020,19
1382,27355,2020-06-01 06:00:00,27360,2020-06-01 08:30:00,SELL,1738.82,1744.5971428571427,1744.5971428571427,1727.2657142857142,0.1,-58.47142857142735,-577.7142857142735,-1.0,SL,2020Q2,2020,5
1383,27373,2020-06-01 15:00:00,27375,2020-06-01 16:00:00,BUY,1734.61,1729.7189285714285,1729.7189285714285,1744.3921428571427,0.1,-49.610714285714224,-489.1071428571422,-1.0,SL,2020Q2,2020,2
1384,27376,2020-06-01 16:30:00,27377,2020-06-01 17:00:00,BUY,1733.14,1727.5557142857144,1727.5557142857144,1744.3085714285714,0.1,-56.542857142856704,-558.428571428567,-1.0,SL,2020Q2,2020,1
1385,27378,2020-06-01 17:30:00,27426,2020-06-02 18:30:00,BUY,1734.79,1728.4192857142857,1728.4192857142857,1747.5314285714285,0.1,-64.40714285714257,-637.0714285714257,-1.0,SL,2020Q2,2020,48
1386,27429,2020-06-02 20:00:00,27457,2020-06-03 11:00:00,BUY,1724.94,1717.982142857143,1717.982142857143,1738.8557142857144,0.1,-70.27857142857165,-695.7857142857165,-1.0,SL,2020Q2,2020,28
1387,27459,2020-06-03 12:00:00,27466,2020-06-03 15:30:00,BUY,1717.55,1712.8935714285715,1712.8935714285715,1726.8628571428571,0.1,-47.26428571428478,-465.6428571428478,-1.0,SL,2020Q2,2020,7
1388,27471,2020-06-03 18:00:00,27508,2020-06-04 13:30:00,BUY,1694.0,1712.3000000000002,1684.85,1712.3000000000002,0.1,182.30000000000183,1830.0000000000182,1.9772234273318874,TP,2020Q2,2020,37
1389,27553,2020-06-05 13:00:00,27553,2020-06-05 13:00:00,BUY,1707.88,1703.0264285714286,1703.0264285714286,1717.587142857143,0.1,-49.23571428571513,-485.3571428571513,-1.0,SL,2020Q2,2020,0
1390,27560,2020-06-05 16:30:00,27560,2020-06-05 16:30:00,BUY,1687.26,1678.7625,1678.7625,1704.2549999999999,0.1,-85.67499999999946,-849.7499999999945,-1.0,SL,2020Q2,2020,0
1391,27561,2020-06-05 17:00:00,27562,2020-06-05 17:30:00,BUY,1680.34,1671.262857142857,1671.262857142857,1698.4942857142855,0.1,-91.47142857142917,-907.7142857142917,-1.0,SL,2020Q2,2020,1
1392,27584,2020-06-08 05:30:00,27591,2020-06-08 09:00:00,SELL,1687.15,1692.5607142857143,1692.5607142857143,1676.3285714285714,0.1,-54.80714285714221,-541.0714285714221,-1.0,SL,2020Q2,2020,7
1393,27593,2020-06-08 10:00:00,27595,2020-06-08 11:00:00,SELL,1692.68,1697.0460714285714,1697.0460714285714,1683.9478571428572,0.1,-44.360714285713314,-436.6071428571331,-1.0,SL,2020Q2,2020,2
1394,27596,2020-06-08 11:30:00,27606,2020-06-08 16:30:00,SELL,1694.64,1686.574285714286,1698.6728571428573,1686.574285714286,0.1,79.95714285714193,806.5714285714193,1.948816155988803,TP,2020Q2,2020,10
1395,27607,2020-06-08 17:00:00,27627,2020-06-09 04:00:00,BUY,1690.37,1701.060714285714,1685.0246428571427,1701.060714285714,0.1,106.20714285714193,1069.0714285714193,1.9612213941831675,TP,2020Q2,2020,20
1396,27629,2020-06-09 05:00:00,27641,2020-06-09 11:00:00,SELL,1698.11,1702.705357142857,1702.705357142857,1688.9192857142857,0.1,-46.65357142857211,-459.53571428572104,-1.0,SL,2020Q2,2020,12
1397,27645,2020-06-09 13:00:00,27650,2020-06-09 15:30:00,SELL,1708.74,1714.2128571428573,1714.2128571428573,1697.7942857142857,0.1,-55.42857142857265,-547.2857142857265,-1.0,SL,2020Q2,2020,5
1398,27683,2020-06-10 09:00:00,27693,2020-06-10 14:00:00,SELL,1717.66,1721.3060714285714,1721.3060714285714,1710.3678571428572,0.1,-37.16071428571304,-364.6071428571304,-1.0,SL,2020Q2,2020,10
1399,27696,2020-06-10 15:30:00,27699,2020-06-10 17:00:00,SELL,1722.74,1727.03,1727.03,1714.16,0.1,-43.59999999999964,-428.99999999999636,-1.0,SL,2020Q2,2020,3
1400,27702,2020-06-10 18:30:00,27707,2020-06-10 21:00:00,BUY,1716.01,1710.3625,1710.3625,1727.3049999999998,0.1,-57.17500000000037,-564.7500000000036,-1.0,SL_AMBIGUOUS_PESSIMISTIC,2020Q2,2020,5
1401,27708,2020-06-10 21:30:00,27746,2020-06-11 17:30:00,BUY,1727.57,1743.6435714285712,1719.5332142857142,1743.6435714285712,0.1,160.03571428571314,1607.3571428571313,1.9740957751442516,TP,2020Q2,2020,38
1402,27748,2020-06-11 18:30:00,27750,2020-06-11 19:30:00,SELL,1743.42,1728.6964285714287,1750.7817857142857,1728.6964285714287,0.1,146.53571428571405,1472.3571428571404,1.971742995819147,TP,2020Q2,2020,2
1403,27764,2020-06-12 03:30:00,27790,2020-06-12 16:30:00,BUY,1727.71,1741.2742857142855,1720.9278571428572,1741.2742857142855,0.1,134.94285714285462,1356.428571428546,1.9693526529760952,TP,2020Q2,2020,26
1404,27799,2020-06-12 21:00:00,27820,2020-06-15 08:30:00,BUY,1732.82,1726.1867857142856,1726.1867857142856,1746.0864285714285,0.1,-67.03214285714303,-663.3214285714303,-1.0,SL,2020Q2,2020,21
1405,27822,2020-06-15 09:30:00,27823,2020-06-15 10:00:00,BUY,1721.19,1717.149642857143,1717.149642857143,1729.2707142857143,0.1,-41.10357142857147,-404.0357142857147,-1.0,SL,2020Q2,2020,1
1406,27837,2020-06-15 17:00:00,27844,2020-06-15 20:30:00,BUY,1708.52,1723.6785714285713,1700.9407142857142,1723.6785714285713,0.1,150.8857142857135,1515.857142857135,1.9725464562517214,TP,2020Q2,2020,7
1407,27845,2020-06-15 21:00:00,27858,2020-06-16 04:30:00,SELL,1722.38,1729.0453571428573,1729.0453571428573,1709.0492857142858,0.1,-67.35357142857147,-666.5357142857147,-1.0,SL,2020Q2,2020,13
1408,27861,2020-06-16 06:00:00,27880,2020-06-16 15:30:00,SELL,1729.62,1721.262857142857,1733.7985714285712,1721.262857142857,0.1,82.8714285714289,835.714285714289,1.950571620712897,TP,2020Q2,2020,19
1409,27881,2020-06-16 16:00:00,27881,2020-06-16 16:00:00,BUY,1726.48,1719.1975,1719.1975,1741.045,0.1,-73.52500000000028,-728.2500000000027,-1.0,SL,2020Q2,2020,0
1410,27882,2020-06-16 16:30:00,27920,2020-06-17 12:30:00,BUY,1721.88,1714.1850000000002,1714.1850000000002,1737.27,0.1,-77.64999999999937,-769.4999999999936,-1.0,SL,2020Q2,2020,38
1411,27941,2020-06-17 23:00:00,27964,2020-06-18 11:30:00,SELL,1728.79,1732.8357142857142,1732.8357142857142,1720.6985714285713,0.1,-41.15714285714212,-404.57142857142117,-1.0,SL,2020Q2,2020,23
1412,27967,2020-06-18 13:00:00,27970,2020-06-18 14:30:00,BUY,1726.04,1720.9142857142856,1720.9142857142856,1736.2914285714285,0.1,-51.957142857143666,-512.5714285714366,-1.0,SL,2020Q2,2020,3
1413,27971,2020-06-18 15:00:00,28017,2020-06-19 15:00:00,BUY,1722.0,1735.5364285714286,1715.2317857142857,1735.5364285714286,0.1,134.66428571428588,1353.6428571428587,1.9692902282341882,TP,2020Q2,2020,46
1414,28018,2020-06-19 15:30:00,28021,2020-06-19 17:00:00,SELL,1733.98,1737.9775,1737.9775,1725.985,0.1,-40.67499999999946,-399.74999999999454,-1.0,SL,2020Q2,2020,3
1415,28022,2020-06-19 17:30:00,28023,2020-06-19 18:00:00,SELL,1736.52,1741.3360714285714,1741.3360714285714,1726.887857142857,0.1,-48.86071428571377,-481.60714285713766,-1.0,SL,2020Q2,2020,1
1416,28040,2020-06-22 03:30:00,28042,2020-06-22 04:30:00,SELL,1749.64,1754.2289285714287,1754.2289285714287,1740.4621428571431,0.1,-46.589285714285964,-458.8928571428596,-1.0,SL,2020Q2,2020,2
1417,28068,2020-06-22 17:30:00,28111,2020-06-23 16:00:00,SELL,1759.97,1766.474642857143,1766.474642857143,1746.9607142857142,0.1,-65.74642857142926,-650.4642857142926,-1.0,SL,2020Q2,2020,43
1418,28114,2020-06-23 17:30:00,28131,2020-06-24 03:00:00,SELL,1766.78,1772.3567857142857,1772.3567857142857,1755.6264285714285,0.1,-56.46785714285734,-557.6785714285734,-1.0,SL,2020Q2,2020,17
1419,28145,2020-06-24 10:00:00,28151,2020-06-24 13:00:00,BUY,1770.16,1779.175,1765.6525000000001,1779.175,0.1,89.44999999999872,901.4999999999873,1.9541234298197698,TP,2020Q2,2020,6
1420,28152,2020-06-24 13:30:00,28156,2020-06-24 15:30:00,SELL,1776.78,1768.0585714285714,1781.1407142857142,1768.0585714285714,0.1,86.51428571428532,872.1428571428532,1.9526035789134286,TP,2020Q2,2020,4
1421,28157,2020-06-24 16:00:00,28173,2020-06-25 01:00:00,BUY,1766.71,1760.3189285714286,1760.3189285714286,1779.4921428571429,0.1,-64.61071428571422,-639.1071428571422,-1.0,SL,2020Q2,2020,16
1422,28174,2020-06-25 01:30:00,28249,2020-06-26 16:00:00,BUY,1762.66,1755.349642857143,1755.349642857143,1777.2807142857143,0.1,-73.80357142857129,-731.0357142857129,-1.0,SL,2020Q2,2020,75
1423,28252,2020-06-26 17:30:00,28253,2020-06-26 18:00:00,BUY,1752.6,1763.4257142857143,1747.1871428571426,1763.4257142857143,0.1,107.55714285714411,1082.5714285714412,1.9616988014590528,TP,2020Q2,2020,1
1424,28255,2020-06-26 19:00:00,28265,2020-06-29 01:00:00,SELL,1766.65,1773.4150000000002,1773.4150000000002,1753.12,0.1,-68.350000000001,-676.50000000001,-1.0,SL,2020Q2,2020,10
1425,28266,2020-06-29 01:30:00,28344,2020-06-30 17:30:00,SELL,1771.27,1776.9817857142857,1776.9817857142857,1759.8464285714285,0.1,-57.81785714285725,-571.1785714285725,-1.0,SL,2020Q2,2020,78
1426,28346,2020-06-30 18:30:00,28388,2020-07-01 16:30:00,SELL,1783.53,1772.0764285714286,1789.2567857142858,1772.0764285714286,0.1,113.83571428571422,1145.3571428571422,1.9637730269237492,TP,2020Q2,2020,42
1427,28390,2020-07-01 17:30:00,28433,2020-07-02 16:00:00,BUY,1765.6,1757.887857142857,1757.887857142857,1781.0242857142857,0.1,-77.82142857142908,-771.2142857142908,-1.0,SL,2020Q3,2020,43
1428,28434,2020-07-02 16:30:00,28437,2020-07-02 18:00:00,BUY,1767.93,1779.0321428571428,1762.3789285714286,1779.0321428571428,0.1,110.3214285714278,1110.214285714278,1.9626405743693607,TP,2020Q3,2020,3
1429,28438,2020-07-02 18:30:00,28516,2020-07-06 15:30:00,SELL,1777.81,1784.6446428571428,1784.6446428571428,1764.1407142857142,0.1,-69.04642857142854,-683.4642857142853,-1.0,SL,2020Q3,2020,78
1430,28519,2020-07-06 17:00:00,28519,2020-07-06 17:00:00,SELL,1782.44,1786.3967857142857,1786.3967857142857,1774.5264285714286,0.1,-40.26785714285616,-395.67857142856155,-1.0,SL,2020Q3,2020,0
1431,28540,2020-07-07 04:30:00,28553,2020-07-07 11:00:00,SELL,1784.71,1779.192142857143,1787.4689285714285,1779.192142857143,0.1,54.4785714285711,551.785714285711,1.9257669486176756,TP,2020Q3,2020,13
1432,28555,2020-07-07 12:00:00,28556,2020-07-07 12:30:00,BUY,1778.11,1774.9578571428572,1774.9578571428572,1784.4142857142856,0.1,-32.22142857142735,-315.2142857142735,-1.0,SL,2020Q3,2020,1
1433,28557,2020-07-07 13:00:00,28564,2020-07-07 16:30:00,BUY,1776.91,1783.837857142857,1773.4460714285715,1783.837857142857,0.1,68.57857142856965,692.7857142856965,1.940576048509284,TP,2020Q3,2020,7
1434,28565,2020-07-07 17:00:00,28565,2020-07-07 17:00:00,SELL,1785.07,1789.5721428571428,1789.5721428571428,1776.0657142857144,0.1,-45.72142857142872,-450.21428571428714,-1.0,SL,2020Q3,2020,0
1435,28567,2020-07-07 18:00:00,28599,2020-07-08 11:00:00,SELL,1793.91,1799.5028571428572,1799.5028571428572,1782.724285714286,0.1,-56.62857142857156,-559.2857142857156,-1.0,SL,2020Q3,2020,32
1436,28605,2020-07-08 14:00:00,28609,2020-07-08 16:00:00,SELL,1802.61,1806.3525,1806.3525,1795.125,0.1,-38.12500000000064,-374.25000000000637,-1.0,SL,2020Q3,2020,4
1437,28611,2020-07-08 17:00:00,28611,2020-07-08 17:00:00,SELL,1810.59,1816.1110714285712,1816.1110714285712,1799.547857142857,0.1,-55.91071428571304,-552.1071428571304,-1.0,SL,2020Q3,2020,0
1438,28631,2020-07-09 04:00:00,28640,2020-07-09 08:30:00,BUY,1807.09,1812.7792857142856,1804.245357142857,1812.7792857142856,0.1,56.19285714285688,568.9285714285688,1.9279500061266999,TP,2020Q3,2020,9
1439,28641,2020-07-09 09:00:00,28642,2020-07-09 09:30:00,SELL,1811.3,1814.0075,1814.0075,1805.885,0.1,-27.774999999999817,-270.7499999999982,-1.0,SL,2020Q3,2020,1
1440,28644,2020-07-09 10:30:00,28646,2020-07-09 11:30:00,SELL,1812.37,1815.5521428571428,1815.5521428571428,1806.0057142857142,0.1,-32.521428571429354,-318.2142857142935,-1.0,SL,2020Q3,2020,2
1441,28647,2020-07-09 12:00:00,28650,2020-07-09 13:30:00,SELL,1814.51,1808.2228571428573,1817.6535714285715,1808.2228571428573,0.1,62.171428571427256,628.7142857142726,1.9346521449210234,TP,2020Q3,2020,3
1442,28651,2020-07-09 14:00:00,28659,2020-07-09 18:00:00,BUY,1808.59,1804.5067857142858,1804.5067857142858,1816.7564285714284,0.1,-41.53214285714121,-408.32142857141207,-1.0,SL,2020Q3,2020,8
1443,28696,2020-07-10 13:30:00,28700,2020-07-10 15:30:00,SELL,1806.04,1809.4203571428573,1809.4203571428573,1799.2792857142856,0.1,-34.503571428572926,-338.0357142857292,-1.0,SL,2020Q3,2020,4
1444,28701,2020-07-10 16:00:00,28705,2020-07-10 18:00:00,SELL,1807.41,1799.5178571428573,1811.3560714285716,1799.5178571428573,0.1,78.22142857142744,789.2142857142744,1.947710093374777,TP,2020Q3,2020,4
1445,28728,2020-07-13 06:30:00,28732,2020-07-13 08:30:00,SELL,1804.38,1806.902142857143,1806.902142857143,1799.3357142857144,0.1,-25.92142857142853,-252.21428571428532,-1.0,SL,2020Q3,2020,4
1446,28734,2020-07-13 09:30:00,28739,2020-07-13 12:00:00,SELL,1806.98,1809.6617857142858,1809.6617857142858,1801.6164285714285,0.1,-27.51785714285752,-268.1785714285752,-1.0,SL,2020Q3,2020,5
1447,28749,2020-07-13 17:00:00,28760,2020-07-13 22:30:00,SELL,1809.52,1801.0707142857143,1813.744642857143,1801.0707142857143,0.1,83.79285714285679,844.9285714285679,1.951101871101819,TP,2020Q3,2020,11
1448,28761,2020-07-13 23:00:00,28769,2020-07-14 04:00:00,BUY,1802.52,1796.442857142857,1796.442857142857,1814.6742857142858,0.1,-61.47142857142917,-607.7142857142917,-1.0,SL,2020Q3,2020,8
1449,28770,2020-07-14 04:30:00,28787,2020-07-14 13:00:00,BUY,1798.19,1793.9032142857143,1793.9032142857143,1806.7635714285716,0.1,-43.567857142857704,-428.678571428577,-1.0,SL,2020Q3,2020,17
1450,28793,2020-07-14 16:00:00,28796,2020-07-14 17:30:00,SELL,1801.52,1807.4396428571429,1807.4396428571429,1789.6807142857144,0.1,-59.8964285714289,-591.964285714289,-1.0,SL,2020Q3,2020,3
1451,28802,2020-07-14 20:30:00,28893,2020-07-16 20:00:00,SELL,1809.44,1797.3564285714285,1815.4817857142857,1797.3564285714285,0.1,120.13571428571531,1208.3571428571531,1.9656401566061257,TP,2020Q3,2020,91
1452,28895,2020-07-16 21:00:00,28929,2020-07-17 15:00:00,BUY,1797.52,1806.9592857142857,1792.8003571428571,1806.9592857142857,0.1,93.69285714285688,943.9285714285688,1.9561553948251433,TP,2020Q3,2020,34
1453,28931,2020-07-17 16:00:00,28931,2020-07-17 16:00:00,SELL,1805.4,1807.832142857143,1807.832142857143,1800.5357142857144,0.1,-25.02142857142935,-243.2142857142935,-1.0,SL,2020Q3,2020,0
1454,28935,2020-07-17 18:00:00,28968,2020-07-20 11:30:00,SELL,1808.73,1812.0535714285716,1812.0535714285716,1802.0828571428572,0.1,-33.935714285715406,-332.35714285715403,-1.0,SL,2020Q3,2020,33
1455,28970,2020-07-20 12:30:00,28974,2020-07-20 14:30:00,SELL,1811.22,1813.77,1813.77,1806.12,0.1,-26.199999999999545,-254.99999999999545,-1.0,SL,2020Q3,2020,4
1456,28976,2020-07-20 15:30:00,28976,2020-07-20 15:30:00,SELL,1815.1,1818.2071428571428,1818.2071428571428,1808.8857142857141,0.1,-31.771428571428896,-310.71428571428896,-1.0,SL,2020Q3,2020,0
1457,28977,2020-07-20 16:00:00,28978,2020-07-20 16:30:00,SELL,1814.08,1817.4978571428571,1817.4978571428571,1807.2442857142855,0.1,-34.878571428572016,-341.78571428572013,-1.0,SL,2020Q3,2020,1
1458,28981,2020-07-20 18:00:00,29010,2020-07-21 09:30:00,SELL,1817.24,1821.2203571428572,1821.2203571428572,1809.2792857142856,0.1,-40.503571428572016,-398.03571428572013,-1.0,SL,2020Q3,2020,29
1459,29012,2020-07-21 10:30:00,29017,2020-07-21 13:00:00,SELL,1822.28,1825.3046428571429,1825.3046428571429,1816.2307142857142,0.1,-30.946428571429077,-302.4642857142908,-1.0,SL,2020Q3,2020,5
1460,29019,2020-07-21 14:00:00,29021,2020-07-21 15:00:00,SELL,1826.24,1829.6171428571429,1829.6171428571429,1819.4857142857143,0.1,-34.47142857142872,-337.71428571428714,-1.0,SL,2020Q3,2020,2
1461,29033,2020-07-21 21:00:00,29045,2020-07-22 04:00:00,SELL,1842.7,1848.514642857143,1848.514642857143,1831.0707142857143,0.1,-58.84642857142872,-581.4642857142871,-1.0,SL,2020Q3,2020,12
1462,29068,2020-07-22 15:30:00,29075,2020-07-22 19:00:00,SELL,1858.08,1865.4342857142856,1865.4342857142856,1843.3714285714284,0.1,-74.24285714285652,-735.4285714285652,-1.0,SL,2020Q3,2020,7
1463,29090,2020-07-23 03:30:00,29102,2020-07-23 09:30:00,SELL,1870.21,1875.5939285714287,1875.5939285714287,1859.4421428571427,0.1,-54.53928571428669,-538.3928571428669,-1.0,SL,2020Q3,2020,12
1464,29119,2020-07-23 18:00:00,29120,2020-07-23 18:30:00,SELL,1886.21,1894.8435714285715,1894.8435714285715,1868.9428571428573,0.1,-87.03571428571486,-863.3571428571486,-1.0,SL,2020Q3,2020,1
1465,29152,2020-07-24 11:30:00,29161,2020-07-24 16:00:00,SELL,1893.28,1899.4685714285713,1899.4685714285713,1880.902857142857,0.1,-62.58571428571322,-618.8571428571322,-1.0,SL,2020Q3,2020,9
1466,29204,2020-07-27 14:30:00,29224,2020-07-28 01:30:00,SELL,1942.84,1949.7657142857142,1949.7657142857142,1928.9885714285713,0.1,-69.95714285714321,-692.5714285714321,-1.0,SL,2020Q3,2020,20
1467,29228,2020-07-28 03:30:00,29229,2020-07-28 04:00:00,SELL,1963.93,1972.2882142857145,1972.2882142857145,1947.2135714285714,0.1,-84.2821428571444,-835.8214285714439,-1.0,SL,2020Q3,2020,1
1468,29256,2020-07-28 17:30:00,29266,2020-07-28 22:30:00,SELL,1945.52,1960.7042857142858,1960.7042857142858,1915.1514285714286,0.1,-152.54285714285805,-1518.4285714285807,-1.0,SL,2020Q3,2020,10
1469,29267,2020-07-28 23:00:00,29309,2020-07-29 21:00:00,SELL,1955.34,1965.7489285714285,1965.7489285714285,1934.5221428571429,0.1,-104.78928571428533,-1040.8928571428532,-1.0,SL,2020Q3,2020,42
1470,29311,2020-07-29 22:00:00,29337,2020-07-30 12:00:00,SELL,1967.13,1946.4450000000002,1977.4725,1946.4450000000002,0.1,206.14999999999947,2068.4999999999945,1.9798319327731093,TP,2020Q3,2020,26
1471,29338,2020-07-30 12:30:00,29348,2020-07-30 17:30:00,BUY,1952.07,1943.1953571428571,1943.1953571428571,1969.8192857142856,0.1,-89.44642857142817,-887.4642857142817,-1.0,SL,2020Q3,2020,10
1472,29350,2020-07-30 18:30:00,29368,2020-07-31 04:30:00,BUY,1943.41,1963.827142857143,1933.2014285714286,1963.827142857143,0.1,203.47142857142836,2041.7142857142835,1.979569145239728,TP,2020Q3,2020,18
1473,29371,2020-07-31 06:00:00,29376,2020-07-31 08:30:00,SELL,1966.59,1972.1239285714285,1972.1239285714285,1955.5221428571426,0.1,-56.03928571428533,-553.3928571428532,-1.0,SL,2020Q3,2020,5
1474,29378,2020-07-31 09:30:00,29379,2020-07-31 10:00:00,SELL,1972.5,1978.5096428571428,1978.5096428571428,1960.4807142857142,0.1,-60.79642857142808,-600.9642857142808,-1.0,SL,2020Q3,2020,1
1475,29380,2020-07-31 10:30:00,29407,2020-08-03 01:00:00,SELL,1971.52,1978.9889285714287,1978.9889285714287,1956.5821428571428,0.1,-75.38928571428706,-746.8928571428705,-1.0,SL,2020Q3,2020,27
1476,29433,2020-08-03 14:00:00,29438,2020-08-03 16:30:00,BUY,1967.9,1963.4182142857144,1963.4182142857144,1976.8635714285715,0.1,-45.51785714285707,-448.17857142857065,-1.0,SL,2020Q3,2020,5
1477,29440,2020-08-03 17:30:00,29485,2020-08-04 17:00:00,BUY,1968.8,1981.6785714285713,1962.3607142857143,1981.6785714285713,0.1,128.08571428571378,1287.8571428571377,1.9677383956984527,TP,2020Q3,2020,45
1478,29490,2020-08-04 19:30:00,29491,2020-08-04 20:00:00,SELL,1994.6,2003.3289285714284,2003.3289285714284,1977.1421428571427,0.1,-87.98928571428469,-872.8928571428469,-1.0,SL,2020Q3,2020,1
1479,29498,2020-08-04 23:30:00,29502,2020-08-05 02:30:00,SELL,2016.44,2026.55,2026.55,1996.2200000000003,0.1,-101.799999999999,-1010.99999999999,-1.0,SL,2020Q3,2020,4
1480,29504,2020-08-05 03:30:00,29516,2020-08-05 09:30:00,SELL,2023.29,2032.44,2032.44,2004.99,0.1,-92.20000000000091,-915.0000000000091,-1.0,SL,2020Q3,2020,12
1481,29519,2020-08-05 11:00:00,29523,2020-08-05 13:00:00,SELL,2033.43,2041.4260714285715,2041.4260714285715,2017.4378571428572,0.1,-80.6607142857144,-799.607142857144,-1.0,SL,2020Q3,2020,4
1482,29524,2020-08-05 13:30:00,29531,2020-08-05 17:00:00,SELL,2040.11,2048.677142857143,2048.677142857143,2022.9757142857143,0.1,-86.37142857142926,-856.7142857142926,-1.0,SL,2020Q3,2020,7
1483,29533,2020-08-05 18:00:00,29562,2020-08-06 09:30:00,SELL,2042.66,2053.607857142857,2053.607857142857,2020.7642857142857,0.1,-110.17857142856947,-1094.7857142856947,-1.0,SL,2020Q3,2020,29
1484,29578,2020-08-06 17:30:00,29591,2020-08-07 01:00:00,SELL,2060.49,2070.940714285714,2070.940714285714,2039.5885714285712,0.1,-105.20714285714185,-1045.0714285714184,-1.0,SL,2020Q3,2020,13
1485,29603,2020-08-07 07:00:00,29620,2020-08-07 15:30:00,BUY,2056.62,2048.117142857143,2048.117142857143,2073.6257142857144,0.1,-85.7285714285701,-850.285714285701,-1.0,SL,2020Q3,2020,17
1486,29621,2020-08-07 16:00:00,29621,2020-08-07 16:00:00,BUY,2060.8,2051.4025,2051.4025,2079.5950000000003,0.1,-94.67500000000037,-939.7500000000036,-1.0,SL,2020Q3,2020,0
1487,29629,2020-08-07 20:00:00,29698,2020-08-11 08:30:00,BUY,2025.19,2010.5510714285715,2010.5510714285715,2054.467857142857,0.1,-147.0892857142855,-1463.892857142855,-1.0,SL,2020Q3,2020,69
1488,29711,2020-08-11 15:00:00,29712,2020-08-11 15:30:00,BUY,1978.21,1964.0746428571429,1964.0746428571429,2006.4807142857144,0.1,-142.05357142857173,-1413.5357142857174,-1.0,SL,2020Q3,2020,1
1489,29714,2020-08-11 16:30:00,29718,2020-08-11 18:30:00,BUY,1954.5,1938.3932142857143,1938.3932142857143,1986.7135714285714,0.1,-161.76785714285705,-1610.6785714285706,-1.0,SL,2020Q3,2020,4
1490,29719,2020-08-11 19:00:00,29722,2020-08-11 20:30:00,BUY,1943.38,1925.5953571428572,1925.5953571428572,1978.949285714286,0.1,-178.54642857142898,-1778.4642857142899,-1.0,SL,2020Q3,2020,3
1491,29725,2020-08-11 22:00:00,29727,2020-08-11 23:00:00,BUY,1922.76,1902.6139285714285,1902.6139285714285,1963.0521428571428,0.1,-202.1607142857153,-2014.6071428571531,-1.0,SL,2020Q3,2020,2
1492,29772,2020-08-12 22:30:00,29772,2020-08-12 22:30:00,BUY,1925.83,1911.7932142857142,1911.7932142857142,1953.9035714285715,0.1,-141.0678571428577,-1403.678571428577,-1.0,SL,2020Q3,2020,0
1493,29804,2020-08-13 15:30:00,29807,2020-08-13 17:00:00,BUY,1924.19,1942.8200000000002,1914.875,1942.8200000000002,0.1,185.6000000000011,1863.000000000011,1.9776238678742677,TP,2020Q3,2020,3
1494,29815,2020-08-13 21:00:00,29872,2020-08-17 03:30:00,SELL,1957.73,1931.36,1970.915,1931.36,0.1,263.0000000000012,2637.000000000012,1.9841569219162754,TP,2020Q3,2020,57
1495,29873,2020-08-17 04:00:00,29886,2020-08-17 10:30:00,BUY,1937.96,1955.7414285714285,1929.0692857142858,1955.7414285714285,0.1,177.1142857142848,1778.1428571428478,1.9765643682742127,TP,2020Q3,2020,13
1496,29887,2020-08-17 11:00:00,29896,2020-08-17 15:30:00,SELL,1954.47,1960.4164285714285,1960.4164285714285,1942.577142857143,0.1,-60.16428571428442,-594.6428571428442,-1.0,SL,2020Q3,2020,9
1497,29897,2020-08-17 16:00:00,29897,2020-08-17 16:00:00,SELL,1958.16,1965.0728571428572,1965.0728571428572,1944.334285714286,0.1,-69.82857142857092,-691.2857142857092,-1.0,SL,2020Q3,2020,0
1498,29901,2020-08-17 18:00:00,29905,2020-08-17 20:00:00,SELL,1980.66,1989.6825000000001,1989.6825000000001,1962.6150000000002,0.1,-90.92500000000037,-902.2500000000036,-1.0,SL,2020Q3,2020,4
1499,29906,2020-08-17 20:30:00,29928,2020-08-18 08:30:00,SELL,1988.28,1997.847857142857,1997.847857142857,1969.1442857142856,0.1,-96.37857142857065,-956.7857142857065,-1.0,SL,2020Q3,2020,22
1500,29931,2020-08-18 10:00:00,29941,2020-08-18 15:00:00,SELL,2003.81,2012.1682142857142,2012.1682142857142,1987.0935714285713,0.1,-84.28214285714212,-835.8214285714212,-1.0,SL,2020Q3,2020,10
1501,29944,2020-08-18 16:30:00,29945,2020-08-18 17:00:00,SELL,2013.39,1996.6714285714286,2021.7492857142859,1996.6714285714286,0.1,166.48571428571523,1671.8571428571522,1.9750868570460132,TP,2020Q3,2020,1
1502,29947,2020-08-18 18:00:00,29992,2020-08-19 17:30:00,BUY,1992.75,1980.1082142857142,1980.1082142857142,2018.0335714285716,0.1,-127.11785714285789,-1264.1785714285788,-1.0,SL,2020Q3,2020,45
1503,30001,2020-08-19 22:00:00,30003,2020-08-19 23:00:00,BUY,1946.04,1928.2339285714286,1928.2339285714286,1981.6521428571427,0.1,-178.76071428571385,-1780.6071428571386,-1.0,SL,2020Q3,2020,2
1504,30005,2020-08-20 01:00:00,30125,2020-08-24 15:00:00,BUY,1928.27,1953.83,1909.5007142857144,1965.8085714285712,0.1,254.89999999999947,2555.9999999999945,1.3530236966824687,TIME_EXIT,2020Q3,2020,120
1505,30135,2020-08-24 20:00:00,30171,2020-08-25 15:00:00,BUY,1931.6,1921.2789285714284,1921.2789285714284,1952.2421428571427,0.1,-103.91071428571486,-1032.1071428571486,-1.0,SL,2020Q3,2020,36
1506,30172,2020-08-25 15:30:00,30175,2020-08-25 17:00:00,BUY,1926.56,1918.3035714285713,1918.3035714285713,1943.072857142857,0.1,-83.26428571428615,-825.6428571428614,-1.0,SL,2020Q3,2020,3
1507,30176,2020-08-25 17:30:00,30217,2020-08-26 15:00:00,BUY,1921.36,1912.2207142857142,1912.2207142857142,1939.6385714285711,0.1,-92.09285714285734,-913.9285714285734,-1.0,SL,2020Q3,2020,41
1508,30219,2020-08-26 16:00:00,30220,2020-08-26 16:30:00,BUY,1911.66,1927.022142857143,1903.9789285714287,1927.022142857143,0.1,152.92142857143,1536.2142857142999,1.9729069713864735,TP,2020Q3,2020,1
1509,30223,2020-08-26 18:00:00,30227,2020-08-26 20:00:00,SELL,1938.44,1949.2732142857144,1949.2732142857144,1916.7735714285714,0.1,-109.03214285714348,-1083.3214285714348,-1.0,SL,2020Q3,2020,4
1510,30228,2020-08-26 20:30:00,30265,2020-08-27 16:00:00,SELL,1944.57,1956.2925,1956.2925,1921.1249999999998,0.1,-117.92500000000082,-1172.2500000000082,-1.0,SL,2020Q3,2020,37
1511,30267,2020-08-27 17:00:00,30267,2020-08-27 17:00:00,BUY,1941.1,1926.2896428571428,1926.2896428571428,1970.7207142857142,0.1,-148.80357142857127,-1481.0357142857129,-1.0,SL,2020Q3,2020,0
1512,30290,2020-08-28 05:30:00,30292,2020-08-28 06:30:00,SELL,1934.34,1940.2725,1940.2725,1922.475,0.1,-60.025000000001185,-593.2500000000118,-1.0,SL,2020Q3,2020,2
1513,30294,2020-08-28 07:30:00,30298,2020-08-28 09:30:00,SELL,1940.51,1946.0621428571428,1946.0621428571428,1929.4057142857143,0.1,-56.22142857142826,-555.2142857142826,-1.0,SL,2020Q3,2020,4
1514,30299,2020-08-28 10:00:00,30299,2020-08-28 10:00:00,SELL,1944.86,1951.3485714285714,1951.3485714285714,1931.8828571428571,0.1,-65.58571428571504,-648.8571428571504,-1.0,SL,2020Q3,2020,0
1515,30304,2020-08-28 12:30:00,30308,2020-08-28 14:30:00,SELL,1956.55,1964.1560714285713,1964.1560714285713,1941.337857142857,0.1,-76.7607142857134,-760.607142857134,-1.0,SL,2020Q3,2020,4
1516,30311,2020-08-28 16:00:00,30315,2020-08-28 18:00:00,SELL,1955.33,1965.3060714285714,1965.3060714285714,1935.377857142857,0.1,-100.46071428571459,-997.6071428571458,-1.0,SL,2020Q3,2020,4
1517,30317,2020-08-28 19:00:00,30381,2020-09-01 05:00:00,SELL,1968.1,1978.6214285714284,1978.6214285714284,1947.0571428571427,0.1,-105.91428571428487,-1052.1428571428487,-1.0,SL,2020Q3,2020,64
1518,30385,2020-09-01 07:00:00,30391,2020-09-01 10:00:00,SELL,1983.98,1990.0164285714286,1990.0164285714286,1971.9071428571428,0.1,-61.06428571428587,-603.6428571428587,-1.0,SL,2020Q3,2020,6
1519,30392,2020-09-01 10:30:00,30405,2020-09-01 17:00:00,SELL,1987.66,1974.3164285714288,1994.3317857142858,1974.3164285714288,0.1,132.73571428571296,1334.3571428571295,1.9688509826772989,TP,2020Q3,2020,13
1520,30407,2020-09-01 18:00:00,30414,2020-09-01 21:30:00,BUY,1977.4,1968.8767857142857,1968.8767857142857,1994.4464285714287,0.1,-85.93214285714403,-852.3214285714403,-1.0,SL,2020Q3,2020,7
1521,30415,2020-09-01 22:00:00,30447,2020-09-02 15:00:00,BUY,1965.87,1955.8446428571428,1955.8446428571428,1985.9207142857142,0.1,-100.95357142857047,-1002.5357142857047,-1.0,SL,2020Q3,2020,32
1522,30448,2020-09-02 15:30:00,30449,2020-09-02 16:00:00,BUY,1968.21,1959.39,1959.39,1985.85,0.1,-88.89999999999937,-881.9999999999936,-1.0,SL,2020Q3,2020,1
1523,30453,2020-09-02 18:00:00,30456,2020-09-02 19:30:00,BUY,1943.42,1932.4517857142857,1932.4517857142857,1965.3564285714285,0.1,-110.38214285714339,-1096.821428571434,-1.0,SL,2020Q3,2020,3
1524,30457,2020-09-02 20:00:00,30499,2020-09-03 18:00:00,BUY,1936.35,1924.6489285714285,1924.6489285714285,1959.7521428571426,0.1,-117.71071428571368,-1170.1071428571368,-1.0,SL,2020Q3,2020,42
1525,30541,2020-09-04 16:00:00,30552,2020-09-04 21:30:00,SELL,1927.3,1934.5525,1934.5525,1912.7949999999998,0.1,-73.22500000000055,-725.2500000000055,-1.0,SL,2020Q3,2020,11
1526,30564,2020-09-07 04:30:00,30581,2020-09-07 13:00:00,SELL,1937.62,1925.8,1943.5299999999997,1925.8,0.1,117.49999999999936,1181.9999999999936,1.9648829431438497,TP,2020Q3,2020,17
1527,30607,2020-09-08 07:00:00,30610,2020-09-08 08:30:00,BUY,1923.81,1931.31,1920.06,1931.31,0.1,74.3,750.0,1.945026178010471,TP,2020Q3,2020,3
1528,30612,2020-09-08 09:30:00,30617,2020-09-08 12:00:00,SELL,1931.0,1922.825,1935.0875,1922.825,0.1,81.04999999999954,817.4999999999955,1.9494888755261037,TP,2020Q3,2020,5
1529,30618,2020-09-08 12:30:00,30618,2020-09-08 12:30:00,BUY,1924.87,1920.0185714285712,1920.0185714285712,1934.572857142857,0.1,-49.21428571428642,-485.14285714286416,-1.0,SL,2020Q3,2020,0
1530,30623,2020-09-08 15:00:00,30626,2020-09-08 16:30:00,BUY,1916.24,1908.035,1908.035,1932.6499999999999,0.1,-82.74999999999928,-820.4999999999927,-1.0,SL,2020Q3,2020,3
1531,30627,2020-09-08 17:00:00,30631,2020-09-08 19:00:00,BUY,1913.31,1933.2299999999998,1903.35,1933.2299999999998,0.1,198.49999999999847,1991.9999999999845,1.9790628115652815,TP,2020Q3,2020,4
1532,30632,2020-09-08 19:30:00,30672,2020-09-09 16:30:00,SELL,1934.28,1947.1210714285712,1947.1210714285712,1908.5978571428573,0.1,-129.1107142857124,-1284.107142857124,-1.0,SL,2020Q3,2020,40
1533,30674,2020-09-09 17:30:00,30716,2020-09-10 15:30:00,SELL,1945.58,1954.360357142857,1954.360357142857,1928.0192857142858,0.1,-88.50357142857156,-878.0357142857156,-1.0,SL,2020Q3,2020,42
1534,30719,2020-09-10 17:00:00,30727,2020-09-10 21:00:00,SELL,1962.45,1948.3307142857143,1969.5096428571428,1948.3307142857143,0.1,140.49285714285753,1411.9285714285752,1.9705455091920367,TP,2020Q3,2020,8
1535,30731,2020-09-10 23:00:00,30814,2020-09-14 18:30:00,BUY,1942.99,1961.577142857143,1933.6964285714287,1961.577142857143,0.1,185.1714285714291,1858.7142857142908,1.977572660004601,TP,2020Q3,2020,83
1536,30815,2020-09-14 19:00:00,30833,2020-09-15 05:00:00,SELL,1958.51,1964.5957142857142,1964.5957142857142,1946.3385714285714,0.1,-61.557142857141756,-608.5714285714175,-1.0,SL,2020Q3,2020,18
1537,30837,2020-09-15 07:00:00,30840,2020-09-15 08:30:00,SELL,1964.59,1968.2682142857143,1968.2682142857143,1957.2335714285712,0.1,-37.48214285714376,-367.82142857143754,-1.0,SL,2020Q3,2020,3
1538,30841,2020-09-15 09:00:00,30850,2020-09-15 13:30:00,SELL,1967.64,1971.5014285714287,1971.5014285714287,1959.9171428571428,0.1,-39.31428571428633,-386.14285714286325,-1.0,SL,2020Q3,2020,9
1539,30852,2020-09-15 14:30:00,30856,2020-09-15 16:30:00,SELL,1967.37,1958.1385714285714,1971.9857142857143,1958.1385714285714,0.1,91.61428571428523,923.1428571428523,1.9551829268292205,TP,2020Q3,2020,4
1540,30859,2020-09-15 18:00:00,30891,2020-09-16 11:00:00,BUY,1952.98,1966.6985714285713,1946.1207142857143,1966.6985714285713,0.1,136.48571428571296,1371.8571428571295,1.9696938459952258,TP,2020Q3,2020,32
1541,30901,2020-09-16 16:00:00,30901,2020-09-16 16:00:00,SELL,1967.67,1973.1514285714286,1973.1514285714286,1956.7071428571428,0.1,-55.514285714285236,-548.1428571428523,-1.0,SL,2020Q3,2020,0
1542,30902,2020-09-16 16:30:00,30903,2020-09-16 17:00:00,SELL,1969.95,1958.127857142857,1975.8610714285714,1958.127857142857,0.1,117.52142857143035,1182.2142857143035,1.9648892338926751,TP,2020Q3,2020,1
1543,30904,2020-09-16 17:30:00,30924,2020-09-17 04:30:00,BUY,1958.29,1951.447857142857,1951.447857142857,1971.9742857142858,0.1,-69.12142857143017,-684.2142857143017,-1.0,SL,2020Q3,2020,20
1544,30926,2020-09-17 05:30:00,30927,2020-09-17 06:00:00,BUY,1947.11,1939.6357142857144,1939.6357142857144,1962.0585714285712,0.1,-75.44285714285543,-747.4285714285543,-1.0,SL,2020Q3,2020,1
1545,30941,2020-09-17 13:00:00,30947,2020-09-17 16:00:00,BUY,1941.37,1935.0710714285713,1935.0710714285713,1953.967857142857,0.1,-63.68928571428633,-629.8928571428632,-1.0,SL,2020Q3,2020,6
1546,30948,2020-09-17 16:30:00,30969,2020-09-18 04:00:00,BUY,1937.79,1951.8342857142857,1930.767857142857,1951.8342857142857,0.1,139.74285714285708,1404.4285714285706,1.970389767348172,TP,2020Q3,2020,21
1547,30970,2020-09-18 04:30:00,30979,2020-09-18 09:00:00,SELL,1950.79,1954.9996428571428,1954.9996428571428,1942.3707142857143,0.1,-42.796428571428535,-420.9642857142853,-1.0,SL,2020Q3,2020,9
1548,30985,2020-09-18 12:00:00,30991,2020-09-18 15:00:00,SELL,1955.28,1948.3735714285715,1958.7332142857142,1948.3735714285715,0.1,68.36428571428478,690.6428571428478,1.9403953370501763,TP,2020Q3,2020,6
1549,31001,2020-09-18 20:00:00,31009,2020-09-21 01:00:00,SELL,1958.7,1945.6457142857143,1965.2271428571428,1945.6457142857143,0.1,129.84285714285699,1305.4285714285697,1.9681680381117705,TP,2020Q3,2020,8
1550,31010,2020-09-21 01:30:00,31029,2020-09-21 11:00:00,BUY,1948.16,1942.9057142857143,1942.9057142857143,1958.6685714285713,0.1,-53.24285714285743,-525.4285714285743,-1.0,SL,2020Q3,2020,19
1551,31032,2020-09-21 12:30:00,31032,2020-09-21 12:30:00,BUY,1935.25,1930.1114285714286,1930.1114285714286,1945.527142857143,0.1,-52.08571428571368,-513.8571428571368,-1.0,SL,2020Q3,2020,0
1552,31043,2020-09-21 18:00:00,31114,2020-09-23 07:30:00,BUY,1897.05,1884.7371428571428,1884.7371428571428,1921.675714285714,0.1,-123.82857142857183,-1231.2857142857183,-1.0,SL,2020Q3,2020,71
1553,31115,2020-09-23 08:00:00,31117,2020-09-23 09:00:00,BUY,1887.69,1881.0364285714286,1881.0364285714286,1900.997142857143,0.1,-67.23571428571468,-665.3571428571468,-1.0,SL,2020Q3,2020,2
1554,31122,2020-09-23 11:30:00,31126,2020-09-23 13:30:00,BUY,1877.06,1894.775,1868.2024999999999,1894.775,0.1,176.45000000000147,1771.5000000000146,1.9764771772612717,TP,2020Q3,2020,4
1555,31138,2020-09-23 19:30:00,31149,2020-09-24 02:00:00,BUY,1864.5,1854.3214285714287,1854.3214285714287,1884.857142857143,0.1,-102.48571428571331,-1017.8571428571331,-1.0,SL,2020Q3,2020,11
1556,31151,2020-09-24 03:00:00,31182,2020-09-24 18:30:00,BUY,1855.1,1870.2199999999998,1847.54,1870.2199999999998,0.1,150.49999999999892,1511.999999999989,1.9724770642201834,TP,2020Q3,2020,31
1557,31184,2020-09-24 19:30:00,31260,2020-09-28 11:30:00,SELL,1869.2,1851.3607142857143,1878.119642857143,1851.3607142857143,0.1,177.6928571428578,1783.928571428578,1.9766397838782728,TP,2020Q3,2020,76
1558,31269,2020-09-28 16:00:00,31270,2020-09-28 16:30:00,SELL,1868.08,1876.1660714285715,1876.1660714285715,1851.907857142857,0.1,-81.56071428571586,-808.6071428571586,-1.0,SL,2020Q3,2020,1
1559,31271,2020-09-28 17:00:00,31277,2020-09-28 20:00:00,SELL,1867.45,1876.5592857142858,1876.5592857142858,1849.2314285714285,0.1,-91.79285714285761,-910.9285714285761,-1.0,SL,2020Q3,2020,6
1560,31280,2020-09-28 21:30:00,31311,2020-09-29 14:00:00,SELL,1879.28,1887.5203571428572,1887.5203571428572,1862.7992857142856,0.1,-83.10357142857193,-824.0357142857192,-1.0,SL,2020Q3,2020,31
1561,31325,2020-09-29 21:00:00,31353,2020-09-30 12:00:00,SELL,1896.74,1882.0828571428572,1904.0685714285714,1882.0828571428572,0.1,145.87142857142845,1465.7142857142844,1.971616142112377,TP,2020Q3,2020,28
1562,31361,2020-09-30 16:00:00,31365,2020-09-30 18:00:00,SELL,1895.22,1902.437142857143,1902.437142857143,1880.7857142857142,0.1,-72.87142857143017,-721.7142857143017,-1.0,SL,2020Q3,2020,4
1563,31391,2020-10-01 08:00:00,31394,2020-10-01 09:30:00,SELL,1894.31,1897.7717857142857,1897.7717857142857,1887.3864285714285,0.1,-35.31785714285725,-346.17857142857247,-1.0,SL,2020Q4,2020,3
1564,31395,2020-10-01 10:00:00,31404,2020-10-01 14:30:00,SELL,1896.59,1900.7160714285712,1900.7160714285712,1888.337857142857,0.1,-41.96071428571322,-412.6071428571322,-1.0,SL,2020Q4,2020,9
1565,31407,2020-10-01 16:00:00,31412,2020-10-01 18:30:00,SELL,1903.72,1910.0082142857143,1910.0082142857143,1891.1435714285715,0.1,-63.582142857142756,-628.8214285714275,-1.0,SL,2020Q4,2020,5
1566,31431,2020-10-02 05:00:00,31432,2020-10-02 05:30:00,BUY,1897.95,1893.9332142857143,1893.9332142857143,1905.9835714285714,0.1,-40.867857142857886,-401.67857142857883,-1.0,SL,2020Q4,2020,1
1567,31438,2020-10-02 08:30:00,31439,2020-10-02 09:00:00,BUY,1902.91,1914.1835714285714,1897.2732142857144,1914.1835714285714,0.1,112.03571428571358,1127.3571428571358,1.963201702234182,TP,2020Q4,2020,1
1568,31441,2020-10-02 10:00:00,31479,2020-10-05 06:00:00,SELL,1912.5,1896.722142857143,1920.3889285714286,1896.722142857143,0.1,157.07857142857102,1577.7857142857101,1.9736145389275297,TP,2020Q4,2020,38
1569,31483,2020-10-05 08:00:00,31487,2020-10-05 10:00:00,BUY,1893.27,1888.4057142857143,1888.4057142857143,1902.9985714285713,0.1,-49.34285714285643,-486.4285714285643,-1.0,SL,2020Q4,2020,4
1570,31499,2020-10-05 16:00:00,31501,2020-10-05 17:00:00,SELL,1906.94,1912.505,1912.505,1895.81,0.1,-56.35000000000055,-556.5000000000055,-1.0,SL,2020Q4,2020,2
1571,31503,2020-10-05 18:00:00,31550,2020-10-06 18:30:00,SELL,1916.7,1903.5985714285714,1923.2507142857144,1903.5985714285714,0.1,130.31428571428643,1310.1428571428642,1.9682813680008633,TP,2020Q4,2020,47
1572,31552,2020-10-06 19:30:00,31554,2020-10-06 20:30:00,BUY,1905.6,1898.3999999999999,1898.3999999999999,1920.0,0.1,-72.70000000000046,-720.0000000000045,-1.0,SL,2020Q4,2020,2
1573,31555,2020-10-06 21:00:00,31556,2020-10-06 21:30:00,BUY,1900.99,1893.3067857142858,1893.3067857142858,1916.3564285714285,0.1,-77.53214285714257,-768.3214285714257,-1.0,SL,2020Q4,2020,1
1574,31558,2020-10-06 22:30:00,31559,2020-10-06 23:00:00,BUY,1894.09,1884.8489285714286,1884.8489285714286,1912.5721428571428,0.1,-93.11071428571331,-924.1071428571331,-1.0,SL,2020Q4,2020,1
1575,31563,2020-10-07 02:00:00,31579,2020-10-07 10:00:00,BUY,1876.25,1895.7542857142857,1866.4978571428571,1895.7542857142857,0.1,194.34285714285744,1950.4285714285743,1.9786197367464184,TP,2020Q4,2020,16
1576,31580,2020-10-07 10:30:00,31587,2020-10-07 14:00:00,SELL,1894.39,1883.125,1900.0225000000003,1883.125,0.1,111.950000000001,1126.50000000001,1.9631740464708072,TP,2020Q4,2020,7
1577,31594,2020-10-07 17:30:00,31635,2020-10-08 15:00:00,BUY,1883.84,1897.4342857142856,1877.042857142857,1897.4342857142856,0.1,135.24285714285662,1359.428571428566,1.9694195964218522,TP,2020Q4,2020,41
1578,31637,2020-10-08 16:00:00,31639,2020-10-08 17:00:00,SELL,1898.02,1888.327857142857,1902.8660714285716,1888.327857142857,0.1,96.22142857142926,969.2142857142926,1.957282964039185,TP,2020Q4,2020,2
1579,31641,2020-10-08 18:00:00,31657,2020-10-09 03:00:00,BUY,1885.92,1897.819285714286,1879.9703571428572,1897.819285714286,0.1,118.29285714285952,1189.9285714285952,1.9651142094334402,TP,2020Q4,2020,16
1580,31662,2020-10-09 05:30:00,31662,2020-10-09 05:30:00,SELL,1905.43,1909.1157142857144,1909.1157142857144,1898.0585714285714,0.1,-37.55714285714312,-368.57142857143117,-1.0,SL,2020Q4,2020,0
1581,31665,2020-10-09 07:00:00,31673,2020-10-09 11:00:00,SELL,1910.83,1914.8767857142857,1914.8767857142857,1902.7364285714284,0.1,-41.16785714285761,-404.6785714285761,-1.0,SL,2020Q4,2020,8
1582,31675,2020-10-09 12:00:00,31682,2020-10-09 15:30:00,SELL,1915.08,1919.3539285714285,1919.3539285714285,1906.5321428571428,0.1,-43.43928571428542,-427.39285714285415,-1.0,SL,2020Q4,2020,7
1583,31684,2020-10-09 16:30:00,31684,2020-10-09 16:30:00,SELL,1918.71,1923.714642857143,1923.714642857143,1908.7007142857144,0.1,-50.74642857142926,-500.4642857142926,-1.0,SL,2020Q4,2020,0
1584,31687,2020-10-09 18:00:00,31701,2020-10-12 02:00:00,SELL,1926.24,1932.255,1932.255,1914.21,0.1,-60.850000000001,-601.50000000001,-1.0,SL,2020Q4,2020,14
1585,31723,2020-10-12 13:00:00,31751,2020-10-13 04:00:00,BUY,1922.62,1917.8617857142856,1917.8617857142856,1932.1364285714285,0.1,-48.28214285714303,-475.82142857143026,-1.0,SL,2020Q4,2020,28
1586,31755,2020-10-13 06:00:00,31765,2020-10-13 11:00:00,BUY,1913.28,1921.2171428571428,1909.3114285714285,1921.2171428571428,0.1,78.67142857142817,793.7142857142817,1.9480014149274296,TP,2020Q4,2020,10
1587,31802,2020-10-14 06:30:00,31813,2020-10-14 12:00:00,SELL,1895.4,1900.406785714286,1900.406785714286,1885.3864285714285,0.1,-50.76785714285798,-500.67857142857974,-1.0,SL,2020Q4,2020,11
1588,31814,2020-10-14 12:30:00,31817,2020-10-14 14:00:00,SELL,1896.84,1900.9242857142856,1900.9242857142856,1888.6714285714284,0.1,-41.542857142856704,-408.428571428567,-1.0,SL,2020Q4,2020,3
1589,31822,2020-10-14 16:30:00,31822,2020-10-14 16:30:00,SELL,1907.66,1913.0139285714286,1913.0139285714286,1896.952142857143,0.1,-54.23928571428469,-535.3928571428469,-1.0,SL,2020Q4,2020,0
1590,31844,2020-10-15 04:30:00,31859,2020-10-15 12:00:00,BUY,1894.94,1890.5192857142858,1890.5192857142858,1903.7814285714285,0.1,-44.90714285714212,-442.07142857142117,-1.0,SL,2020Q4,2020,15
1591,31860,2020-10-15 12:30:00,31871,2020-10-15 18:00:00,BUY,1892.1,1903.3114285714287,1886.4942857142855,1903.3114285714287,0.1,111.41428571428769,1121.142857142877,1.9630002516989686,TP,2020Q4,2020,11
1592,31873,2020-10-15 19:00:00,31904,2020-10-16 11:30:00,SELL,1903.57,1912.0257142857142,1912.0257142857142,1886.6585714285713,0.1,-85.25714285714294,-845.5714285714294,-1.0,SL,2020Q4,2020,31
1593,31905,2020-10-16 12:00:00,31916,2020-10-16 17:30:00,SELL,1909.99,1901.3007142857143,1914.3346428571429,1901.3007142857143,0.1,86.19285714285688,868.9285714285688,1.9524310330879375,TP,2020Q4,2020,11
1594,31918,2020-10-16 18:30:00,31950,2020-10-19 11:30:00,BUY,1899.29,1911.9328571428573,1892.9685714285713,1911.9328571428573,0.1,125.72857142857337,1264.2857142857338,1.9671434957532412,TP,2020Q4,2020,32
1595,31951,2020-10-19 12:00:00,31957,2020-10-19 15:00:00,SELL,1911.04,1914.8146428571429,1914.8146428571429,1903.4907142857141,0.1,-38.44642857142908,-377.4642857142908,-1.0,SL,2020Q4,2020,6
1596,31971,2020-10-19 22:00:00,31982,2020-10-20 04:30:00,BUY,1902.98,1896.850357142857,1896.850357142857,1915.2392857142859,0.1,-61.99642857142926,-612.9642857142926,-1.0,SL,2020Q4,2020,11
1597,31984,2020-10-20 05:30:00,32008,2020-10-20 17:30:00,BUY,1899.85,1908.3121428571428,1895.6189285714286,1908.3121428571428,0.1,83.92142857142908,846.2142857142908,1.9511749564062628,TP,2020Q4,2020,24
1598,32014,2020-10-20 20:30:00,32029,2020-10-21 05:00:00,SELL,1911.55,1918.3353571428572,1918.3353571428572,1897.9792857142857,0.1,-68.55357142857265,-678.5357142857265,-1.0,SL,2020Q4,2020,15
1599,32042,2020-10-21 11:30:00,32050,2020-10-21 15:30:00,SELL,1918.87,1923.1042857142857,1923.1042857142857,1910.4014285714284,0.1,-43.04285714285761,-423.4285714285761,-1.0,SL,2020Q4,2020,8
1600,32053,2020-10-21 17:00:00,32054,2020-10-21 17:30:00,SELL,1926.07,1931.3992857142857,1931.3992857142857,1915.4114285714286,0.1,-53.992857142857886,-532.9285714285788,-1.0,SL,2020Q4,2020,1
1601,32055,2020-10-21 18:00:00,32075,2020-10-22 05:00:00,SELL,1927.34,1915.8521428571428,1933.0839285714285,1915.8521428571428,0.1,114.17857142857137,1148.7857142857138,1.9638798451993364,TP,2020Q4,2020,20
1602,32097,2020-10-22 16:00:00,32098,2020-10-22 16:30:00,BUY,1905.81,1900.8846428571428,1900.8846428571428,1915.6607142857142,0.1,-49.95357142857138,-492.53571428571377,-1.0,SL,2020Q4,2020,1
1603,32101,2020-10-22 18:00:00,32140,2020-10-23 14:30:00,BUY,1899.33,1912.1614285714286,1892.9142857142856,1912.1614285714286,0.1,127.6142857142866,1283.142857142866,1.9676211453744494,TP,2020Q4,2020,39
1604,32141,2020-10-23 15:00:00,32141,2020-10-23 15:00:00,SELL,1910.34,1913.9014285714286,1913.9014285714286,1903.2171428571428,0.1,-36.31428571428678,-356.1428571428678,-1.0,SL,2020Q4,2020,0
1605,32184,2020-10-26 12:30:00,32188,2020-10-26 14:30:00,SELL,1901.52,1905.6975,1905.6975,1893.1649999999997,0.1,-42.475000000000094,-417.7500000000009,-1.0,SL,2020Q4,2020,4
1606,32189,2020-10-26 15:00:00,32190,2020-10-26 15:30:00,SELL,1901.6,1906.8328571428572,1906.8328571428572,1891.1342857142854,0.1,-53.02857142857256,-523.2857142857256,-1.0,SL,2020Q4,2020,1
1607,32191,2020-10-26 16:00:00,32240,2020-10-27 17:30:00,SELL,1905.05,1910.8346428571429,1910.8346428571429,1893.4807142857142,0.1,-58.54642857142899,-578.4642857142899,-1.0,SL,2020Q4,2020,49
1608,32241,2020-10-27 18:00:00,32275,2020-10-28 12:00:00,SELL,1908.42,1898.9357142857143,1913.162142857143,1898.9357142857143,0.1,94.14285714285761,948.4285714285761,1.9563603978031765,TP,2020Q4,2020,34
1609,32281,2020-10-28 15:00:00,32282,2020-10-28 15:30:00,BUY,1882.43,1876.2800000000002,1876.2800000000002,1894.73,0.1,-62.19999999999864,-614.9999999999864,-1.0,SL,2020Q4,2020,1
1610,32286,2020-10-28 17:30:00,32325,2020-10-29 14:00:00,BUY,1877.6,1869.2664285714284,1869.2664285714284,1894.2671428571427,0.1,-84.03571428571531,-833.3571428571531,-1.0,SL,2020Q4,2020,39
1611,32327,2020-10-29 15:00:00,32353,2020-10-30 05:00:00,BUY,1864.29,1876.8899999999999,1857.99,1876.8899999999999,0.1,125.29999999999909,1259.999999999991,1.9670329670329667,TP,2020Q4,2020,26
1612,32355,2020-10-30 06:00:00,32359,2020-10-30 08:00:00,SELL,1876.18,1867.4714285714288,1880.5342857142857,1867.4714285714288,0.1,86.38571428571304,870.8571428571304,1.9525347110106546,TP,2020Q4,2020,4
1613,32372,2020-10-30 14:30:00,32372,2020-10-30 14:30:00,SELL,1879.26,1885.1892857142857,1885.1892857142857,1867.4014285714286,0.1,-59.99285714285698,-592.9285714285697,-1.0,SL,2020Q4,2020,0
1614,32375,2020-10-30 16:00:00,32415,2020-11-02 14:00:00,SELL,1885.11,1891.7539285714286,1891.7539285714286,1871.8221428571428,0.1,-67.1392857142866,-664.392857142866,-1.0,SL,2020Q4,2020,40
1615,32416,2020-11-02 14:30:00,32423,2020-11-02 18:00:00,SELL,1889.81,1894.6764285714285,1894.6764285714285,1880.077142857143,0.1,-49.364285714285145,-486.6428571428514,-1.0,SL,2020Q4,2020,7
1616,32424,2020-11-02 18:30:00,32440,2020-11-03 03:30:00,SELL,1891.56,1897.0167857142856,1897.0167857142856,1880.6464285714287,0.1,-55.26785714285616,-545.6785714285616,-1.0,SL,2020Q4,2020,16
1617,32442,2020-11-03 04:30:00,32451,2020-11-03 09:00:00,SELL,1895.68,1889.7978571428573,1898.6210714285714,1889.7978571428573,0.1,58.12142857142753,588.2142857142753,1.9302573834657797,TP,2020Q4,2020,9
1618,32453,2020-11-03 10:00:00,32456,2020-11-03 11:30:00,BUY,1890.52,1899.1321428571428,1886.2139285714286,1899.1321428571428,0.1,85.42142857142771,861.2142857142771,1.9520117522239444,TP,2020Q4,2020,3
1619,32466,2020-11-03 16:30:00,32481,2020-11-04 01:00:00,SELL,1906.54,1911.6775,1911.6775,1896.265,0.1,-52.07500000000046,-513.7500000000045,-1.0,SL,2020Q4,2020,15
1620,32484,2020-11-04 02:30:00,32484,2020-11-04 02:30:00,SELL,1911.33,1901.85,1916.07,1901.85,0.1,94.10000000000018,948.0000000000018,1.9563409563409562,TP,2020Q4,2020,0
1621,32510,2020-11-04 15:30:00,32545,2020-11-05 10:00:00,SELL,1907.68,1916.545,1916.545,1889.9500000000003,0.1,-89.3500000000001,-886.5000000000009,-1.0,SL,2020Q4,2020,35
1622,32548,2020-11-05 11:30:00,32554,2020-11-05 14:30:00,SELL,1917.14,1922.2935714285716,1922.2935714285716,1906.8328571428572,0.1,-52.23571428571468,-515.3571428571468,-1.0,SL,2020Q4,2020,6
1623,32556,2020-11-05 15:30:00,32559,2020-11-05 17:00:00,SELL,1927.86,1934.5617857142856,1934.5617857142856,1914.4564285714284,0.1,-67.71785714285734,-670.1785714285734,-1.0,SL,2020Q4,2020,3
1624,32562,2020-11-05 18:30:00,32597,2020-11-06 13:00:00,SELL,1946.09,1954.6892857142857,1954.6892857142857,1928.8914285714286,0.1,-86.6928571428577,-859.928571428577,-1.0,SL,2020Q4,2020,35
1625,32631,2020-11-09 07:00:00,32644,2020-11-09 13:30:00,SELL,1962.46,1952.1014285714286,1967.6392857142857,1952.1014285714286,0.1,102.88571428571395,1035.8571428571395,1.959994557082596,TP,2020Q4,2020,13
1626,32652,2020-11-09 17:30:00,32772,2020-11-12 08:30:00,BUY,1864.6,1869.41,1844.7260714285712,1904.347857142857,0.1,47.400000000001725,481.0000000000173,0.23766631448884215,TIME_EXIT,2020Q4,2020,120
1627,32779,2020-11-12 12:00:00,32786,2020-11-12 15:30:00,SELL,1870.69,1875.9625,1875.9625,1860.145,0.1,-53.42500000000037,-527.2500000000036,-1.0,SL,2020Q4,2020,7
1628,32789,2020-11-12 17:00:00,32829,2020-11-13 14:00:00,SELL,1879.43,1885.9614285714288,1885.9614285714288,1866.3671428571429,0.1,-66.01428571428706,-653.1428571428705,-1.0,SL,2020Q4,2020,40
1629,32834,2020-11-13 16:30:00,32854,2020-11-16 03:30:00,SELL,1892.81,1898.4939285714286,1898.4939285714286,1881.4421428571427,0.1,-57.53928571428624,-568.3928571428623,-1.0,SL,2020Q4,2020,20
1630,32856,2020-11-16 04:30:00,32865,2020-11-16 09:00:00,SELL,1896.89,1888.4042857142858,1901.1328571428571,1888.4042857142858,0.1,84.15714285714266,848.5714285714266,1.9513083802584148,TP,2020Q4,2020,9
1631,32909,2020-11-17 08:00:00,32938,2020-11-17 22:30:00,BUY,1886.97,1883.4042857142858,1883.4042857142858,1894.1014285714286,0.1,-36.35714285714194,-356.57142857141935,-1.0,SL,2020Q4,2020,29
1632,32946,2020-11-18 03:30:00,32964,2020-11-18 12:30:00,BUY,1879.43,1875.4239285714286,1875.4239285714286,1887.442142857143,0.1,-40.760714285714315,-400.6071428571431,-1.0,SL,2020Q4,2020,18
1633,32967,2020-11-18 14:00:00,32967,2020-11-18 14:00:00,BUY,1871.97,1866.7607142857144,1866.7607142857144,1882.3885714285714,0.1,-52.792857142856704,-520.928571428567,-1.0,SL,2020Q4,2020,0
1634,32968,2020-11-18 14:30:00,32973,2020-11-18 17:00:00,BUY,1871.37,1883.1235714285713,1865.4932142857142,1883.1235714285713,0.1,116.83571428571376,1175.3571428571377,1.964686805597261,TP,2020Q4,2020,5
1635,32975,2020-11-18 18:00:00,32995,2020-11-19 05:00:00,SELL,1881.71,1866.5985714285716,1889.2657142857142,1866.5985714285716,0.1,150.41428571428406,1511.1428571428405,1.9724615961034093,TP,2020Q4,2020,20
1636,32997,2020-11-19 06:00:00,33000,2020-11-19 07:30:00,BUY,1868.15,1864.2392857142859,1864.2392857142859,1875.9714285714288,0.1,-39.80714285714221,-391.0714285714221,-1.0,SL,2020Q4,2020,3
1637,33006,2020-11-19 10:30:00,33007,2020-11-19 11:00:00,BUY,1860.08,1855.3592857142855,1855.3592857142855,1869.5214285714285,0.1,-47.90714285714394,-472.07142857143936,-1.0,SL,2020Q4,2020,1
1638,33008,2020-11-19 11:30:00,33009,2020-11-19 12:00:00,BUY,1863.72,1857.93,1857.93,1875.3000000000002,0.1,-58.59999999999964,-578.9999999999964,-1.0,SL,2020Q4,2020,1
1639,33017,2020-11-19 16:00:00,33063,2020-11-20 16:00:00,BUY,1860.83,1875.4635714285714,1853.5132142857142,1875.4635714285714,0.1,145.63571428571487,1463.3571428571486,1.9715708552917857,TP,2020Q4,2020,46
1640,33066,2020-11-20 17:30:00,33099,2020-11-23 11:00:00,SELL,1878.94,1868.3735714285715,1884.2232142857142,1868.3735714285715,0.1,104.9642857142856,1056.642857142856,1.9607712322370152,TP,2020Q4,2020,33
1641,33100,2020-11-23 11:30:00,33102,2020-11-23 12:30:00,BUY,1869.79,1866.4675,1866.4675,1876.435,0.1,-33.92499999999991,-332.2499999999991,-1.0,SL,2020Q4,2020,2
1642,33108,2020-11-23 15:30:00,33110,2020-11-23 16:30:00,BUY,1863.75,1858.5321428571428,1858.5321428571428,1874.1857142857143,0.1,-52.87857142857156,-521.7857142857156,-1.0,SL,2020Q4,2020,2
1643,33128,2020-11-24 02:30:00,33129,2020-11-24 03:00:00,BUY,1835.1,1830.6353571428572,1830.6353571428572,1844.0292857142856,0.1,-45.34642857142735,-446.4642857142735,-1.0,SL,2020Q4,2020,1
1644,33130,2020-11-24 03:30:00,33130,2020-11-24 03:30:00,BUY,1830.97,1826.4142857142858,1826.4142857142858,1840.0814285714287,0.1,-46.25714285714203,-455.57142857142026,-1.0,SL,2020Q4,2020,0
1645,33134,2020-11-24 05:30:00,33147,2020-11-24 12:00:00,BUY,1827.16,1821.3217857142859,1821.3217857142859,1838.8364285714288,0.1,-59.0821428571423,-583.821428571423,-1.0,SL,2020Q4,2020,13
1646,33151,2020-11-24 14:00:00,33155,2020-11-24 16:00:00,BUY,1810.33,1803.290714285714,1803.290714285714,1824.4085714285716,0.1,-71.09285714285825,-703.9285714285825,-1.0,SL,2020Q4,2020,4
1647,33156,2020-11-24 16:30:00,33276,2020-11-27 11:30:00,BUY,1804.94,1808.34,1796.8325,1821.1550000000002,0.1,33.29999999999863,339.99999999998636,0.4072149189849995,TIME_EXIT,2020Q4,2020,120
1648,33286,2020-11-27 16:30:00,33302,2020-11-30 04:30:00,BUY,1778.94,1771.6275,1771.6275,1793.565,0.1,-73.825,-731.25,-1.0,SL,2020Q4,2020,16
1649,33332,2020-11-30 19:30:00,33358,2020-12-01 09:30:00,SELL,1781.87,1790.297857142857,1790.297857142857,1765.0142857142857,0.1,-84.97857142857193,-842.7857142857192,-1.0,SL,2020Q4,2020,26
1650,33361,2020-12-01 11:00:00,33364,2020-12-01 12:30:00,SELL,1793.75,1798.5521428571428,1798.5521428571428,1784.1457142857141,0.1,-48.72142857142826,-480.2142857142826,-1.0,SL,2020Q4,2020,3
1651,33370,2020-12-01 15:30:00,33371,2020-12-01 16:00:00,SELL,1808.56,1815.325,1815.325,1795.03,0.1,-68.350000000001,-676.50000000001,-1.0,SL,2020Q4,2020,1
1652,33372,2020-12-01 16:30:00,33379,2020-12-01 20:00:00,SELL,1809.07,1816.5271428571427,1816.5271428571427,1794.155714285714,0.1,-75.27142857142799,-745.7142857142799,-1.0,SL,2020Q4,2020,7
1653,33380,2020-12-01 20:30:00,33406,2020-12-02 10:30:00,SELL,1814.9,1822.312142857143,1822.312142857143,1800.0757142857144,0.1,-74.82142857142954,-741.2142857142953,-1.0,SL,2020Q4,2020,26
1654,33409,2020-12-02 12:00:00,33410,2020-12-02 12:30:00,SELL,1825.01,1830.1464285714287,1830.1464285714287,1814.7371428571428,0.1,-52.06428571428724,-513.6428571428723,-1.0,SL,2020Q4,2020,1
1655,33411,2020-12-02 13:00:00,33414,2020-12-02 14:30:00,SELL,1829.85,1818.2699999999998,1835.6399999999999,1818.2699999999998,0.1,115.10000000000154,1158.0000000000155,1.9641638225256357,TP,2020Q4,2020,3
1656,33433,2020-12-03 01:00:00,33441,2020-12-03 05:00:00,SELL,1830.14,1833.8717857142858,1833.8717857142858,1822.6764285714287,0.1,-38.01785714285707,-373.17857142857065,-1.0,SL,2020Q4,2020,8
1657,33443,2020-12-03 06:00:00,33450,2020-12-03 09:30:00,SELL,1835.17,1839.265,1839.265,1826.98,0.1,-41.650000000000276,-409.50000000000273,-1.0,SL,2020Q4,2020,7
1658,33452,2020-12-03 10:30:00,33467,2020-12-03 18:00:00,SELL,1839.63,1828.2835714285713,1845.3032142857144,1828.2835714285713,0.1,112.7642857142876,1134.642857142876,1.9634351097568952,TP,2020Q4,2020,15
1659,33488,2020-12-04 05:30:00,33508,2020-12-04 15:30:00,SELL,1842.16,1845.6850000000002,1845.6850000000002,1835.1100000000001,0.1,-35.95000000000091,-352.5000000000091,-1.0,SL_AMBIGUOUS_PESSIMISTIC,2020Q4,2020,20
1660,33509,2020-12-04 16:00:00,33509,2020-12-04 16:00:00,SELL,1838.06,1844.2271428571428,1844.2271428571428,1825.7257142857143,0.1,-62.37142857142835,-616.7142857142835,-1.0,SL,2020Q4,2020,0
1661,33510,2020-12-04 16:30:00,33544,2020-12-07 10:30:00,SELL,1841.93,1828.0485714285717,1848.8707142857143,1828.0485714285717,0.1,138.11428571428388,1388.1428571428387,1.9700458481915433,TP,2020Q4,2020,34
1662,33560,2020-12-07 18:30:00,33602,2020-12-08 16:30:00,SELL,1865.73,1873.775357142857,1873.775357142857,1849.6392857142857,0.1,-81.15357142857029,-804.5357142857029,-1.0,SL,2020Q4,2020,42
1663,33603,2020-12-08 17:00:00,33627,2020-12-09 06:00:00,SELL,1869.97,1856.8385714285714,1876.5357142857142,1856.8385714285714,0.1,130.61428571428615,1313.1428571428614,1.9683530678148886,TP,2020Q4,2020,24
1664,33650,2020-12-09 17:30:00,33655,2020-12-09 20:00:00,BUY,1842.0,1832.7921428571428,1832.7921428571428,1860.4157142857143,0.1,-92.77857142857165,-920.7857142857165,-1.0,SL,2020Q4,2020,5
1665,33694,2020-12-10 16:30:00,33733,2020-12-11 13:00:00,SELL,1842.85,1828.1714285714284,1850.1892857142857,1828.1714285714284,0.1,146.0857142857156,1467.8571428571558,1.9716571869276007,TP,2020Q4,2020,39
1666,33740,2020-12-11 16:30:00,33741,2020-12-11 17:00:00,SELL,1835.92,1843.1060714285713,1843.1060714285713,1821.5478571428573,0.1,-72.56071428571268,-718.6071428571267,-1.0,SL,2020Q4,2020,1
1667,33768,2020-12-14 07:30:00,33773,2020-12-14 10:00:00,BUY,1833.87,1830.4832142857142,1830.4832142857142,1840.6435714285712,0.1,-34.567857142856795,-338.6785714285679,-1.0,SL,2020Q4,2020,5
1668,33775,2020-12-14 11:00:00,33777,2020-12-14 12:00:00,BUY,1828.36,1824.7417857142855,1824.7417857142855,1835.5964285714285,0.1,-36.8821428571443,-361.821428571443,-1.0,SL,2020Q4,2020,2
1669,33787,2020-12-14 17:00:00,33817,2020-12-15 09:00:00,SELL,1833.11,1841.3139285714285,1841.3139285714285,1816.7021428571427,0.1,-82.73928571428605,-820.3928571428605,-1.0,SL,2020Q4,2020,30
1670,33819,2020-12-15 10:00:00,33820,2020-12-15 10:30:00,SELL,1842.52,1846.5014285714285,1846.5014285714285,1834.557142857143,0.1,-40.514285714285236,-398.14285714285234,-1.0,SL,2020Q4,2020,1
1671,33828,2020-12-15 14:30:00,33830,2020-12-15 15:30:00,SELL,1846.12,1850.9189285714285,1850.9189285714285,1836.5221428571429,0.1,-48.68928571428633,-479.89285714286325,-1.0,SL,2020Q4,2020,2
1672,33854,2020-12-16 04:30:00,33854,2020-12-16 04:30:00,SELL,1854.36,1857.2764285714284,1857.2764285714284,1848.5271428571427,0.1,-29.864285714284687,-291.6428571428469,-1.0,SL,2020Q4,2020,0
1673,33863,2020-12-16 09:00:00,33866,2020-12-16 10:30:00,SELL,1857.11,1860.4142857142856,1860.4142857142856,1850.5014285714285,0.1,-33.74285714285698,-330.42857142856974,-1.0,SL,2020Q4,2020,3
1674,33870,2020-12-16 12:30:00,33875,2020-12-16 15:00:00,SELL,1861.77,1852.7357142857143,1866.2871428571427,1852.7357142857143,0.1,89.64285714285715,903.4285714285716,1.9542198691996746,TP,2020Q4,2020,5
1675,33876,2020-12-16 15:30:00,33887,2020-12-16 21:00:00,BUY,1854.66,1848.1050000000002,1848.1050000000002,1867.77,0.1,-66.24999999999837,-655.4999999999836,-1.0,SL,2020Q4,2020,11
1676,33897,2020-12-17 03:00:00,33909,2020-12-17 09:00:00,SELL,1865.37,1871.6110714285712,1871.6110714285712,1852.887857142857,0.1,-63.110714285713314,-624.1071428571331,-1.0,SL,2020Q4,2020,12
1677,33913,2020-12-17 11:00:00,33921,2020-12-17 15:00:00,SELL,1878.75,1883.517857142857,1883.517857142857,1869.2142857142858,0.1,-48.37857142857111,-476.78571428571104,-1.0,SL,2020Q4,2020,8
1678,33922,2020-12-17 15:30:00,33922,2020-12-17 15:30:00,SELL,1878.31,1885.4371428571428,1885.4371428571428,1864.0557142857142,0.1,-71.97142857142872,-712.7142857142871,-1.0,SL,2020Q4,2020,0
1679,33924,2020-12-17 16:30:00,33989,2020-12-21 03:00:00,SELL,1888.75,1896.8103571428571,1896.8103571428571,1872.6292857142857,0.1,-81.30357142857129,-806.0357142857129,-1.0,SL,2020Q4,2020,65
1680,33991,2020-12-21 04:00:00,33997,2020-12-21 07:00:00,SELL,1896.64,1901.6939285714286,1901.6939285714286,1886.532142857143,0.1,-51.239285714285145,-505.3928571428514,-1.0,SL,2020Q4,2020,6
1681,34007,2020-12-21 12:00:00,34007,2020-12-21 12:00:00,BUY,1886.63,1877.669642857143,1877.669642857143,1904.5507142857145,0.1,-90.3035714285722,-896.035714285722,-1.0,SL,2020Q4,2020,0
1682,34046,2020-12-22 08:30:00,34046,2020-12-22 08:30:00,BUY,1877.29,1872.6239285714285,1872.6239285714285,1886.6221428571428,0.1,-47.36071428571513,-466.6071428571513,-1.0,SL,2020Q4,2020,0
1683,34066,2020-12-22 18:30:00,34072,2020-12-22 21:30:00,BUY,1867.62,1860.207857142857,1860.207857142857,1882.4442857142856,0.1,-74.82142857142954,-741.2142857142953,-1.0,SL,2020Q4,2020,6
1684,34073,2020-12-22 22:00:00,34103,2020-12-23 14:00:00,BUY,1864.85,1857.165714285714,1857.165714285714,1880.2185714285713,0.1,-77.54285714285807,-768.4285714285807,-1.0,SL,2020Q4,2020,30
1685,34131,2020-12-24 05:00:00,34141,2020-12-24 10:00:00,SELL,1876.91,1880.1757142857143,1880.1757142857143,1870.3785714285716,0.1,-33.35714285714239,-326.5714285714239,-1.0,SL,2020Q4,2020,10
1686,34142,2020-12-24 10:30:00,34146,2020-12-24 12:30:00,SELL,1879.52,1872.7035714285714,1882.9282142857144,1872.7035714285714,0.1,67.4642857142856,681.642857142856,1.9396241913953567,TP,2020Q4,2020,4
1687,34147,2020-12-24 13:00:00,34159,2020-12-28 01:00:00,BUY,1873.17,1881.42,1869.045,1881.42,0.1,81.8,825.0,1.9499404052443383,TP,2020Q4,2020,12
1688,34161,2020-12-28 02:00:00,34163,2020-12-28 03:00:00,SELL,1888.28,1893.7764285714286,1893.7764285714286,1877.2871428571427,0.1,-55.66428571428624,-549.6428571428623,-1.0,SL,2020Q4,2020,2
1689,34166,2020-12-28 04:30:00,34173,2020-12-28 08:00:00,SELL,1897.17,1884.827142857143,1903.3414285714287,1884.827142857143,0.1,122.72857142857156,1234.2857142857156,1.9663538567177843,TP,2020Q4,2020,7
1690,34183,2020-12-28 13:00:00,34184,2020-12-28 13:30:00,BUY,1879.21,1872.88,1872.88,1891.8700000000001,0.1,-63.999999999999275,-632.9999999999927,-1.0,SL,2020Q4,2020,1
1691,34192,2020-12-28 17:30:00,34195,2020-12-28 19:00:00,SELL,1891.94,1877.5785714285714,1899.1207142857145,1877.5785714285714,0.1,142.91428571428634,1436.1428571428632,1.9710373362230016,TP,2020Q4,2020,3
1692,34224,2020-12-29 10:30:00,34237,2020-12-29 17:00:00,SELL,1881.96,1872.2335714285716,1886.8232142857144,1872.2335714285716,0.1,96.56428571428414,972.6428571428414,1.957431405197956,TP,2020Q4,2020,13
1693,34238,2020-12-29 17:30:00,34289,2020-12-30 20:00:00,BUY,1877.5,1889.6285714285714,1871.4357142857143,1889.6285714285714,0.1,120.58571428571376,1212.8571428571377,1.9657661853749415,TP,2020Q4,2020,51
1694,34291,2020-12-30 21:00:00,34299,2020-12-31 02:00:00,SELL,1890.42,1895.5092857142859,1895.5092857142859,1880.2414285714287,0.1,-51.592857142857795,-508.9285714285779,-1.0,SL,2020Q4,2020,8
1695,34300,2020-12-31 02:30:00,34301,2020-12-31 03:00:00,SELL,1894.92,1898.1975,1898.1975,1888.365,0.1,-33.474999999999184,-327.7499999999918,-1.0,SL,2020Q4,2020,1
1696,34310,2020-12-31 07:30:00,34327,2020-12-31 16:00:00,BUY,1889.84,1898.8057142857144,1885.3571428571427,1898.8057142857144,0.1,88.95714285714512,896.5714285714512,1.9538751176655171,TP,2020Q4,2020,17
1697,34328,2020-12-31 16:30:00,34333,2021-01-04 01:00:00,SELL,1897.64,1902.0028571428572,1902.0028571428572,1888.9142857142858,0.1,-44.32857142857138,-436.28571428571377,-1.0,SL,2020Q4,2020,5
1698,34339,2021-01-04 04:00:00,34342,2021-01-04 05:30:00,SELL,1916.59,1924.410357142857,1924.410357142857,1900.9492857142857,0.1,-78.9035714285712,-782.035714285712,-1.0,SL,2021Q1,2021,3
1699,34343,2021-01-04 06:00:00,34351,2021-01-04 10:00:00,SELL,1923.14,1930.6314285714286,1930.6314285714286,1908.157142857143,0.1,-75.61428571428515,-749.1428571428514,-1.0,SL,2021Q1,2021,8
1700,34359,2021-01-04 14:00:00,34362,2021-01-04 15:30:00,SELL,1933.5,1939.460357142857,1939.460357142857,1921.5792857142858,0.1,-60.303571428569924,-596.0357142856992,-1.0,SL,2021Q1,2021,3
1701,34365,2021-01-04 17:00:00,34403,2021-01-05 13:00:00,SELL,1941.33,1948.8267857142855,1948.8267857142855,1926.3364285714285,0.1,-75.6678571428558,-749.6785714285579,-1.0,SL,2021Q1,2021,38
1702,34404,2021-01-05 13:30:00,34420,2021-01-05 21:30:00,SELL,1948.01,1953.23,1953.23,1937.57,0.1,-52.900000000000276,-522.0000000000027,-1.0,SL,2021Q1,2021,16
1703,34421,2021-01-05 22:00:00,34447,2021-01-06 12:00:00,SELL,1951.05,1958.0475,1958.0475,1937.0549999999998,0.1,-70.67499999999946,-699.7499999999945,-1.0,SL,2021Q1,2021,26
1704,34448,2021-01-06 12:30:00,34451,2021-01-06 14:00:00,SELL,1956.67,1944.3164285714286,1962.8467857142857,1944.3164285714286,0.1,122.83571428571513,1235.3571428571513,1.966382711108606,TP,2021Q1,2021,3
1705,34460,2021-01-06 18:30:00,34535,2021-01-08 10:00:00,BUY,1906.05,1892.2521428571429,1892.2521428571429,1933.6457142857143,0.1,-138.67857142857082,-1379.7857142857083,-1.0,SL,2021Q1,2021,75
1706,34547,2021-01-08 16:00:00,34548,2021-01-08 16:30:00,BUY,1890.95,1880.4714285714285,1880.4714285714285,1911.907142857143,0.1,-105.48571428571513,-1047.8571428571513,-1.0,SL,2021Q1,2021,1
1707,34555,2021-01-08 20:00:00,34555,2021-01-08 20:00:00,BUY,1844.22,1829.0517857142856,1829.0517857142856,1874.5564285714286,0.1,-152.38214285714383,-1516.8214285714384,-1.0,SL,2021Q1,2021,0
1708,34569,2021-01-11 04:00:00,34581,2021-01-11 10:00:00,BUY,1828.76,1853.8442857142857,1816.2178571428572,1853.8442857142857,0.1,250.1428571428567,2508.428571428567,1.9833493798493516,TP,2021Q1,2021,12
1709,34619,2021-01-12 06:00:00,34622,2021-01-12 07:30:00,SELL,1849.74,1854.8325,1854.8325,1839.555,0.1,-51.62499999999973,-509.24999999999727,-1.0,SL,2021Q1,2021,3
1710,34626,2021-01-12 09:30:00,34637,2021-01-12 15:00:00,SELL,1859.39,1848.7464285714286,1864.711785714286,1848.7464285714286,0.1,105.73571428571476,1064.3571428571477,1.9610518646088213,TP,2021Q1,2021,11
1711,34640,2021-01-12 16:30:00,34646,2021-01-12 19:30:00,BUY,1846.02,1838.0925,1838.0925,1861.875,0.1,-79.9750000000001,-792.7500000000009,-1.0,SL,2021Q1,2021,6
1712,34709,2021-01-14 05:00:00,34738,2021-01-14 19:30:00,BUY,1839.75,1853.6014285714286,1832.8242857142857,1853.6014285714286,0.1,137.81428571428643,1385.1428571428642,1.9699816214008579,TP,2021Q1,2021,29
1713,34740,2021-01-14 20:30:00,34776,2021-01-15 15:30:00,SELL,1853.12,1836.6671428571428,1861.3464285714285,1836.6671428571428,0.1,163.82857142857057,1645.2857142857056,1.9746879035729388,TP,2021Q1,2021,36
1714,34782,2021-01-15 18:30:00,34794,2021-01-18 01:30:00,BUY,1828.48,1819.3417857142856,1819.3417857142856,1846.7564285714286,0.1,-92.08214285714412,-913.8214285714412,-1.0,SL,2021Q1,2021,12
1715,34809,2021-01-18 09:00:00,34849,2021-01-19 10:00:00,SELL,1838.14,1844.4925,1844.4925,1825.4350000000002,0.1,-64.22499999999964,-635.2499999999964,-1.0,SL,2021Q1,2021,40
1716,34855,2021-01-19 13:00:00,34859,2021-01-19 15:00:00,SELL,1844.7,1835.7621428571429,1849.1689285714288,1835.7621428571429,0.1,88.67857142857183,893.7857142857183,1.9537335746321016,TP,2021Q1,2021,4
1717,34860,2021-01-19 15:30:00,34881,2021-01-20 03:00:00,BUY,1836.99,1847.1385714285714,1831.9157142857143,1847.1385714285714,0.1,100.78571428571358,1014.8571428571358,1.9591780061094135,TP,2021Q1,2021,21
1718,34889,2021-01-20 07:00:00,34891,2021-01-20 08:00:00,SELL,1849.46,1852.6935714285714,1852.6935714285714,1842.9928571428572,0.1,-33.03571428571395,-323.3571428571395,-1.0,SL,2021Q1,2021,2
1719,34893,2021-01-20 09:00:00,34894,2021-01-20 09:30:00,SELL,1852.45,1856.1110714285714,1856.1110714285714,1845.1278571428572,0.1,-37.31071428571404,-366.1071428571404,-1.0,SL,2021Q1,2021,1
1720,34898,2021-01-20 11:30:00,34902,2021-01-20 13:30:00,SELL,1856.18,1848.6842857142858,1859.9278571428572,1848.6842857142858,0.1,74.25714285714257,749.5714285714257,1.9449953227315244,TP,2021Q1,2021,4
1721,34906,2021-01-20 15:30:00,34907,2021-01-20 16:00:00,BUY,1841.08,1852.9342857142856,1835.152857142857,1852.9342857142856,0.1,117.84285714285652,1185.4285714285652,1.964983325393044,TP,2021Q1,2021,1
1722,34909,2021-01-20 17:00:00,34909,2021-01-20 17:00:00,SELL,1855.4,1863.7807142857143,1863.7807142857143,1838.6385714285714,0.1,-84.50714285714248,-838.0714285714248,-1.0,SL,2021Q1,2021,0
1723,34911,2021-01-20 18:00:00,34993,2021-01-22 13:00:00,SELL,1866.58,1846.5485714285712,1876.5957142857142,1846.5485714285712,0.1,199.61428571428706,2003.1428571428705,1.97917847025498,TP,2021Q1,2021,82
1724,34999,2021-01-22 16:00:00,35003,2021-01-22 18:00:00,BUY,1843.33,1857.1021428571428,1836.4439285714284,1857.1021428571428,0.1,137.02142857142854,1377.2142857142853,1.969810545771904,TP,2021Q1,2021,4
1725,35016,2021-01-25 01:30:00,35038,2021-01-25 12:30:00,SELL,1857.91,1862.5342857142857,1862.5342857142857,1848.6614285714288,0.1,-46.94285714285634,-462.4285714285634,-1.0,SL,2021Q1,2021,22
1726,35040,2021-01-25 13:30:00,35043,2021-01-25 15:00:00,SELL,1862.9,1867.8446428571428,1867.8446428571428,1853.0107142857144,0.1,-50.146428571427535,-494.4642857142753,-1.0,SL,2021Q1,2021,3
1727,35050,2021-01-25 18:30:00,35112,2021-01-27 03:30:00,BUY,1852.07,1844.395357142857,1844.395357142857,1867.4192857142857,0.1,-77.44642857142999,-767.4642857142999,-1.0,SL,2021Q1,2021,62
1728,35113,2021-01-27 04:00:00,35132,2021-01-27 13:30:00,BUY,1846.27,1842.7728571428572,1842.7728571428572,1853.2642857142857,0.1,-35.671428571427626,-349.71428571427623,-1.0,SL,2021Q1,2021,19
1729,35134,2021-01-27 14:30:00,35138,2021-01-27 16:30:00,BUY,1841.31,1836.0964285714285,1836.0964285714285,1851.7371428571428,0.1,-52.83571428571413,-521.3571428571413,-1.0,SL,2021Q1,2021,4
1730,35178,2021-01-28 13:30:00,35182,2021-01-28 15:30:00,SELL,1840.46,1844.7939285714288,1844.7939285714288,1831.7921428571428,0.1,-44.039285714287146,-433.39285714287143,-1.0,SL,2021Q1,2021,4
1731,35185,2021-01-28 17:00:00,35185,2021-01-28 17:00:00,SELL,1854.73,1862.4817857142857,1862.4817857142857,1839.2264285714286,0.1,-78.21785714285689,-775.1785714285688,-1.0,SL,2021Q1,2021,0
1732,35186,2021-01-28 17:30:00,35189,2021-01-28 19:00:00,SELL,1859.74,1843.3492857142858,1867.9353571428571,1843.3492857142858,0.1,163.2071428571424,1639.071428571424,1.9745927494274726,TP,2021Q1,2021,3
1733,35212,2021-01-29 07:30:00,35214,2021-01-29 08:30:00,SELL,1844.94,1848.4907142857144,1848.4907142857144,1837.8385714285714,0.1,-36.20714285714321,-355.0714285714321,-1.0,SL,2021Q1,2021,2
1734,35220,2021-01-29 11:30:00,35222,2021-01-29 12:30:00,SELL,1848.91,1854.2125,1854.2125,1838.3050000000003,0.1,-53.725000000000094,-530.2500000000009,-1.0,SL,2021Q1,2021,2
1735,35227,2021-01-29 15:00:00,35228,2021-01-29 15:30:00,SELL,1864.94,1872.7742857142857,1872.7742857142857,1849.2714285714287,0.1,-79.0428571428567,-783.428571428567,-1.0,SL,2021Q1,2021,1
1736,35230,2021-01-29 16:30:00,35242,2021-01-29 22:30:00,SELL,1864.87,1846.6707142857142,1873.9696428571428,1846.6707142857142,0.1,181.2928571428568,1819.928571428568,1.9770983446932568,TP,2021Q1,2021,12
1737,35244,2021-01-29 23:30:00,35245,2021-02-01 01:00:00,BUY,1845.86,1863.2385714285713,1837.1707142857142,1863.2385714285713,0.1,173.08571428571378,1737.8571428571377,1.9760254423876702,TP,2021Q1,2021,1
1738,35260,2021-02-01 08:30:00,35302,2021-02-02 06:30:00,SELL,1866.04,1853.189285714286,1872.465357142857,1853.189285714286,0.1,127.80714285714048,1285.0714285714048,1.9676692142738967,TP,2021Q1,2021,42
1739,35318,2021-02-02 14:30:00,35319,2021-02-02 15:00:00,BUY,1843.23,1836.024642857143,1836.024642857143,1857.6407142857142,0.1,-72.7535714285711,-720.535714285711,-1.0,SL,2021Q1,2021,1
1740,35321,2021-02-02 16:00:00,35388,2021-02-04 03:30:00,BUY,1838.2,1829.1914285714286,1829.1914285714286,1856.2171428571428,0.1,-90.78571428571486,-900.8571428571486,-1.0,SL,2021Q1,2021,67
1741,35390,2021-02-04 04:30:00,35390,2021-02-04 04:30:00,BUY,1826.0,1822.507142857143,1822.507142857143,1832.9857142857143,0.1,-35.6285714285702,-349.28571428570194,-1.0,SL,2021Q1,2021,0
1742,35392,2021-02-04 05:30:00,35396,2021-02-04 07:30:00,BUY,1822.57,1818.6732142857143,1818.6732142857143,1830.3635714285713,0.1,-39.667857142856704,-389.678571428567,-1.0,SL,2021Q1,2021,4
1743,35416,2021-02-04 17:30:00,35447,2021-02-05 10:00:00,BUY,1790.7,1809.4821428571431,1781.3089285714286,1809.4821428571431,0.1,187.12142857143073,1878.2142857143072,1.9778037824166939,TP,2021Q1,2021,31
1744,35458,2021-02-05 15:30:00,35464,2021-02-05 18:30:00,BUY,1797.11,1810.442857142857,1790.4435714285714,1810.442857142857,0.1,132.62857142857166,1333.2857142857165,1.9688262114304225,TP,2021Q1,2021,6
1745,35466,2021-02-05 19:30:00,35500,2021-02-08 13:30:00,SELL,1813.78,1821.7825,1821.7825,1797.7749999999999,0.1,-80.72500000000055,-800.2500000000055,-1.0,SL,2021Q1,2021,34
1746,35509,2021-02-08 18:00:00,35532,2021-02-09 06:30:00,SELL,1836.55,1843.1917857142857,1843.1917857142857,1823.2664285714286,0.1,-67.11785714285789,-664.1785714285788,-1.0,SL,2021Q1,2021,23
1747,35533,2021-02-09 07:00:00,35540,2021-02-09 10:30:00,SELL,1841.14,1844.6435714285715,1844.6435714285715,1834.1328571428573,0.1,-35.73571428571377,-350.35714285713766,-1.0,SL,2021Q1,2021,7
1748,35543,2021-02-09 12:00:00,35552,2021-02-09 16:30:00,SELL,1846.53,1837.5128571428572,1851.0385714285715,1837.5128571428572,0.1,89.47142857142744,901.7142857142744,1.9541341653665654,TP,2021Q1,2021,9
1749,35581,2021-02-10 08:00:00,35583,2021-02-10 09:00:00,SELL,1842.68,1846.4782142857143,1846.4782142857143,1835.0835714285715,0.1,-38.682142857142665,-379.8214285714266,-1.0,SL,2021Q1,2021,2
1750,35585,2021-02-10 10:00:00,35596,2021-02-10 15:30:00,SELL,1845.53,1849.5821428571428,1849.5821428571428,1837.4257142857143,0.1,-41.22142857142826,-405.2142857142826,-1.0,SL,2021Q1,2021,11
1751,35600,2021-02-10 17:30:00,35648,2021-02-11 18:30:00,BUY,1841.16,1833.6739285714286,1833.6739285714286,1856.132142857143,0.1,-75.5607142857145,-748.6071428571449,-1.0,SL,2021Q1,2021,48
1752,35651,2021-02-11 20:00:00,35666,2021-02-12 04:30:00,BUY,1826.81,1820.6857142857143,1820.6857142857143,1839.0585714285714,0.1,-61.94285714285634,-612.4285714285634,-1.0,SL,2021Q1,2021,15
1753,35676,2021-02-12 09:30:00,35677,2021-02-12 10:00:00,BUY,1819.2,1815.9964285714286,1815.9964285714286,1825.607142857143,0.1,-32.735714285714224,-320.3571428571422,-1.0,SL,2021Q1,2021,1
1754,35689,2021-02-12 16:00:00,35692,2021-02-12 17:30:00,BUY,1815.82,1827.3357142857142,1810.0621428571428,1827.3357142857142,0.1,114.45714285714239,1151.571428571424,1.9639661723250394,TP,2021Q1,2021,3
1755,35722,2021-02-15 09:30:00,35768,2021-02-16 13:30:00,BUY,1819.31,1815.4860714285714,1815.4860714285714,1826.9578571428572,0.1,-38.93928571428496,-382.3928571428496,-1.0,SL,2021Q1,2021,46
1756,35775,2021-02-16 17:00:00,35775,2021-02-16 17:00:00,BUY,1791.87,1808.3142857142857,1783.647857142857,1808.3142857142857,0.1,163.74285714285799,1644.4285714285797,1.9746748212593679,TP,2021Q1,2021,0
1757,35793,2021-02-17 03:00:00,35807,2021-02-17 10:00:00,BUY,1789.23,1784.6667857142857,1784.6667857142857,1798.3564285714285,0.1,-46.332142857143666,-456.3214285714366,-1.0,SL,2021Q1,2021,14
1758,35808,2021-02-17 10:30:00,35817,2021-02-17 15:00:00,BUY,1787.05,1782.4042857142856,1782.4042857142856,1796.3414285714287,0.1,-47.157142857143484,-464.5714285714348,-1.0,SL,2021Q1,2021,9
1759,35819,2021-02-17 16:00:00,35822,2021-02-17 17:30:00,BUY,1779.34,1771.7628571428572,1771.7628571428572,1794.4942857142855,0.1,-76.4714285714269,-757.714285714269,-1.0,SL,2021Q1,2021,3
1760,35824,2021-02-17 18:30:00,35885,2021-02-19 03:00:00,BUY,1773.29,1764.6960714285715,1764.6960714285715,1790.477857142857,0.1,-86.63928571428478,-859.3928571428478,-1.0,SL,2021Q1,2021,61
1761,35887,2021-02-19 04:00:00,35910,2021-02-19 15:30:00,BUY,1767.29,1778.3985714285714,1761.7357142857143,1778.3985714285714,0.1,110.38571428571395,1110.8571428571395,1.9626619253238504,TP,2021Q1,2021,23
1762,35912,2021-02-19 16:30:00,35912,2021-02-19 16:30:00,SELL,1778.98,1786.1939285714286,1786.1939285714286,1764.552142857143,0.1,-72.83928571428596,-721.3928571428596,-1.0,SL,2021Q1,2021,0
1763,35913,2021-02-19 17:00:00,35941,2021-02-22 08:00:00,SELL,1786.51,1794.6357142857141,1794.6357142857141,1770.2585714285715,0.1,-81.95714285714139,-812.5714285714139,-1.0,SL,2021Q1,2021,28
1764,35946,2021-02-22 10:30:00,35947,2021-02-22 11:00:00,SELL,1791.47,1797.2053571428573,1797.2053571428573,1779.9992857142856,0.1,-58.05357142857311,-573.535714285731,-1.0,SL,2021Q1,2021,1
1765,35949,2021-02-22 12:00:00,35958,2021-02-22 16:30:00,SELL,1797.27,1802.972142857143,1802.972142857143,1785.8657142857141,0.1,-57.72142857142917,-570.2142857142917,-1.0,SL,2021Q1,2021,9
1766,35964,2021-02-22 19:30:00,36004,2021-02-23 16:30:00,SELL,1810.06,1796.0157142857142,1817.0821428571428,1796.0157142857142,0.1,139.74285714285708,1404.4285714285706,1.970389767348172,TP,2021Q1,2021,40
1767,36024,2021-02-24 03:30:00,36024,2021-02-24 03:30:00,SELL,1809.9,1813.104642857143,1813.104642857143,1803.4907142857144,0.1,-32.74642857142972,-320.46428571429715,-1.0,SL,2021Q1,2021,0
1768,36027,2021-02-24 05:00:00,36047,2021-02-24 15:00:00,SELL,1810.13,1803.2685714285715,1813.5607142857143,1803.2685714285715,0.1,67.91428571428632,686.1428571428632,1.9400122423995736,TP,2021Q1,2021,20
1769,36081,2021-02-25 09:00:00,36081,2021-02-25 09:00:00,BUY,1796.79,1791.1617857142858,1791.1617857142858,1808.0464285714284,0.1,-56.98214285714194,-562.8214285714193,-1.0,SL,2021Q1,2021,0
1770,36085,2021-02-25 11:00:00,36090,2021-02-25 13:30:00,BUY,1790.55,1784.7257142857143,1784.7257142857143,1802.1985714285713,0.1,-58.942857142856795,-582.4285714285679,-1.0,SL,2021Q1,2021,5
1771,36094,2021-02-25 15:30:00,36097,2021-02-25 17:00:00,BUY,1783.41,1775.6067857142857,1775.6067857142857,1799.0164285714286,0.1,-78.73214285714376,-780.3214285714375,-1.0,SL,2021Q1,2021,3
1772,36099,2021-02-25 18:00:00,36103,2021-02-25 20:00:00,BUY,1776.01,1766.9478571428572,1766.9478571428572,1794.1342857142859,0.1,-91.32142857142817,-906.2142857142817,-1.0,SL,2021Q1,2021,4
1773,36104,2021-02-25 20:30:00,36113,2021-02-26 02:00:00,BUY,1777.05,1766.4278571428572,1766.4278571428572,1798.2942857142857,0.1,-106.92142857142763,-1062.2142857142762,-1.0,SL,2021Q1,2021,9
1774,36114,2021-02-26 02:30:00,36124,2021-02-26 07:30:00,BUY,1768.85,1760.5089285714284,1760.5089285714284,1785.5321428571428,0.1,-84.11071428571468,-834.1071428571468,-1.0,SL,2021Q1,2021,10
1775,36128,2021-02-26 09:30:00,36142,2021-02-26 16:30:00,BUY,1759.65,1752.7050000000002,1752.7050000000002,1773.54,0.1,-70.14999999999937,-694.4999999999936,-1.0,SL,2021Q1,2021,14
1776,36171,2021-03-01 08:00:00,36171,2021-03-01 08:00:00,SELL,1750.62,1755.8196428571428,1755.8196428571428,1740.2207142857142,0.1,-52.696428571428626,-519.9642857142862,-1.0,SL,2021Q1,2021,0
1777,36173,2021-03-01 09:00:00,36174,2021-03-01 09:30:00,SELL,1753.76,1758.6917857142857,1758.6917857142857,1743.8964285714285,0.1,-50.01785714285752,-493.1785714285752,-1.0,SL,2021Q1,2021,1
1778,36175,2021-03-01 10:00:00,36182,2021-03-01 13:30:00,SELL,1753.57,1742.9778571428571,1758.8660714285713,1742.9778571428571,0.1,105.2214285714279,1059.214285714279,1.9608652246256235,TP,2021Q1,2021,7
1779,36183,2021-03-01 14:00:00,36184,2021-03-01 14:30:00,BUY,1743.58,1738.0257142857142,1738.0257142857142,1754.6885714285713,0.1,-56.24285714285698,-555.4285714285697,-1.0,SL,2021Q1,2021,1
1780,36187,2021-03-01 16:00:00,36193,2021-03-01 19:00:00,BUY,1736.06,1728.8246428571429,1728.8246428571429,1750.5307142857143,0.1,-73.05357142857083,-723.5357142857083,-1.0,SL,2021Q1,2021,6
1781,36198,2021-03-01 21:30:00,36208,2021-03-02 03:30:00,BUY,1721.12,1711.4042857142856,1711.4042857142856,1740.5514285714285,0.1,-97.85714285714285,-971.5714285714284,-1.0,SL,2021Q1,2021,10
1782,36210,2021-03-02 04:30:00,36211,2021-03-02 05:00:00,BUY,1715.21,1708.07,1708.07,1729.49,0.1,-72.100000000001,-714.00000000001,-1.0,SL,2021Q1,2021,1
1783,36227,2021-03-02 13:00:00,36230,2021-03-02 14:30:00,SELL,1727.77,1734.2082142857143,1734.2082142857143,1714.8935714285715,0.1,-65.08214285714367,-643.8214285714366,-1.0,SL,2021Q1,2021,3
1784,36232,2021-03-02 15:30:00,36240,2021-03-02 19:30:00,SELL,1729.03,1736.0928571428572,1736.0928571428572,1714.9042857142856,0.1,-71.32857142857183,-706.2857142857183,-1.0,SL,2021Q1,2021,8
1785,36249,2021-03-03 01:00:00,36271,2021-03-03 12:00:00,SELL,1737.56,1724.9192857142857,1743.880357142857,1724.9192857142857,0.1,125.70714285714239,1264.071428571424,1.9671379869222598,TP,2021Q1,2021,22
1786,36272,2021-03-03 12:30:00,36274,2021-03-03 13:30:00,BUY,1726.1,1721.8292857142856,1721.8292857142856,1734.6414285714284,0.1,-43.407142857143484,-427.0714285714348,-1.0,SL,2021Q1,2021,2
1787,36275,2021-03-03 14:00:00,36277,2021-03-03 15:00:00,BUY,1724.28,1719.2667857142858,1719.2667857142858,1734.3064285714286,0.1,-50.83214285714185,-501.32142857141844,-1.0,SL,2021Q1,2021,2
1788,36282,2021-03-03 17:30:00,36282,2021-03-03 17:30:00,BUY,1711.33,1703.4464285714284,1703.4464285714284,1727.097142857143,0.1,-79.53571428571486,-788.3571428571486,-1.0,SL,2021Q1,2021,0
1789,36283,2021-03-03 18:00:00,36305,2021-03-04 06:00:00,BUY,1715.98,1706.7067857142858,1706.7067857142858,1734.5264285714286,0.1,-93.43214285714176,-927.3214285714175,-1.0,SL,2021Q1,2021,22
1790,36306,2021-03-04 06:30:00,36315,2021-03-04 11:00:00,BUY,1713.07,1707.7546428571427,1707.7546428571427,1723.7007142857142,0.1,-53.85357142857238,-531.5357142857238,-1.0,SL,2021Q1,2021,9
1791,36316,2021-03-04 11:30:00,36323,2021-03-04 15:00:00,BUY,1709.03,1721.0535714285713,1703.0182142857143,1721.0535714285713,0.1,119.53571428571358,1202.3571428571358,1.9654706676845377,TP,2021Q1,2021,7
1792,36324,2021-03-04 15:30:00,36332,2021-03-04 19:30:00,SELL,1715.23,1698.7492857142856,1723.4703571428572,1698.7492857142856,0.1,164.10714285714386,1648.0714285714384,1.9747303279040787,TP,2021Q1,2021,8
1793,36334,2021-03-04 20:30:00,36334,2021-03-04 20:30:00,BUY,1703.15,1693.2767857142858,1693.2767857142858,1722.8964285714287,0.1,-99.43214285714312,-987.3214285714312,-1.0,SL,2021Q1,2021,0
1794,36344,2021-03-05 02:30:00,36387,2021-03-08 01:00:00,BUY,1692.77,1711.8221428571428,1683.2439285714286,1711.8221428571428,0.1,189.82142857142827,1905.2142857142826,1.9781160445122632,TP,2021Q1,2021,43
1795,36394,2021-03-08 04:30:00,36403,2021-03-08 09:00:00,SELL,1712.14,1700.337142857143,1718.0414285714287,1700.337142857143,0.1,117.32857142857192,1180.2857142857192,1.9648325358851675,TP,2021Q1,2021,9
1796,36405,2021-03-08 10:00:00,36406,2021-03-08 10:30:00,BUY,1699.37,1693.9389285714285,1693.9389285714285,1710.232142857143,0.1,-55.01071428571386,-543.1071428571386,-1.0,SL,2021Q1,2021,1
1797,36407,2021-03-08 11:00:00,36407,2021-03-08 11:00:00,BUY,1696.51,1691.2685714285715,1691.2685714285715,1706.9928571428572,0.1,-53.114285714285145,-524.1428571428514,-1.0,SL,2021Q1,2021,0
1798,36409,2021-03-08 12:00:00,36413,2021-03-08 14:00:00,BUY,1690.82,1685.492857142857,1685.492857142857,1701.4742857142855,0.1,-53.97142857142917,-532.7142857142917,-1.0,SL,2021Q1,2021,4
1799,36414,2021-03-08 14:30:00,36420,2021-03-08 17:30:00,BUY,1689.28,1682.857857142857,1682.857857142857,1702.1242857142856,0.1,-64.92142857142944,-642.2142857142944,-1.0,SL,2021Q1,2021,6
1800,36423,2021-03-08 19:00:00,36450,2021-03-09 09:30:00,BUY,1679.88,1695.915,1671.8625000000002,1695.915,0.1,159.64999999999856,1603.4999999999854,1.97403400309119,TP,2021Q1,2021,27
1801,36454,2021-03-09 11:30:00,36457,2021-03-09 13:00:00,SELL,1702.63,1707.7,1707.7,1692.49,0.1,-51.399999999999366,-506.99999999999363,-1.0,SL,2021Q1,2021,3
1802,36465,2021-03-09 17:00:00,36519,2021-03-10 21:00:00,SELL,1717.58,1725.1967857142856,1725.1967857142856,1702.3464285714285,0.1,-76.86785714285698,-761.6785714285697,-1.0,SL,2021Q1,2021,54
1803,36523,2021-03-10 23:00:00,36532,2021-03-11 04:30:00,SELL,1725.37,1731.397857142857,1731.397857142857,1713.3142857142855,0.1,-60.978571428571016,-602.7857142857101,-1.0,SL,2021Q1,2021,9
1804,36533,2021-03-11 05:00:00,36533,2021-03-11 05:00:00,SELL,1730.0,1733.6707142857142,1733.6707142857142,1722.6585714285716,0.1,-37.40714285714212,-367.07142857142117,-1.0,SL,2021Q1,2021,0
1805,36535,2021-03-11 06:00:00,36538,2021-03-11 07:30:00,SELL,1731.66,1735.5482142857143,1735.5482142857143,1723.8835714285715,0.1,-39.58214285714185,-388.82142857141844,-1.0,SL,2021Q1,2021,3
1806,36543,2021-03-11 10:00:00,36555,2021-03-11 16:00:00,SELL,1736.52,1726.9178571428572,1741.3210714285715,1726.9178571428572,0.1,95.3214285714278,960.214285714278,1.9568883349218689,TP,2021Q1,2021,12
1807,36557,2021-03-11 17:00:00,36584,2021-03-12 07:30:00,BUY,1723.11,1716.2132142857142,1716.2132142857142,1736.9035714285715,0.1,-69.6678571428567,-689.678571428567,-1.0,SL,2021Q1,2021,27
1808,36585,2021-03-12 08:00:00,36585,2021-03-12 08:00:00,BUY,1718.28,1714.62,1714.62,1725.6,0.1,-37.30000000000082,-366.0000000000082,-1.0,SL,2021Q1,2021,0
1809,36588,2021-03-12 09:30:00,36590,2021-03-12 10:30:00,BUY,1710.76,1706.0457142857142,1706.0457142857142,1720.1885714285715,0.1,-47.842857142857795,-471.4285714285779,-1.0,SL,2021Q1,2021,2
1810,36591,2021-03-12 11:00:00,36592,2021-03-12 11:30:00,BUY,1706.62,1701.4846428571427,1701.4846428571427,1716.8907142857142,0.1,-52.05357142857174,-513.5357142857174,-1.0,SL,2021Q1,2021,1
1811,36609,2021-03-12 20:00:00,36616,2021-03-12 23:30:00,SELL,1719.71,1728.0017857142857,1728.0017857142857,1703.1264285714287,0.1,-83.61785714285652,-829.1785714285652,-1.0,SL,2021Q1,2021,7
1812,36618,2021-03-15 00:30:00,36623,2021-03-15 03:00:00,SELL,1726.67,1732.6817857142858,1732.6817857142858,1714.6464285714287,0.1,-60.817857142856795,-601.1785714285679,-1.0,SL,2021Q1,2021,5
1813,36625,2021-03-15 04:00:00,36648,2021-03-15 15:30:00,SELL,1729.38,1734.1671428571428,1734.1671428571428,1719.8057142857144,0.1,-48.57142857142726,-478.7142857142726,-1.0,SL,2021Q1,2021,23
1814,36649,2021-03-15 16:00:00,36695,2021-03-16 16:00:00,SELL,1733.7,1739.3260714285716,1739.3260714285716,1722.4478571428572,0.1,-56.9607142857155,-562.6071428571549,-1.0,SL,2021Q1,2021,46
1815,36697,2021-03-16 17:00:00,36749,2021-03-17 20:00:00,SELL,1733.85,1739.6517857142856,1739.6517857142856,1722.2464285714286,0.1,-58.71785714285643,-580.1785714285643,-1.0,SL,2021Q1,2021,52
1816,36752,2021-03-17 21:30:00,36765,2021-03-18 05:00:00,SELL,1747.97,1755.287857142857,1755.287857142857,1733.3342857142857,0.1,-73.87857142857065,-731.7857142857065,-1.0,SL,2021Q1,2021,13
1817,36766,2021-03-18 05:30:00,36774,2021-03-18 09:30:00,SELL,1750.41,1740.182142857143,1755.5239285714285,1740.182142857143,0.1,101.57857142857146,1022.7857142857147,1.9594901825697983,TP,2021Q1,2021,8
1818,36777,2021-03-18 11:00:00,36782,2021-03-18 13:30:00,BUY,1736.65,1730.3457142857144,1730.3457142857144,1749.2585714285715,0.1,-63.74285714285698,-630.4285714285697,-1.0,SL,2021Q1,2021,5
1819,36784,2021-03-18 14:30:00,36785,2021-03-18 15:00:00,BUY,1729.13,1721.8507142857145,1721.8507142857145,1743.6885714285715,0.1,-73.49285714285607,-727.9285714285606,-1.0,SL,2021Q1,2021,1
1820,36787,2021-03-18 16:00:00,36817,2021-03-19 08:00:00,BUY,1723.26,1740.9878571428571,1714.3960714285715,1740.9878571428571,0.1,176.57857142857148,1772.7857142857147,1.9764941035379024,TP,2021Q1,2021,30
1821,36821,2021-03-19 10:00:00,36846,2021-03-19 22:30:00,SELL,1741.45,1746.7717857142857,1746.7717857142857,1730.8064285714286,0.1,-53.91785714285625,-532.1785714285625,-1.0,SL,2021Q1,2021,25
1822,36848,2021-03-22 00:30:00,36863,2021-03-22 08:00:00,SELL,1739.81,1730.567857142857,1744.4310714285714,1730.567857142857,0.1,91.7214285714288,924.214285714288,1.9552341073467834,TP,2021Q1,2021,15
1823,36865,2021-03-22 09:00:00,36885,2021-03-22 19:00:00,BUY,1730.63,1740.3478571428573,1725.7710714285715,1740.3478571428573,0.1,96.47857142857156,971.7857142857156,1.9573943917107455,TP,2021Q1,2021,20
1824,36886,2021-03-22 19:30:00,36924,2021-03-23 15:30:00,SELL,1738.73,1728.4035714285715,1743.8932142857143,1728.4035714285715,0.1,102.5642857142855,1032.642857142855,1.959871698628267,TP,2021Q1,2021,38
1825,36926,2021-03-23 16:30:00,37015,2021-03-25 15:00:00,BUY,1728.47,1739.48,1722.9650000000001,1739.48,0.1,109.3999999999999,1100.999999999999,1.9623318385650623,TP,2021Q1,2021,89
1826,37017,2021-03-25 16:00:00,37023,2021-03-25 19:00:00,SELL,1738.94,1727.795,1744.5125,1727.795,0.1,110.74999999999982,1114.4999999999982,1.962782454585733,TP,2021Q1,2021,6
1827,37024,2021-03-25 19:30:00,37108,2021-03-29 16:30:00,BUY,1727.24,1719.7464285714286,1719.7464285714286,1742.2271428571428,0.1,-75.63571428571386,-749.3571428571386,-1.0,SL,2021Q1,2021,84
1828,37110,2021-03-29 17:30:00,37140,2021-03-30 09:30:00,BUY,1708.34,1702.3957142857141,1702.3957142857141,1720.2285714285713,0.1,-60.14285714285798,-594.4285714285797,-1.0,SL,2021Q1,2021,30
1829,37148,2021-03-30 13:30:00,37149,2021-03-30 14:00:00,BUY,1696.33,1691.4110714285714,1691.4110714285714,1706.167857142857,0.1,-49.889285714285236,-491.89285714285234,-1.0,SL,2021Q1,2021,1
1830,37151,2021-03-30 15:00:00,37152,2021-03-30 15:30:00,BUY,1688.62,1682.805357142857,1682.805357142857,1700.2492857142856,0.1,-58.84642857142872,-581.4642857142871,-1.0,SL,2021Q1,2021,1
1831,37153,2021-03-30 16:00:00,37200,2021-03-31 16:30:00,BUY,1683.89,1697.3385714285714,1677.1657142857143,1697.3385714285714,0.1,133.78571428571314,1344.8571428571313,1.9690916736753243,TP,2021Q1,2021,47
1832,37202,2021-03-31 17:30:00,37202,2021-03-31 17:30:00,SELL,1697.01,1702.4325,1702.4325,1686.165,0.1,-54.924999999999,-542.24999999999,-1.0,SL,2021Q1,2021,0
1833,37206,2021-03-31 19:30:00,37207,2021-03-31 20:00:00,SELL,1708.49,1715.1607142857142,1715.1607142857142,1695.1485714285716,0.1,-67.40714285714212,-667.0714285714212,-1.0,SL,2021Q1,2021,1
1834,37245,2021-04-01 16:00:00,37245,2021-04-01 16:00:00,SELL,1718.68,1723.7939285714288,1723.7939285714288,1708.452142857143,0.1,-51.83928571428687,-511.3928571428687,-1.0,SL,2021Q2,2021,0
1835,37247,2021-04-01 17:00:00,37249,2021-04-01 18:00:00,SELL,1724.61,1730.1546428571428,1730.1546428571428,1713.5207142857141,0.1,-56.1464285714289,-554.464285714289,-1.0,SL,2021Q2,2021,2
1836,37250,2021-04-01 18:30:00,37313,2021-04-06 04:00:00,SELL,1727.9,1733.7875000000001,1733.7875000000001,1716.125,0.1,-59.57500000000046,-588.7500000000045,-1.0,SL,2021Q2,2021,63
1837,37315,2021-04-06 05:00:00,37322,2021-04-06 08:30:00,SELL,1734.22,1737.3925000000002,1737.3925000000002,1727.875,0.1,-32.425000000001276,-317.25000000001273,-1.0,SL,2021Q2,2021,7
1838,37324,2021-04-06 09:30:00,37324,2021-04-06 09:30:00,SELL,1736.29,1730.0800000000002,1739.395,1730.0800000000002,0.1,61.39999999999809,620.9999999999809,1.9338582677164642,TP,2021Q2,2021,0
1839,37337,2021-04-06 16:00:00,37338,2021-04-06 16:30:00,SELL,1735.92,1741.0542857142857,1741.0542857142857,1725.6514285714288,0.1,-52.04285714285625,-513.4285714285625,-1.0,SL,2021Q2,2021,1
1840,37340,2021-04-06 17:30:00,37341,2021-04-06 18:00:00,SELL,1739.92,1745.0628571428572,1745.0628571428572,1729.6342857142859,0.1,-52.12857142857111,-514.285714285711,-1.0,SL,2021Q2,2021,1
1841,37344,2021-04-06 19:30:00,37379,2021-04-07 14:00:00,SELL,1743.73,1734.0442857142857,1748.5728571428572,1734.0442857142857,0.1,96.15714285714311,968.5714285714312,1.957255015993021,TP,2021Q2,2021,35
1842,37382,2021-04-07 15:30:00,37414,2021-04-08 08:30:00,BUY,1734.7,1743.2500000000002,1730.425,1743.2500000000002,0.1,84.80000000000182,855.0000000000182,1.9516685845799777,TP,2021Q2,2021,32
1843,37419,2021-04-08 11:00:00,37425,2021-04-08 14:00:00,SELL,1745.13,1748.8007142857143,1748.8007142857143,1737.7885714285715,0.1,-37.40714285714212,-367.07142857142117,-1.0,SL,2021Q2,2021,6
1844,37432,2021-04-08 17:30:00,37464,2021-04-09 10:30:00,SELL,1755.5,1745.3428571428572,1760.5785714285714,1745.3428571428572,0.1,100.87142857142844,1015.7142857142844,1.9592119866814648,TP,2021Q2,2021,32
1845,37465,2021-04-09 11:00:00,37465,2021-04-09 11:00:00,BUY,1747.53,1744.085357142857,1744.085357142857,1754.4192857142857,0.1,-35.14642857142981,-344.46428571429806,-1.0,SL,2021Q2,2021,0
1846,37466,2021-04-09 11:30:00,37473,2021-04-09 15:00:00,BUY,1744.38,1740.924642857143,1740.924642857143,1751.2907142857143,0.1,-35.25357142857111,-345.53571428571104,-1.0,SL,2021Q2,2021,7
1847,37476,2021-04-09 16:30:00,37522,2021-04-12 16:30:00,BUY,1737.53,1732.0914285714287,1732.0914285714287,1748.4071428571428,0.1,-55.08571428571322,-543.8571428571322,-1.0,SL,2021Q2,2021,46
1848,37524,2021-04-12 17:30:00,37531,2021-04-12 21:00:00,BUY,1733.64,1728.797142857143,1728.797142857143,1743.3257142857144,0.1,-49.12857142857156,-484.2857142857156,-1.0,SL,2021Q2,2021,7
1849,37533,2021-04-12 22:00:00,37552,2021-04-13 08:30:00,BUY,1730.49,1725.4435714285714,1725.4435714285714,1740.5828571428572,0.1,-51.16428571428578,-504.6428571428578,-1.0,SL,2021Q2,2021,19
1850,37553,2021-04-13 09:00:00,37554,2021-04-13 09:30:00,BUY,1727.85,1724.1964285714284,1724.1964285714284,1735.1571428571426,0.1,-37.23571428571468,-365.35714285714675,-1.0,SL,2021Q2,2021,1
1851,37556,2021-04-13 10:30:00,37566,2021-04-13 15:30:00,BUY,1727.08,1735.0814285714284,1723.0792857142856,1735.0814285714284,0.1,79.31428571428505,800.1428571428505,1.9484120021055775,TP,2021Q2,2021,10
1852,37567,2021-04-13 16:00:00,37567,2021-04-13 16:00:00,SELL,1736.26,1741.69,1741.69,1725.4,0.1,-55.00000000000064,-543.0000000000064,-1.0,SL,2021Q2,2021,0
1853,37568,2021-04-13 16:30:00,37568,2021-04-13 16:30:00,SELL,1741.95,1747.8182142857142,1747.8182142857142,1730.2135714285716,0.1,-59.38214285714203,-586.8214285714203,-1.0,SL,2021Q2,2021,0
1854,37590,2021-04-14 04:30:00,37613,2021-04-14 16:00:00,SELL,1746.11,1738.4214285714284,1749.9542857142856,1738.4214285714284,0.1,76.18571428571549,768.8571428571549,1.9463503649635607,TP,2021Q2,2021,23
1855,37616,2021-04-14 17:30:00,37646,2021-04-15 09:30:00,BUY,1735.75,1745.6414285714286,1730.8042857142857,1745.6414285714286,0.1,98.21428571428605,989.1428571428605,1.958131586442609,TP,2021Q2,2021,30
1856,37649,2021-04-15 11:00:00,37651,2021-04-15 12:00:00,SELL,1745.51,1749.1539285714284,1749.1539285714284,1738.222142857143,0.1,-37.13928571428433,-364.39285714284324,-1.0,SL,2021Q2,2021,2
1857,37652,2021-04-15 12:30:00,37657,2021-04-15 15:00:00,SELL,1747.75,1751.0285714285715,1751.0285714285715,1741.1928571428573,0.1,-33.48571428571468,-327.85714285714675,-1.0,SL,2021Q2,2021,5
1858,37658,2021-04-15 15:30:00,37658,2021-04-15 15:30:00,SELL,1747.99,1751.7817857142857,1751.7817857142857,1740.4064285714287,0.1,-38.61785714285652,-379.1785714285652,-1.0,SL,2021Q2,2021,0
1859,37663,2021-04-15 18:00:00,37698,2021-04-16 12:30:00,SELL,1764.77,1770.722857142857,1770.722857142857,1752.8642857142856,0.1,-60.22857142857056,-595.2857142857056,-1.0,SL,2021Q2,2021,35
1860,37702,2021-04-16 14:30:00,37703,2021-04-16 15:00:00,SELL,1776.75,1781.3539285714285,1781.3539285714285,1767.5421428571428,0.1,-46.73928571428469,-460.3928571428469,-1.0,SL,2021Q2,2021,1
1861,37705,2021-04-16 16:00:00,37740,2021-04-19 10:30:00,SELL,1780.81,1786.3310714285715,1786.3310714285715,1769.7678571428569,0.1,-55.910714285715315,-552.1071428571531,-1.0,SL,2021Q2,2021,35
1862,37742,2021-04-19 11:30:00,37743,2021-04-19 12:00:00,SELL,1785.59,1789.9839285714286,1789.9839285714286,1776.8021428571428,0.1,-44.6392857142866,-439.392857142866,-1.0,SL,2021Q2,2021,1
1863,37746,2021-04-19 13:30:00,37748,2021-04-19 14:30:00,SELL,1789.69,1781.067142857143,1794.0014285714287,1781.067142857143,0.1,85.52857142857128,862.2857142857129,1.9520704271274352,TP,2021Q2,2021,2
1864,37750,2021-04-19 15:30:00,37751,2021-04-19 16:00:00,BUY,1777.85,1771.8907142857142,1771.8907142857142,1789.7685714285715,0.1,-60.292857142856704,-595.928571428567,-1.0,SL,2021Q2,2021,1
1865,37774,2021-04-20 04:30:00,37776,2021-04-20 05:30:00,BUY,1769.67,1767.1885714285715,1767.1885714285715,1774.6328571428571,0.1,-25.514285714285233,-248.14285714285234,-1.0,SL,2021Q2,2021,2
1866,37777,2021-04-20 06:00:00,37777,2021-04-20 06:00:00,BUY,1768.83,1774.7099999999998,1765.8899999999999,1774.7099999999998,0.1,58.099999999998815,587.9999999999882,1.9302325581394606,TP,2021Q2,2021,0
1867,37788,2021-04-20 11:30:00,37799,2021-04-20 17:00:00,BUY,1766.87,1777.7771428571427,1761.4164285714285,1777.7771428571427,0.1,108.37142857142844,1090.7142857142844,1.9619811198758565,TP,2021Q2,2021,11
1868,37801,2021-04-20 18:00:00,37820,2021-04-21 04:30:00,SELL,1775.51,1782.2385714285715,1782.2385714285715,1762.0528571428572,0.1,-67.98571428571513,-672.8571428571513,-1.0,SL,2021Q2,2021,19
1869,37821,2021-04-21 05:00:00,37823,2021-04-21 06:00:00,SELL,1780.85,1783.7492857142856,1783.7492857142856,1775.0514285714285,0.1,-29.692857142857246,-289.92857142857247,-1.0,SL,2021Q2,2021,2
1870,37824,2021-04-21 06:30:00,37828,2021-04-21 08:30:00,SELL,1781.95,1785.0807142857143,1785.0807142857143,1775.6885714285715,0.1,-32.00714285714248,-313.0714285714248,-1.0,SL,2021Q2,2021,4
1871,37830,2021-04-21 09:30:00,37844,2021-04-21 16:30:00,SELL,1785.22,1788.9367857142856,1788.9367857142856,1777.7864285714286,0.1,-37.86785714285607,-371.67857142856064,-1.0,SL,2021Q2,2021,14
1872,37888,2021-04-22 15:30:00,37889,2021-04-22 16:00:00,BUY,1784.64,1779.639642857143,1779.639642857143,1794.6407142857145,0.1,-50.703571428571834,-500.0357142857183,-1.0,SL,2021Q2,2021,1
1873,37890,2021-04-22 16:30:00,37895,2021-04-22 19:00:00,BUY,1783.86,1778.4824999999998,1778.4824999999998,1794.615,0.1,-54.47500000000055,-537.7500000000055,-1.0,SL,2021Q2,2021,5
1874,37896,2021-04-22 19:30:00,37935,2021-04-23 16:00:00,BUY,1781.36,1795.0357142857142,1774.5221428571429,1795.0357142857142,0.1,136.05714285714322,1367.571428571432,1.9695998345569554,TP,2021Q2,2021,39
1875,37936,2021-04-23 16:30:00,37937,2021-04-23 17:00:00,SELL,1786.92,1776.8485714285714,1791.9557142857143,1776.8485714285714,0.1,100.01428571428669,1007.1428571428669,1.9588696138780517,TP,2021Q2,2021,1
1876,37939,2021-04-23 18:00:00,38049,2021-04-28 04:00:00,BUY,1774.29,1767.9278571428572,1767.9278571428572,1787.0142857142857,0.1,-64.32142857142772,-636.2142857142771,-1.0,SL,2021Q2,2021,110
1877,38051,2021-04-28 05:00:00,38061,2021-04-28 10:00:00,BUY,1769.75,1766.7960714285714,1766.7960714285714,1775.6578571428572,0.1,-30.23928571428605,-295.3928571428605,-1.0,SL,2021Q2,2021,10
1878,38062,2021-04-28 10:30:00,38065,2021-04-28 12:00:00,BUY,1766.81,1763.585,1763.585,1773.26,0.1,-32.94999999999909,-322.4999999999909,-1.0,SL,2021Q2,2021,3
1879,38073,2021-04-28 16:00:00,38084,2021-04-28 21:30:00,BUY,1769.73,1779.1135714285715,1765.0382142857143,1779.1135714285715,0.1,93.13571428571485,938.3571428571486,1.955898897472437,TP,2021Q2,2021,11
1880,38088,2021-04-28 23:30:00,38095,2021-04-29 04:00:00,SELL,1781.54,1786.5049999999999,1786.5049999999999,1771.61,0.1,-50.349999999999184,-496.4999999999918,-1.0,SL,2021Q2,2021,7
1881,38098,2021-04-29 05:30:00,38105,2021-04-29 09:00:00,SELL,1787.39,1780.1450000000002,1791.0125,1780.1450000000002,0.1,71.7499999999989,724.4999999999891,1.943127962085307,TP,2021Q2,2021,7
1882,38111,2021-04-29 12:00:00,38113,2021-04-29 13:00:00,BUY,1777.5,1773.4832142857144,1773.4832142857144,1785.5335714285713,0.1,-40.86785714285561,-401.6785714285561,-1.0,SL,2021Q2,2021,2
1883,38115,2021-04-29 14:00:00,38119,2021-04-29 16:00:00,BUY,1774.55,1770.2760714285714,1770.2760714285714,1783.097857142857,0.1,-43.43928571428542,-427.39285714285415,-1.0,SL,2021Q2,2021,4
1884,38122,2021-04-29 17:30:00,38198,2021-05-03 09:30:00,BUY,1762.37,1777.3657142857141,1754.8721428571428,1777.3657142857141,0.1,149.25714285714258,1499.5714285714257,1.972251061821614,TP,2021Q2,2021,76
1885,38200,2021-05-03 10:30:00,38206,2021-05-03 13:30:00,SELL,1777.1,1780.5767857142857,1780.5767857142857,1770.1464285714285,0.1,-35.46785714285825,-347.6785714285825,-1.0,SL,2021Q2,2021,6
1886,38207,2021-05-03 14:00:00,38209,2021-05-03 15:00:00,SELL,1778.03,1782.11,1782.11,1769.87,0.1,-41.499999999999275,-407.9999999999927,-1.0,SL,2021Q2,2021,2
1887,38211,2021-05-03 16:00:00,38211,2021-05-03 16:00:00,SELL,1784.47,1789.5657142857144,1789.5657142857144,1774.2785714285715,0.1,-51.65714285714394,-509.57142857143936,-1.0,SL,2021Q2,2021,0
1888,38215,2021-05-03 18:00:00,38250,2021-05-04 12:30:00,SELL,1794.24,1783.2407142857144,1799.7396428571428,1783.2407142857144,0.1,109.29285714285633,1099.9285714285634,1.9622956075665272,TP,2021Q2,2021,35
1889,38255,2021-05-04 15:00:00,38258,2021-05-04 16:30:00,BUY,1783.67,1793.1157142857144,1778.947142857143,1793.1157142857144,0.1,93.75714285714302,944.5714285714303,1.9561847988077958,TP,2021Q2,2021,3
1890,38260,2021-05-04 17:30:00,38261,2021-05-04 18:00:00,SELL,1793.78,1782.482857142857,1799.4285714285713,1782.482857142857,0.1,112.27142857142944,1129.7142857142944,1.9632775418436565,TP,2021Q2,2021,1
1891,38262,2021-05-04 18:30:00,38262,2021-05-04 18:30:00,BUY,1784.62,1776.8082142857143,1776.8082142857143,1800.2435714285714,0.1,-78.81785714285634,-781.1785714285634,-1.0,SL,2021Q2,2021,0
1892,38264,2021-05-04 19:30:00,38336,2021-05-06 09:30:00,BUY,1776.05,1794.1142857142856,1767.017857142857,1794.1142857142856,0.1,179.9428571428569,1806.4285714285688,1.97692850977007,TP,2021Q2,2021,72
1893,38338,2021-05-06 10:30:00,38350,2021-05-06 16:30:00,SELL,1793.54,1797.107857142857,1797.107857142857,1786.4042857142856,0.1,-36.37857142857065,-356.7857142857065,-1.0,SL,2021Q2,2021,12
1894,38352,2021-05-06 17:30:00,38353,2021-05-06 18:00:00,SELL,1811.55,1818.2292857142857,1818.2292857142857,1798.1914285714286,0.1,-67.49285714285698,-667.9285714285697,-1.0,SL,2021Q2,2021,1
1895,38387,2021-05-07 12:00:00,38394,2021-05-07 15:30:00,SELL,1820.61,1824.81,1824.81,1812.2099999999998,0.1,-42.70000000000046,-420.00000000000455,-1.0,SL,2021Q2,2021,7
1896,38436,2021-05-10 13:30:00,38439,2021-05-10 15:00:00,SELL,1838.97,1842.7435714285714,1842.7435714285714,1831.422857142857,0.1,-38.43571428571359,-377.35714285713584,-1.0,SL,2021Q2,2021,3
1897,38440,2021-05-10 15:30:00,38441,2021-05-10 16:00:00,SELL,1839.7,1844.1860714285715,1844.1860714285715,1830.7278571428571,0.1,-45.560714285714496,-448.60714285714494,-1.0,SL,2021Q2,2021,1
1898,38443,2021-05-10 17:00:00,38486,2021-05-11 15:30:00,SELL,1840.33,1829.5685714285712,1845.7107142857142,1829.5685714285712,0.1,106.91428571428723,1076.1428571428723,1.961472939326473,TP,2021Q2,2021,43
1899,38512,2021-05-12 05:30:00,38512,2021-05-12 05:30:00,BUY,1830.37,1827.3174999999999,1827.3174999999999,1836.475,0.1,-31.22500000000009,-305.2500000000009,-1.0,SL,2021Q2,2021,0
1900,38514,2021-05-12 06:30:00,38521,2021-05-12 10:00:00,BUY,1828.37,1835.1414285714284,1824.9842857142855,1835.1414285714284,0.1,67.01428571428487,677.1428571428487,1.9392310872260616,TP,2021Q2,2021,7
1901,38532,2021-05-12 15:30:00,38532,2021-05-12 15:30:00,SELL,1833.02,1836.8246428571429,1836.8246428571429,1825.4107142857142,0.1,-38.74642857142881,-380.46428571428805,-1.0,SL_AMBIGUOUS_PESSIMISTIC,2021Q2,2021,0
1902,38533,2021-05-12 16:00:00,38533,2021-05-12 16:00:00,BUY,1840.04,1834.367857142857,1834.367857142857,1851.3842857142856,0.1,-57.421428571429445,-567.2142857142944,-1.0,SL,2021Q2,2021,0
1903,38534,2021-05-12 16:30:00,38547,2021-05-12 23:00:00,SELL,1830.2,1816.3400000000001,1837.13,1816.3400000000001,0.1,137.899999999999,1385.99999999999,1.9699999999999678,TP,2021Q2,2021,13
1904,38549,2021-05-13 01:00:00,38573,2021-05-13 13:00:00,BUY,1815.34,1809.0871428571427,1809.0871428571427,1827.8457142857144,0.1,-63.22857142857238,-625.2857142857238,-1.0,SL,2021Q2,2021,24
1905,38574,2021-05-13 13:30:00,38580,2021-05-13 16:30:00,BUY,1811.95,1821.25,1807.3,1821.25,0.1,92.29999999999954,929.9999999999955,1.9555084745762237,TP,2021Q2,2021,6
1906,38581,2021-05-13 17:00:00,38586,2021-05-13 19:30:00,SELL,1821.8,1827.6832142857143,1827.6832142857143,1810.0335714285713,0.1,-59.53214285714303,-588.3214285714303,-1.0,SL,2021Q2,2021,5
1907,38587,2021-05-13 20:00:00,38611,2021-05-14 09:00:00,SELL,1826.06,1831.7407142857144,1831.7407142857144,1814.6985714285713,0.1,-57.5071428571443,-568.071428571443,-1.0,SL,2021Q2,2021,24
1908,38618,2021-05-14 12:30:00,38623,2021-05-14 15:00:00,SELL,1833.91,1838.5567857142858,1838.5567857142858,1824.6164285714287,0.1,-47.167857142856704,-464.678571428567,-1.0,SL,2021Q2,2021,5
1909,38624,2021-05-14 15:30:00,38636,2021-05-14 21:30:00,SELL,1836.95,1842.02,1842.02,1826.8100000000002,0.1,-51.399999999999366,-506.99999999999363,-1.0,SL,2021Q2,2021,12
1910,38649,2021-05-17 05:00:00,38672,2021-05-17 16:30:00,SELL,1851.13,1855.6171428571429,1855.6171428571429,1842.1557142857143,0.1,-45.57142857142772,-448.71428571427714,-1.0,SL,2021Q2,2021,23
1911,38673,2021-05-17 17:00:00,38673,2021-05-17 17:00:00,SELL,1854.27,1858.8589285714286,1858.8589285714286,1845.0921428571428,0.1,-46.589285714285964,-458.8928571428596,-1.0,SL,2021Q2,2021,0
1912,38678,2021-05-17 19:30:00,38694,2021-05-18 04:30:00,SELL,1866.27,1872.4285714285713,1872.4285714285713,1853.9528571428573,0.1,-62.285714285713496,-615.8571428571349,-1.0,SL,2021Q2,2021,16
1913,38695,2021-05-18 05:00:00,38713,2021-05-18 14:00:00,SELL,1871.74,1866.1642857142856,1874.527857142857,1866.1642857142856,0.1,55.057142857144115,557.5714285714412,1.9265183704074764,TP,2021Q2,2021,18
1914,38717,2021-05-18 16:00:00,38754,2021-05-19 11:30:00,SELL,1871.12,1862.5078571428571,1875.4260714285713,1862.5078571428571,0.1,85.42142857142771,861.2142857142771,1.9520117522239444,TP,2021Q2,2021,37
1915,38761,2021-05-19 15:00:00,38762,2021-05-19 15:30:00,BUY,1855.99,1868.6435714285715,1849.6632142857143,1868.6435714285715,0.1,125.83571428571467,1265.3571428571468,1.9671710122271229,TP,2021Q2,2021,1
1916,38764,2021-05-19 16:30:00,38764,2021-05-19 16:30:00,SELL,1869.6,1878.3771428571429,1878.3771428571429,1852.0457142857142,0.1,-88.47142857142963,-877.7142857142962,-1.0,SL,2021Q2,2021,0
1917,38795,2021-05-20 09:00:00,38811,2021-05-20 17:00:00,SELL,1873.51,1879.105,1879.105,1862.32,0.1,-56.650000000000276,-559.5000000000027,-1.0,SL,2021Q2,2021,16
1918,38812,2021-05-20 17:30:00,38816,2021-05-20 19:30:00,SELL,1876.9,1882.7532142857144,1882.7532142857144,1865.1935714285717,0.1,-59.2321428571433,-585.321428571433,-1.0,SL,2021Q2,2021,4
1919,38834,2021-05-21 05:30:00,38848,2021-05-21 12:30:00,BUY,1872.26,1878.857857142857,1868.9610714285716,1878.857857142857,0.1,65.27857142857037,659.7857142857038,1.9376656418955376,TP,2021Q2,2021,14
1920,38851,2021-05-21 14:00:00,38853,2021-05-21 15:00:00,SELL,1878.26,1881.4346428571428,1881.4346428571428,1871.9107142857142,0.1,-32.44642857142772,-317.46428571427714,-1.0,SL,2021Q2,2021,2
1921,38856,2021-05-21 16:30:00,38856,2021-05-21 16:30:00,SELL,1885.21,1876.2742857142857,1889.6778571428572,1876.2742857142857,0.1,88.65714285714311,893.5714285714312,1.953722650716197,TP,2021Q2,2021,0
1922,38859,2021-05-21 18:00:00,38935,2021-05-25 10:00:00,BUY,1874.17,1887.0914285714287,1867.7092857142857,1887.0914285714287,0.1,128.5142857142858,1292.1428571428578,1.9678442524335216,TP,2021Q2,2021,76
1923,38936,2021-05-25 10:30:00,38949,2021-05-25 17:00:00,SELL,1886.22,1891.1871428571428,1891.1871428571428,1876.2857142857142,0.1,-50.3714285714279,-496.71428571427896,-1.0,SL,2021Q2,2021,13
1924,38958,2021-05-25 21:30:00,38969,2021-05-26 04:00:00,SELL,1897.56,1903.3789285714286,1903.3789285714286,1885.9221428571427,0.1,-58.889285714286146,-581.8928571428614,-1.0,SL,2021Q2,2021,11
1925,38971,2021-05-26 05:00:00,38971,2021-05-26 05:00:00,SELL,1902.84,1905.8292857142856,1905.8292857142856,1896.8614285714284,0.1,-30.592857142856428,-298.9285714285643,-1.0,SL,2021Q2,2021,0
1926,38974,2021-05-26 06:30:00,38982,2021-05-26 10:30:00,SELL,1907.07,1910.285357142857,1910.285357142857,1900.6392857142855,0.1,-32.853571428571016,-321.5357142857101,-1.0,SL,2021Q2,2021,8
1927,38993,2021-05-26 16:00:00,39002,2021-05-26 20:30:00,SELL,1907.93,1897.6807142857142,1913.0546428571429,1897.6807142857142,0.1,101.79285714285861,1024.928571428586,1.9595737366793144,TP,2021Q2,2021,9
1928,39026,2021-05-27 09:30:00,39037,2021-05-27 15:00:00,SELL,1898.85,1891.095,1902.7275,1891.095,0.1,76.84999999999881,775.4999999999882,1.9468017732741671,TP,2021Q2,2021,11
1929,39038,2021-05-27 15:30:00,39040,2021-05-27 16:30:00,BUY,1894.55,1889.212142857143,1889.212142857143,1905.2257142857143,0.1,-54.07857142857047,-533.7857142857047,-1.0,SL,2021Q2,2021,2
1930,39041,2021-05-27 17:00:00,39083,2021-05-28 15:00:00,BUY,1891.95,1885.9575,1885.9575,1903.935,0.1,-60.62500000000064,-599.2500000000064,-1.0,SL,2021Q2,2021,42
1931,39085,2021-05-28 16:00:00,39086,2021-05-28 16:30:00,SELL,1892.91,1898.162142857143,1898.162142857143,1882.4057142857143,0.1,-53.22142857142872,-525.2142857142871,-1.0,SL,2021Q2,2021,1
1932,39088,2021-05-28 17:30:00,39098,2021-05-28 22:30:00,SELL,1897.55,1903.712857142857,1903.712857142857,1885.2242857142855,0.1,-62.328571428570925,-616.2857142857092,-1.0,SL,2021Q2,2021,10
1933,39100,2021-05-28 23:30:00,39107,2021-05-31 04:00:00,SELL,1903.51,1908.2264285714286,1908.2264285714286,1894.077142857143,0.1,-47.86428571428651,-471.64285714286507,-1.0,SL,2021Q2,2021,7
1934,39112,2021-05-31 06:30:00,39125,2021-05-31 13:00:00,SELL,1909.78,1903.1564285714285,1913.0917857142856,1903.1564285714285,0.1,65.53571428571495,662.3571428571495,1.9379026296336066,TP,2021Q2,2021,13
1935,39127,2021-05-31 14:00:00,39146,2021-06-01 04:30:00,BUY,1904.81,1911.0071428571428,1901.7114285714285,1911.0071428571428,0.1,61.271428571428075,619.7142857142808,1.933724075743913,TP,2021Q2,2021,19
1936,39148,2021-06-01 05:30:00,39156,2021-06-01 09:30:00,SELL,1912.58,1915.420357142857,1915.420357142857,1906.8992857142857,0.1,-29.103571428571012,-284.0357142857101,-1.0,SL,2021Q2,2021,8
1937,39161,2021-06-01 12:00:00,39162,2021-06-01 12:30:00,BUY,1911.68,1907.6075,1907.6075,1919.825,0.1,-41.42499999999991,-407.2499999999991,-1.0,SL,2021Q2,2021,1
1938,39164,2021-06-01 13:30:00,39171,2021-06-01 17:00:00,BUY,1906.46,1902.0778571428573,1902.0778571428573,1915.2242857142858,0.1,-44.521428571427535,-438.2142857142753,-1.0,SL,2021Q2,2021,7
1939,39199,2021-06-02 08:00:00,39213,2021-06-02 15:00:00,BUY,1896.42,1902.1885714285713,1893.5357142857144,1902.1885714285713,0.1,56.98571428571249,576.8571428571249,1.9289168278529958,TP,2021Q2,2021,14
1940,39215,2021-06-02 16:00:00,39234,2021-06-03 02:30:00,SELL,1904.5,1909.3889285714286,1909.3889285714286,1894.722142857143,0.1,-49.58928571428551,-488.89285714285506,-1.0,SL,2021Q2,2021,19
1941,39235,2021-06-03 03:00:00,39237,2021-06-03 04:00:00,SELL,1907.7,1909.569642857143,1909.569642857143,1903.9607142857142,0.1,-19.39642857142935,-186.9642857142935,-1.0,SL,2021Q2,2021,2
1942,39238,2021-06-03 04:30:00,39238,2021-06-03 04:30:00,SELL,1906.51,1908.484642857143,1908.484642857143,1902.5607142857143,0.1,-20.446428571429532,-197.46428571429533,-1.0,SL,2021Q2,2021,0
1943,39244,2021-06-03 07:30:00,39246,2021-06-03 08:30:00,BUY,1904.28,1901.9710714285713,1901.9710714285713,1908.8978571428572,0.1,-23.789285714286233,-230.89285714286234,-1.0,SL,2021Q2,2021,2
1944,39295,2021-06-04 10:00:00,39306,2021-06-04 15:30:00,SELL,1872.81,1879.212857142857,1879.212857142857,1860.0042857142857,0.1,-64.72857142857102,-640.2857142857101,-1.0,SL,2021Q2,2021,11
1945,39311,2021-06-04 18:00:00,39364,2021-06-07 21:30:00,SELL,1893.71,1900.0121428571429,1900.0121428571429,1881.1057142857144,0.1,-63.72142857142826,-630.2142857142826,-1.0,SL,2021Q2,2021,53
1946,39365,2021-06-07 22:00:00,39375,2021-06-08 04:00:00,SELL,1898.78,1902.7796428571428,1902.7796428571428,1890.7807142857143,0.1,-40.69642857142817,-399.9642857142817,-1.0,SL,2021Q2,2021,10
1947,39383,2021-06-08 08:00:00,39385,2021-06-08 09:00:00,BUY,1897.21,1894.7007142857142,1894.7007142857142,1902.2285714285715,0.1,-25.79285714285852,-250.9285714285852,-1.0,SL,2021Q2,2021,2
1948,39386,2021-06-08 09:30:00,39387,2021-06-08 10:00:00,BUY,1896.76,1893.5382142857143,1893.5382142857143,1903.2035714285714,0.1,-32.91785714285716,-322.17857142857156,-1.0,SL,2021Q2,2021,1
1949,39388,2021-06-08 10:30:00,39389,2021-06-08 11:00:00,BUY,1894.66,1890.9764285714286,1890.9764285714286,1902.027142857143,0.1,-37.535714285714405,-368.357142857144,-1.0,SL,2021Q2,2021,1
1950,39398,2021-06-08 15:30:00,39398,2021-06-08 15:30:00,SELL,1899.72,1890.7157142857143,1904.222142857143,1890.7157142857143,0.1,89.34285714285743,900.4285714285743,1.9540696766130292,TP,2021Q2,2021,0
1951,39399,2021-06-08 16:00:00,39446,2021-06-09 16:30:00,SELL,1892.94,1898.5735714285715,1898.5735714285715,1881.672857142857,0.1,-57.03571428571486,-563.3571428571486,-1.0,SL,2021Q2,2021,47
1952,39447,2021-06-09 17:00:00,39466,2021-06-10 03:30:00,SELL,1894.39,1885.4135714285715,1898.8782142857144,1885.4135714285715,0.1,89.06428571428641,897.6428571428642,1.953929326960746,TP,2021Q2,2021,19
1953,39467,2021-06-10 04:00:00,39476,2021-06-10 08:30:00,BUY,1886.16,1883.9539285714286,1883.9539285714286,1890.572142857143,0.1,-22.760714285714766,-220.60714285714766,-1.0,SL,2021Q2,2021,9
1954,39491,2021-06-10 16:00:00,39536,2021-06-11 15:30:00,BUY,1891.03,1883.9307142857142,1883.9307142857142,1905.2285714285713,0.1,-71.6928571428577,-709.928571428577,-1.0,SL,2021Q2,2021,45
1955,39540,2021-06-11 17:30:00,39541,2021-06-11 18:00:00,BUY,1882.33,1876.1167857142857,1876.1167857142857,1894.7564285714284,0.1,-62.8321428571423,-621.321428571423,-1.0,SL,2021Q2,2021,1
1956,39547,2021-06-11 21:00:00,39559,2021-06-14 04:00:00,BUY,1875.45,1868.7782142857143,1868.7782142857143,1888.7935714285713,0.1,-67.41785714285761,-667.1785714285761,-1.0,SL,2021Q2,2021,12
1957,39562,2021-06-14 05:30:00,39565,2021-06-14 07:00:00,BUY,1865.53,1861.9610714285714,1861.9610714285714,1872.6678571428572,0.1,-36.389285714286146,-356.89285714286143,-1.0,SL,2021Q2,2021,3
1958,39570,2021-06-14 09:30:00,39574,2021-06-14 11:30:00,BUY,1861.15,1856.2953571428573,1856.2953571428573,1870.8592857142858,0.1,-49.24642857142835,-485.4642857142835,-1.0,SL,2021Q2,2021,4
1959,39575,2021-06-14 12:00:00,39578,2021-06-14 13:30:00,BUY,1858.24,1853.275,1853.275,1868.17,0.1,-50.349999999999184,-496.4999999999918,-1.0,SL,2021Q2,2021,3
1960,39583,2021-06-14 16:00:00,39584,2021-06-14 16:30:00,BUY,1848.39,1861.0800000000002,1842.045,1861.0800000000002,0.1,126.20000000000054,1269.0000000000055,1.9672642244738894,TP,2021Q2,2021,1
1961,39585,2021-06-14 17:00:00,39685,2021-06-16 21:00:00,SELL,1864.37,1848.7035714285712,1872.2032142857142,1848.7035714285712,0.1,155.96428571428697,1566.6428571428696,1.9734285326946543,TP,2021Q2,2021,100
1962,39687,2021-06-16 22:00:00,39689,2021-06-16 23:00:00,BUY,1835.2,1826.3242857142857,1826.3242857142857,1852.9514285714288,0.1,-89.45714285714367,-887.5714285714366,-1.0,SL,2021Q2,2021,2
1963,39724,2021-06-17 17:30:00,39725,2021-06-17 18:00:00,BUY,1780.22,1769.3203571428571,1769.3203571428571,1802.0192857142856,0.1,-109.69642857142908,-1089.9642857142908,-1.0,SL,2021Q2,2021,1
1964,39727,2021-06-17 19:00:00,39780,2021-06-18 22:30:00,BUY,1776.28,1764.1707142857142,1764.1707142857142,1800.4985714285715,0.1,-121.79285714285761,-1210.928571428576,-1.0,SL,2021Q2,2021,53
1965,39782,2021-06-18 23:30:00,39800,2021-06-21 09:30:00,BUY,1763.27,1778.9064285714285,1755.4517857142857,1778.9064285714285,0.1,155.66428571428497,1563.6428571428496,1.9733780051614072,TP,2021Q2,2021,18
1966,39801,2021-06-21 10:00:00,39803,2021-06-21 11:00:00,SELL,1778.27,1783.3453571428572,1783.3453571428572,1768.1192857142858,0.1,-51.45357142857229,-507.53571428572286,-1.0,SL,2021Q2,2021,2
1967,39807,2021-06-21 13:00:00,39839,2021-06-22 06:00:00,SELL,1783.77,1789.9724999999999,1789.9724999999999,1771.365,0.1,-62.72499999999873,-620.2499999999873,-1.0,SL,2021Q2,2021,32
1968,39845,2021-06-22 09:00:00,39848,2021-06-22 10:30:00,BUY,1781.28,1777.2182142857143,1777.2182142857143,1789.4035714285712,0.1,-41.31785714285634,-406.1785714285634,-1.0,SL,2021Q2,2021,3
1969,39849,2021-06-22 11:00:00,39858,2021-06-22 15:30:00,BUY,1778.08,1773.222142857143,1773.222142857143,1787.7957142857142,0.1,-49.27857142857029,-485.78571428570285,-1.0,SL,2021Q2,2021,9
1970,39896,2021-06-23 11:30:00,39906,2021-06-23 16:30:00,SELL,1783.24,1787.4239285714286,1787.4239285714286,1774.872142857143,0.1,-42.53928571428624,-418.39285714286234,-1.0,SL,2021Q2,2021,10
1971,39908,2021-06-23 17:30:00,39913,2021-06-23 20:00:00,SELL,1792.27,1781.2364285714284,1797.7867857142858,1781.2364285714284,0.1,109.63571428571576,1103.3571428571577,1.962411302179889,TP,2021Q2,2021,5
1972,39919,2021-06-23 23:00:00,39948,2021-06-24 14:30:00,BUY,1775.32,1786.5764285714286,1769.6917857142857,1786.5764285714286,0.1,111.86428571428614,1125.6428571428614,1.963146349106902,TP,2021Q2,2021,29
1973,39950,2021-06-24 15:30:00,39960,2021-06-24 20:30:00,SELL,1784.5,1775.7464285714286,1788.8767857142857,1775.7464285714286,0.1,86.83571428571376,875.3571428571377,1.9527748775198774,TP,2021Q2,2021,10
1974,39961,2021-06-24 21:00:00,39995,2021-06-25 15:00:00,BUY,1775.66,1786.6164285714287,1770.1817857142858,1786.6164285714287,0.1,108.8642857142866,1095.642857142866,1.9621499839073062,TP,2021Q2,2021,34
1975,39996,2021-06-25 15:30:00,39996,2021-06-25 15:30:00,SELL,1785.29,1789.1342857142856,1789.1342857142856,1777.6014285714286,0.1,-39.14285714285661,-384.4285714285661,-1.0,SL,2021Q2,2021,0
1976,39997,2021-06-25 16:00:00,39998,2021-06-25 16:30:00,SELL,1785.29,1789.6132142857143,1789.6132142857143,1776.6435714285715,0.1,-43.932142857143575,-432.3214285714357,-1.0,SL,2021Q2,2021,1
1977,40005,2021-06-25 20:00:00,40020,2021-06-28 04:30:00,BUY,1777.24,1772.0682142857142,1772.0682142857142,1787.5835714285715,0.1,-52.41785714285761,-517.1785714285761,-1.0,SL,2021Q2,2021,15
1978,40043,2021-06-28 16:00:00,40078,2021-06-29 10:30:00,BUY,1777.74,1772.5885714285714,1772.5885714285714,1788.0428571428572,0.1,-52.214285714285964,-515.1428571428596,-1.0,SL,2021Q2,2021,35
1979,40122,2021-06-30 09:30:00,40124,2021-06-30 10:30:00,BUY,1759.76,1756.2167857142858,1756.2167857142858,1766.8464285714285,0.1,-36.132142857141574,-354.3214285714157,-1.0,SL,2021Q2,2021,2
1980,40126,2021-06-30 11:30:00,40138,2021-06-30 17:30:00,BUY,1756.94,1765.412857142857,1752.7035714285716,1765.412857142857,0.1,84.02857142857037,847.2857142857038,1.9512356941450166,TP,2021Q2,2021,12
1981,40140,2021-06-30 18:30:00,40142,2021-06-30 19:30:00,SELL,1764.56,1770.5996428571427,1770.5996428571427,1752.4807142857144,0.1,-61.09642857142781,-603.964285714278,-1.0,SL,2021Q2,2021,2
1982,40161,2021-07-01 06:00:00,40166,2021-07-01 08:30:00,SELL,1774.29,1777.2471428571428,1777.2471428571428,1768.3757142857144,0.1,-30.271428571427986,-295.71428571427987,-1.0,SL,2021Q3,2021,5
1983,40169,2021-07-01 10:00:00,40181,2021-07-01 16:00:00,SELL,1777.7,1781.54,1781.54,1770.02,0.1,-39.099999999999184,-383.9999999999918,-1.0,SL,2021Q3,2021,12
1984,40184,2021-07-01 17:30:00,40217,2021-07-02 11:00:00,SELL,1776.7,1782.0367857142858,1782.0367857142858,1766.0264285714288,0.1,-54.06785714285725,-533.6785714285725,-1.0,SL,2021Q3,2021,33
1985,40219,2021-07-02 12:00:00,40222,2021-07-02 13:30:00,SELL,1781.87,1784.9814285714285,1784.9814285714285,1775.6471428571426,0.1,-31.814285714286324,-311.14285714286325,-1.0,SL,2021Q3,2021,3
1986,40224,2021-07-02 14:30:00,40226,2021-07-02 15:30:00,SELL,1785.93,1790.0185714285715,1790.0185714285715,1777.7528571428572,0.1,-41.58571428571413,-408.8571428571413,-1.0,SL_AMBIGUOUS_PESSIMISTIC,2021Q3,2021,2
1987,40228,2021-07-02 16:30:00,40288,2021-07-06 04:30:00,SELL,1788.27,1795.3692857142858,1795.3692857142858,1774.0714285714284,0.1,-71.6928571428577,-709.928571428577,-1.0,SL,2021Q3,2021,60
1988,40294,2021-07-06 07:30:00,40295,2021-07-06 08:00:00,SELL,1798.23,1801.5267857142858,1801.5267857142858,1791.6364285714285,0.1,-33.66785714285761,-329.6785714285761,-1.0,SL,2021Q3,2021,1
1989,40299,2021-07-06 10:00:00,40300,2021-07-06 10:30:00,SELL,1804.86,1808.7439285714283,1808.7439285714283,1797.0921428571428,0.1,-39.53928571428442,-388.39285714284415,-1.0,SL,2021Q3,2021,1
1990,40306,2021-07-06 13:30:00,40309,2021-07-06 15:00:00,SELL,1807.58,1811.7917857142857,1811.7917857142857,1799.1564285714287,0.1,-42.81785714285725,-421.17857142857247,-1.0,SL,2021Q3,2021,3
1991,40310,2021-07-06 15:30:00,40310,2021-07-06 15:30:00,SELL,1810.03,1814.3692857142855,1814.3692857142855,1801.3514285714286,0.1,-44.09285714285552,-433.9285714285552,-1.0,SL,2021Q3,2021,0
1992,40311,2021-07-06 16:00:00,40316,2021-07-06 18:30:00,SELL,1809.2,1799.557142857143,1814.0214285714285,1799.557142857143,0.1,95.7285714285711,964.285714285711,1.957067757009391,TP,2021Q3,2021,5
1993,40348,2021-07-07 11:30:00,40360,2021-07-07 17:30:00,SELL,1806.3,1798.365,1810.2675,1798.365,0.1,78.64999999999945,793.4999999999945,1.9479876160990706,TP,2021Q3,2021,12
1994,40361,2021-07-07 18:00:00,40380,2021-07-08 04:30:00,BUY,1805.79,1799.5585714285714,1799.5585714285714,1818.252857142857,0.1,-63.014285714285236,-623.1428571428523,-1.0,SL,2021Q3,2021,19
1995,40383,2021-07-08 06:00:00,40391,2021-07-08 10:00:00,BUY,1798.45,1804.182142857143,1795.5839285714285,1804.182142857143,0.1,56.62142857142889,573.214285714289,1.9284758545188407,TP,2021Q3,2021,8
1996,40394,2021-07-08 11:30:00,40398,2021-07-08 13:30:00,SELL,1810.75,1815.8682142857144,1815.8682142857144,1800.5135714285714,0.1,-51.8821428571443,-511.821428571443,-1.0,SL,2021Q3,2021,4
1997,40403,2021-07-08 16:00:00,40407,2021-07-08 18:00:00,SELL,1813.45,1797.2414285714285,1821.5542857142857,1797.2414285714285,0.1,161.38571428571532,1620.8571428571531,1.974309681929423,TP,2021Q3,2021,4
1998,40408,2021-07-08 18:30:00,40528,2021-07-13 09:30:00,BUY,1797.07,1810.55,1788.6196428571427,1813.9707142857142,0.1,134.1000000000002,1348.0000000000018,1.573877687890333,TIME_EXIT,2021Q3,2021,120
1999,40532,2021-07-13 11:30:00,40539,2021-07-13 15:00:00,BUY,1807.2,1814.5414285714285,1803.5292857142858,1814.5414285714285,0.1,72.71428571428423,734.1428571428423,1.9438609891159047,TP,2021Q3,2021,7
2000,40541,2021-07-13 16:00:00,40541,2021-07-13 16:00:00,SELL,1800.28,1806.2810714285715,1806.2810714285715,1788.277857142857,0.1,-60.7107142857155,-600.1071428571549,-1.0,SL,2021Q3,2021,0
2001,40573,2021-07-14 09:00:00,40581,2021-07-14 13:00:00,SELL,1812.82,1815.8007142857143,1815.8007142857143,1806.8585714285714,0.1,-30.507142857143844,-298.07142857143845,-1.0,SL,2021Q3,2021,8
2002,40582,2021-07-14 13:30:00,40585,2021-07-14 15:00:00,SELL,1814.74,1817.9692857142857,1817.9692857142857,1808.2814285714285,0.1,-32.99285714285652,-322.9285714285652,-1.0,SL,2021Q3,2021,3
2003,40588,2021-07-14 16:30:00,40619,2021-07-15 09:00:00,SELL,1826.05,1831.165,1831.165,1815.82,0.1,-51.850000000000094,-511.5000000000009,-1.0,SL,2021Q3,2021,31
2004,40621,2021-07-15 10:00:00,40627,2021-07-15 13:00:00,SELL,1831.07,1824.3178571428573,1834.4460714285713,1824.3178571428573,0.1,66.82142857142644,675.2142857142644,1.9390610425950854,TP,2021Q3,2021,6
2005,40629,2021-07-15 14:00:00,40637,2021-07-15 18:00:00,BUY,1824.38,1820.2367857142858,1820.2367857142858,1832.6664285714287,0.1,-42.13214285714294,-414.32142857142935,-1.0,SL,2021Q3,2021,8
2006,40638,2021-07-15 18:30:00,40674,2021-07-16 13:30:00,BUY,1824.84,1819.0124999999998,1819.0124999999998,1836.4950000000001,0.1,-58.975000000001,-582.75000000001,-1.0,SL,2021Q3,2021,36
2007,40676,2021-07-16 14:30:00,40680,2021-07-16 16:30:00,BUY,1818.11,1826.310714285714,1814.0096428571428,1826.310714285714,0.1,81.30714285714184,820.0714285714184,1.949644600496702,TP,2021Q3,2021,4
2008,40682,2021-07-16 17:30:00,40684,2021-07-16 18:30:00,BUY,1816.21,1809.7707142857143,1809.7707142857143,1829.0885714285716,0.1,-65.09285714285689,-643.9285714285688,-1.0,SL,2021Q3,2021,2
2009,40685,2021-07-16 19:00:00,40711,2021-07-19 09:00:00,BUY,1812.95,1805.8432142857143,1805.8432142857143,1827.1635714285715,0.1,-71.76785714285707,-710.6785714285706,-1.0,SL,2021Q3,2021,26
2010,40714,2021-07-19 10:30:00,40722,2021-07-19 14:30:00,BUY,1805.41,1801.3139285714285,1801.3139285714285,1813.602142857143,0.1,-41.66071428571577,-409.60714285715767,-1.0,SL,2021Q3,2021,8
2011,40725,2021-07-19 16:00:00,40770,2021-07-20 15:30:00,BUY,1809.22,1822.5164285714286,1802.5717857142859,1822.5164285714286,0.1,132.2642857142858,1329.6428571428578,1.9687416936898958,TP,2021Q3,2021,45
2012,40772,2021-07-20 16:30:00,40774,2021-07-20 17:30:00,SELL,1821.75,1811.192142857143,1827.0289285714287,1811.192142857143,0.1,104.87857142857074,1055.7857142857074,1.9607398010282011,TP,2021Q3,2021,2
2013,40776,2021-07-20 18:30:00,40812,2021-07-21 13:30:00,BUY,1808.61,1801.2846428571427,1801.2846428571427,1823.2607142857141,0.1,-73.95357142857229,-732.5357142857229,-1.0,SL,2021Q3,2021,36
2014,40814,2021-07-21 14:30:00,40815,2021-07-21 15:00:00,BUY,1802.65,1797.8628571428571,1797.8628571428571,1812.2242857142858,0.1,-48.571428571429536,-478.71428571429533,-1.0,SL,2021Q3,2021,1
2015,40816,2021-07-21 15:30:00,40816,2021-07-21 15:30:00,BUY,1802.27,1796.9717857142857,1796.9717857142857,1812.8664285714285,0.1,-53.682142857142665,-529.8214285714266,-1.0,SL,2021Q3,2021,0
2016,40817,2021-07-21 16:00:00,40853,2021-07-22 11:00:00,BUY,1799.11,1793.1582142857142,1793.1582142857142,1811.0135714285714,0.1,-60.21785714285734,-595.1785714285734,-1.0,SL,2021Q3,2021,36
2017,40855,2021-07-22 12:00:00,40862,2021-07-22 15:30:00,BUY,1797.3,1805.0957142857144,1793.4021428571427,1805.0957142857144,0.1,77.25714285714439,779.5714285714439,1.947074707470748,TP,2021Q3,2021,7
2018,40863,2021-07-22 16:00:00,40868,2021-07-22 18:30:00,SELL,1802.73,1808.0957142857144,1808.0957142857144,1791.9985714285715,0.1,-54.35714285714376,-536.5714285714375,-1.0,SL,2021Q3,2021,5
2019,40869,2021-07-22 19:00:00,40905,2021-07-23 14:00:00,SELL,1807.08,1795.3992857142857,1812.920357142857,1795.3992857142857,0.1,116.10714285714202,1168.0714285714203,1.964469152214635,TP,2021Q3,2021,36
2020,40907,2021-07-23 15:00:00,40935,2021-07-26 06:00:00,BUY,1795.93,1807.2035714285714,1790.2932142857144,1807.2035714285714,0.1,112.03571428571358,1127.3571428571358,1.963201702234182,TP,2021Q3,2021,28
2021,40936,2021-07-26 06:30:00,40940,2021-07-26 08:30:00,SELL,1805.97,1808.895,1808.895,1800.12,0.1,-29.949999999999545,-292.49999999999545,-1.0,SL,2021Q3,2021,4
2022,40945,2021-07-26 11:00:00,40957,2021-07-26 17:00:00,SELL,1807.71,1799.2585714285715,1811.9357142857143,1799.2585714285715,0.1,83.8142857142855,845.1428571428551,1.9511140671765876,TP,2021Q3,2021,12
2023,40958,2021-07-26 17:30:00,40979,2021-07-27 05:00:00,BUY,1799.67,1794.797142857143,1794.797142857143,1809.4157142857143,0.1,-49.42857142857129,-487.28571428571286,-1.0,SL,2021Q3,2021,21
2024,40980,2021-07-27 05:30:00,40986,2021-07-27 08:30:00,BUY,1796.66,1794.5042857142857,1794.5042857142857,1800.9714285714288,0.1,-22.25714285714339,-215.5714285714339,-1.0,SL,2021Q3,2021,6
2025,40987,2021-07-27 09:00:00,40988,2021-07-27 09:30:00,BUY,1796.38,1793.6307142857145,1793.6307142857145,1801.8785714285716,0.1,-28.192857142856337,-274.9285714285634,-1.0,SL,2021Q3,2021,1
2026,40989,2021-07-27 10:00:00,40990,2021-07-27 10:30:00,BUY,1794.68,1800.7485714285715,1791.6457142857143,1800.7485714285715,0.1,59.98571428571431,606.8571428571431,1.93235158766682,TP,2021Q3,2021,1
2027,40991,2021-07-27 11:00:00,40999,2021-07-27 15:00:00,SELL,1798.62,1802.2339285714284,1802.2339285714284,1791.3921428571427,0.1,-36.8392857142846,-361.39285714284597,-1.0,SL,2021Q3,2021,8
2028,41001,2021-07-27 16:00:00,41027,2021-07-28 06:00:00,SELL,1802.74,1807.375,1807.375,1793.47,0.1,-47.04999999999991,-463.4999999999991,-1.0,SL,2021Q3,2021,26
2029,41044,2021-07-28 14:30:00,41044,2021-07-28 14:30:00,BUY,1798.68,1795.3200000000002,1795.3200000000002,1805.4,0.1,-34.299999999999,-335.99999999999,-1.0,SL,2021Q3,2021,0
2030,41050,2021-07-28 17:30:00,41057,2021-07-28 21:00:00,BUY,1797.26,1792.8007142857143,1792.8007142857143,1806.1785714285716,0.1,-45.292857142856704,-445.928571428567,-1.0,SL,2021Q3,2021,7
2031,41058,2021-07-28 21:30:00,41060,2021-07-28 22:30:00,BUY,1798.94,1809.0114285714287,1793.9042857142856,1809.0114285714287,0.1,100.01428571428669,1007.1428571428669,1.9588696138779644,TP,2021Q3,2021,2
2032,41069,2021-07-29 04:00:00,41069,2021-07-29 04:00:00,SELL,1809.4,1814.3875,1814.3875,1799.425,0.1,-50.57499999999955,-498.74999999999545,-1.0,SL,2021Q3,2021,0
2033,41079,2021-07-29 09:00:00,41080,2021-07-29 09:30:00,SELL,1816.16,1819.3432142857143,1819.3432142857143,1809.7935714285713,0.1,-32.532142857142574,-318.3214285714257,-1.0,SL,2021Q3,2021,1
2034,41091,2021-07-29 15:00:00,41097,2021-07-29 18:00:00,SELL,1824.91,1829.4614285714288,1829.4614285714288,1815.807142857143,0.1,-46.21428571428687,-455.1428571428687,-1.0,SL,2021Q3,2021,6
2035,41101,2021-07-29 20:00:00,41142,2021-07-30 17:30:00,SELL,1831.08,1821.3878571428572,1835.9260714285713,1821.3878571428572,0.1,96.22142857142698,969.2142857142699,1.957282964039229,TP,2021Q3,2021,41
2036,41143,2021-07-30 18:00:00,41145,2021-07-30 19:00:00,BUY,1822.92,1818.7489285714287,1818.7489285714287,1831.2621428571429,0.1,-42.41071428571395,-417.1071428571395,-1.0,SL,2021Q3,2021,2
2037,41151,2021-07-30 22:00:00,41173,2021-08-02 10:00:00,BUY,1812.17,1806.6403571428573,1806.6403571428573,1823.2292857142859,0.1,-55.9964285714279,-552.964285714279,-1.0,SL,2021Q3,2021,22
2038,41174,2021-08-02 10:30:00,41188,2021-08-02 17:30:00,BUY,1807.88,1815.5064285714286,1804.0667857142857,1815.5064285714286,0.1,75.56428571428505,762.6428571428505,1.9459210889358387,TP,2021Q3,2021,14
2039,41189,2021-08-02 18:00:00,41193,2021-08-02 20:00:00,SELL,1814.46,1819.5932142857143,1819.5932142857143,1804.1935714285714,0.1,-52.03214285714303,-513.3214285714303,-1.0,SL,2021Q3,2021,4
2040,41194,2021-08-02 20:30:00,41229,2021-08-03 15:00:00,SELL,1818.09,1807.7421428571429,1823.2639285714286,1807.7421428571429,0.1,102.77857142857037,1034.7857142857038,1.9599536879383892,TP,2021Q3,2021,35
2041,41231,2021-08-03 16:00:00,41235,2021-08-03 18:00:00,BUY,1813.03,1809.0935714285715,1809.0935714285715,1820.902857142857,0.1,-40.06428571428451,-393.64285714284506,-1.0,SL,2021Q3,2021,4
2042,41256,2021-08-04 05:30:00,41257,2021-08-04 06:00:00,SELL,1812.94,1814.5310714285715,1814.5310714285715,1809.7578571428571,0.1,-16.610714285714675,-159.10714285714675,-1.0,SL,2021Q3,2021,1
2043,41266,2021-08-04 10:30:00,41273,2021-08-04 14:00:00,SELL,1813.41,1815.8089285714286,1815.8089285714286,1808.6121428571428,0.1,-24.689285714285415,-239.89285714285415,-1.0,SL,2021Q3,2021,7
2044,41279,2021-08-04 17:00:00,41279,2021-08-04 17:00:00,SELL,1828.52,1819.1085714285714,1833.2257142857143,1819.1085714285714,0.1,93.41428571428587,941.1428571428587,1.9560275201914448,TP,2021Q3,2021,0
2045,41280,2021-08-04 17:30:00,41324,2021-08-05 16:30:00,BUY,1811.37,1804.8075,1804.8075,1824.495,0.1,-66.325,-656.25,-1.0,SL,2021Q3,2021,44
2046,41346,2021-08-06 04:30:00,41348,2021-08-06 05:30:00,BUY,1801.5,1799.7450000000001,1799.7450000000001,1805.0099999999998,0.1,-18.249999999998817,-175.49999999998818,-1.0,SL,2021Q3,2021,2
2047,41349,2021-08-06 06:00:00,41353,2021-08-06 08:00:00,BUY,1800.61,1798.9482142857141,1798.9482142857141,1803.9335714285712,0.1,-17.3178571428577,-166.17857142857702,-1.0,SL,2021Q3,2021,4
2048,41355,2021-08-06 09:00:00,41357,2021-08-06 10:00:00,BUY,1800.54,1798.442142857143,1798.442142857143,1804.7357142857143,0.1,-21.678571428570375,-209.78571428570376,-1.0,SL,2021Q3,2021,2
2049,41358,2021-08-06 10:30:00,41361,2021-08-06 12:00:00,BUY,1800.98,1798.360357142857,1798.360357142857,1806.2192857142857,0.1,-26.89642857142935,-261.9642857142935,-1.0,SL,2021Q3,2021,3
2050,41377,2021-08-06 20:00:00,41386,2021-08-09 01:30:00,BUY,1759.72,1750.8475,1750.8475,1777.465,0.1,-89.42499999999946,-887.2499999999945,-1.0,SL,2021Q3,2021,9
2051,41418,2021-08-09 17:30:00,41418,2021-08-09 17:30:00,BUY,1740.3,1731.7703571428572,1731.7703571428572,1757.3592857142858,0.1,-85.9964285714279,-852.964285714279,-1.0,SL,2021Q3,2021,0
2052,41420,2021-08-09 18:30:00,41462,2021-08-10 16:30:00,BUY,1731.59,1722.2289285714285,1722.2289285714285,1750.3121428571428,0.1,-94.3107142857145,-936.1071428571449,-1.0,SL,2021Q3,2021,42
2053,41464,2021-08-10 17:30:00,41502,2021-08-11 13:30:00,BUY,1723.96,1736.155,1717.8625,1736.155,0.1,121.24999999999936,1219.4999999999936,1.9659505472233116,TP,2021Q3,2021,38
2054,41506,2021-08-11 15:30:00,41506,2021-08-11 15:30:00,SELL,1736.12,1740.2782142857143,1740.2782142857143,1727.8035714285713,0.1,-42.28214285714394,-415.82142857143936,-1.0,SL,2021Q3,2021,0
2055,41516,2021-08-11 20:30:00,41585,2021-08-13 09:00:00,SELL,1751.4,1758.5571428571432,1758.5571428571432,1737.0857142857142,0.1,-72.27142857143072,-715.7142857143072,-1.0,SL,2021Q3,2021,69
2056,41588,2021-08-13 10:30:00,41593,2021-08-13 13:00:00,SELL,1758.21,1761.2367857142858,1761.2367857142858,1752.1564285714285,0.1,-30.967857142857792,-302.6785714285779,-1.0,SL,2021Q3,2021,5
2057,41594,2021-08-13 13:30:00,41598,2021-08-13 15:30:00,SELL,1759.79,1762.895,1762.895,1753.58,0.1,-31.75000000000018,-310.5000000000018,-1.0,SL,2021Q3,2021,4
2058,41601,2021-08-13 17:00:00,41601,2021-08-13 17:00:00,SELL,1764.8,1768.6421428571427,1768.6421428571427,1757.1157142857141,0.1,-39.1214285714279,-384.21428571427896,-1.0,SL,2021Q3,2021,0
2059,41616,2021-08-16 01:30:00,41621,2021-08-16 04:00:00,SELL,1778.94,1782.199285714286,1782.199285714286,1772.4214285714286,0.1,-33.29285714285852,-325.9285714285852,-1.0,SL,2021Q3,2021,5
2060,41628,2021-08-16 07:30:00,41630,2021-08-16 08:30:00,BUY,1776.29,1773.26,1773.26,1782.3500000000001,0.1,-30.999999999999726,-302.99999999999727,-1.0,SL,2021Q3,2021,2
2061,41631,2021-08-16 09:00:00,41642,2021-08-16 14:30:00,BUY,1774.57,1771.2860714285714,1771.2860714285714,1781.1378571428572,0.1,-33.53928571428533,-328.39285714285325,-1.0,SL,2021Q3,2021,11
2062,41643,2021-08-16 15:00:00,41644,2021-08-16 15:30:00,BUY,1772.48,1780.2457142857145,1768.597142857143,1780.2457142857145,0.1,76.95714285714466,776.5714285714466,1.9468738706180548,TP,2021Q3,2021,1
2063,41645,2021-08-16 16:00:00,41645,2021-08-16 16:00:00,SELL,1778.14,1782.5682142857145,1782.5682142857145,1769.2835714285713,0.1,-44.98214285714376,-442.82142857143754,-1.0,SL,2021Q3,2021,0
2064,41678,2021-08-17 09:30:00,41679,2021-08-17 10:00:00,SELL,1791.61,1794.5135714285714,1794.5135714285714,1785.8028571428572,0.1,-29.735714285714675,-290.35714285714675,-1.0,SL,2021Q3,2021,1
2065,41687,2021-08-17 14:00:00,41691,2021-08-17 16:00:00,SELL,1794.67,1787.594285714286,1798.2078571428572,1787.594285714286,0.1,70.05714285714184,707.5714285714184,1.9417937042169857,TP,2021Q3,2021,4
2066,41694,2021-08-17 17:30:00,41696,2021-08-17 18:30:00,BUY,1786.74,1781.367857142857,1781.367857142857,1797.4842857142858,0.1,-54.4214285714299,-537.214285714299,-1.0,SL,2021Q3,2021,2
2067,41697,2021-08-17 19:00:00,41726,2021-08-18 10:30:00,BUY,1782.95,1793.814285714286,1777.517857142857,1793.814285714286,0.1,107.9428571428587,1086.428571428587,1.9618330520576404,TP,2021Q3,2021,29
2068,41727,2021-08-18 11:00:00,41733,2021-08-18 14:00:00,SELL,1790.25,1783.9264285714285,1793.4117857142858,1783.9264285714285,0.1,62.5357142857154,632.357142857154,1.9350204442479841,TP,2021Q3,2021,6
2069,41735,2021-08-18 15:00:00,41739,2021-08-18 17:00:00,BUY,1787.14,1783.3878571428572,1783.3878571428572,1794.6442857142858,0.1,-38.22142857142872,-375.21428571428714,-1.0,SL,2021Q3,2021,4
2070,41741,2021-08-18 18:00:00,41763,2021-08-19 06:00:00,BUY,1781.92,1777.0,1777.0,1791.76,0.1,-49.90000000000073,-492.0000000000073,-1.0,SL,2021Q3,2021,22
2071,41778,2021-08-19 13:30:00,41785,2021-08-19 17:00:00,SELL,1788.58,1778.0392857142856,1793.850357142857,1778.0392857142856,0.1,104.7071428571433,1054.071428571433,1.9606767872667692,TP,2021Q3,2021,7
2072,41796,2021-08-19 22:30:00,41855,2021-08-23 06:00:00,BUY,1777.84,1788.5071428571428,1772.5064285714284,1788.5071428571428,0.1,105.97142857142835,1066.7142857142835,1.9611368142762309,TP,2021Q3,2021,59
2073,41856,2021-08-23 06:30:00,41870,2021-08-23 13:30:00,SELL,1786.81,1790.5192857142856,1790.5192857142856,1779.3914285714284,0.1,-37.792857142856704,-370.928571428567,-1.0,SL,2021Q3,2021,14
2074,41873,2021-08-23 15:00:00,41874,2021-08-23 15:30:00,SELL,1790.84,1794.0349999999999,1794.0349999999999,1784.45,0.1,-32.649999999999366,-319.49999999999363,-1.0,SL,2021Q3,2021,1
2075,41901,2021-08-24 06:00:00,41903,2021-08-24 07:00:00,BUY,1803.04,1800.7075,1800.7075,1807.705,0.1,-24.024999999999817,-233.24999999999818,-1.0,SL,2021Q3,2021,2
2076,41912,2021-08-24 11:30:00,41919,2021-08-24 15:00:00,BUY,1801.43,1807.2242857142858,1798.5328571428572,1807.2242857142858,0.1,57.24285714285706,579.4285714285706,1.9292248435243138,TP,2021Q3,2021,7
2077,41920,2021-08-24 15:30:00,41920,2021-08-24 15:30:00,SELL,1803.82,1807.1585714285713,1807.1585714285713,1797.142857142857,0.1,-34.08571428571413,-333.8571428571413,-1.0,SL,2021Q3,2021,0
2078,41924,2021-08-24 17:30:00,41942,2021-08-25 03:30:00,SELL,1806.16,1797.449285714286,1810.5153571428573,1797.449285714286,0.1,86.40714285714175,871.0714285714175,1.952546202889143,TP,2021Q3,2021,18
2079,41951,2021-08-25 08:00:00,41963,2021-08-25 14:00:00,BUY,1794.39,1791.2753571428573,1791.2753571428573,1800.619285714286,0.1,-31.84642857142826,-311.4642857142826,-1.0,SL,2021Q3,2021,12
2080,41967,2021-08-25 16:00:00,41969,2021-08-25 17:00:00,SELL,1795.77,1785.6192857142858,1800.845357142857,1785.6192857142858,0.1,100.8071428571423,1015.071428571423,1.9591865065593543,TP,2021Q3,2021,2
2081,41970,2021-08-25 17:30:00,42013,2021-08-26 16:00:00,BUY,1786.69,1780.6139285714287,1780.6139285714287,1798.8421428571428,0.1,-61.46071428571368,-607.6071428571368,-1.0,SL,2021Q3,2021,43
2082,42014,2021-08-26 16:30:00,42017,2021-08-26 18:00:00,BUY,1787.7,1797.7285714285713,1782.6857142857143,1797.7285714285713,0.1,99.5857142857124,1002.857142857124,1.9586962629951787,TP,2021Q3,2021,3
2083,42018,2021-08-26 18:30:00,42044,2021-08-27 08:30:00,SELL,1794.82,1801.3332142857141,1801.3332142857141,1781.7935714285713,0.1,-65.83214285714185,-651.3214285714184,-1.0,SL,2021Q3,2021,26
2084,42047,2021-08-27 10:00:00,42049,2021-08-27 11:00:00,SELL,1803.3,1797.9299999999998,1805.985,1797.9299999999998,0.1,53.00000000000118,537.0000000000118,1.92377495462803,TP,2021Q3,2021,2
2085,42056,2021-08-27 14:30:00,42059,2021-08-27 16:00:00,BUY,1794.96,1791.3064285714286,1791.3064285714286,1802.267142857143,0.1,-37.23571428571468,-365.35714285714675,-1.0,SL,2021Q3,2021,3
2086,42061,2021-08-27 17:00:00,42061,2021-08-27 17:00:00,BUY,1792.29,1786.670357142857,1786.670357142857,1803.5292857142856,0.1,-56.896428571429354,-561.9642857142935,-1.0,SL_AMBIGUOUS_PESSIMISTIC,2021Q3,2021,0
2087,42062,2021-08-27 17:30:00,42068,2021-08-27 20:30:00,BUY,1802.26,1817.6457142857143,1794.567142857143,1817.6457142857143,0.1,153.15714285714358,1538.5714285714357,1.972948104527081,TP,2021Q3,2021,6
2088,42082,2021-08-30 04:30:00,42084,2021-08-30 05:30:00,SELL,1819.8,1814.4278571428572,1822.4860714285714,1814.4278571428572,0.1,53.02142857142762,537.2142857142762,1.923804587274767,TP,2021Q3,2021,2
2089,42092,2021-08-30 09:30:00,42108,2021-08-30 17:30:00,BUY,1814.13,1810.5075000000002,1810.5075000000002,1821.3750000000002,0.1,-36.92499999999946,-362.24999999999454,-1.0,SL,2021Q3,2021,16
2090,42109,2021-08-30 18:00:00,42115,2021-08-30 21:00:00,BUY,1812.09,1808.645357142857,1808.645357142857,1818.9792857142857,0.1,-35.14642857142981,-344.46428571429806,-1.0,SL,2021Q3,2021,6
2091,42117,2021-08-30 22:00:00,42138,2021-08-31 09:30:00,BUY,1811.13,1818.2421428571429,1807.5739285714287,1818.2421428571429,0.1,70.42142857142771,711.2142857142771,1.9420860829311524,TP,2021Q3,2021,21
2092,42139,2021-08-31 10:00:00,42150,2021-08-31 15:30:00,SELL,1814.79,1809.252857142857,1817.5585714285714,1809.252857142857,0.1,54.67142857142953,553.7142857142953,1.9260191243080031,TP,2021Q3,2021,11
2093,42152,2021-08-31 16:30:00,42154,2021-08-31 17:30:00,BUY,1809.6,1805.0432142857142,1805.0432142857142,1818.7135714285714,0.1,-46.26785714285752,-455.6785714285752,-1.0,SL,2021Q3,2021,2
2094,42188,2021-09-01 11:30:00,42196,2021-09-01 15:30:00,BUY,1811.18,1817.6557142857143,1807.942142857143,1817.6557142857143,0.1,64.05714285714275,647.5714285714275,1.9365147916216796,TP,2021Q3,2021,8
2095,42202,2021-09-01 18:30:00,42245,2021-09-02 17:00:00,BUY,1813.1,1807.6614285714286,1807.6614285714286,1823.9771428571428,0.1,-55.08571428571322,-543.8571428571322,-1.0,SL,2021Q3,2021,43
2096,42269,2021-09-03 06:00:00,42285,2021-09-03 14:00:00,SELL,1813.23,1814.8692857142858,1814.8692857142858,1809.9514285714286,0.1,-17.092857142857337,-163.92857142857338,-1.0,SL,2021Q3,2021,16
2097,42287,2021-09-03 15:00:00,42287,2021-09-03 15:00:00,SELL,1814.59,1816.945,1816.945,1809.8799999999999,0.1,-24.25000000000018,-235.50000000000182,-1.0,SL,2021Q3,2021,0
2098,42288,2021-09-03 15:30:00,42288,2021-09-03 15:30:00,SELL,1814.45,1817.1714285714286,1817.1714285714286,1809.007142857143,0.1,-27.914285714285324,-272.14285714285325,-1.0,SL,2021Q3,2021,0
2099,42326,2021-09-06 11:30:00,42328,2021-09-06 12:30:00,BUY,1825.78,1823.5514285714285,1823.5514285714285,1830.2371428571428,0.1,-22.98571428571513,-222.8571428571513,-1.0,SL,2021Q3,2021,2
2100,42329,2021-09-06 13:00:00,42333,2021-09-06 15:00:00,BUY,1824.77,1822.5714285714284,1822.5714285714284,1829.1671428571428,0.1,-22.685714285715402,-219.85714285715403,-1.0,SL,2021Q3,2021,4
2101,42334,2021-09-06 15:30:00,42357,2021-09-07 08:00:00,BUY,1823.58,1821.080357142857,1821.080357142857,1828.5792857142856,0.1,-25.696428571428168,-249.9642857142817,-1.0,SL,2021Q3,2021,23
2102,42361,2021-09-07 10:00:00,42363,2021-09-07 11:00:00,BUY,1818.72,1815.72,1815.72,1824.72,0.1,-30.7,-300.0,-1.0,SL,2021Q3,2021,2
2103,42365,2021-09-07 12:00:00,42366,2021-09-07 12:30:00,BUY,1815.0,1811.2767857142858,1811.2767857142858,1822.4464285714284,0.1,-37.93214285714221,-372.3214285714221,-1.0,SL,2021Q3,2021,1
2104,42368,2021-09-07 13:30:00,42375,2021-09-07 17:00:00,BUY,1811.4,1807.3478571428573,1807.3478571428573,1819.5042857142857,0.1,-41.22142857142826,-405.2142857142826,-1.0,SL,2021Q3,2021,7
2105,42377,2021-09-07 18:00:00,42420,2021-09-08 16:30:00,BUY,1796.78,1790.1371428571429,1790.1371428571429,1810.0657142857144,0.1,-67.1285714285711,-664.285714285711,-1.0,SL,2021Q3,2021,43
2106,42449,2021-09-09 08:00:00,42455,2021-09-09 11:00:00,BUY,1788.26,1793.105,1785.8375,1793.105,0.1,47.75000000000027,484.50000000000273,1.9157472417252632,TP,2021Q3,2021,6
2107,42459,2021-09-09 13:00:00,42461,2021-09-09 14:00:00,SELL,1794.47,1797.1925,1797.1925,1789.025,0.1,-27.925000000000818,-272.2500000000082,-1.0,SL,2021Q3,2021,2
2108,42463,2021-09-09 15:00:00,42464,2021-09-09 15:30:00,SELL,1798.85,1792.267142857143,1802.1414285714284,1792.267142857143,0.1,65.12857142856937,658.2857142856938,1.9375265618359518,TP,2021Q3,2021,1
2109,42469,2021-09-09 18:00:00,42496,2021-09-10 08:30:00,BUY,1789.29,1800.897857142857,1783.4860714285714,1800.897857142857,0.1,115.37857142857028,1160.7857142857029,1.964248799173101,TP,2021Q3,2021,27
2110,42511,2021-09-10 16:00:00,42520,2021-09-10 20:30:00,BUY,1793.73,1789.0425,1789.0425,1803.105,0.1,-47.575,-468.75,-1.0,SL,2021Q3,2021,9
2111,42523,2021-09-10 22:00:00,42533,2021-09-13 04:00:00,BUY,1790.69,1785.3125,1785.3125,1801.445,0.1,-54.47500000000055,-537.7500000000055,-1.0,SL,2021Q3,2021,10
2112,42534,2021-09-13 04:30:00,42538,2021-09-13 06:30:00,BUY,1786.58,1792.3421428571426,1783.6989285714285,1792.3421428571426,0.1,56.92142857142635,576.2142857142635,1.9288394045745327,TP,2021Q3,2021,4
2113,42544,2021-09-13 09:30:00,42558,2021-09-13 16:30:00,SELL,1789.35,1792.5385714285712,1792.5385714285712,1782.9728571428573,0.1,-32.58571428571322,-318.8571428571322,-1.0,SL,2021Q3,2021,14
2114,42580,2021-09-14 04:30:00,42591,2021-09-14 10:00:00,BUY,1791.08,1794.197857142857,1789.5210714285713,1794.197857142857,0.1,30.478571428570195,311.78571428570194,1.8710809033105422,TP,2021Q3,2021,11
2115,42592,2021-09-14 10:30:00,42595,2021-09-14 12:00:00,SELL,1793.25,1787.7707142857143,1795.9896428571428,1787.7707142857143,0.1,54.092857142856516,547.9285714285652,1.9252574043472725,TP,2021Q3,2021,3
2116,42597,2021-09-14 13:00:00,42600,2021-09-14 14:30:00,BUY,1788.07,1785.1782142857141,1785.1782142857141,1793.8535714285713,0.1,-29.617857142857883,-289.17857142857883,-1.0,SL,2021Q3,2021,3
2117,42603,2021-09-14 16:00:00,42604,2021-09-14 16:30:00,BUY,1797.33,1791.8174999999999,1791.8174999999999,1808.355,0.1,-55.82500000000046,-551.2500000000045,-1.0,SL,2021Q3,2021,1
2118,42605,2021-09-14 17:00:00,42606,2021-09-14 17:30:00,SELL,1793.82,1800.3492857142858,1800.3492857142858,1780.7614285714285,0.1,-65.99285714285834,-652.9285714285834,-1.0,SL,2021Q3,2021,1
2119,42608,2021-09-14 18:30:00,42677,2021-09-16 07:00:00,SELL,1805.95,1790.1464285714287,1813.8517857142858,1790.1464285714287,0.1,157.33571428571332,1580.357142857133,1.9736570942161806,TP,2021Q3,2021,69
2120,42678,2021-09-16 07:30:00,42680,2021-09-16 08:30:00,BUY,1790.98,1788.4985714285715,1788.4985714285715,1795.942857142857,0.1,-25.514285714285233,-248.14285714285234,-1.0,SL,2021Q3,2021,2
2121,42684,2021-09-16 10:30:00,42687,2021-09-16 12:00:00,BUY,1786.48,1782.9517857142857,1782.9517857142857,1793.5364285714286,0.1,-35.98214285714285,-352.82142857142844,-1.0,SL,2021Q3,2021,3
2122,42690,2021-09-16 13:30:00,42692,2021-09-16 14:30:00,BUY,1778.91,1774.682142857143,1774.682142857143,1787.3657142857144,0.1,-42.97857142857147,-422.7857142857147,-1.0,SL,2021Q3,2021,2
2123,42726,2021-09-17 08:30:00,42726,2021-09-17 08:30:00,SELL,1760.32,1762.6107142857143,1762.6107142857143,1755.7385714285713,0.1,-23.607142857143298,-229.071428571433,-1.0,SL,2021Q3,2021,0
2124,42728,2021-09-17 09:30:00,42728,2021-09-17 09:30:00,SELL,1762.63,1765.2078571428572,1765.2078571428572,1757.4742857142858,0.1,-26.478571428570557,-257.7857142857056,-1.0,SL,2021Q3,2021,0
2125,42729,2021-09-17 10:00:00,42732,2021-09-17 11:30:00,SELL,1763.22,1766.0142857142857,1766.0142857142857,1757.6314285714286,0.1,-28.642857142857064,-279.42857142857065,-1.0,SL,2021Q3,2021,3
2126,42734,2021-09-17 12:30:00,42740,2021-09-17 15:30:00,SELL,1764.6,1757.8649999999998,1767.9675,1757.8649999999998,0.1,66.65000000000127,673.5000000000127,1.9389090909090918,TP,2021Q3,2021,6
2127,42743,2021-09-17 17:00:00,42765,2021-09-20 05:00:00,BUY,1750.08,1743.965357142857,1743.965357142857,1762.3092857142856,0.1,-61.84642857142826,-611.4642857142826,-1.0,SL,2021Q3,2021,22
2128,42780,2021-09-20 12:30:00,42785,2021-09-20 15:00:00,SELL,1756.77,1761.1264285714285,1761.1264285714285,1748.057142857143,0.1,-44.264285714285236,-435.64285714285234,-1.0,SL,2021Q3,2021,5
2129,42786,2021-09-20 15:30:00,42789,2021-09-20 17:00:00,SELL,1759.33,1763.8439285714285,1763.8439285714285,1750.3021428571428,0.1,-45.83928571428551,-451.39285714285506,-1.0,SL,2021Q3,2021,3
2130,42791,2021-09-20 18:00:00,42831,2021-09-21 15:00:00,SELL,1765.12,1771.1553571428572,1771.1553571428572,1753.0492857142856,0.1,-61.05357142857265,-603.5357142857265,-1.0,SL,2021Q3,2021,40
2131,42833,2021-09-21 16:00:00,42835,2021-09-21 17:00:00,SELL,1771.72,1776.4760714285715,1776.4760714285715,1762.2078571428572,0.1,-48.260714285714315,-475.6071428571431,-1.0,SL,2021Q3,2021,2
2132,42836,2021-09-21 17:30:00,42837,2021-09-21 18:00:00,SELL,1774.33,1779.3357142857142,1779.3357142857142,1764.3185714285714,0.1,-50.75714285714248,-500.5714285714248,-1.0,SL,2021Q3,2021,1
2133,42865,2021-09-22 09:00:00,42877,2021-09-22 15:00:00,SELL,1777.69,1771.797142857143,1780.6364285714285,1771.797142857143,0.1,58.2285714285711,589.285714285711,1.9303812455601008,TP,2021Q3,2021,12
2134,42878,2021-09-22 15:30:00,42889,2021-09-22 21:00:00,BUY,1774.63,1771.0535714285716,1771.0535714285716,1781.7828571428572,0.1,-36.46428571428551,-357.64285714285506,-1.0,SL_AMBIGUOUS_PESSIMISTIC,2021Q3,2021,11
2135,42890,2021-09-22 21:30:00,42890,2021-09-22 21:30:00,BUY,1784.37,1778.412857142857,1778.412857142857,1796.2842857142855,0.1,-60.27142857142799,-595.7142857142799,-1.0,SL,2021Q3,2021,0
2136,42892,2021-09-22 22:30:00,42901,2021-09-23 04:00:00,BUY,1770.52,1761.8907142857142,1761.8907142857142,1787.7785714285712,0.1,-86.99285714285743,-862.9285714285743,-1.0,SL,2021Q3,2021,9
2137,42914,2021-09-23 10:30:00,42917,2021-09-23 12:00:00,BUY,1763.09,1769.8785714285711,1759.6957142857143,1769.8785714285711,0.1,67.18571428571231,678.8571428571231,1.9393814432989671,TP,2021Q3,2021,3
2138,42920,2021-09-23 13:30:00,42924,2021-09-23 15:30:00,SELL,1771.94,1763.3385714285716,1776.2407142857144,1763.3385714285716,0.1,85.31428571428414,860.1428571428414,1.951952933485812,TP,2021Q3,2021,4
2139,42928,2021-09-23 17:30:00,42929,2021-09-23 18:00:00,BUY,1754.52,1747.0842857142857,1747.0842857142857,1769.3914285714284,0.1,-75.05714285714312,-743.5714285714312,-1.0,SL,2021Q3,2021,1
2140,42962,2021-09-24 11:30:00,42969,2021-09-24 15:00:00,SELL,1755.39,1749.0921428571428,1758.5389285714286,1749.0921428571428,0.1,62.2785714285731,629.785714285731,1.9347609009209619,TP,2021Q3,2021,7
2141,42973,2021-09-24 17:00:00,42975,2021-09-24 18:00:00,BUY,1743.04,1752.4257142857143,1738.347142857143,1752.4257142857143,0.1,93.15714285714357,938.5714285714357,1.9559088182363995,TP,2021Q3,2021,2
2142,42993,2021-09-27 04:00:00,42993,2021-09-27 04:00:00,SELL,1753.92,1757.0292857142858,1757.0292857142858,1747.7014285714286,0.1,-31.79285714285761,-310.9285714285761,-1.0,SL,2021Q3,2021,0
2143,42996,2021-09-27 05:30:00,43007,2021-09-27 11:00:00,SELL,1758.75,1752.1007142857143,1762.0746428571429,1752.1007142857143,0.1,65.79285714285724,664.9285714285725,1.9381378221988426,TP,2021Q3,2021,11
2144,43012,2021-09-27 13:30:00,43018,2021-09-27 16:30:00,BUY,1749.12,1757.4642857142858,1744.947857142857,1757.4642857142858,0.1,82.74285714285888,834.4285714285888,1.9504967166189602,TP,2021Q3,2021,6
2145,43040,2021-09-28 04:30:00,43041,2021-09-28 05:00:00,BUY,1750.2,1753.83,1748.385,1753.83,0.1,35.599999999998815,362.9999999999882,1.888594164456116,TP,2021Q3,2021,1
2146,43042,2021-09-28 05:30:00,43048,2021-09-28 08:30:00,SELL,1753.39,1749.0828571428574,1755.5435714285716,1749.0828571428574,0.1,42.371428571427074,430.7142857142708,1.9055573401862147,TP,2021Q3,2021,6
2147,43052,2021-09-28 10:30:00,43056,2021-09-28 12:30:00,BUY,1742.46,1738.1207142857143,1738.1207142857143,1751.1385714285716,0.1,-44.092857142857795,-433.9285714285779,-1.0,SL,2021Q3,2021,4
2148,43060,2021-09-28 14:30:00,43104,2021-09-29 13:30:00,BUY,1733.09,1745.2892857142856,1726.9903571428572,1745.2892857142856,0.1,121.29285714285679,1219.928571428568,1.9659623733719607,TP,2021Q3,2021,44
2149,43111,2021-09-29 17:00:00,43111,2021-09-29 17:00:00,BUY,1736.89,1731.8907142857142,1731.8907142857142,1746.8885714285716,0.1,-50.692857142858614,-499.9285714285861,-1.0,SL,2021Q3,2021,0
2150,43113,2021-09-29 18:00:00,43117,2021-09-29 20:00:00,BUY,1728.45,1722.6557142857143,1722.6557142857143,1740.0385714285715,0.1,-58.64285714285707,-579.4285714285706,-1.0,SL,2021Q3,2021,4
2151,43119,2021-09-29 21:00:00,43154,2021-09-30 15:30:00,BUY,1723.06,1736.8642857142856,1716.157857142857,1736.8642857142856,0.1,137.34285714285699,1380.4285714285697,1.9698801352320139,TP,2021Q3,2021,35
2152,43200,2021-10-01 15:30:00,43204,2021-10-01 17:30:00,BUY,1753.09,1762.0492857142856,1748.610357142857,1762.0492857142856,0.1,88.8928571428567,895.928571428567,1.9538425308108953,TP,2021Q4,2021,4
2153,43205,2021-10-01 18:00:00,43217,2021-10-04 01:00:00,SELL,1758.33,1764.3246428571426,1764.3246428571426,1746.3407142857143,0.1,-60.64642857142708,-599.4642857142708,-1.0,SL,2021Q4,2021,12
2154,43219,2021-10-04 02:00:00,43235,2021-10-04 10:00:00,SELL,1763.78,1756.7,1767.32,1756.7,0.1,70.09999999999927,707.9999999999927,1.9418282548476447,TP,2021Q4,2021,16
2155,43243,2021-10-04 14:00:00,43246,2021-10-04 15:30:00,BUY,1749.47,1757.4114285714286,1745.4992857142856,1757.4114285714286,0.1,78.7142857142856,794.142857142856,1.9480289906310215,TP,2021Q4,2021,3
2156,43279,2021-10-05 09:00:00,43280,2021-10-05 09:30:00,BUY,1758.28,1755.4353571428571,1755.4353571428571,1763.969285714286,0.1,-29.14642857142844,-284.4642857142844,-1.0,SL,2021Q4,2021,1
2157,43281,2021-10-05 10:00:00,43288,2021-10-05 13:30:00,BUY,1757.38,1754.0982142857142,1754.0982142857142,1763.9435714285717,0.1,-33.51785714285889,-328.17857142858884,-1.0,SL,2021Q4,2021,7
2158,43290,2021-10-05 14:30:00,43293,2021-10-05 16:00:00,BUY,1756.3,1752.1567857142857,1752.1567857142857,1764.5864285714285,0.1,-42.13214285714294,-414.32142857142935,-1.0,SL,2021Q4,2021,3
2159,43295,2021-10-05 17:00:00,43302,2021-10-05 20:30:00,BUY,1752.27,1762.6950000000002,1747.0575,1762.6950000000002,0.1,103.55000000000182,1042.5000000000182,1.9602460955986754,TP,2021Q4,2021,7
2160,43319,2021-10-06 06:00:00,43321,2021-10-06 07:00:00,BUY,1755.83,1753.6174999999998,1753.6174999999998,1760.2549999999999,0.1,-22.82500000000091,-221.2500000000091,-1.0,SL,2021Q4,2021,2
2161,43323,2021-10-06 08:00:00,43327,2021-10-06 10:00:00,BUY,1752.65,1749.9628571428573,1749.9628571428573,1758.024285714286,0.1,-27.571428571428168,-268.7142857142817,-1.0,SL,2021Q4,2021,4
2162,43328,2021-10-06 10:30:00,43328,2021-10-06 10:30:00,BUY,1751.16,1747.1346428571428,1747.1346428571428,1759.2107142857144,0.1,-40.953571428572744,-402.5357142857274,-1.0,SL,2021Q4,2021,0
2163,43329,2021-10-06 11:00:00,43337,2021-10-06 15:00:00,BUY,1747.88,1756.6635714285717,1743.4882142857143,1756.6635714285717,0.1,87.13571428571576,878.3571428571577,1.952933642839991,TP,2021Q4,2021,8
2164,43339,2021-10-06 16:00:00,43351,2021-10-06 22:00:00,SELL,1759.13,1764.9703571428572,1764.9703571428572,1747.4492857142857,0.1,-59.103571428571016,-584.0357142857101,-1.0,SL,2021Q4,2021,12
2165,43352,2021-10-06 22:30:00,43385,2021-10-07 16:00:00,SELL,1764.04,1753.8271428571427,1769.1464285714287,1753.8271428571427,0.1,101.42857142857274,1021.2857142857274,1.9594314888919127,TP,2021Q4,2021,33
2166,43386,2021-10-07 16:30:00,43429,2021-10-08 15:00:00,BUY,1754.49,1764.2721428571429,1749.5989285714286,1764.2721428571429,0.1,97.12142857142844,978.2142857142844,1.9576704340940174,TP,2021Q4,2021,43
2167,43430,2021-10-08 15:30:00,43430,2021-10-08 15:30:00,SELL,1761.84,1765.8557142857142,1765.8557142857142,1753.8085714285714,0.1,-40.85714285714239,-401.5714285714239,-1.0,SL,2021Q4,2021,0
2168,43449,2021-10-11 02:00:00,43476,2021-10-11 15:30:00,BUY,1755.3,1751.5467857142855,1751.5467857142855,1762.8064285714286,0.1,-38.23214285714421,-375.3214285714421,-1.0,SL,2021Q4,2021,27
2169,43479,2021-10-11 17:00:00,43508,2021-10-12 08:30:00,SELL,1757.64,1762.2203571428572,1762.2203571428572,1748.4792857142859,0.1,-46.50357142857111,-458.03571428571104,-1.0,SL,2021Q4,2021,29
2170,43510,2021-10-12 09:30:00,43519,2021-10-12 14:00:00,SELL,1761.68,1764.9007142857142,1764.9007142857142,1755.2385714285715,0.1,-32.907142857141665,-322.0714285714166,-1.0,SL,2021Q4,2021,9
2171,43523,2021-10-12 16:00:00,43524,2021-10-12 16:30:00,BUY,1757.84,1767.4314285714283,1753.0442857142857,1767.4314285714283,0.1,95.21428571428423,959.1428571428423,1.9568408690546086,TP,2021Q4,2021,1
2172,43526,2021-10-12 17:30:00,43566,2021-10-13 14:30:00,SELL,1767.85,1774.1028571428571,1774.1028571428571,1755.3442857142857,0.1,-63.22857142857238,-625.2857142857238,-1.0,SL,2021Q4,2021,40
2173,43569,2021-10-13 16:00:00,43570,2021-10-13 16:30:00,BUY,1761.42,1773.077142857143,1755.5914285714287,1773.077142857143,0.1,115.87142857142844,1165.7142857142844,1.96439815936062,TP,2021Q4,2021,1
2174,43574,2021-10-13 18:30:00,43659,2021-10-15 15:00:00,SELL,1791.87,1773.0149999999999,1801.2975,1773.0149999999999,0.1,187.8500000000002,1885.5000000000018,1.9778889181363517,TP,2021Q4,2021,85
2175,43679,2021-10-18 02:00:00,43693,2021-10-18 09:00:00,BUY,1768.68,1765.299642857143,1765.299642857143,1775.4407142857144,0.1,-34.50357142857065,-338.0357142857065,-1.0,SL,2021Q4,2021,14
2176,43698,2021-10-18 11:30:00,43709,2021-10-18 17:00:00,BUY,1762.36,1770.3721428571428,1758.3539285714285,1770.3721428571428,0.1,79.42142857142862,801.2142857142862,1.9484798037325854,TP,2021Q4,2021,11
2177,43710,2021-10-18 17:30:00,43735,2021-10-19 07:00:00,SELL,1769.51,1775.5753571428572,1775.5753571428572,1757.3792857142855,0.1,-61.35357142857238,-606.5357142857238,-1.0,SL,2021Q4,2021,25
2178,43737,2021-10-19 08:00:00,43738,2021-10-19 08:30:00,SELL,1774.49,1777.1621428571427,1777.1621428571427,1769.1457142857143,0.1,-27.421428571427167,-267.2142857142717,-1.0,SL,2021Q4,2021,1
2179,43740,2021-10-19 09:30:00,43742,2021-10-19 10:30:00,SELL,1777.31,1780.530714285714,1780.530714285714,1770.8685714285714,0.1,-32.907142857141665,-322.0714285714166,-1.0,SL,2021Q4,2021,2
2180,43745,2021-10-19 12:00:00,43751,2021-10-19 15:00:00,SELL,1781.24,1784.4157142857143,1784.4157142857143,1774.8885714285714,0.1,-32.45714285714321,-317.5714285714321,-1.0,SL,2021Q4,2021,6
2181,43752,2021-10-19 15:30:00,43753,2021-10-19 16:00:00,SELL,1777.94,1782.3842857142859,1782.3842857142859,1769.0514285714285,0.1,-45.14285714285798,-444.42857142857974,-1.0,SL,2021Q4,2021,1
2182,43754,2021-10-19 16:30:00,43756,2021-10-19 17:30:00,SELL,1780.82,1770.8557142857142,1785.8021428571428,1770.8557142857142,0.1,98.94285714285779,996.4285714285779,1.9584334794288139,TP,2021Q4,2021,2
2183,43757,2021-10-19 18:00:00,43759,2021-10-19 19:00:00,BUY,1773.09,1767.455357142857,1767.455357142857,1784.3592857142855,0.1,-57.04642857142808,-563.4642857142808,-1.0,SL,2021Q4,2021,2
2184,43774,2021-10-20 03:30:00,43775,2021-10-20 04:00:00,BUY,1767.47,1771.7942857142857,1765.3078571428573,1771.7942857142857,0.1,42.54285714285679,432.4285714285679,1.9059200000000962,TP,2021Q4,2021,1
2185,43780,2021-10-20 06:30:00,43784,2021-10-20 08:30:00,SELL,1773.98,1777.0914285714287,1777.0914285714287,1767.757142857143,0.1,-31.814285714286324,-311.14285714286325,-1.0,SL,2021Q4,2021,4
2186,43786,2021-10-20 09:30:00,43791,2021-10-20 12:00:00,SELL,1775.89,1779.3957142857143,1779.3957142857143,1768.8785714285716,0.1,-35.75714285714248,-350.5714285714248,-1.0,SL,2021Q4,2021,5
2187,43792,2021-10-20 12:30:00,43795,2021-10-20 14:00:00,SELL,1777.86,1780.9199999999998,1780.9199999999998,1771.7399999999998,0.1,-31.299999999999454,-305.99999999999454,-1.0,SL,2021Q4,2021,3
2188,43796,2021-10-20 14:30:00,43797,2021-10-20 15:00:00,SELL,1779.44,1782.4989285714287,1782.4989285714287,1773.3221428571428,0.1,-31.289285714286233,-305.89285714286234,-1.0,SL,2021Q4,2021,1
2189,43824,2021-10-21 05:30:00,43841,2021-10-21 14:00:00,SELL,1787.3,1780.94,1790.48,1780.94,0.1,62.899999999999,635.99999999999,1.9353846153845464,TP,2021Q4,2021,17
2190,43844,2021-10-21 15:30:00,43878,2021-10-22 09:30:00,BUY,1781.31,1791.0364285714286,1776.4467857142856,1791.0364285714286,0.1,96.56428571428641,972.6428571428642,1.957431405198002,TP,2021Q4,2021,34
2191,43880,2021-10-22 10:30:00,43887,2021-10-22 14:00:00,SELL,1791.7,1794.8007142857143,1794.8007142857143,1785.4985714285715,0.1,-31.707142857142752,-310.07142857142753,-1.0,SL,2021Q4,2021,7
2192,43888,2021-10-22 14:30:00,43889,2021-10-22 15:00:00,SELL,1794.05,1797.7014285714286,1797.7014285714286,1786.7471428571428,0.1,-37.214285714285964,-365.1428571428596,-1.0,SL,2021Q4,2021,1
2193,43892,2021-10-22 16:30:00,43893,2021-10-22 17:00:00,SELL,1804.31,1809.9414285714286,1809.9414285714286,1793.0471428571427,0.1,-57.014285714286146,-563.1428571428614,-1.0,SL,2021Q4,2021,1
2194,43895,2021-10-22 18:00:00,43896,2021-10-22 18:30:00,SELL,1811.61,1799.6614285714286,1817.5842857142857,1799.6614285714286,0.1,118.78571428571313,1194.8571428571313,1.9652564405577504,TP,2021Q4,2021,1
2195,43919,2021-10-25 07:00:00,43927,2021-10-25 11:00:00,SELL,1798.37,1801.847857142857,1801.847857142857,1791.4142857142856,0.1,-35.47857142857147,-347.7857142857147,-1.0,SL,2021Q4,2021,8
2196,43928,2021-10-25 11:30:00,43936,2021-10-25 15:30:00,SELL,1800.27,1804.422857142857,1804.422857142857,1791.9642857142856,0.1,-42.228571428571016,-415.2857142857101,-1.0,SL,2021Q4,2021,8
2197,43937,2021-10-25 16:00:00,43938,2021-10-25 16:30:00,SELL,1803.26,1807.3528571428571,1807.3528571428571,1795.0742857142857,0.1,-41.62857142857156,-409.2857142857156,-1.0,SL,2021Q4,2021,1
2198,43960,2021-10-26 04:30:00,43960,2021-10-26 04:30:00,BUY,1805.64,1803.6953571428573,1803.6953571428573,1809.5292857142858,0.1,-20.14642857142753,-194.46428571427532,-1.0,SL,2021Q4,2021,0
2199,43961,2021-10-26 05:00:00,43964,2021-10-26 06:30:00,BUY,1805.4,1803.3417857142858,1803.3417857142858,1809.5164285714286,0.1,-21.28214285714257,-205.8214285714257,-1.0,SL,2021Q4,2021,3
2200,43967,2021-10-26 08:00:00,43971,2021-10-26 10:00:00,BUY,1803.66,1801.4314285714286,1801.4314285714286,1808.1171428571429,0.1,-22.98571428571513,-222.8571428571513,-1.0,SL,2021Q4,2021,4
2201,43974,2021-10-26 11:30:00,43981,2021-10-26 15:00:00,BUY,1802.58,1799.0667857142855,1799.0667857142855,1809.6064285714285,0.1,-35.83214285714412,-351.3214285714412,-1.0,SL,2021Q4,2021,7
2202,44014,2021-10-27 08:30:00,44020,2021-10-27 11:30:00,BUY,1787.87,1785.3660714285713,1785.3660714285713,1792.877857142857,0.1,-25.739285714285597,-250.39285714285597,-1.0,SL,2021Q4,2021,6
2203,44021,2021-10-27 12:00:00,44027,2021-10-27 15:00:00,BUY,1786.59,1793.6699999999998,1783.05,1793.6699999999998,0.1,70.09999999999927,707.9999999999927,1.9418282548476447,TP,2021Q4,2021,6
2204,44029,2021-10-27 16:00:00,44040,2021-10-27 21:30:00,SELL,1793.8,1799.2471428571428,1799.2471428571428,1782.9057142857143,0.1,-55.17142857142808,-544.7142857142808,-1.0,SL,2021Q4,2021,11
2205,44041,2021-10-27 22:00:00,44073,2021-10-28 15:00:00,SELL,1797.85,1804.1757142857143,1804.1757142857143,1785.1985714285713,0.1,-63.95714285714412,-632.5714285714412,-1.0,SL,2021Q4,2021,32
2206,44077,2021-10-28 17:00:00,44119,2021-10-29 15:00:00,SELL,1803.03,1789.8857142857144,1809.6021428571428,1789.8857142857144,0.1,130.74285714285617,1314.4285714285616,1.9683836971717388,TP,2021Q4,2021,42
2207,44124,2021-10-29 17:30:00,44169,2021-11-01 16:00:00,BUY,1777.53,1793.8457142857142,1769.3721428571428,1793.8457142857142,0.1,162.45714285714195,1631.5714285714193,1.9744769511242022,TP,2021Q4,2021,45
2208,44171,2021-11-01 17:00:00,44233,2021-11-03 02:00:00,SELL,1793.92,1783.5421428571428,1799.1089285714286,1783.5421428571428,0.1,103.07857142857237,1037.7857142857238,1.9600679117148134,TP,2021Q4,2021,62
2209,44235,2021-11-03 03:00:00,44235,2021-11-03 03:00:00,BUY,1786.99,1784.6135714285715,1784.6135714285715,1791.7428571428572,0.1,-24.46428571428505,-237.64285714285052,-1.0,SL,2021Q4,2021,0
2210,44240,2021-11-03 05:30:00,44243,2021-11-03 07:00:00,BUY,1783.65,1780.524642857143,1780.524642857143,1789.9007142857145,0.1,-31.95357142857183,-312.5357142857183,-1.0,SL,2021Q4,2021,3
2211,44246,2021-11-03 08:30:00,44258,2021-11-03 14:30:00,BUY,1780.69,1776.8564285714285,1776.8564285714285,1788.357142857143,0.1,-39.035714285715315,-383.3571428571531,-1.0,SL,2021Q4,2021,12
2212,44259,2021-11-03 15:00:00,44260,2021-11-03 15:30:00,SELL,1775.86,1766.834285714286,1780.372857142857,1766.834285714286,0.1,89.55714285714002,902.5714285714002,1.9541770573566069,TP,2021Q4,2021,1
2213,44263,2021-11-03 17:00:00,44278,2021-11-04 01:30:00,BUY,1763.44,1775.8749999999998,1757.2225000000003,1775.8749999999998,0.1,123.64999999999718,1243.4999999999718,1.9666003976143487,TP,2021Q4,2021,15
2214,44280,2021-11-04 02:30:00,44303,2021-11-04 14:00:00,SELL,1776.16,1782.4310714285716,1782.4310714285716,1763.6178571428572,0.1,-63.410714285715315,-627.1071428571531,-1.0,SL,2021Q4,2021,23
2215,44306,2021-11-04 15:30:00,44307,2021-11-04 16:00:00,SELL,1792.02,1797.3235714285713,1797.3235714285713,1781.412857142857,0.1,-53.735714285713314,-530.3571428571331,-1.0,SL,2021Q4,2021,1
2216,44327,2021-11-05 03:00:00,44335,2021-11-05 07:00:00,BUY,1791.48,1796.6271428571426,1788.9064285714287,1796.6271428571426,0.1,50.771428571426256,514.7142857142626,1.9205620102674918,TP,2021Q4,2021,8
2217,44336,2021-11-05 07:30:00,44339,2021-11-05 09:00:00,SELL,1794.51,1797.410357142857,1797.410357142857,1788.709285714286,0.1,-29.703571428570466,-290.03571428570467,-1.0,SL,2021Q4,2021,3
2218,44350,2021-11-05 14:30:00,44350,2021-11-05 14:30:00,BUY,1792.23,1788.1039285714285,1788.1039285714285,1800.482142857143,0.1,-41.9607142857155,-412.60714285715494,-1.0,SL,2021Q4,2021,0
2219,44363,2021-11-05 21:00:00,44395,2021-11-08 15:00:00,SELL,1815.56,1823.9599999999998,1823.9599999999998,1798.76,0.1,-84.69999999999864,-839.9999999999864,-1.0,SL,2021Q4,2021,32
2220,44398,2021-11-08 16:30:00,44442,2021-11-09 15:30:00,SELL,1823.59,1828.672857142857,1828.672857142857,1813.4242857142858,0.1,-51.52857142857165,-508.2857142857165,-1.0,SL,2021Q4,2021,44
2221,44444,2021-11-09 16:30:00,44455,2021-11-09 22:00:00,SELL,1826.69,1831.477142857143,1831.477142857143,1817.1157142857144,0.1,-48.571428571429536,-478.71428571429533,-1.0,SL,2021Q4,2021,11
2222,44456,2021-11-09 22:30:00,44488,2021-11-10 15:30:00,SELL,1830.57,1835.9207142857142,1835.9207142857142,1819.8685714285714,0.1,-54.207142857142756,-535.0714285714275,-1.0,SL,2021Q4,2021,32
2223,44489,2021-11-10 16:00:00,44490,2021-11-10 16:30:00,BUY,1849.67,1861.7085714285715,1843.6507142857145,1861.7085714285715,0.1,119.68571428571458,1203.8571428571458,1.9655131964809751,TP,2021Q4,2021,1
2224,44520,2021-11-11 08:30:00,44523,2021-11-11 10:00:00,SELL,1853.45,1858.3464285714288,1858.3464285714288,1843.6571428571428,0.1,-49.664285714287146,-489.64285714287143,-1.0,SL,2021Q4,2021,3
2225,44531,2021-11-11 14:00:00,44569,2021-11-12 10:00:00,SELL,1863.58,1854.6121428571428,1868.0639285714285,1854.6121428571428,0.1,88.97857142857156,896.7857142857156,1.9538859697278643,TP,2021Q4,2021,38
2226,44576,2021-11-12 13:30:00,44579,2021-11-12 15:00:00,BUY,1848.45,1858.0885714285714,1843.6307142857145,1858.0885714285714,0.1,95.68571428571367,963.8571428571368,1.9570489408327696,TP,2021Q4,2021,3
2227,44590,2021-11-12 20:30:00,44662,2021-11-16 10:30:00,SELL,1865.5,1871.172142857143,1871.172142857143,1854.155714285714,0.1,-57.421428571429445,-567.2142857142944,-1.0,SL,2021Q4,2021,72
2228,44664,2021-11-16 11:30:00,44673,2021-11-16 16:00:00,SELL,1873.66,1864.6299999999999,1878.1750000000002,1864.6299999999999,0.1,89.600000000002,903.00000000002,1.9541984732824436,TP,2021Q4,2021,9
2229,44676,2021-11-16 17:30:00,44677,2021-11-16 18:00:00,BUY,1862.78,1855.0432142857142,1855.0432142857142,1878.2535714285716,0.1,-78.06785714285816,-773.6785714285816,-1.0,SL,2021Q4,2021,1
2230,44679,2021-11-16 19:00:00,44738,2021-11-18 02:30:00,BUY,1855.42,1869.9507142857144,1848.1546428571428,1869.9507142857144,0.1,144.6071428571434,1453.071428571434,1.9713715370757767,TP,2021Q4,2021,59
2231,44739,2021-11-18 03:00:00,44750,2021-11-18 08:30:00,SELL,1869.86,1863.7464285714286,1872.9167857142857,1863.7464285714286,0.1,60.43571428571276,611.3571428571277,1.9328383780696026,TP,2021Q4,2021,11
2232,44751,2021-11-18 09:00:00,44758,2021-11-18 12:30:00,BUY,1863.95,1860.4850000000001,1860.4850000000001,1870.8799999999999,0.1,-35.349999999999184,-346.4999999999918,-1.0,SL,2021Q4,2021,7
2233,44759,2021-11-18 13:00:00,44763,2021-11-18 15:00:00,BUY,1861.48,1857.3892857142857,1857.3892857142857,1869.6614285714286,0.1,-41.60714285714285,-409.07142857142844,-1.0,SL,2021Q4,2021,4
2234,44789,2021-11-19 05:00:00,44798,2021-11-19 09:30:00,SELL,1861.73,1856.5464285714286,1864.3217857142859,1856.5464285714286,0.1,51.1357142857144,518.357142857144,1.921105595062309,TP,2021Q4,2021,9
2235,44799,2021-11-19 10:00:00,44799,2021-11-19 10:00:00,BUY,1857.74,1854.9757142857143,1854.9757142857143,1863.2685714285715,0.1,-28.342857142857337,-276.4285714285734,-1.0,SL,2021Q4,2021,0
2236,44802,2021-11-19 11:30:00,44811,2021-11-19 16:00:00,BUY,1860.94,1856.9960714285714,1856.9960714285714,1868.8278571428573,0.1,-40.139285714286146,-394.39285714286143,-1.0,SL,2021Q4,2021,9
2237,44812,2021-11-19 16:30:00,44818,2021-11-19 19:30:00,SELL,1858.41,1843.62,1865.805,1843.62,0.1,147.20000000000192,1479.000000000019,1.9718687206966146,TP,2021Q4,2021,6
2238,44857,2021-11-22 16:00:00,44857,2021-11-22 16:00:00,BUY,1838.18,1832.5453571428573,1832.5453571428573,1849.449285714286,0.1,-57.04642857142808,-563.4642857142808,-1.0,SL,2021Q4,2021,0
2239,44859,2021-11-22 17:00:00,44863,2021-11-22 19:00:00,BUY,1819.36,1810.8260714285714,1810.8260714285714,1836.4278571428572,0.1,-86.03928571428533,-853.3928571428532,-1.0,SL,2021Q4,2021,4
2240,44868,2021-11-22 21:30:00,44894,2021-11-23 11:30:00,BUY,1805.3,1795.415,1795.415,1825.07,0.1,-99.54999999999991,-988.4999999999991,-1.0,SL,2021Q4,2021,26
2241,44909,2021-11-23 19:00:00,44935,2021-11-24 09:00:00,BUY,1782.99,1796.2564285714286,1776.3567857142857,1796.2564285714286,0.1,131.96428571428606,1326.6428571428605,1.96867174596409,TP,2021Q4,2021,26
2242,44936,2021-11-24 09:30:00,44943,2021-11-24 13:00:00,SELL,1793.89,1786.4285714285716,1797.6207142857145,1786.4285714285716,0.1,73.91428571428541,746.1428571428542,1.9447472279646096,TP,2021Q4,2021,7
2243,44944,2021-11-24 13:30:00,44945,2021-11-24 14:00:00,BUY,1789.48,1785.3967857142857,1785.3967857142857,1797.6464285714285,0.1,-41.532142857143484,-408.3214285714348,-1.0,SL,2021Q4,2021,1
2244,44946,2021-11-24 14:30:00,44949,2021-11-24 16:00:00,BUY,1785.99,1781.6453571428572,1781.6453571428572,1794.6792857142857,0.1,-44.146428571428444,-434.4642857142844,-1.0,SL,2021Q4,2021,3
2245,44950,2021-11-24 16:30:00,44971,2021-11-25 04:00:00,BUY,1782.59,1793.2785714285712,1777.2457142857143,1793.2785714285712,0.1,106.18571428571322,1068.8571428571322,1.9612137203166222,TP,2021Q4,2021,21
2246,44990,2021-11-25 13:30:00,44997,2021-11-25 17:00:00,BUY,1790.44,1788.0989285714286,1788.0989285714286,1795.122142857143,0.1,-24.110714285714675,-234.10714285714675,-1.0,SL,2021Q4,2021,7
2247,44999,2021-11-25 18:00:00,45010,2021-11-26 04:30:00,BUY,1788.84,1794.4414285714286,1786.0392857142856,1794.4414285714286,0.1,55.31428571428641,560.1428571428642,1.9268474744961441,TP,2021Q4,2021,11
2248,45011,2021-11-26 05:00:00,45011,2021-11-26 05:00:00,SELL,1794.09,1797.465,1797.465,1787.34,0.1,-34.45,-337.5,-1.0,SL,2021Q4,2021,0
2249,45020,2021-11-26 09:30:00,45020,2021-11-26 09:30:00,SELL,1803.12,1806.9621428571427,1806.9621428571427,1795.435714285714,0.1,-39.1214285714279,-384.21428571427896,-1.0,SL,2021Q4,2021,0
2250,45022,2021-11-26 10:30:00,45022,2021-11-26 10:30:00,SELL,1806.61,1797.935714285714,1810.9471428571428,1797.935714285714,0.1,86.04285714285815,867.4285714285816,1.9523500810372776,TP,2021Q4,2021,0
2251,45026,2021-11-26 12:30:00,45028,2021-11-26 13:30:00,SELL,1808.97,1815.0289285714287,1815.0289285714287,1796.8521428571428,0.1,-61.28928571428624,-605.8928571428623,-1.0,SL,2021Q4,2021,2
2252,45029,2021-11-26 14:00:00,45034,2021-11-26 16:30:00,SELL,1811.63,1797.8128571428572,1818.5385714285717,1797.8128571428572,0.1,137.47142857142927,1381.7142857142926,1.9699078812691595,TP,2021Q4,2021,5
2253,45044,2021-11-29 01:30:00,45121,2021-11-30 17:00:00,BUY,1786.18,1805.307142857143,1776.6164285714287,1805.307142857143,0.1,190.57142857142873,1912.7142857142871,1.9782012308148822,TP,2021Q4,2021,77
2254,45122,2021-11-30 17:30:00,45122,2021-11-30 17:30:00,SELL,1802.12,1789.187857142857,1808.5860714285714,1789.187857142857,0.1,128.62142857142936,1293.2142857142935,1.9678706081634887,TP,2021Q4,2021,0
2255,45125,2021-11-30 19:00:00,45148,2021-12-01 07:30:00,BUY,1774.58,1793.615,1765.0625,1793.615,0.1,189.65000000000083,1903.5000000000082,1.9780964797914187,TP,2021Q4,2021,23
2256,45178,2021-12-01 22:30:00,45199,2021-12-02 10:00:00,BUY,1780.47,1774.205357142857,1774.205357142857,1792.9992857142856,0.1,-63.34642857142917,-626.4642857142917,-1.0,SL,2021Q4,2021,21
2257,45219,2021-12-02 20:00:00,45256,2021-12-03 15:30:00,BUY,1763.44,1777.7285714285713,1756.2957142857144,1777.7285714285713,0.1,142.18571428571232,1428.857142857123,1.9708910891089106,TP,2021Q4,2021,37
2258,45257,2021-12-03 16:00:00,45261,2021-12-03 18:00:00,SELL,1770.04,1775.5075,1775.5075,1759.105,0.1,-55.37499999999973,-546.7499999999973,-1.0,SL,2021Q4,2021,4
2259,45265,2021-12-03 20:00:00,45280,2021-12-06 04:30:00,SELL,1780.44,1787.817857142857,1787.817857142857,1765.684285714286,0.1,-74.4785714285701,-737.785714285701,-1.0,SL,2021Q4,2021,15
2260,45281,2021-12-06 05:00:00,45292,2021-12-06 10:30:00,SELL,1786.71,1779.6557142857143,1790.237142857143,1779.6557142857143,0.1,69.84285714285697,705.4285714285697,1.941620333598032,TP,2021Q4,2021,11
2261,45293,2021-12-06 11:00:00,45294,2021-12-06 11:30:00,BUY,1781.7,1778.2628571428572,1778.2628571428572,1788.5742857142857,0.1,-35.07142857142817,-343.7142857142817,-1.0,SL,2021Q4,2021,1
2262,45295,2021-12-06 12:00:00,45304,2021-12-06 16:30:00,BUY,1779.8,1775.9289285714285,1775.9289285714285,1787.5421428571428,0.1,-39.410714285714405,-387.107142857144,-1.0,SL,2021Q4,2021,9
2263,45305,2021-12-06 17:00:00,45348,2021-12-07 15:30:00,BUY,1778.13,1773.5635714285715,1773.5635714285715,1787.2628571428572,0.1,-46.3642857142856,-456.642857142856,-1.0,SL,2021Q4,2021,43
2264,45374,2021-12-08 05:30:00,45379,2021-12-08 08:00:00,SELL,1789.06,1791.4267857142856,1791.4267857142856,1784.3264285714286,0.1,-24.367857142856973,-236.67857142856974,-1.0,SL,2021Q4,2021,5
2265,45391,2021-12-08 14:00:00,45393,2021-12-08 15:00:00,BUY,1786.9,1782.544642857143,1782.544642857143,1795.6107142857145,0.1,-44.253571428572016,-435.53571428572013,-1.0,SL,2021Q4,2021,2
2266,45394,2021-12-08 15:30:00,45437,2021-12-09 14:00:00,BUY,1784.07,1779.1917857142857,1779.1917857142857,1793.8264285714286,0.1,-49.48214285714194,-487.82142857141935,-1.0,SL,2021Q4,2021,43
2267,45439,2021-12-09 15:00:00,45471,2021-12-10 08:00:00,BUY,1776.61,1772.5674999999999,1772.5674999999999,1784.695,0.1,-41.125000000000185,-404.2500000000018,-1.0,SL,2021Q4,2021,32
2268,45473,2021-12-10 09:00:00,45475,2021-12-10 10:00:00,BUY,1773.83,1770.847142857143,1770.847142857143,1779.7957142857142,0.1,-30.528571428570284,-298.28571428570285,-1.0,SL,2021Q4,2021,2
2269,45476,2021-12-10 10:30:00,45486,2021-12-10 15:30:00,BUY,1772.4,1778.775,1769.2125,1778.775,0.1,63.05,637.5,1.9355333844973137,TP,2021Q4,2021,10
2270,45488,2021-12-10 16:30:00,45529,2021-12-13 14:00:00,SELL,1784.52,1789.2932142857144,1789.2932142857144,1774.9735714285714,0.1,-48.43214285714403,-477.32142857144026,-1.0,SL,2021Q4,2021,41
2271,45531,2021-12-13 15:00:00,45531,2021-12-13 15:00:00,SELL,1789.76,1783.4578571428572,1792.9110714285714,1783.4578571428572,0.1,62.32142857142826,630.2142857142826,1.9348043020290493,TP,2021Q4,2021,0
2272,45533,2021-12-13 16:00:00,45577,2021-12-14 15:00:00,BUY,1783.44,1779.6267857142857,1779.6267857142857,1791.0664285714286,0.1,-38.832142857143666,-381.3214285714366,-1.0,SL,2021Q4,2021,44
2273,45609,2021-12-15 08:00:00,45611,2021-12-15 09:00:00,BUY,1769.46,1767.2935714285713,1767.2935714285713,1773.7928571428572,0.1,-22.36428571428696,-216.64285714286962,-1.0,SL,2021Q4,2021,2
2274,45612,2021-12-15 09:30:00,45624,2021-12-15 15:30:00,BUY,1768.24,1773.2178571428572,1765.7510714285713,1773.2178571428572,0.1,49.078571428571465,497.7857142857147,1.917934403349531,TP,2021Q4,2021,12
2275,45625,2021-12-15 16:00:00,45626,2021-12-15 16:30:00,SELL,1771.72,1765.147857142857,1775.0060714285714,1765.147857142857,0.1,65.02142857143035,657.2142857143035,1.9374268383527329,TP,2021Q4,2021,1
2276,45627,2021-12-15 17:00:00,45628,2021-12-15 17:30:00,BUY,1769.85,1765.7946428571427,1765.7946428571427,1777.9607142857142,0.1,-41.25357142857247,-405.5357142857247,-1.0,SL,2021Q4,2021,1
2277,45636,2021-12-15 21:30:00,45637,2021-12-15 22:00:00,BUY,1763.01,1775.1257142857144,1756.952142857143,1775.1257142857144,0.1,120.45714285714375,1211.5714285714375,1.9657302715934624,TP,2021Q4,2021,1
2278,45639,2021-12-15 23:00:00,45657,2021-12-16 09:00:00,SELL,1777.95,1785.9385714285715,1785.9385714285715,1761.9728571428573,0.1,-80.58571428571504,-798.8571428571504,-1.0,SL,2021Q4,2021,18
2279,45660,2021-12-16 10:30:00,45665,2021-12-16 13:00:00,SELL,1785.21,1787.7364285714286,1787.7364285714286,1780.157142857143,0.1,-25.96428571428596,-252.6428571428596,-1.0,SL,2021Q4,2021,5
2280,45670,2021-12-16 15:30:00,45672,2021-12-16 16:30:00,SELL,1788.19,1791.8092857142858,1791.8092857142858,1780.9514285714286,0.1,-36.89285714285752,-361.9285714285752,-1.0,SL,2021Q4,2021,2
2281,45678,2021-12-16 19:30:00,45692,2021-12-17 03:30:00,SELL,1796.9,1802.129642857143,1802.129642857143,1786.4407142857144,0.1,-52.99642857142835,-522.9642857142835,-1.0,SL,2021Q4,2021,14
2282,45694,2021-12-17 04:30:00,45700,2021-12-17 07:30:00,SELL,1802.53,1805.3060714285714,1805.3060714285714,1796.9778571428571,0.1,-28.46071428571413,-277.6071428571413,-1.0,SL,2021Q4,2021,6
2283,45704,2021-12-17 09:30:00,45713,2021-12-17 14:00:00,SELL,1807.03,1810.2035714285714,1810.2035714285714,1800.6828571428573,0.1,-32.435714285714496,-317.35714285714494,-1.0,SL,2021Q4,2021,9
2284,45714,2021-12-17 14:30:00,45714,2021-12-17 14:30:00,SELL,1808.98,1812.4203571428573,1812.4203571428573,1802.0992857142858,0.1,-35.10357142857238,-344.03571428572377,-1.0,SL,2021Q4,2021,0
2285,45716,2021-12-17 15:30:00,45716,2021-12-17 15:30:00,SELL,1812.16,1804.81,1815.835,1804.81,0.1,72.80000000000136,735.0000000000136,1.9439252336449195,TP,2021Q4,2021,0
2286,45717,2021-12-17 16:00:00,45730,2021-12-17 22:30:00,SELL,1806.66,1797.7135714285714,1811.1332142857143,1797.7135714285714,0.1,88.76428571428669,894.6428571428669,1.9537772187721583,TP,2021Q4,2021,13
2287,45748,2021-12-20 08:30:00,45758,2021-12-20 13:30:00,SELL,1801.64,1796.4007142857142,1804.259642857143,1796.4007142857142,0.1,51.6928571428587,523.928571428587,1.9219227194263733,TP,2021Q4,2021,10
2288,45763,2021-12-20 16:00:00,45764,2021-12-20 16:30:00,BUY,1796.43,1792.2096428571429,1792.2096428571429,1804.8707142857143,0.1,-42.90357142857211,-422.03571428572104,-1.0,SL,2021Q4,2021,1
2289,45774,2021-12-20 21:30:00,45812,2021-12-21 17:30:00,BUY,1792.53,1787.9475,1787.9475,1801.695,0.1,-46.52499999999982,-458.2499999999982,-1.0,SL,2021Q4,2021,38
2290,45840,2021-12-22 08:30:00,45841,2021-12-22 09:00:00,BUY,1788.38,1786.477142857143,1786.477142857143,1792.1857142857143,0.1,-19.728571428571012,-190.28571428571013,-1.0,SL,2021Q4,2021,1
2291,45842,2021-12-22 09:30:00,45848,2021-12-22 12:30:00,BUY,1787.21,1791.1164285714285,1785.2567857142858,1791.1164285714285,0.1,38.364285714284776,390.6428571428478,1.8962047661076762,TP,2021Q4,2021,6
2292,45849,2021-12-22 13:00:00,45852,2021-12-22 14:30:00,SELL,1789.69,1792.0117857142857,1792.0117857142857,1785.0464285714286,0.1,-23.917857142856246,-232.17857142856246,-1.0,SL,2021Q4,2021,3
2293,45854,2021-12-22 15:30:00,45858,2021-12-22 17:30:00,SELL,1792.95,1795.7003571428572,1795.7003571428572,1787.449285714286,0.1,-28.20357142857183,-275.0357142857183,-1.0,SL,2021Q4,2021,4
2294,45865,2021-12-22 21:00:00,45876,2021-12-23 03:30:00,SELL,1801.76,1805.902142857143,1805.902142857143,1793.4757142857143,0.1,-42.12142857142972,-414.21428571429715,-1.0,SL,2021Q4,2021,11
2295,45878,2021-12-23 04:30:00,45899,2021-12-23 15:00:00,SELL,1805.9,1808.4092857142857,1808.4092857142857,1800.8814285714286,0.1,-25.792857142856246,-250.92857142856246,-1.0,SL,2021Q4,2021,21
2296,45901,2021-12-23 16:00:00,45902,2021-12-23 16:30:00,SELL,1807.17,1800.8914285714286,1810.3092857142858,1800.8914285714286,0.1,62.08571428571467,627.8571428571468,1.9345648787002006,TP,2021Q4,2021,1
2297,45911,2021-12-23 21:00:00,45949,2021-12-27 17:00:00,SELL,1808.55,1812.920357142857,1812.920357142857,1799.8092857142856,0.1,-44.40357142857074,-437.0357142857074,-1.0,SL,2021Q4,2021,38
2298,45951,2021-12-27 18:00:00,45979,2021-12-28 09:00:00,SELL,1812.65,1816.282142857143,1816.282142857143,1805.3857142857144,0.1,-37.02142857142981,-363.21428571429806,-1.0,SL,2021Q4,2021,28
2299,45986,2021-12-28 12:30:00,45986,2021-12-28 12:30:00,SELL,1815.61,1817.7946428571427,1817.7946428571427,1811.2407142857141,0.1,-22.546428571427622,-218.46428571427623,-1.0,SL,2021Q4,2021,0
2300,45988,2021-12-28 13:30:00,45991,2021-12-28 15:00:00,SELL,1816.27,1818.7728571428572,1818.7728571428572,1811.2642857142857,0.1,-25.728571428572376,-250.28571428572377,-1.0,SL,2021Q4,2021,3
2301,45993,2021-12-28 16:00:00,45993,2021-12-28 16:00:00,SELL,1817.87,1812.3328571428572,1820.6385714285714,1812.3328571428572,0.1,54.671428571427256,553.7142857142726,1.9260191243079232,TP,2021Q4,2021,0
2302,45998,2021-12-28 18:30:00,46002,2021-12-28 20:30:00,BUY,1812.3,1808.057142857143,1808.057142857143,1820.7857142857142,0.1,-43.1285714285702,-424.28571428570194,-1.0,SL,2021Q4,2021,4
2303,46008,2021-12-28 23:30:00,46031,2021-12-29 12:00:00,BUY,1805.62,1801.827142857143,1801.827142857143,1813.205714285714,0.1,-38.62857142856974,-379.2857142856974,-1.0,SL,2021Q4,2021,23
2304,46034,2021-12-29 13:30:00,46037,2021-12-29 15:00:00,BUY,1795.2,1792.1025000000002,1792.1025000000002,1801.395,0.1,-31.674999999998544,-309.74999999998545,-1.0,SL,2021Q4,2021,3
2305,46040,2021-12-29 16:30:00,46041,2021-12-29 17:00:00,BUY,1791.42,1800.522857142857,1786.8685714285716,1800.522857142857,0.1,90.32857142856919,910.2857142856919,1.9545595054095815,TP,2021Q4,2021,1
2306,46049,2021-12-29 21:00:00,46089,2021-12-30 18:00:00,SELL,1804.78,1810.3964285714285,1810.3964285714285,1793.5471428571427,0.1,-56.864285714285145,-561.6428571428514,-1.0,SL,2021Q4,2021,40
2307,46092,2021-12-30 19:30:00,46105,2021-12-31 03:00:00,SELL,1813.21,1817.6639285714286,1817.6639285714286,1804.3021428571428,0.1,-45.239285714286055,-445.3928571428605,-1.0,SL,2021Q4,2021,13
2308,46106,2021-12-31 03:30:00,46114,2021-12-31 07:30:00,SELL,1816.93,1819.24,1819.24,1812.3100000000002,0.1,-23.799999999999454,-230.99999999999454,-1.0,SL,2021Q4,2021,8
2309,46115,2021-12-31 08:00:00,46129,2021-12-31 15:00:00,SELL,1818.55,1821.0196428571428,1821.0196428571428,1813.6107142857143,0.1,-25.39642857142844,-246.96428571428442,-1.0,SL,2021Q4,2021,14
2310,46131,2021-12-31 16:00:00,46137,2022-01-03 01:00:00,SELL,1824.18,1827.5335714285716,1827.5335714285716,1817.4728571428573,0.1,-34.23571428571513,-335.3571428571513,-1.0,SL,2021Q4,2021,6
2311,46170,2022-01-03 17:30:00,46216,2022-01-04 17:30:00,BUY,1803.86,1815.302857142857,1798.1385714285714,1815.302857142857,0.1,113.72857142857065,1144.2857142857065,1.9637395165268867,TP,2022Q1,2022,46
2312,46217,2022-01-04 18:00:00,46250,2022-01-05 11:30:00,SELL,1814.36,1820.1810714285714,1820.1810714285714,1802.7178571428572,0.1,-58.91071428571486,-582.1071428571486,-1.0,SL,2022Q1,2022,33
2313,46251,2022-01-05 12:00:00,46253,2022-01-05 13:00:00,SELL,1817.53,1820.7935714285713,1820.7935714285713,1811.002857142857,0.1,-33.33571428571368,-326.35714285713675,-1.0,SL,2022Q1,2022,2
2314,46261,2022-01-05 17:00:00,46269,2022-01-05 21:00:00,SELL,1825.54,1815.6357142857144,1830.4921428571429,1815.6357142857144,0.1,98.34285714285606,990.4285714285606,1.9581851799174632,TP,2022Q1,2022,8
2315,46270,2022-01-05 21:30:00,46270,2022-01-05 21:30:00,BUY,1819.55,1813.8232142857144,1813.8232142857144,1831.0035714285714,0.1,-57.967857142855976,-572.6785714285597,-1.0,SL,2022Q1,2022,0
2316,46273,2022-01-05 23:00:00,46288,2022-01-06 07:30:00,BUY,1809.78,1804.1464285714285,1804.1464285714285,1821.0471428571427,0.1,-57.03571428571486,-563.3571428571486,-1.0,SL,2022Q1,2022,15
2317,46291,2022-01-06 09:00:00,46293,2022-01-06 10:00:00,BUY,1802.14,1798.609642857143,1798.609642857143,1809.2007142857144,0.1,-36.00357142857156,-353.0357142857156,-1.0,SL,2022Q1,2022,2
2318,46297,2022-01-06 12:00:00,46298,2022-01-06 12:30:00,BUY,1795.13,1803.821428571429,1790.7842857142857,1803.821428571429,0.1,86.21428571428787,869.1428571428787,1.952442575218377,TP,2022Q1,2022,1
2319,46316,2022-01-06 21:30:00,46350,2022-01-07 15:30:00,BUY,1789.21,1783.1157142857144,1783.1157142857144,1801.3985714285714,0.1,-61.64285714285661,-609.4285714285661,-1.0,SL,2022Q1,2022,34
2320,46351,2022-01-07 16:00:00,46389,2022-01-10 12:00:00,BUY,1789.28,1799.6257142857141,1784.107142857143,1799.6257142857141,0.1,102.75714285714166,1034.5714285714166,1.959945504087193,TP,2022Q1,2022,38
2321,46391,2022-01-10 13:00:00,46394,2022-01-10 14:30:00,SELL,1799.71,1793.5728571428572,1802.7785714285715,1793.5728571428572,0.1,60.67142857142862,613.7142857142862,1.9330905780609924,TP,2022Q1,2022,3
2322,46398,2022-01-10 16:30:00,46414,2022-01-11 01:30:00,BUY,1792.01,1802.3149999999998,1786.8575,1802.3149999999998,0.1,102.34999999999836,1030.4999999999836,1.9597893729056957,TP,2022Q1,2022,16
2323,46415,2022-01-11 02:00:00,46415,2022-01-11 02:00:00,SELL,1801.13,1804.2392857142859,1804.2392857142859,1794.9114285714286,0.1,-31.79285714285761,-310.9285714285761,-1.0,SL,2022Q1,2022,0
2324,46419,2022-01-11 04:00:00,46421,2022-01-11 05:00:00,SELL,1804.78,1807.6867857142856,1807.6867857142856,1798.9664285714287,0.1,-29.76785714285661,-290.6785714285661,-1.0,SL,2022Q1,2022,2
2325,46432,2022-01-11 10:30:00,46443,2022-01-11 16:00:00,SELL,1809.34,1803.8285714285714,1812.0957142857142,1803.8285714285714,0.1,54.41428571428496,551.1428571428496,1.9256825075834165,TP,2022Q1,2022,11
2326,46449,2022-01-11 19:00:00,46452,2022-01-11 20:30:00,SELL,1815.0,1819.6982142857141,1819.6982142857141,1805.6035714285715,0.1,-47.6821428571413,-469.821428571413,-1.0,SL,2022Q1,2022,3
2327,46454,2022-01-11 21:30:00,46488,2022-01-12 15:30:00,SELL,1819.78,1824.5060714285714,1824.5060714285714,1810.327857142857,0.1,-47.96071428571459,-472.60714285714585,-1.0,SL,2022Q1,2022,34
2328,46489,2022-01-12 16:00:00,46491,2022-01-12 17:00:00,SELL,1821.05,1824.7892857142856,1824.7892857142856,1813.5714285714284,0.1,-38.09285714285643,-373.9285714285643,-1.0,SL,2022Q1,2022,2
2329,46496,2022-01-12 19:30:00,46538,2022-01-13 17:30:00,SELL,1824.95,1815.8600000000001,1829.4950000000001,1815.8600000000001,0.1,90.19999999999918,908.9999999999918,1.954496208017286,TP,2022Q1,2022,42
2330,46540,2022-01-13 18:30:00,46559,2022-01-14 05:00:00,BUY,1816.58,1826.1692857142857,1811.785357142857,1826.1692857142857,0.1,95.19285714285779,958.9285714285779,1.9568313633360255,TP,2022Q1,2022,19
2331,46569,2022-01-14 10:00:00,46569,2022-01-14 10:00:00,SELL,1826.78,1829.45,1829.45,1821.44,0.1,-27.400000000000727,-267.0000000000073,-1.0,SL,2022Q1,2022,0
2332,46570,2022-01-14 10:30:00,46575,2022-01-14 13:00:00,SELL,1826.56,1821.0721428571428,1829.3039285714285,1821.0721428571428,0.1,54.178571428571374,548.7857142857138,1.9253712400050766,TP,2022Q1,2022,5
2333,46576,2022-01-14 13:30:00,46580,2022-01-14 15:30:00,BUY,1820.56,1827.0142857142857,1817.3328571428572,1827.0142857142857,0.1,63.84285714285788,645.4285714285788,1.9363084922011071,TP,2022Q1,2022,4
2334,46583,2022-01-14 17:00:00,46585,2022-01-14 18:00:00,BUY,1824.59,1819.5285714285712,1819.5285714285712,1834.712857142857,0.1,-51.31428571428678,-506.1428571428678,-1.0,SL,2022Q1,2022,2
2335,46587,2022-01-14 19:00:00,46601,2022-01-17 03:00:00,BUY,1818.86,1813.625,1813.625,1829.33,0.1,-53.049999999999,-523.49999999999,-1.0,SL,2022Q1,2022,14
2336,46603,2022-01-17 04:00:00,46614,2022-01-17 09:30:00,BUY,1816.17,1821.8892857142857,1813.3103571428571,1821.8892857142857,0.1,56.49285714285661,571.9285714285661,1.9283189077166134,TP,2022Q1,2022,11
2337,46617,2022-01-17 11:00:00,46629,2022-01-17 17:00:00,SELL,1822.25,1818.0864285714288,1824.3317857142856,1818.0864285714288,0.1,40.93571428571231,416.3571428571231,1.9024066390041448,TP,2022Q1,2022,12
2338,46630,2022-01-17 17:30:00,46647,2022-01-18 05:30:00,BUY,1819.91,1817.632142857143,1817.632142857143,1824.4657142857143,0.1,-23.478571428571012,-227.78571428571013,-1.0,SL,2022Q1,2022,17
2339,46669,2022-01-18 16:30:00,46712,2022-01-19 15:00:00,SELL,1816.34,1822.7825,1822.7825,1803.455,0.1,-65.1250000000011,-644.2500000000109,-1.0,SL,2022Q1,2022,43
2340,46714,2022-01-19 16:00:00,46715,2022-01-19 16:30:00,SELL,1823.91,1827.8871428571429,1827.8871428571429,1815.9557142857143,0.1,-40.47142857142781,-397.71428571427805,-1.0,SL,2022Q1,2022,1
2341,46720,2022-01-19 19:00:00,46759,2022-01-20 15:30:00,SELL,1840.09,1845.2532142857142,1845.2532142857142,1829.7635714285714,0.1,-52.332142857142756,-516.3214285714275,-1.0,SL,2022Q1,2022,39
2342,46761,2022-01-20 16:30:00,46780,2022-01-21 03:00:00,SELL,1844.71,1836.4878571428571,1848.8210714285715,1836.4878571428571,0.1,81.52142857142898,822.2142857142899,1.949773639702742,TP,2022Q1,2022,19
2343,46793,2022-01-21 09:30:00,46794,2022-01-21 10:00:00,SELL,1840.97,1836.0692857142856,1843.4203571428573,1836.0692857142856,0.1,48.30714285714457,490.0714285714457,1.9166784752727817,TP,2022Q1,2022,1
2344,46807,2022-01-21 16:30:00,46810,2022-01-21 18:00:00,SELL,1842.22,1831.5528571428574,1847.5535714285713,1831.5528571428574,0.1,105.97142857142607,1066.7142857142608,1.9611368142762713,TP,2022Q1,2022,3
2345,46830,2022-01-24 05:00:00,46840,2022-01-24 10:00:00,SELL,1836.56,1840.2617857142857,1840.2617857142857,1829.1564285714285,0.1,-37.71785714285734,-370.1785714285734,-1.0,SL,2022Q1,2022,10
2346,46842,2022-01-24 11:00:00,46842,2022-01-24 11:00:00,SELL,1840.41,1843.307142857143,1843.307142857143,1834.6157142857144,0.1,-29.67142857142853,-289.7142857142853,-1.0,SL,2022Q1,2022,0
2347,46868,2022-01-25 01:00:00,46899,2022-01-25 16:30:00,SELL,1842.09,1846.8707142857143,1846.8707142857143,1832.5285714285715,0.1,-48.50714285714339,-478.0714285714339,-1.0,SL,2022Q1,2022,31
2348,46910,2022-01-25 22:00:00,46944,2022-01-26 16:00:00,SELL,1851.6,1839.165,1857.8174999999999,1839.165,0.1,123.64999999999945,1243.4999999999945,1.9666003976143138,TP,2022Q1,2022,34
2349,46946,2022-01-26 17:00:00,46950,2022-01-26 19:00:00,BUY,1836.19,1831.0417857142859,1831.0417857142859,1846.4864285714286,0.1,-52.182142857141756,-514.8214285714175,-1.0,SL,2022Q1,2022,4
2350,46955,2022-01-26 21:30:00,46955,2022-01-26 21:30:00,BUY,1832.14,1825.6835714285717,1825.6835714285717,1845.052857142857,0.1,-65.26428571428433,-645.6428571428432,-1.0,SL,2022Q1,2022,0
2351,46957,2022-01-26 22:30:00,46985,2022-01-27 13:30:00,BUY,1816.93,1808.7303571428572,1808.7303571428572,1833.3292857142856,0.1,-82.69642857142863,-819.9642857142862,-1.0,SL,2022Q1,2022,28
2352,46986,2022-01-27 14:00:00,46987,2022-01-27 14:30:00,BUY,1811.6,1806.9660714285712,1806.9660714285712,1820.8678571428572,0.1,-47.03928571428669,-463.3928571428669,-1.0,SL,2022Q1,2022,1
2353,46991,2022-01-27 16:30:00,46994,2022-01-27 18:00:00,BUY,1799.28,1793.3207142857143,1793.3207142857143,1811.1985714285715,0.1,-60.292857142856704,-595.928571428567,-1.0,SL,2022Q1,2022,3
2354,46996,2022-01-27 19:00:00,47030,2022-01-28 13:00:00,BUY,1793.38,1785.4107142857144,1785.4107142857144,1809.3185714285717,0.1,-80.39285714285661,-796.9285714285661,-1.0,SL,2022Q1,2022,34
2355,47072,2022-01-31 11:00:00,47077,2022-01-31 13:30:00,SELL,1790.58,1793.5157142857142,1793.5157142857142,1784.7085714285713,0.1,-30.057142857143116,-293.57142857143117,-1.0,SL,2022Q1,2022,5
2356,47078,2022-01-31 14:00:00,47081,2022-01-31 15:30:00,SELL,1792.2,1795.7592857142859,1795.7592857142859,1785.0814285714287,0.1,-36.29285714285807,-355.92857142858065,-1.0,SL,2022Q1,2022,3
2357,47084,2022-01-31 17:00:00,47110,2022-02-01 07:00:00,SELL,1795.59,1800.3460714285713,1800.3460714285713,1786.077857142857,0.1,-48.260714285714315,-475.6071428571431,-1.0,SL,2022Q1,2022,26
2358,47121,2022-02-01 12:30:00,47130,2022-02-01 17:00:00,SELL,1806.43,1800.1278571428572,1809.5810714285715,1800.1278571428572,0.1,62.32142857142826,630.2142857142826,1.9348043020290493,TP,2022Q1,2022,9
2359,47131,2022-02-01 17:30:00,47152,2022-02-02 05:00:00,BUY,1802.09,1797.4099999999999,1797.4099999999999,1811.45,0.1,-47.50000000000064,-468.00000000000637,-1.0,SL,2022Q1,2022,21
2360,47154,2022-02-02 06:00:00,47161,2022-02-02 09:30:00,BUY,1797.74,1795.7867857142858,1795.7867857142858,1801.6464285714285,0.1,-20.23214285714239,-195.3214285714239,-1.0,SL,2022Q1,2022,7
2361,47162,2022-02-02 10:00:00,47165,2022-02-02 11:30:00,BUY,1796.89,1801.1757142857143,1794.747142857143,1801.1757142857143,0.1,42.157142857142205,428.5714285714221,1.9051000645577778,TP,2022Q1,2022,3
2362,47169,2022-02-02 13:30:00,47172,2022-02-02 15:00:00,SELL,1802.82,1805.9421428571427,1805.9421428571427,1796.5757142857142,0.1,-31.921428571427622,-312.21428571427623,-1.0,SL,2022Q1,2022,3
2363,47173,2022-02-02 15:30:00,47176,2022-02-02 17:00:00,SELL,1803.25,1806.9207142857142,1806.9207142857142,1795.9085714285713,0.1,-37.40714285714212,-367.07142857142117,-1.0,SL,2022Q1,2022,3
2364,47177,2022-02-02 17:30:00,47221,2022-02-03 16:30:00,SELL,1806.37,1796.9757142857143,1811.0671428571427,1796.9757142857143,0.1,93.24285714285615,939.4285714285616,1.955948456697632,TP,2022Q1,2022,44
2365,47226,2022-02-03 19:00:00,47258,2022-02-04 12:00:00,SELL,1806.81,1813.405714285714,1813.405714285714,1793.6185714285714,0.1,-66.65714285714166,-659.5714285714166,-1.0,SL,2022Q1,2022,32
2366,47260,2022-02-04 13:00:00,47265,2022-02-04 15:30:00,SELL,1813.19,1807.8671428571429,1815.8514285714286,1807.8671428571429,0.1,52.52857142857174,532.2857142857174,1.9231171548117159,TP,2022Q1,2022,5
2367,47267,2022-02-04 16:30:00,47284,2022-02-07 02:00:00,BUY,1799.86,1812.4750000000001,1793.5524999999998,1812.4750000000001,0.1,125.45000000000236,1261.5000000000236,1.967071736573893,TP,2022Q1,2022,17
2368,47287,2022-02-07 03:30:00,47299,2022-02-07 09:30:00,SELL,1809.67,1813.0525,1813.0525,1802.9050000000002,0.1,-34.524999999999366,-338.24999999999363,-1.0,SL,2022Q1,2022,12
2369,47310,2022-02-07 15:00:00,47310,2022-02-07 15:00:00,SELL,1813.13,1816.4364285714287,1816.4364285714287,1806.517142857143,0.1,-33.76428571428569,-330.6428571428569,-1.0,SL,2022Q1,2022,0
2370,47317,2022-02-07 18:30:00,47320,2022-02-07 20:00:00,SELL,1816.87,1821.0721428571428,1821.0721428571428,1808.4657142857143,0.1,-42.72142857142917,-420.2142857142917,-1.0,SL,2022Q1,2022,3
2371,47324,2022-02-07 22:00:00,47360,2022-02-08 17:00:00,SELL,1822.14,1826.085,1826.085,1814.25,0.1,-40.149999999999366,-394.49999999999363,-1.0,SL,2022Q1,2022,36
2372,47362,2022-02-08 18:00:00,47368,2022-02-08 21:00:00,SELL,1824.46,1828.5785714285714,1828.5785714285714,1816.2228571428573,0.1,-41.88571428571386,-411.85714285713857,-1.0,SL,2022Q1,2022,6
2373,47369,2022-02-08 21:30:00,47402,2022-02-09 15:00:00,SELL,1827.51,1831.3982142857142,1831.3982142857142,1819.7335714285714,0.1,-39.58214285714185,-388.82142857141844,-1.0,SL,2022Q1,2022,33
2374,47405,2022-02-09 16:30:00,47410,2022-02-09 19:00:00,BUY,1827.93,1834.3114285714287,1824.7392857142859,1834.3114285714287,0.1,63.11428571428614,638.1428571428614,1.9355969331873624,TP,2022Q1,2022,5
2375,47412,2022-02-09 20:00:00,47449,2022-02-10 15:30:00,SELL,1834.04,1824.935,1838.5925,1824.935,0.1,90.35000000000018,910.5000000000018,1.9545700378583017,TP,2022Q1,2022,37
2376,47450,2022-02-10 16:00:00,47450,2022-02-10 16:00:00,BUY,1830.58,1826.405714285714,1826.405714285714,1838.9285714285713,0.1,-42.44285714285816,-417.42857142858156,-1.0,SL,2022Q1,2022,0
2377,47454,2022-02-10 18:00:00,47455,2022-02-10 18:30:00,SELL,1835.47,1841.3146428571429,1841.3146428571429,1823.780714285714,0.1,-59.146428571428444,-584.4642857142844,-1.0,SL,2022Q1,2022,1
2378,47472,2022-02-11 04:00:00,47481,2022-02-11 08:30:00,BUY,1825.78,1822.0182142857143,1822.0182142857143,1833.3035714285713,0.1,-38.317857142856795,-376.1785714285679,-1.0,SL,2022Q1,2022,9
2379,47482,2022-02-11 09:00:00,47492,2022-02-11 14:00:00,BUY,1823.1,1828.215,1820.5424999999998,1828.215,0.1,50.45000000000009,511.5000000000009,1.9200761179827905,TP,2022Q1,2022,10
2380,47494,2022-02-11 15:00:00,47498,2022-02-11 17:00:00,SELL,1830.36,1833.7017857142855,1833.7017857142855,1823.6764285714285,0.1,-34.11785714285607,-334.17857142856064,-1.0,SL,2022Q1,2022,4
2381,47500,2022-02-11 18:00:00,47502,2022-02-11 19:00:00,SELL,1835.72,1840.4525,1840.4525,1826.255,0.1,-48.02500000000073,-473.2500000000073,-1.0,SL,2022Q1,2022,2
2382,47505,2022-02-11 20:30:00,47505,2022-02-11 20:30:00,SELL,1840.49,1846.0035714285714,1846.0035714285714,1829.462857142857,0.1,-55.83571428571368,-551.3571428571368,-1.0,SL,2022Q1,2022,0
2383,47507,2022-02-11 21:30:00,47543,2022-02-14 16:30:00,SELL,1857.88,1865.8953571428572,1865.8953571428572,1841.849285714286,0.1,-80.85357142857056,-801.5357142857056,-1.0,SL,2022Q1,2022,36
2384,47545,2022-02-14 17:30:00,47551,2022-02-14 20:30:00,SELL,1866.55,1872.495357142857,1872.495357142857,1854.6592857142857,0.1,-60.1535714285712,-594.535714285712,-1.0,SL,2022Q1,2022,6
2385,47553,2022-02-14 21:30:00,47566,2022-02-15 05:00:00,SELL,1869.42,1877.1010714285715,1877.1010714285715,1854.0578571428573,0.1,-77.51071428571386,-768.1071428571386,-1.0,SL,2022Q1,2022,13
2386,47568,2022-02-15 06:00:00,47576,2022-02-15 10:00:00,SELL,1877.29,1870.3407142857143,1880.764642857143,1870.3407142857143,0.1,68.79285714285679,694.9285714285679,1.9407556675062345,TP,2022Q1,2022,8
2387,47584,2022-02-15 14:00:00,47584,2022-02-15 14:00:00,BUY,1852.65,1845.7767857142858,1845.7767857142858,1866.3964285714287,0.1,-69.43214285714312,-687.3214285714312,-1.0,SL,2022Q1,2022,0
2388,47588,2022-02-15 16:00:00,47640,2022-02-16 19:00:00,BUY,1850.54,1868.7692857142856,1841.4253571428571,1868.7692857142856,0.1,181.59285714285653,1822.9285714285652,1.977135746782284,TP,2022Q1,2022,52
2389,47643,2022-02-16 20:30:00,47659,2022-02-17 05:30:00,SELL,1869.38,1874.4532142857145,1874.4532142857145,1859.2335714285716,0.1,-51.432142857143575,-507.3214285714357,-1.0,SL,2022Q1,2022,16
2390,47661,2022-02-17 06:30:00,47664,2022-02-17 08:00:00,SELL,1872.75,1876.594285714286,1876.594285714286,1865.0614285714285,0.1,-39.14285714285889,-384.42857142858884,-1.0,SL,2022Q1,2022,3
2391,47665,2022-02-17 08:30:00,47668,2022-02-17 10:00:00,SELL,1873.75,1877.9992857142856,1877.9992857142856,1865.2514285714285,0.1,-43.19285714285634,-424.9285714285634,-1.0,SL,2022Q1,2022,3
2392,47679,2022-02-17 15:30:00,47689,2022-02-17 20:30:00,SELL,1892.6,1900.3925,1900.3925,1877.015,0.1,-78.62500000000018,-779.2500000000018,-1.0,SL,2022Q1,2022,10
2393,47690,2022-02-17 21:00:00,47742,2022-02-21 01:00:00,SELL,1897.01,1904.285,1904.285,1882.46,0.1,-73.45000000000091,-727.5000000000091,-1.0,SL,2022Q1,2022,52
2394,47744,2022-02-21 02:00:00,47747,2022-02-21 03:30:00,SELL,1904.73,1895.522142857143,1909.3339285714285,1895.522142857143,0.1,91.37857142856937,920.7857142856938,1.955069916711239,TP,2022Q1,2022,3
2395,47754,2022-02-21 07:00:00,47782,2022-02-21 21:00:00,BUY,1892.0,1905.047857142857,1885.4760714285715,1905.047857142857,0.1,129.77857142857084,1304.7857142857083,1.9681525212587336,TP,2022Q1,2022,28
2396,47783,2022-02-22 01:00:00,47802,2022-02-22 10:30:00,SELL,1910.01,1900.5621428571428,1914.7339285714286,1900.5621428571428,0.1,93.77857142857174,944.7857142857174,1.9561945913730163,TP,2022Q1,2022,19
2397,47806,2022-02-22 12:30:00,47808,2022-02-22 13:30:00,BUY,1897.13,1891.4642857142858,1891.4642857142858,1908.4614285714288,0.1,-57.3571428571433,-566.571428571433,-1.0,SL,2022Q1,2022,2
2398,47809,2022-02-22 14:00:00,47861,2022-02-23 17:00:00,BUY,1894.02,1907.6228571428571,1887.2185714285713,1907.6228571428571,0.1,135.32857142857148,1360.2857142857147,1.969438669438637,TP,2022Q1,2022,52
2399,47863,2022-02-23 18:00:00,47877,2022-02-24 02:00:00,SELL,1907.37,1912.9767857142856,1912.9767857142856,1896.1564285714283,0.1,-56.76785714285707,-560.6785714285706,-1.0,SL,2022Q1,2022,14
2400,47878,2022-02-24 02:30:00,47881,2022-02-24 04:00:00,SELL,1911.04,1914.8157142857142,1914.8157142857142,1903.4885714285715,0.1,-38.4571428571423,-377.571428571423,-1.0,SL,2022Q1,2022,3
2401,47885,2022-02-24 06:00:00,47885,2022-02-24 06:00:00,SELL,1929.11,1934.7832142857142,1934.7832142857142,1917.7635714285714,0.1,-57.432142857142665,-567.3214285714266,-1.0,SL,2022Q1,2022,0
2402,47907,2022-02-24 17:00:00,47907,2022-02-24 17:00:00,BUY,1934.81,1918.6957142857143,1918.6957142857143,1967.0385714285712,0.1,-161.84285714285642,-1611.4285714285643,-1.0,SL,2022Q1,2022,0
2403,47917,2022-02-24 22:00:00,47967,2022-02-28 01:00:00,BUY,1888.28,1926.6735714285714,1869.0832142857143,1926.6735714285714,0.1,383.2357142857148,3839.3571428571477,1.9891004133686885,TP,2022Q1,2022,50
2404,47996,2022-02-28 15:30:00,48002,2022-02-28 18:30:00,SELL,1910.52,1894.725,1918.4175,1894.725,0.1,157.25000000000074,1579.5000000000073,1.973642924380295,TP,2022Q1,2022,6
2405,48004,2022-02-28 19:30:00,48033,2022-03-01 11:00:00,BUY,1894.58,1915.8414285714284,1883.9492857142857,1915.8414285714284,0.1,211.91428571428497,2126.1428571428496,1.9803751418463387,TP,2022Q1,2022,29
2406,48035,2022-03-01 12:00:00,48036,2022-03-01 12:30:00,SELL,1916.11,1920.277857142857,1920.277857142857,1907.7742857142857,0.1,-42.378571428572016,-416.78571428572013,-1.0,SL,2022Q1,2022,1
2407,48038,2022-03-01 13:30:00,48040,2022-03-01 14:30:00,SELL,1921.78,1911.0892857142856,1927.1253571428572,1911.0892857142856,0.1,106.2071428571442,1069.071428571442,1.9612213941832095,TP,2022Q1,2022,2
2408,48045,2022-03-01 17:00:00,48048,2022-03-01 18:30:00,SELL,1924.03,1932.8189285714286,1932.8189285714286,1906.4521428571427,0.1,-88.58928571428642,-878.8928571428642,-1.0,SL,2022Q1,2022,3
2409,48050,2022-03-01 19:30:00,48052,2022-03-01 20:30:00,SELL,1932.59,1942.6207142857143,1942.6207142857143,1912.5285714285712,0.1,-101.00714285714339,-1003.0714285714339,-1.0,SL,2022Q1,2022,2
2410,48053,2022-03-01 21:00:00,48081,2022-03-02 12:00:00,SELL,1941.96,1921.1357142857144,1952.372142857143,1921.1357142857144,0.1,207.5428571428568,2082.428571428568,1.979965928449723,TP,2022Q1,2022,28
2411,48124,2022-03-03 10:30:00,48130,2022-03-03 13:30:00,SELL,1930.6,1935.8939285714284,1935.8939285714284,1920.0121428571429,0.1,-53.639285714285236,-529.3928571428523,-1.0,SL,2022Q1,2022,6
2412,48131,2022-03-03 14:00:00,48147,2022-03-03 22:00:00,SELL,1932.28,1939.1767857142856,1939.1767857142856,1918.4864285714286,0.1,-69.6678571428567,-689.678571428567,-1.0,SL,2022Q1,2022,16
2413,48176,2022-03-04 13:30:00,48182,2022-03-04 16:30:00,SELL,1946.16,1951.89,1951.89,1934.7,0.1,-58.000000000000185,-573.0000000000018,-1.0,SL,2022Q1,2022,6
2414,48191,2022-03-04 21:00:00,48197,2022-03-07 01:00:00,SELL,1965.13,1974.0132142857144,1974.0132142857144,1947.3635714285715,0.1,-89.53214285714303,-888.3214285714303,-1.0,SL,2022Q1,2022,6
2415,48202,2022-03-07 03:30:00,48202,2022-03-07 03:30:00,SELL,1990.46,1998.1935714285714,1998.1935714285714,1974.9928571428572,0.1,-78.03571428571395,-773.3571428571395,-1.0,SL,2022Q1,2022,0
2416,48219,2022-03-07 12:00:00,48225,2022-03-07 15:00:00,SELL,1997.9,1981.1321428571428,2006.2839285714288,1981.1321428571428,0.1,166.9785714285734,1676.7857142857338,1.9751594778420856,TP,2022Q1,2022,6
2417,48227,2022-03-07 16:00:00,48258,2022-03-08 08:30:00,BUY,1979.27,2003.672857142857,1967.0685714285714,2003.672857142857,0.1,243.32857142857102,2440.28571428571,1.9828870779976717,TP,2022Q1,2022,31
2418,48261,2022-03-08 10:00:00,48274,2022-03-08 16:30:00,SELL,2015.26,2024.8546428571428,2024.8546428571428,1996.070714285714,0.1,-96.64642857142844,-959.4642857142844,-1.0,SL,2022Q1,2022,13
2419,48277,2022-03-08 18:00:00,48278,2022-03-08 18:30:00,SELL,2047.2,2062.9982142857143,2062.9982142857143,2015.6035714285713,0.1,-158.68214285714265,-1579.8214285714266,-1.0,SL,2022Q1,2022,1
2420,48279,2022-03-08 19:00:00,48279,2022-03-08 19:00:00,SELL,2069.44,2032.7692857142858,2087.775357142857,2032.7692857142858,0.1,366.0071428571421,3667.071428571421,1.9885902784515503,TP,2022Q1,2022,0
2421,48320,2022-03-09 16:30:00,48339,2022-03-10 03:00:00,BUY,1992.72,1975.1935714285714,1975.1935714285714,2027.7728571428572,0.1,-175.96428571428595,-1752.6428571428596,-1.0,SL,2022Q1,2022,19
2422,48359,2022-03-10 13:00:00,48405,2022-03-11 13:00:00,SELL,1999.54,1978.9342857142856,2009.8428571428572,1978.9342857142856,0.1,205.35714285714386,2060.5714285714384,1.979754854703209,TP,2022Q1,2022,46
2423,48407,2022-03-11 14:00:00,48407,2022-03-11 14:00:00,BUY,1979.68,1970.3339285714287,1970.3339285714287,1998.372142857143,0.1,-94.1607142857135,-934.6071428571349,-1.0,SL,2022Q1,2022,0
2424,48409,2022-03-11 15:00:00,48410,2022-03-11 15:30:00,BUY,1975.2,1964.0475000000001,1964.0475000000001,1997.505,0.1,-112.22499999999918,-1115.2499999999918,-1.0,SL,2022Q1,2022,1
2425,48411,2022-03-11 16:00:00,48416,2022-03-11 18:30:00,BUY,1962.12,1987.497857142857,1949.4310714285714,1987.497857142857,0.1,253.07857142857011,2537.785714285701,1.9835409377186843,TP,2022Q1,2022,5
2426,48448,2022-03-14 10:30:00,48449,2022-03-14 11:00:00,BUY,1972.05,1966.4475,1966.4475,1983.255,0.1,-56.72499999999964,-560.2499999999964,-1.0,SL,2022Q1,2022,1
2427,48451,2022-03-14 12:00:00,48453,2022-03-14 13:00:00,BUY,1963.87,1957.4821428571427,1957.4821428571427,1976.6457142857143,0.1,-64.57857142857229,-638.7857142857229,-1.0,SL,2022Q1,2022,2
2428,48459,2022-03-14 16:00:00,48477,2022-03-15 02:00:00,BUY,1959.03,1948.7560714285714,1948.7560714285714,1979.577857142857,0.1,-103.43928571428542,-1027.3928571428542,-1.0,SL,2022Q1,2022,18
2429,48478,2022-03-15 02:30:00,48479,2022-03-15 03:00:00,BUY,1950.58,1944.7792857142856,1944.7792857142856,1962.1814285714286,0.1,-58.70714285714321,-580.0714285714321,-1.0,SL,2022Q1,2022,1
2430,48486,2022-03-15 06:30:00,48487,2022-03-15 07:00:00,BUY,1941.72,1935.692142857143,1935.692142857143,1953.7757142857142,0.1,-60.978571428571016,-602.7857142857101,-1.0,SL,2022Q1,2022,1
2431,48490,2022-03-15 08:30:00,48502,2022-03-15 14:30:00,BUY,1926.87,1919.4171428571428,1919.4171428571428,1941.7757142857142,0.1,-75.22857142857056,-745.2857142857056,-1.0,SL,2022Q1,2022,12
2432,48503,2022-03-15 15:00:00,48505,2022-03-15 16:00:00,BUY,1920.93,1911.6685714285713,1911.6685714285713,1939.4528571428573,0.1,-93.31428571428724,-926.1428571428723,-1.0,SL,2022Q1,2022,2
2433,48507,2022-03-15 17:00:00,48551,2022-03-16 16:00:00,BUY,1916.32,1905.1771428571428,1905.1771428571428,1938.6057142857144,0.1,-112.1285714285711,-1114.285714285711,-1.0,SL,2022Q1,2022,44
2434,48564,2022-03-16 22:30:00,48575,2022-03-17 05:00:00,SELL,1924.41,1937.9989285714287,1937.9989285714287,1897.232142857143,0.1,-136.58928571428595,-1358.8928571428596,-1.0,SL,2022Q1,2022,11
2435,48577,2022-03-17 06:00:00,48586,2022-03-17 10:30:00,SELL,1936.21,1941.1417857142858,1941.1417857142858,1926.3464285714288,0.1,-50.01785714285752,-493.1785714285752,-1.0,SL,2022Q1,2022,9
2436,48589,2022-03-17 12:00:00,48589,2022-03-17 12:00:00,SELL,1941.49,1946.8203571428571,1946.8203571428571,1930.8292857142858,0.1,-54.00357142857111,-533.035714285711,-1.0,SL,2022Q1,2022,0
2437,48590,2022-03-17 12:30:00,48597,2022-03-17 16:00:00,SELL,1942.08,1947.6514285714284,1947.6514285714284,1930.9371428571428,0.1,-56.41428571428442,-557.1428571428442,-1.0,SL,2022Q1,2022,7
2438,48598,2022-03-17 16:30:00,48622,2022-03-18 05:30:00,SELL,1946.78,1929.65,1955.345,1929.65,0.1,170.59999999999883,1712.9999999999882,1.9756803705848032,TP,2022Q1,2022,24
2439,48623,2022-03-18 06:00:00,48636,2022-03-18 12:30:00,BUY,1935.32,1929.725,1929.725,1946.51,0.1,-56.650000000000276,-559.5000000000027,-1.0,SL,2022Q1,2022,13
2440,48641,2022-03-18 15:00:00,48641,2022-03-18 15:00:00,SELL,1935.6,1923.27,1941.7649999999999,1923.27,0.1,122.59999999999927,1232.9999999999927,1.9663191659983958,TP,2022Q1,2022,0
2441,48642,2022-03-18 15:30:00,48653,2022-03-18 21:00:00,BUY,1927.42,1920.1503571428573,1920.1503571428573,1941.959285714286,0.1,-73.39642857142799,-726.9642857142799,-1.0,SL,2022Q1,2022,11
2442,48655,2022-03-18 22:00:00,48690,2022-03-21 16:30:00,BUY,1920.44,1936.9614285714288,1912.1792857142857,1936.9614285714288,0.1,164.51428571428715,1652.1428571428714,1.974792077510075,TP,2022Q1,2022,35
2443,48691,2022-03-21 17:00:00,48698,2022-03-21 20:30:00,SELL,1933.32,1939.8107142857143,1939.8107142857143,1920.3385714285712,0.1,-65.60714285714376,-649.0714285714375,-1.0,SL,2022Q1,2022,7
2444,48699,2022-03-21 21:00:00,48734,2022-03-22 15:30:00,SELL,1935.92,1921.2435714285714,1943.2582142857143,1921.2435714285714,0.1,146.06428571428688,1467.6428571428687,1.9716530877886822,TP,2022Q1,2022,35
2445,48735,2022-03-22 16:00:00,48735,2022-03-22 16:00:00,BUY,1923.67,1917.462142857143,1917.462142857143,1936.0857142857144,0.1,-62.77857142857165,-620.7857142857165,-1.0,SL,2022Q1,2022,0
2446,48775,2022-03-23 13:00:00,48787,2022-03-23 19:00:00,SELL,1933.18,1937.2482142857143,1937.2482142857143,1925.0435714285713,0.1,-41.38214285714248,-406.8214285714248,-1.0,SL,2022Q1,2022,12
2447,48789,2022-03-23 20:00:00,48792,2022-03-23 21:30:00,SELL,1936.61,1943.6042857142857,1943.6042857142857,1922.6214285714284,0.1,-70.64285714285752,-699.4285714285752,-1.0,SL,2022Q1,2022,3
2448,48800,2022-03-24 02:30:00,48806,2022-03-24 05:30:00,SELL,1947.48,1939.2707142857141,1951.584642857143,1939.2707142857141,0.1,81.39285714285897,820.9285714285897,1.9496962956625365,TP,2022Q1,2022,6
2449,48811,2022-03-24 08:00:00,48819,2022-03-24 12:00:00,BUY,1938.36,1946.1021428571428,1934.4889285714285,1946.1021428571428,0.1,76.7214285714288,774.214285714288,1.946714997734481,TP,2022Q1,2022,8
2450,48824,2022-03-24 14:30:00,48825,2022-03-24 15:00:00,SELL,1945.86,1953.0642857142855,1953.0642857142855,1931.4514285714286,0.1,-72.74285714285561,-720.4285714285561,-1.0,SL,2022Q1,2022,1
2451,48832,2022-03-24 18:30:00,48872,2022-03-25 15:30:00,SELL,1965.26,1944.8985714285716,1975.4407142857142,1944.8985714285716,0.1,202.91428571428406,2036.1428571428405,1.9795136227440595,TP,2022Q1,2022,40
2452,48873,2022-03-25 16:00:00,48900,2022-03-28 07:30:00,BUY,1948.85,1941.677857142857,1941.677857142857,1963.1942857142858,0.1,-72.42142857142944,-717.2142857142944,-1.0,SL,2022Q1,2022,27
2453,48901,2022-03-28 08:00:00,48902,2022-03-28 08:30:00,BUY,1943.38,1937.9157142857143,1937.9157142857143,1954.3085714285717,0.1,-55.342857142857795,-546.4285714285779,-1.0,SL,2022Q1,2022,1
2454,48910,2022-03-28 12:30:00,48915,2022-03-28 15:00:00,BUY,1928.87,1940.7821428571428,1922.9139285714284,1940.7821428571428,0.1,118.42142857142953,1191.2142857142953,1.9651514253541162,TP,2022Q1,2022,5
2455,48956,2022-03-29 12:30:00,48960,2022-03-29 14:30:00,BUY,1911.23,1906.2275,1906.2275,1921.2350000000001,0.1,-50.72500000000055,-500.25000000000546,-1.0,SL,2022Q1,2022,4
2456,48963,2022-03-29 16:00:00,48965,2022-03-29 17:00:00,BUY,1897.35,1914.627857142857,1888.7110714285714,1914.627857142857,0.1,172.07857142857102,1727.7857142857101,1.9758868156653682,TP,2022Q1,2022,2
2457,48975,2022-03-29 22:00:00,48992,2022-03-30 07:30:00,SELL,1917.08,1926.3682142857142,1926.3682142857142,1898.5035714285714,0.1,-93.58214285714276,-928.8214285714275,-1.0,SL,2022Q1,2022,17
2458,48996,2022-03-30 09:30:00,49007,2022-03-30 15:00:00,SELL,1926.2,1930.9207142857144,1930.9207142857144,1916.7585714285715,0.1,-47.90714285714394,-472.07142857143936,-1.0,SL,2022Q1,2022,11
2459,49008,2022-03-30 15:30:00,49010,2022-03-30 16:30:00,SELL,1928.08,1934.4046428571428,1934.4046428571428,1915.4307142857142,0.1,-63.946428571428626,-632.4642857142862,-1.0,SL,2022Q1,2022,2
2460,49011,2022-03-30 17:00:00,49055,2022-03-31 16:00:00,SELL,1931.84,1939.0646428571426,1939.0646428571426,1917.3907142857142,0.1,-72.94642857142726,-722.4642857142726,-1.0,SL,2022Q1,2022,44
2461,49057,2022-03-31 17:00:00,49060,2022-03-31 18:30:00,SELL,1937.57,1944.3671428571429,1944.3671428571429,1923.9757142857143,0.1,-68.67142857142944,-679.7142857142944,-1.0,SL,2022Q1,2022,3
2462,49098,2022-04-01 14:30:00,49101,2022-04-01 16:00:00,BUY,1927.7,1922.6792857142857,1922.6792857142857,1937.7414285714287,0.1,-50.907142857143484,-502.0714285714348,-1.0,SL,2022Q2,2022,3
2463,49102,2022-04-01 16:30:00,49110,2022-04-01 20:30:00,BUY,1924.52,1918.0560714285714,1918.0560714285714,1937.4478571428572,0.1,-65.33928571428596,-646.3928571428596,-1.0,SL,2022Q2,2022,8
2464,49111,2022-04-01 21:00:00,49194,2022-04-05 16:30:00,BUY,1922.29,1939.5207142857143,1913.6746428571428,1939.5207142857143,0.1,171.60714285714386,1723.0714285714384,1.9758213742341382,TP,2022Q2,2022,83
2465,49196,2022-04-05 17:30:00,49199,2022-04-05 19:00:00,SELL,1933.62,1918.4142857142856,1941.222857142857,1918.4142857142856,0.1,151.35714285714295,1520.5714285714294,1.9726307950102402,TP,2022Q2,2022,3
2466,49200,2022-04-05 19:30:00,49320,2022-04-08 10:30:00,BUY,1922.93,1931.83,1913.8142857142857,1941.1614285714288,0.1,88.29999999999863,889.9999999999864,0.9612752721617175,TIME_EXIT,2022Q2,2022,120
2467,49335,2022-04-08 18:00:00,49347,2022-04-11 01:00:00,SELL,1942.94,1949.212142857143,1949.212142857143,1930.3957142857143,0.1,-63.421428571428535,-627.2142857142853,-1.0,SL,2022Q2,2022,12
2468,49348,2022-04-11 01:30:00,49367,2022-04-11 11:00:00,SELL,1947.64,1952.1828571428573,1952.1828571428573,1938.5542857142857,0.1,-46.128571428572016,-454.28571428572013,-1.0,SL,2022Q2,2022,19
2469,49370,2022-04-11 12:30:00,49375,2022-04-11 15:00:00,SELL,1957.28,1963.04,1963.04,1945.76,0.1,-58.29999999999991,-575.9999999999991,-1.0,SL,2022Q2,2022,5
2470,49377,2022-04-11 16:00:00,49378,2022-04-11 16:30:00,SELL,1963.28,1950.08,1969.8799999999999,1950.08,0.1,131.30000000000047,1320.0000000000045,1.9685157421289692,TP,2022Q2,2022,1
2471,49386,2022-04-11 20:30:00,49422,2022-04-12 15:30:00,BUY,1945.5,1962.1135714285715,1937.1932142857142,1962.1135714285715,0.1,165.43571428571505,1661.3571428571504,1.9749307183969305,TP,2022Q2,2022,36
2472,49424,2022-04-12 16:30:00,49462,2022-04-13 12:30:00,SELL,1971.96,1978.9275,1978.9275,1958.025,0.1,-70.37499999999973,-696.7499999999973,-1.0,SL,2022Q2,2022,38
2473,49465,2022-04-13 14:00:00,49516,2022-04-14 16:30:00,SELL,1976.75,1966.0614285714285,1982.094285714286,1966.0614285714285,0.1,106.18571428571549,1068.857142857155,1.9612137203165818,TP,2022Q2,2022,51
2474,49518,2022-04-14 17:30:00,49534,2022-04-18 02:30:00,BUY,1968.26,1985.107142857143,1959.8364285714285,1985.107142857143,0.1,167.771428571429,1684.7142857142899,1.9752754183836516,TP,2022Q2,2022,16
2475,49536,2022-04-18 03:30:00,49550,2022-04-18 10:30:00,SELL,1986.11,1991.3385714285714,1991.3385714285714,1975.652857142857,0.1,-52.98571428571513,-522.8571428571513,-1.0,SL,2022Q2,2022,14
2476,49552,2022-04-18 11:30:00,49560,2022-04-18 15:30:00,SELL,1991.31,1995.5260714285714,1995.5260714285714,1982.877857142857,0.1,-42.86071428571468,-421.60714285714675,-1.0,SL,2022Q2,2022,8
2477,49561,2022-04-18 16:00:00,49564,2022-04-18 17:30:00,SELL,1994.94,1985.897142857143,1999.4614285714285,1985.897142857143,0.1,89.72857142856974,904.2857142856974,1.9542626011200985,TP,2022Q2,2022,3
2478,49565,2022-04-18 18:00:00,49570,2022-04-18 20:30:00,BUY,1984.11,1978.8375,1978.8375,1994.6549999999997,0.1,-53.42499999999809,-527.2499999999809,-1.0,SL,2022Q2,2022,5
2479,49578,2022-04-19 01:30:00,49606,2022-04-19 15:30:00,BUY,1978.17,1972.425,1972.425,1989.66,0.1,-58.150000000001185,-574.5000000000118,-1.0,SL,2022Q2,2022,28
2480,49612,2022-04-19 18:30:00,49620,2022-04-19 22:30:00,BUY,1953.28,1944.3046428571429,1944.3046428571429,1971.2307142857142,0.1,-90.45357142857092,-897.5357142857092,-1.0,SL,2022Q2,2022,8
2481,49621,2022-04-19 23:00:00,49639,2022-04-20 09:00:00,BUY,1948.31,1940.3332142857143,1940.3332142857143,1964.2635714285711,0.1,-80.46785714285598,-797.6785714285597,-1.0,SL,2022Q2,2022,18
2482,49641,2022-04-20 10:00:00,49647,2022-04-20 13:00:00,BUY,1941.68,1952.1307142857145,1936.454642857143,1952.1307142857145,0.1,103.80714285714411,1045.0714285714412,1.9603426181965757,TP,2022Q2,2022,6
2483,49649,2022-04-20 14:00:00,49695,2022-04-21 14:00:00,SELL,1953.01,1942.1242857142859,1958.452857142857,1942.1242857142859,0.1,108.1571428571413,1088.571428571413,1.9619072298522926,TP,2022Q2,2022,46
2484,49696,2022-04-21 14:30:00,49696,2022-04-21 14:30:00,BUY,1943.93,1938.9832142857144,1938.9832142857144,1953.8235714285715,0.1,-50.16785714285625,-494.67857142856246,-1.0,SL,2022Q2,2022,0
2485,49697,2022-04-21 15:00:00,49710,2022-04-21 21:30:00,BUY,1940.04,1951.245,1934.4375,1951.245,0.1,111.34999999999927,1120.4999999999927,1.9629792860290873,TP,2022Q2,2022,13
2486,49712,2022-04-21 22:30:00,49739,2022-04-22 13:00:00,SELL,1952.4,1937.9078571428572,1959.6460714285715,1937.9078571428572,0.1,144.22142857142882,1449.214285714288,1.9712960702953382,TP,2022Q2,2022,27
2487,49744,2022-04-22 15:30:00,49749,2022-04-22 18:00:00,BUY,1934.86,1928.1967857142856,1928.1967857142856,1948.1864285714287,0.1,-67.33214285714276,-666.3214285714275,-1.0,SL,2022Q2,2022,5
2488,49750,2022-04-22 18:30:00,49769,2022-04-25 05:00:00,BUY,1932.11,1922.5860714285714,1922.5860714285714,1951.157857142857,0.1,-95.93928571428542,-952.3928571428542,-1.0,SL,2022Q2,2022,19
2489,49771,2022-04-25 06:00:00,49774,2022-04-25 07:30:00,BUY,1924.3,1919.095,1919.095,1934.71,0.1,-52.749999999999275,-520.4999999999927,-1.0,SL,2022Q2,2022,3
2490,49776,2022-04-25 08:30:00,49778,2022-04-25 09:30:00,BUY,1917.64,1912.525,1912.525,1927.8700000000001,0.1,-51.850000000000094,-511.5000000000009,-1.0,SL,2022Q2,2022,2
2491,49779,2022-04-25 10:00:00,49786,2022-04-25 13:30:00,BUY,1917.88,1912.0492857142858,1912.0492857142858,1929.5414285714287,0.1,-59.00714285714294,-583.0714285714294,-1.0,SL,2022Q2,2022,7
2492,49788,2022-04-25 14:30:00,49789,2022-04-25 15:00:00,BUY,1910.01,1902.1960714285713,1902.1960714285713,1925.6378571428572,0.1,-78.83928571428733,-781.3928571428733,-1.0,SL,2022Q2,2022,1
2493,49791,2022-04-25 16:00:00,49884,2022-04-27 16:30:00,BUY,1894.85,1885.4524999999999,1885.4524999999999,1913.645,0.1,-94.67500000000037,-939.7500000000036,-1.0,SL,2022Q2,2022,93
2494,49885,2022-04-27 17:00:00,49909,2022-04-28 06:00:00,BUY,1888.16,1879.1996428571429,1879.1996428571429,1906.0807142857143,0.1,-90.3035714285722,-896.035714285722,-1.0,SL,2022Q2,2022,24
2495,49921,2022-04-28 12:00:00,49928,2022-04-28 15:30:00,SELL,1886.14,1893.0228571428572,1893.0228571428572,1872.3742857142859,0.1,-69.5285714285712,-688.285714285712,-1.0,SL,2022Q2,2022,7
2496,49929,2022-04-28 16:00:00,49941,2022-04-28 22:00:00,SELL,1885.5,1893.7832142857144,1893.7832142857144,1868.9335714285714,0.1,-83.53214285714394,-828.3214285714394,-1.0,SL,2022Q2,2022,12
2497,49951,2022-04-29 04:00:00,49951,2022-04-29 04:00:00,SELL,1897.18,1900.8475,1900.8475,1889.845,0.1,-37.375000000000185,-366.7500000000018,-1.0,SL,2022Q2,2022,0
2498,49953,2022-04-29 05:00:00,49959,2022-04-29 08:00:00,SELL,1902.43,1906.5292857142858,1906.5292857142858,1894.2314285714285,0.1,-41.692857142857704,-409.928571428577,-1.0,SL,2022Q2,2022,6
2499,49961,2022-04-29 09:00:00,49961,2022-04-29 09:00:00,SELL,1906.76,1911.1046428571428,1911.1046428571428,1898.0707142857143,0.1,-44.146428571428444,-434.4642857142844,-1.0,SL,2022Q2,2022,0
2500,49963,2022-04-29 10:00:00,49964,2022-04-29 10:30:00,SELL,1911.37,1916.265357142857,1916.265357142857,1901.5792857142858,0.1,-49.65357142857165,-489.5357142857165,-1.0,SL,2022Q2,2022,1
2501,50005,2022-05-02 08:00:00,50012,2022-05-02 11:30:00,BUY,1885.55,1880.2571428571428,1880.2571428571428,1896.1357142857144,0.1,-53.628571428572016,-529.2857142857201,-1.0,SL,2022Q2,2022,7
2502,50014,2022-05-02 12:30:00,50019,2022-05-02 15:00:00,BUY,1880.25,1875.3225,1875.3225,1890.105,0.1,-49.975000000000094,-492.7500000000009,-1.0,SL,2022Q2,2022,5
2503,50022,2022-05-02 16:30:00,50055,2022-05-03 10:00:00,BUY,1861.25,1854.1646428571428,1854.1646428571428,1875.4207142857144,0.1,-71.5535714285722,-708.535714285722,-1.0,SL,2022Q2,2022,33
2504,50056,2022-05-03 10:30:00,50056,2022-05-03 10:30:00,BUY,1860.95,1855.3507142857143,1855.3507142857143,1872.1485714285714,0.1,-56.692857142857704,-559.928571428577,-1.0,SL,2022Q2,2022,0
2505,50058,2022-05-03 11:30:00,50067,2022-05-03 16:00:00,BUY,1853.99,1865.8164285714283,1848.0767857142857,1865.8164285714283,0.1,117.56428571428323,1182.6428571428323,1.9649018086312517,TP,2022Q2,2022,9
2506,50068,2022-05-03 16:30:00,50068,2022-05-03 16:30:00,SELL,1863.93,1871.16,1871.16,1849.47,0.1,-73.00000000000018,-723.0000000000018,-1.0,SL,2022Q2,2022,0
2507,50071,2022-05-03 18:00:00,50124,2022-05-04 21:30:00,SELL,1874.3,1881.9017857142858,1881.9017857142858,1859.0964285714285,0.1,-76.71785714285825,-760.1785714285825,-1.0,SL,2022Q2,2022,53
2508,50126,2022-05-04 22:30:00,50132,2022-05-05 02:30:00,SELL,1883.62,1893.3196428571428,1893.3196428571428,1864.2207142857142,0.1,-97.69642857142863,-969.9642857142862,-1.0,SL,2022Q2,2022,6
2509,50134,2022-05-05 03:30:00,50136,2022-05-05 04:30:00,SELL,1893.55,1903.225,1903.225,1874.2,0.1,-97.44999999999955,-967.4999999999955,-1.0,SL,2022Q2,2022,2
2510,50137,2022-05-05 05:00:00,50163,2022-05-05 18:00:00,SELL,1900.53,1880.4064285714285,1910.5917857142856,1880.4064285714285,0.1,200.53571428571496,2012.3571428571495,1.979273150269683,TP,2022Q2,2022,26
2511,50166,2022-05-05 19:30:00,50181,2022-05-06 04:00:00,BUY,1877.12,1867.6346428571428,1867.6346428571428,1896.0907142857143,0.1,-95.55357142857083,-948.5357142857083,-1.0,SL,2022Q2,2022,15
2512,50183,2022-05-06 05:00:00,50196,2022-05-06 11:30:00,BUY,1870.27,1879.8807142857142,1865.4646428571427,1879.8807142857142,0.1,95.40714285714266,961.0714285714266,1.9569262325103929,TP,2022Q2,2022,13
2513,50199,2022-05-06 13:00:00,50204,2022-05-06 15:30:00,SELL,1883.05,1887.5682142857142,1887.5682142857142,1874.0135714285714,0.1,-45.88214285714294,-451.82142857142935,-1.0,SL,2022Q2,2022,5
2514,50205,2022-05-06 16:00:00,50206,2022-05-06 16:30:00,SELL,1876.45,1883.23,1883.23,1862.89,0.1,-68.49999999999973,-677.9999999999973,-1.0,SL,2022Q2,2022,1
2515,50228,2022-05-09 04:30:00,50230,2022-05-09 05:30:00,BUY,1878.21,1873.9125000000001,1873.9125000000001,1886.8049999999998,0.1,-43.674999999999,-429.74999999999,-1.0,SL,2022Q2,2022,2
2516,50236,2022-05-09 08:30:00,50239,2022-05-09 10:00:00,BUY,1873.67,1869.3510714285715,1869.3510714285715,1882.3078571428573,0.1,-43.889285714286146,-431.89285714286143,-1.0,SL,2022Q2,2022,3
2517,50265,2022-05-09 23:00:00,50300,2022-05-10 17:30:00,BUY,1853.71,1845.870357142857,1845.870357142857,1869.3892857142857,0.1,-79.09642857142963,-783.9642857142962,-1.0,SL,2022Q2,2022,35
2518,50306,2022-05-10 20:30:00,50316,2022-05-11 02:30:00,BUY,1842.3,1834.0960714285713,1834.0960714285713,1858.7078571428572,0.1,-82.73928571428605,-820.3928571428605,-1.0,SL,2022Q2,2022,10
2519,50318,2022-05-11 03:30:00,50330,2022-05-11 09:30:00,BUY,1833.88,1845.2114285714288,1828.2142857142858,1845.2114285714288,0.1,112.6142857142866,1133.142857142866,1.963387297633873,TP,2022Q2,2022,12
2520,50336,2022-05-11 12:30:00,50342,2022-05-11 15:30:00,SELL,1850.9,1840.2692857142856,1856.2153571428573,1840.2692857142856,0.1,105.60714285714475,1063.0714285714475,1.961005371709,TP,2022Q2,2022,6
2521,50343,2022-05-11 16:00:00,50344,2022-05-11 16:30:00,BUY,1839.69,1853.7278571428571,1832.6710714285714,1853.7278571428571,0.1,139.67857142857093,1403.7857142857092,1.9703763413773678,TP,2022Q2,2022,1
2522,50345,2022-05-11 17:00:00,50391,2022-05-12 17:00:00,SELL,1853.1,1835.9892857142856,1861.6553571428572,1835.9892857142856,0.1,170.40714285714267,1711.0714285714266,1.9756531820628285,TP,2022Q2,2022,46
2523,50392,2022-05-12 17:30:00,50396,2022-05-12 19:30:00,BUY,1839.75,1831.6371428571429,1831.6371428571429,1855.9757142857143,0.1,-81.82857142857138,-811.2857142857138,-1.0,SL,2022Q2,2022,4
2524,50398,2022-05-12 20:30:00,50406,2022-05-13 01:30:00,BUY,1825.64,1816.3742857142859,1816.3742857142859,1844.1714285714288,0.1,-93.35714285714239,-926.5714285714239,-1.0,SL,2022Q2,2022,8
2525,50407,2022-05-13 02:00:00,50433,2022-05-13 15:00:00,BUY,1819.31,1812.2975,1812.2975,1833.335,0.1,-70.82500000000046,-701.2500000000045,-1.0,SL,2022Q2,2022,26
2526,50467,2022-05-16 09:00:00,50467,2022-05-16 09:00:00,BUY,1809.18,1804.8835714285715,1804.8835714285715,1817.7728571428572,0.1,-43.66428571428578,-429.6428571428578,-1.0,SL,2022Q2,2022,0
2527,50485,2022-05-16 18:00:00,50492,2022-05-16 21:30:00,SELL,1812.15,1820.9089285714288,1820.9089285714288,1794.632142857143,0.1,-88.28928571428669,-875.8928571428669,-1.0,SL,2022Q2,2022,7
2528,50501,2022-05-17 03:00:00,50524,2022-05-17 14:30:00,SELL,1826.28,1831.5921428571428,1831.5921428571428,1815.655714285714,0.1,-53.82142857142817,-531.2142857142817,-1.0,SL,2022Q2,2022,23
2529,50530,2022-05-17 17:30:00,50537,2022-05-17 21:00:00,BUY,1824.21,1817.2628571428572,1817.2628571428572,1838.1042857142859,0.1,-70.17142857142808,-694.7142857142808,-1.0,SL,2022Q2,2022,7
2530,50539,2022-05-17 22:00:00,50553,2022-05-18 06:00:00,BUY,1816.43,1809.2600000000002,1809.2600000000002,1830.77,0.1,-72.39999999999846,-716.9999999999845,-1.0,SL,2022Q2,2022,14
2531,50568,2022-05-18 13:30:00,50570,2022-05-18 14:30:00,SELL,1819.22,1811.06,1823.3,1811.06,0.1,80.90000000000082,816.0000000000082,1.9493975903614995,TP,2022Q2,2022,2
2532,50571,2022-05-18 15:00:00,50578,2022-05-18 18:30:00,BUY,1809.13,1819.6985714285715,1803.8457142857144,1819.6985714285715,0.1,104.98571428571431,1056.8571428571431,1.960779082177161,TP,2022Q2,2022,7
2533,50604,2022-05-19 08:30:00,50608,2022-05-19 10:30:00,BUY,1814.4,1811.6014285714286,1811.6014285714286,1819.997142857143,0.1,-28.685714285714493,-279.85714285714494,-1.0,SL,2022Q2,2022,4
2534,50609,2022-05-19 11:00:00,50610,2022-05-19 11:30:00,BUY,1813.41,1819.8792857142857,1810.1753571428571,1819.8792857142857,0.1,63.99285714285661,646.9285714285661,1.936453042256498,TP,2022Q2,2022,1
2535,50614,2022-05-19 13:30:00,50617,2022-05-19 15:00:00,SELL,1827.46,1832.7282142857143,1832.7282142857143,1816.9235714285714,0.1,-53.38214285714294,-526.8214285714294,-1.0,SL,2022Q2,2022,3
2536,50618,2022-05-19 15:30:00,50618,2022-05-19 15:30:00,SELL,1831.34,1837.4546428571427,1837.4546428571427,1819.110714285714,0.1,-61.84642857142826,-611.4642857142826,-1.0,SL,2022Q2,2022,0
2537,50620,2022-05-19 16:30:00,50621,2022-05-19 17:00:00,SELL,1838.92,1846.2314285714288,1846.2314285714288,1824.297142857143,0.1,-73.81428571428678,-731.1428571428678,-1.0,SL,2022Q2,2022,1
2538,50623,2022-05-19 18:00:00,50691,2022-05-23 06:00:00,SELL,1845.75,1854.4842857142858,1854.4842857142858,1828.2814285714285,0.1,-88.04285714285761,-873.4285714285761,-1.0,SL,2022Q2,2022,68
2539,50694,2022-05-23 07:30:00,50701,2022-05-23 11:00:00,SELL,1854.56,1859.4392857142857,1859.4392857142857,1844.8014285714285,0.1,-49.49285714285743,-487.9285714285743,-1.0,SL,2022Q2,2022,7
2540,50704,2022-05-23 12:30:00,50711,2022-05-23 16:00:00,SELL,1862.75,1853.597857142857,1867.3260714285714,1853.597857142857,0.1,90.82142857142962,915.2142857142962,1.9548005227150915,TP,2022Q2,2022,7
2541,50716,2022-05-23 18:30:00,50719,2022-05-23 20:00:00,BUY,1853.6,1848.2857142857142,1848.2857142857142,1864.2285714285713,0.1,-53.842857142856886,-531.4285714285688,-1.0,SL,2022Q2,2022,3
2542,50720,2022-05-23 20:30:00,50747,2022-05-24 11:00:00,BUY,1849.86,1860.2507142857141,1844.6646428571428,1860.2507142857141,0.1,103.20714285714239,1039.071428571424,1.9601166655361864,TP,2022Q2,2022,27
2543,50748,2022-05-24 11:30:00,50757,2022-05-24 16:00:00,SELL,1858.47,1862.3657142857144,1862.3657142857144,1850.6785714285713,0.1,-39.657142857143484,-389.5714285714348,-1.0,SL,2022Q2,2022,9
2544,50758,2022-05-24 16:30:00,50758,2022-05-24 16:30:00,SELL,1859.28,1864.712142857143,1864.712142857143,1848.4157142857143,0.1,-55.021428571429354,-543.2142857142935,-1.0,SL,2022Q2,2022,0
2545,50760,2022-05-24 17:30:00,50798,2022-05-25 13:30:00,SELL,1865.18,1852.2928571428574,1871.6235714285715,1852.2928571428574,0.1,128.17142857142636,1288.7142857142635,1.9677596227656193,TP,2022Q2,2022,38
2546,50800,2022-05-25 14:30:00,50803,2022-05-25 16:00:00,BUY,1854.53,1849.6999999999998,1849.6999999999998,1864.19,0.1,-49.00000000000155,-483.00000000001546,-1.0,SL,2022Q2,2022,3
2547,50804,2022-05-25 16:30:00,50805,2022-05-25 17:00:00,BUY,1852.95,1847.3528571428571,1847.3528571428571,1864.1442857142858,0.1,-56.67142857142899,-559.7142857142899,-1.0,SL,2022Q2,2022,1
2548,50806,2022-05-25 17:30:00,50808,2022-05-25 18:30:00,BUY,1849.04,1842.9564285714284,1842.9564285714284,1861.2071428571428,0.1,-61.535714285715315,-608.3571428571531,-1.0,SL,2022Q2,2022,2
2549,50862,2022-05-26 22:30:00,50883,2022-05-27 10:00:00,SELL,1852.33,1857.420357142857,1857.420357142857,1842.1492857142855,0.1,-51.603571428571016,-509.0357142857101,-1.0,SL,2022Q2,2022,21
2550,50887,2022-05-27 12:00:00,50887,2022-05-27 12:00:00,SELL,1856.71,1860.5017857142857,1860.5017857142857,1849.1264285714287,0.1,-38.61785714285652,-379.1785714285652,-1.0,SL,2022Q2,2022,0
2551,50894,2022-05-27 15:30:00,50895,2022-05-27 16:00:00,SELL,1856.92,1861.4639285714286,1861.4639285714286,1847.832142857143,0.1,-46.139285714285236,-454.39285714285234,-1.0,SL,2022Q2,2022,1
2552,50915,2022-05-30 03:00:00,50918,2022-05-30 04:30:00,BUY,1850.1,1855.392857142857,1847.4535714285712,1855.392857142857,0.1,52.22857142857201,529.2857142857201,1.922692611096423,TP,2022Q2,2022,3
2553,50919,2022-05-30 05:00:00,50919,2022-05-30 05:00:00,SELL,1856.62,1860.0657142857142,1860.0657142857142,1849.7285714285713,0.1,-35.15714285714303,-344.57142857143026,-1.0,SL,2022Q2,2022,0
2554,50921,2022-05-30 06:00:00,50925,2022-05-30 08:00:00,SELL,1858.8,1862.5092857142856,1862.5092857142856,1851.3814285714286,0.1,-37.792857142856704,-370.928571428567,-1.0,SL,2022Q2,2022,4
2555,50926,2022-05-30 08:30:00,50954,2022-05-31 02:00:00,SELL,1861.81,1853.6714285714286,1865.8792857142855,1853.6714285714286,0.1,80.68571428571367,813.8571428571368,1.9492666091458684,TP,2022Q2,2022,28
2556,50959,2022-05-31 04:30:00,50968,2022-05-31 09:00:00,BUY,1848.24,1854.5849999999998,1845.0675,1854.5849999999998,0.1,62.749999999997996,634.49999999998,1.9352351580570526,TP,2022Q2,2022,9
2557,50973,2022-05-31 11:30:00,50975,2022-05-31 12:30:00,SELL,1856.61,1850.2692857142856,1859.780357142857,1850.2692857142856,0.1,62.70714285714284,634.0714285714284,1.9351923288879769,TP,2022Q2,2022,2
2558,50980,2022-05-31 15:00:00,50984,2022-05-31 17:00:00,BUY,1848.95,1844.3310714285715,1844.3310714285715,1858.1878571428572,0.1,-46.88928571428569,-461.8928571428569,-1.0,SL,2022Q2,2022,4
2559,50995,2022-05-31 22:30:00,51005,2022-06-01 04:30:00,BUY,1840.1,1833.8096428571428,1833.8096428571428,1852.6807142857142,0.1,-63.60357142857147,-629.0357142857147,-1.0,SL,2022Q2,2022,10
2560,51006,2022-06-01 05:00:00,51011,2022-06-01 07:30:00,BUY,1835.35,1832.107857142857,1832.107857142857,1841.8342857142857,0.1,-33.12142857142881,-324.21428571428805,-1.0,SL,2022Q2,2022,5
2561,51012,2022-06-01 08:00:00,51012,2022-06-01 08:00:00,BUY,1833.66,1830.7264285714286,1830.7264285714286,1839.527142857143,0.1,-30.035714285714402,-293.357142857144,-1.0,SL,2022Q2,2022,0
2562,51014,2022-06-01 09:00:00,51020,2022-06-01 12:00:00,BUY,1832.6,1829.1939285714284,1829.1939285714284,1839.4121428571427,0.1,-34.760714285715224,-340.6071428571522,-1.0,SL,2022Q2,2022,6
2563,51030,2022-06-01 17:00:00,51061,2022-06-02 09:30:00,SELL,1845.18,1851.9353571428571,1851.9353571428571,1831.6692857142857,0.1,-68.25357142857065,-675.5357142857065,-1.0,SL,2022Q2,2022,31
2564,51063,2022-06-02 10:30:00,51066,2022-06-02 12:00:00,SELL,1849.8,1852.9424999999999,1852.9424999999999,1843.5149999999999,0.1,-32.124999999999275,-314.2499999999927,-1.0,SL,2022Q2,2022,3
2565,51068,2022-06-02 13:00:00,51069,2022-06-02 13:30:00,SELL,1853.86,1857.0989285714286,1857.0989285714286,1847.3821428571428,0.1,-33.08928571428687,-323.8928571428687,-1.0,SL,2022Q2,2022,1
2566,51070,2022-06-02 14:00:00,51072,2022-06-02 15:00:00,SELL,1855.05,1858.5192857142856,1858.5192857142856,1848.1114285714284,0.1,-35.39285714285661,-346.9285714285661,-1.0,SL,2022Q2,2022,2
2567,51073,2022-06-02 15:30:00,51074,2022-06-02 16:00:00,SELL,1855.76,1859.4189285714285,1859.4189285714285,1848.4421428571427,0.1,-37.28928571428533,-365.89285714285325,-1.0,SL,2022Q2,2022,1
2568,51077,2022-06-02 17:30:00,51092,2022-06-03 02:00:00,SELL,1865.47,1870.7564285714286,1870.7564285714286,1854.8971428571429,0.1,-53.56428571428587,-528.6428571428587,-1.0,SL,2022Q2,2022,15
2569,51093,2022-06-03 02:30:00,51095,2022-06-03 03:30:00,SELL,1869.67,1872.1857142857143,1872.1857142857143,1864.6385714285716,0.1,-25.85714285714239,-251.5714285714239,-1.0,SL,2022Q2,2022,2
2570,51104,2022-06-03 08:00:00,51108,2022-06-03 10:00:00,BUY,1868.06,1865.2560714285714,1865.2560714285714,1873.667857142857,0.1,-28.739285714285142,-280.3928571428514,-1.0,SL,2022Q2,2022,4
2571,51109,2022-06-03 10:30:00,51118,2022-06-03 15:00:00,BUY,1866.15,1862.8660714285716,1862.8660714285716,1872.7178571428572,0.1,-33.53928571428533,-328.39285714285325,-1.0,SL,2022Q2,2022,9
2572,51119,2022-06-03 15:30:00,51119,2022-06-03 15:30:00,BUY,1863.56,1860.0242857142857,1860.0242857142857,1870.6314285714284,0.1,-36.05714285714221,-353.5714285714221,-1.0,SL,2022Q2,2022,0
2573,51126,2022-06-03 19:00:00,51169,2022-06-06 17:30:00,BUY,1852.05,1846.0339285714285,1846.0339285714285,1864.0821428571428,0.1,-60.860714285714224,-601.6071428571422,-1.0,SL,2022Q2,2022,43
2574,51170,2022-06-06 18:00:00,51170,2022-06-06 18:00:00,BUY,1848.38,1843.8017857142859,1843.8017857142859,1857.5364285714286,0.1,-46.48214285714239,-457.8214285714239,-1.0,SL,2022Q2,2022,0
2575,51173,2022-06-06 19:30:00,51188,2022-06-07 04:00:00,BUY,1842.6,1837.4421428571427,1837.4421428571427,1852.915714285714,0.1,-52.27857142857211,-515.785714285721,-1.0,SL,2022Q2,2022,15
2576,51189,2022-06-07 04:30:00,51200,2022-06-07 10:00:00,BUY,1839.07,1844.4399999999998,1836.385,1844.4399999999998,0.1,52.999999999998906,536.9999999999891,1.9237749546279477,TP,2022Q2,2022,11
2577,51202,2022-06-07 11:00:00,51203,2022-06-07 11:30:00,SELL,1842.01,1846.1189285714286,1846.1189285714286,1833.7921428571428,0.1,-41.78928571428578,-410.8928571428578,-1.0,SL,2022Q2,2022,1
2578,51205,2022-06-07 12:30:00,51213,2022-06-07 16:30:00,SELL,1848.02,1852.5328571428572,1852.5328571428572,1838.9942857142855,0.1,-45.82857142857229,-451.28571428572286,-1.0,SL,2022Q2,2022,8
2579,51214,2022-06-07 17:00:00,51262,2022-06-08 18:00:00,SELL,1851.37,1856.9639285714286,1856.9639285714286,1840.1821428571427,0.1,-56.639285714287055,-559.3928571428705,-1.0,SL,2022Q2,2022,48
2580,51264,2022-06-08 19:00:00,51300,2022-06-09 14:00:00,SELL,1858.25,1847.135,1863.8075000000001,1847.135,0.1,110.45000000000009,1111.500000000001,1.96268325188801,TP,2022Q2,2022,36
2581,51301,2022-06-09 14:30:00,51301,2022-06-09 14:30:00,BUY,1848.44,1844.7939285714288,1844.7939285714288,1855.7321428571427,0.1,-37.16071428571304,-364.6071428571304,-1.0,SL,2022Q2,2022,0
2582,51303,2022-06-09 15:30:00,51306,2022-06-09 17:00:00,BUY,1849.41,1844.6925,1844.6925,1858.845,0.1,-47.87499999999973,-471.74999999999727,-1.0,SL,2022Q2,2022,3
2583,51331,2022-06-10 06:30:00,51342,2022-06-10 12:00:00,BUY,1845.34,1843.0460714285714,1843.0460714285714,1849.9278571428572,0.1,-23.639285714285233,-229.39285714285234,-1.0,SL,2022Q2,2022,11
2584,51344,2022-06-10 13:00:00,51346,2022-06-10 14:00:00,BUY,1843.01,1839.8557142857144,1839.8557142857144,1849.3185714285714,0.1,-32.24285714285607,-315.42857142856064,-1.0,SL,2022Q2,2022,2
2585,51350,2022-06-10 16:00:00,51350,2022-06-10 16:00:00,BUY,1838.38,1832.1560714285715,1832.1560714285715,1850.8278571428573,0.1,-62.93928571428587,-622.3928571428587,-1.0,SL,2022Q2,2022,0
2586,51358,2022-06-10 20:00:00,51395,2022-06-13 15:30:00,SELL,1871.67,1845.855,1884.5775,1845.855,0.1,257.45000000000056,2581.5000000000055,1.9838181467925258,TP,2022Q2,2022,37
2587,51400,2022-06-13 18:00:00,51412,2022-06-14 01:00:00,BUY,1827.65,1818.815,1818.815,1845.3200000000002,0.1,-89.05000000000037,-883.5000000000036,-1.0,SL,2022Q2,2022,12
2588,51428,2022-06-14 09:00:00,51430,2022-06-14 10:00:00,SELL,1827.82,1831.6867857142856,1831.6867857142856,1820.0864285714288,0.1,-39.36785714285698,-386.67857142856974,-1.0,SL,2022Q2,2022,2
2589,51431,2022-06-14 10:30:00,51436,2022-06-14 13:00:00,SELL,1828.55,1820.69,1832.4799999999998,1820.69,0.1,77.899999999999,785.99999999999,1.9475000000000544,TP,2022Q2,2022,5
2590,51438,2022-06-14 14:00:00,51439,2022-06-14 14:30:00,BUY,1824.82,1819.6825,1819.6825,1835.0949999999998,0.1,-52.07500000000046,-513.7500000000045,-1.0,SL,2022Q2,2022,1
2591,51441,2022-06-14 15:30:00,51444,2022-06-14 17:00:00,BUY,1820.05,1813.6996428571429,1813.6996428571429,1832.7507142857144,0.1,-64.20357142857092,-635.0357142857092,-1.0,SL,2022Q2,2022,3
2592,51446,2022-06-14 18:00:00,51453,2022-06-14 21:30:00,BUY,1814.23,1807.33,1807.33,1828.0300000000002,0.1,-69.70000000000091,-690.0000000000091,-1.0,SL,2022Q2,2022,7
2593,51455,2022-06-14 22:30:00,51467,2022-06-15 05:30:00,BUY,1807.88,1818.5814285714287,1802.5292857142858,1818.5814285714287,0.1,106.3142857142855,1070.142857142855,1.9612597180129132,TP,2022Q2,2022,12
2594,51468,2022-06-15 06:00:00,51475,2022-06-15 09:30:00,SELL,1817.26,1820.9532142857142,1820.9532142857142,1809.8735714285713,0.1,-37.63214285714248,-369.3214285714248,-1.0,SL,2022Q2,2022,7
2595,51478,2022-06-15 11:00:00,51481,2022-06-15 12:30:00,SELL,1820.68,1825.3010714285715,1825.3010714285715,1811.4378571428572,0.1,-46.910714285714405,-462.107142857144,-1.0,SL,2022Q2,2022,3
2596,51483,2022-06-15 13:30:00,51484,2022-06-15 14:00:00,SELL,1825.42,1830.4428571428573,1830.4428571428573,1815.3742857142859,0.1,-50.9285714285722,-502.28571428572195,-1.0,SL,2022Q2,2022,1
2597,51486,2022-06-15 15:00:00,51496,2022-06-15 20:00:00,SELL,1830.99,1818.6514285714286,1837.1592857142857,1818.6514285714286,0.1,122.68571428571413,1233.8571428571413,1.9663423010875785,TP,2022Q2,2022,10
2598,51498,2022-06-15 21:00:00,51498,2022-06-15 21:00:00,BUY,1821.26,1813.8799999999999,1813.8799999999999,1836.02,0.1,-74.5000000000011,-738.0000000000109,-1.0,SL,2022Q2,2022,0
2599,51499,2022-06-15 21:30:00,51499,2022-06-15 21:30:00,BUY,1823.03,1838.8892857142857,1815.100357142857,1838.8892857142857,0.1,157.89285714285762,1585.928571428576,1.973748828072682,TP,2022Q2,2022,0
2600,51500,2022-06-15 22:00:00,51500,2022-06-15 22:00:00,SELL,1830.77,1840.49,1840.49,1811.33,0.1,-97.90000000000028,-972.0000000000027,-1.0,SL,2022Q2,2022,0
2601,51522,2022-06-16 10:00:00,51522,2022-06-16 10:00:00,BUY,1830.31,1826.4517857142857,1826.4517857142857,1838.0264285714284,0.1,-39.28214285714212,-385.82142857142117,-1.0,SL,2022Q2,2022,0
2602,51523,2022-06-16 10:30:00,51528,2022-06-16 13:00:00,BUY,1829.03,1825.1225,1825.1225,1836.8449999999998,0.1,-39.775000000000276,-390.75000000000273,-1.0,SL,2022Q2,2022,5
2603,51531,2022-06-16 14:30:00,51531,2022-06-16 14:30:00,BUY,1822.8,1816.1292857142857,1816.1292857142857,1836.1414285714284,0.1,-67.40714285714212,-667.0714285714212,-1.0,SL,2022Q2,2022,0
2604,51560,2022-06-17 06:00:00,51579,2022-06-17 15:30:00,BUY,1843.9,1852.497142857143,1839.6014285714286,1852.497142857143,0.1,85.27142857142898,859.7142857142899,1.9519293655984304,TP,2022Q2,2022,19
2605,51580,2022-06-17 16:00:00,51582,2022-06-17 17:00:00,SELL,1851.26,1841.199285714286,1856.2903571428571,1841.199285714286,0.1,99.90714285714084,1006.0714285714084,1.9588264127161517,TP,2022Q2,2022,2
2606,51607,2022-06-20 06:30:00,51654,2022-06-21 09:30:00,SELL,1842.77,1833.23,1847.54,1833.23,0.1,94.69999999999963,953.9999999999964,1.9566115702479336,TP,2022Q2,2022,47
2607,51655,2022-06-21 10:00:00,51664,2022-06-21 14:30:00,BUY,1834.54,1831.345,1831.345,1840.9299999999998,0.1,-32.649999999999366,-319.49999999999363,-1.0,SL,2022Q2,2022,9
2608,51665,2022-06-21 15:00:00,51670,2022-06-21 17:30:00,BUY,1833.67,1843.42,1828.795,1843.42,0.1,96.8,975.0,1.9575328614762384,TP,2022Q2,2022,5
2609,51671,2022-06-21 18:00:00,51687,2022-06-22 03:00:00,SELL,1839.47,1828.1792857142857,1845.1153571428572,1828.1792857142857,0.1,112.2071428571433,1129.071428571433,1.96325688933325,TP,2022Q2,2022,16
2610,51688,2022-06-22 03:30:00,51692,2022-06-22 05:30:00,BUY,1829.34,1825.5310714285713,1825.5310714285713,1836.957857142857,0.1,-38.78928571428624,-380.89285714286234,-1.0,SL,2022Q2,2022,4
2611,51693,2022-06-22 06:00:00,51701,2022-06-22 10:00:00,BUY,1827.95,1823.9203571428573,1823.9203571428573,1836.0092857142859,0.1,-40.9964285714279,-402.96428571427896,-1.0,SL,2022Q2,2022,8
2612,51702,2022-06-22 10:30:00,51703,2022-06-22 11:00:00,BUY,1828.47,1824.5678571428573,1824.5678571428573,1836.2742857142857,0.1,-39.72142857142735,-390.2142857142735,-1.0,SL,2022Q2,2022,1
2613,51704,2022-06-22 11:30:00,51709,2022-06-22 14:00:00,BUY,1824.53,1832.627857142857,1820.4810714285713,1832.627857142857,0.1,80.27857142857037,809.7857142857038,1.949015867510567,TP,2022Q2,2022,5
2614,51715,2022-06-22 17:00:00,51753,2022-06-23 13:00:00,SELL,1844.25,1828.4035714285715,1852.1732142857143,1828.4035714285715,0.1,157.76428571428534,1584.6428571428532,1.9737277154729458,TP,2022Q2,2022,38
2615,51757,2022-06-23 15:00:00,51760,2022-06-23 16:30:00,BUY,1829.57,1839.1785714285716,1824.765714285714,1839.1785714285716,0.1,95.38571428571622,960.8571428571622,1.9569167643610337,TP,2022Q2,2022,3
2616,51782,2022-06-24 04:30:00,51805,2022-06-24 16:00:00,BUY,1824.69,1820.9603571428572,1820.9603571428572,1832.1492857142857,0.1,-37.99642857142835,-372.9642857142835,-1.0,SL,2022Q2,2022,23
2617,51806,2022-06-24 16:30:00,51821,2022-06-27 01:00:00,BUY,1826.19,1838.6185714285714,1819.9757142857143,1838.6185714285714,0.1,123.58571428571331,1242.857142857133,1.966583314389598,TP,2022Q2,2022,15
2618,51840,2022-06-27 10:30:00,51849,2022-06-27 15:00:00,SELL,1837.44,1830.6707142857142,1840.8246428571429,1830.6707142857142,0.1,66.99285714285843,676.9285714285843,1.9392122402564484,TP,2022Q2,2022,9
2619,51851,2022-06-27 16:00:00,51853,2022-06-27 17:00:00,BUY,1832.02,1827.097857142857,1827.097857142857,1841.8642857142856,0.1,-49.921428571429445,-492.2142857142944,-1.0,SL,2022Q2,2022,2
2620,51881,2022-06-28 08:00:00,51883,2022-06-28 09:00:00,SELL,1825.32,1827.7264285714284,1827.7264285714284,1820.5071428571428,0.1,-24.764285714284778,-240.6428571428478,-1.0,SL,2022Q2,2022,2
2621,51885,2022-06-28 10:00:00,51893,2022-06-28 14:00:00,SELL,1826.91,1821.302142857143,1829.7139285714286,1821.302142857143,0.1,55.37857142857028,560.7857142857029,1.926929290418788,TP,2022Q2,2022,8
2622,51894,2022-06-28 14:30:00,51898,2022-06-28 16:30:00,BUY,1823.45,1820.0032142857144,1820.0032142857144,1830.3435714285713,0.1,-35.16785714285625,-344.67857142856246,-1.0,SL,2022Q2,2022,4
2623,51899,2022-06-28 17:00:00,51930,2022-06-29 09:30:00,BUY,1821.23,1816.1857142857143,1816.1857142857143,1831.3185714285714,0.1,-51.14285714285707,-504.42857142857065,-1.0,SL,2022Q2,2022,31
2624,51934,2022-06-29 11:30:00,51936,2022-06-29 12:30:00,BUY,1816.51,1813.6075,1813.6075,1822.315,0.1,-29.72499999999918,-290.2499999999918,-1.0,SL,2022Q2,2022,2
2625,51942,2022-06-29 15:30:00,51942,2022-06-29 15:30:00,SELL,1826.81,1831.607857142857,1831.607857142857,1817.2142857142858,0.1,-48.678571428570834,-479.7857142857083,-1.0,SL,2022Q2,2022,0
2626,51969,2022-06-30 06:00:00,51972,2022-06-30 07:30:00,SELL,1819.79,1815.5407142857143,1821.9146428571428,1815.5407142857143,0.1,41.792857142856334,424.9285714285634,1.9043124491456451,TP,2022Q2,2022,3
2627,51973,2022-06-30 08:00:00,51978,2022-06-30 10:30:00,BUY,1816.24,1813.96,1813.96,1820.8,0.1,-23.499999999999726,-227.99999999999727,-1.0,SL,2022Q2,2022,5
2628,51979,2022-06-30 11:00:00,51982,2022-06-30 12:30:00,BUY,1815.19,1812.1492857142857,1812.1492857142857,1821.2714285714287,0.1,-31.107142857143298,-304.071428571433,-1.0,SL,2022Q2,2022,3
2629,51983,2022-06-30 13:00:00,51985,2022-06-30 14:00:00,BUY,1813.15,1809.6464285714287,1809.6464285714287,1820.157142857143,0.1,-35.73571428571377,-350.35714285713766,-1.0,SL,2022Q2,2022,2
2630,51986,2022-06-30 14:30:00,51986,2022-06-30 14:30:00,BUY,1810.64,1806.7667857142858,1806.7667857142858,1818.3864285714287,0.1,-39.43214285714312,-387.32142857143117,-1.0,SL,2022Q2,2022,0
2631,52011,2022-07-01 04:00:00,52015,2022-07-01 06:00:00,BUY,1806.52,1803.2285714285713,1803.2285714285713,1813.1028571428574,0.1,-33.614285714286964,-329.1428571428696,-1.0,SL,2022Q3,2022,4
2632,52018,2022-07-01 07:30:00,52020,2022-07-01 08:30:00,BUY,1802.1,1799.1374999999998,1799.1374999999998,1808.025,0.1,-30.32500000000091,-296.2500000000091,-1.0,SL,2022Q3,2022,2
2633,52024,2022-07-01 10:30:00,52025,2022-07-01 11:00:00,BUY,1797.63,1793.3667857142857,1793.3667857142857,1806.1564285714287,0.1,-43.33214285714412,-426.3214285714412,-1.0,SL,2022Q3,2022,1
2634,52032,2022-07-01 14:30:00,52032,2022-07-01 14:30:00,BUY,1790.3,1785.0874999999999,1785.0874999999999,1800.725,0.1,-52.82500000000091,-521.2500000000091,-1.0,SL,2022Q3,2022,0
2635,52033,2022-07-01 15:00:00,52033,2022-07-01 15:00:00,BUY,1790.37,1784.7642857142855,1784.7642857142855,1801.5814285714284,0.1,-56.75714285714385,-560.5714285714384,-1.0,SL,2022Q3,2022,0
2636,52034,2022-07-01 15:30:00,52037,2022-07-01 17:00:00,BUY,1786.49,1798.6785714285713,1780.3957142857143,1798.6785714285713,0.1,121.18571428571322,1218.8571428571322,1.9659327925840089,TP,2022Q3,2022,3
2637,52038,2022-07-01 17:30:00,52039,2022-07-01 18:00:00,SELL,1800.5,1808.3482142857142,1808.3482142857142,1784.8035714285713,0.1,-79.18214285714221,-784.8214285714221,-1.0,SL,2022Q3,2022,1
2638,52041,2022-07-01 19:00:00,52123,2022-07-05 16:30:00,SELL,1806.23,1789.0057142857142,1814.8421428571428,1789.0057142857142,0.1,171.5428571428577,1722.428571428577,1.9758124228712723,TP,2022Q3,2022,82
2639,52128,2022-07-05 19:00:00,52167,2022-07-06 15:30:00,BUY,1768.99,1759.4864285714286,1759.4864285714286,1787.997142857143,0.1,-95.73571428571377,-950.3571428571377,-1.0,SL,2022Q3,2022,39
2640,52168,2022-07-06 16:00:00,52169,2022-07-06 16:30:00,BUY,1765.21,1759.0567857142858,1759.0567857142858,1777.5164285714286,0.1,-62.23214285714285,-615.3214285714284,-1.0,SL,2022Q3,2022,1
2641,52170,2022-07-06 17:00:00,52170,2022-07-06 17:00:00,BUY,1758.48,1751.649642857143,1751.649642857143,1772.1407142857142,0.1,-69.0035714285711,-683.035714285711,-1.0,SL,2022Q3,2022,0
2642,52175,2022-07-06 19:30:00,52295,2022-07-11 10:30:00,BUY,1734.68,1736.7,1725.539642857143,1752.9607142857144,0.1,19.49999999999982,201.99999999999818,0.21171817441544846,TIME_EXIT,2022Q3,2022,120
2643,52301,2022-07-11 13:30:00,52307,2022-07-11 16:30:00,BUY,1736.05,1742.4742857142855,1732.837857142857,1742.4742857142855,0.1,63.54285714285588,642.4285714285588,1.9360174102284406,TP,2022Q3,2022,6
2644,52316,2022-07-11 21:00:00,52328,2022-07-12 04:00:00,BUY,1736.25,1730.8189285714286,1730.8189285714286,1747.1121428571428,0.1,-55.01071428571386,-543.1071428571386,-1.0,SL,2022Q3,2022,12
2645,52330,2022-07-12 05:00:00,52343,2022-07-12 11:30:00,SELL,1734.38,1738.9389285714287,1738.9389285714287,1725.262142857143,0.1,-46.28928571428624,-455.89285714286234,-1.0,SL,2022Q3,2022,13
2646,52362,2022-07-12 21:00:00,52397,2022-07-13 15:30:00,BUY,1727.35,1721.3917857142856,1721.3917857142856,1739.2664285714286,0.1,-60.282142857143484,-595.8214285714348,-1.0,SL,2022Q3,2022,35
2647,52403,2022-07-13 18:30:00,52432,2022-07-14 10:00:00,SELL,1738.68,1718.419285714286,1748.8103571428571,1718.419285714286,0.1,201.9071428571413,2026.071428571413,1.9794124855572284,TP,2022Q3,2022,29
2648,52437,2022-07-14 12:30:00,52439,2022-07-14 13:30:00,BUY,1716.12,1710.8517857142856,1710.8517857142856,1726.6564285714285,0.1,-53.38214285714294,-526.8214285714294,-1.0,SL,2022Q3,2022,2
2649,52441,2022-07-14 14:30:00,52443,2022-07-14 15:30:00,BUY,1715.04,1709.1000000000001,1709.1000000000001,1726.9199999999998,0.1,-60.099999999998275,-593.9999999999827,-1.0,SL,2022Q3,2022,2
2650,52490,2022-07-15 16:00:00,52491,2022-07-15 16:30:00,BUY,1707.69,1702.1539285714287,1702.1539285714287,1718.762142857143,0.1,-56.06071428571404,-553.6071428571404,-1.0,SL,2022Q3,2022,1
2651,52493,2022-07-15 17:30:00,52524,2022-07-18 10:00:00,BUY,1706.0,1719.6200000000001,1699.1899999999998,1719.6200000000001,0.1,135.5000000000012,1362.0000000000118,1.9694767441860144,TP,2022Q3,2022,31
2652,52526,2022-07-18 11:00:00,52529,2022-07-18 12:30:00,SELL,1718.57,1723.1717857142858,1723.1717857142858,1709.3664285714285,0.1,-46.71785714285825,-460.1785714285825,-1.0,SL,2022Q3,2022,3
2653,52535,2022-07-18 15:30:00,52549,2022-07-18 22:30:00,BUY,1712.45,1707.2728571428572,1707.2728571428572,1722.8042857142857,0.1,-52.47142857142826,-517.7142857142826,-1.0,SL,2022Q3,2022,14
2654,52550,2022-07-18 23:00:00,52577,2022-07-19 13:30:00,BUY,1707.6,1716.84,1702.9799999999998,1716.84,0.1,91.70000000000009,924.0000000000009,1.9552238805969675,TP,2022Q3,2022,27
2655,52579,2022-07-19 14:30:00,52580,2022-07-19 15:00:00,SELL,1716.28,1708.8700000000001,1719.985,1708.8700000000001,0.1,73.39999999999854,740.9999999999854,1.944370860927151,TP,2022Q3,2022,1
2656,52611,2022-07-20 07:30:00,52614,2022-07-20 09:00:00,SELL,1712.13,1706.837142857143,1714.7764285714286,1706.837142857143,0.1,52.22857142857201,529.2857142857201,1.922692611096584,TP,2022Q3,2022,3
2657,52616,2022-07-20 10:00:00,52621,2022-07-20 12:30:00,BUY,1707.46,1713.717142857143,1704.3314285714287,1713.717142857143,0.1,61.8714285714298,625.7142857142981,1.9343456900402665,TP,2022Q3,2022,5
2658,52622,2022-07-20 13:00:00,52635,2022-07-20 19:30:00,SELL,1712.87,1706.100714285714,1716.2546428571427,1706.100714285714,0.1,66.99285714285843,676.9285714285843,1.9392122402564484,TP,2022Q3,2022,13
2659,52639,2022-07-20 21:30:00,52641,2022-07-20 22:30:00,BUY,1702.78,1697.1817857142858,1697.1817857142858,1713.9764285714286,0.1,-56.68214285714221,-559.8214285714221,-1.0,SL,2022Q3,2022,2
2660,52649,2022-07-21 03:30:00,52660,2022-07-21 09:00:00,BUY,1693.93,1689.9089285714285,1689.9089285714285,1701.972142857143,0.1,-40.910714285715315,-402.1071428571531,-1.0,SL,2022Q3,2022,11
2661,52663,2022-07-21 10:30:00,52665,2022-07-21 11:30:00,BUY,1691.03,1687.0710714285715,1687.0710714285715,1698.9478571428572,0.1,-40.28928571428487,-395.8928571428487,-1.0,SL,2022Q3,2022,2
2662,52667,2022-07-21 12:30:00,52671,2022-07-21 14:30:00,BUY,1685.27,1680.887857142857,1680.887857142857,1694.0342857142857,0.1,-44.52142857142981,-438.21428571429806,-1.0,SL,2022Q3,2022,4
2663,52672,2022-07-21 15:00:00,52673,2022-07-21 15:30:00,BUY,1684.92,1694.9335714285714,1679.9132142857143,1694.9335714285714,0.1,99.43571428571367,1001.3571428571368,1.958635244460033,TP,2022Q3,2022,1
2664,52675,2022-07-21 16:30:00,52675,2022-07-21 16:30:00,SELL,1698.34,1707.3239285714285,1707.3239285714285,1680.3721428571428,0.1,-90.53928571428578,-898.3928571428578,-1.0,SL,2022Q3,2022,0
2665,52679,2022-07-21 18:30:00,52712,2022-07-22 12:00:00,SELL,1710.95,1722.1207142857143,1722.1207142857143,1688.6085714285716,0.1,-112.40714285714212,-1117.0714285714212,-1.0,SL,2022Q3,2022,33
2666,52723,2022-07-22 17:30:00,52769,2022-07-25 17:30:00,SELL,1732.01,1716.7035714285714,1739.6632142857143,1716.7035714285714,0.1,152.3642857142857,1530.6428571428569,1.9728092485549134,TP,2022Q3,2022,46
2667,52790,2022-07-26 05:00:00,52804,2022-07-26 12:00:00,SELL,1726.93,1720.627857142857,1730.0810714285715,1720.627857142857,0.1,62.32142857143053,630.2142857143053,1.93480430202912,TP,2022Q3,2022,14
2668,52807,2022-07-26 13:30:00,52810,2022-07-26 15:00:00,BUY,1719.02,1714.9475,1714.9475,1727.165,0.1,-41.42499999999991,-407.2499999999991,-1.0,SL,2022Q3,2022,3
2669,52811,2022-07-26 15:30:00,52859,2022-07-27 16:30:00,BUY,1717.55,1712.8839285714284,1712.8839285714284,1726.8821428571428,0.1,-47.36071428571513,-466.6071428571513,-1.0,SL,2022Q3,2022,48
2670,52860,2022-07-27 17:00:00,52868,2022-07-27 21:00:00,BUY,1714.93,1724.9350000000002,1709.9275,1724.9350000000002,0.1,99.35000000000109,1000.5000000000109,1.9586002957121738,TP,2022Q3,2022,8
2671,52871,2022-07-27 22:30:00,52894,2022-07-28 11:00:00,SELL,1738.03,1745.605,1745.605,1722.8799999999999,0.1,-76.45000000000046,-757.5000000000045,-1.0,SL,2022Q3,2022,23
2672,52904,2022-07-28 16:00:00,52904,2022-07-28 16:00:00,SELL,1744.49,1751.0021428571429,1751.0021428571429,1731.4657142857143,0.1,-65.82142857142863,-651.2142857142862,-1.0,SL,2022Q3,2022,0
2673,52906,2022-07-28 17:00:00,52930,2022-07-29 06:00:00,SELL,1751.22,1759.3992857142857,1759.3992857142857,1734.8614285714286,0.1,-82.49285714285698,-817.9285714285697,-1.0,SL,2022Q3,2022,24
2674,52936,2022-07-29 09:00:00,52936,2022-07-29 09:00:00,SELL,1763.49,1766.9903571428572,1766.9903571428572,1756.4892857142859,0.1,-35.703571428571834,-350.0357142857183,-1.0,SL,2022Q3,2022,0
2675,52951,2022-07-29 16:30:00,52951,2022-07-29 16:30:00,BUY,1758.61,1752.960357142857,1752.960357142857,1769.9092857142857,0.1,-57.19642857142908,-564.9642857142908,-1.0,SL,2022Q3,2022,0
2676,52953,2022-07-29 17:30:00,52989,2022-08-01 12:30:00,BUY,1758.0,1770.66,1751.67,1770.66,0.1,125.90000000000082,1266.0000000000082,1.967187500000035,TP,2022Q3,2022,36
2677,52995,2022-08-01 15:30:00,53017,2022-08-02 03:30:00,SELL,1772.3,1777.4589285714285,1777.4589285714285,1761.982142857143,0.1,-52.28928571428533,-515.8928571428532,-1.0,SL,2022Q3,2022,22
2678,53032,2022-08-02 11:00:00,53040,2022-08-02 15:00:00,BUY,1772.34,1780.9199999999998,1768.05,1780.9199999999998,0.1,85.09999999999927,857.9999999999927,1.9518348623853206,TP,2022Q3,2022,8
2679,53042,2022-08-02 16:00:00,53049,2022-08-02 19:30:00,SELL,1785.01,1774.1842857142858,1790.422857142857,1774.1842857142858,0.1,107.55714285714184,1082.5714285714184,1.9616988014590928,TP,2022Q3,2022,7
2680,53062,2022-08-03 03:00:00,53068,2022-08-03 06:00:00,BUY,1756.87,1767.5071428571428,1751.5514285714285,1767.5071428571428,0.1,105.67142857142862,1063.7142857142862,1.9610286320254506,TP,2022Q3,2022,6
2681,53074,2022-08-03 09:00:00,53090,2022-08-03 17:00:00,SELL,1769.38,1760.1142857142859,1774.0128571428572,1760.1142857142859,0.1,91.95714285714239,926.5714285714239,1.955346294046172,TP,2022Q3,2022,16
2682,53092,2022-08-03 18:00:00,53114,2022-08-04 06:00:00,BUY,1757.6,1771.2135714285714,1750.7932142857142,1771.2135714285714,0.1,135.43571428571505,1361.3571428571504,1.969462477278629,TP,2022Q3,2022,22
2683,53117,2022-08-04 07:30:00,53118,2022-08-04 08:00:00,SELL,1770.79,1773.4760714285715,1773.4760714285715,1765.417857142857,0.1,-27.560714285714948,-268.6071428571495,-1.0,SL,2022Q3,2022,1
2684,53120,2022-08-04 09:00:00,53122,2022-08-04 10:00:00,SELL,1769.71,1773.0025,1773.0025,1763.1249999999998,0.1,-33.625000000000185,-329.2500000000018,-1.0,SL,2022Q3,2022,2
2685,53124,2022-08-04 11:00:00,53125,2022-08-04 11:30:00,SELL,1772.94,1776.555,1776.555,1765.71,0.1,-36.850000000000094,-361.5000000000009,-1.0,SL,2022Q3,2022,1
2686,53129,2022-08-04 13:30:00,53130,2022-08-04 14:00:00,SELL,1779.37,1783.3889285714286,1783.3889285714286,1771.3321428571428,0.1,-40.8892857142866,-401.892857142866,-1.0,SL,2022Q3,2022,1
2687,53131,2022-08-04 14:30:00,53131,2022-08-04 14:30:00,SELL,1781.62,1786.1714285714284,1786.1714285714284,1772.5171428571427,0.1,-46.2142857142846,-455.14285714284597,-1.0,SL,2022Q3,2022,0
2688,53133,2022-08-04 15:30:00,53134,2022-08-04 16:00:00,SELL,1785.3,1775.3742857142856,1790.262857142857,1775.3742857142856,0.1,98.5571428571432,992.5714285714321,1.958274198126641,TP,2022Q3,2022,1
2689,53139,2022-08-04 18:30:00,53144,2022-08-04 21:00:00,SELL,1786.84,1793.7260714285712,1793.7260714285712,1773.067857142857,0.1,-69.56071428571313,-688.6071428571313,-1.0,SL,2022Q3,2022,5
2690,53167,2022-08-05 09:30:00,53170,2022-08-05 11:00:00,BUY,1789.57,1786.1564285714285,1786.1564285714285,1796.3971428571426,0.1,-34.83571428571459,-341.35714285714585,-1.0,SL,2022Q3,2022,3
2691,53174,2022-08-05 13:00:00,53179,2022-08-05 15:30:00,BUY,1786.77,1783.0457142857142,1783.0457142857142,1794.2185714285715,0.1,-37.942857142857704,-372.428571428577,-1.0,SL,2022Q3,2022,5
2692,53181,2022-08-05 16:30:00,53222,2022-08-08 14:00:00,BUY,1770.61,1783.0471428571427,1764.3914285714284,1783.0471428571427,0.1,123.67142857142817,1243.7142857142817,1.966606088141718,TP,2022Q3,2022,41
2693,53232,2022-08-08 19:00:00,53262,2022-08-09 11:00:00,SELL,1787.12,1791.9692857142857,1791.9692857142857,1777.4214285714284,0.1,-49.192857142857704,-484.928571428577,-1.0,SL,2022Q3,2022,30
2694,53264,2022-08-09 12:00:00,53267,2022-08-09 13:30:00,SELL,1790.25,1794.0375,1794.0375,1782.675,0.1,-38.57499999999909,-378.7499999999909,-1.0,SL,2022Q3,2022,3
2695,53268,2022-08-09 14:00:00,53272,2022-08-09 16:00:00,SELL,1790.95,1795.36,1795.36,1782.13,0.1,-44.79999999999855,-440.99999999998545,-1.0,SL,2022Q3,2022,4
2696,53274,2022-08-09 17:00:00,53317,2022-08-10 15:30:00,SELL,1797.44,1803.0392857142856,1803.0392857142856,1786.2414285714287,0.1,-56.69285714285543,-559.9285714285543,-1.0,SL,2022Q3,2022,43
2697,53341,2022-08-11 04:30:00,53342,2022-08-11 05:00:00,BUY,1789.0,1785.7492857142856,1785.7492857142856,1795.5014285714285,0.1,-33.207142857143666,-325.0714285714366,-1.0,SL,2022Q3,2022,1
2698,53343,2022-08-11 05:30:00,53343,2022-08-11 05:30:00,BUY,1787.49,1784.6475,1784.6475,1793.175,0.1,-29.124999999999726,-284.24999999999727,-1.0,SL,2022Q3,2022,0
2699,53344,2022-08-11 06:00:00,53358,2022-08-11 13:00:00,BUY,1785.53,1791.1999999999998,1782.695,1791.1999999999998,0.1,55.99999999999845,566.9999999999845,1.9277108433734165,TP,2022Q3,2022,14
2700,53360,2022-08-11 14:00:00,53361,2022-08-11 14:30:00,SELL,1790.77,1794.355,1794.355,1783.6,0.1,-36.55000000000037,-358.50000000000364,-1.0,SL,2022Q3,2022,1
2701,53364,2022-08-11 16:00:00,53368,2022-08-11 18:00:00,SELL,1796.67,1787.9442857142858,1801.0328571428572,1787.9442857142858,0.1,86.55714285714275,872.5714285714275,1.952626490493071,TP,2022Q3,2022,4
2702,53396,2022-08-12 09:00:00,53397,2022-08-12 09:30:00,SELL,1790.54,1793.4596428571429,1793.4596428571429,1784.7007142857142,0.1,-29.896428571428896,-291.96428571428896,-1.0,SL,2022Q3,2022,1
2703,53399,2022-08-12 10:30:00,53405,2022-08-12 13:30:00,SELL,1792.16,1786.0592857142858,1795.2103571428572,1786.0592857142858,0.1,60.30714285714275,610.0714285714275,1.9327000114455761,TP,2022Q3,2022,6
2704,53406,2022-08-12 14:00:00,53410,2022-08-12 16:00:00,BUY,1788.24,1795.3542857142857,1784.6828571428573,1795.3542857142857,0.1,70.44285714285643,711.4285714285643,1.942103190232435,TP,2022Q3,2022,4
2705,53411,2022-08-12 16:30:00,53418,2022-08-12 20:00:00,SELL,1794.08,1799.0664285714286,1799.0664285714286,1784.107142857143,0.1,-50.56428571428633,-498.64285714286325,-1.0,SL,2022Q3,2022,7
2706,53424,2022-08-12 23:00:00,53442,2022-08-15 09:00:00,SELL,1801.3,1791.88,1806.01,1791.88,0.1,93.49999999999845,941.9999999999845,1.956066945606647,TP,2022Q3,2022,18
2707,53444,2022-08-15 10:00:00,53444,2022-08-15 10:00:00,BUY,1791.84,1788.9846428571427,1788.9846428571427,1797.5507142857143,0.1,-29.253571428572013,-285.53571428572013,-1.0,SL,2022Q3,2022,0
2708,53447,2022-08-15 11:30:00,53447,2022-08-15 11:30:00,BUY,1786.65,1783.5814285714287,1783.5814285714287,1792.787142857143,0.1,-31.38571428571431,-306.8571428571431,-1.0,SL,2022Q3,2022,0
2709,53449,2022-08-15 12:30:00,53449,2022-08-15 12:30:00,BUY,1782.71,1779.1839285714286,1779.1839285714286,1789.7621428571429,0.1,-35.96071428571413,-352.6071428571413,-1.0,SL,2022Q3,2022,0
2710,53454,2022-08-15 15:00:00,53454,2022-08-15 15:00:00,BUY,1775.27,1784.9878571428571,1770.4110714285714,1784.9878571428571,0.1,96.47857142857156,971.7857142857156,1.9573943917107455,TP,2022Q3,2022,0
2711,53497,2022-08-16 13:30:00,53501,2022-08-16 15:30:00,BUY,1774.57,1771.3739285714285,1771.3739285714285,1780.962142857143,0.1,-32.66071428571486,-319.6071428571486,-1.0,SL,2022Q3,2022,4
2712,53533,2022-08-17 08:30:00,53533,2022-08-17 08:30:00,SELL,1778.97,1781.1471428571429,1781.1471428571429,1774.6157142857144,0.1,-22.47142857142826,-217.7142857142826,-1.0,SL,2022Q3,2022,0
2713,53535,2022-08-17 09:30:00,53538,2022-08-17 11:00:00,SELL,1778.14,1772.6050000000002,1780.9075,1772.6050000000002,0.1,54.64999999999854,553.4999999999854,1.9259911894273107,TP,2022Q3,2022,3
2714,53539,2022-08-17 11:30:00,53544,2022-08-17 14:00:00,BUY,1773.76,1770.5960714285716,1770.5960714285716,1780.087857142857,0.1,-32.339285714284145,-316.3928571428414,-1.0,SL,2022Q3,2022,5
2715,53547,2022-08-17 15:30:00,53552,2022-08-17 18:00:00,BUY,1768.38,1763.8853571428572,1763.8853571428572,1777.3692857142858,0.1,-45.646428571429354,-449.4642857142935,-1.0,SL,2022Q3,2022,5
2716,53554,2022-08-17 19:00:00,53602,2022-08-18 20:00:00,BUY,1762.31,1756.0485714285714,1756.0485714285714,1774.8328571428572,0.1,-63.31428571428496,-626.1428571428496,-1.0,SL,2022Q3,2022,48
2717,53603,2022-08-18 20:30:00,53622,2022-08-19 07:00:00,BUY,1757.77,1752.8585714285714,1752.8585714285714,1767.5928571428572,0.1,-49.81428571428587,-491.1428571428587,-1.0,SL,2022Q3,2022,19
2718,53641,2022-08-19 16:30:00,53643,2022-08-19 17:30:00,SELL,1756.65,1748.745,1760.6025000000002,1748.745,0.1,78.350000000002,790.50000000002,1.9477936606587953,TP,2022Q3,2022,2
2719,53653,2022-08-19 22:30:00,53673,2022-08-22 09:30:00,BUY,1746.02,1741.859642857143,1741.859642857143,1754.3407142857143,0.1,-42.30357142857038,-416.03571428570376,-1.0,SL,2022Q3,2022,20
2720,53674,2022-08-22 10:00:00,53674,2022-08-22 10:00:00,BUY,1742.49,1739.8221428571428,1739.8221428571428,1747.8257142857144,0.1,-27.378571428572013,-266.78571428572013,-1.0,SL,2022Q3,2022,0
2721,53678,2022-08-22 12:00:00,53679,2022-08-22 12:30:00,BUY,1735.15,1731.702142857143,1731.702142857143,1742.0457142857144,0.1,-35.17857142857174,-344.7857142857174,-1.0,SL,2022Q3,2022,1
2722,53680,2022-08-22 13:00:00,53682,2022-08-22 14:00:00,BUY,1737.6,1733.4867857142856,1733.4867857142856,1745.8264285714286,0.1,-41.83214285714321,-411.3214285714321,-1.0,SL,2022Q3,2022,2
2723,53684,2022-08-22 15:00:00,53685,2022-08-22 15:30:00,BUY,1733.46,1728.7896428571428,1728.7896428571428,1742.8007142857143,0.1,-47.40357142857256,-467.0357142857256,-1.0,SL,2022Q3,2022,1
2724,53686,2022-08-22 16:00:00,53722,2022-08-23 11:00:00,BUY,1730.61,1740.795,1725.5175,1740.795,0.1,101.15000000000173,1018.5000000000173,1.9593220338983488,TP,2022Q3,2022,36
2725,53724,2022-08-23 12:00:00,53730,2022-08-23 15:00:00,SELL,1740.57,1733.277857142857,1744.2160714285715,1733.277857142857,0.1,72.22142857142835,729.2142857142835,1.9434887073521747,TP,2022Q3,2022,6
2726,53732,2022-08-23 16:00:00,53733,2022-08-23 16:30:00,BUY,1736.19,1747.2150000000001,1730.6775,1747.2150000000001,0.1,109.5500000000009,1102.500000000009,1.962382445141066,TP,2022Q3,2022,1
2727,53735,2022-08-23 17:30:00,53782,2022-08-24 18:00:00,SELL,1748.31,1755.230357142857,1755.230357142857,1734.4692857142857,0.1,-69.90357142857029,-692.0357142857029,-1.0,SL,2022Q3,2022,47
2728,53783,2022-08-24 18:30:00,53808,2022-08-25 08:00:00,SELL,1752.66,1758.3525000000002,1758.3525000000002,1741.2749999999999,0.1,-57.625000000001094,-569.2500000000109,-1.0,SL,2022Q3,2022,25
2729,53809,2022-08-25 08:30:00,53810,2022-08-25 09:00:00,SELL,1756.57,1759.2314285714285,1759.2314285714285,1751.2471428571425,0.1,-27.31428571428587,-266.1428571428587,-1.0,SL,2022Q3,2022,1
2730,53814,2022-08-25 11:00:00,53820,2022-08-25 14:00:00,SELL,1762.28,1765.5157142857145,1765.5157142857145,1755.8085714285712,0.1,-33.05714285714494,-323.57142857144936,-1.0,SL,2022Q3,2022,6
2731,53821,2022-08-25 14:30:00,53825,2022-08-25 16:30:00,SELL,1764.0,1756.4185714285713,1767.7907142857143,1756.4185714285713,0.1,75.1142857142866,758.142857142866,1.9456059204440337,TP,2022Q3,2022,4
2732,53827,2022-08-25 17:30:00,53859,2022-08-26 10:30:00,BUY,1756.59,1751.7589285714284,1751.7589285714284,1766.2521428571426,0.1,-49.01071428571477,-483.10714285714766,-1.0,SL,2022Q3,2022,32
2733,53860,2022-08-26 11:00:00,53863,2022-08-26 12:30:00,BUY,1753.24,1749.9539285714286,1749.9539285714286,1759.8121428571428,0.1,-33.56071428571404,-328.6071428571404,-1.0,SL,2022Q3,2022,3
2734,53873,2022-08-26 17:30:00,53873,2022-08-26 17:30:00,BUY,1746.25,1739.9232142857143,1739.9232142857143,1758.9035714285715,0.1,-63.96785714285734,-632.6785714285734,-1.0,SL,2022Q3,2022,0
2735,53874,2022-08-26 18:00:00,53874,2022-08-26 18:00:00,BUY,1741.66,1734.8189285714286,1734.8189285714286,1755.3421428571428,0.1,-69.11071428571468,-684.1071428571468,-1.0,SL,2022Q3,2022,0
2736,53877,2022-08-26 19:30:00,53892,2022-08-29 04:00:00,BUY,1735.32,1727.745,1727.745,1750.4699999999998,0.1,-76.45000000000046,-757.5000000000045,-1.0,SL,2022Q3,2022,15
2737,53895,2022-08-29 05:30:00,53899,2022-08-29 07:30:00,BUY,1726.91,1722.5578571428573,1722.5578571428573,1735.6142857142859,0.1,-44.22142857142781,-435.21428571427805,-1.0,SL,2022Q3,2022,4
2738,53906,2022-08-29 11:00:00,53914,2022-08-29 15:00:00,BUY,1721.75,1730.345,1717.4524999999999,1730.345,0.1,85.25000000000027,859.5000000000027,1.9519175729822045,TP,2022Q3,2022,8
2739,53919,2022-08-29 17:30:00,53950,2022-08-30 10:00:00,SELL,1740.75,1729.4378571428574,1746.4060714285713,1729.4378571428574,0.1,112.42142857142589,1131.214285714259,1.9633256408657134,TP,2022Q3,2022,31
2740,53962,2022-08-30 16:00:00,53964,2022-08-30 17:00:00,BUY,1730.71,1725.9207142857144,1725.9207142857144,1740.2885714285715,0.1,-48.592857142855976,-478.92857142855974,-1.0,SL,2022Q3,2022,2
2741,53986,2022-08-31 05:00:00,53996,2022-08-31 10:00:00,BUY,1723.03,1720.8389285714286,1720.8389285714286,1727.4121428571427,0.1,-22.610714285713765,-219.10714285713766,-1.0,SL,2022Q3,2022,10
2742,53997,2022-08-31 10:30:00,53998,2022-08-31 11:00:00,BUY,1721.28,1718.1932142857142,1718.1932142857142,1727.4535714285712,0.1,-31.567857142857246,-308.67857142857247,-1.0,SL,2022Q3,2022,1
2743,54003,2022-08-31 13:30:00,54010,2022-08-31 17:00:00,BUY,1711.87,1720.2678571428569,1707.6710714285714,1720.2678571428569,0.1,83.27857142856992,839.7857142856992,1.95080732870409,TP,2022Q3,2022,7
2744,54023,2022-08-31 23:30:00,54024,2022-09-01 01:00:00,BUY,1710.66,1705.6960714285715,1705.6960714285715,1720.5878571428575,0.1,-50.339285714285964,-496.3928571428596,-1.0,SL,2022Q3,2022,1
2745,54025,2022-09-01 01:30:00,54029,2022-09-01 03:30:00,BUY,1709.89,1705.8828571428571,1705.8828571428571,1717.904285714286,0.1,-40.77142857142981,-400.71428571429806,-1.0,SL,2022Q3,2022,4
2746,54030,2022-09-01 04:00:00,54032,2022-09-01 05:00:00,BUY,1706.11,1702.4146428571428,1702.4146428571428,1713.5007142857141,0.1,-37.6535714285712,-369.53571428571195,-1.0,SL,2022Q3,2022,2
2747,54033,2022-09-01 05:30:00,54044,2022-09-01 11:00:00,BUY,1705.2,1701.482142857143,1701.482142857143,1712.6357142857141,0.1,-37.87857142857156,-371.7857142857156,-1.0,SL,2022Q3,2022,11
2748,54045,2022-09-01 11:30:00,54052,2022-09-01 15:00:00,BUY,1703.77,1699.8582142857142,1699.8582142857142,1711.5935714285715,0.1,-39.817857142857704,-391.178571428577,-1.0,SL,2022Q3,2022,7
2749,54053,2022-09-01 15:30:00,54053,2022-09-01 15:30:00,BUY,1703.41,1698.5157142857145,1698.5157142857145,1713.1985714285715,0.1,-49.64285714285616,-489.42857142856155,-1.0,SL,2022Q3,2022,0
2750,54054,2022-09-01 16:00:00,54055,2022-09-01 16:30:00,BUY,1701.23,1695.6564285714287,1695.6564285714287,1712.3771428571429,0.1,-56.43571428571313,-557.3571428571313,-1.0,SL,2022Q3,2022,1
2751,54056,2022-09-01 17:00:00,54056,2022-09-01 17:00:00,BUY,1698.83,1692.9575,1692.9575,1710.5749999999998,0.1,-59.42499999999946,-587.2499999999945,-1.0,SL,2022Q3,2022,0
2752,54057,2022-09-01 17:30:00,54057,2022-09-01 17:30:00,BUY,1696.0,1689.495357142857,1689.495357142857,1709.0092857142856,0.1,-65.74642857142926,-650.4642857142926,-1.0,SL,2022Q3,2022,0
2753,54058,2022-09-01 18:00:00,54093,2022-09-02 12:30:00,BUY,1692.42,1706.58,1685.3400000000001,1706.58,0.1,140.89999999999856,1415.9999999999854,1.9706293706293705,TP,2022Q3,2022,35
2754,54095,2022-09-02 13:30:00,54099,2022-09-02 15:30:00,SELL,1705.23,1707.975,1707.975,1699.74,0.1,-28.149999999998908,-274.4999999999891,-1.0,SL,2022Q3,2022,4
2755,54138,2022-09-05 12:00:00,54140,2022-09-05 13:00:00,SELL,1711.77,1715.5457142857142,1715.5457142857142,1704.2185714285715,0.1,-38.4571428571423,-377.571428571423,-1.0,SL,2022Q3,2022,2
2756,54141,2022-09-05 13:30:00,54162,2022-09-06 03:30:00,SELL,1714.1,1717.7610714285713,1717.7610714285713,1706.777857142857,0.1,-37.31071428571404,-366.1071428571404,-1.0,SL,2022Q3,2022,21
2757,54180,2022-09-06 12:30:00,54186,2022-09-06 15:30:00,BUY,1712.62,1708.6996428571426,1708.6996428571426,1720.4607142857142,0.1,-39.90357142857256,-392.0357142857256,-1.0,SL,2022Q3,2022,6
2758,54188,2022-09-06 16:30:00,54189,2022-09-06 17:00:00,BUY,1709.16,1704.5592857142858,1704.5592857142858,1718.3614285714286,0.1,-46.707142857142756,-460.07142857142753,-1.0,SL,2022Q3,2022,1
2759,54190,2022-09-06 17:30:00,54190,2022-09-06 17:30:00,BUY,1709.05,1704.3271428571427,1704.3271428571427,1718.4957142857143,0.1,-47.92857142857265,-472.2857142857265,-1.0,SL,2022Q3,2022,0
2760,54192,2022-09-06 18:30:00,54207,2022-09-07 03:00:00,BUY,1703.46,1698.0310714285715,1698.0310714285715,1714.3178571428573,0.1,-54.989285714285145,-542.8928571428514,-1.0,SL,2022Q3,2022,15
2761,54209,2022-09-07 04:00:00,54213,2022-09-07 06:00:00,BUY,1696.29,1692.3342857142857,1692.3342857142857,1704.2014285714286,0.1,-40.25714285714294,-395.57142857142935,-1.0,SL,2022Q3,2022,4
2762,54214,2022-09-07 06:30:00,54222,2022-09-07 10:30:00,BUY,1693.71,1702.6092857142858,1689.2603571428572,1702.6092857142858,0.1,88.29285714285724,889.9285714285725,1.9535361517186882,TP,2022Q3,2022,8
2763,54224,2022-09-07 11:30:00,54235,2022-09-07 17:00:00,SELL,1702.99,1707.7075,1707.7075,1693.555,0.1,-47.87499999999973,-471.74999999999727,-1.0,SL,2022Q3,2022,11
2764,54238,2022-09-07 18:30:00,54241,2022-09-07 20:00:00,SELL,1710.22,1715.6425,1715.6425,1699.375,0.1,-54.924999999999,-542.24999999999,-1.0,SL,2022Q3,2022,3
2765,54249,2022-09-08 01:00:00,54267,2022-09-08 10:00:00,SELL,1717.92,1722.4875,1722.4875,1708.785,0.1,-46.37499999999882,-456.7499999999882,-1.0,SL,2022Q3,2022,18
2766,54268,2022-09-08 10:30:00,54274,2022-09-08 13:30:00,SELL,1718.52,1722.2721428571429,1722.2721428571429,1711.0157142857145,0.1,-38.22142857142872,-375.21428571428714,-1.0,SL,2022Q3,2022,6
2767,54277,2022-09-08 15:00:00,54278,2022-09-08 15:30:00,SELL,1723.69,1714.8014285714287,1728.1342857142859,1714.8014285714287,0.1,88.18571428571367,888.8571428571368,1.953481012658178,TP,2022Q3,2022,1
2768,54283,2022-09-08 18:00:00,54307,2022-09-09 07:00:00,BUY,1707.96,1721.4342857142858,1701.2228571428573,1721.4342857142858,0.1,134.0428571428577,1347.428571428577,1.9691500524659302,TP,2022Q3,2022,24
2769,54310,2022-09-09 08:30:00,54313,2022-09-09 10:00:00,SELL,1719.88,1722.9517857142857,1722.9517857142857,1713.7364285714286,0.1,-31.417857142856246,-307.17857142856246,-1.0,SL,2022Q3,2022,3
2770,54352,2022-09-12 06:30:00,54358,2022-09-12 09:30:00,BUY,1713.58,1719.3292857142856,1710.705357142857,1719.3292857142856,0.1,56.792857142856334,574.9285714285634,1.9286840509399625,TP,2022Q3,2022,6
2771,54361,2022-09-12 11:00:00,54368,2022-09-12 14:30:00,SELL,1724.33,1728.7314285714285,1728.7314285714285,1715.5271428571427,0.1,-44.714285714285964,-440.1428571428596,-1.0,SL,2022Q3,2022,7
2772,54395,2022-09-13 05:00:00,54399,2022-09-13 07:00:00,BUY,1723.84,1720.447857142857,1720.447857142857,1730.6242857142856,0.1,-34.62142857142972,-339.21428571429715,-1.0,SL,2022Q3,2022,4
2773,54400,2022-09-13 07:30:00,54410,2022-09-13 12:30:00,BUY,1721.69,1727.5035714285714,1718.7832142857144,1727.5035714285714,0.1,57.43571428571322,581.3571428571322,1.929454109178163,TP,2022Q3,2022,10
2774,54411,2022-09-13 13:00:00,54413,2022-09-13 14:00:00,SELL,1726.64,1729.957142857143,1729.957142857143,1720.0057142857145,0.1,-33.87142857142926,-331.7142857142926,-1.0,SL,2022Q3,2022,2
2775,54415,2022-09-13 15:00:00,54416,2022-09-13 15:30:00,SELL,1729.61,1721.9364285714285,1733.4467857142856,1721.9364285714285,0.1,76.03571428571449,767.3571428571449,1.9462473717890116,TP,2022Q3,2022,1
2776,54440,2022-09-14 04:30:00,54453,2022-09-14 11:00:00,BUY,1699.03,1705.7071428571428,1695.6914285714286,1705.7071428571428,0.1,66.07142857142826,667.7142857142826,1.9383906119027656,TP,2022Q3,2022,13
2777,54454,2022-09-14 11:30:00,54475,2022-09-14 22:00:00,SELL,1703.89,1695.1664285714287,1708.251785714286,1695.1664285714287,0.1,86.53571428571404,872.3571428571404,1.9526150374727516,TP,2022Q3,2022,21
2778,54476,2022-09-14 22:30:00,54492,2022-09-15 07:30:00,BUY,1695.18,1690.5182142857143,1690.5182142857143,1704.5035714285716,0.1,-47.317857142857704,-466.178571428577,-1.0,SL,2022Q3,2022,16
2779,54494,2022-09-15 08:30:00,54497,2022-09-15 10:00:00,BUY,1689.4,1686.0560714285714,1686.0560714285714,1696.0878571428573,0.1,-34.139285714287055,-334.3928571428705,-1.0,SL,2022Q3,2022,3
2780,54498,2022-09-15 10:30:00,54507,2022-09-15 15:00:00,BUY,1687.23,1683.4917857142857,1683.4917857142857,1694.7064285714287,0.1,-38.08214285714321,-373.8214285714321,-1.0,SL,2022Q3,2022,9
2781,54508,2022-09-15 15:30:00,54510,2022-09-15 16:30:00,BUY,1685.41,1681.2442857142858,1681.2442857142858,1693.7414285714287,0.1,-42.3571428571433,-416.571428571433,-1.0,SL,2022Q3,2022,2
2782,54511,2022-09-15 17:00:00,54511,2022-09-15 17:00:00,BUY,1690.27,1684.1392857142857,1684.1392857142857,1702.5314285714287,0.1,-62.00714285714248,-613.0714285714248,-1.0,SL,2022Q3,2022,0
2783,54516,2022-09-15 19:30:00,54544,2022-09-16 10:30:00,BUY,1664.21,1654.4192857142857,1654.4192857142857,1683.7914285714287,0.1,-98.6071428571433,-979.071428571433,-1.0,SL,2022Q3,2022,28
2784,54546,2022-09-16 11:30:00,54547,2022-09-16 12:00:00,BUY,1656.19,1663.6064285714288,1652.4817857142857,1663.6064285714288,0.1,73.46428571428696,741.6428571428696,1.9444181869741948,TP,2022Q3,2022,1
2785,54553,2022-09-16 15:00:00,54557,2022-09-16 17:00:00,SELL,1665.34,1671.1835714285714,1671.1835714285714,1653.6528571428569,0.1,-59.135714285715224,-584.3571428571522,-1.0,SL,2022Q3,2022,4
2786,54559,2022-09-16 18:00:00,54589,2022-09-19 10:00:00,SELL,1676.88,1660.8428571428572,1684.8985714285716,1660.8428571428572,0.1,159.67142857142954,1603.7142857142953,1.9740374425997882,TP,2022Q3,2022,30
2787,54617,2022-09-20 01:00:00,54621,2022-09-20 03:00:00,SELL,1675.64,1679.414642857143,1679.414642857143,1668.0907142857143,0.1,-38.44642857142908,-377.4642857142908,-1.0,SL,2022Q3,2022,4
2788,54634,2022-09-20 09:30:00,54637,2022-09-20 11:00:00,BUY,1673.74,1670.2696428571428,1670.2696428571428,1680.6807142857142,0.1,-35.40357142857211,-347.03571428572104,-1.0,SL,2022Q3,2022,3
2789,54640,2022-09-20 12:30:00,54648,2022-09-20 16:30:00,BUY,1668.4,1664.592142857143,1664.592142857143,1676.0157142857145,0.1,-38.77857142857074,-380.7857142857074,-1.0,SL,2022Q3,2022,8
2790,54649,2022-09-20 17:00:00,54680,2022-09-21 09:30:00,BUY,1665.31,1675.3792857142857,1660.275357142857,1675.3792857142857,0.1,99.99285714285797,1006.9285714285797,1.9588609808997413,TP,2022Q3,2022,31
2791,54681,2022-09-21 10:00:00,54687,2022-09-21 13:00:00,SELL,1671.29,1675.7760714285714,1675.7760714285714,1662.317857142857,0.1,-45.560714285714496,-448.60714285714494,-1.0,SL,2022Q3,2022,6
2792,54689,2022-09-21 14:00:00,54703,2022-09-21 21:00:00,SELL,1674.35,1664.837857142857,1679.1060714285713,1664.837857142857,0.1,94.42142857142862,951.2142857142862,1.9564863464811661,TP,2022Q3,2022,14
2793,54704,2022-09-21 21:30:00,54704,2022-09-21 21:30:00,BUY,1665.64,1676.9971428571428,1659.9614285714288,1676.9971428571428,0.1,112.87142857142662,1135.7142857142662,1.9634691848906554,TP,2022Q3,2022,0
2794,54728,2022-09-22 10:30:00,54729,2022-09-22 11:00:00,BUY,1658.81,1668.3607142857143,1654.034642857143,1668.3607142857143,0.1,94.8071428571432,955.0714285714321,1.956659541534652,TP,2022Q3,2022,1
2795,54730,2022-09-22 11:30:00,54738,2022-09-22 15:30:00,SELL,1672.15,1678.6439285714287,1678.6439285714287,1659.162142857143,0.1,-65.63928571428569,-649.3928571428569,-1.0,SL,2022Q3,2022,8
2796,54765,2022-09-23 06:00:00,54773,2022-09-23 10:00:00,BUY,1670.65,1667.8085714285714,1667.8085714285714,1676.3328571428572,0.1,-29.114285714286506,-284.14285714286507,-1.0,SL,2022Q3,2022,8
2797,54774,2022-09-23 10:30:00,54775,2022-09-23 11:00:00,BUY,1669.64,1665.8128571428572,1665.8128571428572,1677.294285714286,0.1,-38.97142857142917,-382.7142857142917,-1.0,SL,2022Q3,2022,1
2798,54778,2022-09-23 12:30:00,54778,2022-09-23 12:30:00,BUY,1661.06,1656.7603571428572,1656.7603571428572,1669.6592857142857,0.1,-43.69642857142772,-429.96428571427714,-1.0,SL,2022Q3,2022,0
2799,54821,2022-09-26 11:00:00,54838,2022-09-26 19:30:00,SELL,1644.0,1628.1192857142858,1651.940357142857,1628.1192857142858,0.1,158.1071428571425,1588.0714285714248,1.9737839404342872,TP,2022Q3,2022,17
2800,54839,2022-09-26 20:00:00,54840,2022-09-26 20:30:00,BUY,1631.36,1624.4814285714285,1624.4814285714285,1645.1171428571429,0.1,-69.48571428571377,-687.8571428571377,-1.0,SL,2022Q3,2022,1
2801,54847,2022-09-27 01:00:00,54862,2022-09-27 08:30:00,BUY,1622.24,1635.9071428571428,1615.4064285714285,1635.9071428571428,0.1,135.97142857142836,1366.7142857142835,1.9695809622348357,TP,2022Q3,2022,15
2802,54865,2022-09-27 10:00:00,54865,2022-09-27 10:00:00,SELL,1635.47,1639.0164285714286,1639.0164285714286,1628.3771428571426,0.1,-36.16428571428578,-354.6428571428578,-1.0,SL,2022Q3,2022,0
2803,54867,2022-09-27 11:00:00,54874,2022-09-27 14:30:00,SELL,1637.19,1641.1307142857145,1641.1307142857145,1629.3085714285714,0.1,-40.10714285714421,-394.0714285714421,-1.0,SL,2022Q3,2022,7
2804,54875,2022-09-27 15:00:00,54898,2022-09-28 03:30:00,SELL,1636.63,1626.2435714285716,1641.8232142857144,1626.2435714285716,0.1,103.16428571428496,1038.6428571428496,1.9601004274954192,TP,2022Q3,2022,23
2805,54899,2022-09-28 04:00:00,54901,2022-09-28 05:00:00,BUY,1627.01,1623.3553571428572,1623.3553571428572,1634.3192857142858,0.1,-37.2464285714279,-365.46428571427896,-1.0,SL,2022Q3,2022,2
2806,54902,2022-09-28 05:30:00,54909,2022-09-28 09:00:00,BUY,1624.33,1620.9164285714285,1620.9164285714285,1631.1571428571426,0.1,-34.83571428571459,-341.35714285714585,-1.0,SL,2022Q3,2022,7
2807,54918,2022-09-28 13:30:00,54921,2022-09-28 15:00:00,SELL,1627.44,1634.1257142857144,1634.1257142857144,1614.0685714285714,0.1,-67.55714285714312,-668.5714285714312,-1.0,SL,2022Q3,2022,3
2808,54923,2022-09-28 16:00:00,54923,2022-09-28 16:00:00,SELL,1635.0,1644.2496428571428,1644.2496428571428,1616.5007142857141,0.1,-93.19642857142817,-924.9642857142817,-1.0,SL,2022Q3,2022,0
2809,54926,2022-09-28 17:30:00,54931,2022-09-28 20:00:00,SELL,1650.41,1661.152142857143,1661.152142857143,1628.9257142857143,0.1,-108.12142857142881,-1074.214285714288,-1.0,SL,2022Q3,2022,5
2810,54950,2022-09-29 06:30:00,54953,2022-09-29 08:00:00,BUY,1653.31,1649.8535714285713,1649.8535714285713,1660.2228571428573,0.1,-35.2642857142866,-345.642857142866,-1.0,SL,2022Q3,2022,3
2811,54956,2022-09-29 09:30:00,54967,2022-09-29 15:00:00,BUY,1644.05,1653.652142857143,1639.2489285714285,1653.652142857143,0.1,95.32142857143008,960.2142857143008,1.9568883349219155,TP,2022Q3,2022,11
2812,54968,2022-09-29 15:30:00,54974,2022-09-29 18:30:00,SELL,1655.7,1662.0428571428572,1662.0428571428572,1643.0142857142857,0.1,-64.12857142857156,-634.2857142857156,-1.0,SL,2022Q3,2022,6
2813,54975,2022-09-29 19:00:00,55002,2022-09-30 09:30:00,SELL,1659.85,1668.9539285714284,1668.9539285714284,1641.6421428571427,0.1,-91.73928571428469,-910.3928571428469,-1.0,SL,2022Q3,2022,27
2814,55019,2022-09-30 18:00:00,55054,2022-10-03 12:30:00,SELL,1673.03,1660.2092857142857,1679.440357142857,1660.2092857142857,0.1,127.50714285714302,1282.0714285714303,1.9675943786167331,TP,2022Q3,2022,35
2815,55055,2022-10-03 13:00:00,55061,2022-10-03 16:00:00,BUY,1661.77,1670.3285714285714,1657.4907142857141,1670.3285714285714,0.1,84.8857142857144,855.857142857144,1.9517162095581686,TP,2022Q4,2022,6
2816,55062,2022-10-03 16:30:00,55063,2022-10-03 17:00:00,SELL,1668.58,1674.4546428571427,1674.4546428571427,1656.8307142857143,0.1,-59.44642857142817,-587.4642857142817,-1.0,SL,2022Q4,2022,1
2817,55066,2022-10-03 18:30:00,55072,2022-10-03 21:30:00,SELL,1689.12,1697.3892857142855,1697.3892857142855,1672.5814285714284,0.1,-83.39285714285616,-826.9285714285616,-1.0,SL,2022Q4,2022,6
2818,55079,2022-10-04 02:00:00,55094,2022-10-04 09:30:00,SELL,1700.2,1705.7210714285713,1705.7210714285713,1689.1578571428572,0.1,-55.91071428571304,-552.1071428571304,-1.0,SL,2022Q4,2022,15
2819,55097,2022-10-04 11:00:00,55106,2022-10-04 15:30:00,SELL,1708.0,1712.9307142857142,1712.9307142857142,1698.1385714285714,0.1,-50.00714285714203,-493.07142857142026,-1.0,SL,2022Q4,2022,9
2820,55107,2022-10-04 16:00:00,55110,2022-10-04 17:30:00,SELL,1711.8,1718.4396428571429,1718.4396428571429,1698.5207142857143,0.1,-67.09642857142917,-663.9642857142917,-1.0,SL,2022Q4,2022,3
2821,55113,2022-10-04 19:00:00,55146,2022-10-05 12:30:00,SELL,1725.67,1708.6814285714288,1734.1642857142858,1708.6814285714288,0.1,169.18571428571278,1698.8571428571277,1.975479566305228,TP,2022Q4,2022,33
2822,55148,2022-10-05 13:30:00,55155,2022-10-05 17:00:00,BUY,1708.18,1701.3603571428573,1701.3603571428573,1721.8192857142858,0.1,-68.89642857142753,-681.9642857142753,-1.0,SL,2022Q4,2022,7
2823,55156,2022-10-05 17:30:00,55173,2022-10-06 03:00:00,BUY,1703.62,1720.1307142857142,1695.3646428571426,1720.1307142857142,0.1,164.40714285714358,1651.0714285714357,1.9747758568915694,TP,2022Q4,2022,17
2824,55175,2022-10-06 04:00:00,55179,2022-10-06 06:00:00,SELL,1720.13,1724.2089285714287,1724.2089285714287,1711.972142857143,0.1,-41.489285714286055,-407.8928571428605,-1.0,SL,2022Q4,2022,4
2825,55180,2022-10-06 06:30:00,55189,2022-10-06 11:00:00,SELL,1723.21,1716.1492857142857,1726.7403571428572,1716.1492857142857,0.1,69.90714285714311,706.0714285714312,1.9416724531296499,TP,2022Q4,2022,9
2826,55192,2022-10-06 12:30:00,55195,2022-10-06 14:00:00,BUY,1716.08,1711.0421428571426,1711.0421428571426,1726.1557142857143,0.1,-51.0785714285732,-503.78571428573196,-1.0,SL,2022Q4,2022,3
2827,55200,2022-10-06 16:30:00,55244,2022-10-07 15:30:00,BUY,1711.98,1705.7035714285714,1705.7035714285714,1724.5328571428574,0.1,-63.464285714285964,-627.6428571428596,-1.0,SL,2022Q4,2022,44
2828,55267,2022-10-10 04:00:00,55271,2022-10-10 06:00:00,BUY,1694.72,1690.8607142857143,1690.8607142857143,1702.4385714285715,0.1,-39.29285714285761,-385.9285714285761,-1.0,SL,2022Q4,2022,4
2829,55279,2022-10-10 10:00:00,55281,2022-10-10 11:00:00,BUY,1685.45,1680.9071428571428,1680.9071428571428,1694.5357142857142,0.1,-46.128571428572016,-454.28571428572013,-1.0,SL,2022Q4,2022,2
2830,55285,2022-10-10 13:00:00,55288,2022-10-10 14:30:00,BUY,1680.61,1675.5475,1675.5475,1690.735,0.1,-51.325,-506.25,-1.0,SL,2022Q4,2022,3
2831,55292,2022-10-10 16:30:00,55294,2022-10-10 17:30:00,BUY,1674.52,1668.9035714285715,1668.9035714285715,1685.752857142857,0.1,-56.864285714285145,-561.6428571428514,-1.0,SL,2022Q4,2022,2
2832,55296,2022-10-10 18:30:00,55315,2022-10-11 05:00:00,BUY,1668.89,1662.0467857142858,1662.0467857142858,1682.5764285714286,0.1,-69.13214285714339,-684.3214285714339,-1.0,SL,2022Q4,2022,19
2833,55332,2022-10-11 13:30:00,55342,2022-10-11 18:30:00,BUY,1663.44,1673.6678571428572,1658.3260714285716,1673.6678571428572,0.1,101.57857142857146,1022.7857142857147,1.9594901825697983,TP,2022Q4,2022,10
2834,55362,2022-10-12 05:30:00,55369,2022-10-12 09:00:00,BUY,1663.49,1672.5800000000002,1658.945,1672.5800000000002,0.1,90.20000000000145,909.0000000000146,1.9544962080173354,TP,2022Q4,2022,7
2835,55371,2022-10-12 10:00:00,55393,2022-10-12 21:00:00,SELL,1672.11,1677.102857142857,1677.102857142857,1662.1242857142859,0.1,-50.6285714285702,-499.28571428570194,-1.0,SL,2022Q4,2022,22
2836,55412,2022-10-13 07:30:00,55416,2022-10-13 09:30:00,BUY,1669.79,1667.7960714285714,1667.7960714285714,1673.777857142857,0.1,-20.639285714285688,-199.39285714285688,-1.0,SL,2022Q4,2022,4
2837,55418,2022-10-13 10:30:00,55420,2022-10-13 11:30:00,BUY,1669.1,1674.3157142857142,1666.4921428571427,1674.3157142857142,0.1,51.45714285714284,521.5714285714284,1.9215790877566534,TP,2022Q4,2022,2
2838,55431,2022-10-13 17:00:00,55434,2022-10-13 18:30:00,BUY,1648.85,1666.8007142857143,1639.8746428571428,1666.8007142857143,0.1,178.80714285714413,1795.0714285714412,1.976783669601636,TP,2022Q4,2022,3
2839,55461,2022-10-14 09:00:00,55467,2022-10-14 12:00:00,SELL,1668.2,1659.5042857142857,1672.547857142857,1659.5042857142857,0.1,86.25714285714302,869.5714285714303,1.9524656426839628,TP,2022Q4,2022,6
2840,55477,2022-10-14 17:00:00,55481,2022-10-14 19:00:00,BUY,1650.81,1642.1507142857142,1642.1507142857142,1668.1285714285714,0.1,-87.29285714285716,-865.9285714285716,-1.0,SL,2022Q4,2022,4
2841,55484,2022-10-14 20:30:00,55519,2022-10-17 15:00:00,BUY,1643.71,1661.547142857143,1634.7914285714287,1661.547142857143,0.1,177.6714285714291,1783.7142857142908,1.9766369993642972,TP,2022Q4,2022,35
2842,55523,2022-10-17 17:00:00,55530,2022-10-17 20:30:00,SELL,1664.92,1653.3935714285715,1670.6832142857143,1653.3935714285715,0.1,114.56428571428596,1152.6428571428596,1.9639992652911666,TP,2022Q4,2022,7
2843,55531,2022-10-17 21:00:00,55534,2022-10-17 22:30:00,BUY,1653.02,1646.9696428571428,1646.9696428571428,1665.1207142857143,0.1,-61.20357142857138,-605.0357142857138,-1.0,SL,2022Q4,2022,3
2844,55552,2022-10-18 08:30:00,55555,2022-10-18 10:00:00,SELL,1659.31,1652.2578571428571,1662.8360714285714,1652.2578571428571,0.1,69.82142857142826,705.2142857142826,1.9416029397159593,TP,2022Q4,2022,3
2845,55560,2022-10-18 12:30:00,55571,2022-10-18 18:00:00,BUY,1652.22,1646.5532142857144,1646.5532142857144,1663.5535714285713,0.1,-57.36785714285652,-566.6785714285652,-1.0,SL,2022Q4,2022,11
2846,55573,2022-10-18 19:00:00,55599,2022-10-19 09:00:00,BUY,1649.89,1644.055,1644.055,1661.56,0.1,-59.05000000000037,-583.5000000000036,-1.0,SL,2022Q4,2022,26
2847,55610,2022-10-19 14:30:00,55621,2022-10-19 20:00:00,BUY,1633.42,1627.7960714285714,1627.7960714285714,1644.6678571428574,0.1,-56.93928571428678,-562.3928571428678,-1.0,SL,2022Q4,2022,11
2848,55622,2022-10-19 20:30:00,55636,2022-10-20 04:30:00,BUY,1630.08,1624.3864285714285,1624.3864285714285,1641.467142857143,0.1,-57.635714285714315,-569.3571428571431,-1.0,SL,2022Q4,2022,14
2849,55639,2022-10-20 06:00:00,55642,2022-10-20 07:30:00,BUY,1626.56,1632.8171428571427,1623.4314285714286,1632.8171428571427,0.1,61.87142857142753,625.7142857142753,1.9343456900401954,TP,2022Q4,2022,3
2850,55653,2022-10-20 13:00:00,55658,2022-10-20 15:30:00,SELL,1634.77,1639.8603571428573,1639.8603571428573,1624.5892857142856,0.1,-51.60357142857329,-509.03571428573287,-1.0,SL,2022Q4,2022,5
2851,55659,2022-10-20 16:00:00,55661,2022-10-20 17:00:00,SELL,1632.52,1638.3035714285716,1638.3035714285716,1620.952857142857,0.1,-58.53571428571577,-578.3571428571577,-1.0,SL,2022Q4,2022,2
2852,55664,2022-10-20 18:30:00,55671,2022-10-20 22:00:00,SELL,1641.02,1627.475,1647.7925,1627.475,0.1,134.75000000000074,1354.5000000000073,1.9693094629156012,TP,2022Q4,2022,7
2853,55673,2022-10-20 23:00:00,55686,2022-10-21 06:30:00,BUY,1627.1,1620.970357142857,1620.970357142857,1639.3592857142858,0.1,-61.99642857142926,-612.9642857142926,-1.0,SL,2022Q4,2022,13
2854,55688,2022-10-21 07:30:00,55693,2022-10-21 10:00:00,BUY,1622.06,1619.0664285714286,1619.0664285714286,1628.0471428571427,0.1,-30.635714285713856,-299.35714285713857,-1.0,SL,2022Q4,2022,5
2855,55694,2022-10-21 10:30:00,55695,2022-10-21 11:00:00,BUY,1626.36,1622.067857142857,1622.067857142857,1634.9442857142856,0.1,-43.62142857142835,-429.2142857142835,-1.0,SL,2022Q4,2022,1
2856,55706,2022-10-21 16:30:00,55706,2022-10-21 16:30:00,SELL,1632.42,1639.6682142857144,1639.6682142857144,1617.9235714285714,0.1,-73.18214285714312,-724.8214285714312,-1.0,SL,2022Q4,2022,0
2857,55708,2022-10-21 17:30:00,55709,2022-10-21 18:00:00,SELL,1638.17,1646.2410714285716,1646.2410714285716,1622.0278571428573,0.1,-81.41071428571486,-807.1071428571486,-1.0,SL,2022Q4,2022,1
2858,55710,2022-10-21 18:30:00,55711,2022-10-21 19:00:00,SELL,1642.85,1652.2507142857141,1652.2507142857141,1624.0485714285714,0.1,-94.7071428571423,-940.071428571423,-1.0,SL,2022Q4,2022,1
2859,55712,2022-10-21 19:30:00,55721,2022-10-24 01:00:00,SELL,1648.79,1659.3007142857143,1659.3007142857143,1627.7685714285715,0.1,-105.80714285714357,-1051.0714285714357,-1.0,SL,2022Q4,2022,9
2860,55725,2022-10-24 03:00:00,55741,2022-10-24 11:00:00,SELL,1661.05,1648.0321428571428,1667.5589285714286,1648.0321428571428,0.1,129.47857142857112,1301.785714285711,1.9680799087997054,TP,2022Q4,2022,16
2861,55743,2022-10-24 12:00:00,55788,2022-10-25 11:30:00,BUY,1647.91,1643.1828571428573,1643.1828571428573,1657.3642857142859,0.1,-47.97142857142781,-472.71428571427805,-1.0,SL,2022Q4,2022,45
2862,55790,2022-10-25 12:30:00,55790,2022-10-25 12:30:00,BUY,1643.06,1639.0882142857142,1639.0882142857142,1651.0035714285714,0.1,-40.41785714285716,-397.17857142857156,-1.0,SL,2022Q4,2022,0
2863,55792,2022-10-25 13:30:00,55797,2022-10-25 16:00:00,BUY,1640.05,1648.405,1635.8725,1648.405,0.1,82.85000000000018,835.5000000000018,1.9505591524426131,TP,2022Q4,2022,5
2864,55800,2022-10-25 17:30:00,55829,2022-10-26 09:00:00,SELL,1656.51,1663.535357142857,1663.535357142857,1642.4592857142857,0.1,-70.95357142857047,-702.5357142857047,-1.0,SL,2022Q4,2022,29
2865,55834,2022-10-26 11:30:00,55842,2022-10-26 15:30:00,SELL,1670.85,1662.0299999999997,1675.26,1662.0299999999997,0.1,87.50000000000163,882.0000000000164,1.9531250000000007,TP,2022Q4,2022,8
2866,55869,2022-10-27 06:00:00,55876,2022-10-27 09:30:00,BUY,1664.99,1661.5946428571428,1661.5946428571428,1671.780714285714,0.1,-34.65357142857165,-339.5357142857165,-1.0,SL,2022Q4,2022,7
2867,55888,2022-10-27 15:30:00,55923,2022-10-28 10:00:00,BUY,1660.94,1655.5367857142858,1655.5367857142858,1671.7464285714286,0.1,-54.73214285714285,-540.3214285714284,-1.0,SL,2022Q4,2022,35
2868,55925,2022-10-28 11:00:00,55926,2022-10-28 11:30:00,BUY,1652.95,1648.4360714285715,1648.4360714285715,1661.9778571428574,0.1,-45.83928571428551,-451.39285714285506,-1.0,SL,2022Q4,2022,1
2869,55927,2022-10-28 12:00:00,55931,2022-10-28 14:00:00,BUY,1650.8,1646.2742857142857,1646.2742857142857,1659.8514285714286,0.1,-45.9571428571423,-452.571428571423,-1.0,SL,2022Q4,2022,4
2870,55932,2022-10-28 14:30:00,55933,2022-10-28 15:00:00,BUY,1651.49,1646.3857142857144,1646.3857142857144,1661.6985714285715,0.1,-51.74285714285652,-510.4285714285652,-1.0,SL,2022Q4,2022,1
2871,55940,2022-10-28 18:30:00,55993,2022-10-31 21:00:00,BUY,1640.99,1633.2360714285714,1633.2360714285714,1656.4978571428571,0.1,-78.2392857142856,-775.392857142856,-1.0,SL,2022Q4,2022,53
2872,55994,2022-10-31 21:30:00,56013,2022-11-01 08:00:00,BUY,1634.26,1642.9557142857143,1629.912142857143,1642.9557142857143,0.1,86.25714285714302,869.5714285714303,1.9524656426839628,TP,2022Q4,2022,19
2873,56016,2022-11-01 09:30:00,56017,2022-11-01 10:00:00,SELL,1644.19,1648.369642857143,1648.369642857143,1635.8307142857143,0.1,-42.49642857142881,-417.96428571428805,-1.0,SL,2022Q4,2022,1
2874,56025,2022-11-01 14:00:00,56071,2022-11-02 14:00:00,SELL,1652.28,1657.3339285714285,1657.3339285714285,1642.1721428571427,0.1,-51.239285714285145,-505.3928571428514,-1.0,SL,2022Q4,2022,46
2875,56072,2022-11-02 14:30:00,56076,2022-11-02 16:30:00,SELL,1656.71,1649.1264285714287,1660.5017857142857,1649.1264285714287,0.1,75.13571428571304,758.3571428571304,1.9456210117451205,TP,2022Q4,2022,4
2876,56077,2022-11-02 17:00:00,56083,2022-11-02 20:00:00,BUY,1649.71,1658.275,1645.4275,1658.275,0.1,84.95000000000054,856.5000000000055,1.9517518667432512,TP,2022Q4,2022,6
2877,56085,2022-11-02 21:00:00,56085,2022-11-02 21:00:00,BUY,1649.81,1641.4957142857143,1641.4957142857143,1666.4385714285713,0.1,-83.84285714285689,-831.4285714285688,-1.0,SL,2022Q4,2022,0
2878,56087,2022-11-02 22:00:00,56109,2022-11-03 10:00:00,BUY,1637.05,1627.3964285714285,1627.3964285714285,1656.357142857143,0.1,-97.23571428571468,-965.3571428571468,-1.0,SL,2022Q4,2022,22
2879,56111,2022-11-03 11:00:00,56111,2022-11-03 11:00:00,BUY,1627.38,1623.4928571428572,1623.4928571428572,1635.1542857142858,0.1,-39.571428571428626,-388.71428571428623,-1.0,SL,2022Q4,2022,0
2880,56113,2022-11-03 12:00:00,56115,2022-11-03 13:00:00,BUY,1624.24,1619.7003571428572,1619.7003571428572,1633.3192857142858,0.1,-46.09642857142781,-453.96428571427805,-1.0,SL,2022Q4,2022,2
2881,56117,2022-11-03 14:00:00,56122,2022-11-03 16:30:00,BUY,1619.78,1630.7257142857143,1614.307142857143,1630.7257142857143,0.1,108.75714285714302,1094.5714285714303,1.9621134020618958,TP,2022Q4,2022,5
2882,56131,2022-11-03 21:00:00,56145,2022-11-04 05:00:00,SELL,1631.12,1637.5860714285714,1637.5860714285714,1618.187857142857,0.1,-65.36071428571468,-646.6071428571468,-1.0,SL,2022Q4,2022,14
2883,56150,2022-11-04 07:30:00,56157,2022-11-04 11:00:00,SELL,1646.36,1650.2546428571427,1650.2546428571427,1638.570714285714,0.1,-39.64642857142799,-389.46428571427987,-1.0,SL,2022Q4,2022,7
2884,56162,2022-11-04 13:30:00,56164,2022-11-04 14:30:00,SELL,1652.12,1658.0910714285715,1658.0910714285715,1640.177857142857,0.1,-60.41071428571577,-597.1071428571577,-1.0,SL,2022Q4,2022,2
2885,56197,2022-11-07 09:00:00,56197,2022-11-07 09:00:00,BUY,1671.25,1667.1978571428572,1667.1978571428572,1679.3542857142859,0.1,-41.22142857142826,-405.2142857142826,-1.0,SL,2022Q4,2022,0
2886,56202,2022-11-07 11:30:00,56238,2022-11-08 06:30:00,SELL,1679.78,1670.762857142857,1684.2885714285715,1670.762857142857,0.1,89.47142857142971,901.7142857142971,1.954134165366615,TP,2022Q4,2022,36
2887,56240,2022-11-08 07:30:00,56246,2022-11-08 10:30:00,BUY,1669.67,1667.039642857143,1667.039642857143,1674.9307142857144,0.1,-27.00357142857065,-263.0357142857065,-1.0,SL,2022Q4,2022,6
2888,56248,2022-11-08 11:30:00,56257,2022-11-08 16:00:00,BUY,1669.19,1676.182142857143,1665.6939285714286,1676.182142857143,0.1,69.2214285714288,699.214285714288,1.9411116675012519,TP,2022Q4,2022,9
2889,56302,2022-11-09 15:30:00,56305,2022-11-09 17:00:00,BUY,1707.09,1717.0992857142858,1702.085357142857,1717.0992857142858,0.1,99.39285714285852,1000.9285714285852,1.9586177774649873,TP,2022Q4,2022,3
2890,56306,2022-11-09 17:30:00,56348,2022-11-10 15:30:00,SELL,1712.24,1718.6417857142858,1718.6417857142858,1699.4364285714287,0.1,-64.7178571428578,-640.1785714285779,-1.0,SL,2022Q4,2022,42
2891,56353,2022-11-10 18:00:00,56378,2022-11-11 07:30:00,SELL,1750.8,1759.715357142857,1759.715357142857,1732.9692857142857,0.1,-89.85357142857147,-891.5357142857147,-1.0,SL,2022Q4,2022,25
2892,56380,2022-11-11 08:30:00,56384,2022-11-11 10:30:00,SELL,1758.64,1763.5203571428572,1763.5203571428572,1748.879285714286,0.1,-49.50357142857065,-488.0357142857065,-1.0,SL,2022Q4,2022,4
2893,56388,2022-11-11 12:30:00,56410,2022-11-11 23:30:00,SELL,1764.28,1770.7117857142857,1770.7117857142857,1751.4164285714287,0.1,-65.01785714285752,-643.1785714285752,-1.0,SL,2022Q4,2022,22
2894,56423,2022-11-14 07:00:00,56433,2022-11-14 12:00:00,BUY,1761.36,1756.1174999999998,1756.1174999999998,1771.8449999999998,0.1,-53.12500000000064,-524.2500000000064,-1.0,SL,2022Q4,2022,10
2895,56434,2022-11-14 12:30:00,56442,2022-11-14 16:30:00,BUY,1757.75,1767.247142857143,1753.0014285714285,1767.247142857143,0.1,94.2714285714299,949.714285714299,1.9564186184405579,TP,2022Q4,2022,8
2896,56487,2022-11-15 16:00:00,56496,2022-11-15 20:30:00,SELL,1777.02,1784.055,1784.055,1762.9499999999998,0.1,-71.05000000000082,-703.5000000000082,-1.0,SL,2022Q4,2022,9
2897,56524,2022-11-16 11:30:00,56542,2022-11-16 20:30:00,SELL,1781.03,1772.2592857142856,1785.4153571428571,1772.2592857142856,0.1,87.00714285714348,877.0714285714348,1.952865731462926,TP,2022Q4,2022,18
2898,56543,2022-11-16 21:00:00,56555,2022-11-17 04:00:00,BUY,1773.05,1767.4496428571429,1767.4496428571429,1784.2507142857141,0.1,-56.703571428570925,-560.0357142857092,-1.0,SL,2022Q4,2022,12
2899,56557,2022-11-17 05:00:00,56557,2022-11-17 05:00:00,BUY,1767.75,1764.6460714285713,1764.6460714285713,1773.9578571428572,0.1,-31.73928571428696,-310.3928571428696,-1.0,SL,2022Q4,2022,0
2900,56560,2022-11-17 06:30:00,56567,2022-11-17 10:00:00,BUY,1763.1,1769.3335714285713,1759.9832142857142,1769.3335714285713,0.1,61.635714285713945,623.3571428571395,1.9341028801972426,TP,2022Q4,2022,7
2901,56577,2022-11-17 15:00:00,56577,2022-11-17 15:00:00,BUY,1764.44,1759.5414285714287,1759.5414285714287,1774.2371428571428,0.1,-49.68571428571359,-489.85714285713584,-1.0,SL,2022Q4,2022,0
2902,56578,2022-11-17 15:30:00,56578,2022-11-17 15:30:00,BUY,1762.9,1757.4496428571429,1757.4496428571429,1773.8007142857143,0.1,-55.20357142857229,-545.0357142857229,-1.0,SL,2022Q4,2022,0
2903,56580,2022-11-17 16:30:00,56626,2022-11-18 16:30:00,BUY,1759.86,1753.4485714285713,1753.4485714285713,1772.682857142857,0.1,-64.81428571428587,-641.1428571428587,-1.0,SL,2022Q4,2022,46
2904,56637,2022-11-18 22:00:00,56658,2022-11-21 09:30:00,BUY,1748.55,1742.6057142857144,1742.6057142857144,1760.4385714285713,0.1,-60.1428571428557,-594.428571428557,-1.0,SL,2022Q4,2022,21
2905,56660,2022-11-21 10:30:00,56661,2022-11-21 11:00:00,BUY,1742.53,1739.2567857142858,1739.2567857142858,1749.0764285714286,0.1,-33.432142857141756,-327.3214285714175,-1.0,SL,2022Q4,2022,1
2906,56674,2022-11-21 17:30:00,56708,2022-11-22 11:30:00,BUY,1737.11,1747.9507142857142,1731.6896428571426,1747.9507142857142,0.1,107.70714285714284,1084.0714285714284,1.9617511220971426,TP,2022Q4,2022,34
2907,56722,2022-11-22 18:30:00,56728,2022-11-22 21:30:00,BUY,1741.13,1737.1582142857144,1737.1582142857144,1749.0735714285713,0.1,-40.41785714285716,-397.17857142857156,-1.0,SL,2022Q4,2022,6
2908,56729,2022-11-22 22:00:00,56743,2022-11-23 06:00:00,BUY,1738.31,1734.5107142857144,1734.5107142857144,1745.9085714285711,0.1,-38.692857142855885,-379.9285714285588,-1.0,SL,2022Q4,2022,14
2909,56763,2022-11-23 16:00:00,56773,2022-11-23 21:00:00,BUY,1736.97,1749.252857142857,1730.8285714285714,1749.252857142857,0.1,122.12857142856983,1228.2857142856983,1.9661913523458696,TP,2022Q4,2022,10
2910,56783,2022-11-24 03:00:00,56795,2022-11-24 09:00:00,SELL,1753.24,1757.3392857142858,1757.3392857142858,1745.0414285714287,0.1,-41.692857142857704,-409.928571428577,-1.0,SL,2022Q4,2022,12
2911,56796,2022-11-24 09:30:00,56829,2022-11-25 05:30:00,SELL,1756.67,1759.6807142857144,1759.6807142857144,1750.6485714285716,0.1,-30.80714285714357,-301.0714285714357,-1.0,SL,2022Q4,2022,33
2912,56831,2022-11-25 06:30:00,56836,2022-11-25 09:00:00,SELL,1759.54,1754.0928571428572,1762.2635714285714,1754.0928571428572,0.1,53.771428571428075,544.7142857142808,1.9248274098695979,TP,2022Q4,2022,5
2913,56839,2022-11-25 10:30:00,56848,2022-11-25 15:00:00,BUY,1752.59,1748.9385714285713,1748.9385714285713,1759.892857142857,0.1,-37.214285714285964,-365.1428571428596,-1.0,SL,2022Q4,2022,9
2914,56850,2022-11-25 16:00:00,56879,2022-11-28 10:30:00,BUY,1748.51,1757.435,1744.0475,1757.435,0.1,88.54999999999954,892.4999999999955,1.9536679536679042,TP,2022Q4,2022,29
2915,56882,2022-11-28 12:00:00,56888,2022-11-28 15:00:00,SELL,1760.79,1752.6707142857142,1764.8496428571427,1752.6707142857142,0.1,80.49285714285752,811.9285714285752,1.949148144945137,TP,2022Q4,2022,6
2916,56892,2022-11-28 17:00:00,56894,2022-11-28 18:00:00,BUY,1748.59,1742.5235714285714,1742.5235714285714,1760.722857142857,0.1,-61.3642857142856,-606.642857142856,-1.0,SL,2022Q4,2022,2
2917,56895,2022-11-28 18:30:00,56925,2022-11-29 10:30:00,BUY,1743.55,1755.6314285714286,1737.5092857142856,1755.6314285714286,0.1,120.1142857142866,1208.142857142866,1.9656341320864992,TP,2022Q4,2022,30
2918,56938,2022-11-29 17:00:00,56978,2022-11-30 14:00:00,BUY,1752.34,1763.0371428571427,1746.9914285714285,1763.0371428571427,0.1,106.27142857142807,1069.7142857142808,1.9612443975744789,TP,2022Q4,2022,40
2919,56979,2022-11-30 14:30:00,56984,2022-11-30 17:00:00,SELL,1761.5,1754.0064285714284,1765.2467857142858,1754.0064285714284,0.1,74.23571428571613,749.3571428571613,1.9449798820997484,TP,2022Q4,2022,5
2920,56986,2022-11-30 18:00:00,56990,2022-11-30 20:00:00,BUY,1752.76,1746.3560714285713,1746.3560714285713,1765.567857142857,0.1,-64.73928571428651,-640.3928571428651,-1.0,SL,2022Q4,2022,4
2921,56995,2022-11-30 22:30:00,57001,2022-12-01 02:30:00,SELL,1768.43,1777.8382142857142,1777.8382142857142,1749.6135714285715,0.1,-94.78214285714166,-940.8214285714166,-1.0,SL,2022Q4,2022,6
2922,57003,2022-12-01 03:30:00,57025,2022-12-01 14:30:00,SELL,1777.21,1784.3714285714286,1784.3714285714286,1762.8871428571429,0.1,-72.31428571428587,-716.1428571428587,-1.0,SL,2022Q4,2022,22
2923,57031,2022-12-01 17:30:00,57033,2022-12-01 18:30:00,SELL,1795.67,1802.3482142857144,1802.3482142857144,1782.3135714285715,0.1,-67.48214285714376,-667.8214285714375,-1.0,SL,2022Q4,2022,2
2924,57045,2022-12-02 01:30:00,57073,2022-12-02 15:30:00,SELL,1803.15,1795.337142857143,1807.0564285714288,1795.337142857143,0.1,77.42857142857183,781.2857142857183,1.9471887910902983,TP,2022Q4,2022,28
2925,57101,2022-12-05 06:30:00,57106,2022-12-05 09:00:00,SELL,1808.39,1801.1578571428572,1812.0060714285717,1801.1578571428572,0.1,71.6214285714289,723.214285714289,1.943028776281308,TP,2022Q4,2022,5
2926,57112,2022-12-05 12:00:00,57119,2022-12-05 15:30:00,BUY,1796.9,1792.7814285714287,1792.7814285714287,1805.137142857143,0.1,-41.88571428571386,-411.85714285713857,-1.0,SL,2022Q4,2022,7
2927,57126,2022-12-05 19:00:00,57129,2022-12-05 20:30:00,BUY,1773.51,1766.7707142857143,1766.7707142857143,1786.9885714285713,0.1,-68.09285714285643,-673.9285714285643,-1.0,SL,2022Q4,2022,3
2928,57131,2022-12-05 21:30:00,57163,2022-12-06 14:30:00,BUY,1766.88,1780.4957142857145,1760.072142857143,1780.4957142857145,0.1,135.45714285714377,1361.5714285714375,1.969467234396128,TP,2022Q4,2022,32
2929,57200,2022-12-07 10:00:00,57210,2022-12-07 15:00:00,SELL,1772.74,1776.4825,1776.4825,1765.255,0.1,-38.12500000000064,-374.25000000000637,-1.0,SL,2022Q4,2022,10
2930,57213,2022-12-07 16:30:00,57213,2022-12-07 16:30:00,SELL,1777.89,1782.422142857143,1782.422142857143,1768.8257142857144,0.1,-46.021428571428444,-453.2142857142844,-1.0,SL,2022Q4,2022,0
2931,57215,2022-12-07 17:30:00,57221,2022-12-07 20:30:00,SELL,1782.99,1788.8400000000001,1788.8400000000001,1771.29,0.1,-59.20000000000137,-585.0000000000136,-1.0,SL,2022Q4,2022,6
2932,57258,2022-12-08 16:00:00,57260,2022-12-08 17:00:00,SELL,1789.39,1793.2803571428574,1793.2803571428574,1781.6092857142858,0.1,-39.603571428572835,-389.0357142857283,-1.0,SL,2022Q4,2022,2
2933,57279,2022-12-09 03:30:00,57286,2022-12-09 07:00:00,SELL,1794.6,1797.6707142857142,1797.6707142857142,1788.4585714285713,0.1,-31.407142857143025,-307.07142857143026,-1.0,SL,2022Q4,2022,7
2934,57287,2022-12-09 07:30:00,57294,2022-12-09 11:00:00,SELL,1796.14,1790.2792857142858,1799.0703571428571,1790.2792857142858,0.1,57.90714285714266,586.0714285714266,1.9300083323414607,TP,2022Q4,2022,7
2935,57301,2022-12-09 14:30:00,57303,2022-12-09 15:30:00,SELL,1800.83,1804.8467857142857,1804.8467857142857,1792.7964285714284,0.1,-40.867857142857886,-401.67857142857883,-1.0,SL_AMBIGUOUS_PESSIMISTIC,2022Q4,2022,2
2936,57304,2022-12-09 16:00:00,57309,2022-12-09 18:30:00,SELL,1797.88,1803.3517857142858,1803.3517857142858,1786.9364285714287,0.1,-55.41785714285716,-547.1785714285716,-1.0,SL,2022Q4,2022,5
2937,57310,2022-12-09 19:00:00,57325,2022-12-12 03:30:00,SELL,1804.58,1789.8971428571429,1811.9214285714286,1789.8971428571429,0.1,146.12857142857075,1468.2857142857074,1.9716653816499312,TP,2022Q4,2022,15
2938,57326,2022-12-12 04:00:00,57326,2022-12-12 04:00:00,BUY,1790.86,1787.932857142857,1787.932857142857,1796.7142857142856,0.1,-29.97142857142826,-292.7142857142826,-1.0,SL,2022Q4,2022,0
2939,57330,2022-12-12 06:00:00,57344,2022-12-12 13:00:00,BUY,1787.59,1793.812857142857,1784.4785714285715,1793.812857142857,0.1,61.52857142857037,622.2857142857038,1.933991917377706,TP,2022Q4,2022,14
2940,57346,2022-12-12 14:00:00,57351,2022-12-12 16:30:00,SELL,1794.32,1787.3021428571426,1797.8289285714286,1787.3021428571426,0.1,69.47857142857337,701.7857142857338,1.941323221235407,TP,2022Q4,2022,5
2941,57352,2022-12-12 17:00:00,57353,2022-12-12 17:30:00,BUY,1788.41,1784.4339285714286,1784.4339285714286,1796.362142857143,0.1,-40.46071428571459,-397.60714285714585,-1.0,SL,2022Q4,2022,1
2942,57358,2022-12-12 20:00:00,57360,2022-12-12 21:00:00,BUY,1783.25,1778.4757142857143,1778.4757142857143,1792.7985714285714,0.1,-48.44285714285725,-477.42857142857247,-1.0,SL,2022Q4,2022,2
2943,57361,2022-12-12 21:30:00,57393,2022-12-13 14:30:00,BUY,1779.43,1789.6000000000001,1774.345,1789.6000000000001,0.1,101.00000000000072,1017.0000000000073,1.959262851600388,TP,2022Q4,2022,32
2944,57428,2022-12-14 09:00:00,57437,2022-12-14 13:30:00,SELL,1811.5,1806.2135714285714,1814.1432142857143,1806.2135714285714,0.1,52.16428571428587,528.6428571428587,1.9226010267210742,TP,2022Q4,2022,9
2945,57438,2022-12-14 14:00:00,57452,2022-12-14 21:00:00,BUY,1806.95,1803.3907142857145,1803.3907142857145,1814.0685714285714,0.1,-36.292857142855794,-355.9285714285579,-1.0,SL,2022Q4,2022,14
2946,57455,2022-12-14 22:30:00,57468,2022-12-15 06:00:00,SELL,1805.83,1792.0192857142856,1812.735357142857,1792.0192857142856,0.1,137.40714285714313,1381.0714285714312,1.9698940146433876,TP,2022Q4,2022,13
2947,57521,2022-12-16 09:30:00,57522,2022-12-16 10:00:00,SELL,1781.21,1774.4471428571428,1784.5914285714287,1774.4471428571428,0.1,66.92857142857228,676.2857142857229,1.9391556291390735,TP,2022Q4,2022,1
2948,57530,2022-12-16 14:00:00,57534,2022-12-16 16:00:00,SELL,1782.32,1787.3685714285714,1787.3685714285714,1772.222857142857,0.1,-51.185714285714496,-504.85714285714494,-1.0,SL,2022Q4,2022,4
2949,57535,2022-12-16 16:30:00,57535,2022-12-16 16:30:00,SELL,1783.96,1789.3225,1789.3225,1773.235,0.1,-54.32499999999955,-536.2499999999955,-1.0,SL,2022Q4,2022,0
2950,57537,2022-12-16 17:30:00,57558,2022-12-19 05:00:00,SELL,1790.1,1796.1717857142855,1796.1717857142855,1777.9564285714284,0.1,-61.41785714285625,-607.1785714285625,-1.0,SL,2022Q4,2022,21
2951,57559,2022-12-19 05:30:00,57568,2022-12-19 10:00:00,SELL,1794.77,1797.767857142857,1797.767857142857,1788.7742857142855,0.1,-30.678571428571285,-299.78571428571286,-1.0,SL,2022Q4,2022,9
2952,57582,2022-12-19 17:00:00,57583,2022-12-19 17:30:00,BUY,1792.57,1788.9496428571429,1788.9496428571429,1799.8107142857143,0.1,-36.90357142857074,-362.0357142857074,-1.0,SL,2022Q4,2022,1
2953,57585,2022-12-19 18:30:00,57614,2022-12-20 10:00:00,BUY,1788.61,1797.8457142857142,1783.9921428571429,1797.8457142857142,0.1,91.65714285714266,923.5714285714266,1.955203413073337,TP,2022Q4,2022,29
2954,57621,2022-12-20 13:30:00,57627,2022-12-20 16:30:00,SELL,1807.5,1812.7842857142857,1812.7842857142857,1796.9314285714286,0.1,-53.54285714285716,-528.4285714285716,-1.0,SL,2022Q4,2022,6
2955,57654,2022-12-21 07:00:00,57671,2022-12-21 15:30:00,BUY,1814.15,1819.5264285714286,1811.4617857142857,1819.5264285714286,0.1,53.06428571428505,537.6428571428505,1.9238637835037395,TP,2022Q4,2022,17
2956,57672,2022-12-21 16:00:00,57675,2022-12-21 17:30:00,SELL,1817.62,1821.4675,1821.4675,1809.925,0.1,-39.17500000000082,-384.7500000000082,-1.0,SL,2022Q4,2022,3
2957,57676,2022-12-21 18:00:00,57717,2022-12-22 15:30:00,SELL,1817.68,1808.592142857143,1822.2239285714286,1808.592142857143,0.1,90.17857142857046,908.7857142857047,1.9544856413035059,TP,2022Q4,2022,41
2958,57720,2022-12-22 17:00:00,57720,2022-12-22 17:00:00,BUY,1802.68,1797.1760714285715,1797.1760714285715,1813.6878571428572,0.1,-55.7392857142856,-550.392857142856,-1.0,SL,2022Q4,2022,0
2959,57722,2022-12-22 18:00:00,57726,2022-12-22 20:00:00,BUY,1795.67,1789.6667857142859,1789.6667857142859,1807.6764285714287,0.1,-60.73214285714194,-600.3214285714193,-1.0,SL,2022Q4,2022,4
2960,57749,2022-12-23 08:30:00,57750,2022-12-23 09:00:00,SELL,1794.38,1797.2107142857144,1797.2107142857144,1788.7185714285715,0.1,-29.007142857142934,-283.07142857142935,-1.0,SL,2022Q4,2022,1
2961,57752,2022-12-23 10:00:00,57763,2022-12-23 15:30:00,SELL,1797.45,1800.2903571428574,1800.2903571428574,1791.7692857142856,0.1,-29.103571428573286,-284.03571428573287,-1.0,SL,2022Q4,2022,11
2962,57764,2022-12-23 16:00:00,57766,2022-12-23 17:00:00,SELL,1794.09,1797.9396428571429,1797.9396428571429,1786.390714285714,0.1,-39.196428571429536,-384.96428571429533,-1.0,SL,2022Q4,2022,2
2963,57770,2022-12-23 19:00:00,57787,2022-12-27 04:30:00,SELL,1800.41,1805.1157142857144,1805.1157142857144,1790.9985714285713,0.1,-47.75714285714294,-470.57142857142935,-1.0,SL,2022Q4,2022,17
2964,57794,2022-12-27 08:00:00,57800,2022-12-27 11:00:00,SELL,1805.71,1808.8825000000002,1808.8825000000002,1799.365,0.1,-32.425000000001276,-317.25000000001273,-1.0,SL,2022Q4,2022,6
2965,57802,2022-12-27 12:00:00,57806,2022-12-27 14:00:00,SELL,1808.51,1811.4071428571428,1811.4071428571428,1802.7157142857143,0.1,-29.67142857142853,-289.7142857142853,-1.0,SL,2022Q4,2022,4
2966,57807,2022-12-27 14:30:00,57810,2022-12-27 16:00:00,SELL,1809.47,1803.395,1812.5075,1803.395,0.1,60.05000000000045,607.5000000000045,1.932421560740216,TP,2022Q4,2022,3
2967,57811,2022-12-27 16:30:00,57812,2022-12-27 17:00:00,BUY,1804.42,1810.825,1801.2175,1810.825,0.1,63.349999999999724,640.4999999999973,1.9358288770052798,TP,2022Q4,2022,1
2968,57841,2022-12-28 08:30:00,57842,2022-12-28 09:00:00,BUY,1810.97,1807.6014285714286,1807.6014285714286,1817.7071428571428,0.1,-34.38571428571386,-336.85714285713857,-1.0,SL,2022Q4,2022,1
2969,57843,2022-12-28 09:30:00,57844,2022-12-28 10:00:00,BUY,1810.01,1806.785,1806.785,1816.46,0.1,-32.94999999999909,-322.4999999999909,-1.0,SL,2022Q4,2022,1
2970,57849,2022-12-28 12:30:00,57849,2022-12-28 12:30:00,BUY,1805.16,1801.0328571428572,1801.0328571428572,1813.4142857142858,0.1,-41.97142857142872,-412.71428571428714,-1.0,SL,2022Q4,2022,0
2971,57861,2022-12-28 18:30:00,57902,2022-12-29 16:00:00,BUY,1801.36,1812.2607142857141,1795.909642857143,1812.2607142857141,0.1,108.3071428571423,1090.071428571423,1.9619589829850954,TP,2022Q4,2022,41
2972,57903,2022-12-29 16:30:00,57903,2022-12-29 16:30:00,SELL,1811.51,1815.4635714285714,1815.4635714285714,1803.6028571428571,0.1,-40.235714285714224,-395.3571428571422,-1.0,SL,2022Q4,2022,0
2973,57905,2022-12-29 17:30:00,57908,2022-12-29 19:00:00,SELL,1813.77,1818.2078571428572,1818.2078571428572,1804.8942857142856,0.1,-45.078571428571834,-443.7857142857183,-1.0,SL,2022Q4,2022,3
2974,57909,2022-12-29 19:30:00,57948,2022-12-30 16:00:00,SELL,1817.72,1822.6142857142856,1822.6142857142856,1807.9314285714286,0.1,-49.64285714285616,-489.42857142856155,-1.0,SL,2022Q4,2022,39
2975,57949,2022-12-30 16:30:00,57956,2022-12-30 20:00:00,SELL,1819.56,1824.2078571428572,1824.2078571428572,1810.2642857142857,0.1,-47.1785714285722,-464.78571428572195,-1.0,SL,2022Q4,2022,7
2976,57957,2022-12-30 20:30:00,57964,2023-01-03 01:00:00,SELL,1820.0,1826.2817857142857,1826.2817857142857,1807.4364285714285,0.1,-63.51785714285661,-628.1785714285661,-1.0,SL,2022Q4,2022,7
2977,57969,2023-01-03 03:30:00,57971,2023-01-03 04:30:00,SELL,1828.0,1832.8267857142857,1832.8267857142857,1818.3464285714285,0.1,-48.96785714285734,-482.6785714285734,-1.0,SL,2023Q1,2023,2
2978,57979,2023-01-03 08:30:00,57980,2023-01-03 09:00:00,SELL,1841.71,1846.9696428571428,1846.9696428571428,1831.1907142857144,0.1,-53.29642857142808,-525.9642857142808,-1.0,SL,2023Q1,2023,1
2979,57982,2023-01-03 10:00:00,57983,2023-01-03 10:30:00,SELL,1847.38,1835.4892857142859,1853.3253571428572,1835.4892857142859,0.1,118.20714285714239,1189.071428571424,1.965089354628035,TP,2023Q1,2023,1
2980,57998,2023-01-03 18:00:00,58026,2023-01-04 09:00:00,BUY,1833.3,1849.2792857142858,1825.3103571428571,1849.2792857142858,0.1,159.0928571428588,1597.928571428588,1.9739442548854804,TP,2023Q1,2023,28
2981,58030,2023-01-04 11:00:00,58042,2023-01-04 17:00:00,SELL,1859.86,1850.1271428571426,1864.7264285714286,1850.1271428571426,0.1,96.62857142857256,973.2857142857256,1.9574591231369831,TP,2023Q1,2023,12
2982,58051,2023-01-04 21:30:00,58075,2023-01-05 10:30:00,BUY,1851.06,1843.7635714285714,1843.7635714285714,1865.652857142857,0.1,-73.66428571428578,-729.6428571428578,-1.0,SL,2023Q1,2023,24
2983,58076,2023-01-05 11:00:00,58085,2023-01-05 15:30:00,BUY,1846.5,1841.0325,1841.0325,1857.435,0.1,-55.37499999999973,-546.7499999999973,-1.0,SL,2023Q1,2023,9
2984,58087,2023-01-05 16:30:00,58088,2023-01-05 17:00:00,BUY,1836.33,1828.8739285714285,1828.8739285714285,1851.2421428571429,0.1,-75.26071428571477,-745.6071428571477,-1.0,SL,2023Q1,2023,1
2985,58111,2023-01-06 05:30:00,58131,2023-01-06 15:30:00,SELL,1840.15,1843.5753571428572,1843.5753571428572,1833.2992857142858,0.1,-34.95357142857138,-342.53571428571377,-1.0,SL,2023Q1,2023,20
2986,58133,2023-01-06 16:30:00,58134,2023-01-06 17:00:00,SELL,1845.8,1852.5585714285714,1852.5585714285714,1832.2828571428572,0.1,-68.28571428571486,-675.8571428571486,-1.0,SL,2023Q1,2023,1
2987,58137,2023-01-06 18:30:00,58142,2023-01-06 21:00:00,SELL,1860.38,1869.832142857143,1869.832142857143,1841.4757142857143,0.1,-95.22142857142917,-945.2142857142917,-1.0,SL,2023Q1,2023,5
2988,58143,2023-01-06 21:30:00,58155,2023-01-09 04:30:00,SELL,1868.18,1877.9150000000002,1877.9150000000002,1848.71,0.1,-98.05000000000128,-973.5000000000127,-1.0,SL,2023Q1,2023,12
2989,58157,2023-01-09 05:30:00,58179,2023-01-09 16:30:00,SELL,1877.21,1881.2128571428573,1881.2128571428573,1869.2042857142858,0.1,-40.72857142857238,-400.28571428572377,-1.0,SL,2023Q1,2023,22
2990,58180,2023-01-09 17:00:00,58253,2023-01-11 07:30:00,SELL,1876.95,1882.1046428571428,1882.1046428571428,1866.6407142857145,0.1,-52.2464285714279,-515.464285714279,-1.0,SL,2023Q1,2023,73
2991,58260,2023-01-11 11:00:00,58266,2023-01-11 14:00:00,SELL,1883.78,1875.92,1887.71,1875.92,0.1,77.899999999999,785.99999999999,1.9474999999999438,TP,2023Q1,2023,6
2992,58274,2023-01-11 18:00:00,58293,2023-01-12 04:30:00,BUY,1872.17,1882.8585714285714,1866.8257142857144,1882.8585714285714,0.1,106.18571428571322,1068.8571428571322,1.9612137203166222,TP,2023Q1,2023,19
2993,58299,2023-01-12 07:30:00,58312,2023-01-12 14:00:00,SELL,1884.28,1887.1846428571428,1887.1846428571428,1878.4707142857142,0.1,-29.746428571427895,-290.46428571427896,-1.0,SL,2023Q1,2023,13
2994,58315,2023-01-12 15:30:00,58315,2023-01-12 15:30:00,SELL,1886.64,1890.4350000000002,1890.4350000000002,1879.0500000000002,0.1,-38.65000000000073,-379.5000000000073,-1.0,SL_AMBIGUOUS_PESSIMISTIC,2023Q1,2023,0
2995,58316,2023-01-12 16:00:00,58316,2023-01-12 16:00:00,BUY,1899.69,1892.775,1892.775,1913.52,0.1,-69.84999999999964,-691.4999999999964,-1.0,SL,2023Q1,2023,0
2996,58365,2023-01-13 17:30:00,58370,2023-01-13 20:00:00,SELL,1912.04,1919.0021428571429,1919.0021428571429,1898.1157142857141,0.1,-70.32142857142908,-696.2142857142908,-1.0,SL,2023Q1,2023,5
2997,58379,2023-01-16 01:30:00,58383,2023-01-16 03:30:00,SELL,1919.02,1923.5735714285715,1923.5735714285715,1909.912857142857,0.1,-46.23571428571559,-455.35714285715585,-1.0,SL,2023Q1,2023,4
2998,58387,2023-01-16 05:30:00,58393,2023-01-16 08:30:00,SELL,1924.7,1915.8671428571429,1929.1164285714285,1915.8671428571429,0.1,87.62857142857165,883.2857142857165,1.9531921668524614,TP,2023Q1,2023,6
2999,58430,2023-01-17 06:30:00,58434,2023-01-17 08:30:00,BUY,1910.78,1907.305357142857,1907.305357142857,1917.7292857142857,0.1,-35.446428571429536,-347.46428571429533,-1.0,SL,2023Q1,2023,4
3000,58443,2023-01-17 13:00:00,58448,2023-01-17 15:30:00,BUY,1906.35,1914.1392857142857,1902.455357142857,1914.1392857142857,0.1,77.19285714285824,778.9285714285825,1.947031798937089,TP,2023Q1,2023,5
3001,58449,2023-01-17 16:00:00,58472,2023-01-18 04:30:00,SELL,1912.88,1903.1535714285715,1917.7432142857144,1903.1535714285715,0.1,96.56428571428641,972.6428571428642,1.957431405198002,TP,2023Q1,2023,23
3002,58473,2023-01-18 05:00:00,58474,2023-01-18 05:30:00,BUY,1904.23,1900.4789285714287,1900.4789285714287,1911.7321428571427,0.1,-38.21071428571322,-375.1071428571322,-1.0,SL,2023Q1,2023,1
3003,58479,2023-01-18 08:00:00,58481,2023-01-18 09:00:00,BUY,1898.06,1906.1235714285715,1894.0282142857143,1906.1235714285715,0.1,79.93571428571549,806.3571428571549,1.9488027862429802,TP,2023Q1,2023,2
3004,58487,2023-01-18 12:00:00,58494,2023-01-18 15:30:00,SELL,1914.72,1920.0107142857144,1920.0107142857144,1904.1385714285714,0.1,-53.6071428571433,-529.071428571433,-1.0,SL,2023Q1,2023,7
3005,58496,2023-01-18 16:30:00,58498,2023-01-18 17:30:00,SELL,1922.55,1911.8014285714285,1927.9242857142858,1911.8014285714285,0.1,106.78571428571495,1074.8571428571495,1.9614274468642992,TP,2023Q1,2023,2
3006,58502,2023-01-18 19:30:00,58541,2023-01-19 16:00:00,BUY,1903.37,1917.1635714285712,1896.4732142857142,1917.1635714285712,0.1,137.2357142857134,1379.357142857134,1.969856974419439,TP,2023Q1,2023,39
3007,58545,2023-01-19 18:00:00,58550,2023-01-19 20:30:00,SELL,1918.02,1923.962142857143,1923.962142857143,1906.1357142857144,0.1,-60.12142857142926,-594.2142857142926,-1.0,SL,2023Q1,2023,5
3008,58553,2023-01-19 22:00:00,58575,2023-01-20 10:00:00,SELL,1929.55,1936.504642857143,1936.504642857143,1915.6407142857142,0.1,-70.24642857142972,-695.4642857142971,-1.0,SL,2023Q1,2023,22
3009,58576,2023-01-20 10:30:00,58586,2023-01-20 15:30:00,SELL,1932.96,1924.2557142857145,1937.3121428571428,1924.2557142857145,0.1,86.3428571428556,870.4285714285561,1.952511710547568,TP,2023Q1,2023,10
3010,58589,2023-01-20 17:00:00,58620,2023-01-23 09:30:00,BUY,1925.24,1919.7157142857143,1919.7157142857143,1936.2885714285715,0.1,-55.94285714285725,-552.4285714285725,-1.0,SL,2023Q1,2023,31
3011,58622,2023-01-23 10:30:00,58633,2023-01-23 16:00:00,BUY,1922.28,1918.5,1918.5,1929.84,0.1,-38.49999999999973,-377.99999999999727,-1.0,SL,2023Q1,2023,11
3012,58635,2023-01-23 17:00:00,58642,2023-01-23 20:30:00,BUY,1916.88,1928.7792857142858,1910.9303571428572,1928.7792857142858,0.1,118.29285714285724,1189.9285714285725,1.9651142094334024,TP,2023Q1,2023,7
3013,58643,2023-01-23 21:00:00,58654,2023-01-24 03:30:00,SELL,1927.72,1934.7603571428572,1934.7603571428572,1913.639285714286,0.1,-71.10357142857147,-704.0357142857147,-1.0,SL,2023Q1,2023,11
3014,58656,2023-01-24 04:30:00,58664,2023-01-24 08:30:00,SELL,1934.39,1937.8635714285715,1937.8635714285715,1927.442857142857,0.1,-35.43571428571404,-347.3571428571404,-1.0,SL,2023Q1,2023,8
3015,58666,2023-01-24 09:30:00,58678,2023-01-24 15:30:00,SELL,1939.63,1932.8157142857144,1943.037142857143,1932.8157142857144,0.1,67.44285714285688,681.4285714285688,1.9396055875102707,TP,2023Q1,2023,12
3016,58679,2023-01-24 16:00:00,58679,2023-01-24 16:00:00,BUY,1932.61,1928.0467857142855,1928.0467857142855,1941.7364285714286,0.1,-46.332142857143666,-456.3214285714366,-1.0,SL,2023Q1,2023,0
3017,58682,2023-01-24 17:30:00,58717,2023-01-25 12:00:00,BUY,1930.88,1924.2435714285714,1924.2435714285714,1944.1528571428573,0.1,-67.06428571428724,-663.6428571428723,-1.0,SL,2023Q1,2023,35
3018,58718,2023-01-25 12:30:00,58724,2023-01-25 15:30:00,BUY,1926.0,1920.7757142857142,1920.7757142857142,1936.4485714285715,0.1,-52.942857142857704,-522.428571428577,-1.0,SL,2023Q1,2023,6
3019,58728,2023-01-25 17:30:00,58730,2023-01-25 18:30:00,SELL,1930.99,1937.7560714285714,1937.7560714285714,1917.457857142857,0.1,-68.36071428571422,-676.6071428571422,-1.0,SL,2023Q1,2023,2
3020,58733,2023-01-25 20:00:00,58737,2023-01-25 22:00:00,SELL,1937.35,1944.4417857142857,1944.4417857142857,1923.1664285714285,0.1,-71.61785714285834,-709.1785714285834,-1.0,SL,2023Q1,2023,4
3021,58742,2023-01-26 01:30:00,58761,2023-01-26 11:00:00,SELL,1947.32,1937.1735714285714,1952.3932142857143,1937.1735714285714,0.1,100.76428571428487,1014.6428571428487,1.9591695021178648,TP,2023Q1,2023,19
3022,58763,2023-01-26 12:00:00,58770,2023-01-26 15:30:00,BUY,1936.92,1931.8907142857145,1931.8907142857145,1946.9785714285715,0.1,-50.99285714285607,-502.92857142856064,-1.0,SL,2023Q1,2023,7
3023,58771,2023-01-26 16:00:00,58772,2023-01-26 16:30:00,BUY,1937.87,1931.8582142857142,1931.8582142857142,1949.8935714285712,0.1,-60.817857142856795,-601.1785714285679,-1.0,SL,2023Q1,2023,1
3024,58773,2023-01-26 17:00:00,58774,2023-01-26 17:30:00,BUY,1933.33,1926.7964285714286,1926.7964285714286,1946.3971428571426,0.1,-66.0357142857135,-653.3571428571349,-1.0,SL,2023Q1,2023,1
3025,58776,2023-01-26 18:30:00,58820,2023-01-27 17:30:00,BUY,1925.81,1918.4,1918.4,1940.6299999999999,0.1,-74.79999999999855,-740.9999999999854,-1.0,SL,2023Q1,2023,44
3026,58821,2023-01-27 18:00:00,58892,2023-01-31 07:30:00,BUY,1924.25,1917.6446428571428,1917.6446428571428,1937.4607142857144,0.1,-66.75357142857202,-660.5357142857201,-1.0,SL,2023Q1,2023,71
3027,58900,2023-01-31 11:30:00,58901,2023-01-31 12:00:00,BUY,1906.9,1902.2425,1902.2425,1916.215,0.1,-47.275000000000276,-465.75000000000273,-1.0,SL,2023Q1,2023,1
3028,58902,2023-01-31 12:30:00,58908,2023-01-31 15:30:00,BUY,1905.51,1915.7485714285713,1900.3907142857142,1915.7485714285713,0.1,101.68571428571276,1023.8571428571277,1.9595320027528813,TP,2023Q1,2023,6
3029,58912,2023-01-31 17:30:00,58913,2023-01-31 18:00:00,SELL,1922.15,1929.4989285714287,1929.4989285714287,1907.452142857143,0.1,-74.18928571428587,-734.8928571428587,-1.0,SL,2023Q1,2023,1
3030,58914,2023-01-31 18:30:00,58966,2023-02-01 21:30:00,SELL,1928.44,1936.347142857143,1936.347142857143,1912.6257142857141,0.1,-79.77142857142844,-790.7142857142844,-1.0,SL,2023Q1,2023,52
3031,58970,2023-02-01 23:30:00,58987,2023-02-02 09:00:00,SELL,1949.99,1959.6446428571428,1959.6446428571428,1930.6807142857142,0.1,-97.2464285714279,-965.464285714279,-1.0,SL,2023Q1,2023,17
3032,58988,2023-02-02 09:30:00,59000,2023-02-02 15:30:00,SELL,1956.96,1948.3478571428573,1961.2660714285714,1948.3478571428573,0.1,85.42142857142771,861.2142857142771,1.9520117522239444,TP,2023Q1,2023,12
3033,59002,2023-02-02 16:30:00,59002,2023-02-02 16:30:00,BUY,1946.92,1941.0314285714287,1941.0314285714287,1958.697142857143,0.1,-59.58571428571368,-588.8571428571368,-1.0,SL,2023Q1,2023,0
3034,59004,2023-02-02 17:30:00,59006,2023-02-02 18:30:00,BUY,1925.02,1916.0510714285713,1916.0510714285713,1942.9578571428572,0.1,-90.38928571428706,-896.8928571428705,-1.0,SL,2023Q1,2023,2
3035,59007,2023-02-02 19:00:00,59046,2023-02-03 15:30:00,BUY,1918.71,1909.1710714285714,1909.1710714285714,1937.7878571428573,0.1,-96.08928571428642,-953.8928571428642,-1.0,SL,2023Q1,2023,39
3036,59050,2023-02-03 17:30:00,59053,2023-02-03 19:00:00,BUY,1875.77,1865.3889285714286,1865.3889285714286,1896.5321428571428,0.1,-104.51071428571431,-1038.1071428571431,-1.0,SL,2023Q1,2023,3
3037,59056,2023-02-03 20:30:00,59176,2023-02-08 11:30:00,BUY,1863.59,1885.87,1851.9607142857142,1886.8485714285716,0.1,222.09999999999974,2227.9999999999973,1.8984064961230775,TIME_EXIT,2023Q1,2023,120
3038,59184,2023-02-08 15:30:00,59230,2023-02-09 15:30:00,BUY,1875.53,1889.1971428571428,1868.6964285714284,1889.1971428571428,0.1,135.97142857142836,1366.7142857142835,1.9695809622348357,TP,2023Q1,2023,46
3039,59232,2023-02-09 16:30:00,59233,2023-02-09 17:00:00,SELL,1886.96,1874.827142857143,1893.0264285714286,1874.827142857143,0.1,120.62857142857119,1213.285714285712,1.9657781399138632,TP,2023Q1,2023,1
3040,59236,2023-02-09 18:30:00,59238,2023-02-09 19:30:00,BUY,1873.14,1865.6453571428572,1865.6453571428572,1888.129285714286,0.1,-75.64642857142935,-749.4642857142935,-1.0,SL,2023Q1,2023,2
3041,59239,2023-02-09 20:00:00,59242,2023-02-09 21:30:00,BUY,1868.58,1860.468214285714,1860.468214285714,1884.8035714285716,0.1,-81.81785714285816,-811.1785714285816,-1.0,SL,2023Q1,2023,3
3042,59244,2023-02-09 22:30:00,59328,2023-02-13 18:30:00,BUY,1860.23,1851.5,1851.5,1877.69,0.1,-88.00000000000018,-873.0000000000018,-1.0,SL,2023Q1,2023,84
3043,59332,2023-02-13 20:30:00,59354,2023-02-14 08:30:00,BUY,1853.33,1863.5149999999999,1848.2375,1863.5149999999999,0.1,101.14999999999945,1018.4999999999945,1.9593220338983046,TP,2023Q1,2023,22
3044,59365,2023-02-14 14:00:00,59368,2023-02-14 15:30:00,BUY,1857.41,1852.7353571428573,1852.7353571428573,1866.7592857142856,0.1,-47.44642857142772,-467.46428571427714,-1.0,SL_AMBIGUOUS_PESSIMISTIC,2023Q1,2023,3
3045,59369,2023-02-14 16:00:00,59369,2023-02-14 16:00:00,BUY,1862.66,1855.4010714285716,1855.4010714285716,1877.1778571428572,0.1,-73.28928571428442,-725.8928571428442,-1.0,SL,2023Q1,2023,0
3046,59370,2023-02-14 16:30:00,59402,2023-02-15 09:30:00,BUY,1849.46,1840.906785714286,1840.906785714286,1866.5664285714286,0.1,-86.23214285714148,-855.3214285714148,-1.0,SL,2023Q1,2023,32
3047,59404,2023-02-15 10:30:00,59418,2023-02-15 17:30:00,BUY,1836.21,1831.0510714285715,1831.0510714285715,1846.527857142857,0.1,-52.28928571428533,-515.8928571428532,-1.0,SL,2023Q1,2023,14
3048,59419,2023-02-15 18:00:00,59460,2023-02-16 15:30:00,BUY,1834.32,1828.8085714285714,1828.8085714285714,1845.342857142857,0.1,-55.81428571428496,-551.1428571428496,-1.0,SL,2023Q1,2023,41
3049,59464,2023-02-16 17:30:00,59483,2023-02-17 04:00:00,BUY,1832.62,1826.107857142857,1826.107857142857,1845.6442857142854,0.1,-65.82142857142863,-651.2142857142862,-1.0,SL,2023Q1,2023,19
3050,59484,2023-02-17 04:30:00,59488,2023-02-17 06:30:00,BUY,1829.47,1825.0332142857144,1825.0332142857144,1838.3435714285715,0.1,-45.06785714285634,-443.6785714285634,-1.0,SL,2023Q1,2023,4
3051,59489,2023-02-17 07:00:00,59493,2023-02-17 09:00:00,BUY,1826.87,1823.0503571428571,1823.0503571428571,1834.5092857142856,0.1,-38.896428571427535,-381.9642857142753,-1.0,SL,2023Q1,2023,4
3052,59497,2023-02-17 11:00:00,59509,2023-02-17 17:00:00,BUY,1822.49,1830.7592857142859,1818.3553571428572,1830.7592857142859,0.1,81.99285714285843,826.9285714285843,1.9500552110762446,TP,2023Q1,2023,12
3053,59511,2023-02-17 18:00:00,59513,2023-02-17 19:00:00,SELL,1834.43,1840.8746428571428,1840.8746428571428,1821.5407142857143,0.1,-65.14642857142753,-644.4642857142753,-1.0,SL,2023Q1,2023,2
3054,59515,2023-02-17 20:00:00,59541,2023-02-20 10:00:00,SELL,1840.77,1847.0925,1847.0925,1828.125,0.1,-63.92499999999991,-632.2499999999991,-1.0,SL,2023Q1,2023,26
3055,59542,2023-02-20 10:30:00,59573,2023-02-21 05:30:00,SELL,1844.96,1837.7857142857142,1848.547142857143,1837.7857142857142,0.1,71.04285714285815,717.4285714285816,1.9425781250000005,TP,2023Q1,2023,31
3056,59574,2023-02-21 06:00:00,59580,2023-02-21 09:00:00,BUY,1838.54,1835.7703571428572,1835.7703571428572,1844.0792857142856,0.1,-28.396428571427986,-276.96428571427987,-1.0,SL,2023Q1,2023,6
3057,59582,2023-02-21 10:00:00,59583,2023-02-21 10:30:00,BUY,1834.82,1831.0989285714286,1831.0989285714286,1842.2621428571426,0.1,-37.910714285713496,-372.10714285713493,-1.0,SL,2023Q1,2023,1
3058,59584,2023-02-21 11:00:00,59590,2023-02-21 14:00:00,BUY,1834.9,1830.8189285714286,1830.8189285714286,1843.0621428571428,0.1,-41.51071428571477,-408.10714285714766,-1.0,SL,2023Q1,2023,6
3059,59592,2023-02-21 15:00:00,59595,2023-02-21 16:30:00,BUY,1833.32,1842.62,1828.6699999999998,1842.62,0.1,92.29999999999954,929.9999999999955,1.9555084745762237,TP,2023Q1,2023,3
3060,59596,2023-02-21 17:00:00,59597,2023-02-21 17:30:00,SELL,1834.73,1840.3260714285714,1840.3260714285714,1823.5378571428573,0.1,-56.660714285713496,-559.6071428571349,-1.0,SL,2023Q1,2023,1
3061,59629,2023-02-22 10:30:00,59634,2023-02-22 13:00:00,SELL,1836.11,1839.3264285714283,1839.3264285714283,1829.6771428571428,0.1,-32.864285714284236,-321.64285714284233,-1.0,SL,2023Q1,2023,5
3062,59638,2023-02-22 15:00:00,59647,2023-02-22 19:30:00,SELL,1841.47,1831.1585714285713,1846.6257142857144,1831.1585714285713,0.1,102.41428571428678,1031.1428571428678,1.9598141060688903,TP,2023Q1,2023,9
3063,59648,2023-02-22 20:00:00,59650,2023-02-22 21:00:00,BUY,1833.36,1827.1339285714284,1827.1339285714284,1845.8121428571428,0.1,-62.96071428571459,-622.6071428571458,-1.0,SL,2023Q1,2023,2
3064,59653,2023-02-22 22:30:00,59685,2023-02-23 15:30:00,BUY,1825.43,1819.7932142857144,1819.7932142857144,1836.7035714285714,0.1,-57.067857142856795,-563.6785714285679,-1.0,SL,2023Q1,2023,32
3065,59686,2023-02-23 16:00:00,59689,2023-02-23 17:30:00,BUY,1825.65,1820.8660714285716,1820.8660714285716,1835.2178571428572,0.1,-48.53928571428533,-478.39285714285325,-1.0,SL,2023Q1,2023,3
3066,59720,2023-02-24 10:00:00,59727,2023-02-24 13:30:00,BUY,1822.18,1819.0353571428573,1819.0353571428573,1828.4692857142857,0.1,-32.14642857142799,-314.46428571427987,-1.0,SL,2023Q1,2023,7
3067,59731,2023-02-24 15:30:00,59732,2023-02-24 16:00:00,BUY,1815.82,1811.2192857142857,1811.2192857142857,1825.0214285714283,0.1,-46.707142857142756,-460.07142857142753,-1.0,SL,2023Q1,2023,1
3068,59734,2023-02-24 17:00:00,59757,2023-02-27 05:30:00,BUY,1812.94,1807.2732142857144,1807.2732142857144,1824.2735714285714,0.1,-57.36785714285652,-566.6785714285652,-1.0,SL,2023Q1,2023,23
3069,59781,2023-02-27 17:30:00,59812,2023-02-28 10:00:00,SELL,1818.3,1809.8764285714285,1822.5117857142857,1809.8764285714285,0.1,83.53571428571449,842.3571428571449,1.950955042121945,TP,2023Q1,2023,31
3070,59828,2023-02-28 18:00:00,59830,2023-02-28 19:00:00,SELL,1823.99,1829.215357142857,1829.215357142857,1813.5392857142858,0.1,-52.953571428570925,-522.5357142857092,-1.0,SL,2023Q1,2023,2
3071,59832,2023-02-28 20:00:00,59855,2023-03-01 08:30:00,SELL,1829.1,1834.7485714285713,1834.7485714285713,1817.8028571428572,0.1,-57.18571428571359,-564.8571428571358,-1.0,SL,2023Q1,2023,23
3072,59861,2023-03-01 11:30:00,59864,2023-03-01 13:00:00,SELL,1831.85,1836.218214285714,1836.218214285714,1823.1135714285715,0.1,-44.38214285714203,-436.82142857142026,-1.0,SL,2023Q1,2023,3
3073,59866,2023-03-01 14:00:00,59867,2023-03-01 14:30:00,SELL,1835.23,1840.2367857142858,1840.2367857142858,1825.2164285714287,0.1,-50.76785714285798,-500.67857142857974,-1.0,SL,2023Q1,2023,1
3074,59869,2023-03-01 15:30:00,59871,2023-03-01 16:30:00,SELL,1836.81,1842.4114285714284,1842.4114285714284,1825.607142857143,0.1,-56.714285714284145,-560.1428571428414,-1.0,SL,2023Q1,2023,2
3075,59873,2023-03-01 17:30:00,59948,2023-03-03 09:00:00,SELL,1838.07,1844.7792857142856,1844.7792857142856,1824.6514285714286,0.1,-67.7928571428567,-670.928571428567,-1.0,SL,2023Q1,2023,75
3076,59949,2023-03-03 09:30:00,59952,2023-03-03 11:00:00,SELL,1843.36,1846.3782142857142,1846.3782142857142,1837.3235714285713,0.1,-30.882142857142934,-301.82142857142935,-1.0,SL,2023Q1,2023,3
3077,59954,2023-03-03 12:00:00,59956,2023-03-03 13:00:00,SELL,1845.84,1848.8410714285712,1848.8410714285712,1839.837857142857,0.1,-30.71071428571322,-300.1071428571322,-1.0,SL,2023Q1,2023,2
3078,59957,2023-03-03 13:30:00,59964,2023-03-03 17:00:00,SELL,1846.91,1840.3892857142857,1850.1703571428573,1840.3892857142857,0.1,64.50714285714348,652.0714285714348,1.9369436997319038,TP,2023Q1,2023,7
3079,59976,2023-03-03 23:00:00,60018,2023-03-06 21:00:00,SELL,1854.97,1845.3635714285715,1859.7732142857142,1845.3635714285715,0.1,95.36428571428523,960.6428571428523,1.9569072920484147,TP,2023Q1,2023,42
3080,60019,2023-03-06 21:30:00,60046,2023-03-07 12:00:00,BUY,1847.22,1843.1453571428572,1843.1453571428572,1855.3692857142858,0.1,-41.446428571428626,-407.46428571428623,-1.0,SL,2023Q1,2023,27
3081,60047,2023-03-07 12:30:00,60050,2023-03-07 14:00:00,BUY,1844.19,1840.5139285714286,1840.5139285714286,1851.5421428571428,0.1,-37.46071428571504,-367.6071428571504,-1.0,SL,2023Q1,2023,3
3082,60054,2023-03-07 16:00:00,60055,2023-03-07 16:30:00,BUY,1835.61,1831.2321428571427,1831.2321428571427,1844.3657142857141,0.1,-44.47857142857238,-437.78571428572377,-1.0,SL,2023Q1,2023,1
3083,60063,2023-03-07 20:30:00,60079,2023-03-08 05:30:00,BUY,1815.91,1809.2928571428572,1809.2928571428572,1829.1442857142858,0.1,-66.87142857142881,-661.714285714288,-1.0,SL,2023Q1,2023,16
3084,60080,2023-03-08 06:00:00,60087,2023-03-08 09:30:00,BUY,1810.02,1814.6699999999998,1807.695,1814.6699999999998,0.1,45.79999999999863,464.99999999998636,1.9123173277660863,TP,2023Q1,2023,7
3085,60089,2023-03-08 10:30:00,60094,2023-03-08 13:00:00,SELL,1813.91,1816.5435714285716,1816.5435714285716,1808.6428571428573,0.1,-27.035714285714857,-263.3571428571486,-1.0,SL,2023Q1,2023,5
3086,60104,2023-03-08 18:00:00,60145,2023-03-09 15:30:00,SELL,1820.64,1825.4250000000002,1825.4250000000002,1811.07,0.1,-48.55000000000082,-478.5000000000082,-1.0,SL,2023Q1,2023,41
3087,60149,2023-03-09 17:30:00,60180,2023-03-10 10:00:00,SELL,1830.54,1835.4310714285714,1835.4310714285714,1820.7578571428571,0.1,-49.610714285714224,-489.1071428571422,-1.0,SL,2023Q1,2023,31
3088,60181,2023-03-10 10:30:00,60183,2023-03-10 11:30:00,SELL,1833.43,1836.9325000000001,1836.9325000000001,1826.425,0.1,-35.72500000000055,-350.25000000000546,-1.0,SL,2023Q1,2023,2
3089,60196,2023-03-10 18:00:00,60208,2023-03-13 00:00:00,SELL,1862.95,1870.93,1870.93,1846.99,0.1,-80.50000000000018,-798.0000000000018,-1.0,SL,2023Q1,2023,12
3090,60232,2023-03-13 12:00:00,60236,2023-03-13 14:00:00,SELL,1885.73,1892.4660714285715,1892.4660714285715,1872.2578571428571,0.1,-68.0607142857145,-673.6071428571449,-1.0,SL,2023Q1,2023,4
3091,60240,2023-03-13 16:00:00,60240,2023-03-13 16:00:00,SELL,1896.52,1906.9675,1906.9675,1875.625,0.1,-105.17499999999991,-1044.749999999999,-1.0,SL,2023Q1,2023,0
3092,60244,2023-03-13 18:00:00,60327,2023-03-15 13:30:00,SELL,1904.78,1916.6835714285714,1916.6835714285714,1880.972857142857,0.1,-119.73571428571468,-1190.3571428571468,-1.0,SL,2023Q1,2023,83
3093,60331,2023-03-15 15:30:00,60336,2023-03-15 18:00:00,SELL,1923.78,1933.9360714285715,1933.9360714285715,1903.4678571428572,0.1,-102.26071428571522,-1015.6071428571522,-1.0,SL,2023Q1,2023,5
3094,60338,2023-03-15 19:00:00,60341,2023-03-15 20:30:00,SELL,1933.46,1910.06,1945.16,1910.06,0.1,233.30000000000092,2340.000000000009,1.9821580288870009,TP,2023Q1,2023,3
3095,60353,2023-03-16 03:30:00,60374,2023-03-16 14:00:00,BUY,1911.51,1927.2514285714285,1903.6392857142857,1927.2514285714285,0.1,156.71428571428515,1574.1428571428514,1.9735540163713232,TP,2023Q1,2023,21
3096,60376,2023-03-16 15:00:00,60380,2023-03-16 17:00:00,SELL,1930.29,1916.5007142857141,1937.1846428571428,1916.5007142857141,0.1,137.19285714285826,1378.9285714285825,1.969847700117975,TP,2023Q1,2023,4
3097,60401,2023-03-17 04:30:00,60401,2023-03-17 04:30:00,SELL,1924.19,1927.3067857142858,1927.3067857142858,1917.9564285714287,0.1,-31.867857142856973,-311.67857142856974,-1.0,SL,2023Q1,2023,0
3098,60408,2023-03-17 08:00:00,60409,2023-03-17 08:30:00,SELL,1929.32,1933.1042857142857,1933.1042857142857,1921.7514285714283,0.1,-38.54285714285716,-378.42857142857156,-1.0,SL,2023Q1,2023,1
3099,60410,2023-03-17 09:00:00,60418,2023-03-17 13:00:00,SELL,1932.27,1936.5578571428573,1936.5578571428573,1923.6942857142856,0.1,-43.5785714285732,-428.78571428573196,-1.0,SL,2023Q1,2023,8
3100,60424,2023-03-17 16:00:00,60425,2023-03-17 16:30:00,SELL,1950.62,1957.3528571428571,1957.3528571428571,1937.1542857142856,0.1,-68.02857142857256,-673.2857142857256,-1.0,SL,2023Q1,2023,1
3101,60439,2023-03-20 00:30:00,60456,2023-03-20 09:00:00,SELL,1983.48,1995.1864285714285,1995.1864285714285,1960.067142857143,0.1,-117.76428571428433,-1170.6428571428432,-1.0,SL,2023Q1,2023,17
3102,60458,2023-03-20 10:00:00,60461,2023-03-20 11:30:00,SELL,2003.3,1985.2164285714284,2012.3417857142856,1985.2164285714284,0.1,180.13571428571532,1808.3571428571531,1.9769529259593397,TP,2023Q1,2023,3
3103,60494,2023-03-21 05:00:00,60501,2023-03-21 08:30:00,SELL,1983.15,1973.7535714285716,1987.8482142857144,1973.7535714285716,0.1,93.26428571428487,939.6428571428487,1.95595835517934,TP,2023Q1,2023,7
3104,60513,2023-03-21 14:30:00,60515,2023-03-21 15:30:00,BUY,1963.81,1956.7782142857143,1956.7782142857143,1977.8735714285713,0.1,-71.01785714285661,-703.1785714285661,-1.0,SL,2023Q1,2023,2
3105,60517,2023-03-21 16:30:00,60519,2023-03-21 17:30:00,BUY,1952.59,1943.8835714285715,1943.8835714285715,1970.002857142857,0.1,-87.76428571428433,-870.6428571428432,-1.0,SL,2023Q1,2023,2
3106,60520,2023-03-21 18:00:00,60522,2023-03-21 19:00:00,BUY,1948.25,1939.7664285714286,1939.7664285714286,1965.2171428571428,0.1,-85.53571428571395,-848.3571428571395,-1.0,SL,2023Q1,2023,2
3107,60526,2023-03-21 21:00:00,60570,2023-03-22 20:00:00,BUY,1936.84,1956.3057142857142,1927.107142857143,1956.3057142857142,0.1,193.95714285714286,1946.5714285714284,1.9785776741475019,TP,2023Q1,2023,44
3108,60592,2023-03-23 08:00:00,60592,2023-03-23 08:00:00,SELL,1976.99,1982.3182142857142,1982.3182142857142,1966.3335714285715,0.1,-53.98214285714239,-532.8214285714239,-1.0,SL,2023Q1,2023,0
3109,60612,2023-03-23 18:00:00,60612,2023-03-23 18:00:00,SELL,1983.91,1992.1375,1992.1375,1967.4550000000002,0.1,-82.97499999999964,-822.7499999999964,-1.0,SL,2023Q1,2023,0
3110,60617,2023-03-23 20:30:00,60660,2023-03-24 19:00:00,SELL,1999.37,1980.4421428571427,2008.8339285714285,1980.4421428571427,0.1,188.57857142857193,1892.7857142857192,1.9779734032590375,TP,2023Q1,2023,43
3111,60663,2023-03-24 20:30:00,60684,2023-03-27 09:00:00,BUY,1977.52,1967.5289285714284,1967.5289285714284,1997.5021428571429,0.1,-100.61071428571559,-999.1071428571558,-1.0,SL,2023Q1,2023,21
3112,60687,2023-03-27 10:30:00,60690,2023-03-27 12:00:00,BUY,1967.61,1962.6942857142856,1962.6942857142856,1977.4414285714286,0.1,-49.8571428571433,-491.571428571433,-1.0,SL,2023Q1,2023,3
3113,60700,2023-03-27 17:00:00,60747,2023-03-28 17:30:00,BUY,1949.35,1967.7421428571427,1940.1539285714284,1967.7421428571427,0.1,183.22142857142745,1839.2142857142744,1.9773366737328721,TP,2023Q1,2023,47
3114,60755,2023-03-28 21:30:00,60778,2023-03-29 10:00:00,SELL,1971.79,1959.292857142857,1978.0385714285715,1959.292857142857,0.1,124.2714285714299,1249.714285714299,1.966764639385033,TP,2023Q1,2023,23
3115,60779,2023-03-29 10:30:00,60793,2023-03-29 17:30:00,BUY,1960.99,1969.3428571428572,1956.8135714285713,1969.3428571428572,0.1,82.82857142857146,835.2857142857147,1.9505466778805196,TP,2023Q1,2023,14
3116,60794,2023-03-29 18:00:00,60813,2023-03-30 04:30:00,SELL,1969.0,1956.532857142857,1975.2335714285714,1956.532857142857,0.1,123.97142857143017,1246.7142857143017,1.9666855524079678,TP,2023Q1,2023,19
3117,60814,2023-03-30 05:00:00,60822,2023-03-30 09:00:00,BUY,1959.22,1966.1092857142858,1955.775357142857,1966.1092857142858,0.1,68.19285714285733,688.9285714285734,1.940249974596015,TP,2023Q1,2023,8
3118,60823,2023-03-30 09:30:00,60824,2023-03-30 10:00:00,SELL,1966.51,1970.3917857142858,1970.3917857142858,1958.7464285714286,0.1,-39.51785714285798,-388.17857142857974,-1.0,SL,2023Q1,2023,1
3119,60825,2023-03-30 10:30:00,60834,2023-03-30 15:00:00,SELL,1967.19,1971.4917857142857,1971.4917857142857,1958.5864285714288,0.1,-43.71785714285643,-430.1785714285643,-1.0,SL,2023Q1,2023,9
3120,60836,2023-03-30 16:00:00,60841,2023-03-30 18:30:00,SELL,1970.17,1975.249642857143,1975.249642857143,1960.0107142857144,0.1,-51.49642857142972,-507.96428571429715,-1.0,SL,2023Q1,2023,5
3121,60871,2023-03-31 10:30:00,60873,2023-03-31 11:30:00,BUY,1977.92,1974.0735714285715,1974.0735714285715,1985.6128571428571,0.1,-39.16428571428533,-384.64285714285325,-1.0,SL,2023Q1,2023,2
3122,60874,2023-03-31 12:00:00,60881,2023-03-31 15:30:00,BUY,1975.57,1984.0342857142855,1971.337857142857,1984.0342857142855,0.1,83.94285714285552,846.4285714285552,1.9511871160550693,TP,2023Q1,2023,7
3123,60882,2023-03-31 16:00:00,60891,2023-03-31 20:30:00,SELL,1979.5,1967.2278571428571,1985.6360714285715,1967.2278571428571,0.1,122.02142857142853,1227.2142857142853,1.9661621683834594,TP,2023Q1,2023,9
3124,60901,2023-04-03 02:30:00,60907,2023-04-03 05:30:00,BUY,1960.7,1954.7535714285714,1954.7535714285714,1972.5928571428572,0.1,-60.16428571428669,-594.6428571428669,-1.0,SL,2023Q2,2023,6
3125,60921,2023-04-03 12:30:00,60922,2023-04-03 13:00:00,SELL,1964.39,1969.6625000000001,1969.6625000000001,1953.8450000000003,0.1,-53.42500000000037,-527.2500000000036,-1.0,SL,2023Q2,2023,1
3126,60927,2023-04-03 15:30:00,60930,2023-04-03 17:00:00,SELL,1977.86,1983.8064285714286,1983.8064285714286,1965.9671428571428,0.1,-60.16428571428669,-594.6428571428669,-1.0,SL,2023Q2,2023,3
3127,60932,2023-04-03 18:00:00,60976,2023-04-04 17:00:00,SELL,1985.96,1993.4385714285715,1993.4385714285715,1971.0028571428572,0.1,-75.48571428571513,-747.8571428571513,-1.0,SL,2023Q2,2023,44
3128,60981,2023-04-04 19:30:00,61019,2023-04-05 15:30:00,SELL,2021.13,2030.73,2030.73,2001.9300000000003,0.1,-96.6999999999991,-959.9999999999909,-1.0,SL,2023Q2,2023,38
3129,61021,2023-04-05 16:30:00,61023,2023-04-05 17:30:00,SELL,2026.21,2014.6857142857143,2031.972142857143,2014.6857142857143,0.1,114.54285714285724,1152.4285714285725,1.9639926515615431,TP,2023Q2,2023,2
3130,61046,2023-04-06 06:00:00,61055,2023-04-06 10:30:00,BUY,2011.01,2017.2907142857143,2007.869642857143,2017.2907142857143,0.1,62.10714285714339,628.0714285714339,1.934586717098745,TP,2023Q2,2023,9
3131,61062,2023-04-06 14:00:00,61065,2023-04-06 15:30:00,SELL,2020.19,2011.6935714285717,2024.4382142857144,2011.6935714285717,0.1,84.26428571428396,849.6428571428396,1.9513687867007994,TP,2023Q2,2023,3
3132,61067,2023-04-06 16:30:00,61067,2023-04-06 16:30:00,BUY,2011.22,2006.0610714285715,2006.0610714285715,2021.537857142857,0.1,-52.28928571428533,-515.8928571428532,-1.0,SL,2023Q2,2023,0
3133,61083,2023-04-10 01:30:00,61088,2023-04-10 04:00:00,BUY,2002.09,1996.2925,1996.2925,2013.685,0.1,-58.674999999999,-579.74999999999,-1.0,SL,2023Q2,2023,5
3134,61092,2023-04-10 06:00:00,61115,2023-04-10 17:30:00,BUY,1991.24,1984.97,1984.97,2003.78,0.1,-63.39999999999982,-626.9999999999982,-1.0,SL,2023Q2,2023,23
3135,61116,2023-04-10 18:00:00,61146,2023-04-11 10:00:00,BUY,1987.8,2001.945,1980.7275,2001.945,0.1,140.74999999999983,1414.4999999999982,1.9705985299264963,TP,2023Q2,2023,30
3136,61148,2023-04-11 11:00:00,61148,2023-04-11 11:00:00,SELL,2001.89,2006.2410714285716,2006.2410714285716,1993.1878571428572,0.1,-44.21071428571459,-435.10714285714585,-1.0,SL,2023Q2,2023,0
3137,61150,2023-04-11 12:00:00,61180,2023-04-12 04:00:00,SELL,2004.48,2009.0025,2009.0025,1995.435,0.1,-45.92500000000037,-452.25000000000364,-1.0,SL,2023Q2,2023,30
3138,61184,2023-04-12 06:00:00,61184,2023-04-12 06:00:00,SELL,2014.76,2018.2657142857142,2018.2657142857142,2007.7485714285715,0.1,-35.75714285714248,-350.5714285714248,-1.0,SL,2023Q2,2023,0
3139,61203,2023-04-12 15:30:00,61203,2023-04-12 15:30:00,BUY,2007.52,2016.3335714285713,2003.1132142857143,2016.3335714285713,0.1,87.43571428571322,881.3571428571322,1.9530913442361382,TP,2023Q2,2023,0
3140,61206,2023-04-12 17:00:00,61239,2023-04-13 10:30:00,BUY,2007.99,2024.7,1999.635,2024.7,0.1,166.40000000000038,1671.0000000000036,1.9750741839762613,TP,2023Q2,2023,33
3141,61242,2023-04-13 12:00:00,61249,2023-04-13 15:30:00,SELL,2026.45,2030.635,2030.635,2018.08,0.1,-42.54999999999946,-418.49999999999454,-1.0,SL,2023Q2,2023,7
3142,61253,2023-04-13 17:30:00,61295,2023-04-14 15:30:00,SELL,2042.06,2027.7199999999998,2049.23,2027.7199999999998,0.1,142.70000000000147,1434.0000000000146,1.9709944751381219,TP,2023Q2,2023,42
3143,61301,2023-04-14 18:30:00,61345,2023-04-17 17:30:00,BUY,1999.51,1988.6864285714287,1988.6864285714287,2021.1571428571428,0.1,-108.93571428571313,-1082.3571428571313,-1.0,SL,2023Q2,2023,44
3144,61365,2023-04-18 04:30:00,61365,2023-04-18 04:30:00,SELL,1996.28,1998.7817857142857,1998.7817857142857,1991.2764285714286,0.1,-25.717857142856882,-250.17857142856883,-1.0,SL,2023Q2,2023,0
3145,61378,2023-04-18 11:00:00,61388,2023-04-18 16:00:00,SELL,2002.17,1993.9350000000002,2006.2875,1993.9350000000002,0.1,81.649999999999,823.49999999999,1.949850746268709,TP,2023Q2,2023,10
3146,61390,2023-04-18 17:00:00,61393,2023-04-18 18:30:00,BUY,1999.29,2010.9707142857142,1993.4496428571429,2010.9707142857142,0.1,116.10714285714202,1168.0714285714203,1.964469152214635,TP,2023Q2,2023,3
3147,61394,2023-04-18 19:00:00,61420,2023-04-19 09:00:00,SELL,2008.42,1994.1442857142856,2015.5578571428573,1994.1442857142856,0.1,142.05714285714458,1427.5714285714457,1.9708651273411955,TP,2023Q2,2023,26
3148,61429,2023-04-19 13:30:00,61435,2023-04-19 16:30:00,BUY,1974.38,1989.6950000000002,1966.7225,1989.6950000000002,0.1,152.45000000000056,1531.5000000000055,1.972824328696215,TP,2023Q2,2023,6
3149,61442,2023-04-19 20:00:00,61474,2023-04-20 13:00:00,SELL,1995.87,2003.07,2003.07,1981.4699999999998,0.1,-72.70000000000046,-720.0000000000045,-1.0,SL,2023Q2,2023,32
3150,61476,2023-04-20 14:00:00,61479,2023-04-20 15:30:00,SELL,2003.44,2008.9064285714285,2008.9064285714285,1992.507142857143,0.1,-55.364285714284236,-546.6428571428423,-1.0,SL,2023Q2,2023,3
3151,61483,2023-04-20 17:30:00,61512,2023-04-21 09:00:00,SELL,2005.87,1990.6492857142855,2013.480357142857,1990.6492857142855,0.1,151.50714285714395,1522.0714285714394,1.9726575215066557,TP,2023Q2,2023,29
3152,61529,2023-04-21 17:30:00,61628,2023-04-25 21:00:00,BUY,1982.22,2002.3092857142858,1972.1753571428571,2002.3092857142858,0.1,200.1928571428578,2008.928571428578,1.9792380212563117,TP,2023Q2,2023,99
3153,61629,2023-04-25 21:30:00,61664,2023-04-26 16:00:00,SELL,1998.88,2006.8460714285716,2006.8460714285716,1982.9478571428572,0.1,-80.36071428571468,-796.6071428571468,-1.0,SL,2023Q2,2023,35
3154,61670,2023-04-26 19:00:00,61673,2023-04-26 20:30:00,BUY,1991.61,1983.5024999999998,1983.5024999999998,2007.825,0.1,-81.77500000000073,-810.7500000000073,-1.0,SL,2023Q2,2023,3
3155,61674,2023-04-26 21:00:00,61710,2023-04-27 16:00:00,BUY,1988.51,1979.2989285714286,1979.2989285714286,2006.932142857143,0.1,-92.81071428571359,-921.1071428571358,-1.0,SL,2023Q2,2023,36
3156,61712,2023-04-27 17:00:00,61800,2023-05-01 15:00:00,BUY,1982.29,1997.392857142857,1974.7385714285715,1997.392857142857,0.1,150.32857142857148,1510.2857142857147,1.97244611059047,TP,2023Q2,2023,88
3157,61803,2023-05-01 16:30:00,61804,2023-05-01 17:00:00,SELL,2002.35,1991.140714285714,2007.9546428571427,1991.140714285714,0.1,111.39285714285897,1120.9285714285897,1.962993265781398,TP,2023Q2,2023,1
3158,61835,2023-05-02 09:30:00,61843,2023-05-02 13:30:00,SELL,1984.47,1987.4539285714286,1987.4539285714286,1978.5021428571429,0.1,-30.53928571428578,-298.3928571428578,-1.0,SL,2023Q2,2023,8
3159,61877,2023-05-03 07:30:00,61892,2023-05-03 15:00:00,SELL,2016.8,2012.3621428571428,2019.0189285714284,2012.3621428571428,0.1,43.67857142857183,443.7857142857183,1.908254017787582,TP,2023Q2,2023,15
3160,61896,2023-05-03 17:00:00,61897,2023-05-03 17:30:00,SELL,2013.43,2018.674642857143,2018.674642857143,2002.9407142857144,0.1,-53.146428571429354,-524.4642857142935,-1.0,SL,2023Q2,2023,1
3161,61904,2023-05-03 21:00:00,61904,2023-05-03 21:00:00,SELL,2023.3,2030.817142857143,2030.817142857143,2008.2657142857142,0.1,-75.87142857142972,-751.7142857142971,-1.0,SL,2023Q2,2023,0
3162,61905,2023-05-03 21:30:00,61907,2023-05-03 22:30:00,SELL,2022.36,2031.5046428571427,2031.5046428571427,2004.070714285714,0.1,-92.14642857142799,-914.4642857142799,-1.0,SL,2023Q2,2023,2
3163,61942,2023-05-04 17:00:00,61942,2023-05-04 17:00:00,SELL,2044.18,2052.0389285714286,2052.0389285714286,2028.4621428571431,0.1,-79.28928571428578,-785.8928571428578,-1.0,SL,2023Q2,2023,0
3164,61944,2023-05-04 18:00:00,61980,2023-05-05 13:00:00,SELL,2055.13,2037.3250000000003,2064.0325000000003,2037.3250000000003,0.1,177.34999999999837,1780.4999999999836,1.9765951518528335,TP,2023Q2,2023,36
3165,61981,2023-05-05 13:30:00,61984,2023-05-05 15:00:00,BUY,2038.33,2034.2489285714285,2034.2489285714285,2046.4921428571427,0.1,-41.51071428571477,-408.10714285714766,-1.0,SL,2023Q2,2023,3
3166,61987,2023-05-05 16:30:00,61988,2023-05-05 17:00:00,BUY,2008.52,2000.860357142857,2000.860357142857,2023.8392857142856,0.1,-77.29642857142899,-765.9642857142899,-1.0,SL,2023Q2,2023,1
3167,61989,2023-05-05 17:30:00,62031,2023-05-08 15:30:00,BUY,2008.38,2026.4250000000002,1999.3575,2026.4250000000002,0.1,179.75000000000074,1804.5000000000073,1.9769040417926864,TP,2023Q2,2023,42
3168,62034,2023-05-08 17:00:00,62043,2023-05-08 21:30:00,BUY,2025.05,2020.5564285714286,2020.5564285714286,2034.0371428571427,0.1,-45.63571428571386,-449.35714285713857,-1.0,SL,2023Q2,2023,9
3169,62062,2023-05-09 08:00:00,62062,2023-05-09 08:00:00,SELL,2025.48,2028.3878571428572,2028.3878571428572,2019.6642857142856,0.1,-29.778571428572103,-290.78571428572104,-1.0,SL,2023Q2,2023,0
3170,62064,2023-05-09 09:00:00,62072,2023-05-09 13:00:00,SELL,2026.05,2029.3221428571428,2029.3221428571428,2019.5057142857142,0.1,-33.421428571428535,-327.2142857142853,-1.0,SL,2023Q2,2023,8
3171,62074,2023-05-09 14:00:00,62086,2023-05-09 20:00:00,SELL,2030.75,2035.0807142857143,2035.0807142857143,2022.0885714285714,0.1,-44.00714285714294,-433.07142857142935,-1.0,SL,2023Q2,2023,12
3172,62088,2023-05-09 21:00:00,62123,2023-05-10 15:30:00,SELL,2035.42,2040.9378571428572,2040.9378571428572,2024.3842857142859,0.1,-55.87857142857111,-551.785714285711,-1.0,SL,2023Q2,2023,35
3173,62163,2023-05-11 12:30:00,62166,2023-05-11 14:00:00,BUY,2024.26,2032.3985714285714,2020.1907142857144,2032.3985714285714,0.1,80.68571428571367,813.8571428571368,1.9492666091458684,TP,2023Q2,2023,3
3174,62168,2023-05-11 15:00:00,62171,2023-05-11 16:30:00,SELL,2036.78,2025.3500000000001,2042.495,2025.3500000000001,0.1,113.59999999999836,1142.9999999999836,1.9636992221261877,TP,2023Q2,2023,3
3175,62194,2023-05-12 05:00:00,62195,2023-05-12 05:30:00,BUY,2012.12,2009.267857142857,2009.267857142857,2017.8242857142857,0.1,-29.221428571427804,-285.21428571427805,-1.0,SL,2023Q2,2023,1
3176,62196,2023-05-12 06:00:00,62202,2023-05-12 09:00:00,BUY,2010.84,2007.8024999999998,2007.8024999999998,2016.915,0.1,-31.075000000001364,-303.75000000001364,-1.0,SL,2023Q2,2023,6
3177,62203,2023-05-12 09:30:00,62208,2023-05-12 12:00:00,BUY,2008.96,2005.195,2005.195,2016.4900000000002,0.1,-38.350000000001,-376.50000000001,-1.0,SL,2023Q2,2023,5
3178,62209,2023-05-12 12:30:00,62209,2023-05-12 12:30:00,BUY,2006.78,2002.4235714285714,2002.4235714285714,2015.4928571428572,0.1,-44.264285714285236,-435.64285714285234,-1.0,SL,2023Q2,2023,0
3179,62218,2023-05-12 17:00:00,62295,2023-05-16 09:30:00,SELL,2017.66,2004.4064285714287,2024.2867857142858,2004.4064285714287,0.1,131.83571428571378,1325.3571428571377,1.9686416724441362,TP,2023Q2,2023,77
3180,62296,2023-05-16 10:00:00,62306,2023-05-16 15:00:00,BUY,2007.33,2003.55,2003.55,2014.8899999999999,0.1,-38.49999999999973,-377.99999999999727,-1.0,SL,2023Q2,2023,10
3181,62307,2023-05-16 15:30:00,62307,2023-05-16 15:30:00,BUY,2005.58,2001.235357142857,2001.235357142857,2014.2692857142858,0.1,-44.146428571428444,-434.4642857142844,-1.0,SL_AMBIGUOUS_PESSIMISTIC,2023Q2,2023,0
3182,62308,2023-05-16 16:00:00,62310,2023-05-16 17:00:00,BUY,2012.13,2006.8017857142859,2006.8017857142859,2022.7864285714288,0.1,-53.98214285714239,-532.8214285714239,-1.0,SL,2023Q2,2023,2
3183,62313,2023-05-16 18:30:00,62313,2023-05-16 18:30:00,BUY,2001.43,1995.649642857143,1995.649642857143,2012.9907142857144,0.1,-58.50357142857156,-578.0357142857156,-1.0,SL,2023Q2,2023,0
3184,62317,2023-05-16 20:30:00,62353,2023-05-17 15:30:00,BUY,1989.5,1981.912142857143,1981.912142857143,2004.6757142857143,0.1,-76.57857142857047,-758.7857142857047,-1.0,SL,2023Q2,2023,36
3185,62354,2023-05-17 16:00:00,62355,2023-05-17 16:30:00,BUY,1985.03,1980.8792857142857,1980.8792857142857,1993.3314285714287,0.1,-42.2071428571423,-415.071428571423,-1.0,SL,2023Q2,2023,1
3186,62357,2023-05-17 17:30:00,62384,2023-05-18 08:00:00,BUY,1984.09,1978.2560714285714,1978.2560714285714,1995.7578571428571,0.1,-59.03928571428487,-583.3928571428487,-1.0,SL,2023Q2,2023,27
3187,62387,2023-05-18 09:30:00,62387,2023-05-18 09:30:00,BUY,1981.45,1978.6214285714286,1978.6214285714286,1987.107142857143,0.1,-28.98571428571422,-282.8571428571422,-1.0,SL,2023Q2,2023,0
3188,62389,2023-05-18 10:30:00,62389,2023-05-18 10:30:00,BUY,1978.19,1974.83,1974.83,1984.91,0.1,-34.300000000001276,-336.00000000001273,-1.0,SL,2023Q2,2023,0
3189,62391,2023-05-18 11:30:00,62399,2023-05-18 15:30:00,BUY,1975.68,1971.744642857143,1971.744642857143,1983.5507142857143,0.1,-40.05357142857129,-393.53571428571286,-1.0,SL,2023Q2,2023,8
3190,62402,2023-05-18 17:00:00,62403,2023-05-18 17:30:00,BUY,1960.05,1954.635,1954.635,1970.88,0.1,-54.84999999999964,-541.4999999999964,-1.0,SL,2023Q2,2023,1
3191,62405,2023-05-18 18:30:00,62432,2023-05-19 09:00:00,BUY,1955.0,1966.0700000000002,1949.465,1966.0700000000002,0.1,110.00000000000163,1107.0000000000164,1.962533452274755,TP,2023Q2,2023,27
3192,62434,2023-05-19 10:00:00,62450,2023-05-19 18:00:00,SELL,1964.3,1968.8342857142857,1968.8342857142857,1955.2314285714285,0.1,-46.04285714285716,-453.42857142857156,-1.0,SL,2023Q2,2023,16
3193,62452,2023-05-19 19:00:00,62455,2023-05-19 20:30:00,SELL,1974.7,1982.1228571428571,1982.1228571428571,1959.8542857142859,0.1,-74.92857142857083,-742.2857142857083,-1.0,SL,2023Q2,2023,3
3194,62479,2023-05-22 09:30:00,62489,2023-05-22 14:30:00,BUY,1975.35,1971.3760714285713,1971.3760714285713,1983.297857142857,0.1,-40.43928571428587,-397.3928571428587,-1.0,SL,2023Q2,2023,10
3195,62490,2023-05-22 15:00:00,62513,2023-05-23 03:30:00,BUY,1973.12,1968.0928571428572,1968.0928571428572,1983.1742857142856,0.1,-50.97142857142735,-502.7142857142735,-1.0,SL,2023Q2,2023,23
3196,62517,2023-05-23 05:30:00,62526,2023-05-23 10:00:00,BUY,1962.11,1958.8946428571428,1958.8946428571428,1968.540714285714,0.1,-32.853571428571016,-321.5357142857101,-1.0,SL,2023Q2,2023,9
3197,62529,2023-05-23 11:30:00,62532,2023-05-23 13:00:00,BUY,1960.41,1955.2521428571429,1955.2521428571429,1970.7257142857145,0.1,-52.27857142857211,-515.785714285721,-1.0,SL,2023Q2,2023,3
3198,62541,2023-05-23 17:30:00,62547,2023-05-23 20:30:00,SELL,1968.77,1975.1289285714286,1975.1289285714286,1956.0521428571428,0.1,-64.28928571428578,-635.8928571428578,-1.0,SL,2023Q2,2023,6
3199,62568,2023-05-24 08:00:00,62569,2023-05-24 08:30:00,SELL,1977.57,1980.5946428571428,1980.5946428571428,1971.5207142857141,0.1,-30.946428571429077,-302.4642857142908,-1.0,SL,2023Q2,2023,1
3200,62573,2023-05-24 10:30:00,62581,2023-05-24 14:30:00,BUY,1972.91,1980.804285714286,1968.9628571428573,1980.804285714286,0.1,78.24285714285843,789.4285714285843,1.9477240398293587,TP,2023Q2,2023,8
3201,62592,2023-05-24 20:00:00,62629,2023-05-25 15:30:00,BUY,1959.2,1952.2475,1952.2475,1973.1050000000002,0.1,-70.225000000001,-695.25000000001,-1.0,SL,2023Q2,2023,37
3202,62644,2023-05-25 23:00:00,62663,2023-05-26 09:30:00,BUY,1940.35,1951.7949999999998,1934.6275,1951.7949999999998,0.1,113.74999999999936,1144.4999999999936,1.963746223564993,TP,2023Q2,2023,19
3203,62664,2023-05-26 10:00:00,62665,2023-05-26 10:30:00,SELL,1951.49,1955.5528571428572,1955.5528571428572,1943.3642857142856,0.1,-41.328571428571834,-406.2857142857183,-1.0,SL,2023Q2,2023,1
3204,62676,2023-05-26 16:00:00,62679,2023-05-26 17:30:00,BUY,1947.5,1942.9067857142857,1942.9067857142857,1956.6864285714287,0.1,-46.63214285714339,-459.3214285714339,-1.0,SL,2023Q2,2023,3
3205,62681,2023-05-26 18:30:00,62747,2023-05-30 08:00:00,BUY,1942.23,1936.850357142857,1936.850357142857,1952.9892857142859,0.1,-54.49642857142926,-537.9642857142926,-1.0,SL,2023Q2,2023,66
3206,62755,2023-05-30 12:00:00,62756,2023-05-30 12:30:00,SELL,1944.85,1950.1567857142857,1950.1567857142857,1934.2364285714284,0.1,-53.76785714285752,-530.6785714285752,-1.0,SL,2023Q2,2023,1
3207,62760,2023-05-30 14:30:00,62761,2023-05-30 15:00:00,SELL,1955.26,1961.4464285714284,1961.4464285714284,1942.8871428571429,0.1,-62.56428571428451,-618.6428571428451,-1.0,SL,2023Q2,2023,1
3208,62762,2023-05-30 15:30:00,62810,2023-05-31 16:30:00,SELL,1959.46,1965.807142857143,1965.807142857143,1946.7657142857142,0.1,-64.17142857142899,-634.7142857142899,-1.0,SL,2023Q2,2023,48
3209,62813,2023-05-31 18:00:00,62844,2023-06-01 10:30:00,SELL,1969.81,1955.9371428571426,1976.7464285714286,1955.9371428571426,0.1,138.02857142857357,1387.2857142857356,1.9700275257416664,TP,2023Q2,2023,31
3210,62846,2023-06-01 11:30:00,62850,2023-06-01 13:30:00,BUY,1955.45,1962.6307142857142,1951.859642857143,1962.6307142857142,0.1,71.10714285714202,718.0714285714203,1.9426285491267432,TP,2023Q2,2023,4
3211,62852,2023-06-01 14:30:00,62853,2023-06-01 15:00:00,SELL,1967.03,1958.9857142857143,1971.0521428571428,1958.9857142857143,0.1,79.74285714285706,804.4285714285706,1.9486821434805373,TP,2023Q2,2023,1
3212,62856,2023-06-01 16:30:00,62856,2023-06-01 16:30:00,SELL,1968.17,1973.9889285714287,1973.9889285714287,1956.5321428571428,0.1,-58.889285714286146,-581.8928571428614,-1.0,SL,2023Q2,2023,0
3213,62858,2023-06-01 17:30:00,62859,2023-06-01 18:00:00,SELL,1971.77,1978.3967857142857,1978.3967857142857,1958.5164285714286,0.1,-66.96785714285689,-662.6785714285688,-1.0,SL,2023Q2,2023,1
3214,62904,2023-06-02 17:30:00,62907,2023-06-02 19:00:00,BUY,1962.62,1955.8292857142856,1955.8292857142856,1976.2014285714283,0.1,-68.6071428571433,-679.071428571433,-1.0,SL,2023Q2,2023,3
3215,62910,2023-06-02 20:30:00,62925,2023-06-05 05:00:00,BUY,1953.43,1945.5475000000001,1945.5475000000001,1969.1950000000002,0.1,-79.52499999999937,-788.2499999999936,-1.0,SL,2023Q2,2023,15
3216,62926,2023-06-05 05:30:00,62931,2023-06-05 08:00:00,BUY,1945.95,1942.9510714285714,1942.9510714285714,1951.9478571428572,0.1,-30.68928571428678,-299.8928571428678,-1.0,SL,2023Q2,2023,5
3217,62932,2023-06-05 08:30:00,62936,2023-06-05 10:30:00,BUY,1944.48,1941.2014285714286,1941.2014285714286,1951.037142857143,0.1,-33.48571428571468,-327.85714285714675,-1.0,SL,2023Q2,2023,4
3218,62945,2023-06-05 15:00:00,62949,2023-06-05 17:00:00,BUY,1942.45,1952.3757142857144,1937.4871428571428,1952.3757142857144,0.1,98.5571428571432,992.5714285714321,1.9582741981265523,TP,2023Q2,2023,4
3219,62958,2023-06-05 21:30:00,63040,2023-06-07 16:30:00,SELL,1960.94,1967.2078571428572,1967.2078571428572,1948.4042857142858,0.1,-63.37857142857111,-626.785714285711,-1.0,SL,2023Q2,2023,82
3220,63044,2023-06-07 18:30:00,63044,2023-06-07 18:30:00,BUY,1955.62,1949.3210714285713,1949.3210714285713,1968.217857142857,0.1,-63.68928571428633,-629.8928571428632,-1.0,SL,2023Q2,2023,0
3221,63054,2023-06-07 23:30:00,63084,2023-06-08 15:30:00,BUY,1940.71,1954.3964285714287,1933.8667857142857,1954.3964285714287,0.1,136.1642857142868,1368.6428571428678,1.9696233920545543,TP,2023Q2,2023,30
3222,63086,2023-06-08 16:30:00,63086,2023-06-08 16:30:00,SELL,1959.36,1964.150357142857,1964.150357142857,1949.7792857142856,0.1,-48.60357142857147,-479.0357142857147,-1.0,SL,2023Q2,2023,0
3223,63089,2023-06-08 18:00:00,63130,2023-06-09 15:30:00,SELL,1967.11,1972.7414285714285,1972.7414285714285,1955.8471428571427,0.1,-57.014285714286146,-563.1428571428614,-1.0,SL,2023Q2,2023,41
3224,63131,2023-06-09 16:00:00,63133,2023-06-09 17:00:00,SELL,1962.78,1967.1192857142858,1967.1192857142858,1954.1014285714284,0.1,-44.092857142857795,-433.9285714285779,-1.0,SL,2023Q2,2023,2
3225,63156,2023-06-12 05:30:00,63162,2023-06-12 08:30:00,BUY,1956.12,1961.0207142857141,1953.669642857143,1961.0207142857141,0.1,48.307142857142296,490.071428571423,1.9166784752728643,TP,2023Q2,2023,6
3226,63164,2023-06-12 09:30:00,63167,2023-06-12 11:00:00,SELL,1961.0,1964.212142857143,1964.212142857143,1954.5757142857144,0.1,-32.82142857142908,-321.2142857142908,-1.0,SL,2023Q2,2023,3
3227,63169,2023-06-12 12:00:00,63177,2023-06-12 16:00:00,SELL,1964.75,1957.6035714285715,1968.3232142857144,1957.6035714285715,0.1,70.76428571428487,714.6428571428487,1.9423585922948114,TP,2023Q2,2023,8
3228,63206,2023-06-13 07:30:00,63210,2023-06-13 09:30:00,SELL,1960.66,1963.3064285714286,1963.3064285714286,1955.3671428571429,0.1,-27.16428571428487,-264.6428571428487,-1.0,SL,2023Q2,2023,4
3229,63211,2023-06-13 10:00:00,63218,2023-06-13 13:30:00,SELL,1962.3,1965.5796428571427,1965.5796428571427,1955.7407142857144,0.1,-33.4964285714279,-327.96428571427896,-1.0,SL,2023Q2,2023,7
3230,63220,2023-06-13 14:30:00,63221,2023-06-13 15:00:00,SELL,1965.29,1958.527142857143,1968.6714285714286,1958.527142857143,0.1,66.92857142857001,676.2857142857001,1.9391556291390075,TP,2023Q2,2023,1
3231,63223,2023-06-13 16:00:00,63224,2023-06-13 16:30:00,BUY,1961.51,1955.2410714285713,1955.2410714285713,1974.047857142857,0.1,-63.3892857142866,-626.892857142866,-1.0,SL,2023Q2,2023,1
3232,63233,2023-06-13 21:00:00,63292,2023-06-15 04:30:00,BUY,1942.78,1933.5207142857143,1933.5207142857143,1961.2985714285712,0.1,-93.29285714285625,-925.9285714285625,-1.0,SL,2023Q2,2023,59
3233,63294,2023-06-15 05:30:00,63312,2023-06-15 14:30:00,BUY,1934.35,1928.26,1928.26,1946.53,0.1,-61.599999999999184,-608.9999999999918,-1.0,SL,2023Q2,2023,18
3234,63315,2023-06-15 16:00:00,63316,2023-06-15 16:30:00,BUY,1933.56,1945.4142857142856,1927.6328571428571,1945.4142857142856,0.1,117.84285714285652,1185.4285714285652,1.964983325393044,TP,2023Q2,2023,1
3235,63319,2023-06-15 18:00:00,63338,2023-06-16 04:30:00,SELL,1953.03,1961.544642857143,1961.544642857143,1936.0007142857141,0.1,-85.84642857142917,-851.4642857142917,-1.0,SL,2023Q2,2023,19
3236,63339,2023-06-16 05:00:00,63347,2023-06-16 09:00:00,SELL,1959.27,1961.5821428571428,1961.5821428571428,1954.6457142857143,0.1,-23.821428571428168,-231.2142857142817,-1.0,SL,2023Q2,2023,8
3237,63348,2023-06-16 09:30:00,63356,2023-06-16 13:30:00,SELL,1961.47,1964.9596428571429,1964.9596428571429,1954.4907142857141,0.1,-35.59642857142826,-348.9642857142826,-1.0,SL,2023Q2,2023,8
3238,63358,2023-06-16 14:30:00,63362,2023-06-16 16:30:00,SELL,1965.14,1957.79,1968.815,1957.79,0.1,72.80000000000136,735.0000000000136,1.9439252336449195,TP,2023Q2,2023,4
3239,63394,2023-06-19 09:30:00,63400,2023-06-19 12:30:00,BUY,1954.69,1951.9225000000001,1951.9225000000001,1960.2250000000001,0.1,-28.37499999999927,-276.7499999999927,-1.0,SL,2023Q2,2023,6
3240,63402,2023-06-19 13:30:00,63425,2023-06-20 04:30:00,BUY,1950.67,1947.3228571428572,1947.3228571428572,1957.3642857142859,0.1,-34.17142857142899,-334.7142857142899,-1.0,SL,2023Q2,2023,23
3241,63451,2023-06-20 17:30:00,63494,2023-06-21 16:00:00,BUY,1931.48,1925.7649999999999,1925.7649999999999,1942.91,0.1,-57.85000000000146,-571.5000000000146,-1.0,SL,2023Q2,2023,43
3242,63495,2023-06-21 16:30:00,63495,2023-06-21 16:30:00,BUY,1929.43,1924.4907142857144,1924.4907142857144,1939.3085714285714,0.1,-50.092857142856886,-493.92857142856883,-1.0,SL,2023Q2,2023,0
3243,63496,2023-06-21 17:00:00,63540,2023-06-22 16:00:00,BUY,1928.7,1922.7310714285716,1922.7310714285716,1940.6378571428572,0.1,-60.38928571428478,-596.8928571428478,-1.0,SL,2023Q2,2023,44
3244,63556,2023-06-23 01:00:00,63584,2023-06-23 15:00:00,BUY,1913.73,1922.7921428571428,1909.1989285714287,1922.7921428571428,0.1,89.92142857142817,906.2142857142817,1.9543584568812091,TP,2023Q2,2023,28
3245,63588,2023-06-23 17:00:00,63591,2023-06-23 18:30:00,SELL,1932.06,1921.4378571428572,1937.3710714285714,1921.4378571428572,0.1,105.52142857142762,1062.2142857142762,1.9609743147275083,TP,2023Q2,2023,3
3246,63624,2023-06-26 12:00:00,63633,2023-06-26 16:30:00,SELL,1931.58,1924.2214285714285,1935.2592857142856,1924.2214285714285,0.1,72.88571428571395,735.8571428571395,1.9439893313011998,TP,2023Q2,2023,9
3247,63634,2023-06-26 17:00:00,63674,2023-06-27 14:00:00,BUY,1924.92,1920.6278571428572,1920.6278571428572,1933.5042857142857,0.1,-43.62142857142835,-429.2142857142835,-1.0,SL,2023Q2,2023,40
3248,63678,2023-06-27 16:00:00,63679,2023-06-27 16:30:00,SELL,1926.15,1930.3542857142857,1930.3542857142857,1917.7414285714287,0.1,-42.74285714285561,-420.4285714285561,-1.0,SL,2023Q2,2023,1
3249,63680,2023-06-27 17:00:00,63680,2023-06-27 17:00:00,SELL,1923.22,1913.3028571428572,1928.1785714285713,1913.3028571428572,0.1,98.47142857142835,991.7142857142835,1.9582386363636803,TP,2023Q2,2023,0
3250,63689,2023-06-27 21:30:00,63718,2023-06-28 13:00:00,BUY,1913.43,1906.6778571428572,1906.6778571428572,1926.9342857142858,0.1,-68.22142857142872,-675.2142857142871,-1.0,SL,2023Q2,2023,29
3251,63722,2023-06-28 15:00:00,63725,2023-06-28 16:30:00,BUY,1907.29,1903.5292857142856,1903.5292857142856,1914.8114285714287,0.1,-38.307142857143575,-376.0714285714357,-1.0,SL,2023Q2,2023,3
3252,63726,2023-06-28 17:00:00,63727,2023-06-28 17:30:00,BUY,1910.02,1905.3775,1905.3775,1919.305,0.1,-47.124999999999275,-464.2499999999927,-1.0,SL,2023Q2,2023,1
3253,63733,2023-06-28 20:30:00,63756,2023-06-29 09:00:00,SELL,1913.11,1902.8071428571427,1918.2614285714285,1902.8071428571427,0.1,102.32857142857192,1030.2857142857192,1.959781121751026,TP,2023Q2,2023,23
3254,63757,2023-06-29 09:30:00,63766,2023-06-29 14:00:00,BUY,1903.51,1910.2064285714287,1900.1617857142858,1910.2064285714287,0.1,66.26428571428669,669.6428571428669,1.9385644133320052,TP,2023Q2,2023,9
3255,63772,2023-06-29 17:00:00,63773,2023-06-29 17:30:00,BUY,1899.79,1911.6207142857143,1893.8746428571428,1911.6207142857143,0.1,117.60714285714293,1183.0714285714294,1.9649143743660122,TP,2023Q2,2023,1
3256,63774,2023-06-29 18:00:00,63818,2023-06-30 17:00:00,SELL,1910.8,1918.0921428571428,1918.0921428571428,1896.215714285714,0.1,-73.62142857142835,-729.2142857142835,-1.0,SL,2023Q2,2023,44
3257,63822,2023-06-30 19:00:00,63862,2023-07-03 16:00:00,SELL,1918.9,1924.0653571428572,1924.0653571428572,1908.5692857142858,0.1,-52.35357142857147,-516.5357142857147,-1.0,SL,2023Q2,2023,40
3258,63865,2023-07-03 17:30:00,63949,2023-07-05 16:00:00,SELL,1925.63,1930.9217857142858,1930.9217857142858,1915.0464285714286,0.1,-53.61785714285652,-529.1785714285652,-1.0,SL,2023Q3,2023,84
3259,63953,2023-07-05 18:00:00,63959,2023-07-05 21:00:00,BUY,1922.78,1917.5642857142857,1917.5642857142857,1933.2114285714285,0.1,-52.85714285714285,-521.5714285714284,-1.0,SL,2023Q3,2023,6
3260,63961,2023-07-05 22:00:00,63993,2023-07-06 15:00:00,BUY,1916.29,1910.4967857142856,1910.4967857142856,1927.8764285714287,0.1,-58.63214285714385,-579.3214285714384,-1.0,SL,2023Q3,2023,32
3261,63994,2023-07-06 15:30:00,64030,2023-07-07 10:30:00,SELL,1910.25,1915.7475,1915.7475,1899.2549999999999,0.1,-55.67499999999946,-549.7499999999945,-1.0,SL,2023Q3,2023,36
3262,64031,2023-07-07 11:00:00,64036,2023-07-07 13:30:00,SELL,1914.47,1917.1057142857144,1917.1057142857144,1909.1985714285715,0.1,-27.05714285714357,-263.5714285714357,-1.0,SL,2023Q3,2023,5
3263,64037,2023-07-07 14:00:00,64039,2023-07-07 15:00:00,SELL,1916.28,1919.150357142857,1919.150357142857,1910.5392857142856,0.1,-29.40357142857074,-287.0357142857074,-1.0,SL,2023Q3,2023,2
3264,64041,2023-07-07 16:00:00,64042,2023-07-07 16:30:00,SELL,1918.71,1923.2389285714287,1923.2389285714287,1909.652142857143,0.1,-45.98928571428651,-452.89285714286507,-1.0,SL,2023Q3,2023,1
3265,64044,2023-07-07 17:30:00,64044,2023-07-07 17:30:00,SELL,1927.93,1933.9107142857142,1933.9107142857142,1915.9685714285715,0.1,-60.507142857141574,-598.0714285714157,-1.0,SL,2023Q3,2023,0
3266,64046,2023-07-07 18:30:00,64086,2023-07-10 15:30:00,SELL,1930.16,1916.2185714285715,1937.1307142857145,1916.2185714285715,0.1,138.7142857142856,1394.142857142856,1.970173480775052,TP,2023Q3,2023,40
3267,64096,2023-07-10 20:30:00,64117,2023-07-11 08:00:00,SELL,1925.08,1930.1864285714285,1930.1864285714285,1914.8671428571427,0.1,-51.764285714285236,-510.64285714285234,-1.0,SL,2023Q3,2023,21
3268,64118,2023-07-11 08:30:00,64119,2023-07-11 09:00:00,SELL,1928.5,1931.1378571428572,1931.1378571428572,1923.2242857142858,0.1,-27.078571428572285,-263.78571428572286,-1.0,SL,2023Q3,2023,1
3269,64128,2023-07-11 13:30:00,64178,2023-07-12 15:30:00,SELL,1936.99,1941.3871428571429,1941.3871428571429,1928.1957142857143,0.1,-44.671428571428535,-439.7142857142853,-1.0,SL,2023Q3,2023,50
3270,64182,2023-07-12 17:30:00,64203,2023-07-13 05:00:00,SELL,1954.39,1960.3707142857143,1960.3707142857143,1942.4285714285716,0.1,-60.507142857141574,-598.0714285714157,-1.0,SL,2023Q3,2023,21
3271,64204,2023-07-13 05:30:00,64208,2023-07-13 07:30:00,SELL,1959.78,1961.9892857142856,1961.9892857142856,1955.3614285714286,0.1,-22.7928571428567,-220.928571428567,-1.0,SL,2023Q3,2023,4
3272,64209,2023-07-13 08:00:00,64211,2023-07-13 09:00:00,SELL,1957.12,1959.9699999999998,1959.9699999999998,1951.42,0.1,-29.19999999999909,-284.9999999999909,-1.0,SL,2023Q3,2023,2
3273,64212,2023-07-13 09:30:00,64224,2023-07-13 15:30:00,SELL,1962.12,1954.4914285714285,1965.9342857142856,1954.4914285714285,0.1,75.58571428571376,762.8571428571377,1.9459360058845159,TP,2023Q3,2023,12
3274,64225,2023-07-13 16:00:00,64273,2023-07-14 17:00:00,BUY,1957.71,1952.7996428571428,1952.7996428571428,1967.5307142857143,0.1,-49.80357142857265,-491.0357142857265,-1.0,SL,2023Q3,2023,48
3275,64274,2023-07-14 17:30:00,64316,2023-07-17 15:30:00,BUY,1954.89,1949.865,1949.865,1964.94,0.1,-50.95000000000091,-502.5000000000091,-1.0,SL,2023Q3,2023,42
3276,64318,2023-07-17 16:30:00,64344,2023-07-18 06:30:00,BUY,1949.81,1960.3678571428572,1944.5310714285713,1960.3678571428572,0.1,104.87857142857301,1055.7857142857301,1.9607398010282437,TP,2023Q3,2023,26
3277,64345,2023-07-18 07:00:00,64351,2023-07-18 10:00:00,SELL,1959.89,1962.3607142857143,1962.3607142857143,1954.9485714285715,0.1,-25.40714285714166,-247.07142857141662,-1.0,SL,2023Q3,2023,6
3278,64353,2023-07-18 11:00:00,64359,2023-07-18 14:00:00,SELL,1961.41,1965.115,1965.115,1954.0000000000002,0.1,-37.749999999999275,-370.4999999999927,-1.0,SL,2023Q3,2023,6
3279,64368,2023-07-18 18:30:00,64458,2023-07-20 17:30:00,SELL,1981.96,1967.0757142857144,1989.402142857143,1967.0757142857144,0.1,148.14285714285626,1488.4285714285625,1.9720452600551188,TP,2023Q3,2023,90
3280,64459,2023-07-20 18:00:00,64490,2023-07-21 10:30:00,BUY,1970.6,1964.3364285714283,1964.3364285714283,1983.1271428571429,0.1,-63.33571428571595,-626.3571428571595,-1.0,SL,2023Q3,2023,31
3281,64494,2023-07-21 12:30:00,64501,2023-07-21 16:00:00,BUY,1963.94,1960.4225000000001,1960.4225000000001,1970.9750000000001,0.1,-35.874999999999275,-351.7499999999927,-1.0,SL,2023Q3,2023,7
3282,64502,2023-07-21 16:30:00,64557,2023-07-24 21:00:00,BUY,1961.47,1956.6175,1956.6175,1971.1750000000002,0.1,-49.22499999999964,-485.24999999999636,-1.0,SL,2023Q3,2023,55
3283,64566,2023-07-25 02:30:00,64569,2023-07-25 04:00:00,BUY,1954.13,1959.44,1951.4750000000001,1959.44,0.1,52.39999999999945,530.9999999999945,1.922935779816513,TP,2023Q3,2023,3
3284,64572,2023-07-25 05:30:00,64589,2023-07-25 14:00:00,SELL,1962.12,1957.1185714285714,1964.6207142857143,1957.1185714285714,0.1,49.31428571428505,500.1428571428505,1.918310641844871,TP,2023Q3,2023,17
3285,64596,2023-07-25 17:30:00,64626,2023-07-26 09:30:00,BUY,1958.26,1970.6221428571428,1952.0789285714286,1970.6221428571428,0.1,122.92142857142771,1236.2142857142771,1.9664057590127404,TP,2023Q3,2023,30
3286,64627,2023-07-26 10:00:00,64630,2023-07-26 11:30:00,SELL,1969.4,1972.154642857143,1972.154642857143,1963.8907142857145,0.1,-28.24642857142926,-275.4642857142926,-1.0,SL,2023Q3,2023,3
3287,64637,2023-07-26 15:00:00,64640,2023-07-26 16:30:00,SELL,1972.12,1965.3892857142855,1975.485357142857,1965.3892857142855,0.1,66.60714285714384,673.0714285714384,1.9388709845098249,TP,2023Q3,2023,3
3288,64644,2023-07-26 18:30:00,64650,2023-07-26 21:30:00,SELL,1972.86,1977.5067857142856,1977.5067857142856,1963.5664285714283,0.1,-47.167857142856704,-464.678571428567,-1.0,SL,2023Q3,2023,6
3289,64665,2023-07-27 06:00:00,64684,2023-07-27 15:30:00,SELL,1979.14,1971.67,1982.875,1971.67,0.1,74.00000000000027,747.0000000000027,1.9448094612352749,TP,2023Q3,2023,19
3290,64688,2023-07-27 17:30:00,64735,2023-07-28 18:00:00,BUY,1946.11,1961.6521428571427,1938.3389285714284,1961.6521428571427,0.1,154.72142857142836,1554.2142857142835,1.973217945798195,TP,2023Q3,2023,47
3291,64739,2023-07-28 20:00:00,64776,2023-07-31 15:30:00,SELL,1960.93,1966.63,1966.63,1949.53,0.1,-57.70000000000046,-570.0000000000045,-1.0,SL,2023Q3,2023,37
3292,64799,2023-08-01 04:00:00,64800,2023-08-01 04:30:00,BUY,1963.48,1961.2385714285715,1961.2385714285715,1967.962857142857,0.1,-23.114285714285142,-224.14285714285143,-1.0,SL,2023Q3,2023,1
3293,64803,2023-08-01 06:00:00,64807,2023-08-01 08:00:00,BUY,1960.68,1958.4567857142858,1958.4567857142858,1965.1264285714287,0.1,-22.932142857142207,-222.32142857142208,-1.0,SL,2023Q3,2023,4
3294,64808,2023-08-01 08:30:00,64809,2023-08-01 09:00:00,BUY,1959.39,1956.9139285714286,1956.9139285714286,1964.342142857143,0.1,-25.460714285714584,-247.60714285714585,-1.0,SL,2023Q3,2023,1
3295,64812,2023-08-01 10:30:00,64819,2023-08-01 14:00:00,BUY,1956.41,1953.4882142857143,1953.4882142857143,1962.2535714285716,0.1,-29.91785714285761,-292.1785714285761,-1.0,SL,2023Q3,2023,7
3296,64820,2023-08-01 14:30:00,64821,2023-08-01 15:00:00,BUY,1956.11,1952.7414285714285,1952.7414285714285,1962.8471428571427,0.1,-34.38571428571386,-336.85714285713857,-1.0,SL,2023Q3,2023,1
3297,64824,2023-08-01 16:30:00,64826,2023-08-01 17:30:00,BUY,1948.56,1944.1692857142857,1944.1692857142857,1957.3414285714287,0.1,-44.60714285714239,-439.0714285714239,-1.0,SL,2023Q3,2023,2
3298,64827,2023-08-01 18:00:00,64832,2023-08-01 20:30:00,BUY,1946.78,1941.2192857142857,1941.2192857142857,1957.9014285714286,0.1,-56.30714285714312,-556.0714285714312,-1.0,SL,2023Q3,2023,5
3299,64833,2023-08-01 21:00:00,64871,2023-08-02 17:00:00,BUY,1942.99,1937.1475,1937.1475,1954.6750000000002,0.1,-59.12499999999973,-584.2499999999973,-1.0,SL,2023Q3,2023,38
3300,64873,2023-08-02 18:00:00,64913,2023-08-03 15:00:00,BUY,1935.9,1930.1742857142858,1930.1742857142858,1947.3514285714286,0.1,-57.957142857142756,-572.5714285714275,-1.0,SL,2023Q3,2023,40
3301,64914,2023-08-03 15:30:00,64960,2023-08-04 15:30:00,BUY,1931.29,1926.5457142857142,1926.5457142857142,1940.7785714285712,0.1,-48.14285714285752,-474.4285714285752,-1.0,SL_AMBIGUOUS_PESSIMISTIC,2023Q3,2023,46
3302,64961,2023-08-04 16:00:00,64997,2023-08-07 11:00:00,BUY,1939.03,1934.4624999999999,1934.4624999999999,1948.165,0.1,-46.375000000001094,-456.7500000000109,-1.0,SL,2023Q3,2023,36
3303,64999,2023-08-07 12:00:00,65002,2023-08-07 13:30:00,BUY,1936.34,1933.2682142857143,1933.2682142857143,1942.4835714285714,0.1,-31.417857142856246,-307.17857142856246,-1.0,SL,2023Q3,2023,3
3304,65003,2023-08-07 14:00:00,65009,2023-08-07 17:00:00,BUY,1935.42,1932.2014285714286,1932.2014285714286,1941.857142857143,0.1,-32.885714285715224,-321.8571428571522,-1.0,SL,2023Q3,2023,6
3305,65010,2023-08-07 17:30:00,65012,2023-08-07 18:30:00,BUY,1936.53,1932.0482142857143,1932.0482142857143,1945.4935714285714,0.1,-45.51785714285707,-448.17857142857065,-1.0,SL,2023Q3,2023,2
3306,65032,2023-08-08 05:30:00,65042,2023-08-08 10:30:00,BUY,1933.69,1931.3500000000001,1931.3500000000001,1938.3700000000001,0.1,-24.09999999999918,-233.99999999999181,-1.0,SL,2023Q3,2023,10
3307,65050,2023-08-08 14:30:00,65050,2023-08-08 14:30:00,BUY,1932.2,1928.63,1928.63,1939.3400000000001,0.1,-36.399999999999366,-356.99999999999363,-1.0,SL,2023Q3,2023,0
3308,65054,2023-08-08 16:30:00,65102,2023-08-09 17:30:00,BUY,1924.96,1920.1160714285716,1920.1160714285716,1934.647857142857,0.1,-49.13928571428478,-484.3928571428478,-1.0,SL,2023Q3,2023,48
3309,65104,2023-08-09 18:30:00,65144,2023-08-10 15:30:00,BUY,1917.15,1925.8607142857145,1912.794642857143,1925.8607142857145,0.1,86.40714285714402,871.0714285714403,1.9525462028891942,TP,2023Q3,2023,40
3310,65148,2023-08-10 17:30:00,65160,2023-08-10 23:30:00,BUY,1917.23,1912.0475000000001,1912.0475000000001,1927.595,0.1,-52.52499999999891,-518.2499999999891,-1.0,SL,2023Q3,2023,12
3311,65162,2023-08-11 01:30:00,65189,2023-08-11 15:00:00,BUY,1913.0,1920.337142857143,1909.3314285714287,1920.337142857143,0.1,72.67142857142908,733.7142857142908,1.943828811616414,TP,2023Q3,2023,27
3312,65202,2023-08-11 21:30:00,65235,2023-08-14 15:00:00,BUY,1913.56,1909.1007142857143,1909.1007142857143,1922.4785714285715,0.1,-45.292857142856704,-445.928571428567,-1.0,SL,2023Q3,2023,33
3313,65261,2023-08-15 05:00:00,65270,2023-08-15 09:30:00,BUY,1906.22,1903.847857142857,1903.847857142857,1910.9642857142858,0.1,-24.421428571429896,-237.21428571429897,-1.0,SL,2023Q3,2023,9
3314,65273,2023-08-15 11:00:00,65279,2023-08-15 14:00:00,BUY,1905.09,1902.2732142857142,1902.2732142857142,1910.7235714285714,0.1,-28.867857142857428,-281.6785714285743,-1.0,SL,2023Q3,2023,6
3315,65280,2023-08-15 14:30:00,65282,2023-08-15 15:30:00,BUY,1903.51,1900.8314285714287,1900.8314285714287,1908.8671428571429,0.1,-27.48571428571331,-267.8571428571331,-1.0,SL,2023Q3,2023,2
3316,65283,2023-08-15 16:00:00,65286,2023-08-15 17:30:00,BUY,1903.61,1911.2985714285712,1899.7657142857142,1911.2985714285712,0.1,76.18571428571322,768.8571428571322,1.9463503649635028,TP,2023Q3,2023,3
3317,65315,2023-08-16 09:00:00,65321,2023-08-16 12:00:00,SELL,1905.03,1907.2178571428572,1907.2178571428572,1900.6542857142856,0.1,-22.57857142857183,-218.7857142857183,-1.0,SL,2023Q3,2023,6
3318,65323,2023-08-16 13:00:00,65327,2023-08-16 15:00:00,SELL,1905.95,1901.1928571428573,1908.3285714285714,1901.1928571428573,0.1,46.87142857142753,475.7142857142753,1.91423570595099,TP,2023Q3,2023,4
3319,65330,2023-08-16 16:30:00,65335,2023-08-16 19:00:00,BUY,1903.37,1900.0496428571428,1900.0496428571428,1910.0107142857141,0.1,-33.9035714285712,-332.03571428571195,-1.0,SL,2023Q3,2023,5
3320,65337,2023-08-16 20:00:00,65339,2023-08-16 21:00:00,BUY,1899.62,1895.7607142857141,1895.7607142857141,1907.3385714285714,0.1,-39.29285714285761,-385.9285714285761,-1.0,SL,2023Q3,2023,2
3321,65340,2023-08-16 21:30:00,65341,2023-08-16 22:00:00,BUY,1898.17,1893.8467857142857,1893.8467857142857,1906.8164285714288,0.1,-43.932142857143575,-432.3214285714357,-1.0,SL,2023Q3,2023,1
3322,65346,2023-08-17 01:30:00,65351,2023-08-17 04:00:00,BUY,1894.66,1890.8735714285715,1890.8735714285715,1902.2328571428573,0.1,-38.56428571428587,-378.6428571428587,-1.0,SL,2023Q3,2023,5
3323,65353,2023-08-17 05:00:00,65373,2023-08-17 15:00:00,BUY,1892.82,1900.2257142857143,1889.1171428571429,1900.2257142857143,0.1,73.35714285714339,740.5714285714339,1.9443392654298202,TP,2023Q3,2023,20
3324,65375,2023-08-17 16:00:00,65375,2023-08-17 16:00:00,SELL,1899.39,1903.0189285714287,1903.0189285714287,1892.1321428571428,0.1,-36.9892857142856,-362.892857142856,-1.0,SL,2023Q3,2023,0
3325,65376,2023-08-17 16:30:00,65377,2023-08-17 17:00:00,SELL,1902.26,1894.4814285714285,1906.1492857142857,1894.4814285714285,0.1,77.08571428571467,777.8571428571468,1.9469601298935595,TP,2023Q3,2023,1
3326,65385,2023-08-17 21:00:00,65422,2023-08-18 16:30:00,BUY,1886.31,1896.587142857143,1881.1714285714286,1896.587142857143,0.1,102.07142857142962,1027.7142857142962,1.9596818431157863,TP,2023Q3,2023,37
3327,65423,2023-08-18 17:00:00,65444,2023-08-21 04:30:00,SELL,1893.7,1885.8785714285714,1897.6107142857143,1885.8785714285714,0.1,77.51428571428669,782.1428571428669,1.9472456486632537,TP,2023Q3,2023,21
3328,65446,2023-08-21 05:30:00,65461,2023-08-21 13:00:00,BUY,1889.77,1887.0496428571428,1887.0496428571428,1895.2107142857142,0.1,-27.903571428572103,-272.03571428572104,-1.0,SL,2023Q3,2023,15
3329,65466,2023-08-21 15:30:00,65466,2023-08-21 15:30:00,SELL,1893.54,1897.0542857142857,1897.0542857142857,1886.5114285714285,0.1,-35.84285714285734,-351.4285714285734,-1.0,SL,2023Q3,2023,0
3330,65468,2023-08-21 16:30:00,65469,2023-08-21 17:00:00,SELL,1895.28,1887.7735714285714,1899.0332142857142,1887.7735714285714,0.1,74.36428571428614,750.6428571428614,1.9450723960766576,TP,2023Q3,2023,1
3331,65471,2023-08-21 18:00:00,65489,2023-08-22 04:00:00,BUY,1886.99,1896.2342857142858,1882.3678571428572,1896.2342857142858,0.1,91.74285714285752,924.4285714285752,1.9552443294261397,TP,2023Q3,2023,18
3332,65491,2023-08-22 05:00:00,65491,2023-08-22 05:00:00,SELL,1895.03,1896.7207142857142,1896.7207142857142,1891.6485714285714,0.1,-17.607142857141934,-169.07142857141935,-1.0,SL,2023Q3,2023,0
3333,65501,2023-08-22 10:00:00,65503,2023-08-22 11:00:00,SELL,1898.85,1902.077142857143,1902.077142857143,1892.3957142857141,0.1,-32.97142857143008,-322.7142857143008,-1.0,SL,2023Q3,2023,2
3334,65504,2023-08-22 11:30:00,65506,2023-08-22 12:30:00,SELL,1898.85,1902.5046428571427,1902.5046428571427,1891.540714285714,0.1,-37.2464285714279,-365.46428571427896,-1.0,SL,2023Q3,2023,2
3335,65508,2023-08-22 13:30:00,65513,2023-08-22 16:00:00,SELL,1902.15,1894.9007142857145,1905.774642857143,1894.9007142857145,0.1,71.79285714285633,724.9285714285634,1.943160947317544,TP,2023Q3,2023,5
3336,65535,2023-08-23 04:00:00,65535,2023-08-23 04:00:00,SELL,1898.9,1900.3807142857145,1900.3807142857145,1895.9385714285715,0.1,-15.507142857143844,-148.07142857143845,-1.0,SL,2023Q3,2023,0
3337,65537,2023-08-23 05:00:00,65542,2023-08-23 07:30:00,SELL,1901.52,1903.1946428571428,1903.1946428571428,1898.1707142857142,0.1,-17.446428571427713,-167.46428571427714,-1.0,SL,2023Q3,2023,5
3338,65544,2023-08-23 08:30:00,65549,2023-08-23 11:00:00,SELL,1902.79,1904.8889285714286,1904.8889285714286,1898.5921428571428,0.1,-21.68928571428587,-209.8928571428587,-1.0,SL,2023Q3,2023,5
3339,65550,2023-08-23 11:30:00,65557,2023-08-23 15:00:00,SELL,1903.84,1906.3685714285714,1906.3685714285714,1898.782857142857,0.1,-25.985714285714675,-252.85714285714675,-1.0,SL,2023Q3,2023,7
3340,65559,2023-08-23 16:00:00,65559,2023-08-23 16:00:00,SELL,1903.63,1907.2342857142858,1907.2342857142858,1896.4214285714286,0.1,-36.74285714285652,-360.4285714285652,-1.0,SL,2023Q3,2023,0
3341,65585,2023-08-24 06:00:00,65587,2023-08-24 07:00:00,SELL,1919.79,1921.8192857142858,1921.8192857142858,1915.7314285714285,0.1,-20.992857142858337,-202.92857142858338,-1.0,SL,2023Q3,2023,2
3342,65588,2023-08-24 07:30:00,65602,2023-08-24 14:30:00,SELL,1921.03,1916.6842857142856,1923.202857142857,1916.6842857142856,0.1,42.75714285714393,434.57142857143936,1.906369426751691,TP,2023Q3,2023,14
3343,65605,2023-08-24 16:00:00,65606,2023-08-24 16:30:00,BUY,1915.27,1912.0675,1912.0675,1921.675,0.1,-32.72499999999873,-320.24999999998727,-1.0,SL,2023Q3,2023,1
3344,65609,2023-08-24 18:00:00,65653,2023-08-25 17:00:00,SELL,1921.3,1912.7285714285713,1925.5857142857144,1912.7285714285713,0.1,85.01428571428669,857.1428571428669,1.9517874713020156,TP,2023Q3,2023,44
3345,65654,2023-08-25 17:30:00,65667,2023-08-28 01:00:00,SELL,1911.0,1915.4271428571428,1915.4271428571428,1902.1457142857143,0.1,-44.97142857142826,-442.7142857142826,-1.0,SL,2023Q3,2023,13
3346,65683,2023-08-28 09:00:00,65683,2023-08-28 09:00:00,SELL,1915.52,1917.6842857142858,1917.6842857142858,1911.1914285714286,0.1,-22.342857142858247,-216.42857142858247,-1.0,SL,2023Q3,2023,0
3347,65684,2023-08-28 09:30:00,65699,2023-08-28 17:00:00,SELL,1917.05,1919.3117857142856,1919.3117857142856,1912.5264285714284,0.1,-23.31785714285679,-226.17857142856792,-1.0,SL,2023Q3,2023,15
3348,65725,2023-08-29 07:00:00,65731,2023-08-29 10:00:00,SELL,1925.31,1922.0721428571428,1926.9289285714285,1922.0721428571428,0.1,31.678571428571377,323.78571428571377,1.8756608162402197,TP,2023Q3,2023,6
3349,65743,2023-08-29 16:00:00,65745,2023-08-29 17:00:00,BUY,1917.19,1923.19,1914.19,1923.19,0.1,59.3,600.0,1.9315960912052117,TP,2023Q3,2023,2
3350,65747,2023-08-29 18:00:00,65782,2023-08-30 12:30:00,SELL,1934.06,1938.962857142857,1938.962857142857,1924.2542857142855,0.1,-49.728571428571016,-490.2857142857101,-1.0,SL,2023Q3,2023,35
3351,65783,2023-08-30 13:00:00,65787,2023-08-30 15:00:00,SELL,1937.99,1939.9667857142858,1939.9667857142858,1934.0364285714286,0.1,-20.467857142858247,-197.67857142858247,-1.0,SL,2023Q3,2023,4
3352,65792,2023-08-30 17:30:00,65840,2023-08-31 18:30:00,SELL,1946.95,1939.3792857142857,1950.7353571428573,1939.3792857142857,0.1,75.00714285714302,757.0714285714303,1.9455303381194422,TP,2023Q3,2023,48
3353,65841,2023-08-31 19:00:00,65880,2023-09-01 15:30:00,BUY,1940.83,1948.2935714285713,1937.0982142857142,1948.2935714285713,0.1,73.93571428571413,746.3571428571413,1.9447627994363548,TP,2023Q3,2023,39
3354,65885,2023-09-01 18:00:00,65945,2023-09-05 04:30:00,BUY,1940.23,1934.9542857142858,1934.9542857142858,1950.7814285714285,0.1,-53.4571428571423,-527.571428571423,-1.0,SL,2023Q3,2023,60
3355,65960,2023-09-05 12:00:00,65960,2023-09-05 12:00:00,BUY,1933.57,1931.2557142857142,1931.2557142857142,1938.1985714285713,0.1,-23.842857142856882,-231.42857142856883,-1.0,SL,2023Q3,2023,0
3356,65963,2023-09-05 13:30:00,65966,2023-09-05 15:00:00,BUY,1931.31,1928.8735714285715,1928.8735714285715,1936.182857142857,0.1,-25.064285714284505,-243.64285714284506,-1.0,SL,2023Q3,2023,3
3357,65968,2023-09-05 16:00:00,65968,2023-09-05 16:00:00,BUY,1933.92,1930.4389285714287,1930.4389285714287,1940.882142857143,0.1,-35.510714285713405,-348.107142857134,-1.0,SL,2023Q3,2023,0
3358,65972,2023-09-05 18:00:00,66003,2023-09-06 10:30:00,BUY,1927.55,1923.0617857142856,1923.0617857142856,1936.5264285714286,0.1,-45.58214285714321,-448.8214285714321,-1.0,SL,2023Q3,2023,31
3359,66005,2023-09-06 11:30:00,66014,2023-09-06 16:00:00,BUY,1923.88,1921.8657142857144,1921.8657142857144,1927.9085714285716,0.1,-20.842857142857337,-201.42857142857338,-1.0,SL,2023Q3,2023,9
3360,66016,2023-09-06 17:00:00,66016,2023-09-06 17:00:00,BUY,1927.91,1924.1160714285716,1924.1160714285716,1935.4978571428571,0.1,-38.639285714285236,-379.39285714285234,-1.0,SL,2023Q3,2023,0
3361,66041,2023-09-07 06:30:00,66056,2023-09-07 14:00:00,SELL,1919.91,1921.7003571428572,1921.7003571428572,1916.3292857142858,0.1,-18.603571428571467,-179.03571428571468,-1.0,SL,2023Q3,2023,15
3362,66057,2023-09-07 14:30:00,66058,2023-09-07 15:00:00,SELL,1920.68,1923.0157142857142,1923.0157142857142,1916.0085714285715,0.1,-24.057142857141752,-233.57142857141753,-1.0,SL,2023Q3,2023,1
3363,66059,2023-09-07 15:30:00,66059,2023-09-07 15:30:00,SELL,1921.27,1923.6485714285714,1923.6485714285714,1916.5128571428572,0.1,-24.485714285713765,-237.85714285713766,-1.0,SL_AMBIGUOUS_PESSIMISTIC,2023Q3,2023,0
3364,66060,2023-09-07 16:00:00,66061,2023-09-07 16:30:00,BUY,1923.44,1920.4292857142857,1920.4292857142857,1929.4614285714285,0.1,-30.80714285714357,-301.0714285714357,-1.0,SL,2023Q3,2023,1
3365,66085,2023-09-08 05:30:00,66105,2023-09-08 15:30:00,SELL,1925.84,1922.1349999999998,1927.6924999999999,1922.1349999999998,0.1,36.35000000000154,370.50000000001546,1.890767230169167,TP,2023Q3,2023,20
3366,66107,2023-09-08 16:30:00,66107,2023-09-08 16:30:00,BUY,1922.3,1927.5628571428572,1919.6685714285713,1927.5628571428572,0.1,51.92857142857228,526.2857142857229,1.9222633527234279,TP,2023Q3,2023,0
3367,66109,2023-09-08 17:30:00,66111,2023-09-08 18:30:00,SELL,1927.96,1920.9442857142856,1931.4678571428572,1920.9442857142856,0.1,69.45714285714466,701.5714285714466,1.9413056498303685,TP,2023Q3,2023,2
3368,66114,2023-09-08 20:00:00,66139,2023-09-11 09:30:00,BUY,1919.83,1928.4057142857143,1915.5421428571428,1928.4057142857143,0.1,85.05714285714411,857.5714285714412,1.95181117849538,TP,2023Q3,2023,25
3369,66140,2023-09-11 10:00:00,66140,2023-09-11 10:00:00,SELL,1927.81,1930.2903571428571,1930.2903571428571,1922.8492857142855,0.1,-25.503571428572013,-248.03571428572013,-1.0,SL,2023Q3,2023,0
3370,66141,2023-09-11 10:30:00,66155,2023-09-11 17:30:00,SELL,1928.17,1922.92,1930.795,1922.92,0.1,51.8,525.0,1.922077922077922,TP,2023Q3,2023,14
3371,66157,2023-09-11 18:30:00,66184,2023-09-12 09:00:00,BUY,1923.17,1919.4928571428572,1919.4928571428572,1930.524285714286,0.1,-37.47142857142826,-367.7142857142826,-1.0,SL,2023Q3,2023,27
3372,66188,2023-09-12 11:00:00,66193,2023-09-12 13:30:00,BUY,1919.15,1916.8807142857142,1916.8807142857142,1923.6885714285715,0.1,-23.39285714285843,-226.9285714285843,-1.0,SL,2023Q3,2023,5
3373,66196,2023-09-12 15:00:00,66196,2023-09-12 15:00:00,BUY,1913.06,1910.4275,1910.4275,1918.325,0.1,-27.024999999999363,-263.24999999999363,-1.0,SL,2023Q3,2023,0
3374,66199,2023-09-12 16:30:00,66243,2023-09-13 15:30:00,BUY,1909.07,1905.7346428571427,1905.7346428571427,1915.7407142857141,0.1,-34.0535714285722,-333.53571428572195,-1.0,SL,2023Q3,2023,44
3375,66244,2023-09-13 16:00:00,66244,2023-09-13 16:00:00,BUY,1912.45,1909.332142857143,1909.332142857143,1918.6857142857143,0.1,-31.878571428570194,-311.78571428570194,-1.0,SL,2023Q3,2023,0
3376,66246,2023-09-13 17:00:00,66278,2023-09-14 10:00:00,SELL,1913.31,1906.037142857143,1916.9464285714284,1906.037142857143,0.1,72.02857142856992,727.2857142856992,1.94334168433224,TP,2023Q3,2023,32
3377,66280,2023-09-14 11:00:00,66289,2023-09-14 15:30:00,BUY,1905.97,1903.435,1903.435,1911.04,0.1,-26.050000000000818,-253.50000000000819,-1.0,SL,2023Q3,2023,9
3378,66293,2023-09-14 17:30:00,66313,2023-09-15 04:30:00,BUY,1905.85,1914.0057142857142,1901.7721428571426,1914.0057142857142,0.1,80.85714285714339,815.5714285714339,1.9493714482520563,TP,2023Q3,2023,20
3379,66315,2023-09-15 05:30:00,66322,2023-09-15 09:00:00,SELL,1915.07,1917.0017857142857,1917.0017857142857,1911.2064285714284,0.1,-20.01785714285752,-193.1785714285752,-1.0,SL,2023Q3,2023,7
3380,66324,2023-09-15 10:00:00,66336,2023-09-15 16:00:00,SELL,1918.49,1920.9575,1920.9575,1913.5549999999998,0.1,-25.374999999999726,-246.74999999999727,-1.0,SL,2023Q3,2023,12
3381,66338,2023-09-15 17:00:00,66338,2023-09-15 17:00:00,SELL,1925.95,1929.6421428571427,1929.6421428571427,1918.5657142857144,0.1,-37.62142857142699,-369.21428571426986,-1.0,SL,2023Q3,2023,0
3382,66340,2023-09-15 18:00:00,66390,2023-09-18 20:00:00,SELL,1928.4,1932.48,1932.48,1920.2400000000002,0.1,-41.499999999999275,-407.9999999999927,-1.0,SL,2023Q3,2023,50
3383,66392,2023-09-18 21:00:00,66422,2023-09-19 13:00:00,SELL,1932.01,1936.0203571428572,1936.0203571428572,1923.9892857142856,0.1,-40.80357142857174,-401.0357142857174,-1.0,SL,2023Q3,2023,30
3384,66424,2023-09-19 14:00:00,66426,2023-09-19 15:00:00,SELL,1935.16,1937.1775000000002,1937.1775000000002,1931.125,0.1,-20.875000000001545,-201.75000000001546,-1.0,SL,2023Q3,2023,2
3385,66427,2023-09-19 15:30:00,66430,2023-09-19 17:00:00,SELL,1935.86,1931.447857142857,1938.0660714285714,1931.447857142857,0.1,43.42142857142953,441.21428571429533,1.907735760238508,TP,2023Q3,2023,3
3386,66438,2023-09-19 21:00:00,66475,2023-09-20 16:30:00,BUY,1930.96,1938.0721428571428,1927.4039285714287,1938.0721428571428,0.1,70.42142857142771,711.2142857142771,1.9420860829311524,TP,2023Q3,2023,37
3387,66477,2023-09-20 17:30:00,66478,2023-09-20 18:00:00,SELL,1942.38,1945.8953571428572,1945.8953571428572,1935.3492857142858,0.1,-35.85357142857056,-351.5357142857056,-1.0,SL,2023Q3,2023,1
3388,66479,2023-09-20 18:30:00,66487,2023-09-20 22:30:00,SELL,1944.28,1936.7135714285714,1948.0632142857144,1936.7135714285714,0.1,74.9642857142856,756.642857142856,1.9455000463434402,TP,2023Q3,2023,8
3389,66489,2023-09-20 23:30:00,66495,2023-09-21 03:30:00,BUY,1931.09,1924.7525,1924.7525,1943.7649999999999,0.1,-64.07499999999864,-633.7499999999864,-1.0,SL,2023Q3,2023,6
3390,66497,2023-09-21 04:30:00,66517,2023-09-21 14:30:00,BUY,1925.1,1920.4307142857142,1920.4307142857142,1934.4385714285713,0.1,-47.39285714285707,-466.92857142857065,-1.0,SL,2023Q3,2023,20
3391,66518,2023-09-21 15:00:00,66518,2023-09-21 15:00:00,BUY,1920.9,1917.7553571428573,1917.7553571428573,1927.189285714286,0.1,-32.14642857142799,-314.46428571427987,-1.0,SL,2023Q3,2023,0
3392,66520,2023-09-21 16:00:00,66544,2023-09-22 05:00:00,BUY,1916.61,1924.232142857143,1912.7989285714284,1924.232142857143,0.1,75.5214285714299,762.214285714299,1.9458912303303586,TP,2023Q3,2023,24
3393,66554,2023-09-22 10:00:00,66554,2023-09-22 10:00:00,SELL,1925.38,1927.579642857143,1927.579642857143,1920.9807142857144,0.1,-22.696428571428623,-219.96428571428623,-1.0,SL,2023Q3,2023,0
3394,66570,2023-09-22 18:00:00,66597,2023-09-25 08:30:00,SELL,1928.04,1922.1771428571428,1930.9714285714285,1922.1771428571428,0.1,57.928571428571374,586.2857142857138,1.9300333174678723,TP,2023Q3,2023,27
3395,66601,2023-09-25 10:30:00,66611,2023-09-25 15:30:00,SELL,1924.51,1926.705357142857,1926.705357142857,1920.1192857142858,0.1,-22.653571428571194,-219.53571428571195,-1.0,SL,2023Q3,2023,10
3396,66636,2023-09-26 05:00:00,66637,2023-09-26 05:30:00,BUY,1914.93,1913.6667857142857,1913.6667857142857,1917.4564285714287,0.1,-13.332142857144117,-126.32142857144117,-1.0,SL,2023Q3,2023,1
3397,66640,2023-09-26 07:00:00,66644,2023-09-26 09:00:00,BUY,1913.74,1912.4746428571427,1912.4746428571427,1916.2707142857143,0.1,-13.353571428572831,-126.53571428572832,-1.0,SL,2023Q3,2023,4
3398,66647,2023-09-26 10:30:00,66656,2023-09-26 15:00:00,BUY,1912.02,1910.0828571428572,1910.0828571428572,1915.8942857142858,0.1,-20.071428571428168,-193.7142857142817,-1.0,SL,2023Q3,2023,9
3399,66658,2023-09-26 16:00:00,66658,2023-09-26 16:00:00,BUY,1910.41,1906.8335714285715,1906.8335714285715,1917.5628571428572,0.1,-36.46428571428551,-357.64285714285506,-1.0,SL,2023Q3,2023,0
3400,66660,2023-09-26 17:00:00,66662,2023-09-26 18:00:00,BUY,1906.88,1902.8942857142858,1902.8942857142858,1914.8514285714286,0.1,-40.557142857142665,-398.5714285714266,-1.0,SL,2023Q3,2023,2
3401,66665,2023-09-26 19:30:00,66686,2023-09-27 07:00:00,BUY,1902.8,1898.1285714285714,1898.1285714285714,1912.1428571428569,0.1,-47.41428571428578,-467.1428571428578,-1.0,SL,2023Q3,2023,21
3402,66688,2023-09-27 08:00:00,66688,2023-09-27 08:00:00,BUY,1897.83,1895.7685714285712,1895.7685714285712,1901.952857142857,0.1,-21.31428571428678,-206.1428571428678,-1.0,SL,2023Q3,2023,0
3403,66695,2023-09-27 11:30:00,66700,2023-09-27 14:00:00,BUY,1896.17,1893.2642857142857,1893.2642857142857,1901.9814285714285,0.1,-29.75714285714339,-290.5714285714339,-1.0,SL,2023Q3,2023,5
3404,66704,2023-09-27 16:00:00,66705,2023-09-27 16:30:00,BUY,1891.91,1888.8167857142857,1888.8167857142857,1898.0964285714285,0.1,-31.63214285714339,-309.3214285714339,-1.0,SL,2023Q3,2023,1
3405,66714,2023-09-27 21:00:00,66753,2023-09-28 17:30:00,BUY,1874.84,1869.7410714285713,1869.7410714285713,1885.037857142857,0.1,-51.68928571428587,-509.8928571428587,-1.0,SL,2023Q3,2023,39
3406,66796,2023-09-29 16:00:00,66796,2023-09-29 16:00:00,SELL,1873.73,1877.4189285714285,1877.4189285714285,1866.3521428571428,0.1,-37.589285714285054,-368.8928571428505,-1.0,SL,2023Q3,2023,0
3407,66802,2023-09-29 19:00:00,66806,2023-09-29 21:00:00,BUY,1854.88,1848.6110714285714,1848.6110714285714,1867.4178571428572,0.1,-63.3892857142866,-626.892857142866,-1.0,SL,2023Q3,2023,4
3408,66808,2023-09-29 22:00:00,66827,2023-10-02 08:30:00,BUY,1848.99,1841.9453571428571,1841.9453571428571,1863.0792857142858,0.1,-71.1464285714289,-704.464285714289,-1.0,SL,2023Q3,2023,19
3409,66836,2023-10-02 13:00:00,66844,2023-10-02 17:00:00,BUY,1834.41,1830.0021428571429,1830.0021428571429,1843.2257142857145,0.1,-44.77857142857211,-440.78571428572104,-1.0,SL,2023Q4,2023,8
3410,66846,2023-10-02 18:00:00,66860,2023-10-03 02:00:00,BUY,1829.03,1822.6582142857142,1822.6582142857142,1841.7735714285714,0.1,-64.41785714285807,-637.1785714285807,-1.0,SL,2023Q4,2023,14
3411,66868,2023-10-03 06:00:00,66878,2023-10-03 11:00:00,BUY,1817.53,1826.1271428571429,1813.2314285714285,1826.1271428571429,0.1,85.27142857142898,859.7142857142899,1.9519293655984304,TP,2023Q4,2023,10
3412,66887,2023-10-03 15:30:00,66891,2023-10-03 17:30:00,SELL,1827.1,1831.5357142857142,1831.5357142857142,1818.2285714285713,0.1,-45.05714285714312,-443.57142857143117,-1.0,SL,2023Q4,2023,4
3413,66892,2023-10-03 18:00:00,66979,2023-10-05 15:30:00,SELL,1826.32,1813.632142857143,1832.6639285714284,1813.632142857143,0.1,126.17857142856955,1268.7857142856956,1.967258756055459,TP,2023Q4,2023,87
3414,67004,2023-10-06 05:00:00,67020,2023-10-06 13:00:00,SELL,1822.69,1824.8939285714287,1824.8939285714287,1818.282142857143,0.1,-22.73928571428605,-220.39285714286052,-1.0,SL,2023Q4,2023,16
3415,67021,2023-10-06 13:30:00,67025,2023-10-06 15:30:00,SELL,1823.7,1817.8907142857142,1826.604642857143,1817.8907142857142,0.1,57.39285714285806,580.9285714285807,1.9294032897105768,TP,2023Q4,2023,4
3416,67028,2023-10-06 17:00:00,67028,2023-10-06 17:00:00,SELL,1821.28,1827.0185714285715,1827.0185714285715,1809.8028571428572,0.1,-58.08571428571504,-573.8571428571504,-1.0,SL,2023Q4,2023,0
3417,67030,2023-10-06 18:00:00,67030,2023-10-06 18:00:00,SELL,1823.46,1830.632142857143,1830.632142857143,1809.1157142857141,0.1,-72.42142857142944,-717.2142857142944,-1.0,SL,2023Q4,2023,0
3418,67032,2023-10-06 19:00:00,67042,2023-10-09 01:00:00,SELL,1832.54,1840.7171428571428,1840.7171428571428,1816.185714285714,0.1,-82.47142857142826,-817.7142857142826,-1.0,SL,2023Q4,2023,10
3419,67072,2023-10-09 16:00:00,67072,2023-10-09 16:00:00,BUY,1848.07,1844.722857142857,1844.722857142857,1854.7642857142857,0.1,-34.17142857142899,-334.7142857142899,-1.0,SL,2023Q4,2023,0
3420,67073,2023-10-09 16:30:00,67076,2023-10-09 18:00:00,BUY,1845.62,1852.61,1842.1249999999998,1852.61,0.1,69.20000000000009,699.0000000000009,1.941093969144398,TP,2023Q4,2023,3
3421,67093,2023-10-10 03:30:00,67105,2023-10-10 09:30:00,SELL,1862.39,1855.8307142857145,1865.669642857143,1855.8307142857145,0.1,64.89285714285579,655.9285714285579,1.9373067491203737,TP,2023Q4,2023,12
3422,67115,2023-10-10 14:30:00,67151,2023-10-11 09:30:00,BUY,1855.92,1862.7385714285715,1852.5107142857144,1862.7385714285715,0.1,67.48571428571431,681.8571428571431,1.9396427838226236,TP,2023Q4,2023,36
3423,67153,2023-10-11 10:30:00,67153,2023-10-11 10:30:00,SELL,1863.58,1866.157857142857,1866.157857142857,1858.4242857142858,0.1,-26.478571428570557,-257.7857142857056,-1.0,SL,2023Q4,2023,0
3424,67157,2023-10-11 12:30:00,67158,2023-10-11 13:00:00,SELL,1869.12,1872.2014285714286,1872.2014285714286,1862.9571428571428,0.1,-31.514285714286597,-308.142857142866,-1.0,SL,2023Q4,2023,1
3425,67165,2023-10-11 16:30:00,67170,2023-10-11 19:00:00,SELL,1871.55,1876.2267857142856,1876.2267857142856,1862.1964285714284,0.1,-47.46785714285643,-467.6785714285643,-1.0,SL,2023Q4,2023,5
3426,67197,2023-10-12 09:30:00,67197,2023-10-12 09:30:00,SELL,1879.97,1882.355,1882.355,1875.2,0.1,-24.54999999999991,-238.4999999999991,-1.0,SL,2023Q4,2023,0
3427,67206,2023-10-12 14:00:00,67207,2023-10-12 14:30:00,SELL,1881.28,1884.202857142857,1884.202857142857,1875.4342857142856,0.1,-29.92857142857083,-292.2857142857083,-1.0,SL,2023Q4,2023,1
3428,67209,2023-10-12 15:30:00,67209,2023-10-12 15:30:00,SELL,1884.35,1877.9685714285713,1887.540714285714,1877.9685714285713,0.1,63.11428571428614,638.1428571428614,1.9355969331873624,TP,2023Q4,2023,0
3429,67210,2023-10-12 16:00:00,67211,2023-10-12 16:30:00,BUY,1879.11,1875.0771428571427,1875.0771428571427,1887.175714285714,0.1,-41.02857142857211,-403.28571428572104,-1.0,SL,2023Q4,2023,1
3430,67221,2023-10-12 21:30:00,67244,2023-10-13 10:00:00,BUY,1870.14,1880.612142857143,1864.9039285714287,1880.612142857143,0.1,104.02142857142898,1047.2142857142899,1.9604226963720806,TP,2023Q4,2023,23
3431,67251,2023-10-13 13:30:00,67252,2023-10-13 14:00:00,SELL,1887.44,1890.8867857142857,1890.8867857142857,1880.5464285714288,0.1,-35.16785714285625,-344.67857142856246,-1.0,SL,2023Q4,2023,1
3432,67266,2023-10-13 21:00:00,67290,2023-10-16 10:00:00,SELL,1928.21,1908.699285714286,1937.965357142857,1908.699285714286,0.1,194.4071428571413,1951.071428571413,1.9786267311257315,TP,2023Q4,2023,24
3433,67291,2023-10-16 10:30:00,67300,2023-10-16 15:00:00,BUY,1911.33,1919.3935714285715,1907.2982142857143,1919.3935714285715,0.1,79.93571428571549,806.3571428571549,1.9488027862429802,TP,2023Q4,2023,9
3434,67324,2023-10-17 04:00:00,67325,2023-10-17 04:30:00,BUY,1916.7,1913.8757142857144,1913.8757142857144,1922.3485714285714,0.1,-28.94285714285679,-282.4285714285679,-1.0,SL,2023Q4,2023,1
3435,67326,2023-10-17 05:00:00,67326,2023-10-17 05:00:00,BUY,1915.17,1912.376785714286,1912.376785714286,1920.7564285714286,0.1,-28.63214285714157,-279.3214285714157,-1.0,SL,2023Q4,2023,0
3436,67342,2023-10-17 13:00:00,67342,2023-10-17 13:00:00,SELL,1922.89,1926.312142857143,1926.312142857143,1916.0457142857144,0.1,-34.921428571429445,-342.2142857142944,-1.0,SL,2023Q4,2023,0
3437,67347,2023-10-17 15:30:00,67349,2023-10-17 16:30:00,SELL,1926.35,1930.3860714285713,1930.3860714285713,1918.2778571428569,0.1,-41.06071428571404,-403.6071428571404,-1.0,SL,2023Q4,2023,2
3438,67350,2023-10-17 17:00:00,67370,2023-10-18 04:00:00,SELL,1927.76,1933.7653571428573,1933.7653571428573,1915.7492857142856,0.1,-60.753571428572926,-600.5357142857292,-1.0,SL,2023Q4,2023,20
3439,67391,2023-10-18 14:30:00,67392,2023-10-18 15:00:00,SELL,1945.6,1949.4121428571427,1949.4121428571427,1937.9757142857143,0.1,-38.82142857142817,-381.2142857142817,-1.0,SL,2023Q4,2023,1
3440,67422,2023-10-19 07:00:00,67430,2023-10-19 11:00:00,BUY,1946.44,1954.3107142857143,1942.504642857143,1954.3107142857143,0.1,78.00714285714257,787.0714285714257,1.9475702184574226,TP,2023Q4,2023,8
3441,67431,2023-10-19 11:30:00,67438,2023-10-19 15:00:00,SELL,1949.88,1954.5653571428572,1954.5653571428572,1940.5092857142859,0.1,-47.55357142857129,-468.53571428571286,-1.0,SL,2023Q4,2023,7
3442,67439,2023-10-19 15:30:00,67439,2023-10-19 15:30:00,SELL,1952.56,1957.1307142857142,1957.1307142857142,1943.4185714285713,0.1,-46.40714285714303,-457.07142857143026,-1.0,SL,2023Q4,2023,0
3443,67440,2023-10-19 16:00:00,67445,2023-10-19 18:30:00,SELL,1954.68,1959.5132142857144,1959.5132142857144,1945.0135714285714,0.1,-49.032142857143484,-483.3214285714348,-1.0,SL,2023Q4,2023,5
3444,67446,2023-10-19 19:00:00,67447,2023-10-19 19:30:00,SELL,1956.13,1961.8203571428573,1961.8203571428573,1944.7492857142856,0.1,-57.60357142857238,-569.0357142857238,-1.0,SL,2023Q4,2023,1
3445,67451,2023-10-19 21:30:00,67459,2023-10-20 02:30:00,SELL,1972.05,1980.702857142857,1980.702857142857,1954.7442857142855,0.1,-87.22857142857102,-865.2857142857101,-1.0,SL,2023Q4,2023,8
3446,67460,2023-10-20 03:00:00,67476,2023-10-20 11:00:00,SELL,1977.04,1984.8839285714284,1984.8839285714284,1961.3521428571428,0.1,-79.13928571428478,-784.3928571428478,-1.0,SL,2023Q4,2023,16
3447,67479,2023-10-20 12:30:00,67484,2023-10-20 15:00:00,SELL,1983.97,1975.1007142857143,1988.4046428571428,1975.1007142857143,0.1,87.99285714285752,886.9285714285752,1.953381431856071,TP,2023Q4,2023,5
3448,67485,2023-10-20 15:30:00,67487,2023-10-20 16:30:00,BUY,1974.41,1985.5292857142858,1968.8503571428573,1985.5292857142858,0.1,110.49285714285752,1111.9285714285752,1.962697456068047,TP,2023Q4,2023,2
3449,67490,2023-10-20 18:00:00,67494,2023-10-20 20:00:00,SELL,1990.87,1976.7099999999998,1997.9499999999998,1976.7099999999998,0.1,140.90000000000083,1416.0000000000082,1.9706293706294022,TP,2023Q4,2023,4
3450,67503,2023-10-23 01:30:00,67507,2023-10-23 03:30:00,BUY,1977.78,1968.6192857142858,1968.6192857142858,1996.1014285714284,0.1,-92.30714285714221,-916.0714285714221,-1.0,SL,2023Q4,2023,4
3451,67524,2023-10-23 12:00:00,67533,2023-10-23 16:30:00,SELL,1981.33,1972.955714285714,1985.5171428571427,1972.955714285714,0.1,83.04285714285861,837.4285714285861,1.95067114093965,TP,2023Q4,2023,9
3452,67534,2023-10-23 17:00:00,67570,2023-10-24 12:00:00,BUY,1974.9,1969.1571428571428,1969.1571428571428,1986.3857142857144,0.1,-58.12857142857247,-574.2857142857247,-1.0,SL,2023Q4,2023,36
3453,67572,2023-10-24 13:00:00,67573,2023-10-24 13:30:00,BUY,1966.68,1962.5828571428572,1962.5828571428572,1974.8742857142856,0.1,-41.67142857142899,-409.7142857142899,-1.0,SL,2023Q4,2023,1
3454,67588,2023-10-24 21:00:00,67625,2023-10-25 16:30:00,SELL,1975.78,1982.419642857143,1982.419642857143,1962.5007142857144,0.1,-67.09642857142917,-663.9642857142917,-1.0,SL,2023Q4,2023,37
3455,67629,2023-10-25 18:30:00,67660,2023-10-26 11:00:00,BUY,1975.47,1990.6007142857143,1967.9046428571428,1990.6007142857143,0.1,150.6071428571425,1513.0714285714248,1.972496374947349,TP,2023Q4,2023,31
3456,67661,2023-10-26 11:30:00,67661,2023-10-26 11:30:00,SELL,1989.51,1993.2685714285715,1993.2685714285715,1981.992857142857,0.1,-38.28571428571486,-375.8571428571486,-1.0,SL,2023Q4,2023,0
3457,67668,2023-10-26 15:00:00,67669,2023-10-26 15:30:00,BUY,1984.74,1980.2282142857143,1980.2282142857143,1993.7635714285714,0.1,-45.817857142856795,-451.1785714285679,-1.0,SL,2023Q4,2023,1
3458,67671,2023-10-26 16:30:00,67672,2023-10-26 17:00:00,BUY,1977.54,1971.6792857142857,1971.6792857142857,1989.2614285714285,0.1,-59.307142857142665,-586.0714285714266,-1.0,SL,2023Q4,2023,1
3459,67714,2023-10-27 15:00:00,67715,2023-10-27 15:30:00,BUY,1981.93,1978.069642857143,1978.069642857143,1989.6507142857145,0.1,-39.303571428570834,-386.0357142857083,-1.0,SL,2023Q4,2023,1
3460,67716,2023-10-27 16:00:00,67725,2023-10-27 20:30:00,BUY,1980.51,1989.8485714285714,1975.8407142857143,1989.8485714285714,0.1,92.68571428571413,933.8571428571413,1.9556895252449131,TP,2023Q4,2023,9
3461,67729,2023-10-27 22:30:00,67814,2023-10-31 18:00:00,SELL,2005.88,1988.0107142857146,2014.8146428571429,1988.0107142857146,0.1,177.99285714285526,1786.9285714285525,1.9766786974973227,TP,2023Q4,2023,85
3462,67818,2023-10-31 20:00:00,67836,2023-11-01 06:00:00,BUY,1984.29,1976.5403571428571,1976.5403571428571,1999.7892857142858,0.1,-78.19642857142817,-774.9642857142817,-1.0,SL,2023Q4,2023,18
3463,67849,2023-11-01 12:30:00,67852,2023-11-01 14:00:00,SELL,1982.86,1986.6282142857142,1986.6282142857142,1975.3235714285713,0.1,-38.38214285714294,-376.82142857142935,-1.0,SL,2023Q4,2023,3
3464,67854,2023-11-01 15:00:00,67856,2023-11-01 16:00:00,SELL,1986.47,1990.3946428571428,1990.3946428571428,1978.6207142857143,0.1,-39.94642857142772,-392.46428571427714,-1.0,SL,2023Q4,2023,2
3465,67858,2023-11-01 17:00:00,67861,2023-11-01 18:30:00,SELL,1986.53,1976.4585714285713,1991.5657142857142,1976.4585714285713,0.1,100.01428571428669,1007.1428571428669,1.9588696138780517,TP,2023Q4,2023,3
3466,67862,2023-11-01 19:00:00,67865,2023-11-01 20:30:00,BUY,1977.92,1972.2017857142857,1972.2017857142857,1989.3564285714285,0.1,-57.88214285714339,-571.8214285714339,-1.0,SL,2023Q4,2023,3
3467,67866,2023-11-01 21:00:00,67892,2023-11-02 11:00:00,BUY,1975.05,1989.4499999999998,1967.85,1989.4499999999998,0.1,143.29999999999865,1439.9999999999864,1.971114167812899,TP,2023Q4,2023,26
3468,67897,2023-11-02 13:30:00,67902,2023-11-02 16:00:00,SELL,1988.04,1981.6392857142855,1991.2403571428572,1981.6392857142855,0.1,63.30714285714457,640.0714285714457,1.9357868297477354,TP,2023Q4,2023,5
3469,67903,2023-11-02 16:30:00,67945,2023-11-03 14:30:00,BUY,1982.68,1992.042142857143,1977.9989285714287,1992.042142857143,0.1,92.92142857142998,936.2142857142999,1.9557994437345432,TP,2023Q4,2023,42
3470,67970,2023-11-06 05:00:00,67970,2023-11-06 05:00:00,BUY,1987.16,1983.8267857142857,1983.8267857142857,1993.8264285714286,0.1,-34.032142857143484,-333.3214285714348,-1.0,SL,2023Q4,2023,0
3471,67972,2023-11-06 06:00:00,67995,2023-11-06 17:30:00,BUY,1985.17,1981.2110714285716,1981.2110714285716,1993.0878571428573,0.1,-40.28928571428487,-395.8928571428487,-1.0,SL,2023Q4,2023,23
3472,67997,2023-11-06 18:30:00,68005,2023-11-06 22:30:00,BUY,1982.16,1978.4185714285716,1978.4185714285716,1989.6428571428573,0.1,-38.114285714285145,-374.1428571428514,-1.0,SL,2023Q4,2023,8
3473,68008,2023-11-07 01:00:00,68012,2023-11-07 03:00:00,BUY,1977.9,1974.962142857143,1974.962142857143,1983.7757142857145,0.1,-30.07857142857183,-293.7857142857183,-1.0,SL,2023Q4,2023,4
3474,68013,2023-11-07 03:30:00,68015,2023-11-07 04:30:00,BUY,1976.29,1973.902857142857,1973.902857142857,1981.0642857142857,0.1,-24.571428571428623,-238.71428571428623,-1.0,SL,2023Q4,2023,2
3475,68017,2023-11-07 05:30:00,68024,2023-11-07 09:00:00,BUY,1973.04,1970.7771428571427,1970.7771428571427,1977.5657142857144,0.1,-23.328571428572285,-226.28571428572286,-1.0,SL,2023Q4,2023,7
3476,68029,2023-11-07 11:30:00,68032,2023-11-07 13:00:00,BUY,1967.84,1964.5742857142857,1964.5742857142857,1974.3714285714282,0.1,-33.35714285714239,-326.5714285714239,-1.0,SL,2023Q4,2023,3
3477,68037,2023-11-07 15:30:00,68047,2023-11-07 20:30:00,BUY,1960.0,1968.6421428571427,1955.6789285714285,1968.6421428571427,0.1,85.72142857142744,864.2142857142744,1.9521756811711564,TP,2023Q4,2023,10
3478,68049,2023-11-07 21:30:00,68086,2023-11-08 17:00:00,SELL,1968.29,1956.7828571428572,1974.0435714285713,1956.7828571428572,0.1,114.37142857142753,1150.7142857142753,1.9639396541150491,TP,2023Q4,2023,37
3479,68088,2023-11-08 18:00:00,68094,2023-11-08 21:00:00,BUY,1955.55,1950.6396428571427,1950.6396428571427,1965.3707142857143,0.1,-49.80357142857265,-491.0357142857265,-1.0,SL,2023Q4,2023,6
3480,68097,2023-11-08 22:30:00,68132,2023-11-09 17:00:00,BUY,1949.49,1960.2964285714286,1944.0867857142857,1960.2964285714286,0.1,107.36428571428569,1080.6428571428569,1.9616313213703098,TP,2023Q4,2023,35
3481,68133,2023-11-09 17:30:00,68133,2023-11-09 17:30:00,SELL,1957.8,1963.0339285714285,1963.0339285714285,1947.3321428571428,0.1,-53.03928571428578,-523.3928571428578,-1.0,SL,2023Q4,2023,0
3482,68139,2023-11-09 20:30:00,68170,2023-11-10 13:00:00,SELL,1964.26,1950.6678571428572,1971.0560714285714,1950.6678571428572,0.1,135.2214285714279,1359.214285714279,1.9694148244473342,TP,2023Q4,2023,31
3483,68174,2023-11-10 15:00:00,68174,2023-11-10 15:00:00,BUY,1947.49,1943.4775,1943.4775,1955.5149999999999,0.1,-40.82500000000046,-401.25000000000455,-1.0,SL,2023Q4,2023,0
3484,68175,2023-11-10 15:30:00,68178,2023-11-10 17:00:00,BUY,1945.4,1941.0425,1941.0425,1954.115,0.1,-44.27500000000073,-435.7500000000073,-1.0,SL,2023Q4,2023,3
3485,68179,2023-11-10 17:30:00,68183,2023-11-10 19:30:00,BUY,1942.33,1937.0360714285714,1937.0360714285714,1952.917857142857,0.1,-53.639285714285236,-529.3928571428523,-1.0,SL,2023Q4,2023,4
3486,68223,2023-11-13 16:30:00,68226,2023-11-13 18:00:00,BUY,1934.72,1941.83,1931.165,1941.83,0.1,70.399999999999,710.99999999999,1.9420689655171794,TP,2023Q4,2023,3
3487,68249,2023-11-14 06:30:00,68267,2023-11-14 15:30:00,BUY,1945.19,1949.105,1943.2325,1949.105,0.1,38.44999999999963,391.49999999999636,1.8964241676942037,TP,2023Q4,2023,18
3488,68295,2023-11-15 06:30:00,68298,2023-11-15 08:00:00,SELL,1966.67,1968.7925,1968.7925,1962.425,0.1,-21.924999999999454,-212.24999999999454,-1.0,SL,2023Q4,2023,3
3489,68300,2023-11-15 09:00:00,68302,2023-11-15 10:00:00,SELL,1969.67,1972.2382142857143,1972.2382142857143,1964.5335714285716,0.1,-26.38214285714248,-256.8214285714248,-1.0,SL,2023Q4,2023,2
3490,68304,2023-11-15 11:00:00,68313,2023-11-15 15:30:00,SELL,1971.37,1974.2467857142856,1974.2467857142856,1965.6164285714285,0.1,-29.467857142856882,-287.67857142856883,-1.0,SL_AMBIGUOUS_PESSIMISTIC,2023Q4,2023,9
3491,68314,2023-11-15 16:00:00,68315,2023-11-15 16:30:00,BUY,1965.73,1961.524642857143,1961.524642857143,1974.1407142857142,0.1,-42.75357142857111,-420.53571428571104,-1.0,SL,2023Q4,2023,1
3492,68337,2023-11-16 04:30:00,68342,2023-11-16 07:00:00,BUY,1958.2,1963.017142857143,1955.7914285714287,1963.017142857143,0.1,47.47142857142926,481.7142857142926,1.9152737752162272,TP,2023Q4,2023,5
3493,68344,2023-11-16 08:00:00,68345,2023-11-16 08:30:00,SELL,1962.77,1965.4153571428571,1965.4153571428571,1957.4792857142857,0.1,-27.15357142857165,-264.5357142857165,-1.0,SL,2023Q4,2023,1
3494,68347,2023-11-16 09:30:00,68359,2023-11-16 15:30:00,SELL,1966.49,1969.4396428571429,1969.4396428571429,1960.5907142857143,0.1,-30.196428571428623,-294.96428571428623,-1.0,SL,2023Q4,2023,12
3495,68361,2023-11-16 16:30:00,68361,2023-11-16 16:30:00,SELL,1971.84,1975.280357142857,1975.280357142857,1964.9592857142857,0.1,-35.103571428570106,-344.03571428570103,-1.0,SL,2023Q4,2023,0
3496,68364,2023-11-16 18:00:00,68396,2023-11-17 11:00:00,SELL,1984.81,1990.110357142857,1990.110357142857,1974.2092857142857,0.1,-53.70357142857138,-530.0357142857138,-1.0,SL,2023Q4,2023,32
3497,68398,2023-11-17 12:00:00,68405,2023-11-17 15:30:00,SELL,1991.17,1985.1957142857143,1994.1571428571428,1985.1957142857143,0.1,59.0428571428577,597.428571428577,1.9313084112150256,TP,2023Q4,2023,7
3498,68413,2023-11-17 19:30:00,68423,2023-11-20 01:30:00,BUY,1979.83,1974.6142857142856,1974.6142857142856,1990.2614285714285,0.1,-52.85714285714285,-521.5714285714284,-1.0,SL,2023Q4,2023,10
3499,68425,2023-11-20 02:30:00,68426,2023-11-20 03:00:00,BUY,1974.74,1980.7014285714286,1971.7592857142856,1980.7014285714286,0.1,58.91428571428541,596.1428571428542,1.9311636619058046,TP,2023Q4,2023,1
3500,68451,2023-11-20 15:30:00,68451,2023-11-20 15:30:00,BUY,1971.68,1967.707142857143,1967.707142857143,1979.6257142857141,0.1,-40.42857142857038,-397.28571428570376,-1.0,SL,2023Q4,2023,0
3501,68454,2023-11-20 17:00:00,68469,2023-11-21 01:30:00,BUY,1970.26,1980.6057142857142,1965.087142857143,1980.6057142857142,0.1,102.75714285714166,1034.5714285714166,1.959945504087193,TP,2023Q4,2023,15
3502,68475,2023-11-21 04:30:00,68475,2023-11-21 04:30:00,SELL,1988.68,1992.1385714285716,1992.1385714285716,1981.7628571428572,0.1,-35.285714285715315,-345.8571428571531,-1.0,SL,2023Q4,2023,0
3503,68476,2023-11-21 05:00:00,68477,2023-11-21 05:30:00,SELL,1990.6,1994.3071428571427,1994.3071428571427,1983.1857142857143,0.1,-37.77142857142799,-370.71428571427987,-1.0,SL,2023Q4,2023,1
3504,68487,2023-11-21 10:30:00,68489,2023-11-21 11:30:00,SELL,1992.62,1985.5785714285712,1996.1407142857142,1985.5785714285712,0.1,69.71428571428696,704.1428571428696,1.9415158146011546,TP,2023Q4,2023,2
3505,68501,2023-11-21 17:30:00,68546,2023-11-22 17:00:00,SELL,2003.86,1991.887857142857,2009.8460714285713,1991.887857142857,0.1,119.02142857142898,1197.2142857142899,1.9653240549625524,TP,2023Q4,2023,45
3506,68551,2023-11-22 19:30:00,68632,2023-11-24 16:30:00,BUY,1990.85,2001.9671428571428,1985.2914285714285,2001.9671428571428,0.1,110.4714285714288,1111.714285714288,1.962690355329949,TP,2023Q4,2023,81
3507,68633,2023-11-24 17:00:00,68641,2023-11-27 01:00:00,SELL,2001.05,2004.4635714285714,2004.4635714285714,1994.222857142857,0.1,-34.83571428571459,-341.35714285714585,-1.0,SL,2023Q4,2023,8
3508,68642,2023-11-27 01:30:00,68645,2023-11-27 03:00:00,SELL,2001.13,2005.9010714285716,2005.9010714285716,1991.587857142857,0.1,-48.410714285715315,-477.1071428571531,-1.0,SL,2023Q4,2023,3
3509,68671,2023-11-27 16:00:00,68688,2023-11-28 01:30:00,SELL,2011.21,2015.0628571428572,2015.0628571428572,2003.5042857142857,0.1,-39.22857142857147,-385.2857142857147,-1.0,SL,2023Q4,2023,17
3510,68690,2023-11-28 02:30:00,68716,2023-11-28 15:30:00,SELL,2015.77,2018.7035714285714,2018.7035714285714,2009.902857142857,0.1,-30.035714285714402,-293.357142857144,-1.0,SL,2023Q4,2023,26
3511,68719,2023-11-28 17:00:00,68720,2023-11-28 17:30:00,SELL,2025.95,2030.3332142857143,2030.3332142857143,2017.1835714285714,0.1,-44.53214285714303,-438.32142857143026,-1.0,SL,2023Q4,2023,1
3512,68736,2023-11-29 02:30:00,68736,2023-11-29 02:30:00,SELL,2044.22,2048.2025,2048.2025,2036.2549999999999,0.1,-40.52499999999846,-398.24999999998454,-1.0,SL,2023Q4,2023,0
3513,68754,2023-11-29 11:30:00,68754,2023-11-29 11:30:00,BUY,2040.0,2036.1160714285713,2036.1160714285713,2047.767857142857,0.1,-39.53928571428669,-388.3928571428669,-1.0,SL,2023Q4,2023,0
3514,68774,2023-11-29 21:30:00,68804,2023-11-30 13:30:00,SELL,2046.94,2036.1635714285715,2052.3282142857142,2036.1635714285715,0.1,107.06428571428596,1077.6428571428596,1.9615258784270513,TP,2023Q4,2023,30
3515,68805,2023-11-30 14:00:00,68809,2023-11-30 16:00:00,BUY,2037.37,2033.4496428571429,2033.4496428571429,2045.2107142857142,0.1,-39.90357142857029,-392.03571428570285,-1.0,SL,2023Q4,2023,4
3516,68810,2023-11-30 16:30:00,68810,2023-11-30 16:30:00,BUY,2038.05,2032.700357142857,2032.700357142857,2048.7492857142856,0.1,-54.196428571429536,-534.9642857142953,-1.0,SL,2023Q4,2023,0
3517,68811,2023-11-30 17:00:00,68846,2023-12-01 11:30:00,BUY,2036.68,2048.187142857143,2030.9264285714287,2048.187142857143,0.1,114.3714285714298,1150.714285714298,1.9639396541150882,TP,2023Q4,2023,35
3518,68847,2023-12-01 12:00:00,68850,2023-12-01 13:30:00,SELL,2046.3,2039.4021428571427,2049.7489285714287,2039.4021428571427,0.1,68.27857142857219,689.785714285722,1.9403227443417626,TP,2023Q4,2023,3
3519,68858,2023-12-01 17:30:00,68859,2023-12-01 18:00:00,SELL,2048.41,2055.022857142857,2055.022857142857,2035.1842857142856,0.1,-66.82857142857138,-661.2857142857138,-1.0,SL,2023Q4,2023,1
3520,68873,2023-12-04 02:00:00,68876,2023-12-04 03:30:00,SELL,2117.4,2083.337142857143,2134.4314285714286,2083.337142857143,0.1,339.92857142856957,3406.2857142856956,1.9877203241166153,TP,2023Q4,2023,3
3521,68890,2023-12-04 10:30:00,68900,2023-12-04 15:30:00,BUY,2065.22,2056.435357142857,2056.435357142857,2082.7892857142856,0.1,-88.54642857142899,-878.4642857142899,-1.0,SL,2023Q4,2023,10
3522,68941,2023-12-05 13:00:00,68948,2023-12-05 16:30:00,BUY,2025.4,2019.3925000000002,2019.3925000000002,2037.415,0.1,-60.774999999999366,-600.7499999999936,-1.0,SL,2023Q4,2023,7
3523,68951,2023-12-05 18:00:00,68980,2023-12-06 09:30:00,BUY,2016.39,2033.657142857143,2007.7564285714286,2033.657142857143,0.1,171.97142857142973,1726.7142857142971,1.975871973738203,TP,2023Q4,2023,29
3524,69026,2023-12-07 09:30:00,69027,2023-12-07 10:00:00,SELL,2028.86,2032.2596428571428,2032.2596428571428,2022.0607142857143,0.1,-34.69642857142908,-339.9642857142908,-1.0,SL,2023Q4,2023,1
3525,69029,2023-12-07 11:00:00,69038,2023-12-07 15:30:00,SELL,2032.8,2036.3957142857143,2036.3957142857143,2025.6085714285714,0.1,-36.65714285714394,-359.57142857143936,-1.0,SL,2023Q4,2023,9
3526,69041,2023-12-07 17:00:00,69045,2023-12-07 19:00:00,BUY,2026.44,2020.1517857142858,2020.1517857142858,2039.0164285714286,0.1,-63.582142857142756,-628.8214285714275,-1.0,SL,2023Q4,2023,4
3527,69062,2023-12-08 04:30:00,69084,2023-12-08 15:30:00,SELL,2031.87,2025.4499999999998,2035.08,2025.4499999999998,0.1,63.500000000000725,642.0000000000073,1.935975609756098,TP,2023Q4,2023,22
3528,69125,2023-12-11 13:00:00,69132,2023-12-11 16:30:00,BUY,1993.12,1988.5257142857142,1988.5257142857142,2002.3085714285712,0.1,-46.64285714285661,-459.4285714285661,-1.0,SL,2023Q4,2023,7
3529,69135,2023-12-11 18:00:00,69138,2023-12-11 19:30:00,BUY,1982.51,1977.389642857143,1977.389642857143,1992.7507142857144,0.1,-51.90357142857074,-512.0357142857074,-1.0,SL,2023Q4,2023,3
3530,69140,2023-12-11 20:30:00,69175,2023-12-12 15:00:00,BUY,1978.56,1989.8185714285714,1972.9307142857142,1989.8185714285714,0.1,111.88571428571485,1125.8571428571486,1.9631532773530518,TP,2023Q4,2023,35
3531,69177,2023-12-12 16:00:00,69182,2023-12-12 18:30:00,BUY,1984.64,1979.66,1979.66,1994.6000000000001,0.1,-50.500000000000185,-498.0000000000018,-1.0,SL,2023Q4,2023,5
3532,69183,2023-12-12 19:00:00,69207,2023-12-13 08:00:00,BUY,1981.2,1975.3210714285715,1975.3210714285715,1992.9578571428572,0.1,-59.4892857142856,-587.892857142856,-1.0,SL,2023Q4,2023,24
3533,69209,2023-12-13 09:00:00,69211,2023-12-13 10:00:00,BUY,1974.47,1980.3692857142855,1971.5203571428572,1980.3692857142855,0.1,58.29285714285497,589.9285714285497,1.9304553518627279,TP,2023Q4,2023,2
3534,69216,2023-12-13 12:30:00,69222,2023-12-13 15:30:00,SELL,1981.29,1984.9971428571428,1984.9971428571428,1973.8757142857144,0.1,-37.77142857142799,-370.71428571427987,-1.0,SL,2023Q4,2023,6
3535,69236,2023-12-13 22:30:00,69237,2023-12-13 23:00:00,SELL,2015.93,2024.9417857142857,2024.9417857142857,1997.9064285714287,0.1,-90.8178571428568,-901.1785714285679,-1.0,SL,2023Q4,2023,1
3536,69259,2023-12-14 11:00:00,69270,2023-12-14 16:30:00,SELL,2036.37,2042.0592857142856,2042.0592857142856,2024.9914285714285,0.1,-57.592857142856886,-568.9285714285688,-1.0,SL,2023Q4,2023,11
3537,69303,2023-12-15 10:00:00,69305,2023-12-15 11:00:00,SELL,2037.72,2040.9942857142858,2040.9942857142858,2031.1714285714288,0.1,-33.44285714285725,-327.42857142857247,-1.0,SL,2023Q4,2023,2
3538,69308,2023-12-15 12:30:00,69314,2023-12-15 15:30:00,SELL,2043.62,2036.3814285714286,2047.2392857142854,2036.3814285714286,0.1,71.68571428571276,723.8571428571277,1.9430784123911524,TP,2023Q4,2023,6
3539,69327,2023-12-15 22:00:00,69408,2023-12-19 16:30:00,BUY,2019.27,2035.0628571428572,2011.3735714285715,2035.0628571428572,0.1,157.22857142857202,1579.2857142857201,1.9736393795391658,TP,2023Q4,2023,81
3540,69413,2023-12-19 19:00:00,69447,2023-12-20 13:00:00,SELL,2044.31,2033.1821428571427,2049.8739285714287,2033.1821428571427,0.1,110.57857142857237,1112.7857142857238,1.9627258320126388,TP,2023Q4,2023,34
3541,69453,2023-12-20 16:00:00,69455,2023-12-20 17:00:00,BUY,2036.56,2032.2464285714284,2032.2464285714284,2045.1871428571428,0.1,-43.8357142857155,-431.35714285715494,-1.0,SL,2023Q4,2023,2
3542,69467,2023-12-20 23:00:00,69498,2023-12-21 15:30:00,BUY,2029.86,2040.7564285714284,2024.4117857142855,2040.7564285714284,0.1,108.26428571428487,1089.6428571428487,1.9619442107306562,TP,2023Q4,2023,31
3543,69499,2023-12-21 16:00:00,69499,2023-12-21 16:00:00,BUY,2041.48,2036.9103571428573,2036.9103571428573,2050.6192857142855,0.1,-46.396428571427535,-456.9642857142753,-1.0,SL,2023Q4,2023,0
3544,69501,2023-12-21 17:00:00,69515,2023-12-22 01:00:00,SELL,2041.9,2047.0203571428572,2047.0203571428572,2031.659285714286,0.1,-51.90357142857074,-512.0357142857074,-1.0,SL,2023Q4,2023,14
3545,69541,2023-12-22 14:00:00,69541,2023-12-22 14:00:00,SELL,2060.62,2064.4117857142855,2064.4117857142855,2053.0364285714286,0.1,-38.61785714285652,-379.1785714285652,-1.0,SL,2023Q4,2023,0
3546,69543,2023-12-22 15:00:00,69544,2023-12-22 15:30:00,SELL,2060.0,2064.605,2064.605,2050.7900000000004,0.1,-46.750000000000185,-460.5000000000018,-1.0,SL,2023Q4,2023,1
3547,69546,2023-12-22 16:30:00,69550,2023-12-22 18:30:00,SELL,2067.4,2054.5985714285716,2073.800714285714,2054.5985714285716,0.1,127.3142857142846,1280.142857142846,1.9675460867646122,TP,2023Q4,2023,4
3548,69592,2023-12-26 16:30:00,69592,2023-12-26 16:30:00,BUY,2060.75,2057.7885714285712,2057.7885714285712,2066.672857142857,0.1,-30.31428571428769,-296.1428571428769,-1.0,SL,2023Q4,2023,0
3549,69604,2023-12-26 22:30:00,69604,2023-12-26 22:30:00,SELL,2063.77,2067.9464285714284,2067.9464285714284,2055.417142857143,0.1,-42.4642857142846,-417.64285714284597,-1.0,SL,2023Q4,2023,0
3550,69606,2023-12-26 23:30:00,69638,2023-12-27 16:30:00,SELL,2067.31,2071.4264285714285,2071.4264285714285,2059.077142857143,0.1,-41.864285714285145,-411.6428571428514,-1.0,SL,2023Q4,2023,32
3551,69639,2023-12-27 17:00:00,69639,2023-12-27 17:00:00,SELL,2070.13,2074.6407142857142,2074.6407142857142,2061.1085714285714,0.1,-45.8071428571413,-451.071428571413,-1.0,SL,2023Q4,2023,0
3552,69643,2023-12-27 19:00:00,69658,2023-12-28 03:30:00,SELL,2081.54,2087.5935714285715,2087.5935714285715,2069.432857142857,0.1,-61.23571428571559,-605.3571428571558,-1.0,SL,2023Q4,2023,15
3553,69662,2023-12-28 05:30:00,69671,2023-12-28 10:00:00,SELL,2085.98,2079.056428571429,2089.4417857142857,2079.056428571429,0.1,68.53571428570994,692.3571428570995,1.9405399939325236,TP,2023Q4,2023,9
3554,69673,2023-12-28 11:00:00,69673,2023-12-28 11:00:00,BUY,2077.67,2073.622142857143,2073.622142857143,2085.7657142857142,0.1,-41.178571428570834,-404.7857142857083,-1.0,SL,2023Q4,2023,0
3555,69680,2023-12-28 14:30:00,69693,2023-12-28 21:00:00,BUY,2074.93,2069.7817857142854,2069.7817857142854,2085.2264285714286,0.1,-52.18214285714403,-514.8214285714403,-1.0,SL,2023Q4,2023,13
3556,69697,2023-12-28 23:00:00,69728,2023-12-29 15:30:00,BUY,2066.65,2061.1482142857144,2061.1482142857144,2077.6535714285715,0.1,-55.717857142856886,-550.1785714285688,-1.0,SL,2023Q4,2023,31
3557,69754,2024-01-02 05:30:00,69758,2024-01-02 07:30:00,SELL,2069.71,2073.8982142857144,2073.8982142857144,2061.3335714285713,0.1,-42.582142857143666,-418.8214285714366,-1.0,SL,2024Q1,2024,4
3558,69774,2024-01-02 15:30:00,69776,2024-01-02 16:30:00,BUY,2067.35,2062.2489285714287,2062.2489285714287,2077.552142857143,0.1,-51.710714285712314,-510.1071428571231,-1.0,SL,2024Q1,2024,2
3559,69777,2024-01-02 17:00:00,69777,2024-01-02 17:00:00,BUY,2070.54,2064.4360714285713,2064.4360714285713,2082.747857142857,0.1,-61.739285714286964,-610.3928571428696,-1.0,SL,2024Q1,2024,0
3560,69805,2024-01-03 08:00:00,69811,2024-01-03 11:00:00,SELL,2064.02,2058.4164285714282,2066.821785714286,2058.4164285714282,0.1,55.3357142857174,560.357142857174,1.9268747668200512,TP,2024Q1,2024,6
3561,69812,2024-01-03 11:30:00,69812,2024-01-03 11:30:00,BUY,2059.02,2055.590357142857,2055.590357142857,2065.8792857142857,0.1,-34.99642857142881,-342.96428571428805,-1.0,SL,2024Q1,2024,0
3562,69820,2024-01-03 15:30:00,69821,2024-01-03 16:00:00,BUY,2043.01,2036.6146428571428,2036.6146428571428,2055.800714285714,0.1,-64.65357142857165,-639.5357142857165,-1.0,SL,2024Q1,2024,1
3563,69823,2024-01-03 17:00:00,69912,2024-01-05 15:30:00,BUY,2037.45,2029.5214285714287,2029.5214285714287,2053.307142857143,0.1,-79.98571428571331,-792.8571428571331,-1.0,SL,2024Q1,2024,89
3564,69913,2024-01-05 16:00:00,69915,2024-01-05 17:00:00,BUY,2040.1,2051.2064285714287,2034.5467857142855,2051.2064285714287,0.1,110.3642857142875,1110.642857142875,1.9626548110511277,TP,2024Q1,2024,2
3565,69950,2024-01-08 11:30:00,69953,2024-01-08 13:00:00,BUY,2028.27,2023.3264285714286,2023.3264285714286,2038.1571428571426,0.1,-50.135714285714315,-494.3571428571431,-1.0,SL,2024Q1,2024,3
3566,69964,2024-01-08 18:30:00,70004,2024-01-09 15:30:00,SELL,2033.73,2040.6525000000001,2040.6525000000001,2019.885,0.1,-69.92500000000128,-692.2500000000127,-1.0,SL,2024Q1,2024,40
3567,70010,2024-01-09 18:30:00,70058,2024-01-10 19:30:00,BUY,2029.39,2023.7489285714287,2023.7489285714287,2040.672142857143,0.1,-57.110714285714224,-564.1071428571422,-1.0,SL,2024Q1,2024,48
3568,70060,2024-01-10 20:30:00,70080,2024-01-11 07:30:00,BUY,2023.08,2033.2692857142856,2017.985357142857,2033.2692857142856,0.1,101.19285714285688,1018.9285714285688,1.959338911555217,TP,2024Q1,2024,20
3569,70082,2024-01-11 08:30:00,70095,2024-01-11 15:00:00,SELL,2034.39,2037.356785714286,2037.356785714286,2028.4564285714287,0.1,-30.367857142858337,-296.6785714285834,-1.0,SL,2024Q1,2024,13
3570,70097,2024-01-11 16:00:00,70101,2024-01-11 18:00:00,SELL,2029.4,2017.6764285714287,2035.2617857142857,2017.6764285714287,0.1,116.53571428571404,1172.3571428571404,1.9645975073755568,TP,2024Q1,2024,4
3571,70103,2024-01-11 19:00:00,70126,2024-01-12 07:30:00,BUY,2016.85,2035.5764285714286,2007.4867857142856,2035.5764285714286,0.1,186.56428571428643,1872.6428571428642,1.9777382349600576,TP,2024Q1,2024,23
3572,70131,2024-01-12 10:00:00,70136,2024-01-12 12:30:00,SELL,2037.48,2040.7585714285715,2040.7585714285715,2030.922857142857,0.1,-33.48571428571468,-327.85714285714675,-1.0,SL,2024Q1,2024,5
3573,70138,2024-01-12 13:30:00,70139,2024-01-12 14:00:00,SELL,2045.5,2049.5446428571427,2049.5446428571427,2037.4107142857142,0.1,-41.146428571426625,-404.4642857142662,-1.0,SL,2024Q1,2024,1
3574,70145,2024-01-12 17:00:00,70149,2024-01-12 19:00:00,SELL,2055.8,2042.9578571428574,2062.2210714285716,2042.9578571428574,0.1,127.7214285714279,1284.214285714279,1.9676478679504812,TP,2024Q1,2024,4
3575,70179,2024-01-15 11:00:00,70209,2024-01-16 05:30:00,SELL,2056.5,2049.0385714285717,2060.2307142857144,2049.0385714285717,0.1,73.91428571428314,746.1428571428314,1.94474722796455,TP,2024Q1,2024,30
3576,70210,2024-01-16 06:00:00,70219,2024-01-16 10:30:00,BUY,2049.52,2046.9089285714285,2046.9089285714285,2054.742142857143,0.1,-26.810714285714493,-261.10714285714494,-1.0,SL,2024Q1,2024,9
3577,70226,2024-01-16 14:00:00,70226,2024-01-16 14:00:00,BUY,2039.9,2035.8264285714288,2035.8264285714288,2048.0471428571427,0.1,-41.43571428571313,-407.3571428571313,-1.0,SL,2024Q1,2024,0
3578,70227,2024-01-16 14:30:00,70228,2024-01-16 15:00:00,BUY,2039.08,2034.7032142857142,2034.7032142857142,2047.8335714285713,0.1,-44.467857142856886,-437.67857142856883,-1.0,SL,2024Q1,2024,1
3579,70239,2024-01-16 20:30:00,70260,2024-01-17 08:00:00,BUY,2026.95,2018.6335714285715,2018.6335714285715,2043.5828571428574,0.1,-83.8642857142856,-831.642857142856,-1.0,SL,2024Q1,2024,21
3580,70277,2024-01-17 16:30:00,70277,2024-01-17 16:30:00,BUY,2021.67,2015.4396428571429,2015.4396428571429,2034.1307142857145,0.1,-63.003571428572016,-623.0357142857201,-1.0,SL,2024Q1,2024,0
3581,70280,2024-01-17 18:00:00,70285,2024-01-17 20:30:00,BUY,2008.98,2001.7060714285715,2001.7060714285715,2023.5278571428573,0.1,-73.43928571428542,-727.3928571428542,-1.0,SL,2024Q1,2024,5
3582,70286,2024-01-17 21:00:00,70331,2024-01-18 20:30:00,BUY,2004.84,2020.9242857142858,1996.797857142857,2020.9242857142858,0.1,160.142857142859,1608.4285714285897,1.974112881923071,TP,2024Q1,2024,45
3583,70332,2024-01-18 21:00:00,70354,2024-01-19 09:00:00,SELL,2020.41,2025.842142857143,2025.842142857143,2009.5457142857144,0.1,-55.021428571429354,-543.2142857142935,-1.0,SL,2024Q1,2024,22
3584,70362,2024-01-19 13:00:00,70364,2024-01-19 14:00:00,SELL,2030.24,2033.515357142857,2033.515357142857,2023.6892857142857,0.1,-33.45357142857047,-327.53571428570467,-1.0,SL,2024Q1,2024,2
3585,70366,2024-01-19 15:00:00,70366,2024-01-19 15:00:00,SELL,2032.76,2036.5067857142856,2036.5067857142856,2025.2664285714286,0.1,-38.167857142855794,-374.6785714285579,-1.0,SL,2024Q1,2024,0
3586,70368,2024-01-19 16:00:00,70369,2024-01-19 16:30:00,SELL,2035.19,2026.4942857142858,2039.537857142857,2026.4942857142858,0.1,86.25714285714302,869.5714285714303,1.9524656426839628,TP,2024Q1,2024,1
3587,70399,2024-01-22 08:30:00,70399,2024-01-22 08:30:00,BUY,2024.27,2020.6742857142856,2020.6742857142856,2031.4614285714285,0.1,-36.65714285714394,-359.57142857143936,-1.0,SL,2024Q1,2024,0
3588,70401,2024-01-22 09:30:00,70415,2024-01-22 16:30:00,BUY,2022.66,2018.5114285714287,2018.5114285714287,2030.957142857143,0.1,-42.18571428571359,-414.85714285713584,-1.0,SL,2024Q1,2024,14
3589,70416,2024-01-22 17:00:00,70445,2024-01-23 08:30:00,BUY,2022.73,2034.28,2016.955,2034.28,0.1,114.79999999999954,1154.9999999999955,1.9640718562873867,TP,2024Q1,2024,29
3590,70447,2024-01-23 09:30:00,70497,2024-01-24 11:30:00,SELL,2029.34,2034.0285714285715,2034.0285714285715,2019.962857142857,0.1,-47.5857142857155,-468.85714285715494,-1.0,SL,2024Q1,2024,50
3591,70498,2024-01-24 12:00:00,70502,2024-01-24 14:00:00,SELL,2030.7,2034.4189285714288,2034.4189285714288,2023.2621428571429,0.1,-37.889285714287055,-371.8928571428705,-1.0,SL,2024Q1,2024,4
3592,70503,2024-01-24 14:30:00,70507,2024-01-24 16:30:00,SELL,2033.06,2024.2271428571428,2037.4764285714284,2024.2271428571428,0.1,87.62857142857165,883.2857142857165,1.9531921668524614,TP,2024Q1,2024,4
3593,70508,2024-01-24 17:00:00,70508,2024-01-24 17:00:00,BUY,2024.77,2019.0292857142858,2019.0292857142858,2036.2514285714285,0.1,-58.10714285714148,-574.0714285714148,-1.0,SL,2024Q1,2024,0
3594,70517,2024-01-24 21:30:00,70597,2024-01-26 15:30:00,BUY,2012.69,2026.4578571428572,2005.8060714285714,2026.4578571428572,0.1,136.97857142857112,1376.785714285711,1.9698012428739855,TP,2024Q1,2024,80
3595,70603,2024-01-26 18:30:00,70614,2024-01-29 01:00:00,BUY,2017.95,2028.0878571428573,2012.8810714285714,2028.0878571428573,0.1,100.67857142857228,1013.7857142857229,1.9591354506915006,TP,2024Q1,2024,11
3596,70632,2024-01-29 10:00:00,70643,2024-01-29 15:30:00,SELL,2031.19,2034.7107142857142,2034.7107142857142,2024.1485714285716,0.1,-35.90714285714121,-352.07142857141207,-1.0,SL,2024Q1,2024,11
3597,70646,2024-01-29 17:00:00,70656,2024-01-29 22:00:00,BUY,2024.84,2035.0078571428571,2019.7560714285714,2035.0078571428571,0.1,100.97857142857201,1016.7857142857201,1.9592543829256894,TP,2024Q1,2024,10
3598,70677,2024-01-30 09:30:00,70677,2024-01-30 09:30:00,SELL,2035.7,2038.4342857142858,2038.4342857142858,2030.2314285714285,0.1,-28.04285714285761,-273.4285714285761,-1.0,SL,2024Q1,2024,0
3599,70693,2024-01-30 17:30:00,70737,2024-01-31 16:30:00,BUY,2032.18,2045.4935714285714,2025.5232142857144,2045.4935714285714,0.1,132.43571428571323,1331.3571428571322,1.9687815237589592,TP,2024Q1,2024,44
3600,70739,2024-01-31 17:30:00,70746,2024-01-31 21:00:00,SELL,2052.39,2042.672142857143,2057.248928571428,2042.672142857143,0.1,96.47857142856928,971.7857142856928,1.9573943917107897,TP,2024Q1,2024,7
3601,70777,2024-02-01 13:30:00,70781,2024-02-01 15:30:00,BUY,2032.93,2041.3257142857144,2028.732142857143,2041.3257142857144,0.1,83.25714285714348,839.5714285714348,1.950794979079498,TP,2024Q1,2024,4
3602,70784,2024-02-01 17:00:00,70785,2024-02-01 17:30:00,SELL,2045.22,2052.1167857142855,2052.1167857142855,2031.4264285714287,0.1,-69.66785714285443,-689.6785714285443,-1.0,SL,2024Q1,2024,1
3603,70788,2024-02-01 19:00:00,70827,2024-02-02 15:30:00,SELL,2059.28,2041.1471428571433,2068.3464285714285,2041.1471428571433,0.1,180.62857142856893,1813.2857142856892,1.9770150887342905,TP,2024Q1,2024,39
3604,70829,2024-02-02 16:30:00,70862,2024-02-05 10:00:00,BUY,2030.43,2024.5575000000001,2024.5575000000001,2042.1749999999997,0.1,-59.42499999999946,-587.2499999999945,-1.0,SL,2024Q1,2024,33
3605,70864,2024-02-05 11:00:00,70872,2024-02-05 15:00:00,BUY,2023.55,2019.0167857142858,2019.0167857142858,2032.6164285714285,0.1,-46.032142857141665,-453.3214285714166,-1.0,SL,2024Q1,2024,8
3606,70875,2024-02-05 16:30:00,70883,2024-02-05 20:30:00,BUY,2017.55,2026.7985714285714,2012.925714285714,2026.7985714285714,0.1,91.78571428571495,924.8571428571495,1.9552647595860757,TP,2024Q1,2024,8
3607,70894,2024-02-06 03:00:00,70903,2024-02-06 07:30:00,SELL,2026.82,2029.3614285714286,2029.3614285714286,2021.7371428571428,0.1,-26.11428571428696,-254.14285714286962,-1.0,SL,2024Q1,2024,9
3608,70910,2024-02-06 11:00:00,70918,2024-02-06 15:00:00,BUY,2023.91,2029.8564285714285,2020.9367857142859,2029.8564285714285,0.1,58.76428571428441,594.6428571428442,1.9309940147869953,TP,2024Q1,2024,8
3609,70919,2024-02-06 15:30:00,70920,2024-02-06 16:00:00,SELL,2027.11,2030.730357142857,2030.730357142857,2019.8692857142858,0.1,-36.90357142857074,-362.0357142857074,-1.0,SL,2024Q1,2024,1
3610,70921,2024-02-06 16:30:00,70921,2024-02-06 16:30:00,SELL,2028.86,2032.675357142857,2032.675357142857,2021.2292857142859,0.1,-38.853571428570106,-381.53571428570103,-1.0,SL,2024Q1,2024,0
3611,70922,2024-02-06 17:00:00,70922,2024-02-06 17:00:00,SELL,2030.51,2034.8064285714286,2034.8064285714286,2021.917142857143,0.1,-43.66428571428578,-429.6428571428578,-1.0,SL,2024Q1,2024,0
3612,70924,2024-02-06 18:00:00,70967,2024-02-07 16:30:00,SELL,2036.19,2041.2225,2041.2225,2026.1250000000002,0.1,-51.025000000000276,-503.25000000000273,-1.0,SL,2024Q1,2024,43
3613,70994,2024-02-08 07:00:00,71001,2024-02-08 10:30:00,BUY,2032.32,2030.0099999999998,2030.0099999999998,2036.94,0.1,-23.800000000001727,-231.00000000001728,-1.0,SL,2024Q1,2024,7
3614,71002,2024-02-08 11:00:00,71004,2024-02-08 12:00:00,BUY,2030.94,2036.9335714285714,2027.9432142857142,2036.9335714285714,0.1,59.235714285713854,599.3571428571386,1.9315243973447513,TP,2024Q1,2024,2
3615,71008,2024-02-08 14:00:00,71009,2024-02-08 14:30:00,BUY,2029.15,2024.9435714285714,2024.9435714285714,2037.5628571428572,0.1,-42.7642857142866,-420.642857142866,-1.0,SL,2024Q1,2024,1
3616,71011,2024-02-08 15:30:00,71011,2024-02-08 15:30:00,BUY,2025.59,2020.9025,2020.9025,2034.965,0.1,-47.575,-468.75,-1.0,SL,2024Q1,2024,0
3617,71013,2024-02-08 16:30:00,71060,2024-02-09 17:00:00,BUY,2028.5,2022.7967857142858,2022.7967857142858,2039.9064285714287,0.1,-57.73214285714239,-570.3214285714239,-1.0,SL,2024Q1,2024,47
3618,71061,2024-02-09 17:30:00,71103,2024-02-12 15:30:00,BUY,2023.57,2018.6639285714286,2018.6639285714286,2033.3821428571428,0.1,-49.76071428571295,-490.6071428571295,-1.0,SL,2024Q1,2024,42
3619,71106,2024-02-12 17:00:00,71136,2024-02-13 09:00:00,BUY,2015.05,2023.9664285714284,2010.5917857142856,2023.9664285714284,0.1,88.46428571428469,891.6428571428469,1.953624102847178,TP,2024Q1,2024,30
3620,71139,2024-02-13 10:30:00,71141,2024-02-13 11:30:00,SELL,2024.75,2027.0010714285715,2027.0010714285715,2020.2478571428571,0.1,-23.210714285715493,-225.10714285715494,-1.0,SL,2024Q1,2024,2
3621,71143,2024-02-13 12:30:00,71144,2024-02-13 13:00:00,SELL,2026.62,2028.843214285714,2028.843214285714,2022.1735714285712,0.1,-22.932142857142207,-222.32142857142208,-1.0,SL,2024Q1,2024,1
3622,71146,2024-02-13 14:00:00,71149,2024-02-13 15:30:00,SELL,2027.61,2030.145,2030.145,2022.54,0.1,-26.050000000000818,-253.50000000000819,-1.0,SL_AMBIGUOUS_PESSIMISTIC,2024Q1,2024,3
3623,71150,2024-02-13 16:00:00,71151,2024-02-13 16:30:00,SELL,2004.24,1993.1314285714286,2009.7942857142857,1993.1314285714286,0.1,110.38571428571395,1110.8571428571395,1.9626619253238504,TP,2024Q1,2024,1
3624,71153,2024-02-13 17:30:00,71185,2024-02-14 10:30:00,BUY,1993.87,1986.655,1986.655,2008.3,0.1,-72.84999999999918,-721.4999999999918,-1.0,SL,2024Q1,2024,32
3625,71186,2024-02-14 11:00:00,71198,2024-02-14 17:00:00,BUY,1988.59,1985.8696428571427,1985.8696428571427,1994.0307142857143,0.1,-27.903571428572103,-272.03571428572104,-1.0,SL,2024Q1,2024,12
3626,71199,2024-02-14 17:30:00,71233,2024-02-15 11:30:00,BUY,1987.48,1996.5528571428572,1982.9435714285714,1996.5528571428572,0.1,90.02857142857174,907.2857142857174,1.9544115366723522,TP,2024Q1,2024,34
3627,71236,2024-02-15 13:00:00,71237,2024-02-15 13:30:00,SELL,1995.83,1998.1560714285713,1998.1560714285713,1991.1778571428572,0.1,-23.960714285713674,-232.60714285713675,-1.0,SL,2024Q1,2024,1
3628,71238,2024-02-15 14:00:00,71240,2024-02-15 15:00:00,SELL,1997.4,1999.8407142857143,1999.8407142857143,1992.5185714285715,0.1,-25.107142857141934,-244.07142857141935,-1.0,SL,2024Q1,2024,2
3629,71241,2024-02-15 15:30:00,71241,2024-02-15 15:30:00,SELL,1998.6,2001.365357142857,2001.365357142857,1993.0692857142856,0.1,-28.353571428570557,-276.5357142857056,-1.0,SL,2024Q1,2024,0
3630,71243,2024-02-15 16:30:00,71243,2024-02-15 16:30:00,SELL,2003.79,2007.45,2007.45,1996.4699999999998,0.1,-37.30000000000082,-366.0000000000082,-1.0,SL,2024Q1,2024,0
3631,71244,2024-02-15 17:00:00,71244,2024-02-15 17:00:00,SELL,2003.6,2007.7507142857141,2007.7507142857141,1995.2985714285712,0.1,-42.2071428571423,-415.071428571423,-1.0,SL,2024Q1,2024,0
3632,71276,2024-02-16 10:00:00,71281,2024-02-16 12:30:00,SELL,2005.03,2007.0807142857143,2007.0807142857143,2000.9285714285716,0.1,-21.207142857143207,-205.07142857143208,-1.0,SL,2024Q1,2024,5
3633,71283,2024-02-16 13:30:00,71287,2024-02-16 15:30:00,SELL,2006.75,2002.2714285714287,2008.9892857142856,2002.2714285714287,0.1,44.085714285712854,447.85714285712857,1.9090627899783454,TP,2024Q1,2024,4
3634,71292,2024-02-16 18:00:00,71295,2024-02-16 19:30:00,SELL,2007.79,2013.4139285714284,2013.4139285714284,1996.5421428571428,0.1,-56.93928571428451,-562.3928571428451,-1.0,SL,2024Q1,2024,3
3635,71297,2024-02-16 20:30:00,71306,2024-02-19 02:00:00,SELL,2012.05,2018.5760714285714,2018.5760714285714,1998.9978571428571,0.1,-65.96071428571413,-652.6071428571413,-1.0,SL,2024Q1,2024,9
3636,71309,2024-02-19 03:30:00,71311,2024-02-19 04:30:00,SELL,2017.64,2022.007142857143,2022.007142857143,2008.9057142857143,0.1,-44.37142857142881,-436.71428571428805,-1.0,SL,2024Q1,2024,2
3637,71321,2024-02-19 09:30:00,71337,2024-02-19 17:30:00,SELL,2021.61,2014.8921428571427,2024.9689285714285,2014.8921428571427,0.1,66.47857142857156,671.7857142857156,1.9387563795437974,TP,2024Q1,2024,16
3638,71339,2024-02-19 18:30:00,71361,2024-02-20 09:00:00,BUY,2016.05,2021.2378571428571,2013.4560714285715,2021.2378571428571,0.1,51.17857142857183,518.7857142857183,1.9211690575144946,TP,2024Q1,2024,22
3639,71365,2024-02-20 11:00:00,71366,2024-02-20 11:30:00,SELL,2022.7,2025.0753571428572,2025.0753571428572,2017.949285714286,0.1,-24.45357142857183,-237.5357142857183,-1.0,SL,2024Q1,2024,1
3640,71367,2024-02-20 12:00:00,71367,2024-02-20 12:00:00,SELL,2023.86,2026.347857142857,2026.347857142857,2018.8842857142856,0.1,-25.578571428571376,-248.78571428571377,-1.0,SL,2024Q1,2024,0
3641,71369,2024-02-20 13:00:00,71374,2024-02-20 15:30:00,SELL,2025.99,2028.7521428571429,2028.7521428571429,2020.4657142857143,0.1,-28.321428571428623,-276.21428571428623,-1.0,SL,2024Q1,2024,5
3642,71376,2024-02-20 16:30:00,71393,2024-02-21 02:00:00,SELL,2029.39,2023.1650000000002,2032.5025,2023.1650000000002,0.1,61.54999999999909,622.4999999999909,1.9340141398271788,TP,2024Q1,2024,17
3643,71394,2024-02-21 02:30:00,71398,2024-02-21 04:30:00,BUY,2023.78,2028.2757142857142,2021.5321428571428,2028.2757142857142,0.1,44.25714285714257,449.5714285714257,1.9093990755007697,TP,2024Q1,2024,4
3644,71404,2024-02-21 07:30:00,71404,2024-02-21 07:30:00,SELL,2030.18,2032.3421428571428,2032.3421428571428,2025.8557142857144,0.1,-22.32142857142726,-216.2142857142726,-1.0,SL,2024Q1,2024,0
3645,71405,2024-02-21 08:00:00,71411,2024-02-21 11:00:00,SELL,2030.85,2026.2771428571427,2033.1364285714285,2026.2771428571427,0.1,45.02857142857174,457.2857142857174,1.9108820854804491,TP,2024Q1,2024,6
3646,71426,2024-02-21 18:30:00,71431,2024-02-21 21:00:00,BUY,2024.63,2020.9260714285715,2020.9260714285715,2032.0378571428573,0.1,-37.739285714286055,-370.3928571428605,-1.0,SL,2024Q1,2024,5
3647,71432,2024-02-21 21:30:00,71455,2024-02-22 10:00:00,BUY,2025.0,2034.3128571428572,2020.3435714285715,2034.3128571428572,0.1,92.42857142857183,931.2857142857183,1.9555689889678571,TP,2024Q1,2024,23
3648,71466,2024-02-22 15:30:00,71466,2024-02-22 15:30:00,BUY,2026.61,2022.9424999999999,2022.9424999999999,2033.945,0.1,-37.375000000000185,-366.7500000000018,-1.0,SL,2024Q1,2024,0
3649,71467,2024-02-22 16:00:00,71469,2024-02-22 17:00:00,BUY,2025.77,2021.7564285714286,2021.7564285714286,2033.797142857143,0.1,-40.83571428571368,-401.35714285713675,-1.0,SL,2024Q1,2024,2
3650,71473,2024-02-22 19:00:00,71504,2024-02-23 11:30:00,BUY,2021.1,2016.6117857142856,2016.6117857142856,2030.0764285714286,0.1,-45.58214285714321,-448.8214285714321,-1.0,SL,2024Q1,2024,31
3651,71512,2024-02-23 15:30:00,71516,2024-02-23 17:30:00,SELL,2026.04,2030.2517857142857,2030.2517857142857,2017.6164285714285,0.1,-42.81785714285725,-421.17857142857247,-1.0,SL,2024Q1,2024,4
3652,71520,2024-02-23 19:30:00,71522,2024-02-23 20:30:00,SELL,2036.29,2041.3428571428572,2041.3428571428572,2026.1842857142856,0.1,-51.228571428571925,-505.2857142857192,-1.0,SL,2024Q1,2024,2
3653,71549,2024-02-26 11:00:00,71559,2024-02-26 16:00:00,SELL,2033.8,2029.1907142857142,2036.1046428571428,2029.1907142857142,0.1,45.39285714285761,460.9285714285761,1.9115656489697708,TP,2024Q1,2024,10
3654,71561,2024-02-26 17:00:00,71591,2024-02-27 09:00:00,BUY,2027.67,2035.5492857142858,2023.7303571428572,2035.5492857142858,0.1,78.09285714285743,787.9285714285743,1.9476262581277277,TP,2024Q1,2024,30
3655,71592,2024-02-27 09:30:00,71593,2024-02-27 10:00:00,SELL,2034.76,2036.7475,2036.7475,2030.785,0.1,-20.574999999999545,-198.74999999999545,-1.0,SL,2024Q1,2024,1
3656,71610,2024-02-27 18:30:00,71611,2024-02-27 19:00:00,BUY,2034.16,2030.539642857143,2030.539642857143,2041.4007142857142,0.1,-36.90357142857074,-362.0357142857074,-1.0,SL,2024Q1,2024,1
3657,71613,2024-02-27 20:00:00,71636,2024-02-28 08:30:00,BUY,2032.45,2028.6432142857143,2028.6432142857143,2040.0635714285715,0.1,-38.76785714285752,-380.6785714285752,-1.0,SL,2024Q1,2024,23
3658,71637,2024-02-28 09:00:00,71640,2024-02-28 10:30:00,BUY,2029.43,2027.0932142857143,2027.0932142857143,2034.1035714285715,0.1,-24.067857142857246,-233.67857142857247,-1.0,SL,2024Q1,2024,3
3659,71644,2024-02-28 12:30:00,71648,2024-02-28 14:30:00,BUY,2025.52,2029.912857142857,2023.3235714285713,2029.912857142857,0.1,43.2285714285711,439.28571428571104,1.9073432083201054,TP,2024Q1,2024,4
3660,71652,2024-02-28 16:30:00,71683,2024-02-29 09:00:00,SELL,2033.85,2037.3707142857143,2037.3707142857143,2026.8085714285712,0.1,-35.907142857143484,-352.0714285714348,-1.0,SL,2024Q1,2024,31
3661,71684,2024-02-29 09:30:00,71690,2024-02-29 12:30:00,SELL,2036.38,2032.4607142857142,2038.3396428571432,2032.4607142857142,0.1,38.492857142859336,391.9285714285934,1.8965335210275256,TP,2024Q1,2024,6
3662,71692,2024-02-29 13:30:00,71693,2024-02-29 14:00:00,BUY,2031.09,2028.6492857142855,2028.6492857142855,2035.9714285714285,0.1,-25.107142857144208,-244.07142857144208,-1.0,SL,2024Q1,2024,1
3663,71698,2024-02-29 16:30:00,71736,2024-03-01 12:30:00,SELL,2047.94,2052.959642857143,2052.959642857143,2037.9007142857145,0.1,-50.89642857143026,-501.9642857143026,-1.0,SL,2024Q1,2024,38
3664,71739,2024-03-01 14:00:00,71744,2024-03-01 16:30:00,SELL,2055.26,2045.7542857142857,2060.0128571428572,2045.7542857142857,0.1,94.35714285714475,950.5714285714475,1.956457345971657,TP,2024Q1,2024,5
3665,71751,2024-03-01 20:00:00,71789,2024-03-04 16:00:00,SELL,2084.69,2093.545357142857,2093.545357142857,2066.979285714286,0.1,-89.25357142856974,-885.5357142856974,-1.0,SL,2024Q1,2024,38
3666,71792,2024-03-04 17:30:00,71792,2024-03-04 17:30:00,SELL,2100.96,2106.557142857143,2106.557142857143,2089.765714285714,0.1,-56.67142857142899,-559.7142857142899,-1.0,SL,2024Q1,2024,0
3667,71825,2024-03-05 11:00:00,71825,2024-03-05 11:00:00,SELL,2120.53,2124.8285714285716,2124.8285714285716,2111.9328571428578,0.1,-43.685714285714496,-429.85714285714494,-1.0,SL,2024Q1,2024,0
3668,71827,2024-03-05 12:00:00,71833,2024-03-05 15:00:00,SELL,2124.38,2129.281785714286,2129.281785714286,2114.576428571429,0.1,-49.717857142857795,-490.1785714285779,-1.0,SL,2024Q1,2024,6
3669,71835,2024-03-05 16:00:00,71837,2024-03-05 17:00:00,SELL,2127.63,2135.6496428571427,2135.6496428571427,2111.5907142857145,0.1,-80.89642857142572,-801.9642857142571,-1.0,SL,2024Q1,2024,2
3670,71861,2024-03-06 06:00:00,71868,2024-03-06 09:30:00,BUY,2124.86,2130.3757142857144,2122.102142857143,2130.3757142857144,0.1,54.45714285714239,551.5714285714239,1.925738822935084,TP,2024Q1,2024,7
3671,71869,2024-03-06 10:00:00,71876,2024-03-06 13:30:00,SELL,2128.37,2131.4557142857143,2131.4557142857143,2122.198571428571,0.1,-31.557142857144026,-308.57142857144026,-1.0,SL,2024Q1,2024,7
3672,71880,2024-03-06 15:30:00,71880,2024-03-06 15:30:00,SELL,2134.83,2139.4596428571426,2139.4596428571426,2125.5707142857145,0.1,-46.99642857142699,-462.96428571426986,-1.0,SL,2024Q1,2024,0
3673,71882,2024-03-06 16:30:00,71882,2024-03-06 16:30:00,SELL,2139.04,2144.532142857143,2144.532142857143,2128.055714285714,0.1,-55.62142857142881,-549.214285714288,-1.0,SL,2024Q1,2024,0
3674,71887,2024-03-06 19:00:00,71907,2024-03-07 06:00:00,SELL,2148.08,2156.4799999999996,2156.4799999999996,2131.28,0.1,-84.69999999999636,-839.9999999999636,-1.0,SL,2024Q1,2024,20
3675,71926,2024-03-07 15:30:00,71928,2024-03-07 16:30:00,SELL,2161.1,2150.432857142857,2166.433571428571,2150.432857142857,0.1,105.97142857143062,1066.7142857143062,1.9611368142763554,TP,2024Q1,2024,2
3676,71929,2024-03-07 17:00:00,71962,2024-03-08 10:30:00,BUY,2154.15,2166.6257142857144,2147.912142857143,2166.6257142857144,0.1,124.05714285714275,1247.5714285714275,1.966708187068282,TP,2024Q1,2024,33
3677,71963,2024-03-08 11:00:00,71964,2024-03-08 11:30:00,SELL,2165.02,2169.1514285714284,2169.1514285714284,2156.7571428571428,0.1,-42.01428571428387,-413.1428571428387,-1.0,SL,2024Q1,2024,1
3678,71973,2024-03-08 16:00:00,71979,2024-03-08 19:00:00,BUY,2171.23,2186.6135714285715,2163.5382142857143,2186.6135714285715,0.1,153.13571428571487,1538.3571428571486,1.9729443703124283,TP,2024Q1,2024,6
3679,71981,2024-03-08 20:00:00,72065,2024-03-12 15:00:00,SELL,2184.81,2160.015,2197.2075,2160.015,0.1,247.25000000000074,2479.5000000000073,1.9831562061359536,TP,2024Q1,2024,84
3680,72066,2024-03-12 15:30:00,72066,2024-03-12 15:30:00,BUY,2164.76,2157.7014285714286,2157.7014285714286,2178.877142857143,0.1,-71.28571428571668,-705.8571428571668,-1.0,SL,2024Q1,2024,0
3681,72067,2024-03-12 16:00:00,72067,2024-03-12 16:00:00,BUY,2160.6,2152.8889285714286,2152.8889285714286,2176.022142857143,0.1,-77.81071428571359,-771.1071428571358,-1.0,SL,2024Q1,2024,0
3682,72068,2024-03-12 16:30:00,72076,2024-03-12 20:30:00,BUY,2161.4,2152.8435714285715,2152.8435714285715,2178.5128571428572,0.1,-86.26428571428569,-855.6428571428569,-1.0,SL,2024Q1,2024,8
3683,72078,2024-03-12 21:30:00,72119,2024-03-13 19:00:00,BUY,2155.33,2176.670714285714,2144.659642857143,2176.670714285714,0.1,212.70714285714058,2134.0714285714057,1.9804475775612673,TP,2024Q1,2024,41
3684,72141,2024-03-14 07:00:00,72142,2024-03-14 07:30:00,BUY,2171.9,2169.374642857143,2169.374642857143,2176.9507142857146,0.1,-25.953571428570466,-252.53571428570467,-1.0,SL,2024Q1,2024,1
3685,72144,2024-03-14 08:30:00,72155,2024-03-14 14:00:00,BUY,2168.76,2165.904642857143,2165.904642857143,2174.4707142857146,0.1,-29.253571428574286,-285.53571428574287,-1.0,SL,2024Q1,2024,11
3686,72159,2024-03-14 16:00:00,72159,2024-03-14 16:00:00,BUY,2162.58,2157.5914285714284,2157.5914285714284,2172.557142857143,0.1,-50.58571428571504,-498.8571428571504,-1.0,SL,2024Q1,2024,0
3687,72160,2024-03-14 16:30:00,72162,2024-03-14 17:30:00,BUY,2162.16,2156.6742857142854,2156.6742857142854,2173.1314285714284,0.1,-55.55714285714494,-548.5714285714494,-1.0,SL,2024Q1,2024,2
3688,72163,2024-03-14 18:00:00,72196,2024-03-15 11:30:00,BUY,2157.37,2170.3342857142857,2150.8878571428572,2170.3342857142857,0.1,128.9428571428578,1296.428571428578,1.9679494167666662,TP,2024Q1,2024,33
3689,72203,2024-03-15 15:00:00,72204,2024-03-15 15:30:00,BUY,2161.92,2156.912142857143,2156.912142857143,2171.9357142857143,0.1,-50.7785714285712,-500.78571428571195,-1.0,SL,2024Q1,2024,1
3690,72205,2024-03-15 16:00:00,72219,2024-03-18 00:00:00,BUY,2160.22,2154.5885714285714,2154.5885714285714,2171.482857142857,0.1,-57.01428571428387,-563.1428571428387,-1.0,SL,2024Q1,2024,14
3691,72220,2024-03-18 00:30:00,72225,2024-03-18 03:00:00,BUY,2155.47,2150.413928571428,2150.413928571428,2165.5821428571426,0.1,-51.26071428571613,-505.6071428571613,-1.0,SL,2024Q1,2024,5
3692,72226,2024-03-18 03:30:00,72228,2024-03-18 04:30:00,BUY,2151.67,2147.71,2147.71,2159.59,0.1,-40.30000000000037,-396.00000000000364,-1.0,SL,2024Q1,2024,2
3693,72230,2024-03-18 05:30:00,72241,2024-03-18 11:00:00,BUY,2146.9,2155.462857142857,2142.6185714285716,2155.462857142857,0.1,84.92857142856955,856.2857142856956,1.9517399868680223,TP,2024Q1,2024,11
3694,72248,2024-03-18 14:30:00,72285,2024-03-19 10:00:00,SELL,2161.19,2153.6107142857145,2164.979642857143,2153.6107142857145,0.1,75.0928571428556,757.9285714285561,1.9455908207642034,TP,2024Q1,2024,37
3695,72312,2024-03-20 00:30:00,72340,2024-03-20 14:30:00,SELL,2158.43,2151.6392857142855,2161.825357142857,2151.6392857142855,0.1,67.2071428571433,679.071428571433,1.9394001855097636,TP,2024Q1,2024,28
3696,72341,2024-03-20 15:00:00,72343,2024-03-20 16:00:00,BUY,2153.3,2160.3907142857142,2149.754642857143,2160.3907142857142,0.1,70.20714285714057,709.0714285714057,1.941914452237477,TP,2024Q1,2024,2
3697,72391,2024-03-21 17:00:00,72391,2024-03-21 17:00:00,BUY,2176.75,2167.7242857142855,2167.7242857142855,2194.801428571429,0.1,-90.95714285714458,-902.5714285714457,-1.0,SL,2024Q1,2024,0
3698,72441,2024-03-22 19:00:00,72456,2024-03-25 03:30:00,BUY,2162.78,2176.0228571428574,2156.1585714285716,2176.0228571428574,0.1,131.72857142857248,1324.2857142857247,1.968616567036721,TP,2024Q1,2024,15
3699,72457,2024-03-25 04:00:00,72466,2024-03-25 08:30:00,SELL,2175.0,2164.605,2180.1975,2164.605,0.1,103.24999999999982,1039.4999999999982,1.9601328903653636,TP,2024Q1,2024,9
3700,72468,2024-03-25 09:30:00,72480,2024-03-25 15:30:00,BUY,2166.93,2177.7214285714285,2161.5342857142855,2177.7214285714285,0.1,107.21428571428696,1079.1428571428696,1.9615786722425512,TP,2024Q1,2024,12
3701,72502,2024-03-26 03:30:00,72502,2024-03-26 03:30:00,BUY,2171.47,2168.6949999999997,2168.6949999999997,2177.02,0.1,-28.45000000000091,-277.5000000000091,-1.0,SL,2024Q1,2024,0
3702,72552,2024-03-27 05:30:00,72564,2024-03-27 11:30:00,SELL,2179.23,2183.410714285714,2183.410714285714,2170.8685714285716,0.1,-42.50714285714203,-418.07142857142026,-1.0,SL,2024Q1,2024,12
3703,72566,2024-03-27 12:30:00,72602,2024-03-28 07:30:00,SELL,2192.71,2198.441071428572,2198.441071428572,2181.247857142857,0.1,-58.01071428571795,-573.1071428571795,-1.0,SL,2024Q1,2024,36
3704,72616,2024-03-28 14:30:00,72623,2024-03-28 18:00:00,SELL,2211.19,2218.838928571429,2218.838928571429,2195.892142857143,0.1,-77.18928571428769,-764.8928571428769,-1.0,SL,2024Q1,2024,7
3705,72639,2024-04-01 04:00:00,72639,2024-04-01 04:00:00,SELL,2249.95,2259.117142857143,2259.117142857143,2231.615714285714,0.1,-92.37142857143063,-916.7142857143062,-1.0,SL,2024Q2,2024,0
3706,72646,2024-04-01 07:30:00,72664,2024-04-01 16:30:00,SELL,2260.4,2239.8992857142857,2270.6503571428575,2239.8992857142857,0.1,204.30714285714367,2050.0714285714366,1.9796518669757672,TP,2024Q2,2024,18
3707,72665,2024-04-01 17:00:00,72665,2024-04-01 17:00:00,BUY,2246.4,2238.4125,2238.4125,2262.3750000000005,0.1,-80.57500000000182,-798.7500000000182,-1.0,SL,2024Q2,2024,0
3708,72667,2024-04-01 18:00:00,72680,2024-04-02 01:30:00,BUY,2236.03,2255.401428571429,2226.344285714286,2255.401428571429,0.1,193.01428571428625,1937.1428571428623,1.9784741543417779,TP,2024Q2,2024,13
3709,72703,2024-04-02 13:00:00,72710,2024-04-02 16:30:00,SELL,2260.55,2266.1525,2266.1525,2249.3450000000003,0.1,-56.72499999999964,-560.2499999999964,-1.0,SL,2024Q2,2024,7
3710,72715,2024-04-02 19:00:00,72725,2024-04-03 01:00:00,BUY,2258.77,2281.8014285714285,2247.2542857142857,2281.8014285714285,0.1,229.6142857142848,2303.142857142848,1.9818742293464857,TP,2024Q2,2024,10
3711,72754,2024-04-03 15:30:00,72757,2024-04-03 17:00:00,BUY,2268.76,2284.0642857142857,2261.1078571428575,2284.0642857142857,0.1,152.3428571428547,1530.428571428547,1.9728054759041713,TP,2024Q2,2024,3
3712,72761,2024-04-03 19:00:00,72764,2024-04-03 20:30:00,SELL,2286.18,2295.378214285714,2295.378214285714,2267.7835714285716,0.1,-92.6821428571413,-919.821428571413,-1.0,SL,2024Q2,2024,3
3713,72765,2024-04-03 21:00:00,72812,2024-04-04 21:30:00,SELL,2294.83,2305.114642857143,2305.114642857143,2274.2607142857146,0.1,-103.54642857142899,-1028.4642857142899,-1.0,SL,2024Q2,2024,47
3714,72815,2024-04-04 23:00:00,72823,2024-04-05 04:00:00,BUY,2284.98,2274.1232142857143,2274.1232142857143,2306.6935714285714,0.1,-109.26785714285707,-1085.6785714285706,-1.0,SL,2024Q2,2024,8
3715,72825,2024-04-05 05:00:00,72840,2024-04-05 12:30:00,BUY,2271.84,2293.017857142857,2261.251071428572,2293.017857142857,0.1,211.0785714285674,2117.7857142856737,1.9802982074049251,TP,2024Q2,2024,15
3716,72841,2024-04-05 13:00:00,72847,2024-04-05 16:00:00,SELL,2290.91,2297.760714285714,2297.760714285714,2277.2085714285718,0.1,-69.20714285714276,-685.0714285714275,-1.0,SL,2024Q2,2024,6
3717,72848,2024-04-05 16:30:00,72849,2024-04-05 17:00:00,SELL,2295.45,2304.3374999999996,2304.3374999999996,2277.675,0.1,-89.57499999999818,-888.7499999999818,-1.0,SL,2024Q2,2024,1
3718,72852,2024-04-05 18:30:00,72872,2024-04-08 05:30:00,SELL,2324.66,2337.0382142857143,2337.0382142857143,2299.903571428571,0.1,-124.48214285714421,-1237.821428571442,-1.0,SL,2024Q2,2024,20
3719,72896,2024-04-08 17:30:00,72915,2024-04-09 04:00:00,BUY,2326.2,2344.9864285714284,2316.8067857142855,2344.9864285714284,0.1,187.16428571428588,1878.6428571428587,1.9778088085443637,TP,2024Q2,2024,19
3720,72917,2024-04-09 05:00:00,72918,2024-04-09 05:30:00,SELL,2339.81,2345.0010714285713,2345.0010714285713,2329.427857142857,0.1,-52.61071428571377,-519.1071428571377,-1.0,SL,2024Q2,2024,1
3721,72930,2024-04-09 11:30:00,72931,2024-04-09 12:00:00,SELL,2355.76,2362.6,2362.6,2342.0800000000004,0.1,-69.09999999999691,-683.9999999999691,-1.0,SL,2024Q2,2024,1
3722,72971,2024-04-10 09:00:00,72978,2024-04-10 12:30:00,SELL,2357.47,2347.3599999999997,2362.5249999999996,2347.3599999999997,0.1,100.40000000000127,1011.0000000000127,1.9590243902439897,TP,2024Q2,2024,7
3723,72987,2024-04-10 17:00:00,73039,2024-04-11 20:00:00,BUY,2334.12,2354.6335714285715,2323.863214285714,2354.6335714285715,0.1,204.43571428571596,2051.3571428571595,1.9796645339789039,TP,2024Q2,2024,52
3724,73041,2024-04-11 21:00:00,73044,2024-04-11 22:30:00,SELL,2356.2,2366.463214285714,2366.463214285714,2335.6735714285714,0.1,-103.33214285714185,-1026.3214285714184,-1.0,SL,2024Q2,2024,3
3725,73047,2024-04-12 01:00:00,73053,2024-04-12 04:00:00,SELL,2371.51,2381.2996428571428,2381.2996428571428,2351.9307142857147,0.1,-98.59642857142553,-978.9642857142553,-1.0,SL,2024Q2,2024,6
3726,73056,2024-04-12 05:30:00,73065,2024-04-12 10:00:00,SELL,2388.61,2397.1546428571432,2397.1546428571432,2371.5207142857143,0.1,-86.14642857143117,-854.4642857143117,-1.0,SL,2024Q2,2024,9
3727,73066,2024-04-12 10:30:00,73078,2024-04-12 16:30:00,SELL,2395.08,2403.5153571428573,2403.5153571428573,2378.209285714285,0.1,-85.05357142857356,-843.5357142857356,-1.0,SL,2024Q2,2024,12
3728,73082,2024-04-12 18:30:00,73084,2024-04-12 19:30:00,SELL,2395.27,2365.9857142857145,2409.9121428571425,2365.9857142857145,0.1,292.1428571428549,2928.428571428549,1.9857260766131297,TP,2024Q2,2024,2
3729,73087,2024-04-12 21:00:00,73125,2024-04-15 17:00:00,BUY,2355.21,2333.266071428571,2333.266071428571,2399.0978571428573,0.1,-220.1392857142884,-2194.392857142884,-1.0,SL,2024Q2,2024,38
3730,73133,2024-04-15 21:00:00,73135,2024-04-15 22:00:00,SELL,2365.33,2381.0446428571427,2381.0446428571427,2333.900714285714,0.1,-157.84642857142734,-1571.4642857142735,-1.0,SL,2024Q2,2024,2
3731,73140,2024-04-16 01:30:00,73230,2024-04-17 23:30:00,SELL,2386.84,2358.438571428572,2401.0407142857143,2358.438571428572,0.1,283.3142857142837,2840.142857142837,1.9852845487762152,TP,2024Q2,2024,90
3732,73231,2024-04-18 01:00:00,73259,2024-04-18 15:00:00,BUY,2362.0,2385.61,2350.195,2385.61,0.1,235.40000000000128,2361.0000000000127,1.9823157894737222,TP,2024Q2,2024,28
3733,73260,2024-04-18 15:30:00,73261,2024-04-18 16:00:00,SELL,2382.87,2388.4114285714286,2388.4114285714286,2371.787142857143,0.1,-56.114285714286964,-554.1428571428696,-1.0,SL,2024Q2,2024,1
3734,73263,2024-04-18 17:00:00,73268,2024-04-18 19:30:00,SELL,2379.44,2387.297857142857,2387.297857142857,2363.724285714286,0.1,-79.27857142857029,-785.7857142857029,-1.0,SL,2024Q2,2024,5
3735,73312,2024-04-19 18:30:00,73331,2024-04-22 05:00:00,SELL,2393.0,2373.6671428571426,2402.6664285714287,2373.6671428571426,0.1,192.62857142857393,1933.2857142857392,1.9784315163964497,TP,2024Q2,2024,19
3736,73339,2024-04-22 09:00:00,73340,2024-04-22 09:30:00,BUY,2365.63,2358.1492857142857,2358.1492857142857,2380.591428571429,0.1,-75.50714285714385,-748.0714285714384,-1.0,SL,2024Q2,2024,1
3737,73352,2024-04-22 15:30:00,73352,2024-04-22 15:30:00,BUY,2346.82,2336.8310714285717,2336.8310714285717,2366.7978571428575,0.1,-100.5892857142846,-998.892857142846,-1.0,SL,2024Q2,2024,0
3738,73355,2024-04-22 17:00:00,73363,2024-04-22 21:00:00,BUY,2338.55,2327.692142857143,2327.692142857143,2360.2657142857142,0.1,-109.27857142857029,-1085.7857142857029,-1.0,SL,2024Q2,2024,8
3739,73392,2024-04-23 12:30:00,73399,2024-04-23 16:00:00,BUY,2295.59,2316.4528571428573,2285.1585714285716,2316.4528571428573,0.1,207.9285714285714,2086.2857142857138,1.9800027207182698,TP,2024Q2,2024,7
3740,73400,2024-04-23 16:30:00,73400,2024-04-23 16:30:00,SELL,2311.71,2321.5028571428575,2321.5028571428575,2292.1242857142856,0.1,-98.62857142857429,-979.2857142857429,-1.0,SL,2024Q2,2024,0
3741,73402,2024-04-23 17:30:00,73449,2024-04-24 18:00:00,SELL,2322.03,2333.608928571429,2333.608928571429,2298.872142857143,0.1,-116.48928571428605,-1157.8928571428605,-1.0,SL,2024Q2,2024,47
3742,73450,2024-04-24 18:30:00,73471,2024-04-25 06:00:00,SELL,2331.23,2313.44,2340.125,2313.44,0.1,177.19999999999965,1778.9999999999964,1.9765755716675961,TP,2024Q2,2024,21
3743,73482,2024-04-25 11:30:00,73490,2024-04-25 15:30:00,SELL,2324.92,2331.658214285714,2331.658214285714,2311.4435714285714,0.1,-68.08214285714094,-673.8214285714093,-1.0,SL,2024Q2,2024,8
3744,73495,2024-04-25 18:00:00,73525,2024-04-26 10:00:00,SELL,2333.7,2344.533214285714,2344.533214285714,2312.0335714285716,0.1,-109.03214285714348,-1083.3214285714348,-1.0,SL,2024Q2,2024,30
3745,73528,2024-04-26 11:30:00,73540,2024-04-26 17:30:00,SELL,2346.59,2333.4607142857144,2353.154642857143,2333.4607142857144,0.1,130.59285714285744,1312.9285714285743,1.9683479571513838,TP,2024Q2,2024,12
3746,73541,2024-04-26 18:00:00,73559,2024-04-29 04:00:00,BUY,2333.75,2325.077857142857,2325.077857142857,2351.094285714286,0.1,-87.42142857143172,-867.2142857143172,-1.0,SL,2024Q2,2024,18
3747,73560,2024-04-29 04:30:00,73560,2024-04-29 04:30:00,BUY,2329.23,2323.780714285714,2323.780714285714,2340.1285714285714,0.1,-55.19285714285907,-544.9285714285907,-1.0,SL,2024Q2,2024,0
3748,73561,2024-04-29 05:00:00,73562,2024-04-29 05:30:00,BUY,2331.19,2325.1160714285716,2325.1160714285716,2343.337857142857,0.1,-61.43928571428496,-607.3928571428496,-1.0,SL,2024Q2,2024,1
3749,73575,2024-04-29 12:00:00,73576,2024-04-29 12:30:00,SELL,2338.02,2344.1989285714285,2344.1989285714285,2325.6621428571425,0.1,-62.489285714285145,-617.8928571428514,-1.0,SL,2024Q2,2024,1
3750,73585,2024-04-29 17:00:00,73608,2024-04-30 05:30:00,BUY,2334.1,2327.073571428571,2327.073571428571,2348.152857142857,0.1,-70.96428571428824,-702.6428571428823,-1.0,SL,2024Q2,2024,23
3751,73609,2024-04-30 06:00:00,73611,2024-04-30 07:00:00,BUY,2331.48,2327.0742857142855,2327.0742857142855,2340.291428571429,0.1,-44.757142857145666,-440.57142857145664,-1.0,SL,2024Q2,2024,2
3752,73613,2024-04-30 08:00:00,73614,2024-04-30 08:30:00,BUY,2326.63,2322.6989285714285,2322.6989285714285,2334.492142857143,0.1,-40.01071428571613,-393.1071428571613,-1.0,SL,2024Q2,2024,1
3753,73617,2024-04-30 10:00:00,73617,2024-04-30 10:00:00,BUY,2322.5,2317.8060714285716,2317.8060714285716,2331.8878571428572,0.1,-47.63928571428387,-469.3928571428387,-1.0,SL,2024Q2,2024,0
3754,73619,2024-04-30 11:00:00,73619,2024-04-30 11:00:00,BUY,2317.71,2312.5017857142857,2312.5017857142857,2328.1264285714287,0.1,-52.782142857143484,-520.8214285714348,-1.0,SL,2024Q2,2024,0
3755,73621,2024-04-30 12:00:00,73628,2024-04-30 15:30:00,BUY,2313.02,2307.1667857142857,2307.1667857142857,2324.726428571428,0.1,-59.2321428571433,-585.321428571433,-1.0,SL,2024Q2,2024,7
3756,73630,2024-04-30 16:30:00,73631,2024-04-30 17:00:00,BUY,2305.45,2298.766428571428,2298.766428571428,2318.8171428571427,0.1,-67.53571428571668,-668.3571428571668,-1.0,SL,2024Q2,2024,1
3757,73642,2024-04-30 22:30:00,73656,2024-05-01 06:30:00,BUY,2292.91,2283.701071428571,2283.701071428571,2311.327857142857,0.1,-92.78928571428715,-920.8928571428714,-1.0,SL,2024Q2,2024,14
3758,73658,2024-05-01 07:30:00,73670,2024-05-01 13:30:00,BUY,2283.51,2293.847142857143,2278.341428571429,2293.847142857143,0.1,102.6714285714268,1033.714285714268,1.9599127352058896,TP,2024Q2,2024,12
3759,73673,2024-05-01 15:00:00,73674,2024-05-01 15:30:00,SELL,2294.47,2299.6117857142854,2299.6117857142854,2284.1864285714287,0.1,-52.11785714285561,-514.1785714285561,-1.0,SL,2024Q2,2024,1
3760,73675,2024-05-01 16:00:00,73677,2024-05-01 17:00:00,SELL,2298.16,2303.5975,2303.5975,2287.2850000000003,0.1,-55.075,-543.75,-1.0,SL,2024Q2,2024,2
3761,73681,2024-05-01 19:00:00,73686,2024-05-01 21:30:00,SELL,2307.14,2314.9367857142856,2314.9367857142856,2291.546428571429,0.1,-78.66785714285761,-779.6785714285761,-1.0,SL,2024Q2,2024,5
3762,73723,2024-05-02 17:00:00,73766,2024-05-03 15:30:00,BUY,2291.57,2310.099285714286,2282.3053571428572,2310.099285714286,0.1,184.59285714285835,1852.9285714285834,1.9775031564448868,TP,2024Q2,2024,43
3763,73767,2024-05-03 16:00:00,73768,2024-05-03 16:30:00,SELL,2304.63,2289.447857142857,2312.2210714285716,2289.447857142857,0.1,151.12142857142936,1518.2142857142935,1.9725886905039394,TP,2024Q2,2024,1
3764,73791,2024-05-06 05:00:00,73791,2024-05-06 05:00:00,SELL,2308.23,2314.9607142857144,2314.9607142857144,2294.7685714285717,0.1,-68.00714285714385,-673.0714285714384,-1.0,SL,2024Q2,2024,0
3765,73813,2024-05-06 16:00:00,73814,2024-05-06 16:30:00,SELL,2323.14,2330.4042857142854,2330.4042857142854,2308.611428571429,0.1,-73.34285714285507,-726.4285714285506,-1.0,SL,2024Q2,2024,1
3766,73815,2024-05-06 17:00:00,73857,2024-05-07 15:00:00,SELL,2327.83,2311.342857142857,2336.073571428571,2311.342857142857,0.1,164.17142857142773,1648.7142857142771,1.974740097946613,TP,2024Q2,2024,42
3767,73858,2024-05-07 15:30:00,73882,2024-05-08 04:30:00,BUY,2313.63,2308.275,2308.275,2324.34,0.1,-54.250000000000185,-535.5000000000018,-1.0,SL,2024Q2,2024,24
3768,73886,2024-05-08 06:30:00,73890,2024-05-08 08:30:00,SELL,2316.0,2320.4389285714287,2320.4389285714287,2307.1221428571425,0.1,-45.08928571428733,-443.89285714287325,-1.0,SL,2024Q2,2024,4
3769,73891,2024-05-08 09:00:00,73894,2024-05-08 10:30:00,SELL,2317.6,2308.9621428571427,2321.9189285714283,2308.9621428571427,0.1,85.67857142857228,863.7857142857229,1.9521523313533442,TP,2024Q2,2024,3
3770,73912,2024-05-08 19:30:00,73950,2024-05-09 15:30:00,SELL,2318.63,2325.954285714286,2325.954285714286,2303.9814285714288,0.1,-73.94285714285907,-732.4285714285907,-1.0,SL,2024Q2,2024,38
3771,73968,2024-05-10 01:30:00,73973,2024-05-10 04:00:00,SELL,2345.43,2351.855357142857,2351.855357142857,2332.5792857142856,0.1,-64.95357142857138,-642.5357142857138,-1.0,SL,2024Q2,2024,5
3772,73982,2024-05-10 08:30:00,73983,2024-05-10 09:00:00,SELL,2355.61,2360.5707142857145,2360.5707142857145,2345.688571428572,0.1,-50.30714285714403,-496.07142857144026,-1.0,SL,2024Q2,2024,1
3773,73986,2024-05-10 10:30:00,73989,2024-05-10 12:00:00,SELL,2367.93,2374.593214285714,2374.593214285714,2354.6035714285713,0.1,-67.33214285714276,-666.3214285714275,-1.0,SL,2024Q2,2024,3
3774,73990,2024-05-10 12:30:00,73992,2024-05-10 13:30:00,SELL,2370.99,2377.2524999999996,2377.2524999999996,2358.465,0.1,-63.324999999998184,-626.2499999999818,-1.0,SL,2024Q2,2024,2
3775,73993,2024-05-10 14:00:00,73997,2024-05-10 16:00:00,SELL,2374.77,2361.724285714286,2381.292857142857,2361.724285714286,0.1,129.75714285713985,1304.5714285713984,1.9681473456121337,TP,2024Q2,2024,4
3776,74021,2024-05-13 05:00:00,74026,2024-05-13 07:30:00,BUY,2359.38,2354.3507142857143,2354.3507142857143,2369.438571428572,0.1,-50.99285714285834,-502.9285714285834,-1.0,SL,2024Q2,2024,5
3777,74029,2024-05-13 09:00:00,74030,2024-05-13 09:30:00,BUY,2352.79,2348.355357142857,2348.355357142857,2361.659285714286,0.1,-45.0464285714299,-443.46428571429897,-1.0,SL,2024Q2,2024,1
3778,74031,2024-05-13 10:00:00,74033,2024-05-13 11:00:00,BUY,2349.76,2344.5496428571428,2344.5496428571428,2360.1807142857147,0.1,-52.80357142857447,-521.0357142857447,-1.0,SL,2024Q2,2024,2
3779,74040,2024-05-13 14:30:00,74047,2024-05-13 18:00:00,BUY,2341.64,2335.7825,2335.7825,2353.3549999999996,0.1,-59.27500000000073,-585.7500000000073,-1.0,SL,2024Q2,2024,7
3780,74049,2024-05-13 19:00:00,74089,2024-05-14 16:00:00,BUY,2336.09,2351.424285714286,2328.422857142857,2351.424285714286,0.1,152.6428571428567,1533.428571428567,1.9728581979319952,TP,2024Q2,2024,40
3781,74090,2024-05-14 16:30:00,74091,2024-05-14 17:00:00,SELL,2348.45,2355.4132142857143,2355.4132142857143,2334.5235714285714,0.1,-70.33214285714458,-696.3214285714457,-1.0,SL,2024Q2,2024,1
3782,74092,2024-05-14 17:30:00,74116,2024-05-15 06:30:00,SELL,2351.75,2359.8907142857142,2359.8907142857142,2335.4685714285715,0.1,-82.10714285714239,-814.0714285714239,-1.0,SL,2024Q2,2024,24
3783,74125,2024-05-15 11:00:00,74125,2024-05-15 11:00:00,SELL,2362.33,2366.150714285714,2366.150714285714,2354.6885714285713,0.1,-38.907142857140755,-382.0714285714075,-1.0,SL,2024Q2,2024,0
3784,74135,2024-05-15 16:00:00,74136,2024-05-15 16:30:00,SELL,2372.4,2357.314285714286,2379.942857142857,2357.314285714286,0.1,150.1571428571395,1508.5714285713948,1.972415087258397,TP,2024Q2,2024,1
3785,74137,2024-05-15 17:00:00,74139,2024-05-15 18:00:00,BUY,2358.25,2378.6414285714286,2348.054285714286,2378.6414285714286,0.1,203.21428571428606,2039.1428571428605,1.9795435569162698,TP,2024Q2,2024,2
3786,74142,2024-05-15 19:30:00,74227,2024-05-17 16:00:00,SELL,2384.95,2398.054642857143,2398.054642857143,2358.740714285714,0.1,-131.7464285714306,-1310.4642857143062,-1.0,SL,2024Q2,2024,85
3787,74232,2024-05-17 18:30:00,74237,2024-05-17 21:00:00,SELL,2406.45,2416.3339285714283,2416.3339285714283,2386.6821428571425,0.1,-99.53928571428442,-988.3928571428442,-1.0,SL,2024Q2,2024,5
3788,74239,2024-05-17 22:00:00,74249,2024-05-20 04:00:00,SELL,2417.34,2428.0425,2428.0425,2395.935,0.1,-107.72499999999873,-1070.2499999999873,-1.0,SL,2024Q2,2024,10
3789,74258,2024-05-20 08:30:00,74258,2024-05-20 08:30:00,SELL,2439.86,2447.965357142857,2447.965357142857,2423.6492857142857,0.1,-81.75357142856974,-810.5357142856974,-1.0,SL,2024Q2,2024,0
3790,74271,2024-05-20 15:00:00,74271,2024-05-20 15:00:00,BUY,2430.74,2420.4264285714285,2420.4264285714285,2451.3671428571424,0.1,-103.83571428571322,-1031.3571428571322,-1.0,SL,2024Q2,2024,0
3791,74319,2024-05-21 16:00:00,74362,2024-05-22 14:30:00,SELL,2426.18,2409.7764285714284,2434.3817857142853,2409.7764285714284,0.1,163.3357142857147,1640.3571428571468,1.9746124951427513,TP,2024Q2,2024,43
3792,74369,2024-05-22 18:00:00,74376,2024-05-22 21:30:00,BUY,2388.67,2378.0950000000003,2378.0950000000003,2409.82,0.1,-106.44999999999818,-1057.4999999999818,-1.0,SL,2024Q2,2024,7
3793,74389,2024-05-23 05:00:00,74396,2024-05-23 08:30:00,BUY,2373.07,2366.3125,2366.3125,2386.5850000000005,0.1,-68.27500000000164,-675.7500000000164,-1.0,SL,2024Q2,2024,7
3794,74398,2024-05-23 09:30:00,74400,2024-05-23 10:30:00,BUY,2366.84,2358.472142857143,2358.472142857143,2383.5757142857146,0.1,-84.37857142857247,-836.7857142857247,-1.0,SL,2024Q2,2024,2
3795,74413,2024-05-23 17:00:00,74413,2024-05-23 17:00:00,BUY,2358.73,2349.9989285714287,2349.9989285714287,2376.192142857143,0.1,-88.0107142857134,-873.107142857134,-1.0,SL,2024Q2,2024,0
3796,74416,2024-05-23 18:30:00,74425,2024-05-23 23:00:00,BUY,2341.65,2330.745,2330.745,2363.46,0.1,-109.750000000002,-1090.50000000002,-1.0,SL,2024Q2,2024,9
3797,74434,2024-05-24 04:30:00,74435,2024-05-24 05:00:00,BUY,2333.96,2328.4582142857143,2328.4582142857143,2344.963571428572,0.1,-55.717857142856886,-550.1785714285688,-1.0,SL,2024Q2,2024,1
3798,74437,2024-05-24 06:00:00,74449,2024-05-24 12:00:00,BUY,2330.77,2342.3050000000003,2325.0025,2342.3050000000003,0.1,114.65000000000309,1153.500000000031,1.9640256959315547,TP,2024Q2,2024,12
3799,74450,2024-05-24 12:30:00,74458,2024-05-24 16:30:00,SELL,2340.06,2345.4739285714286,2345.4739285714286,2329.2321428571427,0.1,-54.83928571428642,-541.3928571428642,-1.0,SL,2024Q2,2024,8
3800,74459,2024-05-24 17:00:00,74482,2024-05-27 05:30:00,SELL,2336.92,2343.9710714285716,2343.9710714285716,2322.8178571428575,0.1,-71.21071428571504,-705.1071428571504,-1.0,SL,2024Q2,2024,23
3801,74535,2024-05-28 11:30:00,74542,2024-05-28 15:00:00,BUY,2341.66,2352.080714285714,2336.449642857143,2352.080714285714,0.1,103.50714285713984,1042.0714285713984,1.960229962800134,TP,2024Q2,2024,7
3802,74543,2024-05-28 15:30:00,74544,2024-05-28 16:00:00,SELL,2354.28,2360.1439285714287,2360.1439285714287,2342.552142857143,0.1,-59.3392857142846,-586.392857142846,-1.0,SL,2024Q2,2024,1
3803,74578,2024-05-29 10:00:00,74579,2024-05-29 10:30:00,BUY,2355.92,2350.76,2350.76,2366.24,0.1,-52.29999999999855,-515.9999999999854,-1.0,SL,2024Q2,2024,1
3804,74588,2024-05-29 15:00:00,74589,2024-05-29 15:30:00,BUY,2341.63,2335.249642857143,2335.249642857143,2354.3907142857142,0.1,-64.50357142857065,-638.0357142857065,-1.0,SL,2024Q2,2024,1
3805,74611,2024-05-30 03:30:00,74613,2024-05-30 04:30:00,BUY,2336.76,2333.0003571428574,2333.0003571428574,2344.279285714286,0.1,-38.29642857142808,-375.9642857142808,-1.0,SL,2024Q2,2024,2
3806,74614,2024-05-30 05:00:00,74615,2024-05-30 05:30:00,BUY,2334.15,2330.0657142857144,2330.0657142857144,2342.3185714285714,0.1,-41.542857142856704,-408.428571428567,-1.0,SL,2024Q2,2024,1
3807,74635,2024-05-30 15:30:00,74635,2024-05-30 15:30:00,SELL,2336.36,2344.196428571429,2344.196428571429,2320.687142857143,0.1,-79.06428571428769,-783.6428571428769,-1.0,SL,2024Q2,2024,0
3808,74636,2024-05-30 16:00:00,74638,2024-05-30 17:00:00,SELL,2341.25,2349.0189285714287,2349.0189285714287,2325.7121428571427,0.1,-78.3892857142866,-776.892857142866,-1.0,SL,2024Q2,2024,2
3809,74639,2024-05-30 17:30:00,74681,2024-05-31 15:30:00,SELL,2348.44,2356.320357142857,2356.320357142857,2332.679285714286,0.1,-79.50357142857065,-788.0357142857065,-1.0,SL,2024Q2,2024,42
3810,74683,2024-05-31 16:30:00,74684,2024-05-31 17:00:00,SELL,2353.82,2342.197142857143,2359.631428571429,2342.197142857143,0.1,115.52857142857356,1162.2857142857356,1.9642943891182905,TP,2024Q2,2024,1
3811,74685,2024-05-31 17:30:00,74685,2024-05-31 17:30:00,BUY,2341.98,2334.3225,2334.3225,2357.295,0.1,-77.274999999998,-765.74999999998,-1.0,SL,2024Q2,2024,0
3812,74692,2024-05-31 21:00:00,74713,2024-06-03 08:30:00,BUY,2326.1,2315.543214285714,2315.543214285714,2347.2135714285714,0.1,-106.2678571428598,-1055.678571428598,-1.0,SL,2024Q2,2024,21
3813,74714,2024-06-03 09:00:00,74714,2024-06-03 09:00:00,BUY,2320.29,2315.089285714286,2315.089285714286,2330.6914285714283,0.1,-52.70714285714185,-520.0714285714184,-1.0,SL,2024Q2,2024,0
3814,74715,2024-06-03 09:30:00,74716,2024-06-03 10:00:00,BUY,2315.7,2327.0292857142854,2310.035357142857,2327.0292857142854,0.1,112.5928571428556,1132.928571428556,1.9633804571214262,TP,2024Q2,2024,1
3815,74724,2024-06-03 14:00:00,74730,2024-06-03 17:00:00,SELL,2330.61,2337.3857142857146,2337.3857142857146,2317.0585714285717,0.1,-68.45714285714458,-677.5714285714457,-1.0,SL,2024Q2,2024,6
3816,74732,2024-06-03 18:00:00,74735,2024-06-03 19:30:00,SELL,2341.5,2348.6560714285715,2348.6560714285715,2327.1878571428574,0.1,-72.26071428571522,-715.6071428571522,-1.0,SL,2024Q2,2024,3
3817,74737,2024-06-03 20:30:00,74766,2024-06-04 12:00:00,SELL,2348.45,2331.6992857142855,2356.825357142857,2331.6992857142855,0.1,166.80714285714367,1675.0714285714366,1.975134266503204,TP,2024Q2,2024,29
3818,74772,2024-06-04 15:00:00,74776,2024-06-04 17:00:00,BUY,2328.06,2321.7889285714286,2321.7889285714286,2340.6021428571426,0.1,-63.41071428571304,-627.1071428571304,-1.0,SL,2024Q2,2024,4
3819,74821,2024-06-05 16:30:00,74823,2024-06-05 17:30:00,SELL,2342.32,2348.4957142857143,2348.4957142857143,2329.9685714285715,0.1,-62.45714285714094,-617.5714285714093,-1.0,SL,2024Q2,2024,2
3820,74826,2024-06-05 19:00:00,74842,2024-06-06 04:00:00,SELL,2353.58,2361.9221428571427,2361.9221428571427,2336.8957142857143,0.1,-84.1214285714279,-834.214285714279,-1.0,SL,2024Q2,2024,16
3821,74844,2024-06-06 05:00:00,74845,2024-06-06 05:30:00,SELL,2367.33,2371.891071428571,2371.891071428571,2358.207857142857,0.1,-46.31071428571268,-456.10714285712675,-1.0,SL,2024Q2,2024,1
3822,74847,2024-06-06 06:30:00,74864,2024-06-06 15:00:00,SELL,2369.47,2357.7978571428566,2375.306071428571,2357.7978571428566,0.1,116.02142857143171,1167.2142857143172,1.9644433694141177,TP,2024Q2,2024,17
3823,74865,2024-06-06 15:30:00,74865,2024-06-06 15:30:00,BUY,2360.83,2355.8885714285716,2355.8885714285716,2370.712857142857,0.1,-50.11428571428333,-494.14285714283324,-1.0,SL,2024Q2,2024,0
3824,74866,2024-06-06 16:00:00,74870,2024-06-06 18:00:00,BUY,2357.75,2369.0835714285713,2352.0832142857143,2369.0835714285713,0.1,112.63571428571304,1133.3571428571304,1.9633941355911095,TP,2024Q2,2024,4
3825,74872,2024-06-06 19:00:00,74893,2024-06-07 06:30:00,SELL,2374.05,2381.974285714286,2381.974285714286,2358.2014285714286,0.1,-79.94285714285816,-792.4285714285816,-1.0,SL,2024Q2,2024,21
3826,74897,2024-06-07 08:30:00,74902,2024-06-07 11:00:00,SELL,2383.12,2370.9978571428574,2389.181071428571,2370.9978571428574,0.1,120.52142857142535,1212.2142857142535,1.9657482378982922,TP,2024Q2,2024,5
3827,74909,2024-06-07 14:30:00,74911,2024-06-07 15:30:00,BUY,2334.75,2324.3025,2324.3025,2355.645,0.1,-105.17500000000219,-1044.7500000000218,-1.0,SL,2024Q2,2024,2
3828,74919,2024-06-07 19:30:00,74924,2024-06-07 22:00:00,BUY,2311.33,2297.1882142857144,2297.1882142857144,2339.6135714285715,0.1,-142.1178571428556,-1414.178571428556,-1.0,SL,2024Q2,2024,5
3829,74927,2024-06-07 23:30:00,75003,2024-06-11 15:30:00,BUY,2291.09,2315.679285714286,2278.795357142857,2315.679285714286,0.1,245.1928571428578,2458.928571428578,1.9830160885011623,TP,2024Q2,2024,76
3830,75037,2024-06-12 09:30:00,75049,2024-06-12 15:30:00,SELL,2315.83,2319.838214285714,2319.838214285714,2307.8135714285713,0.1,-40.782142857140755,-400.8214285714075,-1.0,SL,2024Q2,2024,12
3831,75074,2024-06-13 05:00:00,75093,2024-06-13 14:30:00,BUY,2312.8,2304.5735714285715,2304.5735714285715,2329.252857142857,0.1,-82.96428571428642,-822.6428571428642,-1.0,SL,2024Q2,2024,19
3832,75103,2024-06-13 19:30:00,75136,2024-06-14 13:00:00,BUY,2298.84,2324.2135714285714,2286.1532142857145,2324.2135714285714,0.1,253.0357142857127,2537.3571428571267,1.983538172961169,TP,2024Q2,2024,33
3833,75140,2024-06-14 15:00:00,75175,2024-06-17 09:30:00,SELL,2331.87,2316.7864285714286,2339.4117857142855,2316.7864285714286,0.1,150.13571428571305,1508.3571428571304,1.9724112044292215,TP,2024Q2,2024,35
3834,75176,2024-06-17 10:00:00,75191,2024-06-17 17:30:00,BUY,2317.56,2326.937142857143,2312.8714285714286,2326.937142857143,0.1,93.07142857143099,937.7142857143099,1.9558691083759574,TP,2024Q2,2024,15
3835,75192,2024-06-17 18:00:00,75193,2024-06-17 18:30:00,SELL,2324.4,2311.6435714285717,2330.7782142857145,2311.6435714285717,0.1,126.86428571428387,1275.6428571428387,1.9674328440874405,TP,2024Q2,2024,1
3836,75214,2024-06-18 06:00:00,75223,2024-06-18 10:30:00,SELL,2324.3,2316.8664285714285,2328.016785714286,2316.8664285714285,0.1,73.63571428571667,743.3571428571668,1.9445439969819878,TP,2024Q2,2024,9
3837,75230,2024-06-18 14:00:00,75233,2024-06-18 15:30:00,BUY,2308.45,2317.6407142857142,2303.8546428571426,2317.6407142857142,0.1,91.2071428571442,919.0714285714421,1.95498736890454,TP,2024Q2,2024,3
3838,75240,2024-06-18 19:00:00,75298,2024-06-20 04:30:00,SELL,2326.78,2335.6203571428573,2335.6203571428573,2309.0992857142855,0.1,-89.10357142857102,-884.0357142857101,-1.0,SL,2024Q2,2024,58
3839,75307,2024-06-20 09:00:00,75307,2024-06-20 09:00:00,SELL,2340.2,2344.6860714285713,2344.6860714285713,2331.227857142857,0.1,-45.560714285714496,-448.60714285714494,-1.0,SL,2024Q2,2024,0
3840,75308,2024-06-20 09:30:00,75311,2024-06-20 11:00:00,SELL,2344.3,2334.614285714286,2349.1428571428573,2334.614285714286,0.1,96.15714285714311,968.5714285714312,1.957255015993021,TP,2024Q2,2024,3
3841,75326,2024-06-20 18:30:00,75331,2024-06-20 21:00:00,SELL,2351.68,2360.7914285714287,2360.7914285714287,2333.4571428571426,0.1,-91.8142857142886,-911.142857142886,-1.0,SL,2024Q2,2024,5
3842,75353,2024-06-21 09:00:00,75355,2024-06-21 10:00:00,SELL,2364.38,2357.0621428571426,2368.0389285714286,2357.0621428571426,0.1,72.4785714285752,731.785714285752,1.9436835552151388,TP,2024Q2,2024,2
3843,75365,2024-06-21 15:00:00,75367,2024-06-21 16:00:00,SELL,2366.18,2355.729285714285,2371.405357142857,2355.729285714285,0.1,103.80714285714639,1045.071428571464,1.9603426181965344,TP,2024Q2,2024,2
3844,75368,2024-06-21 16:30:00,75368,2024-06-21 16:30:00,BUY,2355.41,2349.173214285714,2349.173214285714,2367.8835714285715,0.1,-63.06785714285816,-623.6785714285816,-1.0,SL,2024Q2,2024,0
3845,75370,2024-06-21 17:30:00,75371,2024-06-21 18:00:00,BUY,2335.09,2326.084642857143,2326.084642857143,2353.1007142857147,0.1,-90.75357142857065,-900.5357142857065,-1.0,SL,2024Q2,2024,1
3846,75377,2024-06-21 21:00:00,75497,2024-06-26 12:00:00,BUY,2319.4,2317.15,2308.319285714286,2341.5614285714287,0.1,-23.2,-225.0,-0.20805842034462863,TIME_EXIT,2024Q2,2024,120
3847,75538,2024-06-27 09:30:00,75543,2024-06-27 12:00:00,BUY,2301.72,2308.545,2298.3075,2308.545,0.1,67.55000000000273,682.5000000000273,1.9396984924624403,TP,2024Q2,2024,5
3848,75545,2024-06-27 13:00:00,75548,2024-06-27 14:30:00,SELL,2312.5,2317.243214285714,2317.243214285714,2303.013571428571,0.1,-48.13214285714203,-474.32142857142026,-1.0,SL,2024Q2,2024,3
3849,75550,2024-06-27 15:30:00,75550,2024-06-27 15:30:00,SELL,2316.68,2322.135714285714,2322.135714285714,2305.768571428571,0.1,-55.25714285714294,-545.5714285714294,-1.0,SL,2024Q2,2024,0
3850,75554,2024-06-27 17:30:00,75587,2024-06-28 11:00:00,SELL,2324.47,2331.1792857142855,2331.1792857142855,2311.051428571428,0.1,-67.7928571428567,-670.928571428567,-1.0,SL,2024Q2,2024,33
3851,75594,2024-06-28 14:30:00,75597,2024-06-28 16:00:00,SELL,2334.64,2339.4967857142856,2339.4967857142856,2324.9264285714285,0.1,-49.26785714285707,-485.67857142857065,-1.0,SL,2024Q2,2024,3
3852,75598,2024-06-28 16:30:00,75628,2024-07-01 08:30:00,SELL,2331.46,2319.3700000000003,2337.505,2319.3700000000003,0.1,120.1999999999969,1208.999999999969,1.9656582174978818,TP,2024Q2,2024,30
3853,75629,2024-07-01 09:00:00,75637,2024-07-01 13:00:00,BUY,2321.92,2329.7500000000005,2318.005,2329.7500000000005,0.1,77.60000000000382,783.0000000000382,1.9473023839398875,TP,2024Q3,2024,8
3854,75638,2024-07-01 13:30:00,75639,2024-07-01 14:00:00,SELL,2328.9,2333.7032142857142,2333.7032142857142,2319.2935714285713,0.1,-48.73214285714148,-480.3214285714148,-1.0,SL,2024Q3,2024,1
3855,75642,2024-07-01 15:30:00,75645,2024-07-01 17:00:00,SELL,2334.37,2323.6321428571428,2339.7389285714285,2323.6321428571428,0.1,106.67857142857137,1073.7857142857138,1.9613894543305535,TP,2024Q3,2024,3
3856,75668,2024-07-02 05:30:00,75670,2024-07-02 06:30:00,SELL,2332.23,2326.885714285714,2334.902142857143,2326.885714285714,0.1,52.74285714285888,534.4285714285888,1.9234175566552218,TP,2024Q3,2024,2
3857,75672,2024-07-02 07:30:00,75677,2024-07-02 10:00:00,BUY,2326.53,2323.524642857143,2323.524642857143,2332.540714285715,0.1,-30.75357142857065,-300.5357142857065,-1.0,SL,2024Q3,2024,5
3858,75684,2024-07-02 13:30:00,75687,2024-07-02 15:00:00,BUY,2324.74,2319.172857142857,2319.172857142857,2335.874285714285,0.1,-56.37142857142699,-556.7142857142699,-1.0,SL,2024Q3,2024,3
3859,75688,2024-07-02 15:30:00,75690,2024-07-02 16:30:00,BUY,2322.33,2334.848571428571,2316.070714285714,2334.848571428571,0.1,124.48571428571249,1251.857142857125,1.9668209005754846,TP,2024Q3,2024,2
3860,75717,2024-07-03 07:00:00,75718,2024-07-03 07:30:00,SELL,2331.57,2334.574285714286,2334.574285714286,2325.5614285714287,0.1,-30.742857142857428,-300.4285714285743,-1.0,SL,2024Q3,2024,1
3861,75720,2024-07-03 08:30:00,75722,2024-07-03 09:30:00,SELL,2334.34,2337.4085714285716,2337.4085714285716,2328.2028571428573,0.1,-31.38571428571431,-306.8571428571431,-1.0,SL,2024Q3,2024,2
3862,75726,2024-07-03 11:30:00,75734,2024-07-03 15:30:00,SELL,2345.51,2350.6164285714285,2350.6164285714285,2335.2971428571436,0.1,-51.76428571428296,-510.6428571428296,-1.0,SL,2024Q3,2024,8
3863,75737,2024-07-03 17:00:00,75737,2024-07-03 17:00:00,SELL,2354.97,2362.3242857142855,2362.3242857142855,2340.261428571428,0.1,-74.24285714285652,-735.4285714285652,-1.0,SL,2024Q3,2024,0
3864,75738,2024-07-03 17:30:00,75808,2024-07-05 09:00:00,SELL,2358.1,2365.96,2365.96,2342.3799999999997,0.1,-79.30000000000128,-786.0000000000127,-1.0,SL,2024Q3,2024,70
3865,75809,2024-07-05 09:30:00,75811,2024-07-05 10:30:00,SELL,2364.09,2367.609642857143,2367.609642857143,2357.0507142857145,0.1,-35.89642857143026,-351.9642857143026,-1.0,SL,2024Q3,2024,2
3866,75812,2024-07-05 11:00:00,75821,2024-07-05 15:30:00,SELL,2365.13,2369.0385714285717,2369.0385714285717,2357.312857142857,0.1,-39.78571428571577,-390.85714285715767,-1.0,SL_AMBIGUOUS_PESSIMISTIC,2024Q3,2024,9
3867,75822,2024-07-05 16:00:00,75826,2024-07-05 18:00:00,BUY,2372.23,2385.181428571429,2365.7542857142857,2385.181428571429,0.1,128.81428571429007,1295.1428571429005,1.9679179397643647,TP,2024Q3,2024,4
3868,75827,2024-07-05 18:30:00,75873,2024-07-08 18:30:00,SELL,2384.61,2365.467857142857,2394.1810714285716,2365.467857142857,0.1,190.72142857142973,1914.2142857142971,1.978218188553436,TP,2024Q3,2024,46
3869,75897,2024-07-09 07:30:00,75902,2024-07-09 10:00:00,SELL,2367.52,2360.5642857142852,2370.9978571428574,2360.5642857142852,0.1,68.85714285714748,695.5714285714748,1.9408093416549261,TP,2024Q3,2024,5
3870,75906,2024-07-09 12:00:00,75912,2024-07-09 15:00:00,BUY,2361.79,2357.182857142857,2357.182857142857,2371.0042857142857,0.1,-46.77142857143117,-460.7142857143117,-1.0,SL,2024Q3,2024,6
3871,75913,2024-07-09 15:30:00,75915,2024-07-09 16:30:00,BUY,2358.35,2368.1407142857142,2353.454642857143,2368.1407142857142,0.1,97.2071428571433,979.071428571433,1.9577069697188554,TP,2024Q3,2024,2
3872,75917,2024-07-09 17:30:00,75937,2024-07-10 04:30:00,SELL,2362.53,2369.3207142857145,2369.3207142857145,2348.9485714285715,0.1,-68.6071428571433,-679.071428571433,-1.0,SL,2024Q3,2024,20
3873,75940,2024-07-10 06:00:00,75947,2024-07-10 09:30:00,SELL,2369.26,2372.152857142857,2372.152857142857,2363.474285714286,0.1,-29.62857142856883,-289.2857142856883,-1.0,SL,2024Q3,2024,7
3874,75956,2024-07-10 14:00:00,75957,2024-07-10 14:30:00,SELL,2372.37,2376.242142857143,2376.242142857143,2364.6257142857144,0.1,-39.4214285714299,-387.21428571429897,-1.0,SL,2024Q3,2024,1
3875,75960,2024-07-10 16:00:00,75961,2024-07-10 16:30:00,SELL,2377.66,2382.308928571428,2382.308928571428,2368.362142857143,0.1,-47.189285714283145,-464.8928571428314,-1.0,SL,2024Q3,2024,1
3876,75970,2024-07-10 21:00:00,76005,2024-07-11 15:30:00,BUY,2373.19,2387.071428571428,2366.249285714286,2387.071428571428,0.1,138.11428571427933,1388.1428571427932,1.9700458481915424,TP,2024Q3,2024,35
3877,76007,2024-07-11 16:30:00,76009,2024-07-11 17:30:00,SELL,2408.17,2416.5582142857143,2416.5582142857143,2391.3935714285712,0.1,-84.58214285714185,-838.8214285714184,-1.0,SL,2024Q3,2024,2
3878,76012,2024-07-11 19:00:00,76051,2024-07-12 15:30:00,SELL,2417.19,2393.110714285714,2429.229642857143,2393.110714285714,0.1,240.09285714286017,2407.9285714286016,1.9826584481080605,TP,2024Q3,2024,39
3879,76055,2024-07-12 17:30:00,76058,2024-07-12 19:00:00,SELL,2408.07,2415.3878571428572,2415.3878571428572,2393.4342857142856,0.1,-73.87857142857065,-731.7857142857065,-1.0,SL,2024Q3,2024,3
3880,76061,2024-07-12 20:30:00,76100,2024-07-15 17:00:00,SELL,2415.19,2422.276428571429,2422.276428571429,2401.0171428571425,0.1,-71.56428571428769,-708.6428571428769,-1.0,SL,2024Q3,2024,39
3881,76106,2024-07-15 20:00:00,76133,2024-07-16 10:30:00,SELL,2430.11,2438.4232142857145,2438.4232142857145,2413.483571428572,0.1,-83.83214285714367,-831.3214285714366,-1.0,SL,2024Q3,2024,27
3882,76134,2024-07-16 11:00:00,76137,2024-07-16 12:30:00,SELL,2436.85,2442.4760714285712,2442.4760714285712,2425.597857142857,0.1,-56.96071428571322,-562.6071428571322,-1.0,SL,2024Q3,2024,3
3883,76146,2024-07-16 17:00:00,76147,2024-07-16 17:30:00,SELL,2442.57,2450.9646428571427,2450.9646428571427,2425.7807142857146,0.1,-84.64642857142572,-839.4642857142571,-1.0,SL,2024Q3,2024,1
3884,76154,2024-07-16 21:00:00,76166,2024-07-17 04:00:00,SELL,2464.53,2474.852142857143,2474.852142857143,2443.8857142857146,0.1,-103.92142857142808,-1032.2142857142808,-1.0,SL,2024Q3,2024,12
3885,76169,2024-07-17 05:30:00,76170,2024-07-17 06:00:00,SELL,2478.94,2467.488571428571,2484.6657142857143,2467.488571428571,0.1,113.81428571429005,1145.1428571429005,1.9637663298004233,TP,2024Q3,2024,1
3886,76177,2024-07-17 09:30:00,76191,2024-07-17 16:30:00,BUY,2463.77,2481.3585714285714,2454.9757142857143,2481.3585714285714,0.1,175.18571428571414,1758.8571428571413,1.9763094278807414,TP,2024Q3,2024,14
3887,76193,2024-07-17 17:30:00,76248,2024-07-18 22:00:00,SELL,2469.47,2448.459285714285,2479.975357142857,2448.459285714285,0.1,209.40714285714586,2101.0714285714585,1.9801425146061016,TP,2024Q3,2024,55
3888,76250,2024-07-18 23:00:00,76256,2024-07-19 03:00:00,BUY,2443.09,2434.465,2434.465,2460.34,0.1,-86.95,-862.5,-1.0,SL,2024Q3,2024,6
3889,76272,2024-07-19 11:00:00,76279,2024-07-19 14:30:00,BUY,2418.31,2409.3335714285718,2409.3335714285718,2436.262857142857,0.1,-90.46428571428187,-897.6428571428187,-1.0,SL,2024Q3,2024,7
3890,76302,2024-07-22 03:00:00,76314,2024-07-22 09:00:00,SELL,2411.42,2400.7292857142857,2416.7653571428573,2400.7292857142857,0.1,106.2071428571442,1069.071428571442,1.9612213941832095,TP,2024Q3,2024,12
3891,76328,2024-07-22 16:00:00,76330,2024-07-22 17:00:00,BUY,2394.43,2387.074642857143,2387.074642857143,2409.140714285714,0.1,-74.25357142856974,-735.5357142856974,-1.0,SL,2024Q3,2024,2
3892,76332,2024-07-22 18:00:00,76351,2024-07-23 04:30:00,BUY,2387.32,2403.762142857143,2379.098928571429,2403.762142857143,0.1,163.721428571427,1644.2142857142699,1.9746715485677904,TP,2024Q3,2024,19
3893,76352,2024-07-23 05:00:00,76359,2024-07-23 08:30:00,SELL,2400.87,2393.3957142857143,2404.6071428571427,2393.3957142857143,0.1,74.04285714285542,747.4285714285543,1.9448405253283287,TP,2024Q3,2024,7
3894,76362,2024-07-23 10:00:00,76365,2024-07-23 11:30:00,BUY,2390.48,2401.702142857143,2384.8689285714286,2401.702142857143,0.1,111.52142857142898,1122.2142857142899,1.9630351417614886,TP,2024Q3,2024,3
3895,76367,2024-07-23 12:30:00,76370,2024-07-23 14:00:00,SELL,2404.23,2411.266071428571,2411.266071428571,2390.157857142857,0.1,-71.06071428571177,-703.6071428571177,-1.0,SL,2024Q3,2024,3
3896,76395,2024-07-24 03:30:00,76398,2024-07-24 05:00:00,SELL,2409.4,2413.1242857142856,2413.1242857142856,2401.9514285714286,0.1,-37.94285714285543,-372.4285714285543,-1.0,SL,2024Q3,2024,3
3897,76407,2024-07-24 09:30:00,76419,2024-07-24 15:30:00,SELL,2415.09,2420.835,2420.835,2403.6000000000004,0.1,-58.14999999999891,-574.4999999999891,-1.0,SL,2024Q3,2024,12
3898,76421,2024-07-24 16:30:00,76421,2024-07-24 16:30:00,SELL,2416.74,2423.2425,2423.2425,2403.7349999999997,0.1,-65.72500000000055,-650.2500000000055,-1.0,SL,2024Q3,2024,0
3899,76422,2024-07-24 17:00:00,76423,2024-07-24 17:30:00,SELL,2421.62,2428.807142857143,2428.807142857143,2407.2457142857143,0.1,-72.57142857143045,-718.7142857143044,-1.0,SL,2024Q3,2024,1
3900,76431,2024-07-24 21:30:00,76433,2024-07-24 22:30:00,BUY,2408.52,2398.4925000000003,2398.4925000000003,2428.575,0.1,-100.97499999999691,-1002.7499999999691,-1.0,SL,2024Q3,2024,2
3901,76437,2024-07-25 01:30:00,76442,2024-07-25 04:00:00,BUY,2397.07,2389.0825,2389.0825,2413.045,0.1,-80.57500000000182,-798.7500000000182,-1.0,SL,2024Q3,2024,5
3902,76446,2024-07-25 06:00:00,76464,2024-07-25 15:00:00,BUY,2372.73,2363.295,2363.295,2391.6000000000004,0.1,-95.04999999999946,-943.4999999999945,-1.0,SL,2024Q3,2024,18
3903,76465,2024-07-25 15:30:00,76465,2024-07-25 15:30:00,BUY,2373.71,2363.805714285714,2363.805714285714,2393.5185714285717,0.1,-99.74285714285834,-990.4285714285834,-1.0,SL,2024Q3,2024,0
3904,76468,2024-07-25 17:00:00,76474,2024-07-25 20:00:00,BUY,2365.05,2353.9232142857145,2353.9232142857145,2387.3035714285716,0.1,-111.96785714285689,-1112.6785714285688,-1.0,SL,2024Q3,2024,6
3905,76491,2024-07-26 05:30:00,76491,2024-07-26 05:30:00,SELL,2373.07,2378.880357142857,2378.880357142857,2361.4492857142864,0.1,-58.803571428569015,-581.0357142856901,-1.0,SL,2024Q3,2024,0
3906,76513,2024-07-26 16:30:00,76514,2024-07-26 17:00:00,SELL,2378.94,2384.840357142857,2384.840357142857,2367.1392857142855,0.1,-59.70357142857047,-590.0357142857047,-1.0,SL,2024Q3,2024,1
3907,76550,2024-07-29 12:00:00,76561,2024-07-29 17:30:00,BUY,2390.48,2385.14,2385.14,2401.1600000000003,0.1,-54.10000000000146,-534.0000000000146,-1.0,SL,2024Q3,2024,11
3908,76588,2024-07-30 08:00:00,76591,2024-07-30 09:30:00,SELL,2386.25,2390.514285714286,2390.514285714286,2377.721428571428,0.1,-43.342857142859614,-426.4285714285961,-1.0,SL,2024Q3,2024,3
3909,76593,2024-07-30 10:30:00,76604,2024-07-30 16:00:00,SELL,2389.73,2394.3992857142857,2394.3992857142857,2380.3914285714286,0.1,-47.39285714285707,-466.92857142857065,-1.0,SL,2024Q3,2024,11
3910,76606,2024-07-30 17:00:00,76611,2024-07-30 19:30:00,SELL,2393.79,2399.013214285714,2399.013214285714,2383.343571428571,0.1,-52.93214285714221,-522.3214285714221,-1.0,SL,2024Q3,2024,5
3911,76632,2024-07-31 07:00:00,76635,2024-07-31 08:30:00,SELL,2416.33,2421.9614285714283,2421.9614285714283,2405.0671428571427,0.1,-57.01428571428387,-563.1428571428387,-1.0,SL,2024Q3,2024,3
3912,76636,2024-07-31 09:00:00,76636,2024-07-31 09:00:00,SELL,2417.61,2423.713928571429,2423.713928571429,2405.402142857143,0.1,-61.739285714286964,-610.3928571428696,-1.0,SL,2024Q3,2024,0
3913,76638,2024-07-31 10:00:00,76652,2024-07-31 17:00:00,SELL,2421.23,2428.4364285714287,2428.4364285714287,2406.8171428571427,0.1,-72.7642857142866,-720.642857142866,-1.0,SL,2024Q3,2024,14
3914,76653,2024-07-31 17:30:00,76661,2024-07-31 21:30:00,SELL,2422.92,2429.3592857142858,2429.3592857142858,2410.0414285714287,0.1,-65.09285714285689,-643.9285714285688,-1.0,SL,2024Q3,2024,8
3915,76665,2024-07-31 23:30:00,76672,2024-08-01 04:00:00,SELL,2447.46,2456.499642857143,2456.499642857143,2429.3807142857145,0.1,-91.09642857143008,-903.9642857143008,-1.0,SL,2024Q3,2024,7
3916,76690,2024-08-01 13:00:00,76694,2024-08-01 15:00:00,BUY,2433.18,2444.6057142857144,2427.467142857143,2444.6057142857144,0.1,113.55714285714548,1142.5714285714548,1.963685770751066,TP,2024Q3,2024,4
3917,76697,2024-08-01 16:30:00,76698,2024-08-01 17:00:00,SELL,2453.4,2460.9503571428572,2460.9503571428572,2438.299285714286,0.1,-76.20357142857138,-755.0357142857138,-1.0,SL,2024Q3,2024,1
3918,76699,2024-08-01 17:30:00,76720,2024-08-02 05:00:00,SELL,2445.1,2454.9164285714282,2454.9164285714282,2425.467142857143,0.1,-98.86428571428333,-981.6428571428332,-1.0,SL,2024Q3,2024,21
3919,76721,2024-08-02 05:30:00,76722,2024-08-02 06:00:00,SELL,2451.34,2459.1432142857143,2459.1432142857143,2435.733571428572,0.1,-78.73214285714148,-780.3214285714148,-1.0,SL,2024Q3,2024,1
3920,76723,2024-08-02 06:30:00,76727,2024-08-02 08:30:00,SELL,2454.7,2462.7389285714285,2462.7389285714285,2438.6221428571425,0.1,-81.08928571428642,-803.8928571428642,-1.0,SL,2024Q3,2024,4
3921,76729,2024-08-02 09:30:00,76741,2024-08-02 15:30:00,SELL,2464.8,2473.9735714285716,2473.9735714285716,2446.4528571428573,0.1,-92.4357142857145,-917.3571428571449,-1.0,SL,2024Q3,2024,12
3922,76769,2024-08-05 06:30:00,76770,2024-08-05 07:00:00,SELL,2444.17,2458.2625000000003,2458.2625000000003,2415.985,0.1,-141.625000000002,-1409.25000000002,-1.0,SL,2024Q3,2024,1
3923,76788,2024-08-05 16:00:00,76801,2024-08-05 22:30:00,BUY,2374.71,2412.409285714286,2355.860357142857,2412.409285714286,0.1,376.2928571428591,3769.9285714285907,1.988900424728646,TP,2024Q3,2024,13
3924,76821,2024-08-06 09:30:00,76833,2024-08-06 15:30:00,BUY,2406.54,2396.8542857142857,2396.8542857142857,2425.9114285714286,0.1,-97.55714285714312,-968.5714285714312,-1.0,SL,2024Q3,2024,12
3925,76835,2024-08-06 16:30:00,76837,2024-08-06 17:30:00,BUY,2395.93,2386.505714285714,2386.505714285714,2414.7785714285715,0.1,-94.94285714285816,-942.4285714285816,-1.0,SL,2024Q3,2024,2
3926,76855,2024-08-07 03:30:00,76864,2024-08-07 08:00:00,BUY,2383.96,2394.959285714286,2378.460357142857,2394.959285714286,0.1,109.29285714286088,1099.9285714286088,1.9622956075665288,TP,2024Q3,2024,9
3927,76866,2024-08-07 09:00:00,76877,2024-08-07 14:30:00,SELL,2391.32,2399.266785714286,2399.266785714286,2375.4264285714285,0.1,-80.16785714285852,-794.6785714285852,-1.0,SL,2024Q3,2024,11
3928,76879,2024-08-07 15:30:00,76879,2024-08-07 15:30:00,SELL,2399.07,2406.0964285714285,2406.0964285714285,2385.0171428571434,0.1,-70.96428571428369,-702.6428571428369,-1.0,SL,2024Q3,2024,0
3929,76880,2024-08-07 16:00:00,76889,2024-08-07 20:30:00,SELL,2403.76,2389.5978571428577,2410.8410714285715,2389.5978571428577,0.1,140.921428571425,1416.2142857142499,1.9706337711631616,TP,2024Q3,2024,9
3930,76891,2024-08-07 21:30:00,76896,2024-08-08 01:00:00,BUY,2389.3,2380.566785714286,2380.566785714286,2406.7664285714286,0.1,-88.03214285713985,-873.3214285713984,-1.0,SL,2024Q3,2024,5
3931,76897,2024-08-08 01:30:00,76912,2024-08-08 09:00:00,BUY,2383.29,2398.0350000000003,2375.9175,2398.0350000000003,0.1,146.75000000000347,1474.5000000000346,1.9717836748405044,TP,2024Q3,2024,15
3932,76924,2024-08-08 15:00:00,76928,2024-08-08 17:00:00,SELL,2412.03,2419.048928571429,2419.048928571429,2397.9921428571433,0.1,-70.8892857142866,-701.892857142866,-1.0,SL,2024Q3,2024,4
3933,76930,2024-08-08 18:00:00,76932,2024-08-08 19:00:00,SELL,2413.75,2423.940357142857,2423.940357142857,2393.369285714286,0.1,-102.6035714285701,-1019.035714285701,-1.0,SL,2024Q3,2024,2
3934,76936,2024-08-08 21:00:00,76975,2024-08-09 17:30:00,SELL,2423.43,2434.7614285714285,2434.7614285714285,2400.767142857143,0.1,-114.0142857142866,-1133.142857142866,-1.0,SL,2024Q3,2024,39
3935,76976,2024-08-09 18:00:00,76980,2024-08-09 20:00:00,SELL,2428.62,2436.3717857142856,2436.3717857142856,2413.1164285714285,0.1,-78.21785714285689,-775.1785714285688,-1.0,SL,2024Q3,2024,4
3936,76981,2024-08-09 20:30:00,77007,2024-08-12 10:30:00,SELL,2433.59,2442.189285714286,2442.189285714286,2416.391428571428,0.1,-86.69285714285998,-859.9285714285998,-1.0,SL,2024Q3,2024,26
3937,77010,2024-08-12 12:00:00,77019,2024-08-12 16:30:00,SELL,2441.92,2446.9342857142856,2446.9342857142856,2431.8914285714286,0.1,-50.84285714285507,-501.42857142855064,-1.0,SL,2024Q3,2024,9
3938,77023,2024-08-12 18:30:00,77024,2024-08-12 19:00:00,SELL,2456.95,2464.256071428571,2464.256071428571,2442.3378571428575,0.1,-73.76071428571159,-730.6071428571158,-1.0,SL,2024Q3,2024,1
3939,77030,2024-08-12 22:00:00,77101,2024-08-14 11:30:00,SELL,2470.14,2478.4542857142856,2478.4542857142856,2453.5114285714285,0.1,-83.84285714285689,-831.4285714285688,-1.0,SL,2024Q3,2024,71
3940,77110,2024-08-14 16:00:00,77110,2024-08-14 16:00:00,SELL,2468.66,2453.8271428571425,2476.0764285714286,2453.8271428571425,0.1,147.62857142857393,1483.2857142857392,1.9719492414845916,TP,2024Q3,2024,0
3941,77112,2024-08-14 17:00:00,77113,2024-08-14 17:30:00,BUY,2457.56,2447.670714285714,2447.670714285714,2477.3385714285714,0.1,-99.59285714285961,-988.9285714285961,-1.0,SL,2024Q3,2024,1
3942,77114,2024-08-14 18:00:00,77116,2024-08-14 19:00:00,BUY,2450.37,2439.408214285714,2439.408214285714,2472.2935714285713,0.1,-110.31785714285725,-1096.1785714285725,-1.0,SL,2024Q3,2024,2
3943,77118,2024-08-14 20:00:00,77154,2024-08-15 15:00:00,BUY,2444.31,2467.5514285714285,2432.6892857142857,2467.5514285714285,0.1,231.71428571428515,2324.1428571428514,1.9820370257224904,TP,2024Q3,2024,36
3944,77157,2024-08-15 16:30:00,77157,2024-08-15 16:30:00,BUY,2451.07,2442.383928571429,2442.383928571429,2468.4421428571427,0.1,-87.56071428571268,-868.6071428571267,-1.0,SL,2024Q3,2024,0
3945,77203,2024-08-16 16:30:00,77203,2024-08-16 16:30:00,SELL,2487.83,2497.16,2497.16,2469.17,0.1,-93.99999999999928,-932.9999999999927,-1.0,SL,2024Q3,2024,0
3946,77212,2024-08-16 21:00:00,77283,2024-08-20 10:30:00,SELL,2499.63,2512.280357142857,2512.280357142857,2474.3292857142856,0.1,-127.20357142857047,-1265.0357142857047,-1.0,SL,2024Q3,2024,71
3947,77286,2024-08-20 12:00:00,77291,2024-08-20 14:30:00,SELL,2519.75,2526.8535714285713,2526.8535714285713,2505.5428571428574,0.1,-71.73571428571286,-710.3571428571286,-1.0,SL,2024Q3,2024,5
3948,77293,2024-08-20 15:30:00,77298,2024-08-20 18:00:00,SELL,2526.54,2510.4578571428574,2534.5810714285712,2510.4578571428574,0.1,160.12142857142572,1608.2142857142571,1.9741094623750601,TP,2024Q3,2024,5
3949,77331,2024-08-21 11:30:00,77341,2024-08-21 16:30:00,BUY,2509.53,2502.7103571428574,2502.7103571428574,2523.169285714286,0.1,-68.89642857142753,-681.9642857142753,-1.0,SL,2024Q3,2024,10
3950,77343,2024-08-21 17:30:00,77350,2024-08-21 21:00:00,BUY,2500.01,2516.1971428571433,2491.9164285714287,2516.1971428571433,0.1,161.17142857143045,1618.7142857143044,1.974275964651326,TP,2024Q3,2024,7
3951,77370,2024-08-22 08:00:00,77384,2024-08-22 15:00:00,BUY,2502.03,2497.3457142857146,2497.3457142857146,2511.398571428572,0.1,-47.542857142855794,-468.4285714285579,-1.0,SL,2024Q3,2024,14
3952,77385,2024-08-22 15:30:00,77386,2024-08-22 16:00:00,BUY,2498.18,2491.368928571428,2491.368928571428,2511.802142857143,0.1,-68.81071428571722,-681.1071428571722,-1.0,SL,2024Q3,2024,1
3953,77415,2024-08-23 07:30:00,77422,2024-08-23 11:00:00,SELL,2492.76,2496.3342857142857,2496.3342857142857,2485.6114285714293,0.1,-36.44285714285452,-357.4285714285452,-1.0,SL,2024Q3,2024,7
3954,77426,2024-08-23 13:00:00,77432,2024-08-23 16:00:00,SELL,2498.84,2503.531785714286,2503.531785714286,2489.4564285714287,0.1,-47.61785714285743,-469.1785714285743,-1.0,SL,2024Q3,2024,6
3955,77433,2024-08-23 16:30:00,77434,2024-08-23 17:00:00,SELL,2500.05,2505.4275,2505.4275,2489.2950000000005,0.1,-54.474999999996,-537.74999999996,-1.0,SL,2024Q3,2024,1
3956,77437,2024-08-23 18:30:00,77472,2024-08-26 13:00:00,SELL,2516.68,2526.1267857142852,2526.1267857142852,2497.7864285714286,0.1,-95.16785714285398,-944.6785714285397,-1.0,SL,2024Q3,2024,35
3957,77473,2024-08-26 13:30:00,77479,2024-08-26 16:30:00,SELL,2525.11,2516.4785714285717,2529.425714285714,2516.4785714285717,0.1,85.61428571428387,863.1428571428387,1.9521172638437483,TP,2024Q3,2024,6
3958,77501,2024-08-27 04:30:00,77501,2024-08-27 04:30:00,BUY,2512.65,2509.1046428571426,2509.1046428571426,2519.7407142857146,0.1,-36.153571428574836,-354.5357142857483,-1.0,SL,2024Q3,2024,0
3959,77502,2024-08-27 05:00:00,77502,2024-08-27 05:00:00,BUY,2509.92,2506.1914285714283,2506.1914285714283,2517.377142857143,0.1,-37.98571428571741,-372.85714285717404,-1.0,SL,2024Q3,2024,0
3960,77506,2024-08-27 07:00:00,77510,2024-08-27 09:00:00,BUY,2509.2,2516.8564285714288,2505.3717857142856,2516.8564285714288,0.1,75.86428571428932,765.6428571428933,1.9461291800276008,TP,2024Q3,2024,4
3961,77515,2024-08-27 11:30:00,77524,2024-08-27 16:00:00,BUY,2511.4,2504.611428571429,2504.611428571429,2524.977142857143,0.1,-68.58571428571231,-678.8571428571231,-1.0,SL,2024Q3,2024,9
3962,77525,2024-08-27 16:30:00,77533,2024-08-27 20:30:00,BUY,2506.8,2521.5407142857143,2499.429642857143,2521.5407142857143,0.1,146.7071428571415,1474.0714285714148,1.971775548408714,TP,2024Q3,2024,8
3963,77534,2024-08-27 21:00:00,77542,2024-08-28 02:00:00,SELL,2519.96,2527.627142857143,2527.627142857143,2504.625714285714,0.1,-77.37142857143063,-766.7142857143062,-1.0,SL,2024Q3,2024,8
3964,77553,2024-08-28 07:30:00,77554,2024-08-28 08:00:00,BUY,2514.0,2509.7282142857143,2509.7282142857143,2522.5435714285713,0.1,-43.417857142856704,-427.178571428567,-1.0,SL,2024Q3,2024,1
3965,77557,2024-08-28 09:30:00,77565,2024-08-28 13:30:00,BUY,2509.04,2503.6710714285714,2503.6710714285714,2519.777857142857,0.1,-54.38928571428569,-536.8928571428569,-1.0,SL,2024Q3,2024,8
3966,77566,2024-08-28 14:00:00,77568,2024-08-28 15:00:00,BUY,2505.47,2500.0839285714283,2500.0839285714283,2516.242142857143,0.1,-54.560714285715406,-538.607142857154,-1.0,SL,2024Q3,2024,2
3967,77570,2024-08-28 16:00:00,77590,2024-08-29 03:00:00,BUY,2500.74,2512.5535714285716,2494.833214285714,2512.5535714285716,0.1,117.43571428571776,1181.3571428571777,1.9648640573648053,TP,2024Q3,2024,20
3968,77592,2024-08-29 04:00:00,77598,2024-08-29 07:00:00,SELL,2512.23,2516.982857142857,2516.982857142857,2502.724285714286,0.1,-48.228571428570106,-475.28571428570103,-1.0,SL,2024Q3,2024,6
3969,77600,2024-08-29 08:00:00,77601,2024-08-29 08:30:00,SELL,2515.67,2519.9396428571426,2519.9396428571426,2507.1307142857145,0.1,-43.396428571425716,-426.96428571425713,-1.0,SL,2024Q3,2024,1
3970,77612,2024-08-29 14:00:00,77615,2024-08-29 15:30:00,SELL,2523.05,2512.239285714286,2528.4553571428573,2512.239285714286,0.1,107.40714285714311,1081.0714285714312,1.961646337486139,TP,2024Q3,2024,3
3971,77621,2024-08-29 18:30:00,77624,2024-08-29 20:00:00,SELL,2519.1,2527.9264285714285,2527.9264285714285,2501.447142857143,0.1,-88.96428571428551,-882.6428571428551,-1.0,SL,2024Q3,2024,3
3972,77640,2024-08-30 05:00:00,77643,2024-08-30 06:30:00,BUY,2516.18,2512.457857142857,2512.457857142857,2523.624285714285,0.1,-37.92142857142899,-372.2142857142899,-1.0,SL,2024Q3,2024,3
3973,77645,2024-08-30 07:30:00,77648,2024-08-30 09:00:00,BUY,2514.66,2521.7421428571424,2511.1189285714286,2521.7421428571424,0.1,70.12142857142571,708.2142857142571,1.9418455147858742,TP,2024Q3,2024,3
3974,77654,2024-08-30 12:00:00,77664,2024-08-30 17:00:00,SELL,2522.78,2511.0350000000003,2528.6525,2511.0350000000003,0.1,116.7499999999989,1174.499999999989,1.964661337820782,TP,2024Q3,2024,10
3975,77723,2024-09-03 03:00:00,77725,2024-09-03 04:00:00,BUY,2497.4,2494.3860714285715,2494.3860714285715,2503.427857142857,0.1,-30.839285714285506,-301.39285714285506,-1.0,SL,2024Q3,2024,2
3976,77739,2024-09-03 11:00:00,77740,2024-09-03 11:30:00,SELL,2500.68,2505.805714285714,2505.805714285714,2490.4285714285716,0.1,-51.957142857143666,-512.5714285714366,-1.0,SL,2024Q3,2024,1
3977,77741,2024-09-03 12:00:00,77744,2024-09-03 13:30:00,SELL,2503.86,2494.5235714285714,2508.5282142857145,2494.5235714285714,0.1,92.66428571428769,933.6428571428769,1.9556795055400626,TP,2024Q3,2024,3
3978,77752,2024-09-03 17:30:00,77798,2024-09-04 17:30:00,BUY,2477.93,2499.7464285714286,2467.0217857142857,2499.7464285714286,0.1,217.46428571428788,2181.6428571428787,1.9808712059598967,TP,2024Q3,2024,46
3979,77799,2024-09-04 18:00:00,77827,2024-09-05 09:00:00,SELL,2496.09,2505.9010714285714,2505.9010714285714,2476.467857142857,0.1,-98.81071428571268,-981.1071428571267,-1.0,SL,2024Q3,2024,28
3980,77829,2024-09-05 10:00:00,77831,2024-09-05 11:00:00,SELL,2504.2,2508.6335714285715,2508.6335714285715,2495.332857142857,0.1,-45.03571428571668,-443.35714285716676,-1.0,SL,2024Q3,2024,2
3981,77833,2024-09-05 12:00:00,77839,2024-09-05 15:00:00,SELL,2514.55,2519.986428571429,2519.986428571429,2503.6771428571433,0.1,-55.06428571428678,-543.6428571428678,-1.0,SL,2024Q3,2024,6
3982,77841,2024-09-05 16:00:00,77845,2024-09-05 18:00:00,SELL,2517.6,2504.194285714286,2524.3028571428567,2504.194285714286,0.1,133.35714285714113,1340.5714285714112,1.9689938831470812,TP,2024Q3,2024,4
3983,77867,2024-09-06 06:00:00,77871,2024-09-06 08:00:00,SELL,2517.61,2520.1675,2520.1675,2512.4950000000003,0.1,-26.274999999998908,-255.7499999999891,-1.0,SL,2024Q3,2024,4
3984,77873,2024-09-06 09:00:00,77885,2024-09-06 15:00:00,SELL,2519.98,2514.252142857143,2522.8439285714285,2514.252142857143,0.1,56.57857142856919,572.7857142856919,1.9284236153377938,TP,2024Q3,2024,12
3985,77886,2024-09-06 15:30:00,77886,2024-09-06 15:30:00,BUY,2514.93,2510.721428571428,2510.721428571428,2523.347142857143,0.1,-42.78571428571759,-420.85714285717586,-1.0,SL_AMBIGUOUS_PESSIMISTIC,2024Q3,2024,0
3986,77887,2024-09-06 16:00:00,77887,2024-09-06 16:00:00,BUY,2522.37,2516.133214285714,2516.133214285714,2534.8435714285715,0.1,-63.06785714285816,-623.6785714285816,-1.0,SL,2024Q3,2024,0
3987,77888,2024-09-06 16:30:00,77890,2024-09-06 17:30:00,BUY,2508.77,2501.1039285714287,2501.1039285714287,2524.102142857143,0.1,-77.36071428571286,-766.6071428571286,-1.0,SL,2024Q3,2024,2
3988,77891,2024-09-06 18:00:00,77893,2024-09-06 19:00:00,BUY,2506.93,2496.688214285714,2496.688214285714,2527.4135714285712,0.1,-103.11785714285925,-1024.1785714285925,-1.0,SL,2024Q3,2024,2
3989,77921,2024-09-09 10:00:00,77931,2024-09-09 15:00:00,BUY,2489.87,2499.765714285714,2484.9221428571427,2499.765714285714,0.1,98.25714285713893,989.5714285713893,1.9581494661920802,TP,2024Q3,2024,10
3990,77933,2024-09-09 16:00:00,77952,2024-09-10 02:30:00,SELL,2500.78,2507.677857142857,2507.677857142857,2486.9842857142858,0.1,-69.67857142856992,-689.7857142856992,-1.0,SL,2024Q3,2024,19
3991,77953,2024-09-10 03:00:00,77978,2024-09-10 15:30:00,SELL,2506.7,2510.7135714285714,2510.7135714285714,2498.6728571428566,0.1,-40.83571428571595,-401.3571428571595,-1.0,SL,2024Q3,2024,25
3992,77985,2024-09-10 19:00:00,78002,2024-09-11 04:30:00,SELL,2512.56,2519.7042857142856,2519.7042857142856,2498.2714285714283,0.1,-72.14285714285616,-714.4285714285616,-1.0,SL,2024Q3,2024,17
3993,78003,2024-09-11 05:00:00,78009,2024-09-11 08:00:00,SELL,2518.45,2521.978214285714,2521.978214285714,2511.3935714285712,0.1,-35.98214285714057,-352.8214285714057,-1.0,SL,2024Q3,2024,6
3994,78028,2024-09-11 17:30:00,78070,2024-09-12 15:30:00,BUY,2506.83,2524.7807142857146,2497.8546428571426,2524.7807142857146,0.1,178.8071428571464,1795.071428571464,1.9767836696016114,TP,2024Q3,2024,42
3995,78076,2024-09-12 18:30:00,78093,2024-09-13 04:00:00,SELL,2553.61,2565.1503571428575,2565.1503571428575,2530.529285714286,0.1,-116.10357142857374,-1154.0357142857374,-1.0,SL,2024Q3,2024,17
3996,78094,2024-09-13 04:30:00,78097,2024-09-13 06:00:00,SELL,2562.29,2567.1435714285712,2567.1435714285712,2552.582857142857,0.1,-49.23571428571286,-485.35714285712857,-1.0,SL,2024Q3,2024,3
3997,78099,2024-09-13 07:00:00,78109,2024-09-13 12:00:00,SELL,2567.82,2572.635,2572.635,2558.19,0.1,-48.85000000000055,-481.50000000000546,-1.0,SL,2024Q3,2024,10
3998,78110,2024-09-13 12:30:00,78117,2024-09-13 16:00:00,SELL,2570.8,2576.9607142857144,2576.9607142857144,2558.4785714285717,0.1,-62.30714285714221,-616.0714285714221,-1.0,SL,2024Q3,2024,7
3999,78119,2024-09-13 17:00:00,78123,2024-09-13 19:00:00,SELL,2577.16,2584.7574999999997,2584.7574999999997,2561.9649999999997,0.1,-76.67499999999855,-759.7499999999854,-1.0,SL,2024Q3,2024,4
4000,78124,2024-09-13 19:30:00,78150,2024-09-16 09:30:00,SELL,2582.4,2589.7435714285716,2589.7435714285716,2567.712857142857,0.1,-74.13571428571522,-734.3571428571522,-1.0,SL,2024Q3,2024,26
4001,78151,2024-09-16 10:00:00,78158,2024-09-16 13:30:00,SELL,2585.18,2577.047857142857,2589.246071428571,2577.047857142857,0.1,80.62142857142753,813.2142857142753,1.9492271824540186,TP,2024Q3,2024,7
4002,78159,2024-09-16 14:00:00,78193,2024-09-17 08:00:00,BUY,2579.96,2574.5417857142857,2574.5417857142857,2590.7964285714284,0.1,-54.88214285714385,-541.8214285714384,-1.0,SL,2024Q3,2024,34
4003,78194,2024-09-17 08:30:00,78195,2024-09-17 09:00:00,BUY,2576.27,2584.937857142857,2571.9360714285713,2584.937857142857,0.1,85.97857142856974,866.7857142856974,1.9523153028950404,TP,2024Q3,2024,1
4004,78197,2024-09-17 10:00:00,78202,2024-09-17 12:30:00,SELL,2584.26,2573.5478571428575,2589.6160714285716,2573.5478571428575,0.1,106.4214285714268,1071.214285714268,1.9612979661686296,TP,2024Q3,2024,5
4005,78204,2024-09-17 13:30:00,78213,2024-09-17 18:00:00,BUY,2573.18,2567.305357142857,2567.305357142857,2584.9292857142855,0.1,-59.446428571430445,-587.4642857143044,-1.0,SL,2024Q3,2024,9
4006,78217,2024-09-17 20:00:00,78265,2024-09-18 21:00:00,BUY,2563.23,2581.630714285714,2554.0296428571432,2581.630714285714,0.1,183.30714285714004,1840.0714285714002,1.9773471510575664,TP,2024Q3,2024,48
4007,78267,2024-09-18 22:00:00,78268,2024-09-18 22:30:00,SELL,2575.45,2549.960714285714,2588.1946428571428,2549.960714285714,0.1,254.1928571428587,2548.928571428587,1.9836124968646363,TP,2024Q3,2024,1
4008,78292,2024-09-19 11:30:00,78293,2024-09-19 12:00:00,SELL,2582.12,2588.947142857143,2588.947142857143,2568.465714285714,0.1,-68.97142857142917,-682.7142857142917,-1.0,SL,2024Q3,2024,1
4009,78295,2024-09-19 13:00:00,78300,2024-09-19 15:30:00,SELL,2591.7,2577.863571428571,2598.618214285714,2577.863571428571,0.1,137.6642857142877,1383.642857142877,1.9699494046098027,TP,2024Q3,2024,5
4010,78328,2024-09-20 06:30:00,78333,2024-09-20 09:00:00,SELL,2592.48,2595.871071428571,2595.871071428571,2585.697857142857,0.1,-34.61071428571195,-339.10714285711947,-1.0,SL,2024Q3,2024,5
4011,78336,2024-09-20 10:30:00,78338,2024-09-20 11:30:00,SELL,2606.91,2612.145,2612.145,2596.4399999999996,0.1,-53.050000000001276,-523.5000000000127,-1.0,SL,2024Q3,2024,2
4012,78344,2024-09-20 14:30:00,78345,2024-09-20 15:00:00,SELL,2610.95,2617.2071428571426,2617.2071428571426,2598.4357142857143,0.1,-63.271428571427535,-625.7142857142753,-1.0,SL,2024Q3,2024,1
4013,78355,2024-09-20 20:00:00,78394,2024-09-23 16:30:00,SELL,2624.79,2633.975357142857,2633.975357142857,2606.419285714286,0.1,-92.55357142856901,-918.5357142856901,-1.0,SL,2024Q3,2024,39
4014,78414,2024-09-24 03:30:00,78419,2024-09-24 06:00:00,BUY,2625.93,2631.3364285714283,2623.2267857142856,2631.3364285714283,0.1,53.364285714284776,540.6428571428478,1.9242755956213766,TP,2024Q3,2024,5
4015,78422,2024-09-24 07:30:00,78423,2024-09-24 08:00:00,SELL,2635.72,2639.5342857142855,2639.5342857142855,2628.0914285714284,0.1,-38.842857142856886,-381.42857142856883,-1.0,SL,2024Q3,2024,1
4016,78424,2024-09-24 08:30:00,78424,2024-09-24 08:30:00,SELL,2637.85,2629.5271428571427,2642.0114285714285,2629.5271428571427,0.1,82.52857142857174,832.2857142857174,1.950371370695476,TP,2024Q3,2024,0
4017,78429,2024-09-24 11:00:00,78442,2024-09-24 17:30:00,BUY,2629.04,2643.5214285714287,2621.799285714286,2643.5214285714287,0.1,144.11428571428752,1448.142857142875,1.9712750366390457,TP,2024Q3,2024,13
4018,78444,2024-09-24 18:30:00,78446,2024-09-24 19:30:00,SELL,2645.87,2653.7996428571428,2653.7996428571428,2630.010714285714,0.1,-79.99642857142881,-792.964285714288,-1.0,SL,2024Q3,2024,2
4019,78471,2024-09-25 09:00:00,78492,2024-09-25 19:30:00,BUY,2657.39,2650.7096428571426,2650.7096428571426,2670.7507142857144,0.1,-67.50357142857247,-668.0357142857247,-1.0,SL,2024Q3,2024,21
4020,78493,2024-09-25 20:00:00,78521,2024-09-26 11:00:00,BUY,2653.71,2669.3849999999998,2645.8725,2669.3849999999998,0.1,156.04999999999728,1567.4999999999727,1.9734429339234332,TP,2024Q3,2024,28
4021,78523,2024-09-26 12:00:00,78526,2024-09-26 13:30:00,SELL,2668.93,2674.1789285714285,2674.1789285714285,2658.432142857143,0.1,-53.18928571428678,-524.8928571428678,-1.0,SL,2024Q3,2024,3
4022,78527,2024-09-26 14:00:00,78527,2024-09-26 14:00:00,SELL,2672.45,2678.053571428571,2678.053571428571,2661.242857142857,0.1,-56.73571428571286,-560.3571428571286,-1.0,SL,2024Q3,2024,0
4023,78533,2024-09-26 17:00:00,78580,2024-09-27 17:30:00,BUY,2660.88,2649.275357142857,2649.275357142857,2684.089285714286,0.1,-116.74642857143063,-1160.4642857143062,-1.0,SL,2024Q3,2024,47
4024,78582,2024-09-27 18:30:00,78585,2024-09-27 20:00:00,BUY,2654.08,2644.9364285714287,2644.9364285714287,2672.3671428571424,0.1,-92.1357142857125,-914.3571428571249,-1.0,SL,2024Q3,2024,3
4025,78587,2024-09-27 21:00:00,78619,2024-09-30 14:00:00,BUY,2645.41,2634.5114285714285,2634.5114285714285,2667.2071428571426,0.1,-109.68571428571359,-1089.8571428571358,-1.0,SL,2024Q3,2024,32
4026,78620,2024-09-30 14:30:00,78624,2024-09-30 16:30:00,BUY,2638.6,2631.510357142857,2631.510357142857,2652.779285714286,0.1,-71.59642857142735,-708.9642857142735,-1.0,SL,2024Q3,2024,4
4027,78625,2024-09-30 17:00:00,78633,2024-09-30 21:00:00,BUY,2635.79,2627.0085714285715,2627.0085714285715,2653.352857142857,0.1,-88.51428571428478,-878.1428571428478,-1.0,SL,2024Q3,2024,8
4028,78653,2024-10-01 08:00:00,78653,2024-10-01 08:00:00,SELL,2639.53,2643.031428571429,2643.031428571429,2632.5271428571427,0.1,-35.71428571428733,-350.14285714287325,-1.0,SL,2024Q4,2024,0
4029,78655,2024-10-01 09:00:00,78658,2024-10-01 10:30:00,SELL,2642.91,2646.6985714285715,2646.6985714285715,2635.332857142857,0.1,-38.58571428571686,-378.8571428571686,-1.0,SL,2024Q4,2024,3
4030,78659,2024-10-01 11:00:00,78663,2024-10-01 13:00:00,SELL,2645.54,2650.0560714285716,2650.0560714285716,2636.5078571428567,0.1,-45.8607142857165,-451.60714285716494,-1.0,SL,2024Q4,2024,4
4031,78664,2024-10-01 13:30:00,78667,2024-10-01 15:00:00,SELL,2648.94,2653.607142857143,2653.607142857143,2639.6057142857144,0.1,-47.37142857143063,-466.71428571430624,-1.0,SL,2024Q4,2024,3
4032,78677,2024-10-01 20:00:00,78713,2024-10-02 15:00:00,SELL,2666.39,2644.16,2677.5049999999997,2644.16,0.1,221.6000000000002,2223.000000000002,1.981224854716178,TP,2024Q4,2024,36
4033,78714,2024-10-02 15:30:00,78716,2024-10-02 16:30:00,BUY,2645.6,2658.5471428571427,2639.1264285714287,2658.5471428571427,0.1,128.7714285714281,1294.7142857142808,1.9679074336863471,TP,2024Q4,2024,2
4034,78717,2024-10-02 17:00:00,78719,2024-10-02 18:00:00,SELL,2659.33,2643.4750000000004,2667.2574999999997,2643.4750000000004,0.1,157.84999999999565,1585.4999999999563,1.9737417943107214,TP,2024Q4,2024,2
4035,78720,2024-10-02 18:30:00,78763,2024-10-03 17:00:00,BUY,2647.23,2638.0585714285717,2638.0585714285717,2665.572857142857,0.1,-92.41428571428351,-917.142857142835,-1.0,SL,2024Q4,2024,43
4036,78764,2024-10-03 17:30:00,78806,2024-10-04 15:30:00,BUY,2649.51,2640.2432142857147,2640.2432142857147,2668.0435714285713,0.1,-93.36785714285561,-926.6785714285561,-1.0,SL,2024Q4,2024,42
4037,78812,2024-10-04 18:30:00,78878,2024-10-08 05:30:00,SELL,2657.9,2635.329285714286,2669.1853571428574,2635.329285714286,0.1,225.00714285714076,2257.0714285714075,1.9815065261833225,TP,2024Q4,2024,66
4038,78888,2024-10-08 10:30:00,78896,2024-10-08 14:30:00,BUY,2635.0,2651.5085714285715,2626.7457142857143,2651.5085714285715,0.1,164.38571428571487,1650.8571428571486,1.974772610262571,TP,2024Q4,2024,8
4039,78898,2024-10-08 15:30:00,78901,2024-10-08 17:00:00,SELL,2648.68,2633.4185714285713,2656.3107142857143,2633.4185714285713,0.1,151.91428571428497,1526.1428571428496,1.972729802430143,TP,2024Q4,2024,3
4040,78905,2024-10-08 19:00:00,78990,2024-10-10 15:30:00,BUY,2613.12,2602.3092857142856,2602.3092857142856,2634.7414285714285,0.1,-108.80714285714312,-1081.0714285714312,-1.0,SL,2024Q4,2024,85
4041,78991,2024-10-10 16:00:00,78991,2024-10-10 16:00:00,BUY,2625.16,2617.6910714285714,2617.6910714285714,2640.097857142857,0.1,-75.38928571428478,-746.8928571428478,-1.0,SL,2024Q4,2024,0
4042,78992,2024-10-10 16:30:00,78992,2024-10-10 16:30:00,SELL,2617.54,2625.7525,2625.7525,2601.115,0.1,-82.82500000000091,-821.2500000000091,-1.0,SL,2024Q4,2024,0
4043,78993,2024-10-10 17:00:00,79010,2024-10-11 02:30:00,SELL,2626.61,2635.597142857143,2635.597142857143,2608.6357142857146,0.1,-90.57142857142772,-898.7142857142771,-1.0,SL,2024Q4,2024,17
4044,79014,2024-10-11 04:30:00,79015,2024-10-11 05:00:00,SELL,2634.6,2639.2682142857143,2639.2682142857143,2625.2635714285716,0.1,-47.38214285714385,-466.82142857143845,-1.0,SL,2024Q4,2024,1
4045,79018,2024-10-11 06:30:00,79023,2024-10-11 09:00:00,SELL,2641.45,2646.335714285714,2646.335714285714,2631.6785714285716,0.1,-49.5571428571413,-488.571428571413,-1.0,SL,2024Q4,2024,5
4046,79024,2024-10-11 09:30:00,79035,2024-10-11 15:00:00,SELL,2642.59,2647.8110714285713,2647.8110714285713,2632.1478571428574,0.1,-52.91071428571122,-522.1071428571122,-1.0,SL,2024Q4,2024,11
4047,79036,2024-10-11 15:30:00,79038,2024-10-11 16:30:00,SELL,2644.73,2650.7525,2650.7525,2632.6850000000004,0.1,-60.92500000000037,-602.2500000000036,-1.0,SL,2024Q4,2024,2
4048,79039,2024-10-11 17:00:00,79041,2024-10-11 18:00:00,SELL,2649.3,2656.4925000000003,2656.4925000000003,2634.9150000000004,0.1,-72.6250000000011,-719.2500000000109,-1.0,SL,2024Q4,2024,2
4049,79060,2024-10-14 04:30:00,79066,2024-10-14 07:30:00,BUY,2647.95,2657.9035714285715,2642.973214285714,2657.9035714285715,0.1,98.83571428571649,995.357142857165,1.958389356733512,TP,2024Q4,2024,6
4050,79067,2024-10-14 08:00:00,79069,2024-10-14 09:00:00,SELL,2659.0,2664.973214285714,2664.973214285714,2647.053571428571,0.1,-60.43214285714221,-597.3214285714221,-1.0,SL,2024Q4,2024,2
4051,79084,2024-10-14 16:30:00,79085,2024-10-14 17:00:00,BUY,2653.52,2647.4503571428572,2647.4503571428572,2665.6592857142855,0.1,-61.396428571427535,-606.9642857142753,-1.0,SL,2024Q4,2024,1
4052,79086,2024-10-14 17:30:00,79113,2024-10-15 08:00:00,BUY,2649.64,2642.4517857142855,2642.4517857142855,2664.016428571428,0.1,-72.58214285714367,-718.8214285714366,-1.0,SL,2024Q4,2024,27
4053,79115,2024-10-15 09:00:00,79118,2024-10-15 10:30:00,BUY,2642.03,2652.095,2636.9975000000004,2652.095,0.1,99.949999999996,1006.49999999996,1.9588437040666322,TP,2024Q4,2024,3
4054,79119,2024-10-15 11:00:00,79123,2024-10-15 13:00:00,SELL,2650.55,2656.514642857143,2656.514642857143,2638.6207142857147,0.1,-60.34642857142735,-596.4642857142735,-1.0,SL,2024Q4,2024,4
4055,79129,2024-10-15 16:00:00,79131,2024-10-15 17:00:00,SELL,2648.16,2655.654642857143,2655.654642857143,2633.170714285714,0.1,-75.64642857142935,-749.4642857142935,-1.0,SL,2024Q4,2024,2
4056,79133,2024-10-15 18:00:00,79153,2024-10-16 05:00:00,SELL,2659.69,2669.0832142857143,2669.0832142857143,2640.9035714285715,0.1,-94.63214285714294,-939.3214285714294,-1.0,SL,2024Q4,2024,20
4057,79154,2024-10-16 05:30:00,79161,2024-10-16 09:00:00,SELL,2666.64,2671.118571428571,2671.118571428571,2657.6828571428573,0.1,-45.48571428571286,-447.85714285712857,-1.0,SL,2024Q4,2024,7
4058,79168,2024-10-16 12:30:00,79175,2024-10-16 16:00:00,SELL,2678.83,2684.295357142857,2684.295357142857,2667.8992857142857,0.1,-55.353571428571016,-546.5357142857101,-1.0,SL,2024Q4,2024,7
4059,79176,2024-10-16 16:30:00,79179,2024-10-16 18:00:00,SELL,2680.72,2668.9,2686.6299999999997,2668.9,0.1,117.49999999999709,1181.999999999971,1.9648829431438117,TP,2024Q4,2024,3
4060,79182,2024-10-16 19:30:00,79215,2024-10-17 13:00:00,BUY,2668.17,2686.2214285714285,2659.144285714286,2686.2214285714285,0.1,179.8142857142846,1805.142857142846,1.9769122035496016,TP,2024Q4,2024,33
4061,79217,2024-10-17 14:00:00,79220,2024-10-17 15:30:00,SELL,2687.32,2674.664285714286,2693.6478571428574,2674.664285714286,0.1,125.85714285714111,1265.5714285714112,1.9671765099921144,TP,2024Q4,2024,3
4062,79221,2024-10-17 16:00:00,79224,2024-10-17 17:30:00,BUY,2680.74,2695.697142857143,2673.2614285714285,2695.697142857143,0.1,148.87142857143027,1495.7142857143026,1.9721801665405594,TP,2024Q4,2024,3
4063,79226,2024-10-17 18:30:00,79244,2024-10-18 04:30:00,SELL,2693.19,2702.9325,2702.9325,2673.705,0.1,-98.12499999999837,-974.2499999999836,-1.0,SL,2024Q4,2024,18
4064,79247,2024-10-18 06:00:00,79252,2024-10-18 08:30:00,SELL,2708.0,2712.6917857142857,2712.6917857142857,2698.6164285714285,0.1,-47.61785714285743,-469.1785714285743,-1.0,SL,2024Q4,2024,5
4065,79253,2024-10-18 09:00:00,79266,2024-10-18 15:30:00,SELL,2711.28,2716.6928571428575,2716.6928571428575,2700.4542857142856,0.1,-54.8285714285732,-541.285714285732,-1.0,SL,2024Q4,2024,13
4066,79267,2024-10-18 16:00:00,79269,2024-10-18 17:00:00,SELL,2709.45,2716.4689285714285,2716.4689285714285,2695.4121428571425,0.1,-70.8892857142866,-701.892857142866,-1.0,SL,2024Q4,2024,2
4067,79271,2024-10-18 18:00:00,79286,2024-10-21 02:30:00,SELL,2717.27,2725.082857142857,2725.082857142857,2701.6442857142856,0.1,-78.82857142856956,-781.2857142856956,-1.0,SL,2024Q4,2024,15
4068,79287,2024-10-21 03:00:00,79289,2024-10-21 04:00:00,SELL,2723.28,2728.000714285715,2728.000714285715,2713.8385714285714,0.1,-47.90714285714621,-472.0714285714621,-1.0,SL,2024Q4,2024,2
4069,79291,2024-10-21 05:00:00,79292,2024-10-21 05:30:00,SELL,2726.25,2731.180714285714,2731.180714285714,2716.388571428571,0.1,-50.00714285714203,-493.07142857142026,-1.0,SL,2024Q4,2024,1
4070,79295,2024-10-21 07:00:00,79306,2024-10-21 12:30:00,SELL,2731.38,2736.75,2736.75,2720.6400000000003,0.1,-54.39999999999891,-536.9999999999891,-1.0,SL,2024Q4,2024,11
4071,79307,2024-10-21 13:00:00,79312,2024-10-21 15:30:00,SELL,2734.41,2739.738214285714,2739.738214285714,2723.7535714285714,0.1,-53.98214285714239,-532.8214285714239,-1.0,SL,2024Q4,2024,5
4072,79313,2024-10-21 16:00:00,79316,2024-10-21 17:30:00,SELL,2738.56,2725.1049999999996,2745.2875,2725.1049999999996,0.1,133.85000000000383,1345.5000000000382,1.9691062890769333,TP,2024Q4,2024,3
4073,79317,2024-10-21 18:00:00,79317,2024-10-21 18:00:00,BUY,2725.38,2717.4675,2717.4675,2741.205,0.1,-79.8249999999991,-791.2499999999909,-1.0,SL,2024Q4,2024,0
4074,79326,2024-10-21 22:30:00,79345,2024-10-22 09:00:00,BUY,2720.33,2736.995,2711.9975,2736.995,0.1,165.94999999999965,1666.4999999999964,1.9750074382624219,TP,2024Q4,2024,19
4075,79346,2024-10-22 09:30:00,79360,2024-10-22 16:30:00,SELL,2735.5,2740.5925,2740.5925,2725.315,0.1,-51.625000000002004,-509.25000000002,-1.0,SL,2024Q4,2024,14
4076,79361,2024-10-22 17:00:00,79362,2024-10-22 17:30:00,SELL,2735.77,2742.847857142857,2742.847857142857,2721.614285714286,0.1,-71.47857142856829,-707.7857142856828,-1.0,SL,2024Q4,2024,1
4077,79363,2024-10-22 18:00:00,79387,2024-10-23 07:00:00,SELL,2741.77,2749.6685714285713,2749.6685714285713,2725.9728571428573,0.1,-79.68571428571359,-789.8571428571358,-1.0,SL,2024Q4,2024,24
4078,79390,2024-10-23 08:30:00,79394,2024-10-23 10:30:00,SELL,2749.92,2754.2571428571428,2754.2571428571428,2741.2457142857147,0.1,-44.07142857142681,-433.71428571426804,-1.0,SL,2024Q4,2024,4
4079,79397,2024-10-23 12:00:00,79403,2024-10-23 15:00:00,SELL,2756.94,2746.999285714286,2761.9103571428573,2746.999285714286,0.1,98.70714285713966,994.0714285713966,1.958336285693951,TP,2024Q4,2024,6
4080,79406,2024-10-23 16:30:00,79406,2024-10-23 16:30:00,BUY,2739.39,2732.49,2732.49,2753.1899999999996,0.1,-69.70000000000091,-690.0000000000091,-1.0,SL,2024Q4,2024,0
4081,79407,2024-10-23 17:00:00,79407,2024-10-23 17:00:00,BUY,2737.46,2730.02,2730.02,2752.34,0.1,-75.10000000000055,-744.0000000000055,-1.0,SL,2024Q4,2024,0
4082,79435,2024-10-24 08:00:00,79437,2024-10-24 09:00:00,SELL,2726.39,2731.022857142857,2731.022857142857,2717.1242857142856,0.1,-47.0285714285712,-463.28571428571195,-1.0,SL,2024Q4,2024,2
4083,79440,2024-10-24 10:30:00,79444,2024-10-24 12:30:00,SELL,2733.81,2738.888571428571,2738.888571428571,2723.652857142857,0.1,-51.48571428571195,-507.85714285711947,-1.0,SL,2024Q4,2024,4
4084,79445,2024-10-24 13:00:00,79450,2024-10-24 15:30:00,SELL,2736.39,2741.145,2741.145,2726.8799999999997,0.1,-48.250000000001094,-475.5000000000109,-1.0,SL,2024Q4,2024,5
4085,79451,2024-10-24 16:00:00,79453,2024-10-24 17:00:00,SELL,2739.02,2728.0271428571427,2744.5164285714286,2728.0271428571427,0.1,109.22857142857247,1099.2857142857247,1.9622738354933917,TP,2024Q4,2024,2
4086,79455,2024-10-24 18:00:00,79477,2024-10-25 06:00:00,BUY,2732.55,2724.463928571429,2724.463928571429,2748.7221428571434,0.1,-81.56071428571359,-808.6071428571358,-1.0,SL,2024Q4,2024,22
4087,79478,2024-10-25 06:30:00,79487,2024-10-25 11:00:00,BUY,2727.13,2723.400357142857,2723.400357142857,2734.5892857142862,0.1,-37.99642857143063,-372.96428571430624,-1.0,SL,2024Q4,2024,9
4088,79491,2024-10-25 13:00:00,79499,2024-10-25 17:00:00,BUY,2721.39,2732.577857142857,2715.7960714285714,2732.577857142857,0.1,111.17857142856955,1118.7857142856956,1.9629232612396739,TP,2024Q4,2024,8
4089,79506,2024-10-25 20:30:00,79519,2024-10-28 03:00:00,SELL,2741.47,2724.888571428571,2749.760714285714,2724.888571428571,0.1,165.1142857142866,1658.142857142866,1.9748825288338319,TP,2024Q4,2024,13
4090,79547,2024-10-28 17:00:00,79566,2024-10-29 03:30:00,SELL,2744.17,2750.715357142857,2750.715357142857,2731.0792857142856,0.1,-66.15357142857029,-654.5357142857029,-1.0,SL,2024Q4,2024,19
4091,79590,2024-10-29 15:30:00,79590,2024-10-29 15:30:00,SELL,2755.03,2762.4035714285715,2762.4035714285715,2740.282857142857,0.1,-74.43571428571268,-737.3571428571267,-1.0,SL,2024Q4,2024,0
4092,79598,2024-10-29 19:30:00,79609,2024-10-30 02:00:00,SELL,2768.53,2778.374285714286,2778.374285714286,2748.841428571429,0.1,-99.14285714285889,-984.4285714285888,-1.0,SL,2024Q4,2024,11
4093,79611,2024-10-30 03:00:00,79612,2024-10-30 03:30:00,SELL,2778.01,2781.9507142857146,2781.9507142857146,2770.128571428572,0.1,-40.10714285714421,-394.0714285714421,-1.0,SL,2024Q4,2024,1
4094,79634,2024-10-30 14:30:00,79636,2024-10-30 15:30:00,BUY,2778.41,2772.340357142857,2772.340357142857,2790.5492857142854,0.1,-61.396428571427535,-606.9642857142753,-1.0,SL,2024Q4,2024,2
4095,79637,2024-10-30 16:00:00,79681,2024-10-31 15:00:00,BUY,2777.65,2770.489642857143,2770.489642857143,2791.970714285714,0.1,-72.30357142857265,-716.0357142857265,-1.0,SL,2024Q4,2024,44
4096,79686,2024-10-31 17:30:00,79727,2024-11-01 15:00:00,BUY,2739.43,2760.367857142857,2728.9610714285714,2760.367857142857,0.1,208.67857142856957,2093.7857142856956,1.9800738757667151,TP,2024Q4,2024,41
4097,79728,2024-11-01 15:30:00,79736,2024-11-01 19:30:00,SELL,2753.56,2738.812857142857,2760.9335714285717,2738.812857142857,0.1,146.7714285714299,1474.714285714299,1.9717877363016385,TP,2024Q4,2024,8
4098,79738,2024-11-01 20:30:00,79796,2024-11-05 04:30:00,BUY,2737.41,2727.1275,2727.1275,2757.975,0.1,-103.524999999998,-1028.24999999998,-1.0,SL,2024Q4,2024,58
4099,79810,2024-11-05 11:30:00,79820,2024-11-05 16:30:00,SELL,2742.71,2749.5639285714287,2749.5639285714287,2729.002142857143,0.1,-69.23928571428696,-685.3928571428696,-1.0,SL,2024Q4,2024,10
4100,79821,2024-11-05 17:00:00,79843,2024-11-06 05:00:00,SELL,2745.76,2732.0242857142857,2752.6278571428575,2732.0242857142857,0.1,136.65714285714495,1373.5714285714494,1.969731287964584,TP,2024Q4,2024,22
4101,79866,2024-11-06 16:30:00,79912,2024-11-07 16:30:00,BUY,2659.61,2693.520714285714,2642.6546428571432,2693.520714285714,0.1,338.40714285713767,3391.0714285713766,1.9876654569864278,TP,2024Q4,2024,46
4102,79915,2024-11-07 18:00:00,79923,2024-11-07 22:00:00,SELL,2698.67,2708.42,2708.42,2679.17,0.1,-98.2,-975.0,-1.0,SL,2024Q4,2024,8
4103,79930,2024-11-08 02:30:00,79941,2024-11-08 08:00:00,SELL,2708.9,2692.0550000000003,2717.3225,2692.0550000000003,0.1,167.749999999998,1684.49999999998,1.975272299087377,TP,2024Q4,2024,11
4104,79958,2024-11-08 16:30:00,79977,2024-11-11 03:00:00,SELL,2696.56,2678.639285714286,2705.520357142857,2678.639285714286,0.1,178.50714285713985,1792.0714285713984,1.9767451057939487,TP,2024Q4,2024,19
4105,79979,2024-11-11 04:00:00,79980,2024-11-11 04:30:00,BUY,2673.14,2667.1314285714284,2667.1314285714284,2685.1571428571424,0.1,-60.78571428571486,-600.8571428571486,-1.0,SL,2024Q4,2024,1
4106,79981,2024-11-11 05:00:00,79993,2024-11-11 11:00:00,BUY,2672.08,2665.530357142857,2665.530357142857,2685.1792857142855,0.1,-66.19642857142772,-654.9642857142771,-1.0,SL,2024Q4,2024,12
4107,79995,2024-11-11 12:00:00,79997,2024-11-11 13:00:00,BUY,2666.97,2660.7910714285713,2660.7910714285713,2679.327857142857,0.1,-62.489285714285145,-617.8928571428514,-1.0,SL,2024Q4,2024,2
4108,79998,2024-11-11 13:30:00,80000,2024-11-11 14:30:00,BUY,2666.17,2658.1385714285716,2658.1385714285716,2682.232857142857,0.1,-81.01428571428478,-803.1428571428478,-1.0,SL,2024Q4,2024,2
4109,80008,2024-11-11 18:30:00,80033,2024-11-12 08:00:00,BUY,2615.44,2603.9167857142857,2603.9167857142857,2638.486428571429,0.1,-115.93214285714403,-1152.3214285714403,-1.0,SL,2024Q4,2024,25
4110,80034,2024-11-12 08:30:00,80035,2024-11-12 09:00:00,BUY,2607.55,2600.9232142857145,2600.9232142857145,2620.8035714285716,0.1,-66.96785714285689,-662.6785714285688,-1.0,SL,2024Q4,2024,1
4111,80036,2024-11-12 09:30:00,80036,2024-11-12 09:30:00,BUY,2604.48,2596.5825,2596.5825,2620.275,0.1,-79.67500000000037,-789.7500000000036,-1.0,SL,2024Q4,2024,0
4112,80042,2024-11-12 12:30:00,80047,2024-11-12 15:00:00,BUY,2592.13,2610.884285714286,2582.7528571428575,2610.884285714286,0.1,186.84285714285744,1875.4285714285743,1.9777710570089695,TP,2024Q4,2024,5
4113,80074,2024-11-13 05:30:00,80094,2024-11-13 15:30:00,SELL,2608.28,2613.8975,2613.8975,2597.0450000000005,0.1,-56.874999999998366,-561.7499999999836,-1.0,SL,2024Q4,2024,20
4114,80095,2024-11-13 16:00:00,80097,2024-11-13 17:00:00,SELL,2612.1,2599.605,2618.3475,2599.605,0.1,124.2499999999989,1249.499999999989,1.9667590027700828,TP,2024Q4,2024,2
4115,80112,2024-11-14 01:30:00,80112,2024-11-14 01:30:00,BUY,2581.11,2571.1575000000003,2571.1575000000003,2601.0150000000003,0.1,-100.22499999999873,-995.2499999999873,-1.0,SL,2024Q4,2024,0
4116,80118,2024-11-14 04:30:00,80126,2024-11-14 08:30:00,BUY,2562.14,2553.5225,2553.5225,2579.375,0.1,-86.87499999999837,-861.7499999999836,-1.0,SL,2024Q4,2024,8
4117,80128,2024-11-14 09:30:00,80132,2024-11-14 11:30:00,BUY,2554.98,2547.2228571428573,2547.2228571428573,2570.494285714286,0.1,-78.27142857142753,-775.7142857142753,-1.0,SL,2024Q4,2024,4
4118,80143,2024-11-14 17:00:00,80143,2024-11-14 17:00:00,SELL,2559.56,2570.182142857143,2570.182142857143,2538.315714285714,0.1,-106.9214285714299,-1062.214285714299,-1.0,SL,2024Q4,2024,0
4119,80145,2024-11-14 18:00:00,80207,2024-11-18 03:00:00,SELL,2570.23,2582.1185714285716,2582.1185714285716,2546.4528571428573,0.1,-119.58571428571595,-1188.8571428571595,-1.0,SL,2024Q4,2024,62
4120,80209,2024-11-18 04:00:00,80224,2024-11-18 11:30:00,SELL,2586.86,2595.9457142857145,2595.9457142857145,2568.688571428572,0.1,-91.55714285714403,-908.5714285714403,-1.0,SL,2024Q4,2024,15
4121,80234,2024-11-18 16:30:00,80236,2024-11-18 17:30:00,SELL,2604.26,2612.821785714286,2612.821785714286,2587.136428571429,0.1,-86.31785714285634,-856.1785714285634,-1.0,SL,2024Q4,2024,2
4122,80238,2024-11-18 18:30:00,80256,2024-11-19 04:30:00,SELL,2611.69,2619.8210714285715,2619.8210714285715,2595.4278571428576,0.1,-82.01071428571431,-813.1071428571431,-1.0,SL,2024Q4,2024,18
4123,80265,2024-11-19 09:00:00,80269,2024-11-19 11:00:00,SELL,2625.04,2630.145357142857,2630.145357142857,2614.8292857142856,0.1,-51.75357142856974,-510.5357142856974,-1.0,SL,2024Q4,2024,4
4124,80271,2024-11-19 12:00:00,80272,2024-11-19 12:30:00,SELL,2630.13,2636.5242857142857,2636.5242857142857,2617.341428571429,0.1,-64.64285714285616,-639.4285714285616,-1.0,SL,2024Q4,2024,1
4125,80273,2024-11-19 13:00:00,80282,2024-11-19 17:30:00,SELL,2634.98,2621.799285714286,2641.570357142857,2621.799285714286,0.1,131.10714285714204,1318.0714285714203,1.9684701592578688,TP,2024Q4,2024,9
4126,80299,2024-11-20 03:00:00,80311,2024-11-20 09:00:00,SELL,2637.78,2627.914285714286,2642.7128571428575,2627.914285714286,0.1,97.95714285714148,986.5714285714148,1.9580239862934568,TP,2024Q4,2024,12
4127,80314,2024-11-20 10:30:00,80323,2024-11-20 15:00:00,BUY,2621.96,2632.9957142857147,2616.4421428571427,2632.9957142857147,0.1,109.65714285714675,1103.5714285714675,1.962418509523202,TP,2024Q4,2024,9
4128,80326,2024-11-20 16:30:00,80327,2024-11-20 17:00:00,SELL,2639.1,2646.6814285714286,2646.6814285714286,2623.9371428571426,0.1,-76.5142857142866,-758.142857142866,-1.0,SL,2024Q4,2024,1
4129,80328,2024-11-20 17:30:00,80331,2024-11-20 19:00:00,SELL,2645.91,2654.2221428571424,2654.2221428571424,2629.285714285714,0.1,-83.8214285714259,-831.214285714259,-1.0,SL,2024Q4,2024,3
4130,80332,2024-11-20 19:30:00,80344,2024-11-21 02:30:00,SELL,2649.92,2658.5289285714284,2658.5289285714284,2632.702142857143,0.1,-86.78928571428351,-860.892857142835,-1.0,SL,2024Q4,2024,12
4131,80346,2024-11-21 03:30:00,80352,2024-11-21 06:30:00,SELL,2653.63,2659.009642857143,2659.009642857143,2642.8707142857143,0.1,-54.49642857142699,-537.9642857142699,-1.0,SL,2024Q4,2024,6
4132,80356,2024-11-21 08:30:00,80359,2024-11-21 10:00:00,SELL,2660.3,2666.425357142857,2666.425357142857,2648.049285714286,0.1,-61.95357142856956,-612.5357142856956,-1.0,SL,2024Q4,2024,3
4133,80362,2024-11-21 11:30:00,80365,2024-11-21 13:00:00,SELL,2665.74,2671.5717857142854,2671.5717857142854,2654.0764285714286,0.1,-59.01785714285616,-583.1785714285616,-1.0,SL,2024Q4,2024,3
4134,80367,2024-11-21 14:00:00,80391,2024-11-22 03:00:00,SELL,2671.42,2677.825,2677.825,2658.61,0.1,-64.74999999999746,-640.4999999999745,-1.0,SL,2024Q4,2024,24
4135,80393,2024-11-22 04:00:00,80394,2024-11-22 04:30:00,SELL,2677.69,2682.526428571429,2682.526428571429,2668.017142857143,0.1,-49.06428571428769,-483.6428571428769,-1.0,SL,2024Q4,2024,1
4136,80399,2024-11-22 07:00:00,80404,2024-11-22 09:30:00,SELL,2688.75,2694.822857142857,2694.822857142857,2676.6042857142857,0.1,-61.42857142857174,-607.2857142857174,-1.0,SL,2024Q4,2024,5
4137,80406,2024-11-22 10:30:00,80408,2024-11-22 11:30:00,SELL,2696.64,2703.9771428571426,2703.9771428571426,2681.965714285714,0.1,-74.07142857142681,-733.714285714268,-1.0,SL,2024Q4,2024,2
4138,80410,2024-11-22 12:30:00,80417,2024-11-22 16:00:00,SELL,2705.91,2689.0864285714283,2714.3217857142854,2689.0864285714283,0.1,167.53571428571541,1682.357142857154,1.975241062781644,TP,2024Q4,2024,7
4139,80426,2024-11-22 20:30:00,80433,2024-11-25 01:00:00,SELL,2709.74,2690.1349999999998,2719.5424999999996,2690.1349999999998,0.1,195.3500000000002,1960.5000000000018,1.9787287920993113,TP,2024Q4,2024,7
4140,80447,2024-11-25 08:00:00,80463,2024-11-25 16:00:00,BUY,2664.79,2647.2175,2647.2175,2699.935,0.1,-176.42499999999762,-1757.2499999999764,-1.0,SL,2024Q4,2024,16
4141,80465,2024-11-25 17:00:00,80466,2024-11-25 17:30:00,BUY,2641.43,2627.242142857143,2627.242142857143,2669.805714285714,0.1,-142.57857142856955,-1418.7857142856956,-1.0,SL,2024Q4,2024,1
4142,80471,2024-11-25 20:00:00,80480,2024-11-26 01:30:00,BUY,2627.93,2611.637857142857,2611.637857142857,2660.514285714286,0.1,-163.6214285714306,-1629.2142857143062,-1.0,SL,2024Q4,2024,9
4143,80503,2024-11-26 13:00:00,80507,2024-11-26 15:00:00,SELL,2631.31,2639.405714285714,2639.405714285714,2615.118571428571,0.1,-81.65714285714166,-809.5714285714166,-1.0,SL,2024Q4,2024,4
4144,80508,2024-11-26 15:30:00,80538,2024-11-27 07:30:00,SELL,2632.78,2641.3846428571433,2641.3846428571433,2615.5707142857145,0.1,-86.74642857143063,-860.4642857143062,-1.0,SL,2024Q4,2024,30
4145,80542,2024-11-27 09:30:00,80544,2024-11-27 10:30:00,SELL,2646.94,2653.2057142857143,2653.2057142857143,2634.4085714285716,0.1,-63.35714285714239,-626.5714285714239,-1.0,SL,2024Q4,2024,2
4146,80546,2024-11-27 11:30:00,80554,2024-11-27 15:30:00,SELL,2649.24,2655.3674999999994,2655.3674999999994,2636.985,0.1,-61.974999999996,-612.74999999996,-1.0,SL,2024Q4,2024,8
4147,80558,2024-11-27 17:30:00,80575,2024-11-28 03:00:00,BUY,2642.52,2632.9553571428573,2632.9553571428573,2661.6492857142857,0.1,-96.34642857142644,-956.4642857142644,-1.0,SL,2024Q4,2024,17
4148,80577,2024-11-28 04:00:00,80590,2024-11-28 10:30:00,BUY,2628.91,2640.7685714285712,2622.980714285714,2640.7685714285712,0.1,117.88571428571395,1185.8571428571395,1.9649958328371677,TP,2024Q4,2024,13
4149,80592,2024-11-28 11:30:00,80618,2024-11-29 04:00:00,SELL,2645.81,2652.3371428571427,2652.3371428571427,2632.755714285714,0.1,-65.97142857142735,-652.7142857142735,-1.0,SL,2024Q4,2024,26
4150,80624,2024-11-29 07:00:00,80654,2024-12-02 01:00:00,SELL,2659.76,2645.002142857143,2667.1389285714286,2645.002142857143,0.1,146.8785714285712,1475.785714285712,1.9718080260824307,TP,2024Q4,2024,30
4151,80656,2024-12-02 02:00:00,80657,2024-12-02 02:30:00,BUY,2646.04,2638.39,2638.39,2661.34,0.1,-77.20000000000091,-765.0000000000091,-1.0,SL,2024Q4,2024,1
4152,80667,2024-12-02 07:30:00,80682,2024-12-02 15:00:00,BUY,2624.57,2646.6178571428572,2613.5460714285714,2646.6178571428572,0.1,219.77857142857084,2204.7857142857083,1.9810707272317143,TP,2024Q4,2024,15
4153,80683,2024-12-02 15:30:00,80729,2024-12-03 15:30:00,SELL,2644.7,2653.7482142857143,2653.7482142857143,2626.6035714285713,0.1,-91.18214285714494,-904.8214285714494,-1.0,SL,2024Q4,2024,46
4154,80731,2024-12-03 16:30:00,80732,2024-12-03 17:00:00,SELL,2652.97,2638.863571428571,2660.023214285714,2638.863571428571,0.1,140.36428571428752,1410.642857142875,1.9705189270494492,TP,2024Q4,2024,1
4155,80733,2024-12-03 17:30:00,80779,2024-12-04 17:30:00,BUY,2639.25,2656.1892857142857,2630.780357142857,2656.1892857142857,0.1,168.6928571428569,1693.9285714285688,1.9754088076617458,TP,2024Q4,2024,46
4156,80780,2024-12-04 18:00:00,80824,2024-12-05 17:00:00,SELL,2654.94,2637.7200000000003,2663.55,2637.7200000000003,0.1,171.499999999998,1721.99999999998,1.9758064516128513,TP,2024Q4,2024,44
4157,80826,2024-12-05 18:00:00,80828,2024-12-05 19:00:00,BUY,2640.39,2632.1432142857143,2632.1432142857143,2656.883571428571,0.1,-83.1678571428558,-824.6785714285579,-1.0,SL,2024Q4,2024,2
4158,80830,2024-12-05 20:00:00,80842,2024-12-06 03:00:00,BUY,2628.14,2618.2689285714287,2618.2689285714287,2647.8821428571428,0.1,-99.41071428571213,-987.1071428571213,-1.0,SL,2024Q4,2024,12
4159,80849,2024-12-06 06:30:00,80868,2024-12-06 16:00:00,SELL,2641.97,2625.4700000000003,2650.22,2625.4700000000003,0.1,164.29999999999546,1649.9999999999545,1.9747596153845608,TP,2024Q4,2024,19
4160,80885,2024-12-09 01:30:00,80888,2024-12-09 03:00:00,SELL,2637.5,2644.4010714285714,2644.4010714285714,2623.6978571428567,0.1,-69.71071428571413,-690.1071428571413,-1.0,SL,2024Q4,2024,3
4161,80902,2024-12-09 10:00:00,80908,2024-12-09 13:00:00,SELL,2650.43,2658.98,2658.98,2633.33,0.1,-86.20000000000182,-855.0000000000182,-1.0,SL,2024Q4,2024,6
4162,80909,2024-12-09 13:30:00,80913,2024-12-09 15:30:00,SELL,2656.32,2662.6210714285717,2662.6210714285717,2643.717857142857,0.1,-63.71071428571504,-630.1071428571504,-1.0,SL,2024Q4,2024,4
4163,80917,2024-12-09 17:30:00,80959,2024-12-10 15:30:00,SELL,2672.13,2679.9482142857146,2679.9482142857146,2656.493571428571,0.1,-78.88214285714476,-781.8214285714475,-1.0,SL,2024Q4,2024,42
4164,80965,2024-12-10 18:30:00,80977,2024-12-11 01:30:00,SELL,2687.44,2696.1882142857144,2696.1882142857144,2669.9435714285714,0.1,-88.18214285714312,-874.8214285714312,-1.0,SL,2024Q4,2024,12
4165,80979,2024-12-11 02:30:00,80980,2024-12-11 03:00:00,SELL,2697.62,2702.1810714285716,2702.1810714285716,2688.497857142857,0.1,-46.310714285717225,-456.1071428571722,-1.0,SL,2024Q4,2024,1
4166,80981,2024-12-11 03:30:00,80987,2024-12-11 06:30:00,SELL,2700.7,2691.346428571428,2705.3767857142857,2691.346428571428,0.1,92.8357142857174,935.357142857174,1.9557595365284792,TP,2024Q4,2024,6
4167,81007,2024-12-11 16:30:00,81008,2024-12-11 17:00:00,SELL,2700.59,2708.8250000000003,2708.8250000000003,2684.1200000000003,0.1,-83.05000000000128,-823.5000000000127,-1.0,SL,2024Q4,2024,1
4168,81010,2024-12-11 18:00:00,81025,2024-12-12 02:30:00,SELL,2713.1,2722.0592857142856,2722.0592857142856,2695.1814285714286,0.1,-90.2928571428567,-895.928571428567,-1.0,SL,2024Q4,2024,15
4169,81027,2024-12-12 03:30:00,81027,2024-12-12 03:30:00,SELL,2714.09,2702.139285714286,2720.0653571428575,2702.139285714286,0.1,118.80714285714184,1195.0714285714184,1.9652625982157939,TP,2024Q4,2024,0
4170,81051,2024-12-12 15:30:00,81051,2024-12-12 15:30:00,BUY,2707.71,2700.9514285714286,2700.9514285714286,2721.227142857143,0.1,-68.28571428571486,-675.8571428571486,-1.0,SL,2024Q4,2024,0
4171,81054,2024-12-12 17:00:00,81055,2024-12-12 17:30:00,BUY,2686.67,2676.970357142857,2676.970357142857,2706.069285714286,0.1,-97.69642857142863,-969.9642857142862,-1.0,SL,2024Q4,2024,1
4172,81091,2024-12-13 12:30:00,81097,2024-12-13 15:30:00,BUY,2668.8,2661.654642857143,2661.654642857143,2683.0907142857145,0.1,-72.15357142857393,-714.5357142857392,-1.0,SL,2024Q4,2024,6
4173,81099,2024-12-13 16:30:00,81107,2024-12-13 20:30:00,BUY,2661.95,2653.6989285714285,2653.6989285714285,2678.452142857143,0.1,-83.21071428571322,-825.1071428571322,-1.0,SL,2024Q4,2024,8
4174,81113,2024-12-13 23:30:00,81138,2024-12-16 13:00:00,BUY,2649.32,2662.8735714285717,2642.5432142857144,2662.8735714285717,0.1,134.8357142857156,1355.3571428571558,1.9693286735172921,TP,2024Q4,2024,25
4175,81141,2024-12-16 14:30:00,81146,2024-12-16 17:00:00,SELL,2661.75,2651.477142857143,2666.8864285714285,2651.477142857143,0.1,102.02857142856992,1027.2857142856992,1.9596652490053499,TP,2024Q4,2024,5
4176,81150,2024-12-16 19:00:00,81179,2024-12-17 10:30:00,BUY,2652.36,2645.619642857143,2645.619642857143,2665.8407142857145,0.1,-68.10357142857193,-674.0357142857192,-1.0,SL,2024Q4,2024,29
4177,81181,2024-12-17 11:30:00,81189,2024-12-17 15:30:00,BUY,2642.11,2634.840357142857,2634.840357142857,2656.649285714286,0.1,-73.39642857143026,-726.9642857143026,-1.0,SL,2024Q4,2024,8
4178,81190,2024-12-17 16:00:00,81246,2024-12-18 21:00:00,BUY,2637.24,2629.2289285714282,2629.2289285714282,2653.262142857143,0.1,-80.8107142857154,-801.107142857154,-1.0,SL,2024Q4,2024,56
4179,81253,2024-12-19 01:30:00,81257,2024-12-19 03:30:00,BUY,2590.56,2614.9221428571427,2578.378928571429,2614.9221428571427,0.1,242.92142857142773,2436.214285714277,1.9828586421013108,TP,2024Q4,2024,4
4180,81274,2024-12-19 12:00:00,81279,2024-12-19 14:30:00,SELL,2620.26,2605.4957142857143,2627.642142857143,2605.4957142857143,0.1,146.94285714285962,1476.4285714285961,1.9718201859484936,TP,2024Q4,2024,5
4181,81283,2024-12-19 16:30:00,81285,2024-12-19 17:30:00,BUY,2596.63,2588.2342857142858,2588.2342857142858,2613.4214285714284,0.1,-84.65714285714348,-839.5714285714348,-1.0,SL,2024Q4,2024,2
4182,81305,2024-12-20 04:30:00,81312,2024-12-20 08:00:00,SELL,2596.94,2604.0189285714287,2604.0189285714287,2582.782142857143,0.1,-71.48928571428605,-707.8928571428605,-1.0,SL,2024Q4,2024,7
4183,81313,2024-12-20 08:30:00,81327,2024-12-20 15:30:00,SELL,2603.78,2610.144285714286,2610.144285714286,2591.051428571429,0.1,-64.3428571428587,-636.428571428587,-1.0,SL,2024Q4,2024,14
4184,81333,2024-12-20 18:30:00,81359,2024-12-23 08:30:00,SELL,2623.18,2632.1039285714282,2632.1039285714282,2605.3321428571426,0.1,-89.93928571428405,-892.3928571428405,-1.0,SL,2024Q4,2024,26
4185,81361,2024-12-23 09:30:00,81368,2024-12-23 13:00:00,SELL,2630.49,2618.920714285714,2636.2746428571427,2618.920714285714,0.1,114.99285714285797,1156.9285714285797,1.9641310315378517,TP,2024Q4,2024,7
4186,81370,2024-12-23 14:00:00,81376,2024-12-23 17:00:00,BUY,2616.49,2610.988214285714,2610.988214285714,2627.493571428571,0.1,-55.717857142856886,-550.1785714285688,-1.0,SL,2024Q4,2024,6
4187,81379,2024-12-23 18:30:00,81429,2024-12-26 08:00:00,BUY,2612.35,2625.0635714285713,2605.993214285714,2625.0635714285713,0.1,126.43571428571413,1271.3571428571413,1.9673242567379825,TP,2024Q4,2024,50
4188,81432,2024-12-26 09:30:00,81443,2024-12-26 15:00:00,SELL,2624.47,2630.3360714285714,2630.3360714285714,2612.7378571428567,0.1,-59.36071428571559,-586.6071428571558,-1.0,SL,2024Q4,2024,11
4189,81444,2024-12-26 15:30:00,81447,2024-12-26 17:00:00,SELL,2627.26,2631.4642857142862,2631.4642857142862,2618.8514285714286,0.1,-42.74285714286016,-420.4285714286016,-1.0,SL,2024Q4,2024,3
4190,81478,2024-12-27 09:30:00,81479,2024-12-27 10:00:00,SELL,2636.14,2627.607142857142,2640.4064285714285,2627.607142857142,0.1,84.62857142857665,853.2857142857665,1.9515730522155557,TP,2024Q4,2024,1
4191,81482,2024-12-27 11:30:00,81489,2024-12-27 15:00:00,BUY,2627.35,2622.268214285714,2622.268214285714,2637.5135714285716,0.1,-51.517857142860706,-508.17857142860703,-1.0,SL,2024Q4,2024,7
4192,81493,2024-12-27 17:00:00,81526,2024-12-30 10:30:00,BUY,2615.73,2609.1739285714284,2609.1739285714284,2628.842142857143,0.1,-66.26071428571613,-655.6071428571613,-1.0,SL,2024Q4,2024,33
4193,81532,2024-12-30 13:30:00,81536,2024-12-30 15:30:00,BUY,2616.1,2610.012142857143,2610.012142857143,2628.2757142857145,0.1,-61.57857142857047,-608.7857142857047,-1.0,SL,2024Q4,2024,4
4194,81538,2024-12-30 16:30:00,81539,2024-12-30 17:00:00,BUY,2612.46,2603.9646428571427,2603.9646428571427,2629.450714285714,0.1,-85.65357142857302,-849.5357142857301,-1.0,SL,2024Q4,2024,1
4195,81541,2024-12-30 18:00:00,81586,2024-12-31 17:30:00,BUY,2601.73,2620.7028571428573,2592.2435714285716,2620.7028571428573,0.1,189.02857142857266,1897.2857142857265,1.9780252634726536,TP,2024Q4,2024,45
4196,81589,2024-12-31 19:00:00,81592,2025-01-02 08:00:00,SELL,2625.29,2632.403214285714,2632.403214285714,2611.0635714285713,0.1,-71.83214285714094,-711.3214285714093,-1.0,SL,2024Q4,2024,3
4197,81594,2025-01-02 09:00:00,81600,2025-01-02 12:00:00,SELL,2634.03,2641.6307142857145,2641.6307142857145,2618.8285714285716,0.1,-76.70714285714276,-760.0714285714275,-1.0,SL,2025Q1,2025,6
4198,81606,2025-01-02 15:00:00,81609,2025-01-02 16:30:00,SELL,2643.22,2650.643928571428,2650.643928571428,2628.3721428571425,0.1,-74.93928571428405,-742.3928571428405,-1.0,SL,2025Q1,2025,3
4199,81610,2025-01-02 17:00:00,81612,2025-01-02 18:00:00,SELL,2647.44,2656.197857142857,2656.197857142857,2629.924285714286,0.1,-88.2785714285712,-875.785714285712,-1.0,SL,2025Q1,2025,2
4200,81615,2025-01-02 19:30:00,81632,2025-01-03 05:00:00,SELL,2656.27,2664.841428571429,2664.841428571429,2639.1271428571426,0.1,-86.41428571428897,-857.1428571428896,-1.0,SL,2025Q1,2025,17
4201,81633,2025-01-03 05:30:00,81640,2025-01-03 09:00:00,SELL,2663.4,2653.1014285714286,2668.549285714286,2653.1014285714286,0.1,102.28571428571449,1029.857142857145,1.9597646092787737,TP,2025Q1,2025,7
4202,81644,2025-01-03 11:00:00,81653,2025-01-03 15:30:00,BUY,2653.04,2647.112857142857,2647.112857142857,2664.894285714285,0.1,-59.97142857142826,-592.7142857142826,-1.0,SL,2025Q1,2025,9
4203,81654,2025-01-03 16:00:00,81656,2025-01-03 17:00:00,BUY,2649.94,2643.4353571428574,2643.4353571428574,2662.9492857142855,0.1,-65.74642857142699,-650.4642857142699,-1.0,SL,2025Q1,2025,2
4204,81659,2025-01-03 18:30:00,81683,2025-01-06 07:30:00,BUY,2641.44,2634.069642857143,2634.069642857143,2656.180714285714,0.1,-74.40357142856847,-737.0357142856847,-1.0,SL,2025Q1,2025,24
4205,81686,2025-01-06 09:00:00,81687,2025-01-06 09:30:00,BUY,2631.61,2625.687142857143,2625.687142857143,2643.4557142857147,0.1,-59.928571428570834,-592.2857142857083,-1.0,SL,2025Q1,2025,1
4206,81696,2025-01-06 14:00:00,81699,2025-01-06 15:30:00,SELL,2645.51,2631.8385714285714,2652.3457142857146,2631.8385714285714,0.1,136.01428571428806,1367.1428571428805,1.969590401323956,TP,2025Q1,2025,3
4207,81701,2025-01-06 16:30:00,81741,2025-01-07 13:30:00,BUY,2625.83,2647.5714285714284,2614.9592857142857,2647.5714285714284,0.1,216.71428571428515,2174.1428571428514,1.9808056407912777,TP,2025Q1,2025,40
4208,81743,2025-01-07 14:30:00,81744,2025-01-07 15:00:00,SELL,2648.08,2653.684642857143,2653.684642857143,2636.8707142857143,0.1,-56.74642857143063,-560.4642857143062,-1.0,SL,2025Q1,2025,1
4209,81772,2025-01-08 06:00:00,81778,2025-01-08 09:00:00,BUY,2646.87,2654.2092857142857,2643.2003571428572,2654.2092857142857,0.1,72.69285714285779,733.9285714285779,1.9438449049757656,TP,2025Q1,2025,6
4210,81779,2025-01-08 09:30:00,81790,2025-01-08 15:00:00,SELL,2652.89,2656.762142857143,2656.762142857143,2645.145714285714,0.1,-39.4214285714299,-387.21428571429897,-1.0,SL,2025Q1,2025,11
4211,81791,2025-01-08 15:30:00,81791,2025-01-08 15:30:00,SELL,2654.47,2659.826071428571,2659.826071428571,2643.757857142857,0.1,-54.260714285713405,-535.607142857134,-1.0,SL,2025Q1,2025,0
4212,81794,2025-01-08 17:00:00,81797,2025-01-08 18:30:00,SELL,2661.35,2668.0099999999998,2668.0099999999998,2648.03,0.1,-67.29999999999855,-665.9999999999854,-1.0,SL,2025Q1,2025,3
4213,81828,2025-01-09 11:00:00,81832,2025-01-09 13:00:00,SELL,2664.23,2669.409285714286,2669.409285714286,2653.8714285714286,0.1,-52.49285714285925,-517.9285714285925,-1.0,SL,2025Q1,2025,4
4214,81834,2025-01-09 14:00:00,81836,2025-01-09 15:00:00,SELL,2670.06,2675.7825000000003,2675.7825000000003,2658.615,0.1,-57.925000000003095,-572.2500000000309,-1.0,SL,2025Q1,2025,2
4215,81837,2025-01-09 15:30:00,81874,2025-01-10 11:00:00,SELL,2674.86,2681.13,2681.13,2662.3199999999997,0.1,-63.39999999999982,-626.9999999999982,-1.0,SL,2025Q1,2025,37
4216,81875,2025-01-10 11:30:00,81883,2025-01-10 15:30:00,SELL,2679.89,2670.875,2684.3975,2670.875,0.1,89.44999999999872,901.4999999999873,1.9541234298196728,TP,2025Q1,2025,8
4217,81884,2025-01-10 16:00:00,81926,2025-01-13 14:00:00,BUY,2682.66,2674.779642857143,2674.779642857143,2698.4207142857144,0.1,-79.50357142857065,-788.0357142857065,-1.0,SL,2025Q1,2025,42
4218,81928,2025-01-13 15:00:00,81929,2025-01-13 15:30:00,BUY,2671.4,2663.9953571428573,2663.9953571428573,2686.2092857142857,0.1,-74.7464285714279,-740.464285714279,-1.0,SL,2025Q1,2025,1
4219,81930,2025-01-13 16:00:00,81933,2025-01-13 17:30:00,BUY,2669.27,2661.3092857142856,2661.3092857142856,2685.191428571429,0.1,-80.30714285714403,-796.0714285714403,-1.0,SL,2025Q1,2025,3
4220,81935,2025-01-13 18:30:00,81938,2025-01-13 20:00:00,BUY,2667.17,2657.619285714286,2657.619285714286,2686.2714285714287,0.1,-96.20714285714094,-955.0714285714093,-1.0,SL,2025Q1,2025,3
4221,81939,2025-01-13 20:30:00,81992,2025-01-15 01:00:00,BUY,2659.84,2678.7378571428576,2650.3910714285716,2678.7378571428576,0.1,188.27857142857448,1889.7857142857447,1.9779386935805077,TP,2025Q1,2025,53
4222,81993,2025-01-15 01:30:00,82006,2025-01-15 08:00:00,SELL,2674.8,2679.7125,2679.7125,2664.9750000000004,0.1,-49.82499999999909,-491.2499999999909,-1.0,SL,2025Q1,2025,13
4223,82010,2025-01-15 10:00:00,82012,2025-01-15 11:00:00,SELL,2681.18,2685.857857142857,2685.857857142857,2671.8242857142855,0.1,-47.478571428571925,-467.7857142857192,-1.0,SL,2025Q1,2025,2
4224,82014,2025-01-15 12:00:00,82021,2025-01-15 15:30:00,SELL,2685.76,2690.142142857143,2690.142142857143,2676.9957142857143,0.1,-44.521428571427535,-438.2142857142753,-1.0,SL,2025Q1,2025,7
4225,82023,2025-01-15 16:30:00,82035,2025-01-15 22:30:00,SELL,2689.58,2696.1457142857143,2696.1457142857143,2676.448571428571,0.1,-66.35714285714421,-656.5714285714421,-1.0,SL,2025Q1,2025,12
4226,82037,2025-01-15 23:30:00,82043,2025-01-16 03:30:00,SELL,2694.97,2702.051071428571,2702.051071428571,2680.8078571428573,0.1,-71.5107142857125,-708.1071428571249,-1.0,SL,2025Q1,2025,6
4227,82044,2025-01-16 04:00:00,82056,2025-01-16 10:00:00,SELL,2696.07,2701.1025,2701.1025,2686.005,0.1,-51.024999999998,-503.24999999998,-1.0,SL,2025Q1,2025,12
4228,82057,2025-01-16 10:30:00,82060,2025-01-16 12:00:00,SELL,2701.21,2706.334642857143,2706.334642857143,2690.9607142857144,0.1,-51.946428571430445,-512.4642857143044,-1.0,SL,2025Q1,2025,3
4229,82064,2025-01-16 14:00:00,82067,2025-01-16 15:30:00,SELL,2706.17,2712.53,2712.53,2693.45,0.1,-64.30000000000128,-636.0000000000127,-1.0,SL,2025Q1,2025,3
4230,82071,2025-01-16 17:30:00,82126,2025-01-17 22:00:00,SELL,2717.6,2701.112857142857,2725.8435714285715,2701.112857142857,0.1,164.17142857142773,1648.7142857142771,1.9747400979465048,TP,2025Q1,2025,55
4231,82129,2025-01-17 23:30:00,82130,2025-01-20 01:00:00,BUY,2702.05,2695.7371428571428,2695.7371428571428,2714.6757142857145,0.1,-63.82857142857411,-631.285714285741,-1.0,SL,2025Q1,2025,1
4232,82135,2025-01-20 03:30:00,82141,2025-01-20 06:30:00,BUY,2693.09,2705.709285714286,2686.780357142857,2705.709285714286,0.1,125.49285714285979,1261.928571428598,1.967082796842636,TP,2025Q1,2025,6
4233,82180,2025-01-21 05:30:00,82188,2025-01-21 09:30:00,SELL,2724.25,2731.8796428571427,2731.8796428571427,2708.990714285714,0.1,-76.99642857142699,-762.9642857142699,-1.0,SL,2025Q1,2025,8
4234,82204,2025-01-21 17:30:00,82205,2025-01-21 18:00:00,SELL,2735.67,2742.8517857142856,2742.8517857142856,2721.3064285714286,0.1,-72.51785714285525,-718.1785714285525,-1.0,SL,2025Q1,2025,1
4235,82208,2025-01-21 19:30:00,82228,2025-01-22 06:30:00,SELL,2744.65,2752.2914285714287,2752.2914285714287,2729.367142857143,0.1,-77.11428571428605,-764.1428571428605,-1.0,SL,2025Q1,2025,20
4236,82239,2025-01-22 12:00:00,82283,2025-01-23 11:00:00,SELL,2758.33,2743.9171428571426,2765.5364285714286,2743.9171428571426,0.1,143.4285714285732,1441.285714285732,1.9711396878374403,TP,2025Q1,2025,44
4237,82285,2025-01-23 12:00:00,82291,2025-01-23 15:00:00,BUY,2745.94,2740.837857142857,2740.837857142857,2756.1442857142856,0.1,-51.72142857143008,-510.2142857143008,-1.0,SL,2025Q1,2025,6
4238,82293,2025-01-23 16:00:00,82298,2025-01-23 18:30:00,BUY,2741.79,2756.7428571428572,2734.3135714285713,2756.7428571428572,0.1,148.82857142857284,1495.2857142857283,1.9721722669190727,TP,2025Q1,2025,5
4239,82299,2025-01-23 19:00:00,82314,2025-01-24 03:30:00,SELL,2753.85,2762.537142857143,2762.537142857143,2736.4757142857143,0.1,-87.57142857143045,-868.7142857143044,-1.0,SL,2025Q1,2025,15
4240,82318,2025-01-24 05:30:00,82323,2025-01-24 08:00:00,SELL,2771.88,2777.4953571428573,2777.4953571428573,2760.6492857142857,0.1,-56.853571428571925,-561.5357142857192,-1.0,SL,2025Q1,2025,5
4241,82324,2025-01-24 08:30:00,82337,2025-01-24 15:00:00,SELL,2776.1,2782.305714285714,2782.305714285714,2763.6885714285713,0.1,-62.75714285714294,-620.5714285714294,-1.0,SL,2025Q1,2025,13
4242,82339,2025-01-24 16:00:00,82344,2025-01-24 18:30:00,SELL,2782.34,2770.3550000000005,2788.3325,2770.3550000000005,0.1,119.14999999999672,1198.4999999999673,1.965360824742267,TP,2025Q1,2025,5
4243,82345,2025-01-24 19:00:00,82360,2025-01-27 03:30:00,BUY,2772.09,2763.4950000000003,2763.4950000000003,2789.28,0.1,-86.649999999998,-859.49999999998,-1.0,SL,2025Q1,2025,15
4244,82373,2025-01-27 10:00:00,82375,2025-01-27 11:00:00,BUY,2749.53,2763.6835714285717,2742.4532142857142,2763.6835714285717,0.1,140.8357142857147,1415.3571428571468,1.9706161611113262,TP,2025Q1,2025,2
4245,82387,2025-01-27 17:00:00,82387,2025-01-27 17:00:00,BUY,2751.37,2741.6060714285713,2741.6060714285713,2770.897857142857,0.1,-98.33928571428551,-976.3928571428551,-1.0,SL,2025Q1,2025,0
4246,82389,2025-01-27 18:00:00,82391,2025-01-27 19:00:00,BUY,2742.11,2732.156428571429,2732.156428571429,2762.017142857143,0.1,-100.23571428571195,-995.3571428571195,-1.0,SL,2025Q1,2025,2
4247,82392,2025-01-27 19:30:00,82432,2025-01-28 16:30:00,BUY,2735.78,2755.957142857143,2725.691428571429,2755.957142857143,0.1,201.07142857142827,2017.7142857142826,1.9793278019969063,TP,2025Q1,2025,40
4248,82433,2025-01-28 17:00:00,82435,2025-01-28 18:00:00,SELL,2752.91,2758.1567857142854,2758.1567857142854,2742.4164285714287,0.1,-53.167857142855794,-524.6785714285579,-1.0,SL,2025Q1,2025,2
4249,82440,2025-01-28 20:30:00,82442,2025-01-28 21:30:00,SELL,2759.67,2764.4282142857146,2764.4282142857146,2750.1535714285715,0.1,-48.2821428571453,-475.821428571453,-1.0,SL,2025Q1,2025,2
4250,82444,2025-01-28 22:30:00,82475,2025-01-29 15:00:00,SELL,2762.84,2753.1735714285714,2767.6732142857145,2753.1735714285714,0.1,95.96428571428696,966.6428571428696,1.9571709519994176,TP,2025Q1,2025,31
4251,82481,2025-01-29 18:00:00,82487,2025-01-29 21:00:00,BUY,2754.45,2748.054642857143,2748.054642857143,2767.240714285714,0.1,-64.65357142856938,-639.5357142856938,-1.0,SL,2025Q1,2025,6
4252,82489,2025-01-29 22:00:00,82511,2025-01-30 10:00:00,BUY,2755.32,2772.6128571428576,2746.6735714285714,2772.6128571428576,0.1,172.2285714285743,1729.2857142857429,1.9759075637138412,TP,2025Q1,2025,22
4253,82517,2025-01-30 13:00:00,82522,2025-01-30 15:30:00,SELL,2778.29,2783.500357142857,2783.500357142857,2767.8692857142855,0.1,-52.803571428569924,-521.0357142856992,-1.0,SL,2025Q1,2025,5
4254,82525,2025-01-30 17:00:00,82526,2025-01-30 17:30:00,SELL,2787.65,2794.2650000000003,2794.2650000000003,2774.42,0.1,-66.85000000000237,-661.5000000000236,-1.0,SL,2025Q1,2025,1
4255,82528,2025-01-30 18:30:00,82537,2025-01-30 23:00:00,SELL,2791.25,2798.5860714285714,2798.5860714285714,2776.5778571428573,0.1,-74.06071428571359,-733.6071428571358,-1.0,SL,2025Q1,2025,9
4256,82542,2025-01-31 02:30:00,82565,2025-01-31 14:00:00,SELL,2797.71,2804.3357142857144,2804.3357142857144,2784.4585714285713,0.1,-66.95714285714367,-662.5714285714366,-1.0,SL,2025Q1,2025,23
4257,82567,2025-01-31 15:00:00,82570,2025-01-31 16:30:00,SELL,2805.34,2811.445,2811.445,2793.13,0.1,-61.750000000000185,-610.5000000000018,-1.0,SL,2025Q1,2025,3
4258,82572,2025-01-31 17:30:00,82576,2025-01-31 19:30:00,SELL,2809.65,2816.173928571429,2816.173928571429,2796.602142857143,0.1,-65.93928571428769,-652.3928571428769,-1.0,SL,2025Q1,2025,4
4259,82587,2025-02-03 02:00:00,82589,2025-02-03 03:00:00,BUY,2793.25,2782.3492857142855,2782.3492857142855,2815.0514285714285,0.1,-109.70714285714458,-1090.0714285714457,-1.0,SL,2025Q1,2025,2
4260,82591,2025-02-03 04:00:00,82611,2025-02-03 14:00:00,BUY,2782.4,2804.259285714286,2771.470357142857,2804.259285714286,0.1,217.89285714285762,2185.928571428576,1.980908471054255,TP,2025Q1,2025,20
4261,82612,2025-02-03 14:30:00,82612,2025-02-03 14:30:00,SELL,2803.51,2810.742142857143,2810.742142857143,2789.045714285715,0.1,-73.02142857142663,-723.2142857142662,-1.0,SL,2025Q1,2025,0
4262,82614,2025-02-03 15:30:00,82616,2025-02-03 16:30:00,SELL,2810.36,2818.274642857143,2818.274642857143,2794.5307142857146,0.1,-79.84642857143008,-791.4642857143008,-1.0,SL,2025Q1,2025,2
4263,82646,2025-02-04 08:30:00,82659,2025-02-04 15:00:00,BUY,2812.16,2824.8692857142855,2805.805357142857,2824.8692857142855,0.1,126.3928571428567,1270.928571428567,1.9673133581632523,TP,2025Q1,2025,13
4264,82661,2025-02-04 16:00:00,82662,2025-02-04 16:30:00,SELL,2831.41,2840.2310714285713,2840.2310714285713,2813.767857142857,0.1,-88.91071428571486,-882.1071428571486,-1.0,SL,2025Q1,2025,1
4265,82665,2025-02-04 18:00:00,82668,2025-02-04 19:30:00,SELL,2835.69,2844.9557142857143,2844.9557142857143,2817.1585714285716,0.1,-93.35714285714239,-926.5714285714239,-1.0,SL,2025Q1,2025,3
4266,82681,2025-02-05 03:00:00,82683,2025-02-05 04:00:00,SELL,2845.12,2849.3821428571428,2849.3821428571428,2836.595714285714,0.1,-43.321428571428626,-426.21428571428623,-1.0,SL,2025Q1,2025,2
4267,82686,2025-02-05 05:30:00,82690,2025-02-05 07:30:00,SELL,2853.62,2859.4635714285714,2859.4635714285714,2841.9328571428573,0.1,-59.135714285715224,-584.3571428571522,-1.0,SL,2025Q1,2025,4
4268,82698,2025-02-05 11:30:00,82700,2025-02-05 12:30:00,SELL,2869.25,2875.5264285714284,2875.5264285714284,2856.697142857143,0.1,-63.46428571428369,-627.6428571428369,-1.0,SL,2025Q1,2025,2
4269,82701,2025-02-05 13:00:00,82709,2025-02-05 17:00:00,SELL,2867.79,2874.7735714285714,2874.7735714285714,2853.822857142857,0.1,-70.53571428571395,-698.3571428571395,-1.0,SL,2025Q1,2025,8
4270,82710,2025-02-05 17:30:00,82720,2025-02-05 22:30:00,SELL,2876.61,2860.4035714285715,2884.7132142857145,2860.4035714285715,0.1,161.3642857142866,1620.642857142866,1.9743063141795938,TP,2025Q1,2025,10
4271,82756,2025-02-06 17:30:00,82774,2025-02-07 03:30:00,BUY,2844.91,2865.5092857142854,2834.610357142857,2865.5092857142854,0.1,205.29285714285544,2059.9285714285543,1.9797485793008438,TP,2025Q1,2025,18
4272,82778,2025-02-07 05:30:00,82798,2025-02-07 15:30:00,SELL,2867.48,2858.0385714285712,2872.200714285714,2858.0385714285712,0.1,93.71428571428787,944.1428571428787,1.9561652005368464,TP,2025Q1,2025,20
4273,82799,2025-02-07 16:00:00,82800,2025-02-07 16:30:00,BUY,2862.75,2876.989285714286,2855.630357142857,2876.989285714286,0.1,141.6928571428587,1423.928571428587,1.9707913168744726,TP,2025Q1,2025,1
4274,82803,2025-02-07 18:00:00,82805,2025-02-07 19:00:00,SELL,2880.35,2859.7335714285714,2890.658214285714,2859.7335714285714,0.1,205.46428571428515,2061.6428571428514,1.9797653050689976,TP,2025Q1,2025,2
4275,82828,2025-02-10 07:30:00,82830,2025-02-10 08:30:00,SELL,2878.93,2885.8792857142853,2885.8792857142853,2865.0314285714285,0.1,-70.19285714285452,-694.9285714285452,-1.0,SL,2025Q1,2025,2
4276,82832,2025-02-10 09:30:00,82834,2025-02-10 10:30:00,SELL,2892.01,2898.6785714285716,2898.6785714285716,2878.6728571428575,0.1,-67.3857142857134,-666.857142857134,-1.0,SL,2025Q1,2025,2
4277,82838,2025-02-10 12:30:00,82843,2025-02-10 15:00:00,SELL,2901.95,2908.727857142857,2908.727857142857,2888.3942857142856,0.1,-68.47857142857102,-677.7857142857101,-1.0,SL,2025Q1,2025,5
4278,82844,2025-02-10 15:30:00,82847,2025-02-10 17:00:00,SELL,2903.27,2911.2917857142857,2911.2917857142857,2887.2264285714286,0.1,-80.9178571428567,-802.178571428567,-1.0,SL,2025Q1,2025,3
4279,82848,2025-02-10 17:30:00,82862,2025-02-11 01:30:00,SELL,2908.23,2916.6835714285717,2916.6835714285717,2891.322857142857,0.1,-85.2357142857165,-845.357142857165,-1.0,SL,2025Q1,2025,14
4280,82882,2025-02-11 11:30:00,82888,2025-02-11 14:30:00,BUY,2909.97,2896.568571428571,2896.568571428571,2936.772857142857,0.1,-134.71428571428822,-1340.1428571428823,-1.0,SL,2025Q1,2025,6
4281,82890,2025-02-11 15:30:00,82930,2025-02-12 12:30:00,BUY,2889.95,2879.375,2879.375,2911.1,0.1,-106.44999999999818,-1057.4999999999818,-1.0,SL,2025Q1,2025,40
4282,82934,2025-02-12 14:30:00,82935,2025-02-12 15:00:00,BUY,2882.86,2874.818928571429,2874.818928571429,2898.9421428571427,0.1,-81.11071428571286,-804.1071428571286,-1.0,SL,2025Q1,2025,1
4283,82937,2025-02-12 16:00:00,82943,2025-02-12 19:00:00,BUY,2884.92,2905.1892857142857,2874.7853571428573,2905.1892857142857,0.1,201.99285714285617,2026.9285714285616,1.9794211318377488,TP,2025Q1,2025,6
4284,82963,2025-02-13 06:00:00,82965,2025-02-13 07:00:00,SELL,2916.35,2922.7121428571427,2922.7121428571427,2903.6257142857144,0.1,-64.32142857142772,-636.2142857142771,-1.0,SL,2025Q1,2025,2
4285,82995,2025-02-13 22:00:00,83014,2025-02-14 08:30:00,SELL,2926.73,2935.7267857142856,2935.7267857142856,2908.736428571429,0.1,-90.6678571428558,-899.6785714285579,-1.0,SL,2025Q1,2025,19
4286,83018,2025-02-14 10:30:00,83028,2025-02-14 15:30:00,SELL,2936.61,2924.361428571429,2942.7342857142858,2924.361428571429,0.1,121.78571428571267,1224.8571428571267,1.9660977859778592,TP,2025Q1,2025,10
4287,83030,2025-02-14 16:30:00,83031,2025-02-14 17:00:00,BUY,2926.96,2917.7103571428574,2917.7103571428574,2945.4592857142857,0.1,-93.1964285714259,-924.964285714259,-1.0,SL,2025Q1,2025,1
4288,83033,2025-02-14 18:00:00,83034,2025-02-14 18:30:00,BUY,2901.95,2889.212857142857,2889.212857142857,2927.4242857142854,0.1,-128.0714285714277,-1273.7142857142771,-1.0,SL,2025Q1,2025,1
4289,83035,2025-02-14 19:00:00,83038,2025-02-14 20:30:00,BUY,2895.98,2882.066428571429,2882.066428571429,2923.807142857143,0.1,-139.8357142857123,-1391.357142857123,-1.0,SL,2025Q1,2025,3
4290,83039,2025-02-14 21:00:00,83098,2025-02-18 07:00:00,BUY,2883.92,2912.430714285714,2869.664642857143,2912.430714285714,0.1,284.4071428571413,2851.071428571413,1.9853406796140711,TP,2025Q1,2025,59
4291,83100,2025-02-18 08:00:00,83113,2025-02-18 14:30:00,SELL,2910.59,2916.6425,2916.6425,2898.485,0.1,-61.22499999999782,-605.2499999999782,-1.0,SL,2025Q1,2025,13
4292,83116,2025-02-18 16:00:00,83117,2025-02-18 16:30:00,SELL,2918.64,2924.5971428571424,2924.5971428571424,2906.7257142857143,0.1,-60.271428571425716,-595.7142857142571,-1.0,SL,2025Q1,2025,1
4293,83119,2025-02-18 17:30:00,83121,2025-02-18 18:30:00,SELL,2926.35,2932.7089285714283,2932.7089285714283,2913.6321428571428,0.1,-64.28928571428351,-635.892857142835,-1.0,SL,2025Q1,2025,2
4294,83126,2025-02-18 21:00:00,83151,2025-02-19 10:30:00,SELL,2933.2,2940.1664285714287,2940.1664285714287,2919.2671428571425,0.1,-70.36428571428878,-696.6428571428878,-1.0,SL,2025Q1,2025,25
4295,83152,2025-02-19 11:00:00,83152,2025-02-19 11:00:00,SELL,2938.57,2945.02,2945.02,2925.67,0.1,-65.19999999999818,-644.9999999999818,-1.0,SL,2025Q1,2025,0
4296,83155,2025-02-19 12:30:00,83158,2025-02-19 14:00:00,SELL,2944.14,2932.2921428571426,2950.0639285714283,2932.2921428571426,0.1,117.77857142857265,1184.7857142857265,1.9649645474588127,TP,2025Q1,2025,3
4297,83167,2025-02-19 18:30:00,83193,2025-02-20 08:30:00,BUY,2927.2,2947.657857142857,2916.971071428571,2947.657857142857,0.1,203.87857142857393,2045.7857142857392,1.9796095294240041,TP,2025Q1,2025,26
4298,83196,2025-02-20 10:00:00,83198,2025-02-20 11:00:00,SELL,2948.82,2954.9657142857145,2954.9657142857145,2936.528571428572,0.1,-62.157142857143484,-614.5714285714348,-1.0,SL,2025Q1,2025,2
4299,83199,2025-02-20 11:30:00,83204,2025-02-20 14:00:00,SELL,2952.61,2941.188571428572,2958.3207142857145,2941.188571428572,0.1,113.5142857142835,1142.142857142835,1.9636723094031099,TP,2025Q1,2025,5
4300,83229,2025-02-21 03:30:00,83229,2025-02-21 03:30:00,SELL,2945.51,2933.42,2951.5550000000003,2933.42,0.1,120.20000000000145,1209.0000000000146,1.9656582174979562,TP,2025Q1,2025,0
4301,83231,2025-02-21 04:30:00,83232,2025-02-21 05:00:00,BUY,2938.26,2929.8332142857143,2929.8332142857143,2955.1135714285715,0.1,-84.9678571428587,-842.678571428587,-1.0,SL,2025Q1,2025,1
4302,83237,2025-02-21 07:30:00,83242,2025-02-21 10:00:00,BUY,2927.52,2917.6746428571428,2917.6746428571428,2947.2107142857144,0.1,-99.1535714285721,-984.535714285721,-1.0,SL,2025Q1,2025,5
4303,83256,2025-02-21 17:00:00,83263,2025-02-21 20:30:00,SELL,2933.3,2942.6032142857143,2942.6032142857143,2914.6935714285714,0.1,-93.73214285714148,-930.3214285714148,-1.0,SL,2025Q1,2025,7
4304,83275,2025-02-24 03:30:00,83277,2025-02-24 04:30:00,BUY,2925.92,2939.906428571429,2918.926785714286,2939.906428571429,0.1,139.1642857142886,1398.642857142886,1.9702684937048727,TP,2025Q1,2025,2
4305,83279,2025-02-24 05:30:00,83296,2025-02-24 14:00:00,SELL,2941.29,2949.816428571429,2949.816428571429,2924.2371428571428,0.1,-85.96428571428824,-852.6428571428823,-1.0,SL,2025Q1,2025,17
4306,83297,2025-02-24 14:30:00,83300,2025-02-24 16:00:00,SELL,2946.87,2954.8821428571428,2954.8821428571428,2930.8457142857137,0.1,-80.82142857142863,-801.2142857142862,-1.0,SL,2025Q1,2025,3
4307,83301,2025-02-24 16:30:00,83313,2025-02-24 22:30:00,SELL,2942.43,2951.5992857142855,2951.5992857142855,2924.091428571428,0.1,-92.39285714285707,-916.9285714285706,-1.0,SL,2025Q1,2025,12
4308,83332,2025-02-25 09:00:00,83334,2025-02-25 10:00:00,BUY,2936.02,2929.9514285714286,2929.9514285714286,2948.157142857143,0.1,-61.385714285714315,-606.8571428571431,-1.0,SL,2025Q1,2025,2
4309,83335,2025-02-25 10:30:00,83343,2025-02-25 14:30:00,BUY,2934.85,2927.7517857142857,2927.7517857142857,2949.0464285714284,0.1,-71.68214285714221,-709.8214285714221,-1.0,SL,2025Q1,2025,8
4310,83348,2025-02-25 17:00:00,83348,2025-02-25 17:00:00,SELL,2932.18,2913.4685714285715,2941.535714285714,2913.4685714285715,0.1,186.41428571428315,1871.1428571428314,1.9777205213700642,TP,2025Q1,2025,0
4311,83379,2025-02-26 09:30:00,83392,2025-02-26 16:00:00,BUY,2911.95,2903.0678571428566,2903.0678571428566,2929.714285714286,0.1,-89.52142857143208,-888.2142857143208,-1.0,SL,2025Q1,2025,13
4312,83394,2025-02-26 17:00:00,83409,2025-02-27 01:30:00,BUY,2901.63,2920.187142857143,2892.3514285714286,2920.187142857143,0.1,184.87142857142936,1855.7142857142935,1.977536674816626,TP,2025Q1,2025,15
4313,83416,2025-02-27 05:00:00,83419,2025-02-27 06:30:00,BUY,2906.79,2901.21,2901.21,2917.9500000000003,0.1,-56.499999999999275,-557.9999999999927,-1.0,SL,2025Q1,2025,3
4314,83422,2025-02-27 08:00:00,83426,2025-02-27 10:00:00,BUY,2891.08,2883.904642857143,2883.904642857143,2905.430714285714,0.1,-72.45357142857138,-717.5357142857138,-1.0,SL,2025Q1,2025,4
4315,83429,2025-02-27 11:30:00,83439,2025-02-27 16:30:00,BUY,2891.06,2880.7667857142856,2880.7667857142856,2911.6464285714287,0.1,-103.63214285714385,-1029.3214285714384,-1.0,SL,2025Q1,2025,10
4316,83474,2025-02-28 11:00:00,83484,2025-02-28 16:00:00,BUY,2855.9,2847.187142857143,2847.187142857143,2873.325714285714,0.1,-87.82857142857047,-871.2857142857047,-1.0,SL,2025Q1,2025,10
4317,83487,2025-02-28 17:30:00,83500,2025-03-03 01:00:00,BUY,2842.36,2863.4007142857145,2831.839642857143,2863.4007142857145,0.1,209.7071428571433,2104.071428571433,1.9801706404074213,TP,2025Q1,2025,13
4318,83524,2025-03-03 13:00:00,83531,2025-03-03 16:30:00,SELL,2871.71,2878.5950000000003,2878.5950000000003,2857.94,0.1,-69.55000000000219,-688.5000000000218,-1.0,SL,2025Q1,2025,7
4319,83532,2025-03-03 17:00:00,83532,2025-03-03 17:00:00,SELL,2875.28,2883.093928571429,2883.093928571429,2859.652142857143,0.1,-78.83928571428733,-781.3928571428733,-1.0,SL,2025Q1,2025,0
4320,83534,2025-03-03 18:00:00,83562,2025-03-04 09:00:00,SELL,2887.79,2896.292857142857,2896.292857142857,2870.7842857142855,0.1,-85.7285714285701,-850.285714285701,-1.0,SL,2025Q1,2025,28
4321,83568,2025-03-04 12:00:00,83574,2025-03-04 15:00:00,SELL,2917.85,2927.6160714285716,2927.6160714285716,2898.317857142857,0.1,-98.3607142857165,-976.607142857165,-1.0,SL,2025Q1,2025,6
4322,83575,2025-03-04 15:30:00,83578,2025-03-04 17:00:00,SELL,2921.67,2900.8114285714287,2932.0992857142855,2900.8114285714287,0.1,207.88571428571396,2085.8571428571395,1.979998639363265,TP,2025Q1,2025,3
4323,83600,2025-03-05 05:00:00,83606,2025-03-05 08:00:00,BUY,2904.37,2919.740714285714,2896.6846428571425,2919.740714285714,0.1,153.00714285714258,1537.0714285714257,1.9729219433570686,TP,2025Q1,2025,6
4324,83607,2025-03-05 08:30:00,83621,2025-03-05 15:30:00,SELL,2918.42,2901.71,2926.775,2901.71,0.1,166.40000000000038,1671.0000000000036,1.9750741839762613,TP,2025Q1,2025,14
4325,83626,2025-03-05 18:00:00,83626,2025-03-05 18:00:00,SELL,2917.0,2929.2582142857145,2929.2582142857145,2892.4835714285714,0.1,-123.2821428571453,-1225.821428571453,-1.0,SL,2025Q1,2025,0
4326,83628,2025-03-05 19:00:00,83659,2025-03-06 11:30:00,SELL,2923.74,2897.5242857142853,2936.847857142857,2897.5242857142853,0.1,261.45714285714513,2621.571428571451,1.984064176920193,TP,2025Q1,2025,31
4327,83687,2025-03-07 02:30:00,83702,2025-03-07 10:00:00,BUY,2902.77,2918.4342857142856,2894.9378571428574,2918.4342857142856,0.1,155.94285714285598,1566.4285714285597,1.9734249299467257,TP,2025Q1,2025,15
4328,83714,2025-03-07 16:00:00,83715,2025-03-07 16:30:00,SELL,2913.6,2921.6217857142856,2921.6217857142856,2897.5564285714286,0.1,-80.9178571428567,-802.178571428567,-1.0,SL,2025Q1,2025,1
4329,83717,2025-03-07 17:30:00,83722,2025-03-07 20:00:00,SELL,2924.82,2904.2550000000006,2935.1025,2904.2550000000006,0.1,204.949999999996,2056.49999999996,1.979715044675199,TP,2025Q1,2025,5
4330,83723,2025-03-07 20:30:00,83768,2025-03-10 19:00:00,BUY,2906.28,2892.527142857143,2892.527142857143,2933.785714285714,0.1,-138.2285714285701,-1375.285714285701,-1.0,SL,2025Q1,2025,45
4331,83771,2025-03-10 20:30:00,83796,2025-03-11 10:00:00,BUY,2883.62,2905.2714285714283,2872.7942857142857,2905.2714285714283,0.1,215.8142857142837,2165.142857142837,1.9807263668545954,TP,2025Q1,2025,25
4332,83802,2025-03-11 13:00:00,83807,2025-03-11 15:30:00,SELL,2911.88,2917.8928571428573,2917.8928571428573,2899.8542857142857,0.1,-60.82857142857229,-601.2857142857229,-1.0,SL,2025Q1,2025,5
4333,83829,2025-03-12 03:30:00,83840,2025-03-12 09:00:00,BUY,2914.73,2909.9975,2909.9975,2924.195,0.1,-48.02500000000073,-473.2500000000073,-1.0,SL,2025Q1,2025,11
4334,83841,2025-03-12 09:30:00,83843,2025-03-12 10:30:00,BUY,2911.14,2921.9957142857143,2905.7121428571427,2921.9957142857143,0.1,107.85714285714384,1085.5714285714384,1.961803299987008,TP,2025Q1,2025,2
4335,83845,2025-03-12 11:30:00,83852,2025-03-12 15:00:00,SELL,2919.86,2906.904285714286,2926.3378571428575,2906.904285714286,0.1,128.85714285714295,1295.5714285714294,1.9679284389657876,TP,2025Q1,2025,7
4336,83853,2025-03-12 15:30:00,83856,2025-03-12 17:00:00,BUY,2910.96,2927.3871428571433,2902.7464285714286,2927.3871428571433,0.1,163.57142857143282,1642.714285714328,1.9746486160214398,TP,2025Q1,2025,3
4337,83857,2025-03-12 17:30:00,83858,2025-03-12 18:00:00,SELL,2923.93,2932.7575,2932.7575,2906.2749999999996,0.1,-88.97500000000328,-882.7500000000327,-1.0,SL,2025Q1,2025,1
4338,83860,2025-03-12 19:00:00,83877,2025-03-13 04:30:00,SELL,2936.06,2945.12,2945.12,2917.9399999999996,0.1,-91.29999999999946,-905.9999999999945,-1.0,SL,2025Q1,2025,17
4339,83880,2025-03-13 06:00:00,83886,2025-03-13 09:00:00,SELL,2945.4,2934.9,2950.65,2934.9,0.1,104.3,1050.0,1.9605263157894735,TP,2025Q1,2025,6
4340,83891,2025-03-13 11:30:00,83899,2025-03-13 15:30:00,SELL,2945.97,2952.3589285714284,2952.3589285714284,2933.192142857143,0.1,-64.58928571428551,-638.8928571428551,-1.0,SL,2025Q1,2025,8
4341,83906,2025-03-13 19:00:00,83925,2025-03-14 05:30:00,SELL,2980.06,2990.2878571428573,2990.2878571428573,2959.604285714285,0.1,-102.97857142857374,-1022.7857142857374,-1.0,SL,2025Q1,2025,19
4342,83927,2025-03-14 06:30:00,83937,2025-03-14 11:30:00,SELL,2991.24,2997.878571428571,2997.878571428571,2977.962857142857,0.1,-67.0857142857114,-663.857142857114,-1.0,SL,2025Q1,2025,10
4343,83949,2025-03-14 17:30:00,84009,2025-03-18 01:30:00,BUY,2981.28,3002.6507142857145,2970.594642857143,3002.6507142857145,0.1,213.00714285714258,2137.0714285714257,1.980474846422007,TP,2025Q1,2025,60
4344,84010,2025-03-18 02:00:00,84011,2025-03-18 02:30:00,SELL,2999.64,3003.364285714286,3003.364285714286,2992.1914285714283,0.1,-37.94285714285998,-372.42857142859975,-1.0,SL,2025Q1,2025,1
4345,84012,2025-03-18 03:00:00,84012,2025-03-18 03:00:00,SELL,3001.41,3005.115,3005.115,2993.9999999999995,0.1,-37.749999999999275,-370.4999999999927,-1.0,SL,2025Q1,2025,0
4346,84020,2025-03-18 07:00:00,84026,2025-03-18 10:00:00,SELL,3014.3,3020.039642857143,3020.039642857143,3002.8207142857145,0.1,-58.09642857142826,-573.9642857142826,-1.0,SL,2025Q1,2025,6
4347,84029,2025-03-18 11:30:00,84034,2025-03-18 14:00:00,SELL,3023.2,3031.258214285714,3031.258214285714,3007.0835714285713,0.1,-81.28214285714257,-805.8214285714257,-1.0,SL,2025Q1,2025,5
4348,84035,2025-03-18 14:30:00,84036,2025-03-18 15:00:00,SELL,3028.4,3036.5235714285714,3036.5235714285714,3012.152857142857,0.1,-81.93571428571268,-812.3571428571267,-1.0,SL,2025Q1,2025,1
4349,84037,2025-03-18 15:30:00,84067,2025-03-19 07:30:00,SELL,3035.4,3043.3532142857143,3043.3532142857143,3019.4935714285716,0.1,-80.23214285714239,-795.3214285714239,-1.0,SL,2025Q1,2025,30
4350,84075,2025-03-19 11:30:00,84093,2025-03-19 20:30:00,BUY,3028.09,3045.3657142857146,3019.452142857143,3045.3657142857146,0.1,172.05714285714458,1727.5714285714457,1.9758838487408747,TP,2025Q1,2025,18
4351,84095,2025-03-19 21:30:00,84102,2025-03-20 02:00:00,SELL,3041.98,3051.960357142857,3051.960357142857,3022.0192857142856,0.1,-100.50357142856974,-998.0357142856974,-1.0,SL,2025Q1,2025,7
4352,84105,2025-03-20 03:30:00,84122,2025-03-20 12:00:00,SELL,3054.05,3037.944285714286,3062.1028571428574,3037.944285714286,0.1,160.35714285714386,1610.5714285714384,1.9741470277875486,TP,2025Q1,2025,17
4353,84124,2025-03-20 13:00:00,84159,2025-03-21 07:30:00,BUY,3034.4,3025.382857142857,3025.382857142857,3052.434285714286,0.1,-90.87142857142972,-901.7142857142971,-1.0,SL,2025Q1,2025,35
4354,84160,2025-03-21 08:00:00,84175,2025-03-21 15:30:00,BUY,3028.24,3022.648214285714,3022.648214285714,3039.4235714285714,0.1,-56.61785714285834,-559.1785714285834,-1.0,SL,2025Q1,2025,15
4355,84177,2025-03-21 16:30:00,84208,2025-03-24 09:00:00,BUY,3008.13,3028.6135714285715,2997.888214285714,3028.6135714285715,0.1,204.13571428571396,2048.3571428571395,1.9796349530702988,TP,2025Q1,2025,31
4356,84209,2025-03-24 09:30:00,84214,2025-03-24 12:00:00,SELL,3025.03,3031.8314285714287,3031.8314285714287,3011.427142857143,0.1,-68.7142857142846,-680.142857142846,-1.0,SL,2025Q1,2025,5
4357,84216,2025-03-24 13:00:00,84223,2025-03-24 16:30:00,SELL,3027.9,3013.7228571428573,3034.9885714285715,3013.7228571428573,0.1,141.07142857142827,1417.7142857142826,1.970664538016364,TP,2025Q1,2025,7
4358,84225,2025-03-24 17:30:00,84267,2025-03-25 15:30:00,BUY,3009.94,3027.7664285714286,3001.026785714286,3027.7664285714286,0.1,177.56428571428552,1782.642857142855,1.9766230668309943,TP,2025Q1,2025,42
4359,84269,2025-03-25 16:30:00,84340,2025-03-27 06:00:00,SELL,3027.88,3035.8707142857147,3035.8707142857147,3011.8985714285714,0.1,-80.60714285714603,-799.0714285714603,-1.0,SL,2025Q1,2025,71
4360,84342,2025-03-27 07:00:00,84351,2025-03-27 11:30:00,SELL,3034.05,3039.6717857142858,3039.6717857142858,3022.806428571429,0.1,-56.917857142855794,-562.1785714285579,-1.0,SL,2025Q1,2025,9
4361,84354,2025-03-27 13:00:00,84359,2025-03-27 15:30:00,SELL,3051.33,3034.5407142857143,3059.724642857143,3034.5407142857143,0.1,167.19285714285598,1678.9285714285597,1.9751909202142839,TP,2025Q1,2025,5
4362,84391,2025-03-28 08:30:00,84394,2025-03-28 10:00:00,SELL,3081.8,3067.1428571428573,3089.128571428572,3067.1428571428573,0.1,145.87142857142845,1465.7142857142844,1.9716161421123164,TP,2025Q1,2025,3
4363,84407,2025-03-28 16:30:00,84420,2025-03-31 01:00:00,SELL,3075.89,3087.035,3087.035,3053.6,0.1,-112.14999999999982,-1114.4999999999982,-1.0,SL,2025Q1,2025,13
4364,84430,2025-03-31 06:00:00,84433,2025-03-31 07:30:00,SELL,3106.51,3115.8314285714287,3115.8314285714287,3087.867142857143,0.1,-93.91428571428442,-932.1428571428442,-1.0,SL,2025Q1,2025,3
4365,84437,2025-03-31 09:30:00,84472,2025-04-01 04:00:00,SELL,3119.61,3131.385,3131.385,3096.06,0.1,-118.45000000000091,-1177.500000000009,-1.0,SL,2025Q1,2025,35
4366,84479,2025-04-01 07:30:00,84482,2025-04-01 09:00:00,SELL,3143.58,3128.710714285714,3151.014642857143,3128.710714285714,0.1,147.9928571428598,1486.928571428598,1.9720173226098134,TP,2025Q2,2025,3
4367,84499,2025-04-01 17:30:00,84501,2025-04-01 18:30:00,BUY,3126.65,3116.6139285714285,3116.6139285714285,3146.722142857143,0.1,-101.06071428571632,-1003.6071428571631,-1.0,SL,2025Q2,2025,2
4368,84520,2025-04-02 05:00:00,84525,2025-04-02 07:30:00,SELL,3132.93,3116.927142857143,3140.9314285714286,3116.927142857143,0.1,159.32857142857011,1600.285714285701,1.9739823008849,TP,2025Q2,2025,5
4369,84549,2025-04-02 19:30:00,84556,2025-04-02 23:00:00,SELL,3132.42,3108.4885714285715,3144.385714285714,3108.4885714285715,0.1,238.6142857142857,2393.142857142857,1.9825519287834203,TP,2025Q2,2025,7
4370,84557,2025-04-02 23:30:00,84561,2025-04-03 02:30:00,BUY,3134.11,3161.2771428571427,3120.526428571429,3161.2771428571427,0.1,270.9714285714261,2716.7142857142608,1.9846194088412243,TP,2025Q2,2025,4
4371,84585,2025-04-03 14:30:00,84586,2025-04-03 15:00:00,BUY,3092.1,3075.633214285714,3075.633214285714,3125.033571428571,0.1,-165.36785714285833,-1646.6785714285834,-1.0,SL,2025Q2,2025,1
4372,84588,2025-04-03 16:00:00,84588,2025-04-03 16:00:00,BUY,3076.4,3057.974642857143,3057.974642857143,3113.2507142857144,0.1,-184.95357142857137,-1842.5357142857138,-1.0,SL,2025Q2,2025,0
4373,84589,2025-04-03 16:30:00,84590,2025-04-03 17:00:00,BUY,3065.73,3104.667857142857,3046.2610714285715,3104.667857142857,0.1,388.67857142856957,3893.7857142856956,1.98925222541081,TP,2025Q2,2025,1
4374,84615,2025-04-04 06:30:00,84624,2025-04-04 11:00:00,BUY,3093.5,3083.424285714286,3083.424285714286,3113.651428571429,0.1,-101.45714285714185,-1007.5714285714184,-1.0,SL,2025Q2,2025,9
4375,84626,2025-04-04 12:00:00,84629,2025-04-04 13:30:00,BUY,3084.31,3110.2214285714285,3071.3542857142857,3110.2214285714285,0.1,258.4142857142859,2591.1428571428587,1.9838780434305772,TP,2025Q2,2025,3
4376,84630,2025-04-04 14:00:00,84630,2025-04-04 14:00:00,SELL,3110.28,3123.9332142857143,3123.9332142857143,3082.9735714285716,0.1,-137.23214285714056,-1365.3214285714057,-1.0,SL,2025Q2,2025,0
4377,84644,2025-04-04 21:00:00,84650,2025-04-07 01:00:00,BUY,3025.94,2994.2942857142857,2994.2942857142857,3089.2314285714288,0.1,-317.15714285714347,-3164.571428571435,-1.0,SL,2025Q2,2025,6
4378,84654,2025-04-07 03:00:00,84654,2025-04-07 03:00:00,BUY,2999.93,2975.350357142857,2975.350357142857,3049.0892857142853,0.1,-246.4964285714297,-2457.964285714297,-1.0,SL,2025Q2,2025,0
4379,84655,2025-04-07 03:30:00,84657,2025-04-07 04:30:00,BUY,2985.39,3039.820714285714,2958.1746428571428,3039.820714285714,0.1,543.607142857142,5443.07142857142,1.992303564182777,TP,2025Q2,2025,2
4380,84658,2025-04-07 05:00:00,84688,2025-04-07 20:00:00,SELL,3038.25,2969.0957142857146,3072.827142857143,2969.0957142857146,0.1,690.8428571428537,6915.428571428538,1.9939388941574105,TP,2025Q2,2025,30
4381,84690,2025-04-07 21:00:00,84726,2025-04-08 16:00:00,BUY,2970.14,3020.4414285714283,2944.9892857142854,3020.4414285714283,0.1,502.3142857142846,5030.142857142846,1.9916735110028425,TP,2025Q2,2025,36
4382,84727,2025-04-08 16:30:00,84733,2025-04-08 19:30:00,SELL,3013.47,2985.3085714285708,3027.550714285714,2985.3085714285708,0.1,280.91428571429043,2816.142857142904,1.9851597597294757,TP,2025Q2,2025,6
4383,84736,2025-04-08 21:00:00,84756,2025-04-09 08:00:00,BUY,2985.18,3019.8042857142855,2967.867857142857,3019.8042857142855,0.1,345.54285714285635,3462.4285714285634,1.987918635709857,TP,2025Q2,2025,20
4384,84771,2025-04-09 15:30:00,84773,2025-04-09 16:30:00,SELL,3053.87,3073.0410714285713,3073.0410714285713,3015.527857142857,0.1,-192.41071428571394,-1917.1071428571395,-1.0,SL,2025Q2,2025,2
4385,84777,2025-04-09 18:30:00,84796,2025-04-10 05:00:00,SELL,3084.37,3105.740714285714,3105.740714285714,3041.6285714285714,0.1,-214.40714285714256,-2137.0714285714257,-1.0,SL,2025Q2,2025,19
4386,84803,2025-04-10 08:30:00,84820,2025-04-10 17:00:00,SELL,3125.25,3142.622142857143,3142.622142857143,3090.5057142857145,0.1,-174.42142857142989,-1737.214285714299,-1.0,SL,2025Q2,2025,17
4387,84824,2025-04-10 19:00:00,84834,2025-04-11 01:00:00,SELL,3157.98,3177.993214285714,3177.993214285714,3117.9535714285716,0.1,-200.83214285714183,-2001.3214285714184,-1.0,SL,2025Q2,2025,10
4388,84837,2025-04-11 02:30:00,84839,2025-04-11 03:30:00,SELL,3188.31,3202.5235714285714,3202.5235714285714,3159.882857142857,0.1,-142.83571428571412,-1421.3571428571413,-1.0,SL,2025Q2,2025,2
4389,84841,2025-04-11 04:30:00,84854,2025-04-11 11:00:00,SELL,3210.49,3225.8339285714283,3225.8339285714283,3179.802142857143,0.1,-154.13928571428477,-1534.3928571428478,-1.0,SL,2025Q2,2025,13
4390,84855,2025-04-11 11:30:00,84865,2025-04-11 16:30:00,SELL,3219.09,3238.0885714285714,3238.0885714285714,3181.092857142857,0.1,-190.68571428571266,-1899.8571428571267,-1.0,SL,2025Q2,2025,10
4391,84866,2025-04-11 17:00:00,84870,2025-04-11 19:00:00,SELL,3223.55,3244.3903571428573,3244.3903571428573,3181.869285714286,0.1,-209.103571428571,-2084.03571428571,-1.0,SL,2025Q2,2025,4
4392,84871,2025-04-11 19:30:00,84910,2025-04-14 16:00:00,SELL,3234.39,3194.6935714285714,3254.238214285714,3194.6935714285714,0.1,396.2642857142844,3969.642857142844,1.9894568861953346,TP,2025Q2,2025,39
4393,84911,2025-04-14 16:30:00,84973,2025-04-16 01:30:00,BUY,3204.94,3236.26,3189.28,3236.26,0.1,312.50000000000165,3132.0000000000164,1.9866497139224701,TP,2025Q2,2025,62
4394,84979,2025-04-16 04:30:00,84980,2025-04-16 05:00:00,SELL,3264.76,3274.657857142857,3274.657857142857,3244.9642857142862,0.1,-99.67857142856992,-989.7857142856992,-1.0,SL,2025Q2,2025,1
4395,84981,2025-04-16 05:30:00,84984,2025-04-16 07:00:00,SELL,3271.63,3282.792142857143,3282.792142857143,3249.3057142857147,0.1,-112.32142857142954,-1116.2142857142953,-1.0,SL,2025Q2,2025,3
4396,84985,2025-04-16 07:30:00,84985,2025-04-16 07:30:00,SELL,3271.4,3284.4992857142856,3284.4992857142856,3245.201428571429,0.1,-131.69285714285542,-1309.9285714285543,-1.0,SL,2025Q2,2025,0
4397,84986,2025-04-16 08:00:00,84990,2025-04-16 10:00:00,SELL,3283.61,3298.1032142857143,3298.1032142857143,3254.6235714285717,0.1,-145.63214285714201,-1449.3214285714203,-1.0,SL,2025Q2,2025,4
4398,84993,2025-04-16 11:30:00,85003,2025-04-16 16:30:00,SELL,3299.65,3314.1442857142856,3314.1442857142856,3270.6614285714286,0.1,-145.64285714285523,-1449.4285714285525,-1.0,SL,2025Q2,2025,10
4399,85005,2025-04-16 17:30:00,85008,2025-04-16 19:00:00,SELL,3313.04,3330.6082142857144,3330.6082142857144,3277.9035714285715,0.1,-176.38214285714474,-1756.8214285714475,-1.0,SL,2025Q2,2025,3
4400,85014,2025-04-16 22:00:00,85018,2025-04-17 01:00:00,SELL,3338.27,3353.4414285714283,3353.4414285714283,3307.927142857143,0.1,-152.4142857142835,-1517.142857142835,-1.0,SL,2025Q2,2025,4
4401,85040,2025-04-17 12:00:00,85050,2025-04-17 17:00:00,BUY,3324.32,3310.908928571429,3310.908928571429,3351.142142857143,0.1,-134.81071428571175,-1341.1071428571177,-1.0,SL,2025Q2,2025,10
4402,85075,2025-04-21 06:30:00,85086,2025-04-21 12:00:00,SELL,3382.2,3396.4649999999997,3396.4649999999997,3353.67,0.1,-143.34999999999872,-1426.4999999999873,-1.0,SL,2025Q2,2025,11
4403,85087,2025-04-21 12:30:00,85092,2025-04-21 15:00:00,SELL,3395.79,3406.5010714285713,3406.5010714285713,3374.367857142857,0.1,-107.81071428571359,-1071.1071428571358,-1.0,SL,2025Q2,2025,5
4404,85093,2025-04-21 15:30:00,85093,2025-04-21 15:30:00,SELL,3398.42,3409.6282142857144,3409.6282142857144,3376.0035714285714,0.1,-112.78214285714348,-1120.8214285714348,-1.0,SL,2025Q2,2025,0
4405,85096,2025-04-21 17:00:00,85110,2025-04-22 01:00:00,SELL,3420.33,3434.8339285714283,3434.8339285714283,3391.322142857143,0.1,-145.7392857142833,-1450.3928571428332,-1.0,SL,2025Q2,2025,14
4406,85114,2025-04-22 03:00:00,85117,2025-04-22 04:30:00,SELL,3434.4,3446.389285714286,3446.389285714286,3410.4214285714284,0.1,-120.5928571428587,-1198.928571428587,-1.0,SL,2025Q2,2025,3
4407,85122,2025-04-22 07:00:00,85131,2025-04-22 11:30:00,SELL,3487.77,3446.8692857142855,3508.220357142857,3446.8692857142855,0.1,408.3071428571446,4090.0714285714457,1.9897662599857286,TP,2025Q2,2025,9
4408,85141,2025-04-22 16:30:00,85141,2025-04-22 16:30:00,BUY,3443.78,3419.6814285714286,3419.6814285714286,3491.977142857143,0.1,-241.6857142857163,-2409.857142857163,-1.0,SL,2025Q2,2025,0
4409,85148,2025-04-22 20:00:00,85156,2025-04-23 01:00:00,BUY,3393.38,3362.3128571428574,3362.3128571428574,3455.514285714286,0.1,-311.371428571427,-3106.71428571427,-1.0,SL,2025Q2,2025,8
4410,85173,2025-04-23 09:30:00,85173,2025-04-23 09:30:00,BUY,3322.42,3295.9482142857146,3295.9482142857146,3375.363571428571,0.1,-265.41785714285487,-2647.178571428549,-1.0,SL,2025Q2,2025,0
4411,85189,2025-04-23 17:30:00,85206,2025-04-24 03:00:00,BUY,3275.39,3328.5864285714283,3248.7917857142857,3328.5864285714283,0.1,531.2642857142844,5319.642857142844,1.9921254570047273,TP,2025Q2,2025,17
4412,85208,2025-04-24 04:00:00,85208,2025-04-24 04:00:00,SELL,3331.55,3347.4135714285717,3347.4135714285717,3299.822857142857,0.1,-159.33571428571503,-1586.3571428571504,-1.0,SL,2025Q2,2025,0
4413,85210,2025-04-24 05:00:00,85218,2025-04-24 09:00:00,SELL,3357.17,3320.6085714285714,3375.450714285714,3320.6085714285714,0.1,364.9142857142868,3656.142857142868,1.9885563037639888,TP,2025Q2,2025,8
4414,85234,2025-04-24 17:00:00,85247,2025-04-24 23:30:00,BUY,3315.52,3348.164285714286,3299.197857142857,3348.164285714286,0.1,325.7428571428607,3264.428571428607,1.987188984269495,TP,2025Q2,2025,13
4415,85261,2025-04-25 07:30:00,85263,2025-04-25 08:30:00,BUY,3324.03,3305.846785714286,3305.846785714286,3360.3964285714287,0.1,-182.53214285714256,-1818.3214285714257,-1.0,SL,2025Q2,2025,2
4416,85280,2025-04-25 17:00:00,85293,2025-04-25 23:30:00,BUY,3280.97,3315.8192857142853,3263.545357142857,3315.8192857142853,0.1,347.79285714285544,3484.9285714285543,1.9879963254057367,TP,2025Q2,2025,13
4417,85295,2025-04-28 01:30:00,85301,2025-04-28 04:30:00,SELL,3317.19,3286.782857142857,3332.3935714285712,3286.782857142857,0.1,303.37142857142845,3040.7142857142844,1.9862507599495223,TP,2025Q2,2025,6
4418,85303,2025-04-28 05:30:00,85326,2025-04-28 17:00:00,BUY,3275.06,3313.7257142857143,3255.727142857143,3313.7257142857143,0.1,385.9571428571433,3866.571428571433,1.9891768517155293,TP,2025Q2,2025,23
4419,85329,2025-04-28 18:30:00,85334,2025-04-28 21:00:00,SELL,3328.75,3345.762142857143,3345.762142857143,3294.7257142857143,0.1,-170.8214285714286,-1701.2142857142862,-1.0,SL,2025Q2,2025,5
4420,85352,2025-04-29 07:00:00,85368,2025-04-29 15:00:00,BUY,3316.15,3301.6085714285714,3301.6085714285714,3345.232857142857,0.1,-146.11428571428695,-1454.1428571428696,-1.0,SL,2025Q2,2025,16
4421,85369,2025-04-29 15:30:00,85406,2025-04-30 11:00:00,BUY,3311.5,3298.927857142857,3298.927857142857,3336.6442857142856,0.1,-126.42142857142808,-1257.2142857142808,-1.0,SL,2025Q2,2025,37
4422,85409,2025-04-30 12:30:00,85412,2025-04-30 14:00:00,BUY,3283.11,3270.9235714285714,3270.9235714285714,3307.4828571428575,0.1,-122.56428571428678,-1218.6428571428678,-1.0,SL,2025Q2,2025,3
4423,85413,2025-04-30 14:30:00,85416,2025-04-30 16:00:00,BUY,3280.58,3308.574285714286,3266.582857142857,3308.574285714286,0.1,279.2428571428598,2799.428571428598,1.98507159540977,TP,2025Q2,2025,3
4424,85418,2025-04-30 17:00:00,85436,2025-05-01 03:00:00,SELL,3308.5,3268.3235714285715,3328.5882142857145,3268.3235714285715,0.1,401.0642857142846,4017.642857142846,1.9895824105734767,TP,2025Q2,2025,18
4425,85438,2025-05-01 04:00:00,85443,2025-05-01 06:30:00,BUY,3246.42,3229.556785714286,3229.556785714286,3280.1464285714287,0.1,-169.33214285714092,-1686.3214285714093,-1.0,SL,2025Q2,2025,5
4426,85446,2025-05-01 08:00:00,85459,2025-05-01 14:30:00,BUY,3226.73,3205.9485714285715,3205.9485714285715,3268.2928571428574,0.1,-208.51428571428477,-2078.142857142848,-1.0,SL,2025Q2,2025,13
4427,85461,2025-05-01 15:30:00,85486,2025-05-02 05:00:00,BUY,3218.41,3247.1735714285714,3204.028214285714,3247.1735714285714,0.1,286.93571428571596,2876.3571428571595,1.9854689237612755,TP,2025Q2,2025,25
4428,85495,2025-05-02 09:30:00,85505,2025-05-02 14:30:00,SELL,3257.95,3269.2675,3269.2675,3235.3149999999996,0.1,-113.8750000000011,-1131.750000000011,-1.0,SL,2025Q2,2025,10
4429,85506,2025-05-02 15:00:00,85508,2025-05-02 16:00:00,SELL,3262.64,3240.073571428571,3273.923214285714,3240.073571428571,0.1,224.96428571428788,2256.6428571428787,1.9815030356412995,TP,2025Q2,2025,2
4430,85509,2025-05-02 16:30:00,85509,2025-05-02 16:30:00,BUY,3257.51,3244.4428571428575,3244.4428571428575,3283.644285714286,0.1,-131.37142857142697,-1306.7142857142699,-1.0,SL,2025Q2,2025,0
4431,85515,2025-05-02 19:30:00,85531,2025-05-05 04:30:00,BUY,3234.08,3270.3264285714286,3215.9567857142856,3270.3264285714286,0.1,361.76428571428625,3624.6428571428623,1.9884572348403056,TP,2025Q2,2025,16
4432,85532,2025-05-05 05:00:00,85545,2025-05-05 11:30:00,SELL,3264.62,3275.6696428571427,3275.6696428571427,3242.5207142857143,0.1,-111.19642857142772,-1104.9642857142771,-1.0,SL,2025Q2,2025,13
4433,85551,2025-05-05 14:30:00,85556,2025-05-05 17:00:00,SELL,3314.02,3326.8310714285717,3326.8310714285717,3288.397857142857,0.1,-128.8107142857172,-1281.1071428571722,-1.0,SL,2025Q2,2025,5
4434,85557,2025-05-05 17:30:00,85566,2025-05-05 22:00:00,SELL,3318.5,3332.672857142857,3332.672857142857,3290.154285714286,0.1,-142.42857142857082,-1417.2857142857083,-1.0,SL,2025Q2,2025,9
4435,85568,2025-05-05 23:00:00,85576,2025-05-06 04:00:00,SELL,3328.73,3341.0471428571427,3341.0471428571427,3304.095714285714,0.1,-123.87142857142699,-1231.7142857142699,-1.0,SL,2025Q2,2025,8
4436,85602,2025-05-06 17:00:00,85607,2025-05-06 19:30:00,SELL,3391.6,3405.2339285714284,3405.2339285714284,3364.3321428571426,0.1,-137.0392857142844,-1363.3928571428442,-1.0,SL,2025Q2,2025,5
4437,85610,2025-05-06 21:00:00,85615,2025-05-06 23:30:00,SELL,3413.92,3428.329642857143,3428.329642857143,3385.1007142857143,0.1,-144.79642857142898,-1440.9642857142899,-1.0,SL,2025Q2,2025,5
4438,85617,2025-05-07 01:30:00,85619,2025-05-07 02:30:00,SELL,3387.41,3404.5207142857143,3404.5207142857143,3353.1885714285713,0.1,-171.80714285714492,-1711.0714285714494,-1.0,SL,2025Q2,2025,2
4439,85622,2025-05-07 04:00:00,85677,2025-05-08 08:30:00,BUY,3379.23,3356.0271428571427,3356.0271428571427,3425.635714285714,0.1,-232.72857142857282,-2320.2857142857283,-1.0,SL,2025Q2,2025,55
4440,85702,2025-05-08 21:00:00,85704,2025-05-08 22:00:00,BUY,3308.51,3288.9778571428574,3288.9778571428574,3347.574285714286,0.1,-196.02142857142843,-1953.2142857142844,-1.0,SL,2025Q2,2025,2
4441,85716,2025-05-09 05:00:00,85721,2025-05-09 07:30:00,BUY,3291.35,3325.1428571428573,3274.453571428571,3325.1428571428573,0.1,337.2285714285743,3379.285714285743,1.9876226160905994,TP,2025Q2,2025,5
4442,85723,2025-05-09 08:30:00,85742,2025-05-09 18:00:00,SELL,3321.44,3341.8303571428573,3341.8303571428573,3280.6592857142855,0.1,-204.60357142857282,-2039.0357142857283,-1.0,SL,2025Q2,2025,19
4443,85743,2025-05-09 18:30:00,85754,2025-05-12 01:00:00,SELL,3339.57,3314.1857142857143,3352.262142857143,3314.1857142857143,0.1,253.14285714285853,2538.428571428585,1.9835450831141566,TP,2025Q2,2025,11
4444,85756,2025-05-12 02:00:00,85772,2025-05-12 10:00:00,BUY,3272.59,3257.527857142857,3257.527857142857,3302.714285714286,0.1,-151.32142857143043,-1506.2142857143044,-1.0,SL,2025Q2,2025,16
4445,85774,2025-05-12 11:00:00,85817,2025-05-13 09:30:00,BUY,3222.81,3263.575714285714,3202.427142857143,3263.575714285714,0.1,406.9571428571424,4076.571428571424,1.9897324858559755,TP,2025Q2,2025,43
4446,85833,2025-05-13 17:30:00,85856,2025-05-14 06:00:00,BUY,3240.7,3227.498928571428,3227.498928571428,3267.102142857143,0.1,-132.71071428571594,-1320.1071428571595,-1.0,SL,2025Q2,2025,23
4447,85858,2025-05-14 07:00:00,85874,2025-05-14 15:00:00,BUY,3228.6,3217.2214285714285,3217.2214285714285,3251.357142857143,0.1,-114.48571428571377,-1137.8571428571377,-1.0,SL,2025Q2,2025,16
4448,85877,2025-05-14 16:30:00,85888,2025-05-14 22:00:00,BUY,3186.65,3170.4157142857143,3170.4157142857143,3219.1185714285716,0.1,-163.0428571428576,-1623.428571428576,-1.0,SL,2025Q2,2025,11
4449,85889,2025-05-14 22:30:00,85901,2025-05-15 05:30:00,BUY,3173.98,3156.7599999999998,3156.7599999999998,3208.42,0.1,-172.90000000000254,-1722.0000000000255,-1.0,SL,2025Q2,2025,12
4450,85903,2025-05-15 06:30:00,85905,2025-05-15 07:30:00,BUY,3153.87,3141.402857142857,3141.402857142857,3178.804285714286,0.1,-125.3714285714279,-1246.714285714279,-1.0,SL,2025Q2,2025,2
4451,85909,2025-05-15 09:30:00,85916,2025-05-15 13:00:00,BUY,3140.52,3173.1150000000002,3124.2225,3173.1150000000002,0.1,325.25000000000256,3259.5000000000255,1.98716969604399,TP,2025Q2,2025,7
4452,85929,2025-05-15 19:30:00,85936,2025-05-15 23:00:00,SELL,3218.9,3232.8328571428574,3232.8328571428574,3191.034285714286,0.1,-140.028571428573,-1393.2857142857301,-1.0,SL,2025Q2,2025,7
4453,85957,2025-05-16 10:30:00,85963,2025-05-16 13:30:00,BUY,3209.57,3192.7400000000002,3192.7400000000002,3243.2300000000005,0.1,-168.99999999999926,-1682.9999999999927,-1.0,SL,2025Q2,2025,6
4454,86012,2025-05-19 15:00:00,86016,2025-05-19 17:00:00,SELL,3243.66,3218.757857142857,3256.1110714285714,3218.757857142857,0.1,248.32142857142736,2490.2142857142735,1.983228272340875,TP,2025Q2,2025,4
4455,86035,2025-05-20 03:30:00,86038,2025-05-20 05:00:00,BUY,3219.33,3211.714285714286,3211.714285714286,3234.561428571428,0.1,-76.85714285714148,-761.5714285714148,-1.0,SL,2025Q2,2025,3
4456,86041,2025-05-20 06:30:00,86051,2025-05-20 11:30:00,BUY,3212.81,3233.5528571428567,3202.438571428572,3233.5528571428567,0.1,206.72857142856793,2074.285714285679,1.9798878095499128,TP,2025Q2,2025,10
4457,86053,2025-05-20 12:30:00,86059,2025-05-20 15:30:00,SELL,3235.9,3248.1614285714286,3248.1614285714286,3211.377142857143,0.1,-123.31428571428496,-1226.1428571428496,-1.0,SL,2025Q2,2025,6
4458,86075,2025-05-20 23:30:00,86076,2025-05-21 01:00:00,SELL,3290.33,3303.5364285714286,3303.5364285714286,3263.9171428571426,0.1,-132.7642857142866,-1320.642857142866,-1.0,SL,2025Q2,2025,1
4459,86082,2025-05-21 04:00:00,86082,2025-05-21 04:00:00,SELL,3303.42,3312.75,3312.75,3284.76,0.1,-93.99999999999928,-932.9999999999927,-1.0,SL,2025Q2,2025,0
4460,86083,2025-05-21 04:30:00,86085,2025-05-21 05:30:00,SELL,3289.28,3301.0132142857146,3301.0132142857146,3265.813571428572,0.1,-118.0321428571444,-1173.321428571444,-1.0,SL,2025Q2,2025,2
4461,86127,2025-05-22 03:30:00,86128,2025-05-22 04:00:00,SELL,3320.24,3330.6114285714284,3330.6114285714284,3299.497142857143,0.1,-104.41428571428624,-1037.1428571428623,-1.0,SL,2025Q2,2025,1
4462,86130,2025-05-22 05:00:00,86143,2025-05-22 11:30:00,SELL,3337.87,3316.904285714286,3348.352857142857,3316.904285714286,0.1,208.95714285714058,2096.5714285714057,1.980100175984838,TP,2025Q2,2025,13
4463,86146,2025-05-22 13:00:00,86147,2025-05-22 13:30:00,BUY,3304.78,3293.7325,3293.7325,3326.875,0.1,-111.17500000000128,-1104.7500000000127,-1.0,SL,2025Q2,2025,1
4464,86149,2025-05-22 14:30:00,86154,2025-05-22 17:00:00,BUY,3294.88,3281.941428571429,3281.941428571429,3320.7571428571428,0.1,-130.0857142857132,-1293.8571428571322,-1.0,SL,2025Q2,2025,5
4465,86155,2025-05-22 17:30:00,86195,2025-05-23 14:30:00,BUY,3297.65,3335.469285714286,3278.740357142857,3335.469285714286,0.1,377.492857142858,3781.9285714285797,1.9889355136142108,TP,2025Q2,2025,40
4466,86197,2025-05-23 15:30:00,86197,2025-05-23 15:30:00,SELL,3347.69,3360.3585714285714,3360.3585714285714,3322.352857142857,0.1,-127.3857142857134,-1266.857142857134,-1.0,SL,2025Q2,2025,0
4467,86199,2025-05-23 16:30:00,86206,2025-05-23 20:00:00,SELL,3351.22,3365.7110714285714,3365.7110714285714,3322.237857142857,0.1,-145.61071428571557,-1449.1071428571558,-1.0,SL,2025Q2,2025,7
4468,86208,2025-05-23 21:00:00,86236,2025-05-26 12:00:00,SELL,3362.54,3327.6971428571433,3379.9614285714283,3327.6971428571433,0.1,347.728571428567,3484.28571428567,1.9879941195687685,TP,2025Q2,2025,28
4469,86260,2025-05-27 03:30:00,86262,2025-05-27 04:30:00,SELL,3344.24,3333.6607142857138,3349.529642857143,3333.6607142857138,0.1,105.09285714286015,1057.9285714286016,1.9608182848004274,TP,2025Q2,2025,2
4470,86280,2025-05-27 13:30:00,86346,2025-05-28 23:30:00,BUY,3294.85,3279.4439285714284,3279.4439285714284,3325.662142857143,0.1,-154.7607142857152,-1540.6071428571522,-1.0,SL,2025Q2,2025,66
4471,86354,2025-05-29 04:30:00,86371,2025-05-29 13:00:00,BUY,3256.45,3290.178571428571,3239.5857142857144,3290.178571428571,0.1,336.58571428571287,3372.8571428571286,1.9875991226590448,TP,2025Q2,2025,17
4472,86373,2025-05-29 14:00:00,86375,2025-05-29 15:00:00,SELL,3296.6,3307.5789285714286,3307.5789285714286,3274.6421428571425,0.1,-110.48928571428696,-1097.8928571428696,-1.0,SL,2025Q2,2025,2
4473,86379,2025-05-29 17:00:00,86383,2025-05-29 19:00:00,SELL,3312.61,3325.9739285714286,3325.9739285714286,3285.882142857143,0.1,-134.33928571428459,-1336.392857142846,-1.0,SL,2025Q2,2025,4
4474,86408,2025-05-30 08:30:00,86421,2025-05-30 15:00:00,BUY,3297.15,3286.8439285714285,3286.8439285714285,3317.7621428571433,0.1,-103.76071428571613,-1030.6071428571613,-1.0,SL,2025Q2,2025,13
4475,86422,2025-05-30 15:30:00,86424,2025-05-30 16:30:00,BUY,3301.51,3288.349642857143,3288.349642857143,3327.8307142857143,0.1,-132.30357142857264,-1316.0357142857265,-1.0,SL,2025Q2,2025,2
4476,86426,2025-05-30 17:30:00,86440,2025-06-02 01:30:00,BUY,3283.7,3313.5928571428567,3268.7535714285714,3313.5928571428567,0.1,298.22857142856884,2989.2857142856883,1.9860153165580556,TP,2025Q2,2025,14
4477,86442,2025-06-02 02:30:00,86454,2025-06-02 08:30:00,SELL,3311.88,3321.6257142857144,3321.6257142857144,3292.3885714285716,0.1,-98.15714285714257,-974.5714285714257,-1.0,SL,2025Q2,2025,12
4478,86459,2025-06-02 11:00:00,86470,2025-06-02 16:30:00,SELL,3352.39,3364.2260714285712,3364.2260714285712,3328.717857142857,0.1,-119.06071428571359,-1183.6071428571358,-1.0,SL,2025Q2,2025,11
4479,86472,2025-06-02 17:30:00,86485,2025-06-03 01:00:00,SELL,3373.17,3385.7453571428573,3385.7453571428573,3348.0192857142856,0.1,-126.45357142857229,-1257.5357142857229,-1.0,SL,2025Q2,2025,13
4480,86488,2025-06-03 02:30:00,86491,2025-06-03 04:00:00,SELL,3385.47,3369.726428571428,3393.3417857142854,3369.726428571428,0.1,156.73571428571614,1574.3571428571613,1.9735575842065596,TP,2025Q2,2025,3
4481,86492,2025-06-03 04:30:00,86498,2025-06-03 07:30:00,BUY,3368.67,3359.216785714286,3359.216785714286,3387.5764285714286,0.1,-95.23214285714239,-945.3214285714239,-1.0,SL,2025Q2,2025,6
4482,86499,2025-06-03 08:00:00,86502,2025-06-03 09:30:00,BUY,3362.79,3351.429642857143,3351.429642857143,3385.510714285714,0.1,-114.30357142857083,-1136.0357142857083,-1.0,SL,2025Q2,2025,3
4483,86503,2025-06-03 10:00:00,86516,2025-06-03 16:30:00,BUY,3358.98,3346.121785714286,3346.121785714286,3384.6964285714284,0.1,-129.28214285713983,-1285.8214285713984,-1.0,SL,2025Q2,2025,13
4484,86518,2025-06-03 17:30:00,86538,2025-06-04 04:30:00,BUY,3346.59,3368.196428571429,3335.7867857142855,3368.196428571429,0.1,215.36428571428752,2160.642857142875,1.9806864838232467,TP,2025Q2,2025,20
4485,86540,2025-06-04 05:30:00,86545,2025-06-04 08:00:00,SELL,3368.75,3352.380714285714,3376.934642857143,3352.380714285714,0.1,162.9928571428598,1636.928571428598,1.9745597715571328,TP,2025Q2,2025,5
4486,86558,2025-06-04 14:30:00,86563,2025-06-04 17:00:00,BUY,3346.85,3368.546428571429,3336.0017857142857,3368.546428571429,0.1,216.26428571428897,2169.6428571428896,1.9807660855059133,TP,2025Q2,2025,5
4487,86586,2025-06-05 05:30:00,86592,2025-06-05 08:30:00,BUY,3371.88,3363.6428571428573,3363.6428571428573,3388.3542857142857,0.1,-83.07142857142772,-823.7142857142771,-1.0,SL,2025Q2,2025,6
4488,86593,2025-06-05 09:00:00,86599,2025-06-05 12:00:00,BUY,3364.41,3383.980714285714,3354.6246428571426,3383.980714285714,0.1,195.00714285714076,1957.0714285714075,1.978691791991257,TP,2025Q2,2025,6
4489,86604,2025-06-05 14:30:00,86607,2025-06-05 16:00:00,SELL,3395.14,3374.95,3405.2349999999997,3374.95,0.1,201.20000000000056,2019.0000000000055,1.9793408755534139,TP,2025Q2,2025,3
4490,86612,2025-06-05 18:30:00,86612,2025-06-05 18:30:00,BUY,3362.43,3345.3835714285715,3345.3835714285715,3396.5228571428565,0.1,-171.1642857142835,-1704.642857142835,-1.0,SL,2025Q2,2025,0
4491,86638,2025-06-06 08:30:00,86652,2025-06-06 15:30:00,SELL,3369.04,3352.1757142857145,3377.472142857143,3352.1757142857145,0.1,167.94285714285417,1686.4285714285415,1.9753003444509256,TP,2025Q2,2025,14
4492,86653,2025-06-06 16:00:00,86654,2025-06-06 16:30:00,BUY,3353.41,3342.5189285714287,3342.5189285714287,3375.1921428571427,0.1,-109.61071428571195,-1089.1071428571195,-1.0,SL,2025Q2,2025,1
4493,86666,2025-06-06 22:30:00,86674,2025-06-09 03:30:00,BUY,3315.18,3299.4075,3299.4075,3346.725,0.1,-158.42500000000035,-1577.2500000000036,-1.0,SL,2025Q2,2025,8
4494,86675,2025-06-09 04:00:00,86676,2025-06-09 04:30:00,BUY,3305.59,3295.167142857143,3295.167142857143,3326.4357142857143,0.1,-104.92857142857083,-1042.2857142857083,-1.0,SL,2025Q2,2025,1
4495,86678,2025-06-09 05:30:00,86687,2025-06-09 10:00:00,BUY,3301.93,3326.328571428571,3289.730714285714,3326.328571428571,0.1,243.2857142857136,2439.857142857136,1.9828840891889952,TP,2025Q2,2025,9
4496,86705,2025-06-09 19:00:00,86722,2025-06-10 04:30:00,SELL,3328.57,3308.157142857143,3338.776428571429,3308.157142857143,0.1,203.4285714285732,2041.285714285732,1.9795648849655942,TP,2025Q2,2025,17
4497,86725,2025-06-10 06:00:00,86732,2025-06-10 09:30:00,BUY,3309.44,3327.3607142857145,3300.479642857143,3327.3607142857145,0.1,178.5071428571444,1792.071428571444,1.976745105793999,TP,2025Q2,2025,7
4498,86735,2025-06-10 11:00:00,86741,2025-06-10 14:00:00,SELL,3329.99,3340.360357142857,3340.360357142857,3309.249285714285,0.1,-104.40357142857302,-1037.0357142857301,-1.0,SL,2025Q2,2025,6
4499,86743,2025-06-10 15:00:00,86745,2025-06-10 16:00:00,SELL,3333.6,3343.377857142857,3343.377857142857,3314.0442857142857,0.1,-98.47857142857102,-977.7857142857101,-1.0,SL,2025Q2,2025,2
4500,86747,2025-06-10 17:00:00,86749,2025-06-10 18:00:00,SELL,3343.49,3324.035,3353.2174999999997,3324.035,0.1,193.84999999999928,1945.4999999999927,1.9785659607042612,TP,2025Q2,2025,2
4501,86753,2025-06-10 20:00:00,86780,2025-06-11 10:30:00,BUY,3321.35,3343.920714285714,3310.0646428571426,3343.920714285714,0.1,225.00714285714076,2257.0714285714075,1.9815065261833225,TP,2025Q2,2025,27
4502,86788,2025-06-11 14:30:00,86790,2025-06-11 15:30:00,BUY,3331.85,3350.8399999999997,3322.355,3350.8399999999997,0.1,189.19999999999783,1898.9999999999782,1.9780449555671717,TP,2025Q2,2025,2
4503,86791,2025-06-11 16:00:00,86805,2025-06-11 23:00:00,SELL,3336.68,3349.8864285714285,3349.8864285714285,3310.2671428571425,0.1,-132.7642857142866,-1320.642857142866,-1.0,SL,2025Q2,2025,14
4504,86810,2025-06-12 02:30:00,86813,2025-06-12 04:00:00,SELL,3364.63,3376.879642857143,3376.879642857143,3340.1307142857145,0.1,-123.19642857143045,-1224.9642857143044,-1.0,SL,2025Q2,2025,3
4505,86817,2025-06-12 06:00:00,86826,2025-06-12 10:30:00,SELL,3374.56,3352.12,3385.7799999999997,3352.12,0.1,223.70000000000056,2244.0000000000055,1.9813994685562846,TP,2025Q2,2025,9
4506,86834,2025-06-12 14:30:00,86838,2025-06-12 16:30:00,SELL,3380.84,3395.618214285714,3395.618214285714,3351.2835714285716,0.1,-148.48214285714056,-1477.8214285714057,-1.0,SL,2025Q2,2025,4
4507,86839,2025-06-12 17:00:00,86857,2025-06-13 03:00:00,SELL,3391.9,3409.9835714285714,3409.9835714285714,3355.732857142857,0.1,-181.53571428571303,-1808.3571428571304,-1.0,SL,2025Q2,2025,18
4508,86861,2025-06-13 05:00:00,86862,2025-06-13 05:30:00,SELL,3427.45,3439.3192857142853,3439.3192857142853,3403.7114285714283,0.1,-119.39285714285525,-1186.9285714285525,-1.0,SL,2025Q2,2025,1
4509,86864,2025-06-13 06:30:00,86884,2025-06-13 16:30:00,SELL,3430.18,3445.863571428571,3445.863571428571,3398.812857142857,0.1,-157.53571428571212,-1568.3571428571213,-1.0,SL,2025Q2,2025,20
4510,86885,2025-06-13 17:00:00,86899,2025-06-16 01:00:00,SELL,3436.22,3449.162857142857,3449.162857142857,3410.3342857142857,0.1,-130.12857142857064,-1294.2857142857065,-1.0,SL,2025Q2,2025,14
4511,86913,2025-06-16 08:00:00,86915,2025-06-16 09:00:00,BUY,3427.69,3413.901785714286,3413.901785714286,3455.2664285714286,0.1,-138.58214285714274,-1378.8214285714275,-1.0,SL,2025Q2,2025,2
4512,86917,2025-06-16 10:00:00,86930,2025-06-16 16:30:00,BUY,3418.11,3405.564642857143,3405.564642857143,3443.2007142857146,0.1,-126.15357142857029,-1254.5357142857029,-1.0,SL,2025Q2,2025,13
4513,86956,2025-06-17 06:30:00,86978,2025-06-17 17:30:00,BUY,3385.71,3373.593214285714,3373.593214285714,3409.9435714285714,0.1,-121.86785714285925,-1211.6785714285925,-1.0,SL,2025Q2,2025,22
4514,86979,2025-06-17 18:00:00,87000,2025-06-18 05:30:00,BUY,3385.12,3371.532142857143,3371.532142857143,3412.295714285714,0.1,-136.57857142857046,-1358.7857142857047,-1.0,SL,2025Q2,2025,21
4515,87001,2025-06-18 06:00:00,87004,2025-06-18 07:30:00,BUY,3379.53,3395.655,3371.4675,3395.655,0.1,160.55,1612.5,1.9741776821395636,TP,2025Q2,2025,3
4516,87005,2025-06-18 08:00:00,87014,2025-06-18 12:30:00,SELL,3395.05,3376.84,3404.155,3376.84,0.1,181.40000000000038,1821.0000000000036,1.9771117166212535,TP,2025Q2,2025,9
4517,87024,2025-06-18 17:30:00,87033,2025-06-18 22:00:00,BUY,3382.73,3372.164642857143,3372.164642857143,3403.860714285714,0.1,-106.3535714285701,-1056.535714285701,-1.0,SL,2025Q2,2025,9
4518,87035,2025-06-18 23:00:00,87053,2025-06-19 09:00:00,BUY,3366.85,3353.6467857142857,3353.6467857142857,3393.2564285714284,0.1,-132.73214285714238,-1320.321428571424,-1.0,SL,2025Q2,2025,18
4519,87055,2025-06-19 10:00:00,87088,2025-06-20 06:00:00,BUY,3357.59,3346.5135714285716,3346.5135714285716,3379.7428571428572,0.1,-111.46428571428551,-1107.642857142855,-1.0,SL,2025Q2,2025,33
4520,87089,2025-06-20 06:30:00,87093,2025-06-20 08:30:00,BUY,3352.67,3342.9425,3342.9425,3372.125,0.1,-97.97499999999964,-972.7499999999964,-1.0,SL,2025Q2,2025,4
4521,87095,2025-06-20 09:30:00,87109,2025-06-20 16:30:00,BUY,3344.24,3363.5278571428566,3334.5960714285716,3363.5278571428566,0.1,192.17857142856866,1928.7857142856865,1.9783815581455662,TP,2025Q2,2025,14
4522,87111,2025-06-20 17:30:00,87124,2025-06-23 01:00:00,SELL,3367.89,3378.4167857142857,3378.4167857142857,3346.8364285714283,0.1,-105.9678571428578,-1052.678571428578,-1.0,SL,2025Q2,2025,13
4523,87140,2025-06-23 09:00:00,87150,2025-06-23 14:00:00,BUY,3356.97,3380.1557142857137,3345.3771428571426,3380.1557142857137,0.1,231.15714285713858,2318.5714285713857,1.9819941205291134,TP,2025Q2,2025,10
4524,87156,2025-06-23 17:00:00,87160,2025-06-23 19:00:00,SELL,3380.62,3393.170714285714,3393.170714285714,3355.5185714285712,0.1,-126.20714285714094,-1255.0714285714093,-1.0,SL,2025Q2,2025,4
4525,87171,2025-06-24 01:30:00,87173,2025-06-24 02:30:00,BUY,3356.57,3344.3075000000003,3344.3075000000003,3381.0950000000003,0.1,-123.32499999999818,-1226.2499999999818,-1.0,SL,2025Q2,2025,2
4526,87175,2025-06-24 03:30:00,87185,2025-06-24 08:30:00,BUY,3349.03,3334.6428571428573,3334.6428571428573,3377.804285714286,0.1,-144.5714285714286,-1438.7142857142862,-1.0,SL,2025Q2,2025,10
4527,87188,2025-06-24 10:00:00,87199,2025-06-24 15:30:00,BUY,3322.94,3311.0225,3311.0225,3346.7749999999996,0.1,-119.87500000000018,-1191.7500000000018,-1.0,SL,2025Q2,2025,11
4528,87200,2025-06-24 16:00:00,87201,2025-06-24 16:30:00,BUY,3314.83,3303.0442857142857,3303.0442857142857,3338.4014285714284,0.1,-118.55714285714221,-1178.571428571422,-1.0,SL,2025Q2,2025,1
4529,87222,2025-06-25 04:00:00,87222,2025-06-25 04:00:00,SELL,3326.85,3331.9874999999997,3331.9874999999997,3316.575,0.1,-52.074999999998184,-513.7499999999818,-1.0,SL,2025Q2,2025,0
4530,87223,2025-06-25 04:30:00,87223,2025-06-25 04:30:00,SELL,3328.78,3334.3300000000004,3334.3300000000004,3317.6800000000003,0.1,-56.20000000000182,-555.0000000000182,-1.0,SL,2025Q2,2025,0
4531,87225,2025-06-25 05:30:00,87245,2025-06-25 15:30:00,SELL,3331.45,3319.2014285714286,3337.5742857142855,3319.2014285714286,0.1,121.78571428571267,1224.8571428571267,1.9660977859778592,TP,2025Q2,2025,20
4532,87248,2025-06-25 17:00:00,87253,2025-06-25 19:30:00,BUY,3314.51,3332.8121428571426,3305.358928571429,3332.8121428571426,0.1,182.32142857142372,1830.2142857142371,1.977226073821555,TP,2025Q2,2025,5
4533,87260,2025-06-25 23:00:00,87271,2025-06-26 05:30:00,SELL,3333.53,3341.701785714286,3341.701785714286,3317.186428571429,0.1,-82.41785714285761,-817.1785714285761,-1.0,SL,2025Q2,2025,11
4534,87272,2025-06-26 06:00:00,87281,2025-06-26 10:30:00,SELL,3339.37,3346.21,3346.21,3325.6899999999996,0.1,-69.10000000000146,-684.0000000000146,-1.0,SL,2025Q2,2025,9
4535,87283,2025-06-26 11:30:00,87291,2025-06-26 15:30:00,SELL,3345.36,3331.2492857142856,3352.4153571428574,3331.2492857142856,0.1,140.40714285714495,1411.0714285714494,1.9705277930930785,TP,2025Q2,2025,8
4536,87294,2025-06-26 17:00:00,87318,2025-06-27 06:00:00,BUY,3320.06,3307.885357142857,3307.885357142857,3344.4092857142855,0.1,-122.44642857142772,-1217.4642857142771,-1.0,SL,2025Q2,2025,24
4537,87321,2025-06-27 07:30:00,87326,2025-06-27 10:00:00,BUY,3294.32,3284.927857142857,3284.927857142857,3313.1042857142857,0.1,-94.62142857142972,-939.2142857142971,-1.0,SL,2025Q2,2025,5
4538,87327,2025-06-27 10:30:00,87335,2025-06-27 14:30:00,BUY,3289.33,3277.915,3277.915,3312.16,0.1,-114.84999999999964,-1141.4999999999964,-1.0,SL,2025Q2,2025,8
4539,87336,2025-06-27 15:00:00,87337,2025-06-27 15:30:00,BUY,3281.42,3269.8378571428575,3269.8378571428575,3304.5842857142857,0.1,-116.52142857142572,-1158.2142857142571,-1.0,SL,2025Q2,2025,1
4540,87340,2025-06-27 17:00:00,87354,2025-06-30 01:00:00,BUY,3273.97,3260.090714285714,3260.090714285714,3301.7285714285713,0.1,-139.49285714285742,-1387.9285714285743,-1.0,SL,2025Q2,2025,14
4541,87364,2025-06-30 06:00:00,87371,2025-06-30 09:30:00,SELL,3280.22,3294.520357142857,3294.520357142857,3251.6192857142855,0.1,-143.70357142857137,-1430.0357142857138,-1.0,SL,2025Q2,2025,7
4542,87373,2025-06-30 10:30:00,87380,2025-06-30 14:00:00,SELL,3295.0,3276.050714285714,3304.474642857143,3276.050714285714,0.1,188.79285714285908,1894.9285714285907,1.9779981290926103,TP,2025Q2,2025,7
4543,87393,2025-06-30 20:30:00,87396,2025-06-30 22:00:00,SELL,3295.88,3305.7639285714286,3305.7639285714286,3276.112142857143,0.1,-99.53928571428442,-988.3928571428442,-1.0,SL,2025Q2,2025,3
4544,87408,2025-07-01 05:00:00,87414,2025-07-01 08:00:00,SELL,3317.63,3325.1407142857142,3325.1407142857142,3302.608571428572,0.1,-75.8071428571413,-751.071428571413,-1.0,SL,2025Q3,2025,6
4545,87416,2025-07-01 09:00:00,87418,2025-07-01 10:00:00,SELL,3328.55,3335.167142857143,3335.167142857143,3315.3157142857144,0.1,-66.87142857142881,-661.714285714288,-1.0,SL,2025Q3,2025,2
4546,87421,2025-07-01 11:30:00,87423,2025-07-01 12:30:00,SELL,3339.65,3347.4060714285715,3347.4060714285715,3324.1378571428572,0.1,-78.26071428571431,-775.6071428571431,-1.0,SL,2025Q3,2025,2
4547,87425,2025-07-01 13:30:00,87428,2025-07-01 15:00:00,SELL,3346.65,3354.63,3354.63,3330.69,0.1,-80.50000000000018,-798.0000000000018,-1.0,SL,2025Q3,2025,3
4548,87429,2025-07-01 15:30:00,87450,2025-07-02 03:00:00,SELL,3352.12,3334.777857142857,3360.7910714285713,3334.777857142857,0.1,172.7214285714279,1734.214285714279,1.9759754851889684,TP,2025Q3,2025,21
4549,87451,2025-07-02 03:30:00,87452,2025-07-02 04:00:00,BUY,3339.3,3333.1103571428575,3333.1103571428575,3351.679285714286,0.1,-62.59642857142644,-618.9642857142644,-1.0,SL,2025Q3,2025,1
4550,87453,2025-07-02 04:30:00,87454,2025-07-02 05:00:00,BUY,3335.42,3328.88,3328.88,3348.5,0.1,-66.09999999999964,-653.9999999999964,-1.0,SL,2025Q3,2025,1
4551,87465,2025-07-02 10:30:00,87472,2025-07-02 14:00:00,BUY,3330.17,3346.592857142857,3321.9585714285718,3346.592857142857,0.1,163.52857142857084,1642.2857142857083,1.9746420562360383,TP,2025Q3,2025,7
4552,87473,2025-07-02 14:30:00,87486,2025-07-02 21:00:00,SELL,3343.9,3351.9025,3351.9025,3327.895,0.1,-80.72500000000055,-800.2500000000055,-1.0,SL,2025Q3,2025,13
4553,87491,2025-07-02 23:30:00,87492,2025-07-03 01:00:00,SELL,3358.03,3365.092857142857,3365.092857142857,3343.904285714286,0.1,-71.32857142856956,-706.2857142856956,-1.0,SL,2025Q3,2025,1
4554,87521,2025-07-03 15:30:00,87521,2025-07-03 15:30:00,BUY,3349.51,3339.766428571429,3339.766428571429,3368.997142857143,0.1,-98.13571428571159,-974.3571428571158,-1.0,SL,2025Q3,2025,0
4555,87553,2025-07-04 08:30:00,87579,2025-07-07 02:30:00,SELL,3340.27,3327.292857142857,3346.7585714285715,3327.292857142857,0.1,129.0714285714301,1297.7142857143008,1.9679808320627319,TP,2025Q3,2025,26
4556,87582,2025-07-07 04:00:00,87582,2025-07-07 04:00:00,BUY,3326.69,3320.325714285714,3320.325714285714,3339.4185714285713,0.1,-64.3428571428587,-636.428571428587,-1.0,SL,2025Q3,2025,0
4557,87586,2025-07-07 06:00:00,87601,2025-07-07 13:30:00,BUY,3308.97,3299.3839285714284,3299.3839285714284,3328.142142857143,0.1,-96.56071428571359,-958.6071428571358,-1.0,SL,2025Q3,2025,15
4558,87602,2025-07-07 14:00:00,87611,2025-07-07 18:30:00,BUY,3302.25,3321.6321428571428,3292.5589285714286,3321.6321428571428,0.1,193.12142857142754,1938.2142857142753,1.9784859683143683,TP,2025Q3,2025,9
4559,87612,2025-07-07 19:00:00,87614,2025-07-07 20:00:00,SELL,3320.75,3330.6692857142857,3330.6692857142857,3300.9114285714286,0.1,-99.89285714285707,-991.9285714285706,-1.0,SL,2025Q3,2025,2
4560,87616,2025-07-07 21:00:00,87622,2025-07-08 01:00:00,SELL,3331.86,3341.6689285714288,3341.6689285714288,3312.2421428571433,0.1,-98.78928571428624,-980.8928571428623,-1.0,SL,2025Q3,2025,6
4561,87636,2025-07-08 08:00:00,87645,2025-07-08 12:30:00,BUY,3329.75,3322.5789285714286,3322.5789285714286,3344.092142857143,0.1,-72.41071428571395,-717.1071428571395,-1.0,SL,2025Q3,2025,9
4562,87647,2025-07-08 13:30:00,87653,2025-07-08 16:30:00,BUY,3323.72,3316.3796428571427,3316.3796428571427,3338.400714285714,0.1,-74.10357142857102,-734.0357142857101,-1.0,SL,2025Q3,2025,6
4563,87657,2025-07-08 18:30:00,87678,2025-07-09 06:00:00,BUY,3296.69,3285.7014285714286,3285.7014285714286,3318.667142857143,0.1,-110.58571428571504,-1098.8571428571504,-1.0,SL,2025Q3,2025,21
4564,87679,2025-07-09 06:30:00,87689,2025-07-09 11:30:00,BUY,3292.24,3284.0864285714283,3284.0864285714283,3308.5471428571423,0.1,-82.23571428571468,-815.3571428571468,-1.0,SL,2025Q3,2025,10
4565,87690,2025-07-09 12:00:00,87699,2025-07-09 16:30:00,BUY,3285.07,3304.9707142857146,3275.119642857143,3304.9707142857146,0.1,198.30714285714458,1990.0714285714457,1.9790426631500162,TP,2025Q3,2025,9
4566,87703,2025-07-09 18:30:00,87714,2025-07-10 01:00:00,SELL,3308.36,3318.4046428571432,3318.4046428571432,3288.2707142857143,0.1,-101.14642857143117,-1004.4642857143117,-1.0,SL,2025Q3,2025,11
4567,87716,2025-07-10 02:00:00,87721,2025-07-10 04:30:00,SELL,3319.36,3325.84,3325.84,3306.4,0.1,-65.50000000000018,-648.0000000000018,-1.0,SL,2025Q3,2025,5
4568,87722,2025-07-10 05:00:00,87732,2025-07-10 10:00:00,SELL,3322.08,3328.6746428571428,3328.6746428571428,3308.8907142857142,0.1,-66.64642857142844,-659.4642857142844,-1.0,SL,2025Q3,2025,10
4569,87733,2025-07-10 10:30:00,87745,2025-07-10 16:30:00,SELL,3327.04,3313.5678571428575,3333.7760714285714,3313.5678571428575,0.1,134.02142857142445,1347.2142857142444,1.9691451959909079,TP,2025Q3,2025,12
4570,87747,2025-07-10 17:30:00,87765,2025-07-11 03:30:00,BUY,3313.66,3335.060714285714,3302.9596428571426,3335.060714285714,0.1,213.30714285714004,2140.0714285714002,1.9805020393274773,TP,2025Q3,2025,18
4571,87786,2025-07-11 14:00:00,87789,2025-07-11 15:30:00,SELL,3344.89,3354.5660714285714,3354.5660714285714,3325.537857142857,0.1,-97.46071428571504,-967.6071428571504,-1.0,SL,2025Q3,2025,3
4572,87791,2025-07-11 16:30:00,87793,2025-07-11 17:30:00,SELL,3353.12,3362.8785714285714,3362.8785714285714,3333.602857142857,0.1,-98.28571428571486,-975.8571428571486,-1.0,SL,2025Q3,2025,2
4573,87808,2025-07-14 02:00:00,87835,2025-07-14 15:30:00,SELL,3369.3,3351.8185714285714,3378.040714285715,3351.8185714285714,0.1,174.11428571428752,1748.142857142875,1.976165383056293,TP,2025Q3,2025,27
4574,87837,2025-07-14 16:30:00,87838,2025-07-14 17:00:00,BUY,3355.67,3345.8964285714287,3345.8964285714287,3375.217142857143,0.1,-98.43571428571359,-977.3571428571358,-1.0,SL,2025Q3,2025,1
4575,87839,2025-07-14 17:30:00,87839,2025-07-14 17:30:00,BUY,3352.17,3342.825,3342.825,3370.86,0.1,-94.15000000000255,-934.5000000000255,-1.0,SL,2025Q3,2025,0
4576,87861,2025-07-15 05:30:00,87862,2025-07-15 06:00:00,SELL,3349.59,3354.677142857143,3354.677142857143,3339.4157142857143,0.1,-51.57142857142681,-508.71428571426804,-1.0,SL,2025Q3,2025,1
4577,87866,2025-07-15 08:00:00,87872,2025-07-15 11:00:00,SELL,3360.05,3365.3289285714286,3365.3289285714286,3349.492142857143,0.1,-53.489285714284236,-527.8928571428423,-1.0,SL,2025Q3,2025,6
4578,87873,2025-07-15 11:30:00,87874,2025-07-15 12:00:00,SELL,3357.72,3364.7485714285713,3364.7485714285713,3343.662857142857,0.1,-70.98571428571468,-702.8571428571468,-1.0,SL,2025Q3,2025,1
4579,87877,2025-07-15 13:30:00,87881,2025-07-15 15:30:00,SELL,3362.85,3348.5442857142853,3370.002857142857,3348.5442857142853,0.1,142.35714285714658,1430.5714285714657,1.9709256329114553,TP,2025Q3,2025,4
4580,87882,2025-07-15 16:00:00,87882,2025-07-15 16:00:00,BUY,3349.05,3340.241785714286,3340.241785714286,3366.6664285714287,0.1,-88.78214285714257,-880.8214285714257,-1.0,SL,2025Q3,2025,0
4581,87884,2025-07-15 17:00:00,87886,2025-07-15 18:00:00,BUY,3347.0,3336.407857142857,3336.407857142857,3368.1842857142856,0.1,-106.6214285714279,-1059.214285714279,-1.0,SL,2025Q3,2025,2
4582,87889,2025-07-15 19:30:00,87932,2025-07-16 18:00:00,BUY,3325.86,3350.9100000000003,3313.335,3350.9100000000003,0.1,249.80000000000183,2505.000000000018,1.9833267169511712,TP,2025Q3,2025,43
4583,87934,2025-07-16 19:00:00,88050,2025-07-21 08:00:00,SELL,3343.83,3361.4517857142855,3361.4517857142855,3308.5864285714283,0.1,-176.91785714285578,-1762.178571428558,-1.0,SL,2025Q3,2025,116
4584,88052,2025-07-21 09:00:00,88062,2025-07-21 14:00:00,SELL,3366.52,3373.4510714285716,3373.4510714285716,3352.657857142857,0.1,-70.01071428571613,-693.1071428571613,-1.0,SL,2025Q3,2025,10
4585,88067,2025-07-21 16:30:00,88067,2025-07-21 16:30:00,SELL,3386.87,3393.8064285714286,3393.8064285714286,3372.9971428571425,0.1,-70.06428571428678,-693.6428571428678,-1.0,SL,2025Q3,2025,0
4586,88068,2025-07-21 17:00:00,88068,2025-07-21 17:00:00,SELL,3388.46,3396.286785714286,3396.286785714286,3372.8064285714286,0.1,-78.96785714285961,-782.6785714285961,-1.0,SL,2025Q3,2025,0
4587,88085,2025-07-22 02:30:00,88086,2025-07-22 03:00:00,SELL,3401.3,3392.27,3405.815,3392.27,0.1,89.600000000002,903.00000000002,1.9541984732825404,TP,2025Q3,2025,1
4588,88098,2025-07-22 09:00:00,88111,2025-07-22 15:30:00,BUY,3385.72,3401.0992857142855,3378.030357142857,3401.0992857142855,0.1,153.09285714285744,1537.9285714285743,1.9729368987895826,TP,2025Q3,2025,13
4589,88114,2025-07-22 17:00:00,88114,2025-07-22 17:00:00,SELL,3412.25,3419.9192857142857,3419.9192857142857,3396.9114285714286,0.1,-77.39285714285707,-766.9285714285706,-1.0,SL,2025Q3,2025,0
4590,88117,2025-07-22 18:30:00,88132,2025-07-23 03:00:00,SELL,3425.26,3435.1782142857146,3435.1782142857146,3405.423571428572,0.1,-99.88214285714385,-991.8214285714384,-1.0,SL,2025Q3,2025,15
4591,88133,2025-07-23 03:30:00,88137,2025-07-23 05:30:00,SELL,3432.24,3419.2992857142854,3438.710357142857,3419.2992857142854,0.1,128.70714285714422,1294.071428571442,1.9678916616611155,TP,2025Q3,2025,4
4592,88138,2025-07-23 06:00:00,88158,2025-07-23 16:00:00,BUY,3423.19,3415.865714285714,3415.865714285714,3437.8385714285714,0.1,-73.94285714285907,-732.4285714285907,-1.0,SL,2025Q3,2025,20
4593,88160,2025-07-23 17:00:00,88163,2025-07-23 18:30:00,BUY,3413.63,3403.831785714286,3403.831785714286,3433.2264285714286,0.1,-98.68214285714039,-979.8214285714039,-1.0,SL,2025Q3,2025,3
4594,88183,2025-07-24 05:30:00,88184,2025-07-24 06:00:00,BUY,3387.72,3380.8992857142857,3380.8992857142857,3401.3614285714284,0.1,-68.90714285714076,-682.0714285714075,-1.0,SL,2025Q3,2025,1
4595,88190,2025-07-24 09:00:00,88191,2025-07-24 09:30:00,BUY,3379.42,3371.1175,3371.1175,3396.0250000000005,0.1,-83.72500000000237,-830.2500000000236,-1.0,SL,2025Q3,2025,1
4596,88192,2025-07-24 10:00:00,88193,2025-07-24 10:30:00,BUY,3375.94,3366.838214285714,3366.838214285714,3394.1435714285717,0.1,-91.71785714286052,-910.1785714286052,-1.0,SL,2025Q3,2025,1
4597,88195,2025-07-24 11:30:00,88196,2025-07-24 12:00:00,BUY,3372.55,3362.8985714285714,3362.8985714285714,3391.8528571428574,0.1,-97.21428571428824,-965.1428571428823,-1.0,SL,2025Q3,2025,1
4598,88198,2025-07-24 13:00:00,88203,2025-07-24 15:30:00,BUY,3363.77,3354.4207142857144,3354.4207142857144,3382.4685714285715,0.1,-94.19285714285543,-934.9285714285543,-1.0,SL,2025Q3,2025,5
4599,88205,2025-07-24 16:30:00,88240,2025-07-25 11:00:00,BUY,3359.27,3349.575714285714,3349.575714285714,3378.658571428571,0.1,-97.64285714285798,-969.4285714285797,-1.0,SL,2025Q3,2025,35
4600,88243,2025-07-25 12:30:00,88246,2025-07-25 14:00:00,BUY,3347.37,3340.338214285714,3340.338214285714,3361.433571428571,0.1,-71.01785714285889,-703.1785714285888,-1.0,SL,2025Q3,2025,3
4601,88248,2025-07-25 15:00:00,88253,2025-07-25 17:30:00,BUY,3341.1,3333.618214285714,3333.618214285714,3356.0635714285713,0.1,-75.51785714285707,-748.1785714285706,-1.0,SL,2025Q3,2025,5
4602,88267,2025-07-28 01:30:00,88297,2025-07-28 16:30:00,BUY,3330.76,3322.902142857143,3322.902142857143,3346.4757142857147,0.1,-79.27857142857029,-785.7857142857029,-1.0,SL,2025Q3,2025,30
4603,88330,2025-07-29 10:00:00,88332,2025-07-29 11:00:00,SELL,3317.03,3324.4132142857147,3324.4132142857147,3302.2635714285716,0.1,-74.5321428571453,-738.321428571453,-1.0,SL,2025Q3,2025,2
4604,88347,2025-07-29 18:30:00,88388,2025-07-30 16:00:00,SELL,3325.77,3307.069285714286,3335.120357142857,3307.069285714286,0.1,186.30714285714186,1870.0714285714184,1.9777078515373718,TP,2025Q3,2025,41
4605,88422,2025-07-31 10:00:00,88423,2025-07-31 10:30:00,SELL,3299.0,3307.0014285714287,3307.0014285714287,3282.997142857143,0.1,-80.71428571428733,-800.1428571428733,-1.0,SL,2025Q3,2025,1
4606,88438,2025-07-31 18:00:00,88457,2025-08-01 04:30:00,BUY,3296.29,3286.0075,3286.0075,3316.8549999999996,0.1,-103.524999999998,-1028.24999999998,-1.0,SL,2025Q3,2025,19
4607,88466,2025-08-01 09:00:00,88479,2025-08-01 15:30:00,SELL,3296.5,3304.628928571429,3304.628928571429,3280.242142857143,0.1,-81.98928571428787,-812.8928571428787,-1.0,SL,2025Q3,2025,13
4608,88483,2025-08-01 17:30:00,88493,2025-08-01 22:30:00,SELL,3345.89,3360.742142857143,3360.742142857143,3316.1857142857143,0.1,-149.22142857143007,-1485.2142857143008,-1.0,SL,2025Q3,2025,10
4609,88497,2025-08-04 01:30:00,88523,2025-08-04 14:30:00,SELL,3360.51,3369.2282142857143,3369.2282142857143,3343.073571428572,0.1,-87.88214285714112,-871.8214285714112,-1.0,SL,2025Q3,2025,26
4610,88525,2025-08-04 15:30:00,88526,2025-08-04 16:00:00,SELL,3363.7,3372.5392857142856,3372.5392857142856,3346.0214285714283,0.1,-89.0928571428578,-883.9285714285779,-1.0,SL,2025Q3,2025,1
4611,88570,2025-08-05 15:00:00,88571,2025-08-05 15:30:00,BUY,3351.49,3366.7621428571424,3343.8539285714282,3366.7621428571424,0.1,152.02142857142627,1527.2142857142626,1.9727487602539155,TP,2025Q3,2025,1
4612,88574,2025-08-05 17:00:00,88575,2025-08-05 17:30:00,SELL,3375.22,3384.5071428571428,3384.5071428571428,3356.6457142857143,0.1,-93.57142857142954,-928.7142857142953,-1.0,SL,2025Q3,2025,1
4613,88577,2025-08-05 18:30:00,88610,2025-08-06 12:00:00,SELL,3384.68,3364.592857142857,3394.723571428571,3364.592857142857,0.1,200.17142857142682,2008.714285714268,1.9792358217388233,TP,2025Q3,2025,33
4614,88613,2025-08-06 13:30:00,88621,2025-08-06 17:30:00,BUY,3363.86,3378.5085714285715,3356.5357142857147,3378.5085714285715,0.1,145.7857142857136,1464.8571428571358,1.9715996908810498,TP,2025Q3,2025,8
4615,88623,2025-08-06 18:30:00,88651,2025-08-07 09:30:00,SELL,3376.45,3384.637857142857,3384.637857142857,3360.0742857142855,0.1,-82.57857142856956,-818.7857142856956,-1.0,SL,2025Q3,2025,28
4616,88680,2025-08-08 01:00:00,88686,2025-08-08 04:00:00,SELL,3403.3,3384.5178571428573,3412.691071428572,3384.5178571428573,0.1,187.12142857142845,1878.2142857142844,1.9778037824166224,TP,2025Q3,2025,6
4617,88707,2025-08-08 14:30:00,88720,2025-08-08 21:00:00,BUY,3381.87,3402.3771428571426,3371.6164285714285,3402.3771428571426,0.1,204.37142857142754,2050.7142857142753,1.9796582024493183,TP,2025Q3,2025,13
4618,88721,2025-08-08 21:30:00,88732,2025-08-11 04:00:00,BUY,3394.39,3378.5264285714284,3378.5264285714284,3426.117142857143,0.1,-159.33571428571503,-1586.3571428571504,-1.0,SL,2025Q3,2025,11
4619,88745,2025-08-11 10:30:00,88748,2025-08-11 12:00:00,BUY,3365.67,3355.299642857143,3355.299642857143,3386.410714285714,0.1,-104.40357142856847,-1037.0357142856847,-1.0,SL,2025Q3,2025,3
4620,88749,2025-08-11 12:30:00,88749,2025-08-11 12:30:00,BUY,3363.67,3354.5253571428575,3354.5253571428575,3381.959285714285,0.1,-92.14642857142572,-914.4642857142571,-1.0,SL,2025Q3,2025,0
4621,88754,2025-08-11 15:00:00,88759,2025-08-11 17:30:00,BUY,3355.41,3344.2714285714287,3344.2714285714287,3377.6871428571426,0.1,-112.0857142857114,-1113.857142857114,-1.0,SL,2025Q3,2025,5
4622,88760,2025-08-11 18:00:00,88804,2025-08-12 17:00:00,BUY,3346.47,3332.9024999999997,3332.9024999999997,3373.6049999999996,0.1,-136.37500000000108,-1356.750000000011,-1.0,SL,2025Q3,2025,44
4623,88807,2025-08-12 18:30:00,88850,2025-08-13 17:00:00,SELL,3354.65,3370.3882142857146,3370.3882142857146,3323.1735714285714,0.1,-158.08214285714547,-1573.8214285714548,-1.0,SL,2025Q3,2025,43
4624,88851,2025-08-13 17:30:00,88869,2025-08-14 03:30:00,SELL,3364.71,3373.367142857143,3373.367142857143,3347.3957142857143,0.1,-87.27142857142844,-865.7142857142844,-1.0,SL,2025Q3,2025,18
4625,88870,2025-08-14 04:00:00,88874,2025-08-14 06:00:00,SELL,3369.36,3357.707142857143,3375.1864285714287,3357.707142857143,0.1,115.82857142857101,1165.2857142857101,1.9643852210781343,TP,2025Q3,2025,4
4626,88885,2025-08-14 11:30:00,88896,2025-08-14 17:00:00,BUY,3349.85,3341.0578571428573,3341.0578571428573,3367.434285714285,0.1,-88.62142857142608,-879.2142857142608,-1.0,SL,2025Q3,2025,11
4627,88897,2025-08-14 17:30:00,88900,2025-08-14 19:00:00,BUY,3345.0,3332.2200000000003,3332.2200000000003,3370.56,0.1,-128.49999999999744,-1277.9999999999745,-1.0,SL,2025Q3,2025,3
4628,88924,2025-08-15 08:00:00,88939,2025-08-15 15:30:00,SELL,3345.32,3335.0728571428576,3350.4435714285714,3335.0728571428576,0.1,101.77142857142535,1024.7142857142535,1.9595653967817341,TP,2025Q3,2025,15
4629,88940,2025-08-15 16:00:00,88941,2025-08-15 16:30:00,BUY,3342.8,3334.445,3334.445,3359.51,0.1,-84.25000000000018,-835.5000000000018,-1.0,SL,2025Q3,2025,1
4630,88942,2025-08-15 17:00:00,88958,2025-08-18 02:00:00,BUY,3334.87,3325.4371428571426,3325.4371428571426,3353.7357142857145,0.1,-95.02857142857302,-943.2857142857301,-1.0,SL,2025Q3,2025,16
4631,88965,2025-08-18 05:30:00,88967,2025-08-18 06:30:00,SELL,3342.67,3350.4303571428572,3350.4303571428572,3327.149285714286,0.1,-78.30357142857174,-776.0357142857174,-1.0,SL,2025Q3,2025,2
4632,88968,2025-08-18 07:00:00,88969,2025-08-18 07:30:00,SELL,3346.93,3355.0289285714284,3355.0289285714284,3330.7321428571427,0.1,-81.68928571428587,-809.8928571428587,-1.0,SL,2025Q3,2025,1
4633,88971,2025-08-18 08:30:00,88988,2025-08-18 17:00:00,SELL,3351.12,3333.3707142857143,3359.994642857143,3333.3707142857143,0.1,176.79285714285635,1774.9285714285634,1.976522259932072,TP,2025Q3,2025,17
4634,88989,2025-08-18 17:30:00,89006,2025-08-19 03:00:00,BUY,3335.96,3329.3792857142857,3329.3792857142857,3349.1214285714286,0.1,-66.50714285714294,-658.0714285714294,-1.0,SL,2025Q3,2025,17
4635,89007,2025-08-19 03:30:00,89007,2025-08-19 03:30:00,BUY,3337.45,3332.992857142857,3332.992857142857,3346.3642857142854,0.1,-45.27142857143026,-445.7142857143026,-1.0,SL,2025Q3,2025,0
4636,89014,2025-08-19 07:00:00,89026,2025-08-19 13:00:00,SELL,3337.66,3344.141071428571,3344.141071428571,3324.6978571428567,0.1,-65.5107142857134,-648.107142857134,-1.0,SL,2025Q3,2025,12
4637,89054,2025-08-20 04:00:00,89054,2025-08-20 04:00:00,BUY,3316.11,3312.0225,3312.0225,3324.285,0.1,-41.57500000000091,-408.7500000000091,-1.0,SL,2025Q3,2025,0
4638,89062,2025-08-20 08:00:00,89063,2025-08-20 08:30:00,SELL,3318.56,3323.5046428571427,3323.5046428571427,3308.670714285714,0.1,-50.146428571427535,-494.4642857142753,-1.0,SL,2025Q3,2025,1
4639,89065,2025-08-20 09:30:00,89074,2025-08-20 14:00:00,SELL,3323.36,3328.8982142857144,3328.8982142857144,3312.283571428571,0.1,-56.082142857142756,-553.8214285714275,-1.0,SL,2025Q3,2025,9
4640,89082,2025-08-20 18:00:00,89119,2025-08-21 13:30:00,SELL,3346.81,3332.4164285714282,3354.006785714286,3332.4164285714282,0.1,143.23571428571705,1439.3571428571704,1.9711013908684334,TP,2025Q3,2025,37
4641,89121,2025-08-21 14:30:00,89123,2025-08-21 15:30:00,BUY,3331.18,3343.9771428571426,3324.7814285714285,3343.9771428571426,0.1,127.27142857142717,1279.7142857142717,1.9675353356890455,TP,2025Q3,2025,2
4642,89124,2025-08-21 16:00:00,89157,2025-08-22 09:30:00,SELL,3341.84,3326.0985714285716,3349.7107142857144,3326.0985714285716,0.1,156.71428571428515,1574.1428571428514,1.9735540163713232,TP,2025Q3,2025,33
4643,89158,2025-08-22 10:00:00,89169,2025-08-22 15:30:00,BUY,3329.67,3324.849642857143,3324.849642857143,3339.3107142857143,0.1,-48.9035714285712,-482.03571428571195,-1.0,SL,2025Q3,2025,11
4644,89172,2025-08-22 17:00:00,89172,2025-08-22 17:00:00,SELL,3334.58,3341.474642857143,3341.474642857143,3320.790714285714,0.1,-69.64642857143026,-689.4642857143026,-1.0,SL,2025Q3,2025,0
4645,89176,2025-08-22 19:00:00,89236,2025-08-26 03:00:00,SELL,3367.67,3378.7882142857143,3378.7882142857143,3345.433571428571,0.1,-111.88214285714203,-1111.8214285714203,-1.0,SL,2025Q3,2025,60
4646,89237,2025-08-26 03:30:00,89242,2025-08-26 06:00:00,BUY,3377.5,3369.950714285714,3369.950714285714,3392.598571428571,0.1,-76.19285714285816,-754.9285714285816,-1.0,SL,2025Q3,2025,5
4647,89258,2025-08-26 14:00:00,89267,2025-08-26 18:30:00,BUY,3372.38,3388.237142857143,3364.4514285714286,3388.237142857143,0.1,157.87142857143118,1585.7142857143117,1.9737453116627974,TP,2025Q3,2025,9
4648,89277,2025-08-26 23:30:00,89290,2025-08-27 07:00:00,SELL,3390.23,3377.602142857143,3396.5439285714288,3377.602142857143,0.1,125.5785714285701,1262.785714285701,1.9671048951048247,TP,2025Q3,2025,13
4649,89297,2025-08-27 10:30:00,89312,2025-08-27 18:00:00,BUY,3375.17,3387.0628571428574,3369.2235714285716,3387.0628571428574,0.1,118.22857142857337,1189.2857142857338,1.965095571649131,TP,2025Q3,2025,15
4650,89325,2025-08-28 01:30:00,89332,2025-08-28 05:00:00,SELL,3396.29,3385.5392857142856,3401.6653571428574,3385.5392857142856,0.1,106.80714285714366,1075.0714285714366,1.9614350364005215,TP,2025Q3,2025,7
4651,89333,2025-08-28 05:30:00,89342,2025-08-28 10:00:00,BUY,3386.84,3397.1985714285715,3381.660714285714,3397.1985714285715,0.1,102.88571428571395,1035.8571428571395,1.959994557082511,TP,2025Q3,2025,9
4652,89347,2025-08-28 12:30:00,89351,2025-08-28 14:30:00,SELL,3399.22,3404.5407142857143,3404.5407142857143,3388.578571428571,0.1,-53.9071428571453,-532.071428571453,-1.0,SL,2025Q3,2025,4
4653,89352,2025-08-28 15:00:00,89355,2025-08-28 16:30:00,SELL,3403.97,3409.8199999999997,3409.8199999999997,3392.27,0.1,-59.19999999999909,-584.9999999999909,-1.0,SL,2025Q3,2025,3
4654,89356,2025-08-28 17:00:00,89360,2025-08-28 19:00:00,SELL,3406.93,3414.9624999999996,3414.9624999999996,3390.865,0.1,-81.024999999998,-803.24999999998,-1.0,SL,2025Q3,2025,4
4655,89362,2025-08-28 20:00:00,89401,2025-08-29 16:30:00,SELL,3415.4,3424.8060714285716,3424.8060714285716,3396.587857142857,0.1,-94.76071428571522,-940.6071428571522,-1.0,SL,2025Q3,2025,39
4656,89406,2025-08-29 19:00:00,89413,2025-08-29 22:30:00,SELL,3445.43,3453.7517857142857,3453.7517857142857,3428.786428571428,0.1,-83.91785714285852,-832.1785714285852,-1.0,SL,2025Q3,2025,7
4657,89427,2025-09-01 06:30:00,89432,2025-09-01 09:00:00,SELL,3471.41,3485.5592857142856,3485.5592857142856,3443.1114285714284,0.1,-142.19285714285724,-1414.9285714285725,-1.0,SL,2025Q3,2025,5
4658,89433,2025-09-01 09:30:00,89464,2025-09-02 04:30:00,SELL,3485.36,3499.651785714286,3499.651785714286,3456.7764285714284,0.1,-143.6178571428565,-1429.1785714285652,-1.0,SL,2025Q3,2025,31
4659,89465,2025-09-02 05:00:00,89476,2025-09-02 10:30:00,SELL,3497.75,3478.6678571428574,3507.2910714285713,3478.6678571428574,0.1,190.12142857142572,1908.2142857142571,1.978150198803463,TP,2025Q3,2025,11
4660,89477,2025-09-02 11:00:00,89489,2025-09-02 17:00:00,BUY,3476.98,3504.217857142857,3463.3610714285714,3504.217857142857,0.1,271.6785714285714,2723.7857142857138,1.9846591353805214,TP,2025Q3,2025,12
4661,89492,2025-09-02 18:30:00,89494,2025-09-02 19:30:00,SELL,3512.73,3527.7214285714285,3527.7214285714285,3482.747142857143,0.1,-150.61428571428513,-1499.1428571428514,-1.0,SL,2025Q3,2025,2
4662,89498,2025-09-02 21:30:00,89507,2025-09-03 03:00:00,SELL,3529.75,3544.8175,3544.8175,3499.615,0.1,-151.37500000000108,-1506.750000000011,-1.0,SL,2025Q3,2025,9
4663,89508,2025-09-03 03:30:00,89529,2025-09-03 14:00:00,SELL,3536.8,3546.276785714286,3546.276785714286,3517.846428571429,0.1,-95.46785714285598,-947.6785714285597,-1.0,SL,2025Q3,2025,21
4664,89530,2025-09-03 14:30:00,89533,2025-09-03 16:00:00,SELL,3545.58,3554.2392857142854,3554.2392857142854,3528.2614285714285,0.1,-87.29285714285488,-865.9285714285488,-1.0,SL,2025Q3,2025,3
4665,89535,2025-09-03 17:00:00,89535,2025-09-03 17:00:00,SELL,3553.07,3563.4617857142857,3563.4617857142857,3532.2864285714286,0.1,-104.61785714285561,-1039.178571428556,-1.0,SL,2025Q3,2025,0
4666,89539,2025-09-03 19:00:00,89542,2025-09-03 20:30:00,SELL,3563.82,3575.6625000000004,3575.6625000000004,3540.135,0.1,-119.125000000002,-1184.25000000002,-1.0,SL,2025Q3,2025,3
4667,89544,2025-09-03 21:30:00,89553,2025-09-04 03:00:00,SELL,3574.51,3552.1000000000004,3585.715,3552.1000000000004,0.1,223.39999999999856,2240.9999999999854,1.9813747228381373,TP,2025Q3,2025,9
4668,89558,2025-09-04 05:30:00,89558,2025-09-04 05:30:00,BUY,3545.15,3534.3478571428573,3534.3478571428573,3566.7542857142857,0.1,-108.72142857142826,-1080.2142857142826,-1.0,SL,2025Q3,2025,0
4669,89560,2025-09-04 06:30:00,89580,2025-09-04 16:30:00,BUY,3529.93,3556.160714285714,3516.8146428571426,3556.160714285714,0.1,261.60714285714386,2623.0714285714384,1.9840732414204072,TP,2025Q3,2025,20
4670,89581,2025-09-04 17:00:00,89585,2025-09-04 19:00:00,SELL,3543.1,3554.8267857142855,3554.8267857142855,3519.6464285714283,0.1,-117.96785714285598,-1172.6785714285597,-1.0,SL,2025Q3,2025,4
4671,89602,2025-09-05 04:30:00,89624,2025-09-05 15:30:00,SELL,3554.99,3562.7246428571425,3562.7246428571425,3539.5207142857143,0.1,-78.04642857142717,-773.4642857142717,-1.0,SL,2025Q3,2025,22
4672,89628,2025-09-05 17:30:00,89630,2025-09-05 18:30:00,SELL,3579.13,3593.3575,3593.3575,3550.675,0.1,-142.97499999999962,-1422.7499999999964,-1.0,SL,2025Q3,2025,2
4673,89633,2025-09-05 20:00:00,89660,2025-09-08 10:30:00,SELL,3595.08,3611.9817857142857,3611.9817857142857,3561.2764285714284,0.1,-169.71785714285778,-1690.178571428578,-1.0,SL,2025Q3,2025,27
4674,89661,2025-09-08 11:00:00,89665,2025-09-08 13:00:00,SELL,3609.27,3619.653214285714,3619.653214285714,3588.5035714285714,0.1,-104.53214285714076,-1038.3214285714075,-1.0,SL,2025Q3,2025,4
4675,89672,2025-09-08 16:30:00,89672,2025-09-08 16:30:00,SELL,3624.06,3634.8664285714285,3634.8664285714285,3602.447142857143,0.1,-108.76428571428569,-1080.6428571428569,-1.0,SL,2025Q3,2025,0
4676,89674,2025-09-08 17:30:00,89675,2025-09-08 18:00:00,SELL,3630.09,3641.5007142857144,3641.5007142857144,3607.2685714285717,0.1,-114.80714285714221,-1141.071428571422,-1.0,SL,2025Q3,2025,1
4677,89676,2025-09-08 18:30:00,89695,2025-09-09 05:00:00,SELL,3636.49,3648.3764285714283,3648.3764285714283,3612.717142857143,0.1,-119.56428571428496,-1188.6428571428496,-1.0,SL,2025Q3,2025,19
4678,89697,2025-09-09 06:00:00,89700,2025-09-09 07:30:00,SELL,3647.51,3655.9614285714288,3655.9614285714288,3630.6071428571427,0.1,-85.21428571428551,-845.1428571428551,-1.0,SL,2025Q3,2025,3
4679,89703,2025-09-09 09:00:00,89718,2025-09-09 16:30:00,SELL,3655.16,3664.5285714285715,3664.5285714285715,3636.4228571428566,0.1,-94.38571428571613,-936.8571428571613,-1.0,SL,2025Q3,2025,15
4680,89720,2025-09-09 17:30:00,89732,2025-09-09 23:30:00,SELL,3653.04,3626.4214285714284,3666.3492857142855,3626.4214285714284,0.1,265.48571428571614,2661.8571428571613,1.9843040948161144,TP,2025Q3,2025,12
4681,89739,2025-09-10 04:00:00,89747,2025-09-10 08:00:00,BUY,3624.1,3643.2592857142854,3614.5203571428574,3643.2592857142854,0.1,190.8928571428549,1915.9285714285488,1.9782375365484013,TP,2025Q3,2025,8
4682,89749,2025-09-10 09:00:00,89756,2025-09-10 12:30:00,SELL,3642.85,3652.203571428571,3652.203571428571,3624.1428571428573,0.1,-94.23571428571286,-935.3571428571286,-1.0,SL,2025Q3,2025,7
4683,89759,2025-09-10 14:00:00,89767,2025-09-10 18:00:00,SELL,3655.2,3639.6257142857144,3662.9871428571428,3639.6257142857144,0.1,155.04285714285453,1557.4285714285452,1.9732727272726698,TP,2025Q3,2025,8
4684,89768,2025-09-10 18:30:00,89789,2025-09-11 06:00:00,BUY,3644.44,3633.832857142857,3633.832857142857,3665.654285714286,0.1,-106.77142857143117,-1060.7142857143117,-1.0,SL,2025Q3,2025,21
4685,89794,2025-09-11 08:30:00,89794,2025-09-11 08:30:00,BUY,3631.31,3624.6521428571427,3624.6521428571427,3644.625714285714,0.1,-67.2785714285721,-665.785714285721,-1.0,SL,2025Q3,2025,0
4686,89796,2025-09-11 09:30:00,89797,2025-09-11 10:00:00,BUY,3633.58,3625.325714285714,3625.325714285714,3650.088571428571,0.1,-83.24285714285743,-825.4285714285743,-1.0,SL,2025Q3,2025,1
4687,89809,2025-09-11 16:00:00,89838,2025-09-12 07:30:00,BUY,3629.46,3654.84,3616.77,3654.84,0.1,253.1000000000011,2538.000000000011,1.9835423197492164,TP,2025Q3,2025,29
4688,89840,2025-09-12 08:30:00,89847,2025-09-12 12:00:00,SELL,3652.76,3639.4228571428575,3659.4285714285716,3639.4228571428575,0.1,132.67142857142682,1333.714285714268,1.968836124655501,TP,2025Q3,2025,7
4689,89874,2025-09-15 02:30:00,89876,2025-09-15 03:30:00,BUY,3639.41,3634.3764285714283,3634.3764285714283,3649.477142857143,0.1,-51.03571428571577,-503.35714285715767,-1.0,SL,2025Q3,2025,2
4690,89909,2025-09-15 20:00:00,89934,2025-09-16 09:30:00,SELL,3679.09,3691.3567857142857,3691.3567857142857,3654.5564285714286,0.1,-123.36785714285561,-1226.678571428556,-1.0,SL,2025Q3,2025,25
4691,89940,2025-09-16 12:30:00,89949,2025-09-16 17:00:00,SELL,3695.05,3703.027857142857,3703.027857142857,3679.094285714286,0.1,-80.4785714285692,-797.7857142856919,-1.0,SL,2025Q3,2025,9
4692,89950,2025-09-16 17:30:00,89980,2025-09-17 09:30:00,SELL,3692.7,3673.465714285714,3702.3171428571427,3673.465714285714,0.1,191.64285714285762,1923.428571428576,1.9783217814481642,TP,2025Q3,2025,30
4693,89981,2025-09-17 10:00:00,89981,2025-09-17 10:00:00,BUY,3675.16,3667.661071428571,3667.661071428571,3690.157857142857,0.1,-75.68928571428678,-749.8928571428678,-1.0,SL,2025Q3,2025,0
4694,89983,2025-09-17 11:00:00,89995,2025-09-17 17:00:00,BUY,3667.12,3684.1535714285715,3658.603214285714,3684.1535714285715,0.1,169.63571428571578,1703.3571428571577,1.9755438173272366,TP,2025Q3,2025,12
4695,89997,2025-09-17 18:00:00,90003,2025-09-17 21:00:00,SELL,3684.22,3693.843571428571,3693.843571428571,3664.972857142857,0.1,-96.93571428571268,-962.3571428571267,-1.0,SL_AMBIGUOUS_PESSIMISTIC,2025Q3,2025,6
4696,90004,2025-09-17 21:30:00,90004,2025-09-17 21:30:00,BUY,3683.04,3669.1114285714284,3669.1114285714284,3710.897142857143,0.1,-139.98571428571557,-1392.8571428571558,-1.0,SL,2025Q3,2025,0
4697,90032,2025-09-18 12:30:00,90040,2025-09-18 16:30:00,SELL,3671.06,3646.835,3683.1725,3646.835,0.1,241.5499999999991,2422.499999999991,1.9827621588343565,TP,2025Q3,2025,8
4698,90041,2025-09-18 17:00:00,90089,2025-09-19 18:00:00,BUY,3642.31,3670.0364285714286,3628.446785714286,3670.0364285714286,0.1,276.5642857142864,2772.642857142864,1.9849281008894797,TP,2025Q3,2025,48
4699,90098,2025-09-19 22:30:00,90107,2025-09-22 04:00:00,SELL,3683.53,3693.087142857143,3693.087142857143,3664.415714285715,0.1,-96.27142857142935,-955.7142857142935,-1.0,SL,2025Q3,2025,9
4700,90108,2025-09-22 04:30:00,90112,2025-09-22 06:30:00,SELL,3689.68,3696.808214285714,3696.808214285714,3675.4235714285714,0.1,-71.98214285713966,-712.8214285713966,-1.0,SL,2025Q3,2025,4
4701,90113,2025-09-22 07:00:00,90117,2025-09-22 09:00:00,SELL,3695.28,3703.451785714286,3703.451785714286,3678.936428571429,0.1,-82.41785714285761,-817.1785714285761,-1.0,SL,2025Q3,2025,4
4702,90122,2025-09-22 11:30:00,90126,2025-09-22 13:30:00,SELL,3717.64,3727.6064285714283,3727.6064285714283,3697.7071428571426,0.1,-100.36428571428424,-996.6428571428423,-1.0,SL,2025Q3,2025,4
4703,90139,2025-09-22 20:00:00,90141,2025-09-22 21:00:00,SELL,3736.96,3747.443928571429,3747.443928571429,3715.992142857143,0.1,-105.53928571428806,-1048.3928571428805,-1.0,SL,2025Q3,2025,2
4704,90142,2025-09-22 21:30:00,90153,2025-09-23 04:00:00,SELL,3745.78,3756.284285714286,3756.284285714286,3724.7714285714287,0.1,-105.74285714285743,-1050.4285714285743,-1.0,SL,2025Q3,2025,11
4705,90154,2025-09-23 04:30:00,90154,2025-09-23 04:30:00,SELL,3749.39,3757.487857142857,3757.487857142857,3733.194285714286,0.1,-81.67857142857265,-809.7857142857265,-1.0,SL,2025Q3,2025,0
4706,90155,2025-09-23 05:00:00,90156,2025-09-23 05:30:00,SELL,3754.44,3737.305714285714,3763.0071428571428,3737.305714285714,0.1,170.64285714285853,1713.4285714285852,1.9756864042342568,TP,2025Q3,2025,1
4707,90190,2025-09-23 22:30:00,90228,2025-09-24 18:30:00,BUY,3758.82,3743.4353571428574,3743.4353571428574,3789.589285714286,0.1,-154.54642857142807,-1538.4642857142808,-1.0,SL,2025Q3,2025,38
4708,90230,2025-09-24 19:30:00,90233,2025-09-24 21:00:00,BUY,3742.22,3730.682857142857,3730.682857142857,3765.2942857142853,0.1,-116.07142857142954,-1153.7142857142953,-1.0,SL,2025Q3,2025,3
4709,90269,2025-09-25 16:00:00,90270,2025-09-25 16:30:00,BUY,3738.88,3725.092857142857,3725.092857142857,3766.4542857142856,0.1,-138.57142857142952,-1378.7142857142953,-1.0,SL,2025Q3,2025,1
4710,90271,2025-09-25 17:00:00,90315,2025-09-26 16:00:00,BUY,3733.82,3764.947142857143,3718.256428571429,3764.947142857143,0.1,310.57142857142645,3112.7142857142644,1.9865673687577101,TP,2025Q3,2025,44
4711,90338,2025-09-29 04:30:00,90339,2025-09-29 05:00:00,SELL,3772.61,3785.3503571428573,3785.3503571428573,3747.1292857142857,0.1,-128.1035714285719,-1274.0357142857192,-1.0,SL,2025Q3,2025,1
4712,90342,2025-09-29 06:30:00,90344,2025-09-29 07:30:00,SELL,3793.34,3808.5907142857145,3808.5907142857145,3762.8385714285714,0.1,-153.20714285714365,-1525.0714285714366,-1.0,SL,2025Q3,2025,2
4713,90346,2025-09-29 08:30:00,90357,2025-09-29 14:00:00,SELL,3805.3,3820.1725,3820.1725,3775.555,0.1,-149.42499999999944,-1487.2499999999945,-1.0,SL,2025Q3,2025,11
4714,90366,2025-09-29 18:30:00,90383,2025-09-30 04:00:00,SELL,3829.3,3842.991785714286,3842.991785714286,3801.9164285714287,0.1,-137.61785714285742,-1369.1785714285743,-1.0,SL,2025Q3,2025,17
4715,90386,2025-09-30 05:30:00,90387,2025-09-30 06:00:00,SELL,3845.64,3855.2314285714283,3855.2314285714283,3826.4571428571426,0.1,-96.61428571428424,-959.1428571428423,-1.0,SL,2025Q3,2025,1
4716,90393,2025-09-30 09:00:00,90396,2025-09-30 10:30:00,SELL,3869.61,3847.9778571428574,3880.4260714285715,3847.9778571428574,0.1,215.62142857142754,2163.2142857142753,1.980709294314491,TP,2025Q3,2025,3
4717,90401,2025-09-30 13:00:00,90409,2025-09-30 17:00:00,BUY,3798.83,3836.8742857142856,3779.8078571428573,3836.8742857142856,0.1,379.7428571428571,3804.4285714285706,1.989000710838439,TP,2025Q3,2025,8
4718,90420,2025-09-30 22:30:00,90431,2025-10-01 05:00:00,SELL,3853.06,3869.7475,3869.7475,3819.685,0.1,-167.575,-1668.75,-1.0,SL,2025Q3,2025,11
4719,90432,2025-10-01 05:30:00,90442,2025-10-01 10:30:00,SELL,3866.1,3875.1214285714286,3875.1214285714286,3848.057142857143,0.1,-90.91428571428715,-902.1428571428714,-1.0,SL,2025Q4,2025,10
4720,90464,2025-10-01 21:30:00,90500,2025-10-02 16:30:00,BUY,3863.15,3896.079285714286,3846.6853571428574,3896.079285714286,0.1,328.59285714285926,3292.9285714285925,1.9872993930492533,TP,2025Q4,2025,36
4721,90501,2025-10-02 17:00:00,90502,2025-10-02 17:30:00,SELL,3875.04,3849.499285714286,3887.810357142857,3849.499285714286,0.1,254.70714285713876,2554.0714285713875,1.9836453147164355,TP,2025Q4,2025,1
4722,90505,2025-10-02 19:00:00,90540,2025-10-03 13:30:00,BUY,3828.36,3866.200714285714,3809.439642857143,3866.200714285714,0.1,377.7071428571406,3784.0714285714057,1.9889417561544394,TP,2025Q4,2025,35
4723,90541,2025-10-03 14:00:00,90544,2025-10-03 15:30:00,SELL,3865.64,3874.8875,3874.8875,3847.145,0.1,-93.17499999999946,-924.7499999999945,-1.0,SL,2025Q4,2025,3
4724,90547,2025-10-03 17:00:00,90562,2025-10-06 01:30:00,SELL,3882.69,3894.7510714285713,3894.7510714285713,3858.567857142857,0.1,-121.31071428571268,-1206.1071428571267,-1.0,SL,2025Q4,2025,15
4725,90572,2025-10-06 06:30:00,90574,2025-10-06 07:30:00,SELL,3921.85,3934.871071428571,3934.871071428571,3895.8078571428573,0.1,-130.91071428571303,-1302.1071428571304,-1.0,SL,2025Q4,2025,2
4726,90576,2025-10-06 08:30:00,90594,2025-10-06 17:30:00,SELL,3936.79,3951.2960714285714,3951.2960714285714,3907.777857142857,0.1,-145.7607142857143,-1450.6071428571431,-1.0,SL,2025Q4,2025,18
4727,90598,2025-10-06 19:30:00,90607,2025-10-07 01:00:00,SELL,3952.49,3970.2275,3970.2275,3917.0149999999994,0.1,-178.0750000000018,-1773.7500000000182,-1.0,SL,2025Q4,2025,9
4728,90612,2025-10-07 03:30:00,90625,2025-10-07 10:00:00,SELL,3974.02,3951.7599999999998,3985.15,3951.7599999999998,0.1,221.9000000000022,2226.000000000022,1.9812500000000002,TP,2025Q4,2025,13
4729,90627,2025-10-07 11:00:00,90635,2025-10-07 15:00:00,BUY,3945.82,3971.133571428572,3933.1632142857143,3971.133571428572,0.1,252.43571428571778,2531.3571428571777,1.9834993685982885,TP,2025Q4,2025,8
4730,90641,2025-10-07 18:00:00,90660,2025-10-08 04:30:00,SELL,3985.57,3999.6110714285714,3999.6110714285714,3957.487857142857,0.1,-141.11071428571285,-1404.1071428571286,-1.0,SL,2025Q4,2025,19
4731,90664,2025-10-08 06:30:00,90665,2025-10-08 07:00:00,SELL,4011.24,4021.2085714285713,4021.2085714285713,3991.3028571428567,0.1,-100.38571428571522,-996.8571428571522,-1.0,SL,2025Q4,2025,1
4732,90669,2025-10-08 09:00:00,90676,2025-10-08 12:30:00,SELL,4028.96,4041.0382142857143,4041.0382142857143,4004.803571428571,0.1,-121.48214285714239,-1207.821428571424,-1.0,SL,2025Q4,2025,7
4733,90678,2025-10-08 13:30:00,90689,2025-10-08 19:00:00,SELL,4040.31,4053.9021428571427,4053.9021428571427,4013.1257142857144,0.1,-136.62142857142788,-1359.214285714279,-1.0,SL,2025Q4,2025,11
4734,90726,2025-10-09 14:30:00,90728,2025-10-09 15:30:00,SELL,4035.9,4046.94,4046.94,4013.82,0.1,-111.09999999999964,-1103.9999999999964,-1.0,SL,2025Q4,2025,2
4735,90733,2025-10-09 18:00:00,90736,2025-10-09 19:30:00,BUY,4023.77,4005.0896428571427,4005.0896428571427,4061.1307142857145,0.1,-187.50357142857246,-1868.0357142857247,-1.0,SL,2025Q4,2025,3
4736,90767,2025-10-10 12:00:00,90779,2025-10-10 18:00:00,SELL,3991.92,4011.4189285714288,4011.4189285714288,3952.9221428571427,0.1,-195.68928571428677,-1949.8928571428678,-1.0,SL,2025Q4,2025,12
4737,90781,2025-10-10 19:00:00,90788,2025-10-10 22:30:00,SELL,3997.6,4020.035714285714,4020.035714285714,3952.7285714285713,0.1,-225.0571428571431,-2243.571428571431,-1.0,SL,2025Q4,2025,7
4738,90807,2025-10-13 09:00:00,90816,2025-10-13 13:30:00,SELL,4063.39,4083.6442857142856,4083.6442857142856,4022.8814285714284,0.1,-203.24285714285742,-2025.4285714285743,-1.0,SL,2025Q4,2025,9
4739,90821,2025-10-13 16:00:00,90822,2025-10-13 16:30:00,SELL,4079.74,4093.391071428571,4093.391071428571,4052.437857142857,0.1,-137.21071428571412,-1365.1071428571413,-1.0,SL,2025Q4,2025,1
4740,90824,2025-10-13 17:30:00,90827,2025-10-13 19:00:00,SELL,4094.55,4108.913571428571,4108.913571428571,4065.8228571428576,0.1,-144.33571428571048,-1436.357142857105,-1.0,SL,2025Q4,2025,3
4741,90850,2025-10-14 07:30:00,90852,2025-10-14 08:30:00,SELL,4163.79,4179.7810714285715,4179.7810714285715,4131.807857142858,0.1,-160.61071428571557,-1599.1071428571558,-1.0,SL_AMBIGUOUS_PESSIMISTIC,2025Q4,2025,2
4742,90853,2025-10-14 09:00:00,90874,2025-10-14 19:30:00,SELL,4121.11,4145.366071428572,4145.366071428572,4072.597857142857,0.1,-243.26071428571885,-2425.6071428571886,-1.0,SL,2025Q4,2025,21
4743,90875,2025-10-14 20:00:00,90885,2025-10-15 02:00:00,SELL,4140.22,4163.816071428571,4163.816071428571,4093.027857142857,0.1,-236.6607142857112,-2359.607142857112,-1.0,SL,2025Q4,2025,10
4744,90886,2025-10-15 02:30:00,90889,2025-10-15 04:00:00,SELL,4163.56,4181.0275,4181.0275,4128.625,0.1,-175.37499999999744,-1746.7499999999745,-1.0,SL,2025Q4,2025,3
4745,90899,2025-10-15 09:00:00,90902,2025-10-15 10:30:00,SELL,4185.82,4203.5146428571425,4203.5146428571425,4150.430714285714,0.1,-177.64642857142752,-1769.4642857142753,-1.0,SL,2025Q4,2025,3
4746,90927,2025-10-15 23:00:00,90936,2025-10-16 04:30:00,SELL,4210.28,4229.893571428572,4229.893571428572,4171.052857142857,0.1,-196.83571428571958,-1961.3571428571959,-1.0,SL,2025Q4,2025,9
4747,90938,2025-10-16 05:30:00,90954,2025-10-16 13:30:00,SELL,4231.6,4246.403928571429,4246.403928571429,4201.992142857143,0.1,-148.73928571428513,-1480.3928571428514,-1.0,SL,2025Q4,2025,16
4748,90955,2025-10-16 14:00:00,90961,2025-10-16 17:00:00,SELL,4242.63,4260.971785714286,4260.971785714286,4205.946428571428,0.1,-184.11785714285833,-1834.1785714285834,-1.0,SL,2025Q4,2025,6
4749,90963,2025-10-16 18:00:00,90965,2025-10-16 19:00:00,SELL,4263.22,4282.394285714286,4282.394285714286,4224.871428571429,0.1,-192.4428571428536,-1917.428571428536,-1.0,SL,2025Q4,2025,2
4750,90968,2025-10-16 20:30:00,90973,2025-10-16 23:00:00,SELL,4290.03,4313.193214285714,4313.193214285714,4243.703571428571,0.1,-232.33214285714274,-2316.3214285714275,-1.0,SL,2025Q4,2025,5
4751,91004,2025-10-17 15:30:00,91006,2025-10-17 16:30:00,BUY,4293.7,4259.419642857143,4259.419642857143,4362.260714285714,0.1,-343.503571428567,-3428.03571428567,-1.0,SL,2025Q4,2025,2
4752,91014,2025-10-17 20:30:00,91049,2025-10-20 15:00:00,BUY,4201.05,4294.482857142857,4154.333571428571,4294.482857142857,0.1,933.6285714285684,9343.285714285685,1.9955115189080888,TP,2025Q4,2025,35
4753,91054,2025-10-20 17:30:00,91055,2025-10-20 18:00:00,SELL,4326.34,4352.74,4352.74,4273.540000000001,0.1,-264.69999999999635,-2639.9999999999636,-1.0,SL,2025Q4,2025,1
4754,91082,2025-10-21 08:30:00,91086,2025-10-21 10:30:00,BUY,4333.32,4315.055357142857,4315.055357142857,4369.849285714285,0.1,-183.3464285714246,-1826.4642857142462,-1.0,SL,2025Q4,2025,4
4755,91101,2025-10-21 18:00:00,91116,2025-10-22 02:30:00,BUY,4139.05,4092.014285714286,4092.014285714286,4233.121428571429,0.1,-471.0571428571422,-4703.571428571422,-1.0,SL,2025Q4,2025,15
4756,91125,2025-10-22 07:00:00,91138,2025-10-22 13:30:00,SELL,4128.24,4039.592142857143,4172.563928571429,4039.592142857143,0.1,885.7785714285699,8864.7857142857,1.9952696234201706,TP,2025Q4,2025,13
4757,91157,2025-10-22 23:00:00,91189,2025-10-23 16:00:00,SELL,4101.92,4140.413214285714,4140.413214285714,4024.9335714285717,0.1,-385.632142857142,-3849.3214285714203,-1.0,SL,2025Q4,2025,32
4758,91191,2025-10-23 17:00:00,91221,2025-10-24 09:00:00,SELL,4144.89,4095.6042857142857,4169.532857142858,4095.6042857142857,0.1,492.15714285714677,4928.571428571468,1.9915023989825638,TP,2025Q4,2025,30
4759,91232,2025-10-24 14:30:00,91235,2025-10-24 16:00:00,BUY,4056.6,4102.881428571429,4033.4592857142857,4102.881428571429,0.1,462.11428571428934,4628.142857142893,1.9909524542237464,TP,2025Q4,2025,3
4760,91256,2025-10-27 02:30:00,91272,2025-10-27 10:30:00,BUY,4067.84,4042.901428571429,4042.901428571429,4117.717142857143,0.1,-250.0857142857132,-2493.857142857132,-1.0,SL,2025Q4,2025,16
4761,91278,2025-10-27 13:30:00,91283,2025-10-27 16:00:00,BUY,4030.43,4008.0864285714283,4008.0864285714283,4075.1171428571424,0.1,-224.1357142857152,-2234.357142857152,-1.0,SL,2025Q4,2025,5
4762,91285,2025-10-27 17:00:00,91313,2025-10-28 08:00:00,BUY,3988.15,3957.702142857143,3957.702142857143,4049.0457142857144,0.1,-305.17857142857173,-3044.7857142857174,-1.0,SL,2025Q4,2025,28
4763,91317,2025-10-28 10:00:00,91318,2025-10-28 10:30:00,BUY,3932.78,3908.679285714286,3908.679285714286,3980.9814285714288,0.1,-241.70714285714274,-2410.0714285714275,-1.0,SL,2025Q4,2025,1
4764,91320,2025-10-28 11:30:00,91331,2025-10-28 17:00:00,BUY,3904.9,3958.1692857142853,3878.2653571428573,3958.1692857142853,0.1,531.9928571428516,5326.928571428516,1.9921361988953061,TP,2025Q4,2025,11
4765,91336,2025-10-28 19:30:00,91343,2025-10-29 00:00:00,SELL,3967.18,3919.2935714285713,3991.123214285714,3919.2935714285713,0.1,478.164285714285,4788.64285714285,1.9912548150572047,TP,2025Q4,2025,7
4766,91361,2025-10-29 09:00:00,91361,2025-10-29 09:00:00,SELL,3977.75,3997.0389285714286,3997.0389285714286,3939.1721428571427,0.1,-193.5892857142864,-1928.8928571428642,-1.0,SL,2025Q4,2025,0
4767,91366,2025-10-29 11:30:00,91383,2025-10-29 20:00:00,SELL,4016.96,3977.6685714285713,4036.6057142857144,3977.6685714285713,0.1,392.214285714287,3929.1428571428696,1.9893485979276866,TP,2025Q4,2025,17
4768,91387,2025-10-29 22:00:00,91389,2025-10-30 00:00:00,BUY,3945.93,3918.3546428571426,3918.3546428571426,4001.080714285714,0.1,-276.4535714285723,-2757.535714285723,-1.0,SL,2025Q4,2025,2
4769,91390,2025-10-30 00:30:00,91411,2025-10-30 11:00:00,BUY,3937.44,3999.0299999999997,3906.6450000000004,3999.0299999999997,0.1,615.1999999999969,6158.999999999969,1.993196176899415,TP,2025Q4,2025,21
4770,91422,2025-10-30 16:30:00,91431,2025-10-30 21:00:00,SELL,3997.98,4025.679642857143,4025.679642857143,3942.5807142857143,0.1,-277.6964285714286,-2769.9642857142862,-1.0,SL,2025Q4,2025,9
4771,91434,2025-10-30 22:30:00,91436,2025-10-31 00:30:00,SELL,4019.15,4039.6903571428575,4039.6903571428575,3978.069285714286,0.1,-206.10357142857373,-2054.0357142857374,-1.0,SL,2025Q4,2025,2
4772,91446,2025-10-31 05:30:00,91471,2025-10-31 18:00:00,BUY,4000.43,3978.741071428571,3978.741071428571,4043.807857142857,0.1,-217.5892857142873,-2168.8928571428733,-1.0,SL,2025Q4,2025,25
4773,91495,2025-11-03 08:00:00,91541,2025-11-04 08:00:00,SELL,4013.77,3968.71,4036.3,3968.71,0.1,449.89999999999947,4505.9999999999945,1.99070796460175,TP,2025Q4,2025,46
4774,91542,2025-11-04 08:30:00,91557,2025-11-04 16:00:00,BUY,3975.77,3960.3960714285713,3960.3960714285713,4006.5178571428573,0.1,-154.43928571428677,-1537.3928571428678,-1.0,SL,2025Q4,2025,15
4775,91559,2025-11-04 17:00:00,91566,2025-11-04 20:30:00,BUY,3957.01,3939.3485714285716,3939.3485714285716,3992.3328571428574,0.1,-177.31428571428586,-1766.1428571428587,-1.0,SL,2025Q4,2025,7
4776,91609,2025-11-05 19:00:00,91635,2025-11-06 09:00:00,SELL,3986.71,4003.15,4003.15,3953.8300000000004,0.1,-165.10000000000053,-1644.0000000000055,-1.0,SL,2025Q4,2025,26
4777,91639,2025-11-06 11:00:00,91649,2025-11-06 16:00:00,SELL,4014.72,3993.2892857142856,4025.435357142857,3993.2892857142856,0.1,213.60714285714204,2143.0714285714203,1.9805291565945893,TP,2025Q4,2025,10
4778,91652,2025-11-06 17:30:00,91655,2025-11-06 19:00:00,BUY,3987.17,3973.2360714285714,3973.2360714285714,4015.037857142857,0.1,-140.03928571428622,-1393.3928571428623,-1.0,SL,2025Q4,2025,3
4779,91672,2025-11-07 04:30:00,91680,2025-11-07 08:30:00,SELL,3995.39,4007.3417857142854,4007.3417857142854,3971.4864285714284,0.1,-120.21785714285507,-1195.1785714285506,-1.0,SL,2025Q4,2025,8
4780,91682,2025-11-07 09:30:00,91700,2025-11-07 18:30:00,SELL,4003.49,4015.7171428571423,4015.7171428571423,3979.035714285714,0.1,-122.97142857142553,-1222.7142857142553,-1.0,SL,2025Q4,2025,18
4781,91701,2025-11-07 19:00:00,91715,2025-11-10 03:00:00,SELL,4007.56,4025.135714285714,4025.135714285714,3972.4085714285716,0.1,-176.45714285714183,-1757.5714285714184,-1.0,SL,2025Q4,2025,14
4782,91717,2025-11-10 04:00:00,91724,2025-11-10 07:30:00,SELL,4043.86,4058.9457142857145,4058.9457142857145,4013.6885714285713,0.1,-151.55714285714402,-1508.5714285714403,-1.0,SL,2025Q4,2025,7
4783,91728,2025-11-10 09:30:00,91737,2025-11-10 14:00:00,SELL,4075.46,4091.1296428571427,4091.1296428571427,4044.1207142857143,0.1,-157.3964285714266,-1566.9642857142662,-1.0,SL,2025Q4,2025,9
4784,91751,2025-11-10 21:00:00,91759,2025-11-11 02:00:00,SELL,4109.93,4125.14,4125.14,4079.51,0.1,-152.80000000000035,-1521.0000000000036,-1.0,SL,2025Q4,2025,8
4785,91763,2025-11-11 04:00:00,91766,2025-11-11 05:30:00,SELL,4136.14,4147.876428571429,4147.876428571429,4112.6671428571435,0.1,-118.06428571428405,-1173.6428571428405,-1.0,SL,2025Q4,2025,3
4786,91768,2025-11-11 06:30:00,91788,2025-11-11 16:30:00,SELL,4143.88,4121.677857142858,4154.981071428571,4121.677857142858,0.1,221.32142857142463,2220.214285714246,1.981201445058985,TP,2025Q4,2025,20
4787,91789,2025-11-11 17:00:00,91789,2025-11-11 17:00:00,BUY,4124.74,4112.138928571429,4112.138928571429,4149.942142857143,0.1,-126.71071428571231,-1260.107142857123,-1.0,SL,2025Q4,2025,0
4788,91814,2025-11-12 06:30:00,91816,2025-11-12 07:30:00,BUY,4111.6,4098.808214285715,4098.808214285715,4137.183571428573,0.1,-128.6178571428565,-1279.1785714285652,-1.0,SL,2025Q4,2025,2
4789,91817,2025-11-12 08:00:00,91822,2025-11-12 10:30:00,BUY,4104.75,4131.6900000000005,4091.2799999999997,4131.6900000000005,0.1,268.7000000000051,2694.000000000051,1.9844903988183167,TP,2025Q4,2025,5
4790,91831,2025-11-12 15:00:00,91835,2025-11-12 17:00:00,SELL,4130.03,4144.8575,4144.8575,4100.375,0.1,-148.97500000000326,-1482.7500000000327,-1.0,SL,2025Q4,2025,4
4791,91840,2025-11-12 19:30:00,91859,2025-11-13 06:00:00,SELL,4196.29,4215.456785714286,4215.456785714286,4157.956428571429,0.1,-192.3678571428565,-1916.6785714285652,-1.0,SL,2025Q4,2025,19
4792,91860,2025-11-13 06:30:00,91867,2025-11-13 10:00:00,SELL,4209.51,4228.359642857144,4228.359642857144,4171.810714285714,0.1,-189.19642857143407,-1884.9642857143408,-1.0,SL,2025Q4,2025,7
4793,91869,2025-11-13 11:00:00,91880,2025-11-13 16:30:00,SELL,4232.43,4200.574285714286,4248.357857142858,4200.574285714286,0.1,317.85714285714386,3185.5714285714384,1.986873241951991,TP,2025Q4,2025,11
4794,91904,2025-11-14 05:30:00,91910,2025-11-14 08:30:00,SELL,4210.67,4173.324285714286,4229.342857142857,4173.324285714286,0.1,372.7571428571417,3734.5714285714166,1.9887957317073655,TP,2025Q4,2025,6
4795,91912,2025-11-14 09:30:00,91919,2025-11-14 13:00:00,BUY,4163.4,4143.133928571428,4143.133928571428,4203.932142857142,0.1,-203.36071428571194,-2026.6071428571195,-1.0,SL,2025Q4,2025,7
4796,91923,2025-11-14 15:00:00,91923,2025-11-14 15:00:00,BUY,4116.05,4090.9110714285716,4090.9110714285716,4166.327857142857,0.1,-252.0892857142855,-2513.892857142855,-1.0,SL,2025Q4,2025,0
4797,91925,2025-11-14 16:00:00,91982,2025-11-17 21:30:00,BUY,4055.81,4024.9089285714285,4024.9089285714285,4117.612142857142,0.1,-309.7107142857141,-3090.1071428571413,-1.0,SL,2025Q4,2025,57
4798,91984,2025-11-17 22:30:00,92003,2025-11-18 09:00:00,BUY,4027.15,4003.011785714286,4003.011785714286,4075.4264285714285,0.1,-242.08214285714183,-2413.8214285714184,-1.0,SL,2025Q4,2025,19
4799,92005,2025-11-18 10:00:00,92016,2025-11-18 15:30:00,BUY,4013.84,4053.8964285714287,3993.811785714286,4053.8964285714287,0.1,399.8642857142857,4005.642857142857,1.9895513105286766,TP,2025Q4,2025,11
4800,92019,2025-11-18 17:00:00,92045,2025-11-19 07:00:00,SELL,4065.45,4088.1910714285714,4088.1910714285714,4019.9678571428567,0.1,-228.11071428571557,-2274.107142857156,-1.0,SL,2025Q4,2025,26
4801,92048,2025-11-19 08:30:00,92054,2025-11-19 11:30:00,SELL,4092.03,4107.9857142857145,4107.9857142857145,4060.1185714285716,0.1,-160.25714285714292,-1595.5714285714294,-1.0,SL,2025Q4,2025,6
4802,92056,2025-11-19 12:30:00,92064,2025-11-19 16:30:00,SELL,4111.94,4128.611428571428,4128.611428571428,4078.5971428571424,0.1,-167.41428571428804,-1667.1428571428805,-1.0,SL,2025Q4,2025,8
4803,92066,2025-11-19 17:30:00,92067,2025-11-19 18:00:00,SELL,4116.14,4077.212857142858,4135.603571428572,4077.212857142858,0.1,388.5714285714237,3892.714285714237,1.9892492778001012,TP,2025Q4,2025,1
4804,92069,2025-11-19 19:00:00,92085,2025-11-20 04:00:00,BUY,4074.43,4052.6285714285714,4052.6285714285714,4118.032857142856,0.1,-218.71428571428459,-2180.142857142846,-1.0,SL,2025Q4,2025,16
4805,92098,2025-11-20 10:30:00,92107,2025-11-20 15:00:00,BUY,4046.05,4094.159285714286,4021.9953571428573,4094.159285714286,0.1,480.3928571428576,4810.928571428576,1.9912952079231374,TP,2025Q4,2025,9
4806,92109,2025-11-20 16:00:00,92110,2025-11-20 16:30:00,SELL,4080.0,4103.608928571429,4103.608928571429,4032.782142857143,0.1,-236.78928571428804,-2360.8928571428805,-1.0,SL,2025Q4,2025,1
4807,92111,2025-11-20 17:00:00,92138,2025-11-21 07:30:00,SELL,4093.1,4041.847142857143,4118.726428571428,4041.847142857143,0.1,511.8285714285701,5125.285714285701,1.9918276580959178,TP,2025Q4,2025,27
4808,92139,2025-11-21 08:00:00,92139,2025-11-21 08:00:00,BUY,4058.65,4040.2000000000003,4040.2000000000003,4095.55,0.1,-185.19999999999817,-1844.9999999999818,-1.0,SL,2025Q4,2025,0
4809,92141,2025-11-21 09:00:00,92154,2025-11-21 15:30:00,BUY,4032.87,4073.562857142857,4012.5235714285714,4073.562857142857,0.1,406.22857142857066,4069.2857142857065,1.989714165762866,TP,2025Q4,2025,13
4810,92156,2025-11-21 16:30:00,92160,2025-11-21 18:30:00,SELL,4066.55,4090.338928571429,4090.338928571429,4018.972142857143,0.1,-238.5892857142864,-2378.892857142864,-1.0,SL,2025Q4,2025,4
4811,92162,2025-11-21 19:30:00,92210,2025-11-24 20:30:00,SELL,4081.44,4105.363928571429,4105.363928571429,4033.592142857143,0.1,-239.9392857142886,-2392.392857142886,-1.0,SL,2025Q4,2025,48
4812,92216,2025-11-24 23:30:00,92224,2025-11-25 04:30:00,SELL,4132.16,4147.447142857142,4147.447142857142,4101.585714285714,0.1,-153.57142857142497,-1528.7142857142499,-1.0,SL,2025Q4,2025,8
4813,92254,2025-11-25 19:30:00,92288,2025-11-26 13:30:00,SELL,4149.58,4169.8825,4169.8825,4108.975,0.1,-203.7249999999978,-2030.2499999999782,-1.0,SL,2025Q4,2025,34
4814,92290,2025-11-26 14:30:00,92353,2025-11-28 02:30:00,SELL,4161.7,4175.023214285714,4175.023214285714,4135.053571428572,0.1,-133.9321428571413,-1332.321428571413,-1.0,SL,2025Q4,2025,63
4815,92356,2025-11-28 04:00:00,92362,2025-11-28 07:00:00,SELL,4190.93,4174.820000000001,4198.985000000001,4174.820000000001,0.1,160.39999999999674,1610.9999999999673,1.9741538461537351,TP,2025Q4,2025,6
4816,92369,2025-11-28 10:30:00,92380,2025-11-28 16:00:00,BUY,4162.15,4186.03,4150.21,4186.03,0.1,238.1000000000011,2388.000000000011,1.9825145711907497,TP,2025Q4,2025,11
4817,92382,2025-11-28 17:00:00,92387,2025-11-28 19:30:00,SELL,4197.9,4216.985357142857,4216.985357142857,4159.729285714286,0.1,-191.5535714285699,-1908.5357142856992,-1.0,SL,2025Q4,2025,5
4818,92390,2025-11-28 21:00:00,92396,2025-12-01 03:00:00,SELL,4220.23,4236.059285714286,4236.059285714286,4188.5714285714275,0.1,-158.99285714286015,-1582.9285714286016,-1.0,SL,2025Q4,2025,6
4819,92399,2025-12-01 04:30:00,92414,2025-12-01 12:00:00,SELL,4240.93,4258.405000000001,4258.405000000001,4205.9800000000005,0.1,-175.45000000000363,-1747.5000000000364,-1.0,SL,2025Q4,2025,15
4820,92415,2025-12-01 12:30:00,92423,2025-12-01 16:30:00,SELL,4253.05,4221.164285714286,4268.992857142857,4221.164285714286,0.1,318.1571428571413,3188.571428571413,1.9868855384066377,TP,2025Q4,2025,8
4821,92507,2025-12-03 12:30:00,92513,2025-12-03 15:30:00,BUY,4203.11,4224.703571428571,4192.313214285714,4224.703571428571,0.1,215.23571428571523,2159.357142857152,1.9806750583363462,TP,2025Q4,2025,6
4822,92515,2025-12-03 16:30:00,92515,2025-12-03 16:30:00,SELL,4224.43,4238.2525000000005,4238.2525000000005,4196.785,0.1,-138.92500000000217,-1382.2500000000218,-1.0,SL,2025Q4,2025,0
4823,92516,2025-12-03 17:00:00,92517,2025-12-03 17:30:00,SELL,4210.93,4227.825357142858,4227.825357142858,4177.1392857142855,0.1,-169.6535714285739,-1689.5357142857392,-1.0,SL,2025Q4,2025,1
4824,92562,2025-12-04 17:00:00,92564,2025-12-04 18:00:00,SELL,4201.15,4214.961785714286,4214.961785714286,4173.526428571428,0.1,-138.81785714286087,-1381.1785714286088,-1.0,SL,2025Q4,2025,2
4825,92606,2025-12-05 16:00:00,92607,2025-12-05 16:30:00,SELL,4234.33,4243.886071428571,4243.886071428571,4215.217857142858,0.1,-96.26071428571159,-955.6071428571158,-1.0,SL,2025Q4,2025,1
4826,92610,2025-12-05 18:00:00,92610,2025-12-05 18:00:00,SELL,4243.93,4216.546428571429,4257.6217857142865,4216.546428571429,0.1,273.13571428571487,2738.3571428571486,1.9847403524251286,TP,2025Q4,2025,0
4827,92611,2025-12-05 18:30:00,92620,2025-12-05 23:00:00,BUY,4216.65,4198.625357142857,4198.625357142857,4252.699285714285,0.1,-180.9464285714268,-1802.464285714268,-1.0,SL,2025Q4,2025,9
4828,92637,2025-12-08 08:30:00,92654,2025-12-08 17:00:00,SELL,4216.44,4193.950714285714,4227.6846428571425,4193.950714285714,0.1,224.1928571428587,2248.928571428587,1.9814399797986177,TP,2025Q4,2025,17
4829,92677,2025-12-09 05:30:00,92681,2025-12-09 07:30:00,SELL,4197.75,4182.255,4205.4974999999995,4182.255,0.1,154.24999999999892,1549.499999999989,1.9731371921971086,TP,2025Q4,2025,4
4830,92683,2025-12-09 08:30:00,92688,2025-12-09 11:00:00,BUY,4178.74,4197.307857142857,4169.456071428571,4197.307857142857,0.1,184.97857142857066,1856.7857142857065,1.9775495399181964,TP,2025Q4,2025,5
4831,92702,2025-12-09 18:00:00,92756,2025-12-10 22:00:00,SELL,4212.48,4228.2,4228.2,4181.039999999999,0.1,-157.90000000000254,-1572.0000000000255,-1.0,SL,2025Q4,2025,54
4832,92765,2025-12-11 03:30:00,92793,2025-12-11 17:30:00,SELL,4236.01,4255.226071428572,4255.226071428572,4197.577857142857,0.1,-192.8607142857192,-1921.6071428571922,-1.0,SL,2025Q4,2025,28
4833,92795,2025-12-11 18:30:00,92795,2025-12-11 18:30:00,SELL,4257.02,4274.343928571429,4274.343928571429,4222.3721428571425,0.1,-173.9392857142895,-1732.392857142895,-1.0,SL,2025Q4,2025,0
4834,92797,2025-12-11 19:30:00,92824,2025-12-12 10:00:00,SELL,4275.84,4294.840714285715,4294.840714285715,4237.8385714285705,0.1,-190.7071428571482,-1900.071428571482,-1.0,SL,2025Q4,2025,27
4835,92829,2025-12-12 12:30:00,92829,2025-12-12 12:30:00,SELL,4316.75,4327.870357142857,4327.870357142857,4294.509285714285,0.1,-111.90357142856847,-1112.0357142856847,-1.0,SL,2025Q4,2025,0
4836,92835,2025-12-12 15:30:00,92837,2025-12-12 16:30:00,SELL,4335.91,4351.341785714286,4351.341785714286,4305.046428571428,0.1,-155.01785714285978,-1543.178571428598,-1.0,SL,2025Q4,2025,2
4837,92841,2025-12-12 18:30:00,92841,2025-12-12 18:30:00,BUY,4290.04,4263.083928571428,4263.083928571428,4343.952142857143,0.1,-270.26071428571703,-2695.6071428571704,-1.0,SL,2025Q4,2025,0
4838,92842,2025-12-12 19:00:00,92865,2025-12-15 07:30:00,BUY,4281.76,4339.972857142858,4252.653571428572,4339.972857142858,0.1,581.428571428575,5821.28571428575,1.9928024089896752,TP,2025Q4,2025,23
4839,92867,2025-12-15 08:30:00,92882,2025-12-15 16:00:00,SELL,4343.7,4321.4742857142855,4354.812857142857,4321.4742857142855,0.1,221.55714285714276,2222.5714285714275,1.9812212570260603,TP,2025Q4,2025,15
4840,92883,2025-12-15 16:30:00,92884,2025-12-15 17:00:00,BUY,4325.14,4312.981428571429,4312.981428571429,4349.4571428571435,0.1,-122.28571428571122,-1215.8571428571122,-1.0,SL,2025Q4,2025,1
4841,92888,2025-12-15 19:00:00,92910,2025-12-16 07:00:00,BUY,4297.7,4280.1789285714285,4280.1789285714285,4332.742142857143,0.1,-175.91071428571303,-1752.1071428571304,-1.0,SL,2025Q4,2025,22
4842,92911,2025-12-16 07:30:00,92927,2025-12-16 15:30:00,BUY,4280.85,4308.981428571429,4266.784285714286,4308.981428571429,0.1,280.6142857142884,2813.142857142884,1.9851440121273374,TP,2025Q4,2025,16
4843,92930,2025-12-16 17:00:00,92933,2025-12-16 18:30:00,SELL,4324.25,4294.815714285714,4338.967142857143,4294.815714285714,0.1,293.6428571428558,2943.428571428558,1.9857984735774323,TP,2025Q4,2025,3
4844,92957,2025-12-17 07:30:00,92957,2025-12-17 07:30:00,SELL,4330.87,4342.063214285714,4342.063214285714,4308.483571428572,0.1,-112.63214285714021,-1119.321428571402,-1.0,SL,2025Q4,2025,0
4845,92958,2025-12-17 08:00:00,92962,2025-12-17 10:00:00,SELL,4333.79,4309.775000000001,4345.7975,4309.775000000001,0.1,239.4499999999942,2401.499999999942,1.9826122955909746,TP,2025Q4,2025,4
4846,92968,2025-12-17 13:00:00,92974,2025-12-17 16:00:00,BUY,4317.79,4344.029285714286,4304.670357142857,4344.029285714286,0.1,261.6928571428587,2623.928571428587,1.9840784165064584,TP,2025Q4,2025,6
4847,92975,2025-12-17 16:30:00,92976,2025-12-17 17:00:00,SELL,4328.83,4343.733571428571,4343.733571428571,4299.022857142857,0.1,-149.73571428571012,-1490.3571428571013,-1.0,SL,2025Q4,2025,1
4848,92978,2025-12-17 18:00:00,93024,2025-12-18 18:00:00,SELL,4330.33,4347.904642857143,4347.904642857143,4295.180714285714,0.1,-176.4464285714286,-1757.4642857142862,-1.0,SL,2025Q4,2025,46
4849,93066,2025-12-19 16:00:00,93067,2025-12-19 16:30:00,SELL,4328.2,4337.3435714285715,4337.3435714285715,4309.912857142856,0.1,-92.13571428571704,-914.3571428571704,-1.0,SL,2025Q4,2025,1
4850,93068,2025-12-19 17:00:00,93068,2025-12-19 17:00:00,SELL,4332.21,4342.795714285714,4342.795714285714,4311.038571428571,0.1,-106.55714285713948,-1058.5714285713948,-1.0,SL,2025Q4,2025,0
4851,93069,2025-12-19 17:30:00,93069,2025-12-19 17:30:00,SELL,4337.4,4349.013214285714,4349.013214285714,4314.1735714285705,0.1,-116.83214285714094,-1161.3214285714093,-1.0,SL,2025Q4,2025,0
4852,93071,2025-12-19 18:30:00,93084,2025-12-22 02:00:00,SELL,4346.7,4359.919285714286,4359.919285714286,4320.261428571428,0.1,-132.89285714286342,-1321.9285714286343,-1.0,SL,2025Q4,2025,13
4853,93086,2025-12-22 03:00:00,93087,2025-12-22 03:30:00,SELL,4364.83,4374.881071428572,4374.881071428572,4344.727857142856,0.1,-101.21071428571959,-1005.1071428571959,-1.0,SL,2025Q4,2025,1
4854,93093,2025-12-22 06:30:00,93095,2025-12-22 07:30:00,SELL,4394.68,4406.780714285715,4406.780714285715,4370.478571428572,0.1,-121.70714285714276,-1210.0714285714275,-1.0,SL,2025Q4,2025,2
4855,93096,2025-12-22 08:00:00,93097,2025-12-22 08:30:00,SELL,4399.99,4413.528571428571,4413.528571428571,4372.912857142856,0.1,-136.0857142857123,-1353.857142857123,-1.0,SL,2025Q4,2025,1
4856,93099,2025-12-22 09:30:00,93115,2025-12-22 17:30:00,SELL,4415.63,4429.8607142857145,4429.8607142857145,4387.168571428571,0.1,-143.00714285714383,-1423.0714285714384,-1.0,SL,2025Q4,2025,16
4857,93118,2025-12-22 19:00:00,93128,2025-12-23 01:00:00,SELL,4438.68,4452.631071428572,4452.631071428572,4410.777857142858,0.1,-140.21071428571594,-1395.1071428571595,-1.0,SL,2025Q4,2025,10
4858,93157,2025-12-23 15:30:00,93158,2025-12-23 16:00:00,SELL,4488.98,4466.158571428571,4500.390714285714,4466.158571428571,0.1,227.51428571428443,2282.142857142844,1.9817084551731934,TP,2025Q4,2025,1
4859,93161,2025-12-23 17:30:00,93164,2025-12-23 19:00:00,BUY,4441.72,4477.51,4423.825,4477.51,0.1,357.19999999999965,3578.9999999999964,1.988310603952079,TP,2025Q4,2025,3
4860,93178,2025-12-24 03:00:00,93181,2025-12-24 04:30:00,SELL,4511.62,4480.604285714286,4527.1278571428575,4480.604285714286,0.1,309.4571428571424,3101.571428571424,1.986519326883339,TP,2025Q4,2025,3
4861,93214,2025-12-26 09:00:00,93230,2025-12-26 17:00:00,SELL,4511.53,4533.817857142857,4533.817857142857,4466.954285714286,0.1,-223.57857142857318,-2228.785714285732,-1.0,SL,2025Q4,2025,16
4862,93233,2025-12-26 18:30:00,93235,2025-12-26 19:30:00,SELL,4545.71,4510.522142857143,4563.3039285714285,4510.522142857143,0.1,351.17857142856957,3518.7857142856956,1.9881113649689643,TP,2025Q4,2025,2
4863,93248,2025-12-29 03:00:00,93259,2025-12-29 08:30:00,BUY,4497.48,4471.812857142857,4471.812857142857,4548.814285714285,0.1,-257.37142857142607,-2566.7142857142608,-1.0,SL,2025Q4,2025,11
4864,93260,2025-12-29 09:00:00,93260,2025-12-29 09:00:00,BUY,4475.2,4448.825714285715,4448.825714285715,4527.948571428571,0.1,-264.4428571428518,-2637.428571428518,-1.0,SL,2025Q4,2025,0
4865,93261,2025-12-29 09:30:00,93269,2025-12-29 13:30:00,BUY,4471.59,4446.165,4446.165,4522.44,0.1,-254.9500000000018,-2542.500000000018,-1.0,SL,2025Q4,2025,8
4866,93270,2025-12-29 14:00:00,93273,2025-12-29 15:30:00,BUY,4447.0,4419.876785714286,4419.876785714286,4501.246428571428,0.1,-271.9321428571431,-2712.321428571431,-1.0,SL,2025Q4,2025,3
4867,93297,2025-12-30 04:30:00,93302,2025-12-30 07:00:00,SELL,4354.55,4374.804285714286,4374.804285714286,4314.041428571428,0.1,-203.24285714286196,-2025.4285714286198,-1.0,SL,2025Q4,2025,5
4868,93308,2025-12-30 10:00:00,93316,2025-12-30 14:00:00,SELL,4372.38,4393.048928571428,4393.048928571428,4331.042142857143,0.1,-207.38928571428295,-2066.8928571428296,-1.0,SL,2025Q4,2025,8
4869,93319,2025-12-30 15:30:00,93324,2025-12-30 18:00:00,SELL,4393.55,4355.482142857142,4412.583928571429,4355.482142857142,0.1,379.97857142857976,3806.7857142857974,1.9890074965882114,TP,2025Q4,2025,5
4870,93336,2025-12-31 01:00:00,93349,2025-12-31 07:30:00,BUY,4340.9,4319.261428571428,4319.261428571428,4384.177142857142,0.1,-217.08571428571594,-2163.8571428571595,-1.0,SL,2025Q4,2025,13
4871,93351,2025-12-31 08:30:00,93374,2026-01-02 08:00:00,BUY,4307.6,4369.682857142857,4276.558571428573,4369.682857142857,0.1,620.1285714285648,6208.285714285648,1.9932500688768773,TP,2025Q4,2025,23
4872,93384,2026-01-02 13:00:00,93391,2026-01-02 16:30:00,SELL,4395.96,4356.225,4415.8275,4356.225,0.1,396.64999999999674,3973.4999999999673,1.989467084639453,TP,2026Q1,2026,7
4873,93399,2026-01-02 20:30:00,93406,2026-01-05 01:00:00,BUY,4318.71,4362.865714285714,4296.632142857143,4362.865714285714,0.1,440.8571428571366,4415.571428571366,1.9905182700680082,TP,2026Q1,2026,7
4874,93411,2026-01-05 03:30:00,93420,2026-01-05 08:00:00,SELL,4395.92,4417.058214285715,4417.058214285715,4353.643571428572,0.1,-212.08214285714638,-2113.821428571464,-1.0,SL,2026Q1,2026,9
4875,93422,2026-01-05 09:00:00,93429,2026-01-05 12:30:00,SELL,4420.16,4439.611785714285,4439.611785714285,4381.256428571429,0.1,-195.21785714285505,-1945.1785714285506,-1.0,SL,2026Q1,2026,7
4876,93430,2026-01-05 13:00:00,93433,2026-01-05 14:30:00,SELL,4436.13,4409.376428571429,4449.506785714286,4409.376428571429,0.1,266.8357142857138,2675.3571428571377,1.9843828849167355,TP,2026Q1,2026,3
4877,93436,2026-01-05 16:00:00,93438,2026-01-05 17:00:00,BUY,4417.01,4451.6621428571425,4399.683928571429,4451.6621428571425,0.1,345.8214285714228,3465.214285714228,1.9879283089366948,TP,2026Q1,2026,2
4878,93453,2026-01-06 01:30:00,93460,2026-01-06 05:00:00,SELL,4448.75,4463.996428571429,4463.996428571429,4418.257142857143,0.1,-153.16428571428622,-1524.6428571428623,-1.0,SL,2026Q1,2026,7
4879,93462,2026-01-06 06:00:00,93483,2026-01-06 16:30:00,SELL,4467.46,4483.399642857143,4483.399642857143,4435.580714285714,0.1,-160.09642857142643,-1593.9642857142644,-1.0,SL,2026Q1,2026,21
4880,93485,2026-01-06 17:30:00,93498,2026-01-07 01:00:00,SELL,4480.95,4498.068214285714,4498.068214285714,4446.713571428571,0.1,-171.88214285714201,-1711.8214285714203,-1.0,SL,2026Q1,2026,13
4881,93504,2026-01-07 04:00:00,93511,2026-01-07 07:30:00,BUY,4465.7,4451.088928571428,4451.088928571428,4494.922142857143,0.1,-146.81071428571448,-1461.107142857145,-1.0,SL,2026Q1,2026,7
4882,93514,2026-01-07 09:00:00,93530,2026-01-07 17:00:00,BUY,4444.28,4426.375357142857,4426.375357142857,4480.089285714285,0.1,-179.74642857142788,-1790.464285714279,-1.0,SL,2026Q1,2026,16
4883,93531,2026-01-07 17:30:00,93556,2026-01-08 07:00:00,BUY,4442.41,4423.7928571428565,4423.7928571428565,4479.644285714286,0.1,-186.87142857143334,-1861.7142857143335,-1.0,SL,2026Q1,2026,25
4884,93558,2026-01-08 08:00:00,93570,2026-01-08 14:00:00,BUY,4425.64,4410.8317857142865,4410.8317857142865,4455.256428571429,0.1,-148.782142857138,-1480.8214285713802,-1.0,SL,2026Q1,2026,12
4885,93571,2026-01-08 14:30:00,93576,2026-01-08 17:00:00,BUY,4420.57,4450.917142857143,4405.396428571428,4450.917142857143,0.1,302.771428571429,3034.71428571429,1.9862237008575045,TP,2026Q1,2026,5
4886,93579,2026-01-08 18:30:00,93586,2026-01-08 22:00:00,SELL,4453.33,4472.186071428571,4472.186071428571,4415.617857142857,0.1,-189.2607142857134,-1885.607142857134,-1.0,SL,2026Q1,2026,7
4887,93589,2026-01-08 23:30:00,93620,2026-01-09 16:00:00,SELL,4474.95,4492.123928571428,4492.123928571428,4440.602142857143,0.1,-172.43928571428404,-1717.3928571428405,-1.0,SL,2026Q1,2026,31
4888,93622,2026-01-09 17:00:00,93623,2026-01-09 17:30:00,SELL,4494.51,4511.43,4511.43,4460.670000000001,0.1,-169.90000000000072,-1692.0000000000073,-1.0,SL,2026Q1,2026,1
4889,93669,2026-01-12 17:30:00,93687,2026-01-13 03:30:00,SELL,4619.44,4575.9292857142855,4641.195357142857,4575.9292857142855,0.1,434.4071428571413,4351.071428571413,1.9903781643239353,TP,2026Q1,2026,18
4890,93698,2026-01-13 09:00:00,93711,2026-01-13 15:30:00,BUY,4582.23,4612.941428571428,4566.874285714285,4612.941428571428,0.1,306.4142857142877,3071.142857142877,1.9863863678458977,TP,2026Q1,2026,13
4891,93713,2026-01-13 16:30:00,93713,2026-01-13 16:30:00,SELL,4618.08,4634.008928571428,4634.008928571428,4586.222142857143,0.1,-159.98928571428513,-1592.8928571428514,-1.0,SL,2026Q1,2026,0
4892,93726,2026-01-13 23:00:00,93740,2026-01-14 07:00:00,BUY,4586.23,4637.32,4560.6849999999995,4637.32,0.1,510.20000000000147,5109.000000000015,1.9918016787038846,TP,2026Q1,2026,14
4893,93742,2026-01-14 08:00:00,93742,2026-01-14 08:00:00,SELL,4619.46,4633.871785714286,4633.871785714286,4590.636428571428,0.1,-144.81785714285542,-1441.1785714285543,-1.0,SL,2026Q1,2026,0
4894,93756,2026-01-14 15:00:00,93759,2026-01-14 16:30:00,SELL,4638.55,4610.08,4652.785,4610.08,0.1,284.00000000000256,2847.0000000000255,1.9853198182454321,TP,2026Q1,2026,3
4895,93761,2026-01-14 17:30:00,93778,2026-01-15 03:00:00,BUY,4615.59,4597.361785714285,4597.361785714285,4652.046428571429,0.1,-182.98214285714784,-1822.8214285714785,-1.0,SL,2026Q1,2026,17
4896,93779,2026-01-15 03:30:00,93782,2026-01-15 05:00:00,BUY,4600.78,4581.285357142857,4581.285357142857,4639.769285714286,0.1,-195.64642857142934,-1949.4642857142935,-1.0,SL,2026Q1,2026,3
4897,93783,2026-01-15 05:30:00,93853,2026-01-16 17:30:00,BUY,4585.2,4562.343214285714,4562.343214285714,4630.913571428571,0.1,-229.2678571428616,-2285.678571428616,-1.0,SL,2026Q1,2026,70
4898,93854,2026-01-16 18:00:00,93866,2026-01-19 01:00:00,BUY,4571.13,4621.452857142857,4545.9685714285715,4621.452857142857,0.1,502.52857142857175,5032.285714285717,1.9916770467670706,TP,2026Q1,2026,12
4899,93868,2026-01-19 02:00:00,93919,2026-01-20 07:00:00,SELL,4672.47,4700.886428571429,4700.886428571429,4615.637142857144,0.1,-284.86428571428695,-2841.6428571428696,-1.0,SL,2026Q1,2026,51
4900,93920,2026-01-20 07:30:00,93920,2026-01-20 07:30:00,SELL,4695.71,4709.056785714286,4709.056785714286,4669.016428571429,0.1,-134.16785714285942,-1334.6785714285943,-1.0,SL,2026Q1,2026,0
4901,93922,2026-01-20 08:30:00,93926,2026-01-20 10:30:00,SELL,4712.31,4726.886785714286,4726.886785714286,4683.1564285714285,0.1,-146.46785714285505,-1457.6785714285506,-1.0,SL,2026Q1,2026,4
4902,93929,2026-01-20 12:00:00,93937,2026-01-20 16:00:00,SELL,4732.34,4748.321428571428,4748.321428571428,4700.377142857144,0.1,-160.51428571428295,-1598.1428571428296,-1.0,SL,2026Q1,2026,8
4903,93946,2026-01-20 20:30:00,93956,2026-01-21 02:30:00,SELL,4761.3,4782.954642857143,4782.954642857143,4717.990714285715,0.1,-217.24642857142788,-2165.464285714279,-1.0,SL,2026Q1,2026,10
4904,93962,2026-01-21 05:30:00,93964,2026-01-21 06:30:00,SELL,4833.57,4858.369285714285,4858.369285714285,4783.971428571428,0.1,-248.6928571428536,-2479.928571428536,-1.0,SL,2026Q1,2026,2
4905,93966,2026-01-21 07:30:00,93990,2026-01-21 19:30:00,SELL,4868.67,4811.905714285715,4897.052142857143,4811.905714285715,0.1,566.942857142855,5676.428571428551,1.9926191850977832,TP,2026Q1,2026,24
4906,93991,2026-01-21 20:00:00,93994,2026-01-21 21:30:00,BUY,4826.23,4791.442857142857,4791.442857142857,4895.8042857142855,0.1,-348.571428571425,-3478.71428571425,-1.0,SL,2026Q1,2026,3
4907,94031,2026-01-22 17:00:00,94031,2026-01-22 17:00:00,SELL,4834.64,4853.046071428572,4853.046071428572,4797.827857142857,0.1,-184.7607142857152,-1840.6071428571522,-1.0,SL,2026Q1,2026,0
4908,94035,2026-01-22 19:00:00,94036,2026-01-22 19:30:00,SELL,4878.01,4899.209285714286,4899.209285714286,4835.611428571428,0.1,-212.69285714285905,-2119.9285714285907,-1.0,SL,2026Q1,2026,1
4909,94040,2026-01-22 21:30:00,94044,2026-01-22 23:30:00,SELL,4914.52,4939.868928571429,4939.868928571429,4863.822142857143,0.1,-254.18928571428586,-2534.8928571428587,-1.0,SL,2026Q1,2026,4
4910,94046,2026-01-23 01:30:00,94048,2026-01-23 02:30:00,SELL,4940.06,4963.603571428572,4963.603571428572,4892.972857142857,0.1,-236.1357142857134,-2354.357142857134,-1.0,SL,2026Q1,2026,2
4911,94050,2026-01-23 03:30:00,94079,2026-01-23 18:00:00,SELL,4947.22,4973.391785714286,4973.391785714286,4894.876428571429,0.1,-262.4178571428576,-2617.178571428576,-1.0,SL,2026Q1,2026,29
4912,94081,2026-01-23 19:00:00,94091,2026-01-26 01:00:00,SELL,4980.38,5004.812857142857,5004.812857142857,4931.514285714286,0.1,-245.02857142856845,-2443.2857142856847,-1.0,SL,2026Q1,2026,10
4913,94095,2026-01-26 03:00:00,94095,2026-01-26 03:00:00,SELL,5041.57,5066.993928571428,5066.993928571428,4990.722142857143,0.1,-254.93928571428404,-2542.3928571428405,-1.0,SL,2026Q1,2026,0
4914,94097,2026-01-26 04:00:00,94106,2026-01-26 08:30:00,SELL,5070.77,5099.191785714286,5099.191785714286,5013.926428571429,0.1,-284.9178571428576,-2842.178571428576,-1.0,SL,2026Q1,2026,9
4915,94107,2026-01-26 09:00:00,94132,2026-01-26 21:30:00,SELL,5077.47,5018.282142857142,5107.063928571429,5018.282142857142,0.1,591.1785714285786,5918.7857142857865,1.9929206949277325,TP,2026Q1,2026,25
4916,94133,2026-01-26 22:00:00,94136,2026-01-26 23:30:00,BUY,5029.28,4990.746071428572,4990.746071428572,5106.347857142857,0.1,-386.03928571428077,-3853.3928571428078,-1.0,SL,2026Q1,2026,3
4917,94151,2026-01-27 08:00:00,94179,2026-01-27 22:00:00,SELL,5082.82,5116.141428571428,5116.141428571428,5016.177142857143,0.1,-333.9142857142844,-3332.142857142844,-1.0,SL,2026Q1,2026,28
4918,94182,2026-01-27 23:30:00,94188,2026-01-28 03:30:00,SELL,5173.52,5207.068571428572,5207.068571428572,5106.4228571428575,0.1,-336.1857142857145,-3354.857142857145,-1.0,SL,2026Q1,2026,6
4919,94195,2026-01-28 07:00:00,94199,2026-01-28 09:00:00,SELL,5245.38,5275.404642857143,5275.404642857143,5185.330714285715,0.1,-300.9464285714268,-3002.464285714268,-1.0,SL,2026Q1,2026,4
4920,94203,2026-01-28 11:00:00,94207,2026-01-28 13:00:00,SELL,5293.54,5239.7692857142865,5320.425357142857,5239.7692857142865,0.1,537.0071428571343,5377.071428571344,1.9922093408413044,TP,2026Q1,2026,4
4921,94216,2026-01-28 17:30:00,94225,2026-01-28 22:00:00,BUY,5269.73,5346.002857142857,5231.593571428571,5346.002857142857,0.1,762.0285714285699,7627.285714285699,1.994503542784474,TP,2026Q1,2026,9
4922,94228,2026-01-28 23:30:00,94229,2026-01-29 01:00:00,SELL,5384.27,5432.1575,5432.1575,5288.495000000001,0.1,-479.57499999999817,-4788.749999999982,-1.0,SL,2026Q1,2026,1
4923,94295,2026-01-30 11:00:00,94295,2026-01-30 11:00:00,BUY,5117.22,5014.599642857143,5014.599642857143,5322.460714285714,0.1,-1026.9035714285685,-10262.035714285685,-1.0,SL,2026Q1,2026,0
4924,94315,2026-01-30 21:00:00,94321,2026-02-02 01:00:00,BUY,4881.18,4742.614285714286,4742.614285714286,5158.311428571428,0.1,-1386.3571428571443,-13856.571428571442,-1.0,SL,2026Q1,2026,6
4925,94326,2026-02-02 03:30:00,94334,2026-02-02 07:30:00,BUY,4697.35,4524.985000000001,4524.985000000001,5042.080000000001,0.1,-1724.3499999999979,-17236.499999999978,-1.0,SL,2026Q1,2026,8
4926,94337,2026-02-02 09:00:00,94348,2026-02-02 14:30:00,BUY,4504.5,4803.550714285714,4354.9746428571425,4803.550714285714,0.1,2989.807142857141,29905.07142857141,1.9985962131177617,TP,2026Q1,2026,11
4927,94371,2026-02-03 03:00:00,94381,2026-02-03 08:00:00,SELL,4781.89,4861.6675000000005,4861.6675000000005,4622.335,0.1,-798.4750000000015,-7977.750000000015,-1.0,SL,2026Q1,2026,10
4928,94387,2026-02-03 11:00:00,94401,2026-02-03 18:00:00,SELL,4912.4,4970.5657142857135,4970.5657142857135,4796.068571428571,0.1,-582.3571428571388,-5816.5714285713875,-1.0,SL,2026Q1,2026,14
4929,94403,2026-02-03 19:00:00,94416,2026-02-04 02:30:00,SELL,4955.31,5004.078214285714,5004.078214285714,4857.773571428572,0.1,-488.3821428571384,-4876.821428571384,-1.0,SL,2026Q1,2026,13
4930,94424,2026-02-04 06:30:00,94445,2026-02-04 17:00:00,SELL,5061.69,4957.637142857143,5113.716428571428,4957.637142857143,0.1,1039.8285714285673,10405.285714285674,1.9959690135051755,TP,2026Q1,2026,21
4931,94449,2026-02-04 19:00:00,94466,2026-02-05 04:30:00,BUY,4904.45,4842.705714285714,4842.705714285714,5027.938571428571,0.1,-618.1428571428598,-6174.428571428598,-1.0,SL,2026Q1,2026,17
4932,94468,2026-02-05 05:30:00,94504,2026-02-05 23:30:00,BUY,4859.18,4788.992857142858,4788.992857142858,4999.5542857142855,0.1,-702.5714285714214,-7018.7142857142135,-1.0,SL,2026Q1,2026,36
4933,94508,2026-02-06 02:30:00,94512,2026-02-06 04:30:00,BUY,4724.93,4840.387142857144,4667.201428571429,4840.387142857144,0.1,1153.8714285714348,11545.714285714348,1.9963666922069254,TP,2026Q1,2026,4
4934,94520,2026-02-06 08:30:00,94533,2026-02-06 15:00:00,SELL,4853.6,4928.216428571429,4928.216428571429,4704.367142857143,0.1,-746.8642857142852,-7461.642857142851,-1.0,SL,2026Q1,2026,13
4935,94543,2026-02-06 20:00:00,94551,2026-02-09 01:00:00,SELL,4960.23,5002.831071428571,5002.831071428571,4875.027857142857,0.1,-426.7107142857123,-4260.107142857123,-1.0,SL,2026Q1,2026,8
4936,94587,2026-02-09 19:00:00,94597,2026-02-10 01:00:00,SELL,5073.21,5014.024285714286,5102.802857142857,5014.024285714286,0.1,591.1571428571431,5918.571428571431,1.9929204392217603,TP,2026Q1,2026,10
4937,94598,2026-02-10 01:30:00,94666,2026-02-11 12:30:00,BUY,5023.62,5091.094285714285,4989.882857142857,5091.094285714285,0.1,674.0428571428554,6747.428571428554,1.9937882949503216,TP,2026Q1,2026,68
4938,94670,2026-02-11 14:30:00,94672,2026-02-11 15:30:00,SELL,5094.98,5044.025,5120.4574999999995,5044.025,0.1,508.8499999999993,5095.499999999993,1.9917800176142482,TP,2026Q1,2026,2
4939,94673,2026-02-11 16:00:00,94723,2026-02-12 18:00:00,BUY,5065.96,5030.096071428572,5030.096071428572,5137.687857142857,0.1,-359.33928571428004,-3586.3928571428005,-1.0,SL,2026Q1,2026,50
4940,94746,2026-02-13 06:30:00,94768,2026-02-13 17:30:00,SELL,4985.12,5018.405,5018.405,4918.55,0.1,-333.54999999999853,-3328.4999999999854,-1.0,SL,2026Q1,2026,22
4941,94769,2026-02-13 18:00:00,94769,2026-02-13 18:00:00,SELL,4976.99,5013.0575,5013.0575,4904.855,0.1,-361.3750000000011,-3606.750000000011,-1.0,SL,2026Q1,2026,0
4942,94775,2026-02-13 21:00:00,94825,2026-02-17 02:30:00,SELL,5031.11,4954.502857142857,5069.413571428571,4954.502857142857,0.1,765.3714285714311,7660.714285714312,1.9945274835731437,TP,2026Q1,2026,50
4943,94827,2026-02-17 03:30:00,94834,2026-02-17 07:00:00,BUY,4956.88,4934.675714285715,4934.675714285715,5001.288571428571,0.1,-222.74285714285105,-2220.4285714285106,-1.0,SL,2026Q1,2026,7
4944,94836,2026-02-17 08:00:00,94852,2026-02-17 16:00:00,BUY,4888.89,4854.679285714286,4854.679285714286,4957.311428571429,0.1,-342.80714285713947,-3421.071428571395,-1.0,SL,2026Q1,2026,16
4945,94853,2026-02-17 16:30:00,94853,2026-02-17 16:30:00,BUY,4898.1,4865.378571428572,4865.378571428572,4963.542857142857,0.1,-327.91428571428077,-3272.1428571428078,-1.0,SL,2026Q1,2026,0
4946,94885,2026-02-18 09:30:00,94896,2026-02-18 15:00:00,SELL,4938.9,4955.8832142857145,4955.8832142857145,4904.933571428571,0.1,-170.53214285714893,-1698.3214285714894,-1.0,SL,2026Q1,2026,11
4947,94898,2026-02-18 16:00:00,94899,2026-02-18 16:30:00,SELL,4954.32,4973.419285714285,4973.419285714285,4916.121428571429,0.1,-191.69285714285542,-1909.9285714285543,-1.0,SL,2026Q1,2026,1
4948,94904,2026-02-18 19:00:00,94974,2026-02-20 08:00:00,SELL,5000.51,5024.4725,5024.4725,4952.585,0.1,-240.32499999999635,-2396.2499999999636,-1.0,SL,2026Q1,2026,70
4949,94976,2026-02-20 09:00:00,94980,2026-02-20 11:00:00,SELL,5020.96,5039.763571428572,5039.763571428572,4983.352857142857,0.1,-188.73571428571557,-1880.3571428571558,-1.0,SL,2026Q1,2026,4
4950,94993,2026-02-20 17:30:00,95002,2026-02-20 22:00:00,BUY,5025.83,5082.5428571428565,4997.473571428572,5082.5428571428565,0.1,566.4285714285659,5671.285714285659,1.9926125084805386,TP,2026Q1,2026,9
4951,95005,2026-02-20 23:30:00,95006,2026-02-23 01:00:00,SELL,5097.3,5128.120714285715,5128.120714285715,5035.658571428571,0.1,-308.9071428571453,-3082.071428571453,-1.0,SL,2026Q1,2026,1
4952,95039,2026-02-23 17:30:00,95048,2026-02-23 22:00:00,SELL,5197.69,5221.979285714286,5221.979285714286,5149.111428571428,0.1,-243.5928571428605,-2428.928571428605,-1.0,SL,2026Q1,2026,9
4953,95053,2026-02-24 01:30:00,95056,2026-02-24 03:00:00,SELL,5236.49,5190.382142857143,5259.543928571428,5190.382142857143,0.1,460.3785714285703,4610.785714285703,1.9909184981543548,TP,2026Q1,2026,3
4954,95079,2026-02-24 14:30:00,95081,2026-02-24 15:30:00,BUY,5161.72,5140.7189285714285,5140.7189285714285,5203.722142857143,0.1,-210.71071428571776,-2100.1071428571777,-1.0,SL,2026Q1,2026,2
4955,95083,2026-02-24 16:30:00,95090,2026-02-24 20:00:00,BUY,5115.48,5164.913571428571,5090.763214285714,5164.913571428571,0.1,493.6357142857167,4943.357142857167,1.9915277437574745,TP,2026Q1,2026,7
4956,95104,2026-02-25 04:00:00,95111,2026-02-25 07:30:00,SELL,5176.63,5202.833928571428,5202.833928571428,5124.222142857143,0.1,-262.7392857142815,-2620.392857142815,-1.0,SL,2026Q1,2026,7
4957,95135,2026-02-25 19:30:00,95141,2026-02-25 22:30:00,SELL,5213.04,5163.353571428572,5237.8832142857145,5163.353571428572,0.1,496.16428571428224,4968.642857142822,1.9915707384204806,TP,2026Q1,2026,6
4958,95168,2026-02-26 13:00:00,95175,2026-02-26 16:30:00,BUY,5171.46,5155.263214285714,5155.263214285714,5203.853571428572,0.1,-162.66785714286306,-1619.6785714286307,-1.0,SL,2026Q1,2026,7
4959,95176,2026-02-26 17:00:00,95176,2026-02-26 17:00:00,BUY,5164.25,5142.021071428571,5142.021071428571,5208.707857142857,0.1,-222.98928571428695,-2222.8928571428696,-1.0,SL,2026Q1,2026,0
4960,95177,2026-02-26 17:30:00,95177,2026-02-26 17:30:00,BUY,5141.56,5191.702857142857,5116.488571428572,5191.702857142857,0.1,500.72857142856884,5014.285714285688,1.9916472526848117,TP,2026Q1,2026,0
4961,95186,2026-02-26 22:00:00,95218,2026-02-27 15:00:00,SELL,5186.85,5218.023214285715,5218.023214285715,5124.503571428572,0.1,-312.4321428571449,-3117.3214285714494,-1.0,SL,2026Q1,2026,32
4962,95224,2026-02-27 18:00:00,95233,2026-02-27 22:30:00,SELL,5239.41,5264.116071428572,5264.116071428572,5189.997857142856,0.1,-247.76071428571703,-2470.6071428571704,-1.0,SL,2026Q1,2026,9
4963,95268,2026-03-02 17:00:00,95270,2026-03-02 18:00:00,BUY,5333.71,5294.268571428572,5294.268571428572,5412.592857142857,0.1,-395.1142857142833,-3944.1428571428332,-1.0,SL,2026Q1,2026,2
4964,95271,2026-03-02 18:30:00,95302,2026-03-03 11:00:00,BUY,5309.93,5262.0767857142855,5262.0767857142855,5405.636428571429,0.1,-479.23214285714784,-4785.3214285714785,-1.0,SL,2026Q1,2026,31
4965,95308,2026-03-03 14:00:00,95313,2026-03-03 16:30:00,BUY,5144.68,5076.717142857143,5076.717142857143,5280.605714285715,0.1,-680.3285714285751,-6796.28571428575,-1.0,SL,2026Q1,2026,5
4966,95315,2026-03-03 17:30:00,95435,2026-03-06 08:30:00,BUY,5044.0,5115.64,4943.757142857143,5244.4857142857145,0.1,715.7000000000032,7164.000000000033,0.7134678648229136,TIME_EXIT,2026Q1,2026,120
4967,95446,2026-03-06 14:00:00,95449,2026-03-06 15:30:00,BUY,5077.02,5127.124285714286,5051.967857142858,5127.124285714286,0.1,500.34285714285653,5010.428571428565,1.991640840465156,TP,2026Q1,2026,3
4968,95461,2026-03-06 21:30:00,95469,2026-03-09 01:30:00,SELL,5165.06,5086.200714285716,5204.489642857143,5086.200714285716,0.1,787.8928571428485,7885.928571428485,1.994683496234143,TP,2026Q1,2026,8
4969,95470,2026-03-09 02:00:00,95470,2026-03-09 02:00:00,BUY,5076.1,5034.641071428572,5034.641071428572,5159.017857142858,0.1,-415.2892857142826,-4145.892857142826,-1.0,SL,2026Q1,2026,0
4970,95471,2026-03-09 02:30:00,95481,2026-03-09 07:30:00,BUY,5045.65,5136.2928571428565,5000.328571428571,5136.2928571428565,0.1,905.7285714285688,9064.285714285688,1.99537357587965,TP,2026Q1,2026,10
4971,95499,2026-03-09 16:30:00,95510,2026-03-09 22:00:00,BUY,5081.46,5146.667142857143,5048.856428571429,5146.667142857143,0.1,651.3714285714257,6520.714285714257,1.9935727870931348,TP,2026Q1,2026,11
4972,95511,2026-03-09 22:30:00,95519,2026-03-10 03:30:00,SELL,5139.2,5169.375714285714,5169.375714285714,5078.848571428571,0.1,-302.4571428571409,-3017.5714285714093,-1.0,SL,2026Q1,2026,8
4973,95521,2026-03-10 04:30:00,95542,2026-03-10 15:00:00,SELL,5179.76,5211.302857142858,5211.302857142858,5116.674285714286,0.1,-316.1285714285743,-3154.285714285743,-1.0,SL,2026Q1,2026,21
4974,95548,2026-03-10 18:00:00,95552,2026-03-10 20:00:00,SELL,5228.7,5174.526428571428,5255.7867857142855,5174.526428571428,0.1,541.0357142857144,5417.357142857145,1.9922671260800378,TP,2026Q1,2026,4
4975,95579,2026-03-11 10:30:00,95588,2026-03-11 15:00:00,BUY,5185.07,5166.055357142857,5166.055357142857,5223.0992857142855,0.1,-190.8464285714246,-1901.4642857142462,-1.0,SL,2026Q1,2026,9
4976,95589,2026-03-11 15:30:00,95589,2026-03-11 15:30:00,BUY,5181.68,5159.305357142857,5159.305357142857,5226.429285714286,0.1,-224.44642857143043,-2237.4642857143044,-1.0,SL,2026Q1,2026,0
4977,95590,2026-03-11 16:00:00,95605,2026-03-12 00:30:00,BUY,5176.96,5152.753214285714,5152.753214285714,5225.373571428571,0.1,-242.76785714285614,-2420.6785714285616,-1.0,SL,2026Q1,2026,15
4978,95609,2026-03-12 02:30:00,95638,2026-03-12 17:00:00,BUY,5152.74,5128.929642857143,5128.929642857143,5200.360714285714,0.1,-238.80357142856445,-2381.0357142856446,-1.0,SL,2026Q1,2026,29
4979,95645,2026-03-12 20:30:00,95648,2026-03-12 22:00:00,BUY,5104.61,5077.719285714285,5077.719285714285,5158.391428571428,0.1,-269.6071428571424,-2689.071428571424,-1.0,SL,2026Q1,2026,3
4980,95650,2026-03-13 00:00:00,95683,2026-03-13 16:30:00,BUY,5080.45,5053.649285714286,5053.649285714286,5134.051428571428,0.1,-268.7071428571409,-2680.0714285714093,-1.0,SL,2026Q1,2026,33
4981,95687,2026-03-13 18:30:00,95696,2026-03-16 00:00:00,BUY,5041.08,5008.629642857143,5008.629642857143,5105.980714285714,0.1,-325.2035714285677,-3245.0357142856774,-1.0,SL,2026Q1,2026,9
4982,95697,2026-03-16 00:30:00,95698,2026-03-16 01:00:00,BUY,5013.38,4978.79,4978.79,5082.5599999999995,0.1,-346.60000000000144,-3459.0000000000146,-1.0,SL,2026Q1,2026,1
4983,95721,2026-03-16 12:30:00,95727,2026-03-16 15:30:00,BUY,4986.8,5032.952857142857,4963.723571428572,5032.952857142857,0.1,460.828571428571,4615.28571428571,1.9909273260299338,TP,2026Q1,2026,6
4984,95729,2026-03-16 16:30:00,95756,2026-03-17 07:00:00,SELL,5014.59,5043.350357142857,5043.350357142857,4957.069285714286,0.1,-288.30357142857173,-2876.0357142857174,-1.0,SL,2026Q1,2026,27
4985,95757,2026-03-17 07:30:00,95766,2026-03-17 12:00:00,SELL,5035.15,5003.315714285714,5051.067142857142,5003.315714285714,0.1,317.64285714285216,3183.4285714285215,1.9868644446430168,TP,2026Q1,2026,9
4986,95768,2026-03-17 13:00:00,95777,2026-03-17 17:30:00,BUY,5000.29,4982.423928571428,4982.423928571428,5036.022142857143,0.1,-179.36071428571557,-1786.6071428571558,-1.0,SL,2026Q1,2026,9
4987,95778,2026-03-17 18:00:00,95813,2026-03-18 12:30:00,BUY,4997.88,4973.4460714285715,4973.4460714285715,5046.747857142857,0.1,-245.03928571428622,-2443.3928571428623,-1.0,SL,2026Q1,2026,35
4988,95834,2026-03-19 00:00:00,95851,2026-03-19 08:30:00,BUY,4824.51,4791.708214285714,4791.708214285714,4890.113571428572,0.1,-328.7178571428587,-3280.178571428587,-1.0,SL,2026Q1,2026,17
4989,95856,2026-03-19 11:00:00,95858,2026-03-19 12:00:00,BUY,4709.23,4673.589999999999,4673.589999999999,4780.51,0.1,-357.10000000000326,-3564.0000000000327,-1.0,SL,2026Q1,2026,2
4990,95860,2026-03-19 13:00:00,95862,2026-03-19 14:00:00,BUY,4679.22,4632.726428571429,4632.726428571429,4772.2071428571435,0.1,-465.6357142857116,-4649.357142857116,-1.0,SL,2026Q1,2026,2
4991,95865,2026-03-19 15:30:00,95890,2026-03-20 05:00:00,BUY,4576.47,4715.404285714286,4507.0028571428575,4715.404285714286,0.1,1388.6428571428557,13893.428571428558,1.9969800312268877,TP,2026Q1,2026,25
4992,95906,2026-03-20 13:00:00,95912,2026-03-20 16:00:00,BUY,4645.46,4609.352857142858,4609.352857142858,4717.674285714285,0.1,-361.77142857142206,-3610.7142857142208,-1.0,SL,2026Q1,2026,6
4993,95914,2026-03-20 17:00:00,95921,2026-03-20 20:30:00,BUY,4564.06,4515.375357142858,4515.375357142858,4661.4292857142855,0.1,-487.54642857142534,-4868.4642857142535,-1.0,SL,2026Q1,2026,7
4994,95927,2026-03-23 00:30:00,95929,2026-03-23 01:30:00,BUY,4523.76,4465.342500000001,4465.342500000001,4640.595,0.1,-584.8749999999957,-5841.749999999956,-1.0,SL,2026Q1,2026,2
4995,95953,2026-03-23 13:30:00,95958,2026-03-23 16:00:00,SELL,4399.43,4507.523214285715,4507.523214285715,4183.243571428572,0.1,-1081.6321428571457,-10809.321428571457,-1.0,SL,2026Q1,2026,5
4996,95959,2026-03-23 16:30:00,96027,2026-03-25 04:30:00,SELL,4486.22,4601.437142857143,4601.437142857143,4255.785714285715,0.1,-1152.871428571428,-11521.714285714279,-1.0,SL,2026Q1,2026,68
4997,96028,2026-03-25 05:00:00,96060,2026-03-25 21:00:00,SELL,4583.59,4493.101428571428,4628.834285714286,4493.101428571428,0.1,904.1857142857195,9048.857142857196,1.9953656998738967,TP,2026Q1,2026,32
4998,96081,2026-03-26 08:30:00,96100,2026-03-26 18:00:00,BUY,4440.26,4406.900000000001,4406.900000000001,4506.9800000000005,0.1,-334.2999999999967,-3335.9999999999673,-1.0,SL,2026Q1,2026,19
4999,96102,2026-03-26 19:00:00,96143,2026-03-27 16:30:00,BUY,4389.26,4476.3778571428575,4345.701071428572,4476.3778571428575,0.1,870.4785714285724,8711.785714285725,1.995186679873282,TP,2026Q1,2026,41
5000,96174,2026-03-30 10:00:00,96183,2026-03-30 14:30:00,SELL,4532.23,4570.103928571428,4570.103928571428,4456.482142857142,0.1,-379.4392857142822,-3787.3928571428223,-1.0,SL,2026Q1,2026,9
5001,96196,2026-03-30 21:00:00,96209,2026-03-31 04:30:00,BUY,4515.15,4588.907142857142,4478.271428571428,4588.907142857142,0.1,736.8714285714275,7375.714285714275,1.9943164243736466,TP,2026Q1,2026,13
5002,96236,2026-03-31 18:00:00,96239,2026-03-31 19:30:00,SELL,4599.02,4632.803214285715,4632.803214285715,4531.453571428572,0.1,-338.53214285714165,-3378.3214285714166,-1.0,SL,2026Q1,2026,3
5003,96241,2026-03-31 20:30:00,96249,2026-04-01 01:30:00,SELL,4648.68,4689.219642857143,4689.219642857143,4567.600714285714,0.1,-406.09642857143007,-4053.964285714301,-1.0,SL,2026Q1,2026,8
5004,96250,2026-04-01 02:00:00,96252,2026-04-01 03:00:00,SELL,4681.26,4711.535357142858,4711.535357142858,4620.709285714286,0.1,-303.453571428575,-3027.53571428575,-1.0,SL,2026Q2,2026,2
5005,96254,2026-04-01 04:00:00,96267,2026-04-01 10:30:00,SELL,4710.69,4739.804999999999,4739.804999999999,4652.46,0.1,-291.8499999999978,-2911.499999999978,-1.0,SL,2026Q2,2026,13
5006,96268,2026-04-01 11:00:00,96274,2026-04-01 14:00:00,SELL,4712.79,4744.045714285714,4744.045714285714,4650.278571428571,0.1,-313.2571428571402,-3125.571428571402,-1.0,SL,2026Q2,2026,6
5007,96282,2026-04-01 18:00:00,96286,2026-04-01 20:00:00,SELL,4760.66,4792.9228571428575,4792.9228571428575,4696.134285714285,0.1,-323.3285714285768,-3226.2857142857683,-1.0,SL,2026Q2,2026,4
5008,96287,2026-04-01 20:30:00,96300,2026-04-02 04:00:00,SELL,4784.98,4722.084999999999,4816.4275,4722.084999999999,0.1,628.2500000000043,6289.500000000044,1.9933370349805664,TP,2026Q2,2026,13
5009,96302,2026-04-02 05:00:00,96303,2026-04-02 05:30:00,BUY,4695.98,4655.044999999999,4655.044999999999,4777.849999999999,0.1,-410.050000000004,-4093.50000000004,-1.0,SL,2026Q2,2026,1
5010,96311,2026-04-02 09:30:00,96362,2026-04-06 12:00:00,BUY,4591.22,4699.762142857143,4536.948928571429,4699.762142857143,0.1,1084.721428571426,10854.21428571426,1.9961355197003054,TP,2026Q2,2026,51
5011,96364,2026-04-06 13:00:00,96392,2026-04-07 04:00:00,SELL,4693.8,4641.486428571428,4719.956785714286,4641.486428571428,0.1,522.4357142857177,5231.357142857178,1.9919929189079122,TP,2026Q2,2026,28
5012,96393,2026-04-07 04:30:00,96393,2026-04-07 04:30:00,BUY,4655.26,4636.564642857144,4636.564642857144,4692.6507142857145,0.1,-187.65357142856664,-1869.5357142856665,-1.0,SL,2026Q2,2026,0
5013,96409,2026-04-07 12:30:00,96412,2026-04-07 14:00:00,SELL,4686.57,4634.0935714285715,4712.808214285714,4634.0935714285715,0.1,524.0642857142818,5247.642857142819,1.9920177022385728,TP,2026Q2,2026,3
5014,96419,2026-04-07 17:30:00,96429,2026-04-07 22:30:00,BUY,4645.44,4714.932857142857,4610.693571428571,4714.932857142857,0.1,694.2285714285724,6949.285714285725,1.9939683646882629,TP,2026Q2,2026,10
5015,96430,2026-04-07 23:00:00,96432,2026-04-08 01:00:00,SELL,4700.76,4738.368214285714,4738.368214285714,4625.543571428571,0.1,-376.78214285713983,-3760.8214285713984,-1.0,SL,2026Q2,2026,2
5016,96435,2026-04-08 02:30:00,96472,2026-04-08 21:00:00,SELL,4814.48,4725.161428571428,4859.1392857142855,4725.161428571428,0.1,892.4857142857188,8931.857142857189,1.995305089347024,TP,2026Q2,2026,37
5017,96475,2026-04-08 22:30:00,96509,2026-04-09 16:30:00,BUY,4708.45,4775.208571428571,4675.0707142857145,4775.208571428571,0.1,666.8857142857148,6675.857142857149,1.9937218390313964,TP,2026Q2,2026,34
5018,96515,2026-04-09 19:30:00,96533,2026-04-10 05:30:00,SELL,4792.68,4741.602857142857,4818.2185714285715,4741.602857142857,0.1,510.0714285714337,5107.714285714337,1.9917996206627602,TP,2026Q2,2026,18
5019,96534,2026-04-10 06:00:00,96545,2026-04-10 11:30:00,BUY,4753.07,4735.074285714285,4735.074285714285,4789.061428571428,0.1,-180.6571428571471,-1799.5714285714712,-1.0,SL,2026Q2,2026,11
5020,96546,2026-04-10 12:00:00,96553,2026-04-10 15:30:00,BUY,4740.87,4779.0771428571425,4721.766428571428,4779.0771428571425,0.1,381.3714285714257,3820.714285714257,1.989047423909352,TP,2026Q2,2026,7
5021,96558,2026-04-10 18:00:00,96570,2026-04-13 01:00:00,SELL,4774.79,4729.346428571429,4797.511785714286,4729.346428571429,0.1,453.7357142857098,4544.357142857098,1.9907861541595102,TP,2026Q2,2026,12
5022,96599,2026-04-13 15:30:00,96608,2026-04-13 20:00:00,BUY,4710.69,4748.462142857143,4691.8039285714285,4748.462142857143,0.1,377.0214285714308,3777.214285714308,1.98892175518591,TP,2026Q2,2026,9
5023,96609,2026-04-13 20:30:00,96621,2026-04-14 03:30:00,SELL,4742.98,4769.903928571428,4769.903928571428,4689.132142857142,0.1,-269.93928571428404,-2692.3928571428405,-1.0,SL,2026Q2,2026,12
5024,96623,2026-04-14 04:30:00,96634,2026-04-14 10:00:00,SELL,4770.21,4788.103928571429,4788.103928571429,4734.422142857144,0.1,-179.6392857142866,-1789.392857142866,-1.0,SL,2026Q2,2026,11
5025,96635,2026-04-14 10:30:00,96646,2026-04-14 16:00:00,SELL,4772.66,4791.413214285714,4791.413214285714,4735.153571428572,0.1,-188.2321428571442,-1875.321428571442,-1.0,SL,2026Q2,2026,11
5026,96648,2026-04-14 17:00:00,96652,2026-04-14 19:00:00,SELL,4795.28,4819.246785714286,4819.246785714286,4747.346428571428,0.1,-240.36785714285833,-2396.6785714285834,-1.0,SL,2026Q2,2026,4
5027,96653,2026-04-14 19:30:00,96656,2026-04-14 21:00:00,SELL,4816.31,4841.781071428572,4841.781071428572,4765.367857142857,0.1,-255.4107142857203,-2547.107142857203,-1.0,SL,2026Q2,2026,3
5028,96657,2026-04-14 21:30:00,96668,2026-04-15 04:00:00,SELL,4837.37,4862.063214285714,4862.063214285714,4787.983571428571,0.1,-247.6321428571402,-2469.321428571402,-1.0,SL,2026Q2,2026,11
5029,96669,2026-04-15 04:30:00,96677,2026-04-15 08:30:00,SELL,4850.61,4814.901428571428,4868.464285714285,4814.901428571428,0.1,356.38571428571305,3570.8571428571304,1.9882840519646132,TP,2026Q2,2026,8
5030,96678,2026-04-15 09:00:00,96684,2026-04-15 12:00:00,BUY,4819.8,4800.215357142857,4800.215357142857,4858.969285714286,0.1,-196.5464285714308,-1958.464285714308,-1.0,SL,2026Q2,2026,6
5031,96686,2026-04-15 13:00:00,96713,2026-04-16 03:30:00,BUY,4798.2,4833.912857142856,4780.3435714285715,4833.912857142856,0.1,356.42857142856593,3571.285714285659,1.9882854524445153,TP,2026Q2,2026,27
5032,96723,2026-04-16 08:30:00,96739,2026-04-16 16:30:00,SELL,4833.19,4803.134285714285,4848.217857142857,4803.134285714285,0.1,299.85714285714204,3005.5714285714203,1.9860907413540239,TP,2026Q2,2026,16
5033,96742,2026-04-16 18:00:00,96760,2026-04-17 04:00:00,BUY,4788.93,4768.673571428571,4768.673571428571,4829.442857142857,0.1,-203.2642857142884,-2025.6428571428842,-1.0,SL,2026Q2,2026,18
5034,96762,2026-04-17 05:00:00,96782,2026-04-17 15:00:00,BUY,4789.65,4817.215714285714,4775.867142857142,4817.215714285714,0.1,274.9571428571442,2756.571428571442,1.984840672372899,TP,2026Q2,2026,20
5035,96801,2026-04-20 01:30:00,96803,2026-04-20 02:30:00,BUY,4785.1,4760.553571428572,4760.553571428572,4834.192857142857,0.1,-246.16428571428804,-2454.6428571428805,-1.0,SL,2026Q2,2026,2
5036,96829,2026-04-20 15:30:00,96830,2026-04-20 16:00:00,SELL,4805.4,4822.7925,4822.7925,4770.615,0.1,-174.62499999999926,-1739.2499999999927,-1.0,SL,2026Q2,2026,1
5037,96832,2026-04-20 17:00:00,96862,2026-04-21 09:00:00,SELL,4817.71,4780.597857142857,4836.266071428571,4780.597857142857,0.1,370.4214285714323,3711.2142857143226,1.988725480796935,TP,2026Q2,2026,30
5038,96864,2026-04-21 10:00:00,96876,2026-04-21 16:00:00,BUY,4778.35,4763.795714285715,4763.795714285715,4807.458571428572,0.1,-146.2428571428547,-1455.428571428547,-1.0,SL,2026Q2,2026,12
5039,96877,2026-04-21 16:30:00,96879,2026-04-21 17:30:00,BUY,4774.92,4755.729642857143,4755.729642857143,4813.300714285714,0.1,-192.60357142857464,-1919.0357142857465,-1.0,SL,2026Q2,2026,2
5040,96886,2026-04-21 21:00:00,96889,2026-04-21 22:30:00,BUY,4710.98,4676.935357142856,4676.935357142856,4779.069285714285,0.1,-341.14642857143116,-3404.4642857143117,-1.0,SL,2026Q2,2026,3
5041,96901,2026-04-22 05:30:00,96942,2026-04-23 03:00:00,SELL,4755.52,4707.766428571429,4779.396785714286,4707.766428571429,0.1,476.8357142857138,4775.357142857138,1.9912305558455505,TP,2026Q2,2026,41
5042,96943,2026-04-23 03:30:00,96945,2026-04-23 04:30:00,BUY,4741.65,4724.263928571428,4724.263928571428,4776.422142857143,0.1,-174.56071428571994,-1738.6071428571995,-1.0,SL,2026Q2,2026,2
5043,96954,2026-04-23 09:00:00,96962,2026-04-23 13:00:00,BUY,4713.58,4691.309285714286,4691.309285714286,4758.121428571429,0.1,-223.40714285714347,-2227.071428571435,-1.0,SL,2026Q2,2026,8
5044,96964,2026-04-23 14:00:00,96966,2026-04-23 15:00:00,BUY,4696.77,4732.705714285715,4678.802142857144,4732.705714285715,0.1,358.6571428571431,3593.571428571431,1.9883578188730555,TP,2026Q2,2026,2
5045,96978,2026-04-23 21:00:00,96993,2026-04-24 05:30:00,BUY,4709.58,4681.488214285714,4681.488214285714,4765.763571428571,0.1,-281.6178571428583,-2809.1785714285834,-1.0,SL,2026Q2,2026,15
5046,96998,2026-04-24 08:00:00,97010,2026-04-24 14:00:00,BUY,4674.64,4712.088571428571,4655.915714285715,4712.088571428571,0.1,373.78571428571087,3744.8571428571086,1.9888263910003041,TP,2026Q2,2026,12
5047,97012,2026-04-24 15:00:00,97016,2026-04-24 17:00:00,SELL,4706.8,4726.526071428571,4726.526071428571,4667.347857142858,0.1,-197.9607142857123,-1972.607142857123,-1.0,SL,2026Q2,2026,4
5048,97034,2026-04-27 03:00:00,97036,2026-04-27 04:00:00,BUY,4680.07,4707.967857142857,4666.121071428571,4707.967857142857,0.1,278.27857142856993,2789.785714285699,1.9850202532289882,TP,2026Q2,2026,2
5049,97044,2026-04-27 08:00:00,97062,2026-04-27 17:00:00,SELL,4724.85,4687.523571428571,4743.513214285715,4687.523571428571,0.1,372.5642857142946,3732.642857142946,1.988789964349085,TP,2026Q2,2026,18
5050,97065,2026-04-27 18:30:00,97090,2026-04-28 08:00:00,BUY,4681.28,4666.061428571428,4666.061428571428,4711.717142857143,0.1,-152.8857142857152,-1521.8571428571522,-1.0,SL,2026Q2,2026,25
5051,97093,2026-04-28 09:30:00,97098,2026-04-28 12:00:00,BUY,4631.7,4614.131785714286,4614.131785714286,4666.836428571428,0.1,-176.3821428571402,-1756.821428571402,-1.0,SL,2026Q2,2026,5
5052,97099,2026-04-28 12:30:00,97102,2026-04-28 14:00:00,BUY,4618.39,4598.293214285714,4598.293214285714,4658.583571428571,0.1,-201.66785714285942,-2009.6785714285943,-1.0,SL,2026Q2,2026,3
5053,97105,2026-04-28 15:30:00,97151,2026-04-29 15:30:00,BUY,4580.29,4550.3435714285715,4550.3435714285715,4640.182857142857,0.1,-300.1642857142844,-2994.642857142844,-1.0,SL,2026Q2,2026,46
5054,97173,2026-04-30 03:30:00,97175,2026-04-30 04:30:00,SELL,4563.41,4582.532857142857,4582.532857142857,4525.164285714286,0.1,-191.92857142857355,-1912.2857142857356,-1.0,SL,2026Q2,2026,2
5055,97176,2026-04-30 05:00:00,97187,2026-04-30 10:30:00,SELL,4579.14,4598.731071428571,4598.731071428571,4539.957857142857,0.1,-196.61071428571012,-1959.1071428571013,-1.0,SL,2026Q2,2026,11
5056,97192,2026-04-30 13:00:00,97193,2026-04-30 13:30:00,SELL,4625.05,4645.830357142857,4645.830357142857,4583.489285714287,0.1,-208.503571428567,-2078.03571428567,-1.0,SL,2026Q2,2026,1
5057,97194,2026-04-30 14:00:00,97230,2026-05-01 09:00:00,SELL,4639.69,4594.102857142858,4662.483571428571,4594.102857142858,0.1,455.1714285714177,4558.714285714177,1.990815083257794,TP,2026Q2,2026,36
5058,97232,2026-05-01 10:00:00,97233,2026-05-01 10:30:00,BUY,4594.62,4579.729285714286,4579.729285714286,4624.401428571428,0.1,-149.60714285714238,-1489.071428571424,-1.0,SL,2026Q2,2026,1
5059,97236,2026-05-01 12:00:00,97242,2026-05-01 15:00:00,BUY,4569.14,4603.875714285715,4551.772142857143,4603.875714285715,0.1,346.65714285714495,3473.5714285714494,1.9879572358989066,TP,2026Q2,2026,6
5060,97268,2026-05-04 05:00:00,97268,2026-05-04 05:00:00,BUY,4613.05,4593.571428571428,4593.571428571428,4652.007142857144,0.1,-195.4857142857174,-1947.857142857174,-1.0,SL,2026Q2,2026,0
5061,97269,2026-05-04 05:30:00,97283,2026-05-04 12:30:00,BUY,4593.11,4572.572857142856,4572.572857142856,4634.184285714286,0.1,-206.07142857143407,-2053.714285714341,-1.0,SL,2026Q2,2026,14
5062,97284,2026-05-04 13:00:00,97284,2026-05-04 13:00:00,BUY,4575.5,4559.283928571429,4559.283928571429,4607.932142857143,0.1,-162.86071428571012,-1621.6071428571013,-1.0,SL,2026Q2,2026,0
5063,97295,2026-05-04 18:30:00,97296,2026-05-04 19:00:00,BUY,4538.38,4506.839285714285,4506.839285714285,4601.461428571429,0.1,-316.10714285714784,-3154.0714285714785,-1.0,SL,2026Q2,2026,1
5064,97297,2026-05-04 19:30:00,97354,2026-05-06 02:00:00,BUY,4514.97,4586.828571428572,4479.040714285715,4586.828571428572,0.1,717.8857142857184,7185.857142857185,1.9941665509236546,TP,2026Q2,2026,57
5065,97355,2026-05-06 02:30:00,97356,2026-05-06 03:00:00,SELL,4581.98,4598.695357142857,4598.695357142857,4548.549285714285,0.1,-167.853571428571,-1671.5357142857101,-1.0,SL,2026Q2,2026,1
5066,97364,2026-05-06 07:00:00,97368,2026-05-06 09:00:00,SELL,4643.54,4664.948214285714,4664.948214285714,4600.723571428572,0.1,-214.78214285714165,-2140.8214285714166,-1.0,SL,2026Q2,2026,4
5067,97371,2026-05-06 10:30:00,97373,2026-05-06 11:30:00,SELL,4667.33,4685.211071428572,4685.211071428572,4631.567857142857,0.1,-179.51071428571885,-1788.1071428571886,-1.0,SL,2026Q2,2026,2
5068,97375,2026-05-06 12:30:00,97377,2026-05-06 13:30:00,SELL,4699.62,4719.951428571429,4719.951428571429,4658.957142857143,0.1,-204.0142857142866,-2033.142857142866,-1.0,SL,2026Q2,2026,2
5069,97406,2026-05-07 05:00:00,97415,2026-05-07 09:30:00,SELL,4714.74,4730.996785714286,4730.996785714286,4682.226428571428,0.1,-163.26785714285796,-1625.6785714285797,-1.0,SL,2026Q2,2026,9
5070,97417,2026-05-07 10:30:00,97431,2026-05-07 17:30:00,SELL,4739.46,4760.583214285714,4760.583214285714,4697.213571428571,0.1,-211.9321428571431,-2112.321428571431,-1.0,SL,2026Q2,2026,14
5071,97433,2026-05-07 18:30:00,97436,2026-05-07 20:00:00,SELL,4739.89,4693.867857142857,4762.901071428571,4693.867857142857,0.1,459.5214285714308,4602.214285714308,1.9909016355393652,TP,2026Q2,2026,3
5072,97445,2026-05-08 01:30:00,97505,2026-05-11 08:30:00,BUY,4693.83,4664.771785714285,4664.771785714285,4751.946428571428,0.1,-291.2821428571471,-2905.821428571471,-1.0,SL,2026Q2,2026,60
5073,97520,2026-05-11 16:00:00,97520,2026-05-11 16:00:00,SELL,4700.1,4719.638571428572,4719.638571428572,4661.022857142858,0.1,-196.0857142857123,-1953.857142857123,-1.0,SL,2026Q2,2026,0
5074,97541,2026-05-12 03:30:00,97543,2026-05-12 04:30:00,SELL,4761.97,4730.512857142858,4777.698571428572,4730.512857142858,0.1,313.8714285714257,3145.714285714257,1.9867076589202792,TP,2026Q2,2026,2
5075,97551,2026-05-12 08:30:00,97553,2026-05-12 09:30:00,BUY,4715.54,4694.722142857143,4694.722142857143,4757.175714285714,0.1,-208.87857142857064,-2081.7857142857065,-1.0,SL,2026Q2,2026,2
5076,97554,2026-05-12 10:00:00,97568,2026-05-12 17:00:00,BUY,4697.22,4676.546785714286,4676.546785714286,4738.566428571428,0.1,-207.43214285714492,-2067.3214285714494,-1.0,SL,2026Q2,2026,14
5077,97569,2026-05-12 17:30:00,97570,2026-05-12 18:00:00,BUY,4683.26,4661.730714285714,4661.730714285714,4726.318571428572,0.1,-215.99285714285833,-2152.9285714285834,-1.0,SL,2026Q2,2026,1
5078,97581,2026-05-12 23:30:00,97640,2026-05-14 07:00:00,SELL,4713.04,4669.21,4734.955,4669.21,0.1,437.5999999999993,4382.999999999993,1.9904480327496021,TP,2026Q2,2026,59
5079,97641,2026-05-14 07:30:00,97659,2026-05-14 16:30:00,BUY,4702.37,4682.256071428571,4682.256071428571,4742.597857142858,0.1,-201.83928571428913,-2011.3928571428914,-1.0,SL,2026Q2,2026,18
5080,97660,2026-05-14 17:00:00,97671,2026-05-14 22:30:00,BUY,4679.67,4657.907142857142,4657.907142857142,4723.1957142857145,0.1,-218.32857142857682,-2176.2857142857683,-1.0,SL,2026Q2,2026,11
5081,97674,2026-05-15 01:00:00,97678,2026-05-15 03:00:00,BUY,4652.82,4637.0367857142855,4637.0367857142855,4684.386428571429,0.1,-158.53214285714165,-1578.3214285714166,-1.0,SL,2026Q2,2026,4
5082,97680,2026-05-15 04:00:00,97680,2026-05-15 04:00:00,BUY,4630.38,4613.447142857143,4613.447142857143,4664.245714285715,0.1,-170.02857142856845,-1693.2857142856847,-1.0,SL,2026Q2,2026,0
5083,97682,2026-05-15 05:00:00,97688,2026-05-15 08:00:00,BUY,4614.14,4594.034642857143,4594.034642857143,4654.350714285714,0.1,-201.75357142857428,-2010.5357142857429,-1.0,SL,2026Q2,2026,6
5084,97691,2026-05-15 09:30:00,97696,2026-05-15 12:00:00,BUY,4575.22,4547.978928571429,4547.978928571429,4629.7021428571425,0.1,-273.1107142857156,-2724.107142857156,-1.0,SL,2026Q2,2026,5
5085,97697,2026-05-15 12:30:00,97705,2026-05-15 16:30:00,BUY,4553.48,4526.784285714286,4526.784285714286,4606.871428571428,0.1,-267.6571428571362,-2669.571428571362,-1.0,SL,2026Q2,2026,8
5086,97706,2026-05-15 17:00:00,97725,2026-05-18 03:30:00,BUY,4533.3,4504.3832142857145,4504.3832142857145,4591.1335714285715,0.1,-289.8678571428565,-2891.678571428565,-1.0,SL,2026Q2,2026,19
5087,97726,2026-05-18 04:00:00,97726,2026-05-18 04:00:00,BUY,4514.91,4491.204642857143,4491.204642857143,4562.320714285714,0.1,-237.75357142856882,-2370.5357142856883,-1.0,SL,2026Q2,2026,0
5088,97740,2026-05-18 11:00:00,97749,2026-05-18 15:30:00,SELL,4546.15,4574.684285714286,4574.684285714286,4489.081428571429,0.1,-286.0428571428594,-2853.4285714285943,-1.0,SL,2026Q2,2026,9
5089,97751,2026-05-18 16:30:00,97791,2026-05-19 13:30:00,SELL,4571.82,4528.420714285714,4593.519642857143,4528.420714285714,0.1,433.29285714285726,4339.9285714285725,1.9903535394963499,TP,2026Q2,2026,40
5090,97792,2026-05-19 14:00:00,97796,2026-05-19 16:00:00,BUY,4544.72,4525.55,4525.55,4583.06,0.1,-192.40000000000072,-1917.0000000000073,-1.0,SL,2026Q2,2026,4
5091,97798,2026-05-19 17:00:00,97818,2026-05-20 04:00:00,BUY,4504.52,4476.862142857143,4476.862142857143,4559.835714285715,0.1,-277.2785714285721,-2765.785714285721,-1.0,SL,2026Q2,2026,20
5092,97820,2026-05-20 05:00:00,97821,2026-05-20 05:30:00,BUY,4481.53,4461.641071428571,4461.641071428571,4521.307857142857,0.1,-199.5892857142855,-1988.892857142855,-1.0,SL,2026Q2,2026,1
5093,97823,2026-05-20 06:30:00,97841,2026-05-20 15:30:00,BUY,4460.71,4504.565714285714,4438.782142857143,4504.565714285714,0.1,437.85714285714386,4385.571428571438,1.9904536156119517,TP,2026Q2,2026,18
5094,97842,2026-05-20 16:00:00,97845,2026-05-20 17:30:00,SELL,4496.03,4513.322857142857,4513.322857142857,4461.444285714286,0.1,-173.62857142857428,-1729.2857142857429,-1.0,SL,2026Q2,2026,3
5095,97847,2026-05-20 18:30:00,97864,2026-05-21 04:00:00,SELL,4529.28,4554.093214285714,4554.093214285714,4479.653571428572,0.1,-248.8321428571391,-2481.321428571391,-1.0,SL,2026Q2,2026,17
5096,97866,2026-05-21 05:00:00,97869,2026-05-21 06:30:00,SELL,4560.92,4530.673571428571,4576.043214285714,4530.673571428571,0.1,301.76428571428625,3024.6428571428623,1.9861780400084628,TP,2026Q2,2026,3
5097,97874,2026-05-21 09:00:00,97883,2026-05-21 13:30:00,BUY,4527.82,4507.843214285714,4507.843214285714,4567.773571428571,0.1,-200.4678571428605,-1997.6785714286052,-1.0,SL,2026Q2,2026,9
5098,97884,2026-05-21 14:00:00,97889,2026-05-21 16:30:00,BUY,4511.6,4490.883928571429,4490.883928571429,4553.032142857142,0.1,-207.86071428571012,-2071.6071428571013,-1.0,SL,2026Q2,2026,5
5099,97890,2026-05-21 17:00:00,97951,2026-05-25 01:30:00,BUY,4513.43,4559.409285714285,4490.4403571428575,4559.409285714285,0.1,459.09285714284744,4597.928571428474,1.9908931807269574,TP,2026Q2,2026,61
5100,97954,2026-05-25 03:00:00,97998,2026-05-26 04:30:00,SELL,4566.93,4528.862142857143,4585.963928571429,4528.862142857143,0.1,379.97857142857066,3806.7857142857065,1.989007496588164,TP,2026Q2,2026,44
5101,98006,2026-05-26 08:30:00,98014,2026-05-26 12:30:00,BUY,4531.24,4515.3721428571425,4515.3721428571425,4562.975714285714,0.1,-159.37857142857246,-1586.7857142857247,-1.0,SL,2026Q2,2026,8
5102,98015,2026-05-26 13:00:00,98018,2026-05-26 14:30:00,BUY,4522.79,4507.061428571428,4507.061428571428,4554.247142857143,0.1,-157.9857142857174,-1572.857142857174,-1.0,SL,2026Q2,2026,3
5103,98020,2026-05-26 15:30:00,98031,2026-05-26 21:00:00,BUY,4506.31,4487.845,4487.845,4543.240000000001,0.1,-185.35000000000144,-1846.5000000000146,-1.0,SL,2026Q2,2026,11
5104,98032,2026-05-26 21:30:00,98037,2026-05-27 01:00:00,BUY,4495.28,4533.600714285714,4476.119642857143,4533.600714285714,0.1,382.5071428571453,3832.071428571453,1.989079765995033,TP,2026Q2,2026,5
5105,98038,2026-05-27 01:30:00,98040,2026-05-27 02:30:00,SELL,4504.21,4520.8525,4520.8525,4470.925,0.1,-167.12499999999926,-1664.2499999999927,-1.0,SL,2026Q2,2026,2
5106,98053,2026-05-27 09:00:00,98054,2026-05-27 09:30:00,BUY,4497.58,4481.002857142857,4481.002857142857,4530.734285714286,0.1,-166.4714285714337,-1657.7142857143372,-1.0,SL,2026Q2,2026,1
5107,98055,2026-05-27 10:00:00,98062,2026-05-27 13:30:00,BUY,4485.66,4469.157857142857,4469.157857142857,4518.664285714286,0.1,-165.72142857142643,-1650.2142857142644,-1.0,SL,2026Q2,2026,7
5108,98114,2026-05-28 16:30:00,98115,2026-05-28 17:00:00,SELL,4428.66,4450.436785714285,4450.436785714285,4385.106428571428,0.1,-218.46785714285323,-2177.6785714285325,-1.0,SL,2026Q2,2026,1
5109,98117,2026-05-28 18:00:00,98119,2026-05-28 19:00:00,SELL,4469.85,4498.542857142857,4498.542857142857,4412.464285714286,0.1,-287.62857142857064,-2869.2857142857065,-1.0,SL,2026Q2,2026,2
5110,98122,2026-05-28 20:30:00,98152,2026-05-29 12:30:00,SELL,4502.37,4533.57,4533.57,4439.97,0.1,-312.69999999999817,-3119.999999999982,-1.0,SL,2026Q2,2026,30
5111,98153,2026-05-29 13:00:00,98161,2026-05-29 17:00:00,SELL,4531.0,4547.738928571429,4547.738928571429,4497.522142857142,0.1,-168.08928571428913,-1673.8928571428914,-1.0,SL,2026Q2,2026,8
5112,98162,2026-05-29 17:30:00,98162,2026-05-29 17:30:00,SELL,4529.57,4550.885,4550.885,4486.94,0.1,-213.85000000000508,-2131.500000000051,-1.0,SL,2026Q2,2026,0
5113,98186,2026-06-01 06:30:00,98192,2026-06-01 09:30:00,BUY,4520.4,4504.3039285714285,4504.3039285714285,4552.592142857142,0.1,-161.6607142857112,-1609.6071428571122,-1.0,SL,2026Q2,2026,6
5114,98195,2026-06-01 11:00:00,98205,2026-06-01 16:00:00,BUY,4503.17,4485.837500000001,4485.837500000001,4537.835,0.1,-174.02499999999526,-1733.2499999999527,-1.0,SL,2026Q2,2026,10
5115,98208,2026-06-01 17:30:00,98233,2026-06-02 07:00:00,BUY,4456.15,4501.171428571429,4433.6392857142855,4501.171428571429,0.1,449.5142857142917,4502.142857142917,1.990700028469341,TP,2026Q2,2026,25
5116,98237,2026-06-02 09:00:00,98238,2026-06-02 09:30:00,SELL,4516.93,4536.441785714286,4536.441785714286,4477.9064285714285,0.1,-195.81785714285905,-1951.1785714285907,-1.0,SL,2026Q2,2026,1
5117,98240,2026-06-02 10:30:00,98253,2026-06-02 17:00:00,SELL,4533.89,4494.804285714286,4553.432857142858,4494.804285714286,0.1,390.1571428571395,3908.571428571395,1.9892927379998082,TP,2026Q2,2026,13
5118,98259,2026-06-02 20:00:00,98269,2026-06-03 02:00:00,BUY,4491.99,4476.355714285714,4476.355714285714,4523.2585714285715,0.1,-157.04285714285396,-1563.4285714285397,-1.0,SL,2026Q2,2026,10
5119,98285,2026-06-03 10:00:00,98288,2026-06-03 11:30:00,BUY,4463.07,4446.356785714285,4446.356785714285,4496.496428571428,0.1,-167.83214285714456,-1671.3214285714457,-1.0,SL,2026Q2,2026,3
5120,98291,2026-06-03 13:00:00,98298,2026-06-03 16:30:00,BUY,4443.12,4426.305,4426.305,4476.75,0.1,-168.849999999996,-1681.49999999996,-1.0,SL,2026Q2,2026,7
5121,98299,2026-06-03 17:00:00,98340,2026-06-04 14:30:00,BUY,4446.8,4492.88,4423.76,4492.88,0.1,460.0999999999993,4607.999999999993,1.9909130246646474,TP,2026Q2,2026,41
5122,98345,2026-06-04 17:00:00,98363,2026-06-05 03:00:00,SELL,4495.7,4453.890714285714,4516.604642857143,4453.890714285714,0.1,417.3928571428558,4180.928571428558,1.9899879105722897,TP,2026Q2,2026,18
5123,98364,2026-06-05 03:30:00,98366,2026-06-05 04:30:00,BUY,4457.61,4446.348214285714,4446.348214285714,4480.1335714285715,0.1,-113.31785714285907,-1126.1785714285907,-1.0,SL,2026Q2,2026,2
5124,98368,2026-06-05 05:30:00,98369,2026-06-05 06:00:00,BUY,4451.25,4436.060357142856,4436.060357142856,4481.629285714286,0.1,-152.59642857143552,-1518.9642857143554,-1.0,SL,2026Q2,2026,1
5125,98376,2026-06-05 09:30:00,98388,2026-06-05 15:30:00,BUY,4442.54,4425.091785714286,4425.091785714286,4477.436428571428,0.1,-175.1821428571413,-1744.821428571413,-1.0,SL,2026Q2,2026,12
5126,98393,2026-06-05 18:00:00,98394,2026-06-05 18:30:00,BUY,4370.0,4342.165357142857,4342.165357142857,4425.669285714286,0.1,-279.0464285714308,-2783.464285714308,-1.0,SL,2026Q2,2026,1
5127,98397,2026-06-05 20:00:00,98403,2026-06-05 23:00:00,BUY,4344.76,4312.152142857143,4312.152142857143,4409.975714285714,0.1,-326.7785714285703,-3260.785714285703,-1.0,SL,2026Q2,2026,6
5128,98404,2026-06-05 23:30:00,98420,2026-06-08 08:30:00,BUY,4322.73,4294.345714285714,4294.345714285714,4379.49857142857,0.1,-284.54285714285396,-2838.4285714285397,-1.0,SL,2026Q2,2026,16
5129,98434,2026-06-08 15:30:00,98482,2026-06-09 16:30:00,SELL,4329.9,4358.128928571428,4358.128928571428,4273.442142857142,0.1,-282.98928571428695,-2822.8928571428696,-1.0,SL,2026Q2,2026,48
5130,98483,2026-06-09 17:00:00,98484,2026-06-09 17:30:00,SELL,4328.59,4291.5142857142855,4347.1278571428575,4291.5142857142855,0.1,370.0571428571464,3707.571428571464,1.9887144447430043,TP,2026Q2,2026,1
5131,98486,2026-06-09 18:30:00,98487,2026-06-09 19:00:00,BUY,4278.81,4253.678571428572,4253.678571428572,4329.072857142858,0.1,-252.0142857142884,-2513.142857142884,-1.0,SL,2026Q2,2026,1
5132,98488,2026-06-09 19:30:00,98498,2026-06-10 01:30:00,BUY,4263.29,4235.163928571428,4235.163928571428,4319.542142857143,0.1,-281.96071428571776,-2812.6071428571777,-1.0,SL,2026Q2,2026,10
5133,98499,2026-06-10 02:00:00,98500,2026-06-10 02:30:00,BUY,4237.25,4212.0575,4212.0575,4287.635,0.1,-252.62500000000108,-2519.250000000011,-1.0,SL,2026Q2,2026,1
5134,98503,2026-06-10 04:00:00,98503,2026-06-10 04:00:00,BUY,4218.22,4196.226785714286,4196.226785714286,4262.206428571429,0.1,-220.63214285714201,-2199.3214285714203,-1.0,SL,2026Q2,2026,0
5135,98504,2026-06-10 04:30:00,98505,2026-06-10 05:00:00,BUY,4201.84,4178.232142857143,4178.232142857143,4249.055714285714,0.1,-236.77857142857027,-2360.785714285703,-1.0,SL,2026Q2,2026,1
5136,98506,2026-06-10 05:30:00,98517,2026-06-10 11:00:00,BUY,4188.05,4163.364285714286,4163.364285714286,4237.421428571429,0.1,-247.5571428571431,-2468.571428571431,-1.0,SL,2026Q2,2026,11
5137,98522,2026-06-10 13:30:00,98525,2026-06-10 15:00:00,BUY,4165.04,4142.699642857143,4142.699642857143,4209.720714285714,0.1,-224.103571428571,-2234.03571428571,-1.0,SL,2026Q2,2026,3
5138,98532,2026-06-10 18:30:00,98539,2026-06-10 22:00:00,BUY,4127.91,4092.522857142857,4092.522857142857,4198.684285714286,0.1,-354.5714285714286,-3538.7142857142862,-1.0,SL,2026Q2,2026,7
5139,98541,2026-06-10 23:00:00,98543,2026-06-11 01:00:00,BUY,4082.73,4049.7085714285713,4049.7085714285713,4148.772857142857,0.1,-330.91428571428713,-3302.1428571428714,-1.0,SL,2026Q2,2026,2
5140,98546,2026-06-11 02:30:00,98582,2026-06-11 20:30:00,BUY,4061.51,4120.620714285715,4031.954642857143,4120.620714285715,0.1,590.4071428571449,5911.071428571449,1.9929114778604236,TP,2026Q2,2026,36
5141,98585,2026-06-11 22:00:00,98586,2026-06-11 22:30:00,SELL,4161.68,4200.882500000001,4200.882500000001,4083.2750000000005,0.1,-392.72500000000326,-3920.2500000000327,-1.0,SL,2026Q2,2026,1
5142,98590,2026-06-12 01:30:00,98635,2026-06-15 01:00:00,SELL,4214.75,4250.587142857143,4250.587142857143,4143.075714285715,0.1,-359.0714285714268,-3583.714285714268,-1.0,SL,2026Q2,2026,45
5143,98645,2026-06-15 06:00:00,98665,2026-06-15 16:00:00,SELL,4329.37,4355.918928571428,4355.918928571428,4276.272142857142,0.1,-266.18928571428404,-2654.8928571428405,-1.0,SL,2026Q2,2026,20
5144,98667,2026-06-15 17:00:00,98675,2026-06-15 21:00:00,SELL,4354.89,4320.2528571428575,4372.208571428572,4320.2528571428575,0.1,345.67142857142863,3463.7142857142862,1.9879231022017227,TP,2026Q2,2026,8
5145,98676,2026-06-15 21:30:00,98760,2026-06-17 17:30:00,BUY,4324.88,4363.442857142857,4305.598571428572,4363.442857142857,0.1,384.92857142856957,3856.2857142856956,1.9891480879964567,TP,2026Q2,2026,84
5146,98761,2026-06-17 18:00:00,98762,2026-06-17 18:30:00,SELL,4344.28,4362.402142857142,4362.402142857142,4308.035714285714,0.1,-181.92142857142534,-1812.2142857142535,-1.0,SL,2026Q2,2026,1
5147,98763,2026-06-17 19:00:00,98767,2026-06-17 21:00:00,SELL,4363.4,4325.087857142857,4382.556071428571,4325.087857142857,0.1,382.42142857143045,3831.2142857143044,1.9890773317481845,TP,2026Q2,2026,4
5148,98769,2026-06-17 22:00:00,98769,2026-06-17 22:00:00,BUY,4285.83,4248.995357142857,4248.995357142857,4359.499285714286,0.1,-369.0464285714308,-3683.464285714308,-1.0,SL,2026Q2,2026,0
5149,98771,2026-06-17 23:00:00,98779,2026-06-18 04:00:00,BUY,4235.76,4325.8778571428575,4190.701071428572,4325.8778571428575,0.1,900.4785714285724,9011.785714285725,1.9953466655059708,TP,2026Q2,2026,8
5150,98796,2026-06-18 12:30:00,98799,2026-06-18 14:00:00,BUY,4266.41,4246.574642857143,4246.574642857143,4306.080714285714,0.1,-199.0535714285699,-1983.5357142856992,-1.0,SL,2026Q2,2026,3
5151,98801,2026-06-18 15:00:00,98810,2026-06-18 19:30:00,BUY,4242.2,4221.347857142857,4221.347857142857,4283.904285714286,0.1,-209.22142857143007,-2085.214285714301,-1.0,SL,2026Q2,2026,9
5152,98817,2026-06-18 23:00:00,98821,2026-06-19 02:00:00,BUY,4217.04,4194.159642857143,4194.159642857143,4262.800714285714,0.1,-229.50357142857064,-2288.0357142857065,-1.0,SL,2026Q2,2026,4
5153,98826,2026-06-19 04:30:00,98828,2026-06-19 05:30:00,BUY,4191.0,4174.545,4174.545,4223.91,0.1,-165.24999999999926,-1645.4999999999927,-1.0,SL,2026Q2,2026,2
5154,98829,2026-06-19 06:00:00,98830,2026-06-19 06:30:00,BUY,4176.37,4159.557142857143,4159.557142857143,4209.995714285715,0.1,-168.82857142856955,-1681.2857142856956,-1.0,SL,2026Q2,2026,1
5155,98832,2026-06-19 07:30:00,98832,2026-06-19 07:30:00,BUY,4146.65,4128.945714285714,4128.945714285714,4182.058571428572,0.1,-177.74285714286015,-1770.4285714286016,-1.0,SL,2026Q2,2026,0
5156,98834,2026-06-19 08:30:00,98839,2026-06-19 11:00:00,BUY,4133.68,4171.972857142858,4114.533571428571,4171.972857142858,0.1,382.2285714285743,3829.285714285743,1.9890718507229208,TP,2026Q2,2026,5
5157,98850,2026-06-19 16:30:00,98862,2026-06-22 03:30:00,SELL,4163.83,4184.703571428571,4184.703571428571,4122.0828571428565,0.1,-209.43571428571266,-2087.3571428571267,-1.0,SL,2026Q2,2026,12
5158,98912,2026-06-23 05:30:00,98913,2026-06-23 06:00:00,BUY,4161.99,4146.0878571428575,4146.0878571428575,4193.794285714285,0.1,-159.7214285714228,-1590.214285714228,-1.0,SL,2026Q2,2026,1
5159,98920,2026-06-23 09:30:00,98923,2026-06-23 11:00:00,BUY,4116.69,4090.8139285714283,4090.8139285714283,4168.442142857142,0.1,-259.4607142857132,-2587.607142857132,-1.0,SL,2026Q2,2026,3
5160,98924,2026-06-23 11:30:00,98955,2026-06-24 04:00:00,BUY,4098.1,4072.797142857143,4072.797142857143,4148.705714285715,0.1,-253.7285714285719,-2530.285714285719,-1.0,SL,2026Q2,2026,31
5161,98956,2026-06-24 04:30:00,98957,2026-06-24 05:00:00,BUY,4097.97,4080.2957142857144,4080.2957142857144,4133.318571428572,0.1,-177.44285714285814,-1767.4285714285816,-1.0,SL,2026Q2,2026,1
5162,98960,2026-06-24 06:30:00,98977,2026-06-24 15:00:00,BUY,4056.68,4033.7546428571427,4033.7546428571427,4102.530714285715,0.1,-229.95357142857137,-2292.5357142857138,-1.0,SL,2026Q2,2026,17
5163,98990,2026-06-24 21:30:00,99072,2026-06-26 16:30:00,BUY,3990.27,4074.805714285714,3948.0021428571426,4074.805714285714,0.1,844.6571428571422,8453.571428571422,1.9950399001231482,TP,2026Q2,2026,82
5164,99077,2026-06-26 19:00:00,99102,2026-06-29 08:30:00,SELL,4090.44,4042.1914285714283,4114.564285714286,4042.1914285714283,0.1,481.78571428571723,4824.857142857172,1.9913202645252905,TP,2026Q2,2026,25
5165,99103,2026-06-29 09:00:00,99110,2026-06-29 12:30:00,BUY,4054.5,4033.314642857143,4033.314642857143,4096.870714285714,0.1,-212.553571428569,-2118.53571428569,-1.0,SL,2026Q2,2026,7
5166,99120,2026-06-29 17:30:00,99138,2026-06-30 03:30:00,BUY,4024.84,4002.82,4002.82,4068.88,0.1,-220.8999999999998,-2201.999999999998,-1.0,SL,2026Q2,2026,18
5167,99152,2026-06-30 10:30:00,99165,2026-06-30 17:00:00,SELL,4028.59,4057.3685714285716,4057.3685714285716,3971.0328571428577,0.1,-288.48571428571466,-2877.8571428571468,-1.0,SL,2026Q2,2026,13
5168,99187,2026-07-01 05:00:00,99195,2026-07-01 09:00:00,BUY,3977.83,3963.408571428571,3963.408571428571,4006.672857142857,0.1,-144.91428571428804,-1442.1428571428805,-1.0,SL,2026Q3,2026,8
5169,99198,2026-07-01 10:30:00,99204,2026-07-01 13:30:00,BUY,3964.39,3997.910714285714,3947.6296428571427,3997.910714285714,0.1,334.5071428571435,3352.071428571435,1.9875225464190984,TP,2026Q3,2026,6
5170,99213,2026-07-01 18:00:00,99223,2026-07-01 23:00:00,SELL,4093.21,4032.948571428571,4123.340714285714,4032.948571428571,0.1,601.9142857142895,6026.142857142895,1.993046522078505,TP,2026Q3,2026,10
5171,99247,2026-07-02 12:00:00,99254,2026-07-02 15:30:00,SELL,4075.91,4093.6099999999997,4093.6099999999997,4040.5099999999998,0.1,-177.69999999999817,-1769.9999999999818,-1.0,SL,2026Q3,2026,7
5172,99257,2026-07-02 17:00:00,99277,2026-07-03 04:00:00,SELL,4136.79,4163.131071428571,4163.131071428571,4084.107857142857,0.1,-264.1107142857101,-2634.1071428571013,-1.0,SL,2026Q3,2026,20
5173,99279,2026-07-03 05:00:00,99332,2026-07-06 12:30:00,SELL,4182.18,4139.410714285715,4203.564642857143,4139.410714285715,0.1,426.99285714285617,4276.928571428562,1.9902119088442818,TP,2026Q3,2026,53
5174,99333,2026-07-06 13:00:00,99361,2026-07-07 04:00:00,BUY,4143.27,4127.841428571429,4127.841428571429,4174.127142857144,0.1,-154.98571428571557,-1542.8571428571558,-1.0,SL,2026Q3,2026,28
5175,99362,2026-07-07 04:30:00,99369,2026-07-07 08:00:00,BUY,4132.69,4121.0575,4121.0575,4155.955,0.1,-117.02499999999709,-1163.249999999971,-1.0,SL,2026Q3,2026,7
5176,99370,2026-07-07 08:30:00,99383,2026-07-07 15:00:00,BUY,4128.36,4160.078571428571,4112.500714285714,4160.078571428571,0.1,316.48571428571523,3171.857142857152,1.9868167346755754,TP,2026Q3,2026,13
5177,99386,2026-07-07 16:30:00,99396,2026-07-07 21:30:00,SELL,4166.19,4128.9,4184.835,4128.9,0.1,372.19999999999965,3728.9999999999964,1.988779054234523,TP,2026Q3,2026,10
5178,99424,2026-07-08 12:30:00,99434,2026-07-08 17:30:00,BUY,4056.51,4035.3246428571433,4035.3246428571433,4098.880714285714,0.1,-212.553571428569,-2118.53571428569,-1.0,SL,2026Q3,2026,10
5179,99435,2026-07-08 18:00:00,99464,2026-07-09 09:30:00,BUY,4041.37,4103.195714285714,4010.457142857143,4103.195714285714,0.1,617.5571428571373,6182.571428571373,1.993222058281077,TP,2026Q3,2026,29
5180,99467,2026-07-09 11:00:00,99477,2026-07-09 16:00:00,SELL,4107.71,4126.278928571429,4126.278928571429,4070.5721428571433,0.1,-186.3892857142884,-1856.8928571428842,-1.0,SL,2026Q3,2026,10
5181,99479,2026-07-09 17:00:00,99484,2026-07-09 19:30:00,SELL,4121.78,4138.079642857143,4138.079642857143,4089.1807142857137,0.1,-163.69642857143225,-1629.9642857143226,-1.0,SL,2026Q3,2026,5
5182,99485,2026-07-09 20:00:00,99523,2026-07-10 16:00:00,SELL,4127.94,4092.9257142857136,4145.447142857142,4092.9257142857136,0.1,349.4428571428596,3501.428571428596,1.988052665799766,TP,2026Q3,2026,38
5183,99527,2026-07-10 18:00:00,99540,2026-07-13 01:30:00,BUY,4093.38,4074.1564285714285,4074.1564285714285,4131.827142857143,0.1,-192.9357142857163,-1922.3571428571631,-1.0,SL,2026Q3,2026,13
5184,99541,2026-07-13 02:00:00,99549,2026-07-13 06:00:00,BUY,4076.72,4059.900714285714,4059.900714285714,4110.358571428571,0.1,-168.89285714285796,-1681.9285714285797,-1.0,SL,2026Q3,2026,8
5185,99550,2026-07-13 06:30:00,99571,2026-07-13 17:00:00,BUY,4061.92,4039.0482142857145,4039.0482142857145,4107.663571428571,0.1,-229.41785714285578,-2287.178571428558,-1.0,SL,2026Q3,2026,21
5186,99573,2026-07-13 18:00:00,99576,2026-07-13 19:30:00,BUY,4015.29,3994.1560714285715,3994.1560714285715,4057.5578571428573,0.1,-212.0392857142844,-2113.392857142844,-1.0,SL,2026Q3,2026,3
5187,99590,2026-07-14 03:30:00,99600,2026-07-14 08:30:00,BUY,3995.54,4024.742857142857,3980.938571428572,4024.742857142857,0.1,291.3285714285683,2920.285714285683,1.9856864654333317,TP,2026Q3,2026,10
5188,99614,2026-07-14 15:30:00,99614,2026-07-14 15:30:00,SELL,4029.76,4043.6682142857144,4043.6682142857144,4001.943571428572,0.1,-139.78214285714165,-1390.8214285714166,-1.0,SL,2026Q3,2026,0
5189,99643,2026-07-15 07:00:00,99651,2026-07-15 11:00:00,BUY,4031.36,4019.072857142857,4019.072857142857,4055.934285714286,0.1,-123.57142857142954,-1228.7142857142953,-1.0,SL,2026Q3,2026,8
5190,99652,2026-07-15 11:30:00,99660,2026-07-15 15:30:00,BUY,4026.78,4059.6878571428574,4010.3260714285716,4059.6878571428574,0.1,328.3785714285721,3290.785714285721,1.9872911578446844,TP,2026Q3,2026,8
5191,99662,2026-07-15 16:30:00,99671,2026-07-15 21:00:00,SELL,4055.69,4072.222142857143,4072.222142857143,4022.6257142857144,0.1,-166.02142857142843,-1653.2142857142844,-1.0,SL,2026Q3,2026,9
5192,99673,2026-07-15 22:00:00,99706,2026-07-16 15:30:00,SELL,4058.96,4012.3121428571426,4082.2839285714285,4012.3121428571426,0.1,465.7785714285745,4664.785714285745,1.9910233119093979,TP,2026Q3,2026,33
5193,99708,2026-07-16 16:30:00,99708,2026-07-16 16:30:00,BUY,4005.67,3985.0803571428573,3985.0803571428573,4046.849285714286,0.1,-206.59642857142734,-2058.9642857142735,-1.0,SL,2026Q3,2026,0
5194,99721,2026-07-16 23:00:00,99778,2026-07-20 05:30:00,BUY,3980.07,4026.5850000000005,3956.8125,4026.5850000000005,0.1,464.4500000000033,4651.500000000033,1.9909977494373596,TP,2026Q3,2026,57
5195,99779,2026-07-20 06:00:00,99796,2026-07-20 14:30:00,SELL,4021.76,4040.5785714285716,4040.5785714285716,3984.1228571428574,0.1,-188.8857142857143,-1881.8571428571431,-1.0,SL,2026Q3,2026,17
5196,99797,2026-07-20 15:00:00,99824,2026-07-21 05:30:00,SELL,4025.12,4038.742142857143,4038.742142857143,3997.8757142857144,0.1,-136.92142857142989,-1362.214285714299,-1.0,SL,2026Q3,2026,27
5197,99828,2026-07-21 07:30:00,99830,2026-07-21 08:30:00,SELL,4044.57,4060.1282142857144,4060.1282142857144,4013.4535714285716,0.1,-156.28214285714256,-1555.8214285714257,-1.0,SL,2026Q3,2026,2
5198,99867,2026-07-22 04:00:00,99867,2026-07-22 04:00:00,SELL,4097.31,4109.393571428572,4109.393571428572,4073.142857142858,0.1,-121.53571428571304,-1208.3571428571304,-1.0,SL,2026Q3,2026,0
5199,99891,2026-07-22 16:00:00,99892,2026-07-22 16:30:00,BUY,4112.93,4144.721428571429,4097.034285714286,4144.721428571429,0.1,317.214285714287,3179.1428571428696,1.9868468146027203,TP,2026Q3,2026,1
5200,99894,2026-07-22 17:30:00,99896,2026-07-22 18:30:00,SELL,4146.2,4164.982142857143,4164.982142857143,4108.635714285714,0.1,-188.52142857143298,-1878.21428571433,-1.0,SL,2026Q3,2026,2
5201,99897,2026-07-22 19:00:00,99907,2026-07-23 01:00:00,SELL,4159.14,4120.669285714285,4178.375357142858,4120.669285714285,0.1,384.00714285715077,3847.0714285715076,1.9891221903616692,TP,2026Q3,2026,10
5202,99916,2026-07-23 05:30:00,99926,2026-07-23 10:30:00,BUY,4116.33,4100.61,4100.61,4147.7699999999995,0.1,-157.90000000000254,-1572.0000000000255,-1.0,SL,2026Q3,2026,10
5203,99928,2026-07-23 11:30:00,99934,2026-07-23 14:30:00,BUY,4091.89,4075.2185714285715,4075.2185714285715,4125.232857142857,0.1,-167.4142857142835,-1667.142857142835,-1.0,SL,2026Q3,2026,6
5204,99935,2026-07-23 15:00:00,99935,2026-07-23 15:00:00,BUY,4085.72,4070.452142857143,4070.452142857143,4116.255714285714,0.1,-153.37857142856882,-1526.7857142856883,-1.0,SL,2026Q3,2026,0
5205,99936,2026-07-23 15:30:00,99937,2026-07-23 16:00:00,BUY,4074.44,4058.154285714286,4058.154285714286,4107.011428571428,0.1,-163.5571428571422,-1628.571428571422,-1.0,SL,2026Q3,2026,1
5206,99940,2026-07-23 17:30:00,99962,2026-07-24 05:30:00,BUY,4056.57,4036.1678571428574,4036.1678571428574,4097.374285714286,0.1,-204.72142857142734,-2040.2142857142735,-1.0,SL,2026Q3,2026,22
5207,99968,2026-07-24 08:30:00,99971,2026-07-24 10:00:00,BUY,4026.17,4049.4350000000004,4014.5375,4049.4350000000004,0.1,231.95000000000329,2326.5000000000327,1.982055116428114,TP,2026Q3,2026,3
5208,99973,2026-07-24 11:00:00,99977,2026-07-24 13:00:00,SELL,4048.27,4063.4232142857145,4063.4232142857145,4017.9635714285714,0.1,-152.2321428571451,-1515.3214285714512,-1.0,SL,2026Q3,2026,4
5209,99979,2026-07-24 14:00:00,99987,2026-07-24 18:00:00,SELL,4059.86,4072.8425,4072.8425,4033.8950000000004,0.1,-130.52500000000072,-1298.2500000000073,-1.0,SL,2026Q3,2026,8
