id,entry_bar,entry_time,exit_bar,exit_time,direction,entry_price,exit_price,sl,tp,lots,pnl_usd,pnl_pts,pnl_r,exit_reason,quarter,year,holding_bars
1,51,2018-02-02 17:30:00,56,2018-02-02 20:00:00,BUY,1330.11,1336.19625,1326.0524999999998,1336.19625,0.1,60.162500000000634,608.6250000000064,1.4576014536644193,TP,2018Q1,2018,5
2,143,2018-02-06 17:30:00,143,2018-02-06 17:30:00,BUY,1330.2,1326.215357142857,1326.215357142857,1336.1769642857143,0.1,-40.546428571429445,-398.4642857142944,-1.0,SL,2018Q1,2018,0
3,144,2018-02-06 18:00:00,152,2018-02-06 22:00:00,BUY,1328.46,1324.2482142857143,1324.2482142857143,1334.7776785714286,0.1,-42.81785714285725,-421.17857142857247,-1.0,SL,2018Q1,2018,8
4,153,2018-02-06 22:30:00,160,2018-02-07 03:00:00,BUY,1320.52,1327.7955357142857,1315.6696428571427,1327.7955357142857,0.1,72.05535714285752,727.5535714285752,1.4644334760832822,TP,2018Q1,2018,7
5,184,2018-02-07 15:00:00,186,2018-02-07 16:00:00,BUY,1324.45,1321.6107142857143,1321.6107142857143,1328.7089285714285,0.1,-29.092857142857792,-283.9285714285779,-1.0,SL,2018Q1,2018,2
6,187,2018-02-07 16:30:00,189,2018-02-07 17:30:00,BUY,1322.79,1319.6367857142857,1319.6367857142857,1327.5198214285715,0.1,-32.23214285714285,-315.32142857142844,-1.0,SL,2018Q1,2018,2
7,190,2018-02-07 18:00:00,192,2018-02-07 19:00:00,BUY,1321.01,1317.3542857142857,1317.3542857142857,1326.4935714285714,0.1,-37.25714285714339,-365.5714285714339,-1.0,SL,2018Q1,2018,2
8,193,2018-02-07 19:30:00,194,2018-02-07 20:00:00,BUY,1318.21,1314.0892857142858,1314.0892857142858,1324.3910714285714,0.1,-41.907142857142574,-412.0714285714257,-1.0,SL,2018Q1,2018,1
9,195,2018-02-07 20:30:00,228,2018-02-08 14:00:00,BUY,1312.42,1307.5578571428573,1307.5578571428573,1319.7132142857145,0.1,-49.32142857142772,-486.21428571427714,-1.0,SL,2018Q1,2018,33
10,229,2018-02-08 14:30:00,230,2018-02-08 15:00:00,BUY,1308.52,1313.43625,1305.2424999999998,1313.43625,0.1,48.462499999999906,491.6249999999991,1.4477221807318237,TP,2018Q1,2018,1
11,359,2018-02-13 10:30:00,368,2018-02-13 15:00:00,SELL,1329.09,1325.682857142857,1331.3614285714284,1325.682857142857,0.1,33.37142857142844,340.7142857142844,1.4252593044539812,TP,2018Q1,2018,9
12,387,2018-02-14 01:30:00,393,2018-02-14 04:30:00,SELL,1331.68,1334.0382142857143,1334.0382142857143,1328.1426785714286,0.1,-24.282142857142116,-235.82142857142117,-1.0,SL,2018Q1,2018,6
13,394,2018-02-14 05:00:00,403,2018-02-14 09:30:00,SELL,1335.02,1331.8153571428572,1337.1564285714285,1331.8153571428572,0.1,31.34642857142744,320.4642857142744,1.420686306247974,TP,2018Q1,2018,9
14,419,2018-02-14 17:30:00,424,2018-02-14 20:00:00,SELL,1344.3,1349.7910714285715,1349.7910714285715,1336.0633928571428,0.1,-55.61071428571559,-549.1071428571558,-1.0,SL,2018Q1,2018,5
15,425,2018-02-14 20:30:00,545,2018-02-19 11:30:00,SELL,1355.1,1347.45,1362.230357142857,1344.4044642857143,0.1,75.79999999999863,764.9999999999864,1.0527255592480456,TIME_EXIT,2018Q1,2018,120
16,567,2018-02-20 03:30:00,576,2018-02-20 08:00:00,BUY,1342.25,1339.7685714285715,1339.7685714285715,1345.9721428571427,0.1,-25.514285714285233,-248.14285714285234,-1.0,SL,2018Q1,2018,9
17,577,2018-02-20 08:30:00,579,2018-02-20 09:30:00,BUY,1340.33,1337.9289285714285,1337.9289285714285,1343.931607142857,0.1,-24.71071428571413,-240.1071428571413,-1.0,SL,2018Q1,2018,2
18,580,2018-02-20 10:00:00,580,2018-02-20 10:00:00,BUY,1338.94,1336.8260714285716,1336.8260714285716,1342.110892857143,0.1,-21.839285714284596,-211.39285714284597,-1.0,SL,2018Q1,2018,0
19,581,2018-02-20 10:30:00,591,2018-02-20 15:30:00,BUY,1338.18,1336.065,1336.065,1341.3525,0.1,-21.85000000000009,-211.5000000000009,-1.0,SL,2018Q1,2018,10
20,592,2018-02-20 16:00:00,592,2018-02-20 16:00:00,BUY,1336.54,1341.0576785714286,1333.5282142857143,1341.0576785714286,0.1,44.47678571428632,451.76785714286325,1.443214740989722,TP,2018Q1,2018,0
21,597,2018-02-20 18:30:00,613,2018-02-21 03:30:00,BUY,1332.15,1327.494642857143,1327.494642857143,1339.1330357142858,0.1,-47.25357142857156,-465.5357142857156,-1.0,SL,2018Q1,2018,16
22,614,2018-02-21 04:00:00,616,2018-02-21 05:00:00,BUY,1328.12,1325.610714285714,1325.610714285714,1331.8839285714287,0.1,-25.79285714285852,-250.9285714285852,-1.0,SL,2018Q1,2018,2
23,617,2018-02-21 05:30:00,638,2018-02-21 16:00:00,BUY,1326.24,1330.1100000000001,1323.6599999999999,1330.1100000000001,0.1,38.00000000000118,387.0000000000118,1.4339622641509042,TP,2018Q1,2018,21
24,670,2018-02-22 09:00:00,683,2018-02-22 15:30:00,BUY,1321.82,1325.5083928571428,1319.3610714285714,1325.5083928571428,0.1,36.18392857142844,368.8392857142844,1.4308007343595963,TP,2018Q1,2018,13
25,753,2018-02-26 04:30:00,759,2018-02-26 07:30:00,SELL,1335.91,1338.5757142857144,1338.5757142857144,1331.9114285714286,0.1,-27.357142857143298,-266.571428571433,-1.0,SL,2018Q1,2018,6
26,760,2018-02-26 08:00:00,776,2018-02-26 16:00:00,SELL,1339.63,1335.1476785714287,1342.6182142857144,1335.1476785714287,0.1,44.12321428571367,448.23214285713675,1.442777064113008,TP,2018Q1,2018,16
27,821,2018-02-27 15:30:00,821,2018-02-27 15:30:00,BUY,1327.31,1325.1425,1325.1425,1330.56125,0.1,-22.37500000000018,-216.75000000000182,-1.0,SL_AMBIGUOUS_PESSIMISTIC,2018Q1,2018,0
28,824,2018-02-27 17:00:00,825,2018-02-27 17:30:00,BUY,1325.99,1322.8325,1322.8325,1330.72625,0.1,-32.275000000000276,-315.75000000000273,-1.0,SL,2018Q1,2018,1
29,826,2018-02-27 18:00:00,828,2018-02-27 19:00:00,BUY,1318.2,1314.1371428571429,1314.1371428571429,1324.2942857142857,0.1,-41.328571428571834,-406.2857142857183,-1.0,SL,2018Q1,2018,2
30,829,2018-02-27 19:30:00,904,2018-03-01 11:00:00,BUY,1315.8,1311.0792857142856,1311.0792857142856,1322.8810714285714,0.1,-47.90714285714394,-472.07142857143936,-1.0,SL,2018Q1,2018,75
31,905,2018-03-01 11:30:00,910,2018-03-01 14:00:00,BUY,1310.93,1309.0121428571429,1309.0121428571429,1313.8067857142858,0.1,-19.878571428572013,-191.78571428572013,-1.0,SL,2018Q1,2018,5
32,911,2018-03-01 14:30:00,912,2018-03-01 15:00:00,BUY,1307.7,1305.5303571428572,1305.5303571428572,1310.9544642857143,0.1,-22.396428571428896,-216.96428571428896,-1.0,SL,2018Q1,2018,1
33,913,2018-03-01 15:30:00,913,2018-03-01 15:30:00,BUY,1306.04,1309.776607142857,1303.5489285714286,1309.776607142857,0.1,36.6660714285711,373.66071428571104,1.431669223260396,TP,2018Q1,2018,0
34,917,2018-03-01 17:30:00,919,2018-03-01 18:30:00,BUY,1305.53,1311.0617857142856,1301.8421428571428,1311.0617857142856,0.1,54.61785714285661,553.1785714285661,1.4534309066717055,TP,2018Q1,2018,2
35,944,2018-03-02 08:00:00,954,2018-03-02 13:00:00,SELL,1318.32,1320.1692857142857,1320.1692857142857,1315.5460714285714,0.1,-19.1928571428577,-184.92857142857702,-1.0,SL,2018Q1,2018,10
36,955,2018-03-02 13:30:00,965,2018-03-02 18:30:00,SELL,1322.98,1318.838392857143,1325.7410714285716,1318.838392857143,0.1,40.71607142857083,414.1607142857083,1.4381859467641456,TP,2018Q1,2018,10
37,981,2018-03-05 03:30:00,1005,2018-03-05 15:30:00,SELL,1326.02,1322.140357142857,1328.6064285714285,1322.140357142857,0.1,38.09642857142926,387.9642857142926,1.4341220758268771,TP,2018Q1,2018,24
38,1048,2018-03-06 14:00:00,1050,2018-03-06 15:00:00,SELL,1327.61,1329.902857142857,1329.902857142857,1324.1707142857142,0.1,-23.628571428572013,-229.28571428572013,-1.0,SL,2018Q1,2018,2
39,1051,2018-03-06 15:30:00,1051,2018-03-06 15:30:00,SELL,1329.15,1331.5789285714286,1331.5789285714286,1325.506607142857,0.1,-24.989285714285142,-242.89285714285143,-1.0,SL,2018Q1,2018,0
40,1052,2018-03-06 16:00:00,1054,2018-03-06 17:00:00,SELL,1332.05,1334.6739285714286,1334.6739285714286,1328.1141071428572,0.1,-26.93928571428678,-262.3928571428678,-1.0,SL,2018Q1,2018,2
41,1055,2018-03-06 17:30:00,1056,2018-03-06 18:00:00,SELL,1334.34,1337.357142857143,1337.357142857143,1329.8142857142857,0.1,-30.871428571429714,-301.71428571429715,-1.0,SL,2018Q1,2018,1
42,1057,2018-03-06 18:30:00,1068,2018-03-07 01:00:00,SELL,1337.18,1340.4907142857144,1340.4907142857144,1332.2139285714286,0.1,-33.80714285714312,-331.07142857143117,-1.0,SL,2018Q1,2018,11
43,1069,2018-03-07 01:30:00,1079,2018-03-07 06:30:00,SELL,1337.96,1333.0646428571429,1341.2235714285714,1333.0646428571429,0.1,48.25357142857165,489.5357142857165,1.447503749732195,TP,2018Q1,2018,10
44,1103,2018-03-07 18:30:00,1130,2018-03-08 09:00:00,BUY,1323.91,1328.633392857143,1320.7610714285715,1328.633392857143,0.1,46.53392857142926,472.3392857142926,1.445634084100778,TP,2018Q1,2018,27
45,1148,2018-03-08 18:00:00,1188,2018-03-09 15:00:00,BUY,1319.51,1316.6535714285715,1316.6535714285715,1323.794642857143,0.1,-29.264285714285233,-285.64285714285234,-1.0,SL,2018Q1,2018,40
46,1189,2018-03-09 15:30:00,1189,2018-03-09 15:30:00,BUY,1315.78,1313.6360714285713,1313.6360714285713,1318.995892857143,0.1,-22.139285714286597,-214.39285714286598,-1.0,SL_AMBIGUOUS_PESSIMISTIC,2018Q1,2018,0
47,1230,2018-03-12 12:00:00,1232,2018-03-12 13:00:00,BUY,1317.76,1315.9514285714286,1315.9514285714286,1320.472857142857,0.1,-18.785714285714402,-180.85714285714403,-1.0,SL,2018Q1,2018,2
48,1233,2018-03-12 13:30:00,1236,2018-03-12 15:00:00,BUY,1316.13,1319.22375,1314.0675,1319.22375,0.1,30.2375,309.375,1.417936694021102,TP,2018Q1,2018,3
49,1307,2018-03-14 04:30:00,1313,2018-03-14 07:30:00,SELL,1328.27,1330.0217857142857,1330.0217857142857,1325.6423214285714,0.1,-18.217857142856882,-175.17857142856883,-1.0,SL,2018Q1,2018,6
50,1314,2018-03-14 08:00:00,1314,2018-03-14 08:00:00,SELL,1328.73,1326.2389285714287,1330.3907142857142,1326.2389285714287,0.1,24.210714285713312,249.1071428571331,1.3988856789104378,TP,2018Q1,2018,0
51,1374,2018-03-15 15:00:00,1375,2018-03-15 15:30:00,BUY,1319.7,1317.7189285714285,1317.7189285714285,1322.6716071428573,0.1,-20.510714285715675,-198.10714285715676,-1.0,SL,2018Q1,2018,1
52,1376,2018-03-15 16:00:00,1376,2018-03-15 16:00:00,BUY,1319.05,1316.7582142857143,1316.7582142857143,1322.4876785714284,0.1,-23.61785714285652,-229.1785714285652,-1.0,SL,2018Q1,2018,0
53,1377,2018-03-15 16:30:00,1379,2018-03-15 17:30:00,BUY,1318.91,1316.48,1316.48,1322.555,0.1,-25.000000000000636,-243.00000000000637,-1.0,SL,2018Q1,2018,2
54,1380,2018-03-15 18:00:00,1396,2018-03-16 03:00:00,BUY,1316.57,1313.9975,1313.9975,1320.4287499999998,0.1,-26.42499999999991,-257.2499999999991,-1.0,SL,2018Q1,2018,16
55,1397,2018-03-16 03:30:00,1406,2018-03-16 08:00:00,BUY,1314.36,1317.3926785714286,1312.338214285714,1317.3926785714286,0.1,29.626785714287326,303.26785714287325,1.416339422912707,TP,2018Q1,2018,9
56,1422,2018-03-16 16:00:00,1422,2018-03-16 16:00:00,BUY,1313.26,1310.8396428571427,1310.8396428571427,1316.8905357142858,0.1,-24.90357142857256,-242.0357142857256,-1.0,SL,2018Q1,2018,0
57,1423,2018-03-16 16:30:00,1423,2018-03-16 16:30:00,BUY,1312.81,1310.2589285714284,1310.2589285714284,1316.6366071428572,0.1,-26.21071428571504,-255.1071428571504,-1.0,SL,2018Q1,2018,0
58,1424,2018-03-16 17:00:00,1426,2018-03-16 18:00:00,BUY,1310.16,1314.332142857143,1307.3785714285714,1314.332142857143,0.1,41.02142857142944,417.2142857142944,1.4386272545089809,TP,2018Q1,2018,2
59,1441,2018-03-19 02:30:00,1451,2018-03-19 07:30:00,BUY,1311.84,1310.0571428571427,1310.0571428571427,1314.5142857142857,0.1,-18.528571428572103,-178.28571428572104,-1.0,SL,2018Q1,2018,10
60,1452,2018-03-19 08:00:00,1452,2018-03-19 08:00:00,BUY,1310.0,1308.3457142857144,1308.3457142857144,1312.4814285714285,0.1,-17.242857142856064,-165.42857142856064,-1.0,SL,2018Q1,2018,0
61,1453,2018-03-19 08:30:00,1459,2018-03-19 11:30:00,BUY,1309.02,1311.7055357142856,1307.2296428571428,1311.7055357142856,0.1,26.155357142856065,268.55357142856064,1.4059320406987297,TP,2018Q1,2018,6
62,1515,2018-03-20 16:30:00,1516,2018-03-20 17:00:00,BUY,1308.07,1312.3932142857143,1305.187857142857,1312.3932142857143,0.1,42.53214285714357,432.3214285714357,1.4407210258891485,TP,2018Q1,2018,1
63,1549,2018-03-21 10:30:00,1555,2018-03-21 13:30:00,SELL,1316.98,1314.55,1318.6000000000001,1314.55,0.1,23.600000000000637,243.00000000000637,1.396449704141952,TP,2018Q1,2018,6
64,1559,2018-03-21 15:30:00,1562,2018-03-21 17:00:00,SELL,1322.09,1324.7589285714284,1324.7589285714284,1318.086607142857,0.1,-27.389285714285233,-266.89285714285234,-1.0,SL,2018Q1,2018,3
65,1563,2018-03-21 17:30:00,1568,2018-03-21 20:00:00,SELL,1325.42,1320.029642857143,1329.0135714285714,1320.029642857143,0.1,53.203571428570555,539.0357142857056,1.4522324039774126,TP,2018Q1,2018,5
66,1570,2018-03-21 21:00:00,1571,2018-03-21 21:30:00,SELL,1330.35,1336.2364285714284,1336.2364285714284,1321.5203571428572,0.1,-59.56428571428496,-588.6428571428496,-1.0,SL,2018Q1,2018,1
67,1572,2018-03-21 22:00:00,1636,2018-03-23 08:00:00,SELL,1333.32,1339.5567857142855,1339.5567857142855,1323.9648214285714,0.1,-63.067857142855885,-623.6785714285588,-1.0,SL,2018Q1,2018,64
68,1637,2018-03-23 08:30:00,1648,2018-03-23 14:00:00,SELL,1340.89,1343.5492857142858,1343.5492857142858,1336.9010714285716,0.1,-27.292857142857155,-265.92857142857156,-1.0,SL,2018Q1,2018,11
69,1649,2018-03-23 14:30:00,1652,2018-03-23 16:00:00,SELL,1346.48,1349.9589285714285,1349.9589285714285,1341.2616071428572,0.1,-35.48928571428469,-347.8928571428469,-1.0,SL,2018Q1,2018,3
70,1653,2018-03-23 16:30:00,1697,2018-03-26 16:30:00,SELL,1347.08,1351.1974999999998,1351.1974999999998,1340.9037500000002,0.1,-41.874999999998366,-411.74999999998363,-1.0,SL,2018Q1,2018,44
71,1698,2018-03-26 17:00:00,1698,2018-03-26 17:00:00,SELL,1352.63,1355.1564285714287,1355.1564285714287,1348.8403571428573,0.1,-25.96428571428596,-252.6428571428596,-1.0,SL,2018Q1,2018,0
72,1699,2018-03-26 17:30:00,1729,2018-03-27 09:30:00,SELL,1353.53,1356.1057142857142,1356.1057142857142,1349.6664285714285,0.1,-26.457142857141843,-257.57142857141844,-1.0,SL,2018Q1,2018,30
73,1741,2018-03-27 15:30:00,1765,2018-03-28 04:30:00,BUY,1341.7,1346.9376785714287,1338.2082142857143,1346.9376785714287,0.1,51.676785714286595,523.767857142866,1.4508673418229534,TP,2018Q1,2018,24
74,1774,2018-03-28 09:00:00,1775,2018-03-28 09:30:00,BUY,1342.07,1340.1532142857143,1340.1532142857143,1344.9451785714284,0.1,-19.86785714285652,-191.6785714285652,-1.0,SL,2018Q1,2018,1
75,1776,2018-03-28 10:00:00,1776,2018-03-28 10:00:00,BUY,1341.35,1339.3571428571427,1339.3571428571427,1344.3392857142858,0.1,-20.628571428572467,-199.28571428572468,-1.0,SL,2018Q1,2018,0
76,1777,2018-03-28 10:30:00,1783,2018-03-28 13:30:00,BUY,1340.07,1337.8874999999998,1337.8874999999998,1343.34375,0.1,-22.52500000000118,-218.25000000001182,-1.0,SL,2018Q1,2018,6
77,1784,2018-03-28 14:00:00,1786,2018-03-28 15:00:00,BUY,1337.28,1334.352857142857,1334.352857142857,1341.6707142857144,0.1,-29.971428571430533,-292.71428571430533,-1.0,SL,2018Q1,2018,2
78,1787,2018-03-28 15:30:00,1789,2018-03-28 16:30:00,BUY,1334.36,1331.295714285714,1331.295714285714,1338.9564285714287,0.1,-31.342857142859156,-306.42857142859157,-1.0,SL,2018Q1,2018,2
79,1790,2018-03-28 17:00:00,1794,2018-03-28 19:00:00,BUY,1331.97,1328.3657142857141,1328.3657142857141,1337.3764285714287,0.1,-36.742857142858796,-360.42857142858793,-1.0,SL,2018Q1,2018,4
80,1795,2018-03-28 19:30:00,1798,2018-03-28 21:00:00,BUY,1327.62,1323.8324999999998,1323.8324999999998,1333.30125,0.1,-38.57500000000137,-378.75000000001364,-1.0,SL,2018Q1,2018,3
81,1799,2018-03-28 21:30:00,1867,2018-04-02 09:30:00,BUY,1324.59,1330.3467857142857,1320.7521428571426,1330.3467857142857,0.1,56.86785714285797,575.6785714285797,1.4552184244196396,TP,2018Q1,2018,68
82,1869,2018-04-02 10:30:00,1876,2018-04-02 14:00:00,SELL,1331.17,1332.7375000000002,1332.7375000000002,1328.81875,0.1,-16.37500000000109,-156.7500000000109,-1.0,SL,2018Q2,2018,7
83,1877,2018-04-02 14:30:00,1877,2018-04-02 14:30:00,SELL,1332.94,1334.2417857142857,1334.2417857142857,1330.9873214285715,0.1,-13.717857142856428,-130.17857142856428,-1.0,SL,2018Q2,2018,0
84,1878,2018-04-02 15:00:00,1878,2018-04-02 15:00:00,SELL,1333.47,1334.9528571428573,1334.9528571428573,1331.2457142857143,0.1,-15.528571428572558,-148.2857142857256,-1.0,SL,2018Q2,2018,0
85,1879,2018-04-02 15:30:00,1880,2018-04-02 16:00:00,SELL,1334.23,1335.8992857142857,1335.8992857142857,1331.7260714285715,0.1,-17.392857142857064,-166.92857142857065,-1.0,SL,2018Q2,2018,1
86,1881,2018-04-02 16:30:00,1883,2018-04-02 17:30:00,SELL,1335.46,1337.3542857142859,1337.3542857142859,1332.6185714285714,0.1,-19.64285714285843,-189.4285714285843,-1.0,SL,2018Q2,2018,2
87,1884,2018-04-02 18:00:00,1886,2018-04-02 19:00:00,SELL,1337.14,1339.5914285714287,1339.5914285714287,1333.4628571428573,0.1,-25.214285714285506,-245.14285714285506,-1.0,SL,2018Q2,2018,2
88,1887,2018-04-02 19:30:00,1888,2018-04-02 20:00:00,SELL,1339.09,1342.042857142857,1342.042857142857,1334.6607142857142,0.1,-30.228571428570557,-295.2857142857056,-1.0,SL,2018Q2,2018,1
89,1889,2018-04-02 20:30:00,1903,2018-04-03 04:30:00,SELL,1342.65,1337.4910714285716,1346.0892857142858,1337.4910714285716,0.1,50.88928571428532,515.8928571428532,1.45013230205577,TP,2018Q2,2018,14
90,1930,2018-04-03 18:00:00,1934,2018-04-03 20:00:00,BUY,1329.59,1334.6075,1326.245,1334.6075,0.1,49.47500000000154,501.75000000001546,1.448755490483196,TP,2018Q2,2018,4
91,1962,2018-04-04 11:00:00,1962,2018-04-04 11:00:00,SELL,1339.49,1341.6671428571428,1341.6671428571428,1336.2242857142858,0.1,-22.47142857142826,-217.7142857142826,-1.0,SL,2018Q2,2018,0
92,1963,2018-04-04 11:30:00,1969,2018-04-04 14:30:00,SELL,1343.19,1345.809642857143,1345.809642857143,1339.2605357142857,0.1,-26.89642857142935,-261.9642857142935,-1.0,SL,2018Q2,2018,6
93,1970,2018-04-04 15:00:00,1974,2018-04-04 17:00:00,SELL,1346.67,1341.2250000000001,1350.3,1341.2250000000001,0.1,53.74999999999936,544.4999999999936,1.4527027027027317,TP,2018Q2,2018,4
94,1993,2018-04-05 03:30:00,2000,2018-04-05 07:00:00,BUY,1331.32,1328.9564285714287,1328.9564285714287,1334.865357142857,0.1,-24.335714285712765,-236.35714285712766,-1.0,SL,2018Q2,2018,7
95,2001,2018-04-05 07:30:00,2005,2018-04-05 09:30:00,BUY,1328.37,1326.485357142857,1326.485357142857,1331.196964285714,0.1,-19.546428571428077,-188.46428571428078,-1.0,SL,2018Q2,2018,4
96,2006,2018-04-05 10:00:00,2006,2018-04-05 10:00:00,BUY,1326.52,1324.492857142857,1324.492857142857,1329.5607142857143,0.1,-20.971428571429623,-202.71428571429624,-1.0,SL,2018Q2,2018,0
97,2007,2018-04-05 10:30:00,2014,2018-04-05 14:00:00,BUY,1326.9,1329.9166071428572,1324.8889285714286,1329.9166071428572,0.1,29.46607142857083,301.6607142857083,1.4159087008751312,TP,2018Q2,2018,7
98,2019,2018-04-05 16:30:00,2019,2018-04-05 16:30:00,BUY,1323.38,1327.9860714285717,1320.3092857142858,1327.9860714285717,0.1,45.36071428571567,460.60714285715676,1.4442801910393814,TP,2018Q2,2018,0
99,2053,2018-04-06 10:30:00,2057,2018-04-06 12:30:00,BUY,1321.97,1326.175892857143,1319.1660714285713,1326.175892857143,0.1,41.358928571429985,420.5892857142999,1.439107742015622,TP,2018Q2,2018,4
100,2131,2018-04-10 03:30:00,2133,2018-04-10 04:30:00,SELL,1337.92,1334.7475000000002,1340.035,1334.7475000000002,0.1,31.024999999999,317.24999999999,1.4199084668191704,TP,2018Q2,2018,2
101,2189,2018-04-11 09:30:00,2196,2018-04-11 13:00:00,SELL,1344.8,1346.6160714285713,1346.6160714285713,1342.075892857143,0.1,-18.860714285713765,-181.60714285713766,-1.0,SL,2018Q2,2018,7
102,2197,2018-04-11 13:30:00,2198,2018-04-11 14:00:00,SELL,1346.53,1348.6739285714286,1348.6739285714286,1343.3141071428572,0.1,-22.139285714286597,-214.39285714286598,-1.0,SL,2018Q2,2018,1
103,2199,2018-04-11 14:30:00,2201,2018-04-11 15:30:00,SELL,1350.68,1353.2728571428572,1353.2728571428572,1346.7907142857143,0.1,-26.628571428571558,-259.2857142857156,-1.0,SL,2018Q2,2018,2
104,2202,2018-04-11 16:00:00,2205,2018-04-11 17:30:00,SELL,1352.37,1355.8210714285713,1355.8210714285713,1347.1933928571427,0.1,-35.21071428571368,-345.10714285713675,-1.0,SL,2018Q2,2018,3
105,2206,2018-04-11 18:00:00,2206,2018-04-11 18:00:00,SELL,1358.85,1363.4399999999998,1363.4399999999998,1351.965,0.1,-46.599999999999184,-458.9999999999918,-1.0,SL,2018Q2,2018,0
106,2207,2018-04-11 18:30:00,2210,2018-04-11 20:00:00,SELL,1362.73,1355.2391071428572,1367.7239285714286,1355.2391071428572,0.1,74.20892857142853,749.0892857142853,1.4654418506241624,TP,2018Q2,2018,3
107,2261,2018-04-12 22:30:00,2285,2018-04-13 11:30:00,BUY,1335.12,1341.2785714285712,1331.0142857142855,1341.2785714285712,0.1,60.88571428571349,615.8571428571349,1.4580910023947462,TP,2018Q2,2018,24
108,2501,2018-04-20 04:30:00,2516,2018-04-20 12:00:00,BUY,1342.3,1340.0542857142857,1340.0542857142857,1345.6685714285713,0.1,-23.15714285714257,-224.5714285714257,-1.0,SL,2018Q2,2018,15
109,2517,2018-04-20 12:30:00,2522,2018-04-20 15:00:00,BUY,1340.24,1343.5635714285713,1338.0242857142857,1343.5635714285713,0.1,32.53571428571313,332.3571428571313,1.4234374999999502,TP,2018Q2,2018,5
110,2525,2018-04-20 16:30:00,2540,2018-04-23 01:00:00,BUY,1336.39,1333.0064285714286,1333.0064285714286,1341.465357142857,0.1,-34.53571428571486,-338.3571428571486,-1.0,SL,2018Q2,2018,15
111,2541,2018-04-23 01:30:00,2558,2018-04-23 10:00:00,BUY,1334.01,1331.562857142857,1331.562857142857,1337.6807142857144,0.1,-25.17142857143035,-244.71428571430351,-1.0,SL,2018Q2,2018,17
112,2559,2018-04-23 10:30:00,2561,2018-04-23 11:30:00,BUY,1332.45,1330.4732142857144,1330.4732142857144,1335.4151785714284,0.1,-20.467857142855973,-197.67857142855974,-1.0,SL,2018Q2,2018,2
113,2562,2018-04-23 12:00:00,2562,2018-04-23 12:00:00,BUY,1329.23,1327.1514285714286,1327.1514285714286,1332.347857142857,0.1,-21.48571428571422,-207.8571428571422,-1.0,SL,2018Q2,2018,0
114,2563,2018-04-23 12:30:00,2568,2018-04-23 15:00:00,BUY,1328.38,1326.201785714286,1326.201785714286,1331.6473214285716,0.1,-22.48214285714148,-217.8214285714148,-1.0,SL,2018Q2,2018,5
115,2569,2018-04-23 15:30:00,2572,2018-04-23 17:00:00,BUY,1325.39,1322.5646428571429,1322.5646428571429,1329.628035714286,0.1,-28.953571428572285,-282.53571428572286,-1.0,SL,2018Q2,2018,3
116,2573,2018-04-23 17:30:00,2594,2018-04-24 05:00:00,BUY,1323.38,1327.945892857143,1320.3360714285716,1327.945892857143,0.1,44.958928571428984,456.5892857142899,1.4438008945980398,TP,2018Q2,2018,21
117,2651,2018-04-25 10:30:00,2659,2018-04-25 14:30:00,BUY,1324.16,1322.1382142857144,1322.1382142857144,1327.1926785714286,0.1,-20.9178571428567,-202.178571428567,-1.0,SL,2018Q2,2018,8
118,2660,2018-04-25 15:00:00,2686,2018-04-26 05:00:00,BUY,1320.84,1324.5171428571427,1318.3885714285714,1324.5171428571427,0.1,36.07142857142826,367.7142857142826,1.4305949008498577,TP,2018Q2,2018,26
119,2729,2018-04-27 03:30:00,2730,2018-04-27 04:00:00,BUY,1317.23,1315.775,1315.775,1319.4125,0.1,-15.249999999999272,-145.49999999999272,-1.0,SL,2018Q2,2018,1
120,2731,2018-04-27 04:30:00,2744,2018-04-27 11:00:00,BUY,1316.52,1318.7908928571428,1315.0060714285714,1318.7908928571428,0.1,22.00892857142826,227.0892857142826,1.3895152198421632,TP,2018Q2,2018,13
121,2795,2018-04-30 13:30:00,2796,2018-04-30 14:00:00,BUY,1316.55,1314.545357142857,1314.545357142857,1319.5569642857142,0.1,-20.74642857142926,-200.4642857142926,-1.0,SL,2018Q2,2018,1
122,2797,2018-04-30 14:30:00,2800,2018-04-30 16:00:00,BUY,1314.4,1312.1200000000001,1312.1200000000001,1317.8200000000002,0.1,-23.499999999999726,-227.99999999999727,-1.0,SL,2018Q2,2018,3
123,2801,2018-04-30 16:30:00,2802,2018-04-30 17:00:00,BUY,1312.39,1316.2969642857145,1309.7853571428573,1316.2969642857145,0.1,38.36964285714366,390.6964285714366,1.4345707036988,TP,2018Q2,2018,1
124,2824,2018-05-01 05:00:00,2832,2018-05-01 09:00:00,BUY,1312.79,1310.8871428571429,1310.8871428571429,1315.6442857142856,0.1,-19.728571428571012,-190.28571428571013,-1.0,SL,2018Q2,2018,8
125,2833,2018-05-01 09:30:00,2836,2018-05-01 11:00:00,BUY,1311.13,1309.7628571428572,1309.7628571428572,1313.1807142857144,0.1,-14.371428571428805,-136.71428571428805,-1.0,SL,2018Q2,2018,3
126,2837,2018-05-01 11:30:00,2837,2018-05-01 11:30:00,BUY,1310.03,1308.5342857142857,1308.5342857142857,1312.2735714285714,0.1,-15.65714285714257,-149.5714285714257,-1.0,SL,2018Q2,2018,0
127,2838,2018-05-01 12:00:00,2844,2018-05-01 15:00:00,BUY,1308.98,1307.4639285714286,1307.4639285714286,1311.254107142857,0.1,-15.86071428571422,-151.6071428571422,-1.0,SL,2018Q2,2018,6
128,2845,2018-05-01 15:30:00,2846,2018-05-01 16:00:00,BUY,1308.94,1306.9267857142859,1306.9267857142859,1311.9598214285713,0.1,-20.832142857141843,-201.32142857141844,-1.0,SL,2018Q2,2018,1
129,2847,2018-05-01 16:30:00,2848,2018-05-01 17:00:00,BUY,1307.18,1304.9760714285715,1304.9760714285715,1310.4858928571427,0.1,-22.73928571428605,-220.39285714286052,-1.0,SL,2018Q2,2018,1
130,2849,2018-05-01 17:30:00,2849,2018-05-01 17:30:00,BUY,1305.66,1303.0478571428573,1303.0478571428573,1309.5782142857142,0.1,-26.821428571427713,-261.21428571427714,-1.0,SL,2018Q2,2018,0
131,2850,2018-05-01 18:00:00,2853,2018-05-01 19:30:00,BUY,1303.3,1307.7051785714284,1300.3632142857143,1307.7051785714284,0.1,43.3517857142845,440.51785714284506,1.4417983133388748,TP,2018Q2,2018,3
132,2936,2018-05-03 15:00:00,2940,2018-05-03 17:00:00,SELL,1317.58,1312.9787499999998,1320.6475,1312.9787499999998,0.1,45.312500000001634,460.12500000001637,1.444223107569723,TP,2018Q2,2018,4
133,3005,2018-05-07 03:30:00,3006,2018-05-07 04:00:00,SELL,1316.81,1318.6325,1318.6325,1314.0762499999998,0.1,-18.92499999999991,-182.2499999999991,-1.0,SL,2018Q2,2018,1
134,3007,2018-05-07 04:30:00,3014,2018-05-07 08:00:00,SELL,1318.42,1315.7794642857143,1320.1803571428572,1315.7794642857143,0.1,25.70535714285761,264.0535714285761,1.4043902439024407,TP,2018Q2,2018,7
135,3111,2018-05-09 10:30:00,3111,2018-05-09 10:30:00,BUY,1306.58,1304.2035714285714,1304.2035714285714,1310.1446428571428,0.1,-24.46428571428505,-237.64285714285052,-1.0,SL,2018Q2,2018,0
136,3112,2018-05-09 11:00:00,3119,2018-05-09 14:30:00,BUY,1306.33,1309.9476785714285,1303.9182142857142,1309.9476785714285,0.1,35.47678571428541,361.76785714285415,1.4294862570153537,TP,2018Q2,2018,7
137,3168,2018-05-10 16:00:00,3170,2018-05-10 17:00:00,SELL,1321.92,1317.620892857143,1324.7860714285714,1317.620892857143,0.1,42.2910714285711,429.91071428571104,1.4403965454324659,TP,2018Q2,2018,2
138,3190,2018-05-11 04:00:00,3199,2018-05-11 08:30:00,SELL,1321.78,1318.97875,1323.6475,1318.97875,0.1,27.31249999999982,280.1249999999982,1.4096774193547832,TP,2018Q2,2018,9
139,3205,2018-05-11 11:30:00,3207,2018-05-11 12:30:00,SELL,1322.64,1324.4657142857143,1324.4657142857143,1319.9014285714288,0.1,-18.957142857141843,-182.57142857141844,-1.0,SL,2018Q2,2018,2
140,3208,2018-05-11 13:00:00,3218,2018-05-11 18:00:00,SELL,1324.64,1321.8098214285715,1326.5267857142858,1321.8098214285715,0.1,27.601785714286326,283.01785714286325,1.4105676218288574,TP,2018Q2,2018,10
141,3271,2018-05-14 21:30:00,3289,2018-05-15 07:30:00,BUY,1314.56,1312.2114285714285,1312.2114285714285,1318.0828571428572,0.1,-24.185714285714038,-234.8571428571404,-1.0,SL,2018Q2,2018,18
142,3290,2018-05-15 08:00:00,3296,2018-05-15 11:00:00,BUY,1311.46,1310.112142857143,1310.112142857143,1313.4817857142857,0.1,-14.178571428570375,-134.78571428570376,-1.0,SL,2018Q2,2018,6
143,3297,2018-05-15 11:30:00,3301,2018-05-15 13:30:00,BUY,1310.38,1308.7214285714288,1308.7214285714288,1312.8678571428572,0.1,-17.285714285713492,-165.85714285713493,-1.0,SL,2018Q2,2018,4
144,3302,2018-05-15 14:00:00,3302,2018-05-15 14:00:00,BUY,1309.23,1307.372142857143,1307.372142857143,1312.0167857142858,0.1,-19.278571428570284,-185.78571428570285,-1.0,SL,2018Q2,2018,0
145,3303,2018-05-15 14:30:00,3305,2018-05-15 15:30:00,BUY,1307.34,1305.3771428571426,1305.3771428571426,1310.2842857142857,0.1,-20.32857142857274,-196.2857142857274,-1.0,SL,2018Q2,2018,2
146,3306,2018-05-15 16:00:00,3306,2018-05-15 16:00:00,BUY,1297.71,1294.8514285714286,1294.8514285714286,1301.9978571428571,0.1,-29.285714285713947,-285.8571428571395,-1.0,SL,2018Q2,2018,0
147,3307,2018-05-15 16:30:00,3307,2018-05-15 16:30:00,BUY,1295.92,1292.7935714285716,1292.7935714285716,1300.609642857143,0.1,-31.96428571428505,-312.6428571428505,-1.0,SL,2018Q2,2018,0
148,3308,2018-05-15 17:00:00,3314,2018-05-15 20:00:00,BUY,1293.05,1289.615,1289.615,1298.2024999999999,0.1,-35.04999999999946,-343.49999999999454,-1.0,SL,2018Q2,2018,6
149,3315,2018-05-15 20:30:00,3349,2018-05-16 14:30:00,BUY,1290.99,1286.747142857143,1286.747142857143,1297.3542857142857,0.1,-43.1285714285702,-424.28571428570194,-1.0,SL,2018Q2,2018,34
150,3350,2018-05-16 15:00:00,3361,2018-05-16 20:30:00,BUY,1288.84,1293.0008928571428,1286.0660714285714,1293.0008928571428,0.1,40.90892857142926,416.0892857142926,1.4384654024865393,TP,2018Q2,2018,11
151,3477,2018-05-21 09:30:00,3478,2018-05-21 10:00:00,BUY,1284.57,1282.6457142857141,1282.6457142857141,1287.4564285714284,0.1,-19.942857142858156,-192.42857142858156,-1.0,SL,2018Q2,2018,1
152,3479,2018-05-21 10:30:00,3489,2018-05-21 15:30:00,BUY,1283.31,1286.2398214285713,1281.3567857142857,1286.2398214285713,0.1,28.598214285713585,292.98214285713584,1.413503971756397,TP,2018Q2,2018,10
153,3508,2018-05-22 02:00:00,3514,2018-05-22 05:00:00,SELL,1293.07,1290.2237499999999,1294.9675,1290.2237499999999,0.1,27.762500000000546,284.62500000000546,1.411054637865313,TP,2018Q2,2018,6
154,3630,2018-05-24 17:00:00,3673,2018-05-25 15:30:00,SELL,1304.52,1307.097857142857,1307.097857142857,1300.6532142857143,0.1,-26.478571428570557,-257.7857142857056,-1.0,SL,2018Q2,2018,43
155,3691,2018-05-28 01:30:00,3733,2018-05-29 03:30:00,BUY,1297.0,1300.4714285714285,1294.6857142857143,1300.4714285714285,0.1,34.01428571428532,347.14285714285325,1.4266027561414012,TP,2018Q2,2018,42
156,3837,2018-05-31 09:30:00,3849,2018-05-31 15:30:00,SELL,1305.7,1302.7267857142858,1307.682142857143,1302.7267857142858,0.1,29.032142857142208,297.3214285714221,1.4147232857639558,TP,2018Q2,2018,12
157,3893,2018-06-01 14:30:00,3894,2018-06-01 15:00:00,BUY,1296.04,1294.1210714285714,1294.1210714285714,1298.9183928571429,0.1,-19.889285714285233,-191.89285714285234,-1.0,SL,2018Q2,2018,1
158,3895,2018-06-01 15:30:00,3895,2018-06-01 15:30:00,BUY,1294.05,1291.8653571428572,1291.8653571428572,1297.3269642857142,0.1,-22.546428571427622,-218.46428571427623,-1.0,SL,2018Q2,2018,0
159,3896,2018-06-01 16:00:00,3900,2018-06-01 18:00:00,BUY,1292.65,1296.7225,1289.9350000000002,1296.7225,0.1,40.024999999999906,407.2499999999991,1.4371633752244555,TP,2018Q2,2018,4
160,3926,2018-06-04 08:00:00,3930,2018-06-04 10:00:00,BUY,1291.61,1294.2264285714284,1289.8657142857141,1294.2264285714284,0.1,25.464285714285143,261.6428571428514,1.4035433070865535,TP,2018Q2,2018,4
161,3962,2018-06-05 03:00:00,3972,2018-06-05 08:00:00,BUY,1291.66,1290.5435714285716,1290.5435714285716,1293.3346428571429,0.1,-11.864285714285142,-111.64285714285143,-1.0,SL,2018Q2,2018,10
162,3995,2018-06-05 19:30:00,4026,2018-06-06 12:00:00,SELL,1300.0,1295.6253571428572,1302.9164285714287,1295.6253571428572,0.1,43.046428571428166,437.4642857142817,1.4414015785696463,TP,2018Q2,2018,31
163,4079,2018-06-07 15:30:00,4080,2018-06-07 16:00:00,SELL,1302.39,1299.38625,1304.3925000000002,1299.38625,0.1,29.33750000000082,300.3750000000082,1.4155609167671916,TP,2018Q2,2018,1
164,4217,2018-06-12 15:30:00,4218,2018-06-12 16:00:00,BUY,1294.03,1297.0707142857143,1292.002857142857,1297.0707142857143,0.1,29.7071428571433,304.071428571433,1.4165531335149364,TP,2018Q2,2018,1
165,4254,2018-06-13 11:00:00,4254,2018-06-13 11:00:00,BUY,1294.05,1292.9839285714286,1292.9839285714286,1295.6491071428572,0.1,-11.360714285713765,-106.60714285713766,-1.0,SL,2018Q2,2018,0
166,4255,2018-06-13 11:30:00,4263,2018-06-13 15:30:00,BUY,1293.58,1295.5005357142857,1292.2996428571428,1295.5005357142857,0.1,18.50535714285734,192.05357142857338,1.3704046548532147,TP,2018Q2,2018,8
167,4297,2018-06-14 09:30:00,4298,2018-06-14 10:00:00,SELL,1301.52,1302.9835714285714,1302.9835714285714,1299.3246428571429,0.1,-15.335714285714129,-146.3571428571413,-1.0,SL,2018Q2,2018,1
168,4299,2018-06-14 10:30:00,4302,2018-06-14 12:00:00,SELL,1302.63,1304.145,1304.145,1300.3575000000003,0.1,-15.849999999998726,-151.49999999998727,-1.0,SL,2018Q2,2018,3
169,4303,2018-06-14 12:30:00,4308,2018-06-14 15:00:00,SELL,1305.09,1306.83,1306.83,1302.48,0.1,-18.10000000000009,-174.0000000000009,-1.0,SL,2018Q2,2018,5
170,4309,2018-06-14 15:30:00,4310,2018-06-14 16:00:00,SELL,1308.09,1304.155714285714,1310.712857142857,1304.155714285714,0.1,38.64285714285806,393.42857142858065,1.4350132625995113,TP,2018Q2,2018,1
171,4355,2018-06-15 15:30:00,4356,2018-06-15 16:00:00,BUY,1294.73,1291.7985714285714,1291.7985714285714,1299.1271428571429,0.1,-30.014285714285688,-293.1428571428569,-1.0,SL,2018Q2,2018,1
172,4357,2018-06-15 16:30:00,4357,2018-06-15 16:30:00,BUY,1289.75,1286.345,1286.345,1294.8575,0.1,-34.74999999999973,-340.49999999999727,-1.0,SL,2018Q2,2018,0
173,4358,2018-06-15 17:00:00,4359,2018-06-15 17:30:00,BUY,1284.0,1280.0882142857142,1280.0882142857142,1289.8676785714285,0.1,-39.817857142857704,-391.178571428577,-1.0,SL,2018Q2,2018,1
174,4360,2018-06-15 18:00:00,4362,2018-06-15 19:00:00,BUY,1280.66,1276.2564285714286,1276.2564285714286,1287.2653571428573,0.1,-44.73571428571468,-440.35714285714675,-1.0,SL,2018Q2,2018,2
175,4363,2018-06-15 19:30:00,4444,2018-06-19 14:00:00,BUY,1278.48,1273.6103571428573,1273.6103571428573,1285.7844642857142,0.1,-49.39642857142708,-486.9642857142708,-1.0,SL,2018Q2,2018,81
176,4445,2018-06-19 14:30:00,4446,2018-06-19 15:00:00,BUY,1273.49,1270.7203571428572,1270.7203571428572,1277.6444642857143,0.1,-28.396428571427986,-276.96428571427987,-1.0,SL,2018Q2,2018,1
177,4447,2018-06-19 15:30:00,4489,2018-06-20 13:30:00,BUY,1273.65,1270.5332142857144,1270.5332142857144,1278.3251785714288,0.1,-31.867857142856973,-311.67857142856974,-1.0,SL,2018Q2,2018,42
178,4507,2018-06-20 22:30:00,4517,2018-06-21 04:30:00,BUY,1269.0,1266.7232142857142,1266.7232142857142,1272.4151785714287,0.1,-23.467857142857792,-227.67857142857792,-1.0,SL,2018Q2,2018,10
179,4518,2018-06-21 05:00:00,4521,2018-06-21 06:30:00,BUY,1267.45,1265.4357142857143,1265.4357142857143,1270.4714285714288,0.1,-20.842857142857337,-201.42857142857338,-1.0,SL,2018Q2,2018,3
180,4522,2018-06-21 07:00:00,4524,2018-06-21 08:00:00,BUY,1266.1,1264.1585714285713,1264.1585714285713,1269.0121428571429,0.1,-20.114285714285597,-194.14285714285597,-1.0,SL,2018Q2,2018,2
181,4525,2018-06-21 08:30:00,4526,2018-06-21 09:00:00,BUY,1264.94,1263.0307142857143,1263.0307142857143,1267.8039285714285,0.1,-19.792857142857155,-190.92857142857156,-1.0,SL,2018Q2,2018,1
182,4527,2018-06-21 09:30:00,4540,2018-06-21 16:00:00,BUY,1263.32,1266.5551785714285,1261.1632142857143,1266.5551785714285,0.1,31.651785714286053,323.5178571428605,1.4214113873296403,TP,2018Q2,2018,13
183,4618,2018-06-25 09:00:00,4622,2018-06-25 11:00:00,BUY,1265.44,1268.0210714285715,1263.7192857142857,1268.0210714285715,0.1,25.110714285714767,258.10714285714766,1.4022736338252317,TP,2018Q2,2018,4
184,4668,2018-06-26 11:00:00,4668,2018-06-26 11:00:00,BUY,1260.95,1259.0653571428572,1259.0653571428572,1263.7769642857143,0.1,-19.546428571428077,-188.46428571428078,-1.0,SL,2018Q2,2018,0
185,4669,2018-06-26 11:30:00,4670,2018-06-26 12:00:00,BUY,1259.51,1257.4003571428573,1257.4003571428573,1262.6744642857143,0.1,-21.796428571427167,-210.96428571427168,-1.0,SL,2018Q2,2018,1
186,4671,2018-06-26 12:30:00,4676,2018-06-26 15:00:00,BUY,1257.26,1255.1128571428571,1255.1128571428571,1260.4807142857142,0.1,-22.17142857142853,-214.71428571428532,-1.0,SL,2018Q2,2018,5
187,4677,2018-06-26 15:30:00,4682,2018-06-26 18:00:00,BUY,1256.66,1260.3435714285713,1254.204285714286,1260.3435714285713,0.1,36.135714285712126,368.3571428571213,1.4307126696832968,TP,2018Q2,2018,5
188,4702,2018-06-27 05:00:00,4704,2018-06-27 06:00:00,BUY,1255.13,1253.662142857143,1253.662142857143,1257.3317857142858,0.1,-15.378571428571558,-146.78571428571558,-1.0,SL,2018Q2,2018,2
189,4705,2018-06-27 06:30:00,4707,2018-06-27 07:30:00,BUY,1255.91,1254.1142857142859,1254.1142857142859,1258.6035714285715,0.1,-18.657142857142116,-179.57142857142117,-1.0,SL,2018Q2,2018,2
190,4708,2018-06-27 08:00:00,4712,2018-06-27 10:00:00,BUY,1255.2,1258.02375,1253.3175,1258.02375,0.1,27.537500000000183,282.3750000000018,1.4103713188220783,TP,2018Q2,2018,4
191,4755,2018-06-28 08:30:00,4757,2018-06-28 09:30:00,BUY,1251.37,1249.9835714285714,1249.9835714285714,1253.4496428571429,0.1,-14.56428571428496,-138.6428571428496,-1.0,SL,2018Q2,2018,2
192,4758,2018-06-28 10:00:00,4758,2018-06-28 10:00:00,BUY,1250.7,1248.9492857142857,1248.9492857142857,1253.3260714285714,0.1,-18.207142857143662,-175.07142857143663,-1.0,SL,2018Q2,2018,0
193,4759,2018-06-28 10:30:00,4765,2018-06-28 13:30:00,BUY,1249.86,1252.606607142857,1248.0289285714284,1252.606607142857,0.1,26.766071428571014,274.6607142857101,1.4079466466277841,TP,2018Q2,2018,6
194,4781,2018-06-28 21:30:00,4798,2018-06-29 07:00:00,BUY,1246.85,1250.7135714285714,1244.2742857142857,1250.7135714285714,0.1,37.93571428571504,386.3571428571504,1.4338552915767573,TP,2018Q2,2018,17
195,4867,2018-07-02 18:30:00,4868,2018-07-02 19:00:00,BUY,1244.93,1242.7507142857144,1242.7507142857144,1248.1989285714287,0.1,-22.492857142856973,-217.92857142856974,-1.0,SL,2018Q3,2018,1
196,4869,2018-07-02 19:30:00,4870,2018-07-02 20:00:00,BUY,1243.74,1241.3689285714286,1241.3689285714286,1247.2966071428573,0.1,-24.410714285714402,-237.10714285714403,-1.0,SL,2018Q3,2018,1
197,4871,2018-07-02 20:30:00,4885,2018-07-03 04:30:00,BUY,1240.99,1238.3521428571428,1238.3521428571428,1244.9467857142859,0.1,-27.078571428572285,-263.78571428572286,-1.0,SL,2018Q3,2018,14
198,4886,2018-07-03 05:00:00,4895,2018-07-03 09:30:00,BUY,1239.07,1242.05125,1237.0825,1242.05125,0.1,29.112500000000455,298.12500000000455,1.414945321992763,TP,2018Q3,2018,9
199,4908,2018-07-03 16:00:00,4909,2018-07-03 16:30:00,SELL,1250.2,1252.8282142857145,1252.8282142857145,1246.2576785714284,0.1,-26.982142857144208,-262.8214285714421,-1.0,SL,2018Q3,2018,1
200,4910,2018-07-03 17:00:00,4911,2018-07-03 17:30:00,SELL,1251.89,1254.547142857143,1254.547142857143,1247.9042857142858,0.1,-27.27142857142844,-265.7142857142844,-1.0,SL,2018Q3,2018,1
201,4912,2018-07-03 18:00:00,4929,2018-07-04 03:30:00,SELL,1254.59,1257.212857142857,1257.212857142857,1250.655714285714,0.1,-26.928571428571285,-262.28571428571286,-1.0,SL,2018Q3,2018,17
202,4930,2018-07-04 04:00:00,4931,2018-07-04 04:30:00,SELL,1257.37,1259.1807142857142,1259.1807142857142,1254.6539285714284,0.1,-18.807142857143116,-181.07142857143117,-1.0,SL,2018Q3,2018,1
203,4932,2018-07-04 05:00:00,4937,2018-07-04 07:30:00,SELL,1259.37,1256.5076785714284,1261.278214285714,1256.5076785714284,0.1,27.923214285714767,286.23214285714766,1.4115363784077646,TP,2018Q3,2018,5
204,4939,2018-07-04 08:30:00,4941,2018-07-04 09:30:00,SELL,1258.09,1260.4353571428571,1260.4353571428571,1254.571964285714,0.1,-24.153571428572103,-234.53571428572104,-1.0,SL,2018Q3,2018,2
205,4942,2018-07-04 10:00:00,4944,2018-07-04 11:00:00,SELL,1260.56,1256.4457142857143,1263.3028571428572,1256.4457142857143,0.1,40.442857142856425,411.4285714285643,1.4377856780090632,TP,2018Q3,2018,2
206,5062,2018-07-09 05:00:00,5068,2018-07-09 08:00:00,SELL,1258.51,1259.9757142857143,1259.9757142857143,1256.3114285714285,0.1,-15.357142857142843,-146.57142857142844,-1.0,SL,2018Q3,2018,6
207,5070,2018-07-09 09:00:00,5070,2018-07-09 09:00:00,SELL,1259.78,1261.4524999999999,1261.4524999999999,1257.27125,0.1,-17.424999999999,-167.24999999999,-1.0,SL,2018Q3,2018,0
208,5071,2018-07-09 09:30:00,5077,2018-07-09 12:30:00,SELL,1261.21,1263.0464285714286,1263.0464285714286,1258.455357142857,0.1,-19.064285714285415,-183.64285714285415,-1.0,SL,2018Q3,2018,6
209,5078,2018-07-09 13:00:00,5079,2018-07-09 13:30:00,SELL,1263.17,1265.0642857142857,1265.0642857142857,1260.3285714285714,0.1,-19.642857142856155,-189.42857142856155,-1.0,SL,2018Q3,2018,1
210,5080,2018-07-09 14:00:00,5086,2018-07-09 17:00:00,SELL,1265.02,1261.8941071428571,1267.1039285714285,1261.8941071428571,0.1,30.558928571428442,312.5892857142844,1.4187531089372076,TP,2018Q3,2018,6
211,5122,2018-07-10 12:00:00,5125,2018-07-10 13:30:00,BUY,1252.76,1250.5807142857143,1250.5807142857143,1256.0289285714284,0.1,-22.492857142856973,-217.92857142856974,-1.0,SL,2018Q3,2018,3
212,5126,2018-07-10 14:00:00,5126,2018-07-10 14:00:00,BUY,1250.22,1247.6882142857144,1247.6882142857144,1254.0176785714286,0.1,-26.01785714285661,-253.1785714285661,-1.0,SL,2018Q3,2018,0
213,5127,2018-07-10 14:30:00,5129,2018-07-10 15:30:00,BUY,1248.35,1252.446607142857,1245.6189285714286,1252.446607142857,0.1,40.2660714285701,409.66071428570103,1.4375239066683647,TP,2018Q3,2018,2
214,5153,2018-07-11 04:30:00,5173,2018-07-11 14:30:00,BUY,1250.75,1248.4303571428572,1248.4303571428572,1254.2294642857144,0.1,-23.89642857142753,-231.96428571427532,-1.0,SL,2018Q3,2018,20
215,5174,2018-07-11 15:00:00,5175,2018-07-11 15:30:00,BUY,1248.95,1251.9730357142857,1246.9346428571428,1251.9730357142857,0.1,29.530357142856975,302.30357142856974,1.4160815208082542,TP,2018Q3,2018,1
216,5181,2018-07-11 18:30:00,5184,2018-07-11 20:00:00,BUY,1246.64,1243.8478571428573,1243.8478571428573,1250.8282142857145,0.1,-28.62142857142835,-279.2142857142835,-1.0,SL,2018Q3,2018,3
217,5185,2018-07-11 20:30:00,5257,2018-07-13 10:30:00,BUY,1244.08,1241.0917857142856,1241.0917857142856,1248.5623214285715,0.1,-30.582142857143207,-298.8214285714321,-1.0,SL,2018Q3,2018,72
218,5258,2018-07-13 11:00:00,5260,2018-07-13 12:00:00,BUY,1241.88,1239.9257142857143,1239.9257142857143,1244.8114285714287,0.1,-20.242857142857883,-195.42857142857883,-1.0,SL,2018Q3,2018,2
219,5261,2018-07-13 12:30:00,5265,2018-07-13 14:30:00,BUY,1240.73,1238.7007142857144,1238.7007142857144,1243.7739285714285,0.1,-20.992857142856064,-202.92857142856064,-1.0,SL,2018Q3,2018,4
220,5266,2018-07-13 15:00:00,5267,2018-07-13 15:30:00,BUY,1238.1,1241.8848214285713,1235.5767857142857,1241.8848214285713,0.1,37.14821428571376,378.48214285713766,1.4325161823440706,TP,2018Q3,2018,1
221,5337,2018-07-17 04:30:00,5338,2018-07-17 05:00:00,BUY,1238.44,1240.4183928571429,1237.1210714285714,1240.4183928571429,0.1,19.08392857142808,197.83928571428078,1.3740035998970679,TP,2018Q3,2018,1
222,5361,2018-07-17 16:30:00,5362,2018-07-17 17:00:00,BUY,1232.45,1229.5807142857143,1229.5807142857143,1236.7539285714286,0.1,-29.39285714285752,-286.9285714285752,-1.0,SL,2018Q3,2018,1
223,5363,2018-07-17 17:30:00,5363,2018-07-17 17:30:00,BUY,1229.95,1226.6371428571429,1226.6371428571429,1234.9192857142857,0.1,-33.828571428571834,-331.2857142857183,-1.0,SL,2018Q3,2018,0
224,5364,2018-07-17 18:00:00,5392,2018-07-18 09:00:00,BUY,1226.94,1223.3935714285715,1223.3935714285715,1232.2596428571428,0.1,-36.16428571428578,-354.6428571428578,-1.0,SL,2018Q3,2018,28
225,5393,2018-07-18 09:30:00,5397,2018-07-18 11:30:00,BUY,1222.8,1221.0139285714286,1221.0139285714286,1225.4791071428572,0.1,-18.560714285714038,-178.6071428571404,-1.0,SL,2018Q3,2018,4
226,5398,2018-07-18 12:00:00,5410,2018-07-18 18:00:00,BUY,1222.62,1225.940357142857,1220.4064285714285,1225.940357142857,0.1,32.50357142857119,332.03571428571195,1.4233656553018448,TP,2018Q3,2018,12
227,5441,2018-07-19 10:30:00,5441,2018-07-19 10:30:00,BUY,1221.32,1219.1878571428572,1219.1878571428572,1224.518214285714,0.1,-22.02142857142753,-213.21428571427532,-1.0,SL,2018Q3,2018,0
228,5442,2018-07-19 11:00:00,5445,2018-07-19 12:30:00,BUY,1218.9,1216.4475000000002,1216.4475000000002,1222.5787500000001,0.1,-25.224999999998726,-245.24999999998727,-1.0,SL,2018Q3,2018,3
229,5446,2018-07-19 13:00:00,5449,2018-07-19 14:30:00,BUY,1217.43,1214.9614285714285,1214.9614285714285,1221.1328571428573,0.1,-25.38571428571522,-246.8571428571522,-1.0,SL,2018Q3,2018,3
230,5450,2018-07-19 15:00:00,5450,2018-07-19 15:00:00,BUY,1216.04,1213.2617857142857,1213.2617857142857,1220.2073214285715,0.1,-28.482142857142843,-277.82142857142844,-1.0,SL,2018Q3,2018,0
231,5451,2018-07-19 15:30:00,5453,2018-07-19 16:30:00,BUY,1213.84,1218.3416071428571,1210.8389285714286,1218.3416071428571,0.1,44.3160714285721,450.16071428572104,1.4430166298407512,TP,2018Q3,2018,2
232,5498,2018-07-20 16:00:00,5516,2018-07-23 02:00:00,SELL,1229.83,1233.0121428571429,1233.0121428571429,1225.0567857142855,0.1,-32.521428571429354,-318.2142857142935,-1.0,SL,2018Q3,2018,18
233,5517,2018-07-23 02:30:00,5518,2018-07-23 03:00:00,SELL,1232.6,1234.6217857142856,1234.6217857142856,1229.5673214285714,0.1,-20.9178571428567,-202.178571428567,-1.0,SL,2018Q3,2018,1
234,5519,2018-07-23 03:30:00,5529,2018-07-23 08:30:00,SELL,1234.57,1231.2303571428572,1236.7964285714284,1231.2303571428572,0.1,32.69642857142735,333.9642857142735,1.423794712286203,TP,2018Q3,2018,10
235,5567,2018-07-24 04:30:00,5573,2018-07-24 07:30:00,BUY,1222.03,1220.2557142857142,1220.2557142857142,1224.6914285714286,0.1,-18.442857142857246,-177.42857142857247,-1.0,SL,2018Q3,2018,6
236,5574,2018-07-24 08:00:00,5578,2018-07-24 10:00:00,BUY,1219.23,1222.7705357142859,1216.869642857143,1222.7705357142859,0.1,34.70535714285852,354.0535714285852,1.427994121969232,TP,2018Q3,2018,4
237,5629,2018-07-25 12:30:00,5633,2018-07-25 14:30:00,SELL,1230.01,1232.1442857142856,1232.1442857142856,1226.8085714285714,0.1,-22.042857142856246,-213.42857142856246,-1.0,SL,2018Q3,2018,4
238,5634,2018-07-25 15:00:00,5639,2018-07-25 17:30:00,SELL,1232.29,1228.5630357142857,1234.774642857143,1228.5630357142857,0.1,36.56964285714302,372.69642857143026,1.4314972738710607,TP,2018Q3,2018,5
239,5659,2018-07-26 04:30:00,5660,2018-07-26 05:00:00,SELL,1234.38,1231.631785714286,1236.212142857143,1231.631785714286,0.1,26.782142857140844,274.82142857140843,1.4079984979345976,TP,2018Q3,2018,1
240,5698,2018-07-27 01:00:00,5718,2018-07-27 11:00:00,BUY,1222.99,1220.962857142857,1220.962857142857,1226.0307142857143,0.1,-20.971428571429623,-202.71428571429624,-1.0,SL,2018Q3,2018,20
241,5719,2018-07-27 11:30:00,5723,2018-07-27 13:30:00,BUY,1220.03,1217.662142857143,1217.662142857143,1223.5817857142856,0.1,-24.378571428570194,-236.78571428570194,-1.0,SL,2018Q3,2018,4
242,5724,2018-07-27 14:00:00,5727,2018-07-27 15:30:00,BUY,1219.08,1222.5948214285713,1216.7367857142856,1222.5948214285713,0.1,34.448214285713945,351.4821428571395,1.427482610625972,TP,2018Q3,2018,3
243,5921,2018-08-02 20:30:00,5923,2018-08-02 21:30:00,BUY,1211.82,1209.215357142857,1209.215357142857,1215.726964285714,0.1,-26.74642857142835,-260.4642857142835,-1.0,SL,2018Q3,2018,2
244,5924,2018-08-02 22:00:00,5927,2018-08-02 23:30:00,BUY,1209.46,1207.0535714285716,1207.0535714285716,1213.0696428571428,0.1,-24.764285714284778,-240.6428571428478,-1.0,SL,2018Q3,2018,3
245,5928,2018-08-03 01:00:00,5945,2018-08-03 09:30:00,BUY,1207.39,1205.4528571428573,1205.4528571428573,1210.2957142857144,0.1,-20.071428571428168,-193.7142857142817,-1.0,SL,2018Q3,2018,17
246,5946,2018-08-03 10:00:00,5954,2018-08-03 14:00:00,BUY,1206.14,1208.8625,1204.325,1208.8625,0.1,26.524999999998546,272.24999999998545,1.40716180371341,TP,2018Q3,2018,8
247,5961,2018-08-03 17:30:00,5970,2018-08-03 22:00:00,SELL,1218.74,1213.8526785714284,1221.9982142857143,1213.8526785714284,0.1,48.17321428571567,488.73214285715676,1.44741925099263,TP,2018Q3,2018,9
248,5982,2018-08-06 05:00:00,5989,2018-08-06 08:30:00,SELL,1217.08,1214.74,1218.6399999999999,1214.74,0.1,22.699999999999182,233.99999999999181,1.3926380368098124,TP,2018Q3,2018,7
249,6001,2018-08-06 14:30:00,6018,2018-08-06 23:00:00,BUY,1209.07,1207.2142857142856,1207.2142857142856,1211.8535714285713,0.1,-19.257142857143844,-185.57142857143845,-1.0,SL,2018Q3,2018,17
250,6020,2018-08-07 01:00:00,6032,2018-08-07 07:00:00,BUY,1207.56,1210.1282142857142,1205.847857142857,1210.1282142857142,0.1,24.98214285714248,256.8214285714248,1.401803607214368,TP,2018Q3,2018,12
251,6044,2018-08-07 13:00:00,6051,2018-08-07 16:30:00,SELL,1215.38,1212.2910714285715,1217.4392857142857,1212.2910714285715,0.1,30.189285714285962,308.8928571428596,1.417812814491883,TP,2018Q3,2018,7
252,6173,2018-08-10 08:30:00,6174,2018-08-10 09:00:00,BUY,1208.91,1207.1485714285716,1207.1485714285716,1211.552142857143,0.1,-18.31428571428496,-176.1428571428496,-1.0,SL,2018Q3,2018,1
253,6175,2018-08-10 09:30:00,6181,2018-08-10 12:30:00,BUY,1207.74,1210.6376785714285,1205.8082142857143,1210.6376785714285,0.1,28.276785714285143,289.7678571428514,1.4125780553077059,TP,2018Q3,2018,6
254,6223,2018-08-13 10:30:00,6223,2018-08-13 10:30:00,BUY,1206.0,1203.8560714285713,1203.8560714285713,1209.215892857143,0.1,-22.139285714286597,-214.39285714286598,-1.0,SL,2018Q3,2018,0
255,6224,2018-08-13 11:00:00,6227,2018-08-13 12:30:00,BUY,1204.6,1202.3821428571428,1202.3821428571428,1207.9267857142856,0.1,-22.878571428571558,-221.78571428571558,-1.0,SL,2018Q3,2018,3
256,6228,2018-08-13 13:00:00,6230,2018-08-13 14:00:00,BUY,1202.02,1199.44,1199.44,1205.89,0.1,-26.49999999999927,-257.9999999999927,-1.0,SL,2018Q3,2018,2
257,6231,2018-08-13 14:30:00,6231,2018-08-13 14:30:00,BUY,1199.36,1196.620357142857,1196.620357142857,1203.4694642857141,0.1,-28.09642857142826,-273.9642857142826,-1.0,SL,2018Q3,2018,0
258,6232,2018-08-13 15:00:00,6238,2018-08-13 18:00:00,BUY,1199.01,1195.8771428571429,1195.8771428571429,1203.7092857142857,0.1,-32.0285714285712,-313.28571428571195,-1.0,SL,2018Q3,2018,6
259,6239,2018-08-13 18:30:00,6241,2018-08-13 19:30:00,BUY,1196.35,1192.81,1192.81,1201.6599999999999,0.1,-36.09999999999964,-353.99999999999636,-1.0,SL,2018Q3,2018,2
260,6242,2018-08-13 20:00:00,6305,2018-08-15 05:30:00,BUY,1193.52,1189.8075000000001,1189.8075000000001,1199.08875,0.1,-37.82499999999864,-371.24999999998636,-1.0,SL,2018Q3,2018,63
261,6306,2018-08-15 06:00:00,6308,2018-08-15 07:00:00,BUY,1189.43,1187.7017857142857,1187.7017857142857,1192.0223214285716,0.1,-17.982142857143298,-172.821428571433,-1.0,SL,2018Q3,2018,2
262,6309,2018-08-15 07:30:00,6317,2018-08-15 11:30:00,BUY,1188.22,1186.215357142857,1186.215357142857,1191.2269642857143,0.1,-20.74642857142926,-200.4642857142926,-1.0,SL,2018Q3,2018,8
263,6318,2018-08-15 12:00:00,6321,2018-08-15 13:30:00,BUY,1186.36,1183.9589285714285,1183.9589285714285,1189.961607142857,0.1,-24.71071428571413,-240.1071428571413,-1.0,SL,2018Q3,2018,3
264,6322,2018-08-15 14:00:00,6327,2018-08-15 16:30:00,BUY,1185.1,1182.7771428571427,1182.7771428571427,1188.5842857142854,0.1,-23.92857142857174,-232.2857142857174,-1.0,SL,2018Q3,2018,5
265,6328,2018-08-15 17:00:00,6331,2018-08-15 18:30:00,BUY,1181.3,1178.21,1178.21,1185.935,0.1,-31.59999999999918,-308.9999999999918,-1.0,SL,2018Q3,2018,3
266,6332,2018-08-15 19:00:00,6346,2018-08-16 03:00:00,BUY,1176.65,1172.9792857142859,1172.9792857142859,1182.1560714285715,0.1,-37.40714285714212,-367.07142857142117,-1.0,SL,2018Q3,2018,14
267,6347,2018-08-16 03:30:00,6347,2018-08-16 03:30:00,BUY,1167.82,1164.6657142857143,1164.6657142857143,1172.5514285714285,0.1,-32.24285714285607,-315.42857142856064,-1.0,SL,2018Q3,2018,0
268,6348,2018-08-16 04:00:00,6350,2018-08-16 05:00:00,BUY,1165.88,1171.7123214285714,1161.991785714286,1171.7123214285714,0.1,57.62321428571276,583.2321428571277,1.4557881440043297,TP,2018Q3,2018,2
269,6432,2018-08-17 23:00:00,6451,2018-08-20 09:30:00,SELL,1184.17,1186.9075000000003,1186.9075000000003,1180.06375,0.1,-28.07500000000182,-273.7500000000182,-1.0,SL,2018Q3,2018,19
270,6452,2018-08-20 10:00:00,6452,2018-08-20 10:00:00,SELL,1186.03,1187.8728571428571,1187.8728571428571,1183.2657142857142,0.1,-19.128571428571558,-184.28571428571558,-1.0,SL,2018Q3,2018,0
271,6453,2018-08-20 10:30:00,6453,2018-08-20 10:30:00,SELL,1186.69,1188.5639285714285,1188.5639285714285,1183.8791071428573,0.1,-19.439285714284505,-187.39285714284506,-1.0,SL,2018Q3,2018,0
272,6454,2018-08-20 11:00:00,6454,2018-08-20 11:00:00,SELL,1187.85,1189.8535714285713,1189.8535714285713,1184.8446428571428,0.1,-20.735714285713765,-200.35714285713766,-1.0,SL,2018Q3,2018,0
273,6455,2018-08-20 11:30:00,6465,2018-08-20 16:30:00,SELL,1188.12,1185.0391071428571,1190.1739285714284,1185.0391071428571,0.1,30.108928571427715,308.08928571427714,1.4176055153859066,TP,2018Q3,2018,10
274,6482,2018-08-21 02:00:00,6485,2018-08-21 03:30:00,SELL,1190.61,1192.695,1192.695,1187.4824999999998,0.1,-21.550000000000363,-208.50000000000364,-1.0,SL,2018Q3,2018,3
275,6486,2018-08-21 04:00:00,6493,2018-08-21 07:30:00,SELL,1193.67,1195.322142857143,1195.322142857143,1191.1917857142857,0.1,-17.221428571429623,-165.21428571429624,-1.0,SL,2018Q3,2018,7
276,6494,2018-08-21 08:00:00,6508,2018-08-21 15:00:00,SELL,1194.75,1192.0355357142857,1196.5596428571428,1192.0355357142857,0.1,26.444642857142572,271.4464285714257,1.4068972069162633,TP,2018Q3,2018,14
277,6531,2018-08-22 03:30:00,6542,2018-08-22 09:00:00,SELL,1197.49,1193.78875,1199.9575,1193.78875,0.1,36.312500000000725,370.1250000000073,1.4310344827586647,TP,2018Q3,2018,11
278,6553,2018-08-22 14:30:00,6558,2018-08-22 17:00:00,SELL,1199.44,1195.8126785714287,1201.8582142857142,1195.8126785714287,0.1,35.57321428571349,362.73214285713493,1.429668436916936,TP,2018Q3,2018,5
279,6582,2018-08-23 06:00:00,6590,2018-08-23 10:00:00,BUY,1190.88,1188.8882142857144,1188.8882142857144,1193.8676785714288,0.1,-20.617857142856973,-199.17857142856974,-1.0,SL,2018Q3,2018,8
280,6595,2018-08-23 12:30:00,6600,2018-08-23 15:00:00,BUY,1187.31,1191.0883928571427,1184.7910714285713,1191.0883928571427,0.1,37.08392857142762,377.83928571427623,1.4324044695819258,TP,2018Q3,2018,5
281,6614,2018-08-23 22:00:00,6636,2018-08-24 10:00:00,BUY,1185.51,1189.54875,1182.8175,1189.54875,0.1,39.68749999999936,403.87499999999363,1.4366515837104457,TP,2018Q3,2018,22
282,6649,2018-08-24 16:30:00,6650,2018-08-24 17:00:00,SELL,1196.33,1198.9046428571428,1198.9046428571428,1192.4680357142856,0.1,-26.446428571428623,-257.46428571428623,-1.0,SL,2018Q3,2018,1
283,6651,2018-08-24 17:30:00,6651,2018-08-24 17:30:00,SELL,1201.92,1205.2017857142857,1205.2017857142857,1196.9973214285715,0.1,-33.51785714285661,-328.1785714285661,-1.0,SL,2018Q3,2018,0
284,6652,2018-08-24 18:00:00,6696,2018-08-27 17:00:00,SELL,1205.91,1209.399642857143,1209.399642857143,1200.6755357142858,0.1,-35.59642857142826,-348.9642857142826,-1.0,SL,2018Q3,2018,44
285,6697,2018-08-27 17:30:00,6703,2018-08-27 20:30:00,SELL,1212.27,1208.3598214285714,1214.8767857142857,1208.3598214285714,0.1,38.401785714285595,391.017857142856,1.4346230820547028,TP,2018Q3,2018,6
286,6710,2018-08-28 01:00:00,6730,2018-08-28 11:00:00,SELL,1211.12,1213.4064285714285,1213.4064285714285,1207.690357142857,0.1,-23.56428571428587,-228.6428571428587,-1.0,SL,2018Q3,2018,20
287,6731,2018-08-28 11:30:00,6742,2018-08-28 17:00:00,SELL,1212.92,1210.1316071428573,1214.7789285714287,1210.1316071428573,0.1,27.183928571427533,278.8392857142753,1.4092760599888323,TP,2018Q3,2018,11
288,6751,2018-08-28 21:30:00,6786,2018-08-29 16:00:00,BUY,1201.16,1206.3060714285716,1197.7292857142857,1206.3060714285716,0.1,50.76071428571531,514.6071428571531,1.4500102019995613,TP,2018Q3,2018,35
289,6818,2018-08-30 09:00:00,6820,2018-08-30 10:00:00,BUY,1201.04,1203.9505357142855,1199.099642857143,1203.9505357142855,0.1,28.405357142855156,291.05357142855155,1.4129507905489374,TP,2018Q3,2018,2
290,6867,2018-08-31 10:30:00,6874,2018-08-31 14:00:00,SELL,1207.34,1203.6917857142855,1209.7721428571429,1203.6917857142855,0.1,35.782142857144024,364.82142857144026,1.4300599486154746,TP,2018Q3,2018,7
291,6950,2018-09-04 10:00:00,6958,2018-09-04 14:00:00,BUY,1195.49,1193.3225,1193.3225,1198.74125,0.1,-22.37500000000018,-216.75000000000182,-1.0,SL,2018Q3,2018,8
292,6959,2018-09-04 14:30:00,6964,2018-09-04 17:00:00,BUY,1192.64,1189.9496428571429,1189.9496428571429,1196.6755357142858,0.1,-27.603571428572376,-269.03571428572377,-1.0,SL,2018Q3,2018,5
293,6965,2018-09-04 17:30:00,7007,2018-09-05 15:30:00,BUY,1190.82,1195.7908928571428,1187.5060714285714,1195.7908928571428,0.1,49.00892857142871,497.08928571428714,1.448284960422196,TP,2018Q3,2018,42
294,7029,2018-09-06 03:30:00,7039,2018-09-06 08:30:00,SELL,1198.99,1196.6451785714287,1200.5532142857144,1196.6451785714287,0.1,22.74821428571322,234.4821428571322,1.3928493330416332,TP,2018Q3,2018,10
295,7045,2018-09-06 11:30:00,7046,2018-09-06 12:00:00,SELL,1202.44,1204.5357142857142,1204.5357142857142,1199.2964285714286,0.1,-21.65714285714166,-209.57142857141662,-1.0,SL,2018Q3,2018,1
296,7047,2018-09-06 12:30:00,7050,2018-09-06 14:00:00,SELL,1204.12,1206.3892857142855,1206.3892857142855,1200.7160714285715,0.1,-23.392857142856155,-226.92857142856155,-1.0,SL,2018Q3,2018,3
297,7051,2018-09-06 14:30:00,7058,2018-09-06 18:00:00,SELL,1204.99,1201.0107142857144,1207.642857142857,1201.0107142857144,0.1,39.092857142856516,397.9285714285652,1.435729275970618,TP,2018Q3,2018,7
298,7131,2018-09-10 08:30:00,7135,2018-09-10 10:30:00,BUY,1193.03,1195.6978571428572,1191.2514285714285,1195.6978571428572,0.1,25.978571428572014,266.78571428572013,1.4053323029366327,TP,2018Q3,2018,4
299,7192,2018-09-11 16:00:00,7196,2018-09-11 18:00:00,BUY,1188.98,1192.7616071428572,1186.4589285714287,1192.7616071428572,0.1,37.11607142857183,378.1607142857183,1.4324603721572173,TP,2018Q3,2018,4
300,7243,2018-09-12 18:30:00,7246,2018-09-12 20:00:00,SELL,1202.92,1206.4267857142859,1206.4267857142859,1197.6598214285714,0.1,-35.76785714285798,-350.67857142857974,-1.0,SL,2018Q3,2018,3
301,7247,2018-09-12 20:30:00,7283,2018-09-13 15:30:00,SELL,1205.41,1208.9232142857145,1208.9232142857145,1200.1401785714286,0.1,-35.83214285714412,-351.3214285714412,-1.0,SL,2018Q3,2018,36
302,7284,2018-09-13 16:00:00,7284,2018-09-13 16:00:00,SELL,1209.63,1212.2164285714287,1212.2164285714287,1205.7503571428572,0.1,-26.564285714285415,-258.64285714285415,-1.0,SL,2018Q3,2018,0
303,7285,2018-09-13 16:30:00,7286,2018-09-13 17:00:00,SELL,1211.76,1207.610357142857,1214.5264285714286,1207.610357142857,0.1,40.796428571429075,414.9642857142908,1.4383026945353823,TP,2018Q3,2018,1
304,7320,2018-09-14 11:00:00,7327,2018-09-14 14:30:00,SELL,1207.55,1205.0123214285713,1209.2417857142857,1205.0123214285713,0.1,24.676785714286144,253.76785714286143,1.400668964119199,TP,2018Q3,2018,7
305,7333,2018-09-14 17:30:00,7336,2018-09-14 19:00:00,BUY,1198.07,1195.1246428571428,1195.1246428571428,1202.4880357142856,0.1,-30.153571428571194,-294.53571428571195,-1.0,SL,2018Q3,2018,3
306,7337,2018-09-14 19:30:00,7376,2018-09-17 16:00:00,BUY,1195.64,1200.6542857142858,1192.297142857143,1200.6542857142858,0.1,49.442857142857335,501.4285714285734,1.4487233151946421,TP,2018Q3,2018,39
307,7379,2018-09-17 17:30:00,7393,2018-09-18 01:30:00,SELL,1203.49,1199.902857142857,1205.8814285714286,1199.902857142857,0.1,35.171428571429075,358.7142857142908,1.4289030760301809,TP,2018Q3,2018,14
308,7451,2018-09-19 07:30:00,7452,2018-09-19 08:00:00,SELL,1201.89,1203.219642857143,1203.219642857143,1199.8955357142856,0.1,-13.996428571429714,-132.96428571429715,-1.0,SL,2018Q3,2018,1
309,7453,2018-09-19 08:30:00,7456,2018-09-19 10:00:00,SELL,1203.04,1204.369642857143,1204.369642857143,1201.0455357142855,0.1,-13.996428571429714,-132.96428571429715,-1.0,SL,2018Q3,2018,3
310,7457,2018-09-19 10:30:00,7466,2018-09-19 15:00:00,SELL,1203.75,1205.4792857142859,1205.4792857142859,1201.1560714285713,0.1,-17.992857142858792,-172.92857142858793,-1.0,SL,2018Q3,2018,9
311,7491,2018-09-20 04:30:00,7494,2018-09-20 06:00:00,SELL,1205.37,1206.6792857142857,1206.6792857142857,1203.4060714285713,0.1,-13.792857142858065,-130.92857142858065,-1.0,SL,2018Q3,2018,3
312,7495,2018-09-20 06:30:00,7501,2018-09-20 09:30:00,SELL,1205.85,1203.8973214285713,1207.1517857142856,1203.8973214285713,0.1,18.82678571428578,195.2678571428578,1.3724290549336875,TP,2018Q3,2018,6
313,7535,2018-09-21 03:30:00,7548,2018-09-21 10:00:00,SELL,1209.43,1211.1485714285714,1211.1485714285714,1206.852142857143,0.1,-17.885714285712947,-171.85714285712947,-1.0,SL,2018Q3,2018,13
314,7549,2018-09-21 10:30:00,7550,2018-09-21 11:00:00,SELL,1210.12,1207.8716071428569,1211.6189285714286,1207.8716071428569,0.1,21.78392857143017,224.8392857143017,1.3884589119053117,TP,2018Q3,2018,1
315,7560,2018-09-21 16:00:00,7560,2018-09-21 16:00:00,BUY,1196.02,1192.8892857142857,1192.8892857142857,1200.7160714285715,0.1,-32.00714285714248,-313.0714285714248,-1.0,SL,2018Q3,2018,0
316,7561,2018-09-21 16:30:00,7562,2018-09-21 17:00:00,BUY,1192.8,1198.1855357142856,1189.2096428571429,1198.1855357142856,0.1,53.155357142856516,538.5535714285652,1.4521904576056193,TP,2018Q3,2018,1
317,7581,2018-09-24 03:30:00,7591,2018-09-24 08:30:00,BUY,1197.15,1195.2053571428573,1195.2053571428573,1200.0669642857144,0.1,-20.14642857142753,-194.46428571427532,-1.0,SL,2018Q3,2018,10
318,7592,2018-09-24 09:00:00,7594,2018-09-24 10:00:00,BUY,1195.54,1197.7080357142856,1194.0946428571428,1197.7080357142856,0.1,20.980357142856793,216.80357142856792,1.3845156728729655,TP,2018Q3,2018,2
319,7697,2018-09-26 15:30:00,7708,2018-09-26 21:00:00,BUY,1195.31,1198.574107142857,1193.1339285714284,1198.574107142857,0.1,31.941071428570286,326.41071428570285,1.4220861822228303,TP,2018Q3,2018,11
320,7743,2018-09-27 15:30:00,7743,2018-09-27 15:30:00,BUY,1191.92,1189.9078571428572,1189.9078571428572,1194.9382142857144,0.1,-20.821428571428623,-201.21428571428623,-1.0,SL,2018Q3,2018,0
321,7744,2018-09-27 16:00:00,7744,2018-09-27 16:00:00,BUY,1187.16,1184.7492857142859,1184.7492857142859,1190.7760714285714,0.1,-24.807142857142207,-241.07142857142208,-1.0,SL,2018Q3,2018,0
322,7745,2018-09-27 16:30:00,7748,2018-09-27 18:00:00,BUY,1184.71,1182.1246428571428,1182.1246428571428,1188.5880357142858,0.1,-26.553571428572194,-258.53571428572195,-1.0,SL,2018Q3,2018,3
323,7749,2018-09-27 18:30:00,7793,2018-09-28 17:30:00,BUY,1182.91,1187.9982142857143,1179.517857142857,1187.9982142857143,0.1,50.182142857142296,508.821428571423,1.449453270063893,TP,2018Q3,2018,44
324,7795,2018-09-28 18:30:00,7823,2018-10-01 09:30:00,SELL,1192.48,1188.1117857142858,1195.392142857143,1188.1117857142858,0.1,42.98214285714202,436.82142857142026,1.4413173652693867,TP,2018Q3,2018,28
325,7866,2018-10-02 08:00:00,7868,2018-10-02 09:00:00,SELL,1192.49,1193.9610714285714,1193.9610714285714,1190.2833928571429,0.1,-15.410714285713492,-147.10714285713493,-1.0,SL,2018Q4,2018,2
326,7869,2018-10-02 09:30:00,7876,2018-10-02 13:00:00,SELL,1193.64,1191.094285714286,1195.337142857143,1191.094285714286,0.1,24.757142857142117,254.57142857142117,1.4009700889248153,TP,2018Q4,2018,7
327,7882,2018-10-02 16:00:00,7882,2018-10-02 16:00:00,SELL,1197.84,1201.0746428571429,1201.0746428571429,1192.9880357142856,0.1,-33.046428571429445,-323.4642857142944,-1.0,SL,2018Q4,2018,0
328,7883,2018-10-02 16:30:00,7884,2018-10-02 17:00:00,SELL,1201.71,1205.0914285714287,1205.0914285714287,1196.6378571428572,0.1,-34.514285714286146,-338.14285714286143,-1.0,SL,2018Q4,2018,1
329,7885,2018-10-02 17:30:00,7932,2018-10-03 18:00:00,SELL,1205.49,1200.0482142857143,1209.1178571428572,1200.0482142857143,0.1,53.717857142857426,544.1785714285743,1.4526752945721164,TP,2018Q4,2018,47
330,7956,2018-10-04 07:00:00,7962,2018-10-04 10:00:00,BUY,1196.68,1199.0232142857142,1195.1178571428572,1199.0232142857142,0.1,22.732142857141117,234.32142857141116,1.3927789934353765,TP,2018Q4,2018,6
331,8045,2018-10-08 05:30:00,8055,2018-10-08 10:30:00,BUY,1196.49,1194.2175,1194.2175,1199.89875,0.1,-23.425000000000363,-227.25000000000364,-1.0,SL,2018Q4,2018,10
332,8056,2018-10-08 11:00:00,8064,2018-10-08 15:00:00,BUY,1194.05,1191.8,1191.8,1197.425,0.1,-23.2,-225.0,-1.0,SL,2018Q4,2018,8
333,8065,2018-10-08 15:30:00,8065,2018-10-08 15:30:00,BUY,1187.6,1185.1046428571428,1185.1046428571428,1191.3430357142856,0.1,-25.65357142857074,-249.5357142857074,-1.0,SL,2018Q4,2018,0
334,8066,2018-10-08 16:00:00,8070,2018-10-08 18:00:00,BUY,1186.22,1183.4482142857144,1183.4482142857144,1190.3776785714285,0.1,-28.4178571428567,-277.178571428567,-1.0,SL,2018Q4,2018,4
335,8071,2018-10-08 18:30:00,8085,2018-10-09 02:30:00,BUY,1184.38,1189.4553571428573,1180.9964285714286,1189.4553571428573,0.1,50.05357142857228,507.53571428572286,1.4493278179937958,TP,2018Q4,2018,14
336,8107,2018-10-09 13:30:00,8113,2018-10-09 16:30:00,BUY,1186.49,1184.6535714285715,1184.6535714285715,1189.244642857143,0.1,-19.064285714285415,-183.64285714285415,-1.0,SL,2018Q4,2018,6
337,8175,2018-10-11 01:30:00,8192,2018-10-11 10:00:00,SELL,1194.56,1196.822857142857,1196.822857142857,1191.1657142857143,0.1,-23.32857142857001,-226.28571428570012,-1.0,SL,2018Q4,2018,17
338,8193,2018-10-11 10:30:00,8196,2018-10-11 12:00:00,SELL,1197.04,1199.3435714285713,1199.3435714285713,1193.5846428571429,0.1,-23.73571428571331,-230.3571428571331,-1.0,SL,2018Q4,2018,3
339,8197,2018-10-11 12:30:00,8197,2018-10-11 12:30:00,SELL,1200.38,1202.8153571428572,1202.8153571428572,1196.7269642857145,0.1,-25.053571428571285,-243.53571428571286,-1.0,SL,2018Q4,2018,0
340,8198,2018-10-11 13:00:00,8203,2018-10-11 15:30:00,SELL,1203.6,1206.2849999999999,1206.2849999999999,1199.5725,0.1,-27.549999999999454,-268.49999999999454,-1.0,SL,2018Q4,2018,5
341,8204,2018-10-11 16:00:00,8206,2018-10-11 17:00:00,SELL,1208.4,1212.2485714285715,1212.2485714285715,1202.627142857143,0.1,-39.18571428571404,-384.8571428571404,-1.0,SL,2018Q4,2018,2
342,8207,2018-10-11 17:30:00,8208,2018-10-11 18:00:00,SELL,1212.69,1217.4107142857142,1217.4107142857142,1205.6089285714286,0.1,-47.907142857141665,-472.0714285714166,-1.0,SL,2018Q4,2018,1
343,8209,2018-10-11 18:30:00,8209,2018-10-11 18:30:00,SELL,1215.44,1220.8421428571428,1220.8421428571428,1207.3367857142857,0.1,-54.72142857142735,-540.2142857142735,-1.0,SL,2018Q4,2018,0
344,8210,2018-10-11 19:00:00,8213,2018-10-11 20:30:00,SELL,1219.42,1225.2710714285715,1225.2710714285715,1210.643392857143,0.1,-59.21071428571459,-585.1071428571458,-1.0,SL,2018Q4,2018,3
345,8214,2018-10-11 21:00:00,8287,2018-10-15 11:30:00,SELL,1224.54,1230.4275,1230.4275,1215.70875,0.1,-59.57500000000046,-588.7500000000045,-1.0,SL,2018Q4,2018,73
346,8288,2018-10-15 12:00:00,8288,2018-10-15 12:00:00,SELL,1230.3,1232.5296428571428,1232.5296428571428,1226.9555357142858,0.1,-22.99642857142835,-222.9642857142835,-1.0,SL,2018Q4,2018,0
347,8289,2018-10-15 12:30:00,8293,2018-10-15 14:30:00,SELL,1233.13,1229.3966071428572,1235.6189285714286,1229.3966071428572,0.1,36.633928571429166,373.3392857142917,1.4316120027914325,TP,2018Q4,2018,4
348,8295,2018-10-15 15:30:00,8296,2018-10-15 16:00:00,SELL,1230.68,1225.7155357142858,1233.9896428571428,1225.7155357142858,0.1,48.94464285714257,496.4464285714257,1.4482193807460957,TP,2018Q4,2018,1
349,8368,2018-10-17 06:00:00,8372,2018-10-17 08:00:00,BUY,1222.61,1220.822857142857,1220.822857142857,1225.290714285714,0.1,-18.571428571429532,-178.71428571429533,-1.0,SL,2018Q4,2018,4
350,8373,2018-10-17 08:30:00,8376,2018-10-17 10:00:00,BUY,1221.21,1223.5741071428572,1219.6339285714287,1223.5741071428572,0.1,22.94107142857165,236.4107142857165,1.3936862660013671,TP,2018Q4,2018,3
351,8559,2018-10-23 09:30:00,8559,2018-10-23 09:30:00,SELL,1226.94,1228.4442857142858,1228.4442857142858,1224.6835714285714,0.1,-15.742857142857428,-150.4285714285743,-1.0,SL,2018Q4,2018,0
352,8560,2018-10-23 10:00:00,8560,2018-10-23 10:00:00,SELL,1229.39,1231.1192857142858,1231.1192857142858,1226.7960714285716,0.1,-17.99285714285652,-172.9285714285652,-1.0,SL,2018Q4,2018,0
353,8561,2018-10-23 10:30:00,8562,2018-10-23 11:00:00,SELL,1231.88,1233.7978571428573,1233.7978571428573,1229.0032142857144,0.1,-19.878571428572013,-191.78571428572013,-1.0,SL,2018Q4,2018,1
354,8563,2018-10-23 11:30:00,8569,2018-10-23 14:30:00,SELL,1235.66,1237.88,1237.88,1232.3300000000002,0.1,-22.900000000000272,-222.00000000000273,-1.0,SL,2018Q4,2018,6
355,8570,2018-10-23 15:00:00,8570,2018-10-23 15:00:00,SELL,1236.66,1239.4907142857144,1239.4907142857144,1232.4139285714286,0.1,-29.007142857142934,-283.07142857142935,-1.0,SL,2018Q4,2018,0
356,8571,2018-10-23 15:30:00,8574,2018-10-23 17:00:00,SELL,1238.46,1233.8780357142857,1241.514642857143,1233.8780357142857,0.1,45.119642857143205,458.1964285714321,1.4439935992684882,TP,2018Q4,2018,3
357,8642,2018-10-25 05:00:00,8650,2018-10-25 09:00:00,SELL,1236.62,1238.8946428571428,1238.8946428571428,1233.2080357142856,0.1,-23.446428571429077,-227.46428571429078,-1.0,SL,2018Q4,2018,8
358,8651,2018-10-25 09:30:00,8652,2018-10-25 10:00:00,SELL,1237.66,1234.9519642857144,1239.4653571428573,1234.9519642857144,0.1,26.38035714285643,270.8035714285643,1.40668444105873,TP,2018Q4,2018,1
359,8700,2018-10-26 11:00:00,8702,2018-10-26 12:00:00,SELL,1236.22,1238.335,1238.335,1233.0475,0.1,-21.85000000000009,-211.5000000000009,-1.0,SL,2018Q4,2018,2
360,8703,2018-10-26 12:30:00,8708,2018-10-26 15:00:00,SELL,1237.19,1233.9725,1239.335,1233.9725,0.1,31.474999999999728,321.74999999999727,1.42099322799097,TP,2018Q4,2018,5
361,8714,2018-10-26 18:00:00,8716,2018-10-26 19:00:00,SELL,1243.12,1237.744107142857,1246.7039285714286,1237.744107142857,0.1,53.05892857142844,537.5892857142844,1.4521063434658763,TP,2018Q4,2018,2
362,8748,2018-10-29 11:00:00,8763,2018-10-29 18:30:00,BUY,1229.35,1227.3721428571428,1227.3721428571428,1232.3167857142857,0.1,-20.478571428571467,-197.78571428571468,-1.0,SL,2018Q4,2018,15
363,8765,2018-10-29 19:30:00,8769,2018-10-29 21:30:00,BUY,1226.04,1230.1253571428572,1223.3164285714286,1230.1253571428572,0.1,40.15357142857219,408.53571428572195,1.4373561748913721,TP,2018Q4,2018,4
364,8792,2018-10-30 10:00:00,8796,2018-10-30 12:00:00,BUY,1224.28,1222.1060714285713,1222.1060714285713,1227.5408928571428,0.1,-22.439285714286324,-217.39285714286325,-1.0,SL,2018Q4,2018,4
365,8797,2018-10-30 12:30:00,8802,2018-10-30 15:00:00,BUY,1220.7,1224.365892857143,1218.2560714285714,1224.365892857143,0.1,35.95892857143035,366.5892857143035,1.4303878391817484,TP,2018Q4,2018,5
366,8824,2018-10-31 03:00:00,8824,2018-10-31 03:00:00,BUY,1221.48,1219.9735714285714,1219.9735714285714,1223.7396428571428,0.1,-15.764285714286142,-150.64285714286143,-1.0,SL,2018Q4,2018,0
367,8825,2018-10-31 03:30:00,8829,2018-10-31 05:30:00,BUY,1221.35,1219.7610714285713,1219.7610714285713,1223.733392857143,0.1,-16.58928571428596,-158.8928571428596,-1.0,SL,2018Q4,2018,4
368,8830,2018-10-31 06:00:00,8837,2018-10-31 09:30:00,BUY,1217.76,1215.9139285714286,1215.9139285714286,1220.5291071428571,0.1,-19.160714285713492,-184.60714285713493,-1.0,SL,2018Q4,2018,7
369,8838,2018-10-31 10:00:00,8848,2018-10-31 15:00:00,BUY,1215.79,1213.5078571428571,1213.5078571428571,1219.2132142857142,0.1,-23.52142857142844,-228.21428571428442,-1.0,SL,2018Q4,2018,10
370,8849,2018-10-31 15:30:00,8849,2018-10-31 15:30:00,BUY,1214.71,1211.967142857143,1211.967142857143,1218.8242857142857,0.1,-28.128571428570194,-274.28571428570194,-1.0,SL,2018Q4,2018,0
371,8850,2018-10-31 16:00:00,8854,2018-10-31 18:00:00,BUY,1212.73,1217.1319642857143,1209.7953571428573,1217.1319642857143,0.1,43.31964285714257,440.1964285714257,1.4417568049447644,TP,2018Q4,2018,4
372,8882,2018-11-01 09:00:00,8882,2018-11-01 09:00:00,SELL,1222.0,1223.7732142857142,1223.7732142857142,1219.3401785714286,0.1,-18.432142857141752,-177.32142857141753,-1.0,SL,2018Q4,2018,0
373,8883,2018-11-01 09:30:00,8885,2018-11-01 10:30:00,SELL,1223.56,1225.4392857142857,1225.4392857142857,1220.7410714285713,0.1,-19.492857142857428,-187.9285714285743,-1.0,SL,2018Q4,2018,2
374,8886,2018-11-01 11:00:00,8889,2018-11-01 12:30:00,SELL,1225.71,1222.6114285714286,1227.7757142857142,1222.6114285714286,0.1,30.28571428571404,309.8571428571404,1.418060200668946,TP,2018Q4,2018,3
375,8893,2018-11-01 14:30:00,8896,2018-11-01 16:00:00,SELL,1229.57,1232.8217857142856,1232.8217857142856,1224.6923214285714,0.1,-33.217857142856886,-325.17857142856883,-1.0,SL,2018Q4,2018,3
376,8897,2018-11-01 16:30:00,8902,2018-11-01 19:00:00,SELL,1232.46,1235.9089285714288,1235.9089285714288,1227.286607142857,0.1,-35.18928571428724,-344.89285714287234,-1.0,SL,2018Q4,2018,5
377,8903,2018-11-01 19:30:00,8927,2018-11-02 08:30:00,SELL,1236.7,1231.08625,1240.4425,1231.08625,0.1,55.437499999999815,561.3749999999982,1.4540983606557085,TP,2018Q4,2018,24
378,9023,2018-11-06 11:30:00,9032,2018-11-06 16:00:00,SELL,1234.68,1232.0764285714286,1236.4157142857143,1232.0764285714286,0.1,25.33571428571513,260.3571428571513,1.4030854430380366,TP,2018Q4,2018,9
379,9038,2018-11-06 19:00:00,9051,2018-11-07 02:30:00,BUY,1225.86,1230.0176785714284,1223.0882142857142,1230.0176785714284,0.1,40.87678571428505,415.7678571428505,1.4384190021364827,TP,2018Q4,2018,13
380,9101,2018-11-08 04:30:00,9104,2018-11-08 06:00:00,BUY,1224.66,1222.9253571428571,1222.9253571428571,1227.2619642857144,0.1,-18.04642857142944,-173.46428571429442,-1.0,SL,2018Q4,2018,3
381,9105,2018-11-08 06:30:00,9108,2018-11-08 08:00:00,BUY,1223.42,1225.7278571428571,1221.8814285714286,1225.7278571428571,0.1,22.37857142857074,230.7857142857074,1.3912078152752423,TP,2018Q4,2018,3
382,9150,2018-11-09 06:00:00,9158,2018-11-09 10:00:00,BUY,1218.53,1221.2283928571428,1216.7310714285713,1221.2283928571428,0.1,26.28392857142835,269.8392857142835,1.406363462640875,TP,2018Q4,2018,8
383,9169,2018-11-09 15:30:00,9169,2018-11-09 15:30:00,BUY,1214.23,1211.8675,1211.8675,1217.77375,0.1,-24.324999999999545,-236.24999999999545,-1.0,SL,2018Q4,2018,0
384,9170,2018-11-09 16:00:00,9170,2018-11-09 16:00:00,BUY,1212.22,1209.5232142857144,1209.5232142857144,1216.2651785714286,0.1,-27.667857142856246,-269.67857142856246,-1.0,SL,2018Q4,2018,0
385,9171,2018-11-09 16:30:00,9175,2018-11-09 18:30:00,BUY,1211.32,1208.3553571428572,1208.3553571428572,1215.7669642857143,0.1,-30.34642857142735,-296.4642857142735,-1.0,SL,2018Q4,2018,4
386,9176,2018-11-09 19:00:00,9203,2018-11-12 09:30:00,BUY,1207.45,1203.8339285714287,1203.8339285714287,1212.8741071428572,0.1,-36.860714285713314,-361.6071428571331,-1.0,SL,2018Q4,2018,27
387,9204,2018-11-12 10:00:00,9219,2018-11-12 17:30:00,BUY,1204.78,1202.6189285714286,1202.6189285714286,1208.0216071428572,0.1,-22.310714285714038,-216.1071428571404,-1.0,SL,2018Q4,2018,15
388,9220,2018-11-12 18:00:00,9226,2018-11-12 21:00:00,BUY,1203.95,1201.8028571428572,1201.8028571428572,1207.1707142857144,0.1,-22.17142857142853,-214.71428571428532,-1.0,SL,2018Q4,2018,6
389,9227,2018-11-12 21:30:00,9253,2018-11-13 11:30:00,BUY,1202.11,1199.863214285714,1199.863214285714,1205.4801785714285,0.1,-23.167857142858065,-224.67857142858065,-1.0,SL,2018Q4,2018,26
390,9254,2018-11-13 12:00:00,9254,2018-11-13 12:00:00,BUY,1199.68,1197.7053571428573,1197.7053571428573,1202.6419642857143,0.1,-20.44642857142726,-197.4642857142726,-1.0,SL,2018Q4,2018,0
391,9255,2018-11-13 12:30:00,9259,2018-11-13 14:30:00,BUY,1197.58,1200.934107142857,1195.3439285714285,1200.934107142857,0.1,32.84107142857174,335.4107142857174,1.4241133653399418,TP,2018Q4,2018,4
392,9300,2018-11-14 12:00:00,9305,2018-11-14 14:30:00,BUY,1198.42,1201.3257142857144,1196.4828571428573,1201.3257142857144,0.1,28.35714285714339,290.5714285714339,1.412811387900411,TP,2018Q4,2018,5
393,9318,2018-11-14 21:00:00,9388,2018-11-16 10:00:00,SELL,1213.48,1217.6499999999999,1217.6499999999999,1207.2250000000001,0.1,-42.39999999999846,-416.99999999998454,-1.0,SL,2018Q4,2018,70
394,9389,2018-11-16 10:30:00,9399,2018-11-16 15:30:00,SELL,1217.53,1219.3160714285714,1219.3160714285714,1214.8508928571428,0.1,-18.560714285714038,-178.6071428571404,-1.0,SL,2018Q4,2018,10
395,9400,2018-11-16 16:00:00,9429,2018-11-19 07:30:00,SELL,1222.98,1218.2710714285715,1226.1192857142858,1218.2710714285715,0.1,46.38928571428487,470.8928571428487,1.4454707322501317,TP,2018Q4,2018,29
396,9481,2018-11-20 10:30:00,9483,2018-11-20 11:30:00,SELL,1225.41,1223.1744642857143,1226.9003571428573,1223.1744642857143,0.1,21.655357142857884,223.55357142857883,1.387846189059285,TP,2018Q4,2018,2
397,9541,2018-11-21 17:30:00,9544,2018-11-21 19:00:00,SELL,1229.38,1225.3621428571432,1232.0585714285714,1225.3621428571432,0.1,39.47857142856883,401.7857142856883,1.4363305613305177,TP,2018Q4,2018,3
398,9569,2018-11-22 08:30:00,9576,2018-11-22 12:00:00,SELL,1227.92,1229.0385714285715,1229.0385714285715,1226.2421428571429,0.1,-11.885714285713856,-111.85714285713857,-1.0,SL,2018Q4,2018,7
399,9609,2018-11-23 09:30:00,9611,2018-11-23 10:30:00,BUY,1223.83,1222.3610714285712,1222.3610714285712,1226.0333928571429,0.1,-15.389285714287052,-146.89285714287053,-1.0,SL,2018Q4,2018,2
400,9612,2018-11-23 11:00:00,9620,2018-11-23 15:00:00,BUY,1222.03,1220.3821428571428,1220.3821428571428,1224.5017857142857,0.1,-17.178571428572194,-164.78571428572195,-1.0,SL,2018Q4,2018,8
401,9712,2018-11-27 18:00:00,9714,2018-11-27 19:00:00,BUY,1215.06,1211.9410714285714,1211.9410714285714,1219.7383928571426,0.1,-31.889285714285688,-311.8928571428569,-1.0,SL,2018Q4,2018,2
402,9715,2018-11-27 19:30:00,9760,2018-11-28 19:00:00,BUY,1213.29,1217.8414285714284,1210.2557142857142,1217.8414285714284,0.1,44.814285714284594,455.14285714284597,1.4436263230556468,TP,2018Q4,2018,45
403,9777,2018-11-29 04:30:00,9778,2018-11-29 05:00:00,SELL,1222.48,1224.3046428571429,1224.3046428571429,1219.7430357142855,0.1,-18.946428571428623,-182.46428571428623,-1.0,SL,2018Q4,2018,1
404,9779,2018-11-29 05:30:00,9781,2018-11-29 06:30:00,SELL,1223.84,1225.3957142857143,1225.3957142857143,1221.5064285714284,0.1,-16.2571428571443,-155.571428571443,-1.0,SL,2018Q4,2018,2
405,9782,2018-11-29 07:00:00,9787,2018-11-29 09:30:00,SELL,1225.01,1226.4371428571428,1226.4371428571428,1222.8692857142858,0.1,-14.971428571428259,-142.7142857142826,-1.0,SL,2018Q4,2018,5
406,9788,2018-11-29 10:00:00,9796,2018-11-29 14:00:00,SELL,1226.09,1227.7014285714286,1227.7014285714286,1223.672857142857,0.1,-16.814285714286324,-161.14285714286325,-1.0,SL,2018Q4,2018,8
407,9797,2018-11-29 14:30:00,9808,2018-11-29 20:00:00,SELL,1227.47,1224.2492857142856,1229.6171428571429,1224.2492857142856,0.1,31.507142857143936,322.07142857143936,1.4210695876289172,TP,2018Q4,2018,11
408,9848,2018-11-30 17:00:00,9851,2018-11-30 18:30:00,BUY,1217.23,1220.70625,1214.9125,1220.70625,0.1,34.06249999999936,347.62499999999363,1.4267015706805364,TP,2018Q4,2018,3
409,9877,2018-12-03 08:30:00,9878,2018-12-03 09:00:00,SELL,1227.04,1228.6310714285714,1228.6310714285714,1224.6533928571428,0.1,-16.610714285714675,-159.10714285714675,-1.0,SL,2018Q4,2018,1
410,9879,2018-12-03 09:30:00,9891,2018-12-03 15:30:00,SELL,1230.65,1232.5989285714288,1232.5989285714288,1227.7266071428571,0.1,-20.189285714287234,-194.89285714287234,-1.0,SL,2018Q4,2018,12
411,9893,2018-12-03 16:30:00,9916,2018-12-04 05:00:00,SELL,1233.08,1235.7917857142857,1235.7917857142857,1229.0123214285713,0.1,-27.817857142857246,-271.17857142857247,-1.0,SL,2018Q4,2018,23
412,9917,2018-12-04 05:30:00,9918,2018-12-04 06:00:00,SELL,1235.4,1237.0403571428574,1237.0403571428574,1232.9394642857144,0.1,-17.10357142857283,-164.03571428572832,-1.0,SL,2018Q4,2018,1
413,9919,2018-12-04 06:30:00,9922,2018-12-04 08:00:00,SELL,1236.46,1238.1528571428573,1238.1528571428573,1233.9207142857142,0.1,-17.628571428572922,-169.28571428572923,-1.0,SL,2018Q4,2018,3
414,9923,2018-12-04 08:30:00,9927,2018-12-04 10:30:00,SELL,1237.59,1239.3642857142856,1239.3642857142856,1234.9285714285713,0.1,-18.442857142857246,-177.42857142857247,-1.0,SL,2018Q4,2018,4
415,9928,2018-12-04 11:00:00,9929,2018-12-04 11:30:00,SELL,1238.5,1240.3825,1240.3825,1235.67625,0.1,-19.524999999999363,-188.24999999999363,-1.0,SL,2018Q4,2018,1
416,9930,2018-12-04 12:00:00,9944,2018-12-04 19:00:00,SELL,1240.59,1237.4223214285714,1242.7017857142855,1237.4223214285714,0.1,30.97678571428496,316.7678571428496,1.4197904730725635,TP,2018Q4,2018,14
417,10032,2018-12-06 17:00:00,10038,2018-12-06 20:00:00,SELL,1243.89,1239.3835714285717,1246.8942857142858,1239.3835714285717,0.1,44.36428571428387,450.6428571428387,1.4430762081783652,TP,2018Q4,2018,6
418,10086,2018-12-07 21:00:00,10129,2018-12-10 19:30:00,SELL,1248.27,1243.4694642857144,1251.470357142857,1243.4694642857144,0.1,47.30535714285615,480.05357142856155,1.4464890247898106,TP,2018Q4,2018,43
419,10254,2018-12-13 13:00:00,10261,2018-12-13 16:30:00,BUY,1241.73,1240.089642857143,1240.089642857143,1244.1905357142857,0.1,-17.103571428570557,-164.03571428570558,-1.0,SL,2018Q4,2018,7
420,10291,2018-12-14 08:30:00,10291,2018-12-14 08:30:00,BUY,1240.56,1239.545357142857,1239.545357142857,1242.081964285714,0.1,-10.846428571429168,-101.46428571429169,-1.0,SL,2018Q4,2018,0
421,10292,2018-12-14 09:00:00,10293,2018-12-14 09:30:00,BUY,1240.18,1239.1075,1239.1075,1241.78875,0.1,-11.424999999999908,-107.24999999999909,-1.0,SL,2018Q4,2018,1
422,10294,2018-12-14 10:00:00,10302,2018-12-14 14:00:00,BUY,1238.71,1237.5067857142858,1237.5067857142858,1240.5148214285714,0.1,-12.732142857142389,-120.3214285714239,-1.0,SL,2018Q4,2018,8
423,10305,2018-12-14 15:30:00,10305,2018-12-14 15:30:00,BUY,1237.68,1236.0717857142859,1236.0717857142859,1240.0923214285715,0.1,-16.782142857142116,-160.82142857142117,-1.0,SL,2018Q4,2018,0
424,10306,2018-12-14 16:00:00,10310,2018-12-14 18:00:00,BUY,1234.59,1237.4346428571428,1232.6935714285714,1237.4346428571428,0.1,27.746428571428442,284.4642857142844,1.411006175081783,TP,2018Q4,2018,4
425,10356,2018-12-17 18:00:00,10356,2018-12-17 18:00:00,SELL,1242.54,1244.1107142857143,1244.1107142857143,1240.1839285714284,0.1,-16.407142857143025,-157.07142857143026,-1.0,SL,2018Q4,2018,0
426,10357,2018-12-17 18:30:00,10358,2018-12-17 19:00:00,SELL,1242.57,1244.2875,1244.2875,1239.9937499999999,0.1,-17.874999999999726,-171.74999999999727,-1.0,SL,2018Q4,2018,1
427,10359,2018-12-17 19:30:00,10359,2018-12-17 19:30:00,SELL,1243.84,1245.6475,1245.6475,1241.1287499999999,0.1,-18.77500000000118,-180.75000000001182,-1.0,SL,2018Q4,2018,0
428,10360,2018-12-17 20:00:00,10377,2018-12-18 05:30:00,SELL,1246.65,1248.6835714285714,1248.6835714285714,1243.599642857143,0.1,-21.035714285713492,-203.35714285713493,-1.0,SL,2018Q4,2018,17
429,10378,2018-12-18 06:00:00,10382,2018-12-18 08:00:00,SELL,1248.38,1246.4289285714287,1249.6807142857144,1246.4289285714287,0.1,18.810714285713676,195.10714285713675,1.372329338196898,TP,2018Q4,2018,4
430,10386,2018-12-18 10:00:00,10389,2018-12-18 11:30:00,SELL,1247.78,1249.2467857142856,1249.2467857142856,1245.5798214285714,0.1,-15.367857142856064,-146.67857142856064,-1.0,SL,2018Q4,2018,3
431,10390,2018-12-18 12:00:00,10396,2018-12-18 15:00:00,SELL,1249.15,1246.7521428571429,1250.7485714285715,1246.7521428571429,0.1,23.278571428572196,239.78571428572195,1.3951198630137653,TP,2018Q4,2018,6
432,10422,2018-12-19 05:00:00,10435,2018-12-19 11:30:00,SELL,1250.75,1248.8198214285715,1252.0367857142858,1248.8198214285715,0.1,18.601785714285416,193.01785714285415,1.3710186891286398,TP,2018Q4,2018,13
433,10446,2018-12-19 17:00:00,10453,2018-12-19 20:30:00,SELL,1255.66,1251.6791071428572,1258.3139285714287,1251.6791071428572,0.1,39.10892857142862,398.08928571428623,1.4357545561819451,TP,2018Q4,2018,7
434,10481,2018-12-20 11:30:00,10481,2018-12-20 11:30:00,SELL,1252.92,1255.005,1255.005,1249.7925,0.1,-21.550000000000363,-208.50000000000364,-1.0,SL,2018Q4,2018,0
435,10482,2018-12-20 12:00:00,10490,2018-12-20 16:00:00,SELL,1256.85,1259.3239285714285,1259.3239285714285,1253.139107142857,0.1,-25.43928571428587,-247.3928571428587,-1.0,SL,2018Q4,2018,8
436,10491,2018-12-20 16:30:00,10497,2018-12-20 19:30:00,SELL,1259.88,1263.4060714285715,1263.4060714285715,1254.590892857143,0.1,-35.96071428571413,-352.6071428571413,-1.0,SL,2018Q4,2018,6
437,10498,2018-12-20 20:00:00,10500,2018-12-20 21:00:00,SELL,1262.54,1266.6253571428572,1266.6253571428572,1256.4119642857142,0.1,-41.5535714285722,-408.53571428572195,-1.0,SL,2018Q4,2018,2
438,10501,2018-12-20 21:30:00,10526,2018-12-21 11:00:00,SELL,1264.18,1257.5714285714287,1268.5857142857144,1257.5714285714287,0.1,65.38571428571395,660.8571428571395,1.4609000957548424,TP,2018Q4,2018,25
439,10560,2018-12-24 05:00:00,10575,2018-12-24 12:30:00,SELL,1263.84,1260.8764285714285,1265.8157142857142,1260.8764285714285,0.1,28.93571428571413,296.3571428571413,1.4144553072625694,TP,2018Q4,2018,15
440,10588,2018-12-26 09:00:00,10600,2018-12-26 15:00:00,SELL,1273.77,1276.5621428571428,1276.5621428571428,1269.5817857142858,0.1,-28.62142857142835,-279.2142857142835,-1.0,SL,2018Q4,2018,12
441,10601,2018-12-26 15:30:00,10605,2018-12-26 17:30:00,SELL,1275.06,1277.8875,1277.8875,1270.81875,0.1,-28.975000000001,-282.75000000001,-1.0,SL,2018Q4,2018,4
442,10606,2018-12-26 18:00:00,10608,2018-12-26 19:00:00,SELL,1278.16,1273.7483928571428,1281.1010714285715,1273.7483928571428,0.1,43.41607142857292,441.1607142857292,1.4418811528882254,TP,2018Q4,2018,2
443,10670,2018-12-28 04:00:00,10678,2018-12-28 08:00:00,SELL,1277.62,1279.6599999999999,1279.6599999999999,1274.56,0.1,-21.099999999999635,-203.99999999999636,-1.0,SL,2018Q4,2018,8
444,10679,2018-12-28 08:30:00,10682,2018-12-28 10:00:00,SELL,1280.2,1281.7803571428572,1281.7803571428572,1277.8294642857145,0.1,-16.503571428571103,-158.03571428571104,-1.0,SL_AMBIGUOUS_PESSIMISTIC,2018Q4,2018,3
445,10728,2018-12-31 10:00:00,10728,2018-12-31 10:00:00,SELL,1281.01,1282.3010714285715,1282.3010714285715,1279.0733928571428,0.1,-13.61071428571513,-129.1071428571513,-1.0,SL,2018Q4,2018,0
446,10732,2018-12-31 12:00:00,10733,2018-12-31 12:30:00,SELL,1282.01,1283.4457142857143,1283.4457142857143,1279.8564285714285,0.1,-15.057142857143116,-143.57142857143117,-1.0,SL,2018Q4,2018,1
447,10734,2018-12-31 13:00:00,10734,2018-12-31 13:00:00,SELL,1282.38,1283.9817857142857,1283.9817857142857,1279.9773214285715,0.1,-16.717857142855973,-160.17857142855974,-1.0,SL,2018Q4,2018,0
448,10735,2018-12-31 13:30:00,10739,2018-12-31 15:30:00,SELL,1283.76,1281.24,1285.44,1281.24,0.1,24.49999999999982,251.99999999999818,1.3999999999999388,TP,2018Q4,2018,4
449,10750,2019-01-02 11:00:00,10760,2019-01-02 16:00:00,SELL,1287.99,1283.0367857142858,1291.2921428571428,1283.0367857142858,0.1,48.83214285714239,495.3214285714239,1.4481042152086416,TP,2019Q1,2019,10
450,10791,2019-01-03 08:30:00,10796,2019-01-03 11:00:00,SELL,1290.93,1287.6305357142858,1293.129642857143,1287.6305357142858,0.1,32.29464285714293,329.94642857142935,1.422895357985838,TP,2019Q1,2019,5
451,10824,2019-01-04 02:00:00,10826,2019-01-04 03:00:00,SELL,1295.1,1297.7796428571428,1297.7796428571428,1291.0805357142856,0.1,-27.496428571428805,-267.96428571428805,-1.0,SL,2019Q1,2019,2
452,10827,2019-01-04 03:30:00,10834,2019-01-04 07:00:00,SELL,1297.94,1294.1326785714286,1300.4782142857143,1294.1326785714286,0.1,37.37321428571413,380.7321428571413,1.4329042859098997,TP,2019Q1,2019,7
453,10853,2019-01-04 16:30:00,10853,2019-01-04 16:30:00,BUY,1283.26,1280.2364285714286,1280.2364285714286,1287.795357142857,0.1,-30.935714285713583,-302.35714285713584,-1.0,SL,2019Q1,2019,0
454,10854,2019-01-04 17:00:00,10855,2019-01-04 17:30:00,BUY,1277.97,1283.2832142857142,1274.4278571428572,1283.2832142857142,0.1,52.432142857141386,531.3214285714139,1.4515523037373617,TP,2019Q1,2019,1
455,10924,2019-01-08 06:00:00,10927,2019-01-08 07:30:00,BUY,1283.94,1281.8325000000002,1281.8325000000002,1287.10125,0.1,-21.774999999998453,-210.74999999998454,-1.0,SL,2019Q1,2019,3
456,10928,2019-01-08 08:00:00,10942,2019-01-08 15:00:00,BUY,1283.11,1281.0367857142858,1281.0367857142858,1286.2198214285713,0.1,-21.432142857141297,-207.32142857141298,-1.0,SL,2019Q1,2019,14
457,10943,2019-01-08 15:30:00,10945,2019-01-08 16:30:00,BUY,1280.92,1283.9575000000002,1278.895,1283.9575000000002,0.1,29.675000000001365,303.75000000001364,1.416467780429598,TP,2019Q1,2019,2
458,10993,2019-01-09 17:30:00,11012,2019-01-10 04:00:00,SELL,1291.34,1294.1042857142857,1294.1042857142857,1287.1935714285714,0.1,-28.342857142857337,-276.4285714285734,-1.0,SL,2019Q1,2019,19
459,11013,2019-01-10 04:30:00,11014,2019-01-10 05:00:00,SELL,1293.74,1295.9375,1295.9375,1290.4437500000001,0.1,-22.67499999999991,-219.7499999999991,-1.0,SL,2019Q1,2019,1
460,11015,2019-01-10 05:30:00,11026,2019-01-10 11:00:00,SELL,1296.06,1292.9276785714285,1298.1482142857142,1292.9276785714285,0.1,30.623214285714585,313.23214285714585,1.4189144464670373,TP,2019Q1,2019,11
461,11066,2019-01-11 08:00:00,11077,2019-01-11 13:30:00,SELL,1293.83,1291.4273214285713,1295.4317857142855,1291.4273214285713,0.1,23.326785714286235,240.26785714286234,1.3953215124974585,TP,2019Q1,2019,11
462,11122,2019-01-14 13:00:00,11127,2019-01-14 15:30:00,SELL,1295.06,1292.2008928571427,1296.9660714285715,1292.2008928571427,0.1,27.891071428572833,285.9107142857283,1.4114404482197767,TP,2019Q1,2019,5
463,11163,2019-01-15 10:30:00,11169,2019-01-15 13:30:00,BUY,1288.08,1290.4167857142857,1286.5221428571429,1290.4167857142857,0.1,22.667857142857248,233.67857142857247,1.3924967090829965,TP,2019Q1,2019,6
464,11303,2019-01-18 11:30:00,11310,2019-01-18 15:00:00,BUY,1284.65,1282.8125,1282.8125,1287.4062500000002,0.1,-19.07500000000091,-183.7500000000091,-1.0,SL,2019Q1,2019,7
465,11311,2019-01-18 15:30:00,11347,2019-01-21 10:30:00,BUY,1282.48,1279.9514285714286,1279.9514285714286,1286.2728571428572,0.1,-25.985714285714675,-252.85714285714675,-1.0,SL,2019Q1,2019,36
466,11348,2019-01-21 11:00:00,11348,2019-01-21 11:00:00,BUY,1279.22,1277.7007142857144,1277.7007142857144,1281.4989285714285,0.1,-15.892857142856155,-151.92857142856155,-1.0,SL,2019Q1,2019,0
467,11349,2019-01-21 11:30:00,11359,2019-01-21 16:30:00,BUY,1278.31,1280.741607142857,1276.6889285714287,1280.741607142857,0.1,23.616071428570468,243.16071428570467,1.396515311510153,TP,2019Q1,2019,10
468,11374,2019-01-22 05:00:00,11382,2019-01-22 09:00:00,BUY,1278.23,1280.1055357142857,1276.9796428571428,1280.1055357142857,0.1,18.05535714285661,187.5535714285661,1.3674601027859608,TP,2019Q1,2019,8
469,11386,2019-01-22 11:00:00,11398,2019-01-22 17:00:00,SELL,1284.43,1281.5307142857143,1286.3628571428571,1281.5307142857143,0.1,28.292857142857248,289.92857142857247,1.4126248216833635,TP,2019Q1,2019,12
470,11432,2019-01-23 11:00:00,11440,2019-01-23 15:00:00,SELL,1286.22,1284.2914285714287,1287.5057142857142,1284.2914285714287,0.1,18.585714285713312,192.8571428571331,1.3709167544783922,TP,2019Q1,2019,8
471,11476,2019-01-24 10:00:00,11477,2019-01-24 10:30:00,BUY,1280.3,1278.932857142857,1278.932857142857,1282.3507142857143,0.1,-14.371428571428805,-136.71428571428805,-1.0,SL,2019Q1,2019,1
472,11478,2019-01-24 11:00:00,11486,2019-01-24 15:00:00,BUY,1279.08,1277.5339285714285,1277.5339285714285,1281.399107142857,0.1,-16.160714285713947,-154.60714285713948,-1.0,SL,2019Q1,2019,8
473,11534,2019-01-25 16:00:00,11534,2019-01-25 16:00:00,SELL,1288.5,1290.5560714285714,1290.5560714285714,1285.4158928571428,0.1,-21.260714285713856,-205.60714285713857,-1.0,SL,2019Q1,2019,0
474,11535,2019-01-25 16:30:00,11535,2019-01-25 16:30:00,SELL,1291.11,1293.405,1293.405,1287.6674999999998,0.1,-23.650000000000727,-229.50000000000728,-1.0,SL,2019Q1,2019,0
475,11536,2019-01-25 17:00:00,11536,2019-01-25 17:00:00,SELL,1293.5,1296.035,1296.035,1289.6975,0.1,-26.050000000000818,-253.50000000000819,-1.0,SL,2019Q1,2019,0
476,11537,2019-01-25 17:30:00,11538,2019-01-25 18:00:00,SELL,1296.69,1299.731785714286,1299.731785714286,1292.1273214285713,0.1,-31.117857142858792,-304.17857142858793,-1.0,SL,2019Q1,2019,1
477,11539,2019-01-25 18:30:00,11548,2019-01-25 23:00:00,SELL,1299.8,1303.1310714285714,1303.1310714285714,1294.8033928571429,0.1,-34.01071428571477,-333.10714285714766,-1.0,SL,2019Q1,2019,9
478,11549,2019-01-25 23:30:00,11610,2019-01-29 08:00:00,SELL,1302.7,1306.2828571428572,1306.2828571428572,1297.3257142857142,0.1,-36.52857142857165,-358.2857142857165,-1.0,SL,2019Q1,2019,61
479,11611,2019-01-29 08:30:00,11612,2019-01-29 09:00:00,SELL,1305.52,1307.0928571428572,1307.0928571428572,1303.1607142857142,0.1,-16.42857142857174,-157.2857142857174,-1.0,SL,2019Q1,2019,1
480,11613,2019-01-29 09:30:00,11615,2019-01-29 10:30:00,SELL,1306.89,1308.6814285714288,1308.6814285714288,1304.2028571428573,0.1,-18.61428571428696,-179.14285714286962,-1.0,SL,2019Q1,2019,2
481,11616,2019-01-29 11:00:00,11623,2019-01-29 14:30:00,SELL,1308.35,1310.1082142857142,1310.1082142857142,1305.7126785714286,0.1,-18.282142857143025,-175.82142857143026,-1.0,SL,2019Q1,2019,7
482,11629,2019-01-29 17:30:00,11648,2019-01-30 04:00:00,SELL,1311.52,1314.2242857142858,1314.2242857142858,1307.4635714285714,0.1,-27.742857142857883,-270.42857142857883,-1.0,SL,2019Q1,2019,19
483,11649,2019-01-30 04:30:00,11655,2019-01-30 07:30:00,SELL,1313.17,1314.8328571428572,1314.8328571428572,1310.6757142857145,0.1,-17.32857142857092,-166.28571428570922,-1.0,SL,2019Q1,2019,6
484,11656,2019-01-30 08:00:00,11669,2019-01-30 14:30:00,SELL,1315.02,1312.6269642857144,1316.6153571428572,1312.6269642857144,0.1,23.230357142855883,239.30357142855883,1.394917435127468,TP,2019Q1,2019,13
485,11684,2019-01-30 22:00:00,11712,2019-01-31 13:00:00,SELL,1319.76,1323.09,1323.09,1314.765,0.1,-33.999999999999275,-332.9999999999927,-1.0,SL,2019Q1,2019,28
486,11713,2019-01-31 13:30:00,11715,2019-01-31 14:30:00,SELL,1322.53,1324.4596428571429,1324.4596428571429,1319.6355357142857,0.1,-19.996428571428805,-192.96428571428805,-1.0,SL,2019Q1,2019,2
487,11716,2019-01-31 15:00:00,11717,2019-01-31 15:30:00,SELL,1322.97,1325.1407142857142,1325.1407142857142,1319.7139285714286,0.1,-22.407142857142116,-217.07142857142117,-1.0,SL,2019Q1,2019,1
488,11718,2019-01-31 16:00:00,11722,2019-01-31 18:00:00,SELL,1325.18,1321.6105357142858,1327.559642857143,1321.6105357142858,0.1,34.99464285714275,356.94642857142753,1.4285610147251342,TP,2019Q1,2019,4
489,11785,2019-02-04 03:30:00,11790,2019-02-04 06:00:00,BUY,1314.98,1313.2860714285714,1313.2860714285714,1317.5208928571428,0.1,-17.639285714286142,-169.39285714286143,-1.0,SL,2019Q1,2019,5
490,11791,2019-02-04 06:30:00,11798,2019-02-04 10:00:00,BUY,1312.83,1311.1189285714286,1311.1189285714286,1315.3966071428572,0.1,-17.810714285713583,-171.10714285713584,-1.0,SL,2019Q1,2019,7
491,11799,2019-02-04 10:30:00,11806,2019-02-04 14:00:00,BUY,1311.25,1309.6867857142856,1309.6867857142856,1313.5948214285713,0.1,-16.332142857143662,-156.32142857143663,-1.0,SL,2019Q1,2019,7
492,11807,2019-02-04 14:30:00,11810,2019-02-04 16:00:00,BUY,1310.28,1308.5571428571427,1308.5571428571427,1312.8642857142856,0.1,-17.92857142857265,-172.2857142857265,-1.0,SL,2019Q1,2019,3
493,11913,2019-02-06 21:30:00,11923,2019-02-07 03:30:00,BUY,1307.5,1305.1653571428571,1305.1653571428571,1311.0019642857142,0.1,-24.04642857142853,-233.46428571428532,-1.0,SL,2019Q1,2019,10
494,11924,2019-02-07 04:00:00,11945,2019-02-07 14:30:00,BUY,1304.05,1307.5648214285713,1301.7067857142856,1307.5648214285713,0.1,34.448214285713945,351.4821428571395,1.427482610625972,TP,2019Q1,2019,21
495,11992,2019-02-08 15:00:00,11993,2019-02-08 15:30:00,SELL,1313.31,1314.9471428571428,1314.9471428571428,1310.8542857142857,0.1,-17.071428571428623,-163.71428571428623,-1.0,SL,2019Q1,2019,1
496,11994,2019-02-08 16:00:00,12018,2019-02-11 05:00:00,SELL,1314.66,1312.0291071428574,1316.4139285714286,1312.0291071428574,0.1,25.60892857142726,263.0892857142726,1.4040532602309925,TP,2019Q1,2019,24
497,12031,2019-02-11 11:30:00,12031,2019-02-11 11:30:00,BUY,1308.52,1306.9846428571427,1306.9846428571427,1310.8230357142857,0.1,-16.05357142857265,-153.5357142857265,-1.0,SL,2019Q1,2019,0
498,12032,2019-02-11 12:00:00,12038,2019-02-11 15:00:00,BUY,1307.0,1305.4025,1305.4025,1309.39625,0.1,-16.675000000000818,-159.75000000000819,-1.0,SL,2019Q1,2019,6
499,12039,2019-02-11 15:30:00,12040,2019-02-11 16:00:00,BUY,1305.93,1304.0507142857143,1304.0507142857143,1308.7489285714287,0.1,-19.492857142857428,-187.9285714285743,-1.0,SL,2019Q1,2019,1
500,12041,2019-02-11 16:30:00,12042,2019-02-11 17:00:00,BUY,1304.02,1307.1764285714287,1301.9157142857143,1307.1764285714287,0.1,30.864285714287053,315.6428571428705,1.4195137976347936,TP,2019Q1,2019,1
501,12168,2019-02-14 11:00:00,12175,2019-02-14 14:30:00,BUY,1305.78,1304.19,1304.19,1308.165,0.1,-16.59999999999918,-158.99999999999181,-1.0,SL,2019Q1,2019,7
502,12210,2019-02-15 09:00:00,12212,2019-02-15 10:00:00,SELL,1314.36,1315.7935714285713,1315.7935714285713,1312.2096428571426,0.1,-15.035714285714402,-143.35714285714403,-1.0,SL,2019Q1,2019,2
503,12213,2019-02-15 10:30:00,12216,2019-02-15 12:00:00,SELL,1315.28,1316.6857142857143,1316.6857142857143,1313.1714285714286,0.1,-14.75714285714339,-140.5714285714339,-1.0,SL,2019Q1,2019,3
504,12217,2019-02-15 12:30:00,12218,2019-02-15 13:00:00,SELL,1316.54,1317.9767857142856,1317.9767857142856,1314.3848214285715,0.1,-15.067857142856337,-143.67857142856337,-1.0,SL,2019Q1,2019,1
505,12219,2019-02-15 13:30:00,12223,2019-02-15 15:30:00,SELL,1318.52,1316.0369642857145,1320.1753571428571,1316.0369642857145,0.1,24.130357142855065,248.30357142855064,1.3985717242805562,TP,2019Q1,2019,4
506,12225,2019-02-15 16:30:00,12226,2019-02-15 17:00:00,SELL,1318.43,1315.0148214285716,1320.7067857142856,1315.0148214285716,0.1,33.45178571428441,341.51785714284415,1.425429919342609,TP,2019Q1,2019,1
507,12234,2019-02-15 21:00:00,12244,2019-02-18 03:00:00,SELL,1320.59,1323.455,1323.455,1316.2924999999998,0.1,-29.35000000000009,-286.5000000000009,-1.0,SL,2019Q1,2019,10
508,12245,2019-02-18 03:30:00,12266,2019-02-18 14:00:00,SELL,1323.68,1325.789642857143,1325.789642857143,1320.5155357142858,0.1,-21.79642857142944,-210.96428571429442,-1.0,SL,2019Q1,2019,21
509,12267,2019-02-18 14:30:00,12269,2019-02-18 15:30:00,SELL,1325.77,1327.315,1327.315,1323.4524999999999,0.1,-16.150000000000727,-154.50000000000728,-1.0,SL,2019Q1,2019,2
510,12270,2019-02-18 16:00:00,12288,2019-02-19 06:00:00,SELL,1326.8,1324.2816071428572,1328.4789285714285,1324.2816071428572,0.1,24.483928571427715,251.83928571427714,1.3999387380028556,TP,2019Q1,2019,18
511,12297,2019-02-19 10:30:00,12302,2019-02-19 13:00:00,SELL,1328.59,1330.282857142857,1330.282857142857,1326.0507142857143,0.1,-17.62857142857065,-169.2857142857065,-1.0,SL,2019Q1,2019,5
512,12305,2019-02-19 14:30:00,12306,2019-02-19 15:00:00,SELL,1329.62,1331.6942857142856,1331.6942857142856,1326.5085714285715,0.1,-21.44285714285679,-207.42857142856792,-1.0,SL,2019Q1,2019,1
513,12307,2019-02-19 15:30:00,12308,2019-02-19 16:00:00,SELL,1331.76,1334.1171428571429,1334.1171428571429,1328.2242857142858,0.1,-24.271428571428896,-235.71428571428896,-1.0,SL,2019Q1,2019,1
514,12309,2019-02-19 16:30:00,12310,2019-02-19 17:00:00,SELL,1333.2,1335.669642857143,1335.669642857143,1329.4955357142858,0.1,-25.39642857142844,-246.96428571428442,-1.0,SL,2019Q1,2019,1
515,12311,2019-02-19 17:30:00,12311,2019-02-19 17:30:00,SELL,1336.38,1338.9417857142857,1338.9417857142857,1332.5373214285717,0.1,-26.317857142856337,-256.1785714285634,-1.0,SL,2019Q1,2019,0
516,12312,2019-02-19 18:00:00,12315,2019-02-19 19:30:00,SELL,1338.06,1340.7589285714284,1340.7589285714284,1334.0116071428572,0.1,-27.68928571428496,-269.8928571428496,-1.0,SL,2019Q1,2019,3
517,12316,2019-02-19 20:00:00,12328,2019-02-20 03:00:00,SELL,1340.44,1343.517142857143,1343.517142857143,1335.824285714286,0.1,-31.47142857142917,-307.7142857142917,-1.0,SL,2019Q1,2019,12
518,12329,2019-02-20 03:30:00,12330,2019-02-20 04:00:00,SELL,1343.59,1345.6482142857142,1345.6482142857142,1340.5026785714285,0.1,-21.28214285714257,-205.8214285714257,-1.0,SL,2019Q1,2019,1
519,12331,2019-02-20 04:30:00,12334,2019-02-20 06:00:00,SELL,1345.69,1342.5576785714286,1347.7782142857143,1342.5576785714286,0.1,30.623214285714585,313.23214285714585,1.4189144464670373,TP,2019Q1,2019,3
520,12335,2019-02-20 06:30:00,12346,2019-02-20 12:00:00,SELL,1342.76,1344.8664285714285,1344.8664285714285,1339.6003571428573,0.1,-21.764285714285233,-210.64285714285234,-1.0,SL,2019Q1,2019,11
521,12347,2019-02-20 12:30:00,12361,2019-02-20 19:30:00,SELL,1344.01,1346.0510714285715,1346.0510714285715,1340.9483928571428,0.1,-21.11071428571513,-204.1071428571513,-1.0,SL,2019Q1,2019,14
522,12391,2019-02-21 11:30:00,12401,2019-02-21 16:30:00,BUY,1333.83,1331.5489285714286,1331.5489285714286,1337.251607142857,0.1,-23.510714285712947,-228.10714285712947,-1.0,SL,2019Q1,2019,10
523,12407,2019-02-21 19:30:00,12408,2019-02-21 20:00:00,BUY,1329.07,1325.8921428571427,1325.8921428571427,1333.8367857142857,0.1,-32.478571428571925,-317.7857142857192,-1.0,SL,2019Q1,2019,1
524,12409,2019-02-21 20:30:00,12415,2019-02-21 23:30:00,BUY,1325.8,1322.4764285714286,1322.4764285714286,1330.785357142857,0.1,-33.93571428571313,-332.3571428571313,-1.0,SL,2019Q1,2019,6
525,12416,2019-02-22 01:00:00,12445,2019-02-22 15:30:00,BUY,1323.28,1327.6289285714286,1320.3807142857142,1327.6289285714286,0.1,42.78928571428587,434.8928571428587,1.4410632667789272,TP,2019Q1,2019,29
526,12526,2019-02-26 10:00:00,12535,2019-02-26 14:30:00,BUY,1325.06,1323.392857142857,1323.392857142857,1327.5607142857143,0.1,-17.37142857142835,-166.7142857142835,-1.0,SL,2019Q1,2019,9
527,12590,2019-02-27 19:00:00,12591,2019-02-27 19:30:00,BUY,1320.97,1318.24,1318.24,1325.065,0.1,-28.00000000000018,-273.0000000000018,-1.0,SL,2019Q1,2019,1
528,12592,2019-02-27 20:00:00,12619,2019-02-28 10:30:00,BUY,1319.46,1324.1110714285714,1316.3592857142858,1324.1110714285714,0.1,45.81071428571413,465.1071428571413,1.444807389051588,TP,2019Q1,2019,27
529,12625,2019-02-28 13:30:00,12629,2019-02-28 15:30:00,SELL,1326.67,1323.7032142857142,1328.6478571428572,1323.7032142857142,0.1,28.96785714285834,296.6785714285834,1.4145448203697801,TP,2019Q1,2019,4
530,12633,2019-02-28 17:30:00,12661,2019-03-01 08:30:00,BUY,1314.19,1310.8535714285715,1310.8535714285715,1319.194642857143,0.1,-34.06428571428542,-333.64285714285415,-1.0,SL,2019Q1,2019,28
531,12662,2019-03-01 09:00:00,12662,2019-03-01 09:00:00,BUY,1310.52,1308.9535714285714,1308.9535714285714,1312.869642857143,0.1,-16.364285714285597,-156.64285714285597,-1.0,SL,2019Q1,2019,0
532,12663,2019-03-01 09:30:00,12664,2019-03-01 10:00:00,BUY,1309.94,1308.2482142857143,1308.2482142857143,1312.4776785714287,0.1,-17.617857142857428,-169.1785714285743,-1.0,SL,2019Q1,2019,1
533,12665,2019-03-01 10:30:00,12666,2019-03-01 11:00:00,BUY,1308.05,1306.2789285714287,1306.2789285714287,1310.7066071428571,0.1,-18.410714285713038,-177.10714285713038,-1.0,SL,2019Q1,2019,1
534,12667,2019-03-01 11:30:00,12668,2019-03-01 12:00:00,BUY,1306.63,1309.328392857143,1304.8310714285715,1309.328392857143,0.1,26.28392857142835,269.8392857142835,1.406363462640875,TP,2019Q1,2019,1
535,12670,2019-03-01 13:00:00,12673,2019-03-01 14:30:00,BUY,1308.99,1306.6746428571428,1306.6746428571428,1312.4630357142858,0.1,-23.853571428572376,-231.53571428572377,-1.0,SL,2019Q1,2019,3
536,12674,2019-03-01 15:00:00,12678,2019-03-01 17:00:00,BUY,1306.26,1310.1139285714287,1303.6907142857142,1310.1139285714287,0.1,37.83928571428696,385.3928571428696,1.4336941813261184,TP,2019Q1,2019,4
537,12681,2019-03-01 18:30:00,12682,2019-03-01 19:00:00,BUY,1303.77,1300.1217857142858,1300.1217857142858,1309.2423214285714,0.1,-37.182142857141756,-364.8214285714175,-1.0,SL,2019Q1,2019,1
538,12683,2019-03-01 19:30:00,12685,2019-03-01 20:30:00,BUY,1300.54,1296.735357142857,1296.735357142857,1306.2469642857143,0.1,-38.74642857142881,-380.46428571428805,-1.0,SL,2019Q1,2019,2
539,12686,2019-03-01 21:00:00,12686,2019-03-01 21:00:00,BUY,1296.58,1292.3639285714285,1292.3639285714285,1302.9041071428571,0.1,-42.86071428571468,-421.60714285714675,-1.0,SL,2019Q1,2019,0
540,12687,2019-03-01 21:30:00,12711,2019-03-04 10:30:00,BUY,1293.03,1288.4978571428571,1288.4978571428571,1299.8282142857142,0.1,-46.021428571428444,-453.2142857142844,-1.0,SL,2019Q1,2019,24
541,12712,2019-03-04 11:00:00,12717,2019-03-04 13:30:00,BUY,1287.52,1285.4189285714285,1285.4189285714285,1290.6716071428573,0.1,-21.710714285714584,-210.10714285714585,-1.0,SL,2019Q1,2019,5
542,12718,2019-03-04 14:00:00,12723,2019-03-04 16:30:00,BUY,1286.37,1283.7407142857141,1283.7407142857141,1290.3139285714285,0.1,-26.992857142857428,-262.9285714285743,-1.0,SL,2019Q1,2019,5
543,12724,2019-03-04 17:00:00,12770,2019-03-05 17:00:00,BUY,1286.31,1282.6435714285712,1282.6435714285712,1291.8096428571428,0.1,-37.364285714286964,-366.6428571428696,-1.0,SL,2019Q1,2019,46
544,12889,2019-03-08 07:30:00,12889,2019-03-08 07:30:00,SELL,1288.79,1290.025357142857,1290.025357142857,1286.936964285714,0.1,-13.05357142857083,-123.53571428570831,-1.0,SL,2019Q1,2019,0
545,12890,2019-03-08 08:00:00,12890,2019-03-08 08:00:00,SELL,1290.6,1291.9414285714286,1291.9414285714286,1288.587857142857,0.1,-14.114285714286506,-134.14285714286507,-1.0,SL,2019Q1,2019,0
546,12891,2019-03-08 08:30:00,12893,2019-03-08 09:30:00,SELL,1292.73,1294.3092857142858,1294.3092857142858,1290.3610714285714,0.1,-16.492857142857883,-157.92857142857883,-1.0,SL,2019Q1,2019,2
547,12894,2019-03-08 10:00:00,12896,2019-03-08 11:00:00,SELL,1293.7,1295.5321428571428,1295.5321428571428,1290.9517857142857,0.1,-19.021428571427986,-183.21428571427987,-1.0,SL,2019Q1,2019,2
548,12897,2019-03-08 11:30:00,12904,2019-03-08 15:00:00,SELL,1294.88,1291.8794642857144,1296.8803571428573,1291.8794642857144,0.1,29.30535714285661,300.0535714285661,1.4154735207865605,TP,2019Q1,2019,7
549,12906,2019-03-08 16:00:00,12906,2019-03-08 16:00:00,SELL,1297.88,1300.5285714285717,1300.5285714285717,1293.9071428571428,0.1,-27.185714285715857,-264.8571428571586,-1.0,SL,2019Q1,2019,0
550,12907,2019-03-08 16:30:00,12951,2019-03-11 14:30:00,SELL,1298.4,1294.1683928571429,1301.2210714285716,1294.1683928571429,0.1,41.61607142857228,423.16071428572286,1.439468807906116,TP,2019Q1,2019,44
551,13010,2019-03-12 21:00:00,13019,2019-03-13 02:30:00,SELL,1301.78,1304.2603571428572,1304.2603571428572,1298.0594642857143,0.1,-25.503571428572013,-248.03571428572013,-1.0,SL,2019Q1,2019,9
552,13020,2019-03-13 03:00:00,13023,2019-03-13 04:30:00,SELL,1304.04,1305.8282142857142,1305.8282142857142,1301.3576785714286,0.1,-18.582142857142752,-178.82142857142753,-1.0,SL,2019Q1,2019,3
553,13024,2019-03-13 05:00:00,13035,2019-03-13 10:30:00,SELL,1305.25,1306.9225000000001,1306.9225000000001,1302.7412499999998,0.1,-17.425000000001273,-167.25000000001273,-1.0,SL,2019Q1,2019,11
554,13036,2019-03-13 11:00:00,13036,2019-03-13 11:00:00,SELL,1306.51,1307.9692857142857,1307.9692857142857,1304.3210714285715,0.1,-15.2928571428567,-145.928571428567,-1.0,SL,2019Q1,2019,0
555,13037,2019-03-13 11:30:00,13045,2019-03-13 15:30:00,SELL,1308.02,1309.5242857142857,1309.5242857142857,1305.7635714285714,0.1,-15.742857142857428,-150.4285714285743,-1.0,SL,2019Q1,2019,8
556,13046,2019-03-13 16:00:00,13055,2019-03-13 20:30:00,SELL,1308.58,1310.659642857143,1310.659642857143,1305.4605357142857,0.1,-21.496428571429714,-207.96428571429715,-1.0,SL,2019Q1,2019,9
557,13056,2019-03-13 21:00:00,13066,2019-03-14 03:00:00,SELL,1310.94,1307.5714285714287,1313.1857142857143,1307.5714285714287,0.1,32.985714285713854,336.85714285713857,1.4244293645897583,TP,2019Q1,2019,10
558,13082,2019-03-14 11:00:00,13082,2019-03-14 11:00:00,BUY,1302.03,1300.3714285714286,1300.3714285714286,1304.517857142857,0.1,-17.285714285713492,-165.85714285713493,-1.0,SL,2019Q1,2019,0
559,13083,2019-03-14 11:30:00,13083,2019-03-14 11:30:00,BUY,1300.54,1298.7175,1298.7175,1303.27375,0.1,-18.92499999999991,-182.2499999999991,-1.0,SL,2019Q1,2019,0
560,13084,2019-03-14 12:00:00,13090,2019-03-14 15:00:00,BUY,1297.31,1295.0985714285714,1295.0985714285714,1300.6271428571429,0.1,-22.814285714285415,-221.14285714285415,-1.0,SL,2019Q1,2019,6
561,13091,2019-03-14 15:30:00,13116,2019-03-15 05:00:00,BUY,1294.91,1299.2926785714287,1291.9882142857143,1299.2926785714287,0.1,43.12678571428641,438.26785714286416,1.4415065059090375,TP,2019Q1,2019,25
562,13176,2019-03-18 12:00:00,13189,2019-03-18 18:30:00,SELL,1305.38,1302.5675,1307.255,1302.5675,0.1,27.425,281.25,1.4100257069408741,TP,2019Q1,2019,13
563,13207,2019-03-19 04:30:00,13217,2019-03-19 09:30:00,SELL,1307.18,1304.8560714285716,1308.7292857142857,1304.8560714285716,0.1,22.53928571428496,232.3928571428496,1.3919276576974593,TP,2019Q1,2019,10
564,13227,2019-03-19 14:30:00,13235,2019-03-19 18:30:00,SELL,1309.12,1306.1596428571427,1311.0935714285713,1306.1596428571427,0.1,28.903571428572196,296.03571428572195,1.4143656064313723,TP,2019Q1,2019,8
565,13265,2019-03-20 10:30:00,13265,2019-03-20 10:30:00,BUY,1303.07,1301.7660714285714,1301.7660714285714,1305.0258928571427,0.1,-13.739285714285142,-130.39285714285143,-1.0,SL,2019Q1,2019,0
566,13266,2019-03-20 11:00:00,13269,2019-03-20 12:30:00,BUY,1302.3,1304.3426785714285,1300.9382142857144,1304.3426785714285,0.1,19.72678571428496,204.2678571428496,1.3777750062360379,TP,2019Q1,2019,3
567,13285,2019-03-20 20:30:00,13308,2019-03-21 09:00:00,SELL,1315.07,1319.5796428571427,1319.5796428571427,1308.3055357142855,0.1,-45.79642857142808,-450.9642857142808,-1.0,SL,2019Q1,2019,23
568,13309,2019-03-21 09:30:00,13315,2019-03-21 12:30:00,SELL,1319.43,1317.1896428571429,1320.9235714285714,1317.1896428571429,0.1,21.703571428571923,224.03571428571922,1.3880767473732996,TP,2019Q1,2019,6
569,13327,2019-03-21 18:30:00,13352,2019-03-22 08:00:00,BUY,1304.37,1310.5044642857142,1300.2803571428572,1310.5044642857142,0.1,60.644642857143296,613.446428571433,1.4579290804499545,TP,2019Q1,2019,25
570,13395,2019-03-25 06:30:00,13401,2019-03-25 09:30:00,SELL,1316.06,1317.734642857143,1317.734642857143,1313.5480357142856,0.1,-17.446428571429987,-167.46428571429988,-1.0,SL,2019Q1,2019,6
571,13403,2019-03-25 10:30:00,13407,2019-03-25 12:30:00,SELL,1316.96,1318.517857142857,1318.517857142857,1314.6232142857143,0.1,-16.27857142857074,-155.7857142857074,-1.0,SL,2019Q1,2019,4
572,13411,2019-03-25 14:30:00,13414,2019-03-25 16:00:00,SELL,1318.79,1320.68,1320.68,1315.955,0.1,-19.600000000001,-189.00000000001,-1.0,SL,2019Q1,2019,3
573,13415,2019-03-25 16:30:00,13422,2019-03-25 20:00:00,SELL,1321.65,1323.7928571428572,1323.7928571428572,1318.4357142857143,0.1,-22.128571428571103,-214.28571428571104,-1.0,SL,2019Q1,2019,7
574,13423,2019-03-25 20:30:00,13442,2019-03-26 07:00:00,SELL,1323.43,1319.0730357142857,1326.334642857143,1319.0730357142857,0.1,42.869642857144115,435.6964285714412,1.4411694080921729,TP,2019Q1,2019,19
575,13528,2019-03-28 04:00:00,13530,2019-03-28 05:00:00,BUY,1307.98,1310.8728571428571,1306.0514285714285,1310.8728571428571,0.1,28.228571428571104,289.28571428571104,1.4124374553251242,TP,2019Q1,2019,2
576,13544,2019-03-28 12:00:00,13545,2019-03-28 12:30:00,BUY,1307.47,1305.5575000000001,1305.5575000000001,1310.3387500000001,0.1,-19.82499999999909,-191.2499999999909,-1.0,SL,2019Q1,2019,1
577,13546,2019-03-28 13:00:00,13546,2019-03-28 13:00:00,BUY,1306.48,1304.5375000000001,1304.5375000000001,1309.39375,0.1,-20.124999999998817,-194.24999999998818,-1.0,SL,2019Q1,2019,0
578,13547,2019-03-28 13:30:00,13547,2019-03-28 13:30:00,BUY,1305.02,1302.9896428571428,1302.9896428571428,1308.0655357142857,0.1,-21.003571428571558,-203.03571428571558,-1.0,SL,2019Q1,2019,0
579,13548,2019-03-28 14:00:00,13549,2019-03-28 14:30:00,BUY,1303.35,1301.0582142857143,1301.0582142857143,1306.7876785714284,0.1,-23.61785714285652,-229.1785714285652,-1.0,SL,2019Q1,2019,1
580,13550,2019-03-28 15:00:00,13550,2019-03-28 15:00:00,BUY,1300.52,1297.5853571428572,1297.5853571428572,1304.9219642857142,0.1,-30.046428571427622,-293.46428571427623,-1.0,SL,2019Q1,2019,0
581,13551,2019-03-28 15:30:00,13555,2019-03-28 17:30:00,BUY,1294.62,1291.062857142857,1291.062857142857,1299.9557142857143,0.1,-36.271428571429354,-355.7142857142935,-1.0,SL,2019Q1,2019,4
582,13556,2019-03-28 18:00:00,13583,2019-03-29 08:30:00,BUY,1292.47,1288.0632142857144,1288.0632142857144,1299.0801785714286,0.1,-44.76785714285661,-440.6785714285661,-1.0,SL,2019Q1,2019,27
583,13584,2019-03-29 09:00:00,13588,2019-03-29 11:00:00,BUY,1287.46,1290.6389285714288,1285.3407142857143,1290.6389285714288,0.1,31.089285714287417,317.89285714287416,1.4200652528548658,TP,2019Q1,2019,4
584,13671,2019-04-02 07:30:00,13673,2019-04-02 08:30:00,BUY,1286.1,1288.5621428571428,1284.4585714285713,1288.5621428571428,0.1,23.92142857142908,246.21428571429078,1.397746243739568,TP,2019Q2,2019,2
585,13712,2019-04-03 05:00:00,13722,2019-04-03 10:00:00,SELL,1292.9,1290.8926785714286,1294.2382142857143,1290.8926785714286,0.1,19.373214285714585,200.73214285714585,1.3757291402486176,TP,2019Q2,2019,10
586,13779,2019-04-04 15:30:00,13779,2019-04-04 15:30:00,BUY,1286.99,1285.1332142857143,1285.1332142857143,1289.7751785714286,0.1,-19.267857142857064,-185.67857142857065,-1.0,SL,2019Q2,2019,0
587,13780,2019-04-04 16:00:00,13780,2019-04-04 16:00:00,BUY,1284.96,1282.8085714285714,1282.8085714285714,1288.1871428571428,0.1,-22.21428571428596,-215.1428571428596,-1.0,SL,2019Q2,2019,0
588,13781,2019-04-04 16:30:00,13783,2019-04-04 17:30:00,BUY,1282.78,1286.4105357142857,1280.359642857143,1286.4105357142857,0.1,35.6053571428577,363.053571428577,1.429728954539024,TP,2019Q2,2019,2
589,13850,2019-04-08 05:00:00,13859,2019-04-08 09:30:00,SELL,1296.17,1297.8885714285716,1297.8885714285716,1293.5921428571428,0.1,-17.88571428571522,-171.8571428571522,-1.0,SL,2019Q2,2019,9
590,13860,2019-04-08 10:00:00,13870,2019-04-08 15:00:00,SELL,1296.97,1298.7475,1298.7475,1294.30375,0.1,-18.47499999999918,-177.74999999999181,-1.0,SL,2019Q2,2019,10
591,13871,2019-04-08 15:30:00,13871,2019-04-08 15:30:00,SELL,1299.4,1300.9053571428572,1300.9053571428572,1297.1419642857145,0.1,-15.753571428570648,-150.5357142857065,-1.0,SL,2019Q2,2019,0
592,13872,2019-04-08 16:00:00,13874,2019-04-08 17:00:00,SELL,1303.18,1300.354642857143,1305.0635714285715,1300.354642857143,0.1,27.553571428570013,282.5357142857001,1.4104204753198133,TP,2019Q2,2019,2
593,13875,2019-04-08 17:30:00,13876,2019-04-08 18:00:00,SELL,1300.76,1297.6341071428571,1302.8439285714285,1297.6341071428571,0.1,30.558928571428442,312.5892857142844,1.4187531089372076,TP,2019Q2,2019,1
594,13909,2019-04-09 11:30:00,13916,2019-04-09 15:00:00,SELL,1301.54,1303.3517857142856,1303.3517857142856,1298.8223214285713,0.1,-18.817857142856337,-181.17857142856337,-1.0,SL,2019Q2,2019,7
595,13917,2019-04-09 15:30:00,13966,2019-04-10 17:00:00,SELL,1304.52,1307.0925,1307.0925,1300.66125,0.1,-26.42499999999991,-257.2499999999991,-1.0,SL,2019Q2,2019,49
596,13969,2019-04-10 18:30:00,13999,2019-04-11 10:30:00,SELL,1308.54,1304.8467857142857,1311.0021428571429,1304.8467857142857,0.1,36.23214285714248,369.3214285714248,1.4308885754583485,TP,2019Q2,2019,30
597,14007,2019-04-11 14:30:00,14008,2019-04-11 15:00:00,BUY,1301.08,1299.1042857142857,1299.1042857142857,1304.0435714285713,0.1,-20.457142857142752,-197.57142857142753,-1.0,SL,2019Q2,2019,1
598,14009,2019-04-11 15:30:00,14009,2019-04-11 15:30:00,BUY,1299.07,1296.8167857142857,1296.8167857142857,1302.4498214285713,0.1,-23.232142857141934,-225.32142857141935,-1.0,SL,2019Q2,2019,0
599,14010,2019-04-11 16:00:00,14011,2019-04-11 16:30:00,BUY,1295.59,1299.4776785714284,1292.9982142857143,1299.4776785714284,0.1,38.17678571428523,388.76785714285234,1.4342546625520325,TP,2019Q2,2019,1
600,14014,2019-04-11 18:00:00,14015,2019-04-11 18:30:00,BUY,1296.62,1293.4817857142855,1293.4817857142855,1301.3273214285714,0.1,-32.08214285714412,-313.8214285714412,-1.0,SL,2019Q2,2019,1
601,14016,2019-04-11 19:00:00,14018,2019-04-11 20:00:00,BUY,1295.07,1291.7517857142857,1291.7517857142857,1300.0473214285714,0.1,-33.88214285714248,-331.8214285714248,-1.0,SL,2019Q2,2019,2
602,14019,2019-04-11 20:30:00,14092,2019-04-15 11:00:00,BUY,1290.33,1286.3860714285713,1286.3860714285713,1296.2458928571427,0.1,-40.139285714286146,-394.39285714286143,-1.0,SL,2019Q2,2019,73
603,14093,2019-04-15 11:30:00,14095,2019-04-15 12:30:00,BUY,1287.25,1285.7125,1285.7125,1289.5562499999999,0.1,-16.07499999999909,-153.7499999999909,-1.0,SL,2019Q2,2019,2
604,14096,2019-04-15 13:00:00,14100,2019-04-15 15:00:00,BUY,1285.87,1288.2630357142855,1284.274642857143,1288.2630357142855,0.1,23.230357142855883,239.30357142855883,1.3949174351276585,TP,2019Q2,2019,4
605,14103,2019-04-15 16:30:00,14105,2019-04-15 17:30:00,BUY,1283.63,1287.1994642857144,1281.2503571428574,1287.1994642857144,0.1,34.99464285714275,356.94642857142753,1.4285610147252668,TP,2019Q2,2019,2
606,14125,2019-04-16 04:30:00,14128,2019-04-16 06:00:00,BUY,1286.18,1285.1675,1285.1675,1287.6987500000002,0.1,-10.825000000000454,-101.25000000000455,-1.0,SL,2019Q2,2019,3
607,14129,2019-04-16 06:30:00,14133,2019-04-16 08:30:00,BUY,1285.05,1283.8125,1283.8125,1286.90625,0.1,-13.074999999999545,-123.74999999999545,-1.0,SL,2019Q2,2019,4
608,14148,2019-04-16 16:00:00,14148,2019-04-16 16:00:00,BUY,1279.24,1276.6675,1276.6675,1283.09875,0.1,-26.42499999999991,-257.2499999999991,-1.0,SL,2019Q2,2019,0
609,14149,2019-04-16 16:30:00,14180,2019-04-17 09:00:00,BUY,1274.97,1279.515,1271.94,1279.515,0.1,44.750000000000725,454.5000000000073,1.4435483870968102,TP,2019Q2,2019,31
610,14217,2019-04-18 04:30:00,14217,2019-04-18 04:30:00,BUY,1273.38,1272.3375,1272.3375,1274.9437500000001,0.1,-11.125000000000181,-104.25000000000182,-1.0,SL,2019Q2,2019,0
611,14218,2019-04-18 05:00:00,14227,2019-04-18 09:30:00,BUY,1272.34,1271.0992857142855,1271.0992857142855,1274.2010714285714,0.1,-13.107142857143753,-124.07142857143754,-1.0,SL,2019Q2,2019,9
612,14228,2019-04-18 10:00:00,14228,2019-04-18 10:00:00,BUY,1271.88,1273.8069642857145,1270.5953571428572,1273.8069642857145,0.1,18.56964285714348,192.6964285714348,1.3708146585816017,TP,2019Q2,2019,0
613,14264,2019-04-22 05:00:00,14266,2019-04-22 06:00:00,SELL,1277.96,1279.222142857143,1279.222142857143,1276.0667857142857,0.1,-13.321428571428623,-126.21428571428623,-1.0,SL,2019Q2,2019,2
614,14267,2019-04-22 06:30:00,14273,2019-04-22 09:30:00,SELL,1279.24,1277.2069642857143,1280.5953571428572,1277.2069642857143,0.1,19.630357142856884,203.30357142856883,1.3772237534451772,TP,2019Q2,2019,6
615,14319,2019-04-23 09:30:00,14330,2019-04-23 15:00:00,BUY,1272.71,1271.3107142857143,1271.3107142857143,1274.8089285714286,0.1,-14.692857142857246,-139.92857142857247,-1.0,SL,2019Q2,2019,11
616,14332,2019-04-23 16:00:00,14337,2019-04-23 18:30:00,BUY,1267.92,1271.2467857142858,1265.702142857143,1271.2467857142858,0.1,32.567857142857335,332.6785714285734,1.4235092101155171,TP,2019Q2,2019,5
617,14359,2019-04-24 06:30:00,14367,2019-04-24 10:30:00,BUY,1269.25,1271.2042857142858,1267.9471428571428,1271.2042857142858,0.1,18.842857142857884,195.42857142857883,1.3725286160249788,TP,2019Q2,2019,8
618,14426,2019-04-25 17:00:00,14429,2019-04-25 18:30:00,SELL,1281.8,1277.8383928571427,1284.4410714285714,1277.8383928571427,0.1,38.916071428572465,396.1607142857247,1.4354498748518398,TP,2019Q2,2019,3
619,14448,2019-04-26 05:00:00,14448,2019-04-26 05:00:00,SELL,1279.63,1280.875,1280.875,1277.7625000000003,0.1,-13.149999999998908,-124.49999999998909,-1.0,SL,2019Q2,2019,0
620,14449,2019-04-26 05:30:00,14457,2019-04-26 09:30:00,SELL,1280.55,1281.9042857142856,1281.9042857142856,1278.5185714285715,0.1,-14.242857142856518,-135.4285714285652,-1.0,SL,2019Q2,2019,8
621,14458,2019-04-26 10:00:00,14459,2019-04-26 10:30:00,SELL,1281.78,1283.2885714285712,1283.2885714285712,1279.517142857143,0.1,-15.785714285712583,-150.85714285712584,-1.0,SL,2019Q2,2019,1
622,14460,2019-04-26 11:00:00,14468,2019-04-26 15:00:00,SELL,1281.85,1279.5325,1283.3949999999998,1279.5325,0.1,22.47499999999882,231.74999999998818,1.391640866873125,TP,2019Q2,2019,8
623,14477,2019-04-26 19:30:00,14504,2019-04-29 10:00:00,SELL,1288.07,1282.8982142857142,1291.517857142857,1282.8982142857142,0.1,51.01785714285761,517.1785714285761,1.4502538071065991,TP,2019Q2,2019,27
624,14506,2019-04-29 11:00:00,14512,2019-04-29 14:00:00,BUY,1281.56,1280.3310714285715,1280.3310714285715,1283.4033928571428,0.1,-12.989285714284687,-122.89285714284688,-1.0,SL,2019Q2,2019,6
625,14559,2019-04-30 14:30:00,14561,2019-04-30 15:30:00,SELL,1285.77,1283.4525,1287.315,1283.4525,0.1,22.47499999999882,231.74999999998818,1.3916408668729292,TP,2019Q2,2019,2
626,14587,2019-05-01 05:30:00,14587,2019-05-01 05:30:00,BUY,1280.81,1279.7825,1279.7825,1282.35125,0.1,-10.97499999999918,-102.74999999999181,-1.0,SL,2019Q2,2019,0
627,14588,2019-05-01 06:00:00,14594,2019-05-01 09:00:00,BUY,1279.96,1278.8725,1278.8725,1281.59125,0.1,-11.575000000000909,-108.7500000000091,-1.0,SL,2019Q2,2019,6
628,14595,2019-05-01 09:30:00,14596,2019-05-01 10:00:00,BUY,1279.09,1277.9082142857142,1277.9082142857142,1280.8626785714284,0.1,-12.517857142857519,-118.1785714285752,-1.0,SL,2019Q2,2019,1
629,14634,2019-05-02 06:00:00,14640,2019-05-02 09:00:00,BUY,1273.83,1272.0385714285712,1272.0385714285712,1276.5171428571427,0.1,-18.61428571428696,-179.14285714286962,-1.0,SL,2019Q2,2019,6
630,14641,2019-05-02 09:30:00,14644,2019-05-02 11:00:00,BUY,1272.14,1270.4921428571429,1270.4921428571429,1274.6117857142858,0.1,-17.178571428572194,-164.78571428572195,-1.0,SL,2019Q2,2019,3
631,14645,2019-05-02 11:30:00,14652,2019-05-02 15:00:00,BUY,1270.74,1269.1157142857141,1269.1157142857141,1273.1764285714287,0.1,-16.94285714285861,-162.4285714285861,-1.0,SL,2019Q2,2019,7
632,14653,2019-05-02 15:30:00,14654,2019-05-02 16:00:00,BUY,1269.84,1267.83,1267.83,1272.855,0.1,-20.79999999999991,-200.9999999999991,-1.0,SL,2019Q2,2019,1
633,14655,2019-05-02 16:30:00,14659,2019-05-02 18:30:00,BUY,1267.85,1271.294107142857,1265.5539285714285,1271.294107142857,0.1,33.74107142857092,344.4107142857092,1.4260377358490555,TP,2019Q2,2019,4
634,14702,2019-05-03 17:00:00,14702,2019-05-03 17:00:00,SELL,1278.18,1281.1082142857144,1281.1082142857144,1273.7876785714286,0.1,-29.982142857143753,-292.82142857143754,-1.0,SL,2019Q2,2019,0
635,14703,2019-05-03 17:30:00,14716,2019-05-06 01:00:00,SELL,1281.07,1284.0935714285713,1284.0935714285713,1276.534642857143,0.1,-30.935714285713583,-302.35714285713584,-1.0,SL,2019Q2,2019,13
636,14717,2019-05-06 01:30:00,14743,2019-05-06 14:30:00,SELL,1284.92,1280.8651785714287,1287.6232142857143,1280.8651785714287,0.1,39.84821428571358,405.48214285713584,1.4368963296844806,TP,2019Q2,2019,26
637,14775,2019-05-07 07:30:00,14777,2019-05-07 08:30:00,SELL,1283.4,1281.6819642857145,1284.5453571428573,1281.6819642857145,0.1,16.480357142856338,171.80357142856337,1.356009403467438,TP,2019Q2,2019,2
638,14814,2019-05-08 04:00:00,14824,2019-05-08 09:00:00,SELL,1286.08,1287.5382142857143,1287.5382142857143,1283.8926785714284,0.1,-15.28214285714348,-145.8214285714348,-1.0,SL,2019Q2,2019,10
639,14825,2019-05-08 09:30:00,14831,2019-05-08 12:30:00,SELL,1287.42,1288.8107142857143,1288.8107142857143,1285.3339285714287,0.1,-14.607142857142389,-139.0714285714239,-1.0,SL,2019Q2,2019,6
640,14832,2019-05-08 13:00:00,14834,2019-05-08 14:00:00,SELL,1289.11,1290.6389285714286,1290.6389285714286,1286.816607142857,0.1,-15.989285714286506,-152.89285714286507,-1.0,SL,2019Q2,2019,2
641,14837,2019-05-08 15:30:00,14838,2019-05-08 16:00:00,SELL,1291.04,1287.6553571428572,1293.2964285714286,1287.6553571428572,0.1,33.146428571428075,338.4642857142808,1.4247774025176068,TP,2019Q2,2019,1
642,14976,2019-05-13 16:00:00,14976,2019-05-13 16:00:00,SELL,1291.42,1293.7782142857143,1293.7782142857143,1287.8826785714286,0.1,-24.282142857142116,-235.82142857142117,-1.0,SL,2019Q2,2019,0
643,14977,2019-05-13 16:30:00,14995,2019-05-14 02:30:00,SELL,1298.56,1301.6510714285714,1301.6510714285714,1293.9233928571427,0.1,-31.610714285714675,-309.10714285714675,-1.0,SL,2019Q2,2019,18
644,14996,2019-05-14 03:00:00,15000,2019-05-14 05:00:00,SELL,1301.62,1298.7464285714286,1303.535714285714,1298.7464285714286,0.1,28.035714285712675,287.35714285712675,1.4118705035971715,TP,2019Q2,2019,4
645,15001,2019-05-14 05:30:00,15018,2019-05-14 14:00:00,SELL,1298.96,1296.1973214285715,1300.8017857142856,1296.1973214285715,0.1,26.926785714285234,276.26785714285234,1.4084625443676988,TP,2019Q2,2019,17
646,15114,2019-05-16 16:00:00,15117,2019-05-16 17:30:00,BUY,1291.13,1288.7985714285717,1288.7985714285717,1294.6271428571429,0.1,-24.014285714284323,-233.14285714284324,-1.0,SL,2019Q2,2019,3
647,15118,2019-05-16 18:00:00,15119,2019-05-16 18:30:00,BUY,1287.38,1284.2803571428572,1284.2803571428572,1292.0294642857143,0.1,-31.696428571429532,-309.96428571429533,-1.0,SL,2019Q2,2019,1
648,15120,2019-05-16 19:00:00,15160,2019-05-17 16:00:00,BUY,1284.88,1281.7182142857143,1281.7182142857143,1289.6226785714287,0.1,-32.317857142857704,-316.178571428577,-1.0,SL,2019Q2,2019,40
649,15161,2019-05-17 16:30:00,15161,2019-05-17 16:30:00,BUY,1282.59,1280.2317857142855,1280.2317857142855,1286.1273214285713,0.1,-24.28214285714439,-235.8214285714439,-1.0,SL,2019Q2,2019,0
650,15162,2019-05-17 17:00:00,15162,2019-05-17 17:00:00,BUY,1281.38,1278.967142857143,1278.967142857143,1284.9992857142859,0.1,-24.82857142857092,-241.28571428570922,-1.0,SL,2019Q2,2019,0
651,15163,2019-05-17 17:30:00,15163,2019-05-17 17:30:00,BUY,1279.1,1276.4642857142856,1276.4642857142856,1283.0535714285713,0.1,-27.05714285714357,-263.5714285714357,-1.0,SL,2019Q2,2019,0
652,15164,2019-05-17 18:00:00,15248,2019-05-21 14:00:00,BUY,1276.14,1273.2814285714287,1273.2814285714287,1280.4278571428572,0.1,-29.285714285713947,-285.8571428571395,-1.0,SL,2019Q2,2019,84
653,15249,2019-05-21 14:30:00,15250,2019-05-21 15:00:00,BUY,1273.02,1271.355,1271.355,1275.5175,0.1,-17.349999999999635,-166.49999999999636,-1.0,SL,2019Q2,2019,1
654,15251,2019-05-21 15:30:00,15253,2019-05-21 16:30:00,BUY,1271.76,1269.860357142857,1269.860357142857,1274.6094642857142,0.1,-19.696428571429077,-189.96428571429078,-1.0,SL,2019Q2,2019,2
655,15254,2019-05-21 17:00:00,15255,2019-05-21 17:30:00,BUY,1271.06,1274.3369642857142,1268.8753571428572,1274.3369642857142,0.1,32.06964285714257,327.6964285714257,1.4223823855536666,TP,2019Q2,2019,1
656,15343,2019-05-23 15:30:00,15347,2019-05-23 17:30:00,SELL,1282.97,1285.4514285714286,1285.4514285714286,1279.2478571428571,0.1,-25.514285714285233,-248.14285714285234,-1.0,SL,2019Q2,2019,4
657,15348,2019-05-23 18:00:00,15468,2019-05-28 12:30:00,SELL,1285.4,1283.57,1288.934642857143,1280.0980357142857,0.1,17.600000000001547,183.00000000001546,0.4882591895373403,TIME_EXIT,2019Q2,2019,120
658,15474,2019-05-28 15:30:00,15495,2019-05-29 03:00:00,BUY,1277.53,1280.8873214285713,1275.2917857142857,1280.8873214285713,0.1,32.87321428571367,335.73214285713675,1.4241838155654787,TP,2019Q2,2019,21
659,15511,2019-05-29 11:00:00,15520,2019-05-29 15:30:00,SELL,1284.82,1282.1730357142856,1286.5846428571429,1282.1730357142856,0.1,25.769642857143754,264.69642857143754,1.4046135876971027,TP,2019Q2,2019,9
660,15548,2019-05-30 06:30:00,15553,2019-05-30 09:00:00,BUY,1277.66,1276.3689285714286,1276.3689285714286,1279.5966071428572,0.1,-13.61071428571513,-129.1071428571513,-1.0,SL,2019Q2,2019,5
661,15556,2019-05-30 10:30:00,15565,2019-05-30 15:00:00,BUY,1275.95,1278.34625,1274.3525,1278.34625,0.1,23.26250000000009,239.6250000000009,1.3950524737630554,TP,2019Q2,2019,9
662,15572,2019-05-30 18:30:00,15586,2019-05-31 02:30:00,SELL,1287.54,1290.4757142857143,1290.4757142857143,1283.1364285714285,0.1,-30.057142857143116,-293.57142857143117,-1.0,SL,2019Q2,2019,14
663,15587,2019-05-31 03:00:00,15588,2019-05-31 03:30:00,SELL,1290.43,1291.962142857143,1291.962142857143,1288.1317857142858,0.1,-16.02142857142844,-153.21428571428442,-1.0,SL,2019Q2,2019,1
664,15589,2019-05-31 04:00:00,15589,2019-05-31 04:00:00,SELL,1291.58,1293.0896428571427,1293.0896428571427,1289.3155357142857,0.1,-15.796428571428077,-150.96428571428078,-1.0,SL,2019Q2,2019,0
665,15590,2019-05-31 04:30:00,15600,2019-05-31 09:30:00,SELL,1292.24,1293.827857142857,1293.827857142857,1289.8582142857144,0.1,-16.578571428570466,-158.78571428570467,-1.0,SL,2019Q2,2019,10
666,15601,2019-05-31 10:00:00,15605,2019-05-31 12:00:00,SELL,1294.5,1296.2935714285713,1296.2935714285713,1291.8096428571428,0.1,-18.6357142857134,-179.35714285713402,-1.0,SL,2019Q2,2019,4
667,15606,2019-05-31 12:30:00,15606,2019-05-31 12:30:00,SELL,1295.92,1297.6739285714286,1297.6739285714286,1293.2891071428571,0.1,-18.239285714285597,-175.39285714285597,-1.0,SL,2019Q2,2019,0
668,15607,2019-05-31 13:00:00,15610,2019-05-31 14:30:00,SELL,1298.73,1295.7519642857144,1300.715357142857,1295.7519642857144,0.1,29.080357142856247,297.80357142856246,1.4148566463944372,TP,2019Q2,2019,3
669,15611,2019-05-31 15:00:00,15615,2019-05-31 17:00:00,SELL,1297.45,1299.7642857142857,1299.7642857142857,1293.9785714285715,0.1,-23.842857142856882,-231.42857142856883,-1.0,SL,2019Q2,2019,4
670,15616,2019-05-31 17:30:00,15616,2019-05-31 17:30:00,SELL,1299.72,1302.7007142857144,1302.7007142857144,1295.2489285714285,0.1,-30.507142857143844,-298.07142857143845,-1.0,SL,2019Q2,2019,0
671,15617,2019-05-31 18:00:00,15621,2019-05-31 20:00:00,SELL,1302.4,1305.7835714285716,1305.7835714285716,1297.3246428571429,0.1,-34.53571428571486,-338.3571428571486,-1.0,SL,2019Q2,2019,4
672,15622,2019-05-31 20:30:00,15632,2019-06-03 02:30:00,SELL,1305.61,1309.4071428571428,1309.4071428571428,1299.9142857142856,0.1,-38.671428571429445,-379.7142857142944,-1.0,SL,2019Q2,2019,10
673,15633,2019-06-03 03:00:00,15637,2019-06-03 05:00:00,SELL,1309.29,1311.8828571428571,1311.8828571428571,1305.4007142857145,0.1,-26.628571428571558,-259.2857142857156,-1.0,SL,2019Q2,2019,4
674,15638,2019-06-03 05:30:00,15648,2019-06-03 10:30:00,SELL,1311.94,1314.2125,1314.2125,1308.5312500000002,0.1,-23.425000000000363,-227.25000000000364,-1.0,SL,2019Q2,2019,10
675,15649,2019-06-03 11:00:00,15654,2019-06-03 13:30:00,SELL,1315.05,1317.3835714285713,1317.3835714285713,1311.5496428571428,0.1,-24.035714285713038,-233.35714285713038,-1.0,SL,2019Q2,2019,5
676,15655,2019-06-03 14:00:00,15661,2019-06-03 17:00:00,SELL,1316.45,1318.8414285714287,1318.8414285714287,1312.8628571428571,0.1,-24.61428571428605,-239.14285714286052,-1.0,SL,2019Q2,2019,6
677,15662,2019-06-03 17:30:00,15665,2019-06-03 19:00:00,SELL,1317.97,1321.110357142857,1321.110357142857,1313.2594642857143,0.1,-32.10357142857056,-314.0357142857056,-1.0,SL,2019Q2,2019,3
678,15666,2019-06-03 19:30:00,15668,2019-06-03 20:30:00,SELL,1320.8,1324.1182142857142,1324.1182142857142,1315.8226785714285,0.1,-33.88214285714248,-331.8214285714248,-1.0,SL,2019Q2,2019,2
679,15669,2019-06-03 21:00:00,15703,2019-06-04 15:00:00,SELL,1325.62,1320.2360714285712,1329.2092857142857,1320.2360714285712,0.1,53.139285714286686,538.3928571428669,1.4521764591059931,TP,2019Q2,2019,34
680,15738,2019-06-05 09:30:00,15738,2019-06-05 09:30:00,SELL,1331.22,1333.2042857142858,1333.2042857142858,1328.2435714285714,0.1,-20.54285714285761,-198.4285714285761,-1.0,SL,2019Q2,2019,0
681,15739,2019-06-05 10:00:00,15739,2019-06-05 10:00:00,SELL,1333.44,1335.645,1335.645,1330.1325,0.1,-22.74999999999927,-220.49999999999272,-1.0,SL,2019Q2,2019,0
682,15740,2019-06-05 10:30:00,15743,2019-06-05 12:00:00,SELL,1333.82,1336.0089285714287,1336.0089285714287,1330.536607142857,0.1,-22.589285714287325,-218.89285714287325,-1.0,SL,2019Q2,2019,3
683,15744,2019-06-05 12:30:00,15744,2019-06-05 12:30:00,SELL,1336.22,1338.8042857142857,1338.8042857142857,1332.3435714285713,0.1,-26.5428571428567,-258.428571428567,-1.0,SL,2019Q2,2019,0
684,15745,2019-06-05 13:00:00,15749,2019-06-05 15:00:00,SELL,1337.76,1340.5457142857144,1340.5457142857144,1333.5814285714284,0.1,-28.55714285714448,-278.5714285714448,-1.0,SL,2019Q2,2019,4
685,15750,2019-06-05 15:30:00,15753,2019-06-05 17:00:00,SELL,1342.02,1335.181607142857,1346.5789285714286,1335.181607142857,0.1,67.68392857142935,683.8392857142935,1.4621942751330919,TP,2019Q2,2019,3
686,15788,2019-06-06 11:30:00,15798,2019-06-06 16:30:00,SELL,1336.37,1333.2633928571427,1338.4410714285714,1333.2633928571427,0.1,30.366071428572287,310.66071428572286,1.4182652210175168,TP,2019Q2,2019,10
687,15843,2019-06-07 16:00:00,15843,2019-06-07 16:00:00,SELL,1340.91,1343.9839285714286,1343.9839285714286,1336.2991071428573,0.1,-31.43928571428496,-307.3928571428496,-1.0,SL,2019Q2,2019,0
688,15844,2019-06-07 16:30:00,15846,2019-06-07 17:30:00,SELL,1343.61,1347.0214285714285,1347.0214285714285,1338.4928571428572,0.1,-34.81428571428587,-341.1428571428587,-1.0,SL,2019Q2,2019,2
689,15847,2019-06-07 18:00:00,15859,2019-06-10 01:00:00,SELL,1344.9,1338.5469642857145,1349.1353571428572,1338.5469642857145,0.1,62.83035714285624,635.3035714285625,1.4593529655744497,TP,2019Q2,2019,12
690,15867,2019-06-10 05:00:00,15874,2019-06-10 08:30:00,BUY,1330.4,1327.1953571428571,1327.1953571428571,1335.2069642857143,0.1,-32.74642857142972,-320.46428571429715,-1.0,SL,2019Q2,2019,7
691,15875,2019-06-10 09:00:00,15922,2019-06-11 09:30:00,BUY,1327.15,1324.624642857143,1324.624642857143,1330.938035714286,0.1,-25.953571428570466,-252.53571428570467,-1.0,SL,2019Q2,2019,47
692,15923,2019-06-11 10:00:00,15924,2019-06-11 10:30:00,BUY,1325.34,1323.5121428571429,1323.5121428571429,1328.0817857142856,0.1,-18.978571428570557,-182.78571428570558,-1.0,SL,2019Q2,2019,1
693,15925,2019-06-11 11:00:00,15932,2019-06-11 14:30:00,BUY,1323.01,1320.8392857142858,1320.8392857142858,1326.2660714285714,0.1,-22.407142857142116,-217.07142857142117,-1.0,SL,2019Q2,2019,7
694,15933,2019-06-11 15:00:00,15935,2019-06-11 16:00:00,BUY,1320.63,1324.170535714286,1318.269642857143,1324.170535714286,0.1,34.70535714285852,354.0535714285852,1.427994121969232,TP,2019Q2,2019,2
695,15960,2019-06-12 05:30:00,15960,2019-06-12 05:30:00,SELL,1329.95,1331.3567857142857,1331.3567857142857,1327.8398214285714,0.1,-14.76785714285661,-140.6785714285661,-1.0,SL,2019Q2,2019,0
696,15961,2019-06-12 06:00:00,15961,2019-06-12 06:00:00,SELL,1332.12,1333.71,1333.71,1329.735,0.1,-16.600000000001454,-159.00000000001455,-1.0,SL,2019Q2,2019,0
697,15962,2019-06-12 06:30:00,15966,2019-06-12 08:30:00,SELL,1333.06,1334.7132142857142,1334.7132142857142,1330.5801785714284,0.1,-17.232142857142843,-165.32142857142844,-1.0,SL,2019Q2,2019,4
698,15967,2019-06-12 09:00:00,15967,2019-06-12 09:00:00,SELL,1335.0,1337.0207142857143,1337.0207142857143,1331.9689285714285,0.1,-20.90714285714348,-202.0714285714348,-1.0,SL,2019Q2,2019,0
699,15968,2019-06-12 09:30:00,15970,2019-06-12 10:30:00,SELL,1335.5,1337.6835714285714,1337.6835714285714,1332.224642857143,0.1,-22.535714285714402,-218.35714285714403,-1.0,SL,2019Q2,2019,2
700,15971,2019-06-12 11:00:00,15979,2019-06-12 15:00:00,SELL,1337.24,1333.4439285714286,1339.7707142857143,1333.4439285714286,0.1,37.260714285713945,379.6071428571395,1.4327107937379417,TP,2019Q2,2019,8
701,16006,2019-06-13 05:30:00,16018,2019-06-13 11:30:00,SELL,1337.0,1338.8353571428572,1338.8353571428572,1334.2469642857143,0.1,-19.053571428572194,-183.53571428572195,-1.0,SL,2019Q2,2019,12
702,16044,2019-06-14 01:30:00,16052,2019-06-14 05:30:00,SELL,1343.92,1346.5032142857144,1346.5032142857144,1340.0451785714286,0.1,-26.53214285714348,-258.3214285714348,-1.0,SL,2019Q2,2019,8
703,16053,2019-06-14 06:00:00,16059,2019-06-14 09:00:00,SELL,1346.79,1348.8932142857143,1348.8932142857143,1343.6351785714285,0.1,-21.732142857143298,-210.321428571433,-1.0,SL,2019Q2,2019,6
704,16060,2019-06-14 09:30:00,16060,2019-06-14 09:30:00,SELL,1352.25,1354.9982142857143,1354.9982142857143,1348.1276785714285,0.1,-28.182142857143116,-274.82142857143117,-1.0,SL,2019Q2,2019,0
705,16061,2019-06-14 10:00:00,16061,2019-06-14 10:00:00,SELL,1355.11,1358.1228571428571,1358.1228571428571,1350.5907142857143,0.1,-30.828571428572285,-301.28571428572286,-1.0,SL,2019Q2,2019,0
706,16062,2019-06-14 10:30:00,16072,2019-06-14 15:30:00,SELL,1355.92,1350.9925,1359.205,1350.9925,0.1,48.57500000000009,492.7500000000009,1.4478390461997672,TP,2019Q2,2019,10
707,16109,2019-06-17 11:00:00,16118,2019-06-17 15:30:00,BUY,1335.27,1340.0544642857142,1332.080357142857,1340.0544642857142,0.1,47.14464285714193,478.44642857141935,1.4463131368466837,TP,2019Q2,2019,9
708,16151,2019-06-18 09:00:00,16151,2019-06-18 09:00:00,SELL,1345.77,1347.6717857142858,1347.6717857142858,1342.9173214285715,0.1,-19.717857142857792,-190.17857142857792,-1.0,SL,2019Q2,2019,0
709,16152,2019-06-18 09:30:00,16161,2019-06-18 14:00:00,SELL,1346.69,1348.8167857142857,1348.8167857142857,1343.4998214285715,0.1,-21.967857142856882,-212.67857142856883,-1.0,SL,2019Q2,2019,9
710,16162,2019-06-18 14:30:00,16164,2019-06-18 15:30:00,SELL,1349.84,1353.092857142857,1353.092857142857,1344.9607142857142,0.1,-33.228571428570106,-325.28571428570103,-1.0,SL,2019Q2,2019,2
711,16165,2019-06-18 16:00:00,16166,2019-06-18 16:30:00,SELL,1351.61,1346.234107142857,1355.1939285714284,1346.234107142857,0.1,53.05892857142844,537.5892857142844,1.4521063434659667,TP,2019Q2,2019,1
712,16225,2019-06-19 23:00:00,16225,2019-06-19 23:00:00,SELL,1355.07,1359.4714285714285,1359.4714285714285,1348.4678571428572,0.1,-44.714285714285964,-440.1428571428596,-1.0,SL,2019Q2,2019,0
713,16226,2019-06-19 23:30:00,16232,2019-06-20 03:30:00,SELL,1360.14,1365.2432142857144,1365.2432142857144,1352.4851785714288,0.1,-51.7321428571433,-510.321428571433,-1.0,SL,2019Q2,2019,6
714,16233,2019-06-20 04:00:00,16233,2019-06-20 04:00:00,SELL,1371.28,1377.7867857142855,1377.7867857142855,1361.5198214285715,0.1,-65.7678571428557,-650.678571428557,-1.0,SL,2019Q2,2019,0
715,16234,2019-06-20 04:30:00,16263,2019-06-20 19:00:00,SELL,1379.86,1388.6864285714285,1388.6864285714285,1366.620357142857,0.1,-88.96428571428551,-882.6428571428551,-1.0,SL,2019Q2,2019,29
716,16264,2019-06-20 19:30:00,16265,2019-06-20 20:00:00,SELL,1385.46,1390.5600000000002,1390.5600000000002,1377.81,0.1,-51.70000000000137,-510.00000000001364,-1.0,SL,2019Q2,2019,1
717,16266,2019-06-20 20:30:00,16280,2019-06-21 04:30:00,SELL,1392.85,1398.3110714285713,1398.3110714285713,1384.6583928571426,0.1,-55.31071428571359,-546.1071428571358,-1.0,SL,2019Q2,2019,14
718,16281,2019-06-21 05:00:00,16281,2019-06-21 05:00:00,SELL,1404.42,1408.8492857142858,1408.8492857142858,1397.7760714285714,0.1,-44.99285714285698,-442.92857142856974,-1.0,SL,2019Q2,2019,0
719,16282,2019-06-21 05:30:00,16288,2019-06-21 08:30:00,SELL,1407.1,1399.4017857142856,1412.2321428571427,1399.4017857142856,0.1,76.28214285714357,769.8214285714357,1.4663600164767696,TP,2019Q2,2019,6
720,16320,2019-06-24 01:30:00,16320,2019-06-24 01:30:00,SELL,1404.93,1409.4707142857144,1409.4707142857144,1398.1189285714288,0.1,-46.1071428571433,-454.071428571433,-1.0,SL,2019Q2,2019,0
721,16321,2019-06-24 02:00:00,16325,2019-06-24 04:00:00,SELL,1405.15,1410.2875000000001,1410.2875000000001,1397.4437500000001,0.1,-52.07500000000046,-513.7500000000045,-1.0,SL,2019Q2,2019,4
722,16326,2019-06-24 04:30:00,16353,2019-06-24 18:00:00,SELL,1406.13,1411.0017857142857,1411.0017857142857,1398.8223214285715,0.1,-49.417857142855794,-487.1785714285579,-1.0,SL,2019Q2,2019,27
723,16354,2019-06-24 18:30:00,16364,2019-06-24 23:30:00,SELL,1417.12,1421.455,1421.455,1410.6175,0.1,-44.05000000000037,-433.50000000000364,-1.0,SL,2019Q2,2019,10
724,16365,2019-06-25 01:00:00,16366,2019-06-25 01:30:00,SELL,1419.38,1423.8457142857144,1423.8457142857144,1412.6814285714288,0.1,-45.35714285714285,-446.57142857142844,-1.0,SL,2019Q2,2019,1
725,16367,2019-06-25 02:00:00,16369,2019-06-25 03:00:00,SELL,1422.72,1427.5114285714285,1427.5114285714285,1415.5328571428572,0.1,-48.61428571428469,-479.1428571428469,-1.0,SL,2019Q2,2019,2
726,16370,2019-06-25 03:30:00,16375,2019-06-25 06:00:00,SELL,1427.73,1432.0575000000001,1432.0575000000001,1421.23875,0.1,-43.975000000001,-432.75000000001,-1.0,SL,2019Q2,2019,5
727,16376,2019-06-25 06:30:00,16376,2019-06-25 06:30:00,SELL,1430.25,1435.4764285714286,1435.4764285714286,1422.410357142857,0.1,-52.96428571428642,-522.6428571428642,-1.0,SL,2019Q2,2019,0
728,16377,2019-06-25 07:00:00,16380,2019-06-25 08:30:00,SELL,1436.12,1427.404464285714,1441.930357142857,1427.404464285714,0.1,86.45535714285806,871.5535714285807,1.4702399028241917,TP,2019Q2,2019,3
729,16421,2019-06-26 06:00:00,16437,2019-06-26 14:00:00,BUY,1407.49,1401.9025,1401.9025,1415.87125,0.1,-56.57500000000091,-558.7500000000091,-1.0,SL,2019Q2,2019,16
730,16439,2019-06-26 15:00:00,16439,2019-06-26 15:00:00,BUY,1403.66,1411.2087500000002,1398.6275,1411.2087500000002,0.1,74.78750000000154,754.8750000000155,1.4657030867222174,TP,2019Q2,2019,0
731,16508,2019-06-28 03:30:00,16509,2019-06-28 04:00:00,SELL,1415.3,1418.2710714285715,1418.2710714285715,1410.8433928571428,0.1,-30.410714285715766,-297.10714285715767,-1.0,SL,2019Q2,2019,1
732,16510,2019-06-28 04:30:00,16510,2019-06-28 04:30:00,SELL,1417.55,1420.8189285714286,1420.8189285714286,1412.646607142857,0.1,-33.3892857142866,-326.892857142866,-1.0,SL,2019Q2,2019,0
733,16511,2019-06-28 05:00:00,16518,2019-06-28 08:30:00,SELL,1422.25,1416.4626785714286,1426.1082142857144,1416.4626785714286,0.1,57.17321428571431,578.7321428571431,1.4554504954995346,TP,2019Q2,2019,7
734,16550,2019-07-01 01:30:00,16564,2019-07-01 08:30:00,BUY,1394.18,1388.8378571428573,1388.8378571428573,1402.1932142857145,0.1,-54.1214285714279,-534.214285714279,-1.0,SL,2019Q3,2019,14
735,16565,2019-07-01 09:00:00,16567,2019-07-01 10:00:00,BUY,1386.25,1382.1121428571428,1382.1121428571428,1392.4567857142856,0.1,-42.07857142857229,-413.78571428572286,-1.0,SL,2019Q3,2019,2
736,16568,2019-07-01 10:30:00,16575,2019-07-01 14:00:00,BUY,1385.11,1391.2717857142857,1381.0021428571429,1391.2717857142857,0.1,60.9178571428577,616.178571428577,1.4581124978629356,TP,2019Q3,2019,7
737,16591,2019-07-01 22:00:00,16603,2019-07-02 05:00:00,BUY,1384.09,1391.1421428571427,1379.3885714285714,1391.1421428571427,0.1,69.82142857142826,705.2142857142826,1.463323353293413,TP,2019Q3,2019,12
738,16631,2019-07-02 19:00:00,16632,2019-07-02 19:30:00,SELL,1403.5,1407.8232142857144,1407.8232142857144,1397.0151785714286,0.1,-43.932142857143575,-432.3214285714357,-1.0,SL,2019Q3,2019,1
739,16633,2019-07-02 20:00:00,16637,2019-07-02 22:00:00,SELL,1404.92,1409.709285714286,1409.709285714286,1397.7360714285714,0.1,-48.59285714285825,-478.9285714285825,-1.0,SL,2019Q3,2019,4
740,16638,2019-07-02 22:30:00,16640,2019-07-02 23:30:00,SELL,1412.7,1418.3785714285716,1418.3785714285716,1404.182142857143,0.1,-57.48571428571559,-567.8571428571558,-1.0,SL,2019Q3,2019,2
741,16641,2019-07-03 01:00:00,16641,2019-07-03 01:00:00,SELL,1421.61,1427.4878571428571,1427.4878571428571,1412.7932142857142,0.1,-59.47857142857238,-587.7857142857238,-1.0,SL,2019Q3,2019,0
742,16642,2019-07-03 01:30:00,16646,2019-07-03 03:30:00,SELL,1426.87,1434.3807142857142,1434.3807142857142,1415.6039285714285,0.1,-75.80714285714357,-751.0714285714357,-1.0,SL,2019Q3,2019,4
743,16647,2019-07-03 04:00:00,16650,2019-07-03 05:30:00,SELL,1434.34,1421.934464285714,1442.610357142857,1421.934464285714,0.1,123.35535714285861,1240.553571428586,1.4790176850940058,TP,2019Q3,2019,3
744,16663,2019-07-03 12:00:00,16669,2019-07-03 15:00:00,SELL,1424.89,1417.2753571428573,1429.9664285714287,1417.2753571428573,0.1,75.44642857142826,761.4642857142826,1.4659958362248435,TP,2019Q3,2019,6
745,16727,2019-07-05 02:00:00,16729,2019-07-05 03:00:00,SELL,1422.94,1418.1442857142858,1426.1371428571429,1418.1442857142858,0.1,47.257142857142114,479.57142857142117,1.4464363795365096,TP,2019Q3,2019,2
746,16755,2019-07-05 16:00:00,16755,2019-07-05 16:00:00,BUY,1401.04,1395.8821428571428,1395.8821428571428,1408.7767857142858,0.1,-52.27857142857211,-515.785714285721,-1.0,SL,2019Q3,2019,0
747,16756,2019-07-05 16:30:00,16756,2019-07-05 16:30:00,BUY,1393.34,1387.7557142857142,1387.7557142857142,1401.7164285714284,0.1,-56.542857142856704,-558.428571428567,-1.0,SL,2019Q3,2019,0
748,16757,2019-07-05 17:00:00,16760,2019-07-05 18:30:00,BUY,1389.5,1398.7442857142858,1383.337142857143,1398.7442857142858,0.1,91.74285714285752,924.4285714285752,1.4719229887692133,TP,2019Q3,2019,3
749,16772,2019-07-08 01:30:00,16785,2019-07-08 08:00:00,BUY,1394.9,1402.7766071428573,1389.6489285714288,1402.7766071428573,0.1,78.0660714285721,787.660714285721,1.4671118867038475,TP,2019Q3,2019,13
750,16807,2019-07-08 19:00:00,16822,2019-07-09 03:30:00,BUY,1394.89,1391.284642857143,1391.284642857143,1400.2980357142858,0.1,-36.753571428572016,-360.53571428572013,-1.0,SL,2019Q3,2019,15
751,16823,2019-07-09 04:00:00,16838,2019-07-09 11:30:00,BUY,1392.48,1389.275357142857,1389.275357142857,1397.2869642857142,0.1,-32.74642857142972,-320.46428571429715,-1.0,SL,2019Q3,2019,15
752,16839,2019-07-09 12:00:00,16844,2019-07-09 14:30:00,BUY,1387.71,1392.6133928571428,1384.4410714285716,1392.6133928571428,0.1,48.33392857142762,490.33928571427623,1.4475879773238096,TP,2019Q3,2019,5
753,16893,2019-07-10 16:00:00,16903,2019-07-10 21:00:00,SELL,1409.96,1415.0942857142857,1415.0942857142857,1402.2585714285715,0.1,-52.04285714285625,-513.4285714285625,-1.0,SL,2019Q3,2019,10
754,16906,2019-07-10 22:30:00,16913,2019-07-11 03:00:00,SELL,1416.85,1423.9546428571427,1423.9546428571427,1406.1930357142855,0.1,-71.74642857142835,-710.4642857142835,-1.0,SL,2019Q3,2019,7
755,16914,2019-07-11 03:30:00,16935,2019-07-11 14:00:00,SELL,1425.14,1419.0666071428573,1429.1889285714287,1419.0666071428573,0.1,60.03392857142835,607.3392857142835,1.457513222925491,TP,2019Q3,2019,21
756,16959,2019-07-12 03:00:00,16962,2019-07-12 04:30:00,BUY,1404.12,1409.53125,1400.5124999999998,1409.53125,0.1,53.41250000000109,541.1250000000109,1.4524133242692054,TP,2019Q3,2019,3
757,17002,2019-07-15 01:30:00,17003,2019-07-15 02:00:00,SELL,1418.62,1412.9676785714285,1422.3882142857142,1412.9676785714285,0.1,55.8232142857144,565.232142857144,1.454405880710896,TP,2019Q3,2019,1
758,17083,2019-07-16 19:00:00,17085,2019-07-16 20:00:00,BUY,1404.54,1410.6278571428572,1400.4814285714285,1410.6278571428572,0.1,60.17857142857274,608.7857142857274,1.4576124567474322,TP,2019Q3,2019,2
759,17109,2019-07-17 09:00:00,17114,2019-07-17 11:30:00,BUY,1404.35,1402.7299999999998,1402.7299999999998,1406.78,0.1,-16.90000000000118,-162.00000000001182,-1.0,SL,2019Q3,2019,5
760,17115,2019-07-17 12:00:00,17116,2019-07-17 12:30:00,BUY,1402.8,1400.840357142857,1400.840357142857,1405.7394642857141,0.1,-20.29642857142853,-195.96428571428532,-1.0,SL,2019Q3,2019,1
761,17117,2019-07-17 13:00:00,17120,2019-07-17 14:30:00,BUY,1401.42,1404.4028571428573,1399.4314285714286,1404.4028571428573,0.1,29.12857142857256,298.2857142857256,1.4149895905621128,TP,2019Q3,2019,3
762,17127,2019-07-17 18:00:00,17127,2019-07-17 18:00:00,SELL,1418.14,1422.5328571428572,1422.5328571428572,1411.5507142857143,0.1,-44.62857142857111,-439.28571428571104,-1.0,SL,2019Q3,2019,0
763,17128,2019-07-17 18:30:00,17139,2019-07-18 01:00:00,SELL,1423.06,1427.8621428571428,1427.8621428571428,1415.8567857142857,0.1,-48.72142857142826,-480.2142857142826,-1.0,SL,2019Q3,2019,11
764,17140,2019-07-18 01:30:00,17154,2019-07-18 08:30:00,SELL,1426.17,1419.9857142857143,1430.2928571428572,1419.9857142857143,0.1,61.14285714285806,618.4285714285807,1.4582623509369945,TP,2019Q3,2019,14
765,17180,2019-07-18 21:30:00,17181,2019-07-18 22:00:00,SELL,1433.93,1439.5325,1439.5325,1425.5262500000001,0.1,-56.72499999999964,-560.2499999999964,-1.0,SL,2019Q3,2019,1
766,17182,2019-07-18 22:30:00,17185,2019-07-19 01:00:00,SELL,1445.04,1451.2982142857143,1451.2982142857143,1435.6526785714284,0.1,-63.28214285714303,-625.8214285714303,-1.0,SL,2019Q3,2019,3
767,17186,2019-07-19 01:30:00,17218,2019-07-19 17:30:00,SELL,1440.21,1430.0528571428572,1446.9814285714288,1430.0528571428572,0.1,100.87142857142844,1015.7142857142844,1.4744205470870417,TP,2019Q3,2019,32
768,17283,2019-07-23 04:00:00,17283,2019-07-23 04:00:00,BUY,1421.27,1418.8292857142856,1418.8292857142856,1424.9310714285714,0.1,-25.107142857144208,-244.07142857144208,-1.0,SL,2019Q3,2019,0
769,17284,2019-07-23 04:30:00,17292,2019-07-23 08:30:00,BUY,1417.76,1414.8885714285714,1414.8885714285714,1422.067142857143,0.1,-29.414285714286233,-287.14285714286234,-1.0,SL,2019Q3,2019,8
770,17293,2019-07-23 09:00:00,17296,2019-07-23 10:30:00,BUY,1415.88,1419.7194642857144,1413.3203571428573,1419.7194642857144,0.1,37.69464285714257,383.9464285714257,1.4334510389787178,TP,2019Q3,2019,3
771,17347,2019-07-24 13:00:00,17354,2019-07-24 16:30:00,SELL,1426.43,1428.8589285714288,1428.8589285714288,1422.786607142857,0.1,-24.989285714287416,-242.89285714287416,-1.0,SL,2019Q3,2019,7
772,17397,2019-07-25 15:00:00,17398,2019-07-25 15:30:00,SELL,1431.4,1427.2616071428572,1434.1589285714288,1427.2616071428572,0.1,40.68392857142889,413.83928571428896,1.4381391238479608,TP,2019Q3,2019,1
773,17530,2019-07-30 12:30:00,17534,2019-07-30 14:30:00,SELL,1427.78,1429.91,1429.91,1424.585,0.1,-22.00000000000109,-213.0000000000109,-1.0,SL,2019Q3,2019,4
774,17556,2019-07-31 02:30:00,17560,2019-07-31 04:30:00,SELL,1430.6,1428.1748214285712,1432.2167857142856,1428.1748214285712,0.1,23.5517857142866,242.51785714286598,1.3962523819606847,TP,2019Q3,2019,4
775,17570,2019-07-31 09:30:00,17584,2019-07-31 16:30:00,SELL,1431.88,1433.6714285714286,1433.6714285714286,1429.1928571428573,0.1,-18.614285714284687,-179.14285714284688,-1.0,SL_AMBIGUOUS_PESSIMISTIC,2019Q3,2019,14
776,17610,2019-08-01 06:30:00,17616,2019-08-01 09:30:00,BUY,1410.58,1405.7789285714284,1405.7789285714284,1417.781607142857,0.1,-48.71071428571504,-480.1071428571504,-1.0,SL,2019Q3,2019,6
777,17617,2019-08-01 10:00:00,17619,2019-08-01 11:00:00,BUY,1406.24,1403.080357142857,1403.080357142857,1410.9794642857144,0.1,-32.29642857142899,-315.9642857142899,-1.0,SL,2019Q3,2019,2
778,17620,2019-08-01 11:30:00,17627,2019-08-01 15:00:00,BUY,1405.3,1402.75,1402.75,1409.125,0.1,-26.199999999999545,-254.99999999999545,-1.0,SL,2019Q3,2019,7
779,17628,2019-08-01 15:30:00,17631,2019-08-01 17:00:00,BUY,1403.5,1408.7023214285714,1400.0317857142857,1408.7023214285714,0.1,51.323214285713945,520.2321428571395,1.450540022206489,TP,2019Q3,2019,3
780,17639,2019-08-01 21:00:00,17645,2019-08-02 01:00:00,SELL,1438.36,1446.5649999999998,1446.5649999999998,1426.0524999999998,0.1,-82.74999999999928,-820.4999999999927,-1.0,SL,2019Q3,2019,6
781,17646,2019-08-02 01:30:00,17698,2019-08-05 04:30:00,SELL,1441.69,1450.7885714285715,1450.7885714285715,1428.0421428571428,0.1,-91.68571428571404,-909.8571428571404,-1.0,SL,2019Q3,2019,52
782,17699,2019-08-05 05:00:00,17701,2019-08-05 06:00:00,SELL,1449.05,1453.502857142857,1453.502857142857,1442.3707142857143,0.1,-45.22857142857056,-445.2857142857056,-1.0,SL,2019Q3,2019,2
783,17702,2019-08-05 06:30:00,17716,2019-08-05 13:30:00,SELL,1455.11,1460.6364285714285,1460.6364285714285,1446.8203571428571,0.1,-55.964285714285964,-552.6428571428596,-1.0,SL,2019Q3,2019,14
784,17717,2019-08-05 14:00:00,17719,2019-08-05 15:00:00,SELL,1458.3,1462.4410714285714,1462.4410714285714,1452.088392857143,0.1,-42.110714285714224,-414.1071428571422,-1.0,SL,2019Q3,2019,2
785,17720,2019-08-05 15:30:00,17722,2019-08-05 16:30:00,SELL,1461.59,1466.0921428571428,1466.0921428571428,1454.8367857142857,0.1,-45.72142857142872,-450.21428571428714,-1.0,SL,2019Q3,2019,2
786,17723,2019-08-05 17:00:00,17724,2019-08-05 17:30:00,SELL,1464.98,1469.4146428571428,1469.4146428571428,1458.3280357142858,0.1,-45.046428571427626,-443.46428571427623,-1.0,SL,2019Q3,2019,1
787,17725,2019-08-05 18:00:00,17725,2019-08-05 18:00:00,SELL,1466.16,1458.8217857142859,1471.0521428571428,1458.8217857142859,0.1,72.6821428571423,733.821428571423,1.4647329782640208,TP,2019Q3,2019,0
788,17738,2019-08-06 01:30:00,17744,2019-08-06 04:30:00,SELL,1472.39,1461.4116071428573,1479.7089285714287,1461.4116071428573,0.1,109.08392857142807,1097.8392857142808,1.4763159166706792,TP,2019Q3,2019,6
789,17772,2019-08-06 18:30:00,17786,2019-08-07 02:30:00,SELL,1472.46,1477.1464285714287,1477.1464285714287,1465.4303571428572,0.1,-47.56428571428678,-468.6428571428678,-1.0,SL,2019Q3,2019,14
790,17787,2019-08-07 03:00:00,17789,2019-08-07 04:00:00,SELL,1476.69,1480.1753571428571,1480.1753571428571,1471.4619642857144,0.1,-35.553571428570834,-348.5357142857083,-1.0,SL,2019Q3,2019,2
791,17790,2019-08-07 04:30:00,17790,2019-08-07 04:30:00,SELL,1483.51,1488.0635714285713,1488.0635714285713,1476.6796428571429,0.1,-46.235714285713314,-455.3571428571331,-1.0,SL,2019Q3,2019,0
792,17791,2019-08-07 05:00:00,17800,2019-08-07 09:30:00,SELL,1484.28,1489.3789285714286,1489.3789285714286,1476.631607142857,0.1,-51.68928571428587,-509.8928571428587,-1.0,SL,2019Q3,2019,9
793,17802,2019-08-07 10:30:00,17810,2019-08-07 14:30:00,SELL,1488.81,1494.7232142857142,1494.7232142857142,1479.9401785714285,0.1,-59.832142857142756,-591.3214285714275,-1.0,SL,2019Q3,2019,8
794,17811,2019-08-07 15:00:00,17814,2019-08-07 16:30:00,SELL,1494.86,1500.025357142857,1500.025357142857,1487.1119642857143,0.1,-52.35357142857147,-516.5357142857147,-1.0,SL,2019Q3,2019,3
795,17815,2019-08-07 17:00:00,17815,2019-08-07 17:00:00,SELL,1507.91,1497.682142857143,1514.7285714285715,1497.682142857143,0.1,101.57857142857146,1022.7857142857147,1.4745956034840315,TP,2019Q3,2019,0
796,17816,2019-08-07 17:30:00,17859,2019-08-08 16:00:00,SELL,1502.98,1491.4326785714286,1510.6782142857144,1491.4326785714286,0.1,114.77321428571422,1154.7321428571422,1.4774723001241177,TP,2019Q3,2019,43
797,17939,2019-08-12 10:00:00,17939,2019-08-12 10:00:00,BUY,1490.97,1488.1607142857142,1488.1607142857142,1495.1839285714286,0.1,-28.792857142858065,-280.92857142858065,-1.0,SL,2019Q3,2019,0
798,17940,2019-08-12 10:30:00,17941,2019-08-12 11:00:00,BUY,1488.85,1493.3146428571426,1485.8735714285713,1493.3146428571426,0.1,43.94642857142735,446.4642857142735,1.442555685814698,TP,2019Q3,2019,1
799,17974,2019-08-13 04:30:00,17983,2019-08-13 09:00:00,SELL,1516.25,1521.2310714285713,1521.2310714285713,1508.7783928571428,0.1,-50.510714285713405,-498.107142857134,-1.0,SL,2019Q3,2019,9
800,17984,2019-08-13 09:30:00,17986,2019-08-13 10:30:00,SELL,1522.99,1526.6703571428573,1526.6703571428573,1517.4694642857144,0.1,-37.50357142857247,-368.0357142857247,-1.0,SL,2019Q3,2019,2
801,17987,2019-08-13 11:00:00,17990,2019-08-13 12:30:00,SELL,1525.83,1529.9464285714284,1529.9464285714284,1519.655357142857,0.1,-41.864285714285145,-411.6428571428514,-1.0,SL,2019Q3,2019,3
802,17991,2019-08-13 13:00:00,17993,2019-08-13 14:00:00,SELL,1532.15,1525.5864285714285,1536.5257142857145,1525.5864285714285,0.1,64.93571428571549,656.3571428571549,1.460636246786633,TP,2019Q3,2019,2
803,17994,2019-08-13 14:30:00,17996,2019-08-13 15:30:00,SELL,1526.44,1518.6260714285715,1531.6492857142857,1518.6260714285715,0.1,77.43928571428505,781.3928571428505,1.4668515762413743,TP,2019Q3,2019,2
804,17999,2019-08-13 17:00:00,18000,2019-08-13 17:30:00,BUY,1486.33,1501.2217857142857,1476.4021428571427,1501.2217857142857,0.1,148.2178571428579,1489.1785714285788,1.4824962491962566,TP,2019Q3,2019,1
805,18020,2019-08-14 04:30:00,18037,2019-08-14 13:00:00,BUY,1496.79,1503.7730357142857,1492.1346428571428,1503.7730357142857,0.1,69.13035714285733,698.3035714285734,1.4629657622250773,TP,2019Q3,2019,17
806,18172,2019-08-19 11:30:00,18176,2019-08-19 13:30:00,BUY,1501.26,1497.3782142857144,1497.3782142857144,1507.0826785714285,0.1,-39.5178571428557,-388.178571428557,-1.0,SL,2019Q3,2019,4
807,18177,2019-08-19 14:00:00,18178,2019-08-19 14:30:00,BUY,1500.22,1496.1014285714286,1496.1014285714286,1506.397857142857,0.1,-41.88571428571386,-411.85714285713857,-1.0,SL,2019Q3,2019,1
808,18179,2019-08-19 15:00:00,18183,2019-08-19 17:00:00,BUY,1494.2,1501.43375,1489.3775,1501.43375,0.1,71.63749999999872,723.3749999999873,1.464230965763901,TP,2019Q3,2019,4
809,18193,2019-08-19 22:00:00,18217,2019-08-20 11:00:00,BUY,1495.33,1501.777857142857,1491.0314285714285,1501.777857142857,0.1,63.77857142857174,644.7857142857174,1.459941137998692,TP,2019Q3,2019,24
810,18224,2019-08-20 14:30:00,18227,2019-08-20 16:00:00,SELL,1507.42,1502.7287500000002,1510.5475000000001,1502.7287500000002,0.1,46.21249999999854,469.12499999998545,1.4452697419858562,TP,2019Q3,2019,3
811,18317,2019-08-22 15:00:00,18319,2019-08-22 16:00:00,BUY,1493.02,1498.0744642857144,1489.650357142857,1498.0744642857144,0.1,49.844642857144024,505.44642857144026,1.4491226248572329,TP,2019Q3,2019,2
812,18346,2019-08-23 06:30:00,18351,2019-08-23 09:00:00,BUY,1495.19,1493.4864285714286,1493.4864285714286,1497.745357142857,0.1,-17.73571428571422,-170.3571428571422,-1.0,SL,2019Q3,2019,5
813,18364,2019-08-23 15:30:00,18366,2019-08-23 16:30:00,SELL,1502.95,1505.7689285714287,1505.7689285714287,1498.721607142857,0.1,-28.889285714286142,-281.89285714286143,-1.0,SL,2019Q3,2019,2
814,18367,2019-08-23 17:00:00,18367,2019-08-23 17:00:00,SELL,1505.23,1508.7410714285716,1508.7410714285716,1499.963392857143,0.1,-35.810714285715406,-351.10714285715403,-1.0,SL,2019Q3,2019,0
815,18368,2019-08-23 17:30:00,18368,2019-08-23 17:30:00,SELL,1512.96,1517.4889285714287,1517.4889285714287,1506.1666071428572,0.1,-45.98928571428651,-452.89285714286507,-1.0,SL,2019Q3,2019,0
816,18369,2019-08-23 18:00:00,18369,2019-08-23 18:00:00,SELL,1519.06,1524.4214285714286,1524.4214285714286,1511.017857142857,0.1,-54.31428571428633,-536.1428571428632,-1.0,SL,2019Q3,2019,0
817,18370,2019-08-23 18:30:00,18381,2019-08-26 01:00:00,SELL,1525.56,1531.9082142857142,1531.9082142857142,1516.0376785714284,0.1,-64.18214285714221,-634.8214285714221,-1.0,SL,2019Q3,2019,11
818,18382,2019-08-26 01:30:00,18390,2019-08-26 05:30:00,SELL,1553.91,1540.7394642857143,1562.6903571428572,1540.7394642857143,0.1,131.00535714285735,1317.0535714285734,1.4802267866510634,TP,2019Q3,2019,8
819,18391,2019-08-26 06:00:00,18401,2019-08-26 11:00:00,SELL,1539.41,1527.125,1547.6000000000001,1527.125,0.1,122.15000000000082,1228.5000000000082,1.478813559322034,TP,2019Q3,2019,10
820,18461,2019-08-27 18:00:00,18461,2019-08-27 18:00:00,SELL,1538.08,1541.965,1541.965,1532.2525,0.1,-39.54999999999991,-388.4999999999991,-1.0,SL,2019Q3,2019,0
821,18462,2019-08-27 18:30:00,18482,2019-08-28 05:30:00,SELL,1541.78,1535.3514285714286,1546.0657142857142,1535.3514285714286,0.1,63.58571428571331,642.8571428571331,1.4598228927517212,TP,2019Q3,2019,20
822,18537,2019-08-29 10:00:00,18537,2019-08-29 10:00:00,SELL,1549.19,1544.3814285714286,1552.3957142857143,1544.3814285714286,0.1,47.3857142857144,480.857142857144,1.4465765372873964,TP,2019Q3,2019,0
823,18560,2019-08-29 21:30:00,18581,2019-08-30 09:00:00,BUY,1522.42,1532.5642857142857,1515.6571428571428,1532.5642857142857,0.1,100.74285714285615,1014.4285714285616,1.4743884591260386,TP,2019Q3,2019,21
824,18682,2019-09-03 17:30:00,18683,2019-09-03 18:00:00,SELL,1542.37,1547.5278571428569,1547.5278571428569,1534.6332142857143,0.1,-52.27857142856983,-515.7857142856983,-1.0,SL,2019Q3,2019,1
825,18684,2019-09-03 18:30:00,18711,2019-09-04 09:00:00,SELL,1546.23,1538.0110714285715,1551.7092857142857,1538.0110714285715,0.1,81.48928571428478,821.8928571428478,1.468464409833955,TP,2019Q3,2019,27
826,18734,2019-09-04 20:30:00,18734,2019-09-04 20:30:00,SELL,1551.08,1555.825357142857,1555.825357142857,1543.9619642857142,0.1,-48.15357142857074,-474.5357142857074,-1.0,SL,2019Q3,2019,0
827,18735,2019-09-04 21:00:00,18745,2019-09-05 03:00:00,SELL,1555.45,1547.7389285714287,1560.5907142857143,1547.7389285714287,0.1,76.41071428571358,771.1071428571358,1.4664153529814938,TP,2019Q3,2019,10
828,18773,2019-09-05 17:00:00,18773,2019-09-05 17:00:00,BUY,1525.89,1519.9060714285715,1519.9060714285715,1534.865892857143,0.1,-60.53928571428578,-598.3928571428578,-1.0,SL,2019Q3,2019,0
829,18774,2019-09-05 17:30:00,18804,2019-09-06 09:30:00,BUY,1514.17,1506.085,1506.085,1526.2975000000001,0.1,-81.55000000000037,-808.5000000000036,-1.0,SL,2019Q3,2019,30
830,18805,2019-09-06 10:00:00,18816,2019-09-06 15:30:00,BUY,1506.65,1513.7166071428574,1501.9389285714287,1513.7166071428574,0.1,69.96607142857265,706.6607142857265,1.4633973257638475,TP,2019Q3,2019,11
831,18867,2019-09-09 18:00:00,18870,2019-09-09 19:30:00,BUY,1499.05,1506.2998214285715,1494.2167857142856,1506.2998214285715,0.1,71.79821428571522,724.9821428571522,1.4643091266661814,TP,2019Q3,2019,3
832,18881,2019-09-10 02:00:00,18883,2019-09-10 03:00:00,BUY,1498.71,1495.0328571428572,1495.0328571428572,1504.2257142857143,0.1,-37.47142857142826,-367.7142857142826,-1.0,SL,2019Q3,2019,2
833,18884,2019-09-10 03:30:00,18884,2019-09-10 03:30:00,BUY,1496.46,1493.3314285714287,1493.3314285714287,1501.152857142857,0.1,-31.985714285713765,-312.85714285713766,-1.0,SL,2019Q3,2019,0
834,18885,2019-09-10 04:00:00,18885,2019-09-10 04:00:00,BUY,1493.32,1490.2471428571428,1490.2471428571428,1497.9292857142857,0.1,-31.42857142857174,-307.2857142857174,-1.0,SL,2019Q3,2019,0
835,18886,2019-09-10 04:30:00,18898,2019-09-10 10:30:00,BUY,1488.14,1493.6348214285715,1484.4767857142858,1493.6348214285715,0.1,54.24821428571413,549.4821428571413,1.4531235052138138,TP,2019Q3,2019,12
836,18991,2019-09-12 11:00:00,18998,2019-09-12 14:30:00,SELL,1502.79,1506.4253571428571,1506.4253571428571,1497.3369642857142,0.1,-37.05357142857174,-363.5357142857174,-1.0,SL,2019Q3,2019,7
837,18999,2019-09-12 15:00:00,18999,2019-09-12 15:00:00,SELL,1512.51,1517.1214285714286,1517.1214285714286,1505.5928571428572,0.1,-46.81428571428633,-461.14285714286325,-1.0,SL,2019Q3,2019,0
838,19000,2019-09-12 15:30:00,19000,2019-09-12 15:30:00,SELL,1517.2,1522.3460714285716,1522.3460714285716,1509.4808928571429,0.1,-52.160714285715315,-514.6071428571531,-1.0,SL,2019Q3,2019,0
839,19001,2019-09-12 16:00:00,19003,2019-09-12 17:00:00,SELL,1515.82,1506.9775,1521.715,1506.9775,0.1,87.72499999999972,884.2499999999973,1.4706621961441741,TP,2019Q3,2019,2
840,19190,2019-09-18 18:30:00,19195,2019-09-18 21:00:00,SELL,1509.12,1504.9735714285712,1511.8842857142856,1504.9735714285712,0.1,40.76428571428714,414.64285714287143,1.4382560483871372,TP,2019Q3,2019,5
841,19198,2019-09-18 22:30:00,19227,2019-09-19 14:00:00,BUY,1488.47,1498.9148214285715,1481.5067857142858,1498.9148214285715,0.1,103.74821428571458,1044.4821428571458,1.4751180622556397,TP,2019Q3,2019,29
842,19257,2019-09-20 06:00:00,19260,2019-09-20 07:30:00,SELL,1503.17,1505.1275,1505.1275,1500.23375,0.1,-20.274999999999817,-195.74999999999818,-1.0,SL,2019Q3,2019,3
843,19261,2019-09-20 08:00:00,19263,2019-09-20 09:00:00,SELL,1504.48,1506.3185714285714,1506.3185714285714,1501.722142857143,0.1,-19.08571428571413,-183.8571428571413,-1.0,SL,2019Q3,2019,2
844,19264,2019-09-20 09:30:00,19274,2019-09-20 14:30:00,SELL,1505.86,1502.6087499999999,1508.0275,1502.6087499999999,0.1,31.812500000000274,325.12500000000273,1.4217877094972073,TP,2019Q3,2019,10
845,19288,2019-09-20 21:30:00,19290,2019-09-20 22:30:00,SELL,1512.38,1517.0600000000002,1517.0600000000002,1505.3600000000001,0.1,-47.50000000000064,-468.00000000000637,-1.0,SL,2019Q3,2019,2
846,19291,2019-09-20 23:00:00,19314,2019-09-23 11:30:00,SELL,1516.2,1520.7910714285715,1520.7910714285715,1509.3133928571428,0.1,-46.61071428571468,-459.10714285714675,-1.0,SL,2019Q3,2019,23
847,19315,2019-09-23 12:00:00,19325,2019-09-23 17:00:00,SELL,1520.55,1523.7375,1523.7375,1515.76875,0.1,-32.575,-318.75,-1.0,SL,2019Q3,2019,10
848,19326,2019-09-23 17:30:00,19369,2019-09-24 16:00:00,SELL,1523.46,1517.6180357142857,1527.3546428571428,1517.6180357142857,0.1,57.719642857143114,584.1964285714312,1.4558598324475551,TP,2019Q3,2019,43
849,19377,2019-09-24 20:00:00,19379,2019-09-24 21:00:00,SELL,1534.02,1526.236607142857,1539.2089285714285,1526.236607142857,0.1,77.13392857142871,778.3392857142871,1.46672325976233,TP,2019Q3,2019,2
850,19419,2019-09-25 18:00:00,19420,2019-09-25 18:30:00,BUY,1518.02,1513.3335714285715,1513.3335714285715,1525.0496428571428,0.1,-47.56428571428451,-468.64285714284506,-1.0,SL,2019Q3,2019,1
851,19421,2019-09-25 19:00:00,19421,2019-09-25 19:00:00,BUY,1508.47,1502.7110714285716,1502.7110714285716,1517.108392857143,0.1,-58.28928571428442,-575.8928571428442,-1.0,SL,2019Q3,2019,0
852,19422,2019-09-25 19:30:00,19494,2019-09-27 09:30:00,BUY,1505.28,1498.7410714285716,1498.7410714285716,1515.0883928571427,0.1,-66.08928571428415,-653.8928571428414,-1.0,SL,2019Q3,2019,72
853,19495,2019-09-27 10:00:00,19500,2019-09-27 12:30:00,BUY,1497.91,1495.1007142857143,1495.1007142857143,1502.1239285714287,0.1,-28.792857142858065,-280.92857142858065,-1.0,SL,2019Q3,2019,5
854,19501,2019-09-27 13:00:00,19502,2019-09-27 13:30:00,BUY,1494.19,1490.8664285714285,1490.8664285714285,1499.1753571428571,0.1,-33.935714285715406,-332.35714285715403,-1.0,SL,2019Q3,2019,1
855,19503,2019-09-27 14:00:00,19507,2019-09-27 16:00:00,BUY,1492.73,1488.98,1488.98,1498.355,0.1,-38.2,-375.0,-1.0,SL,2019Q3,2019,4
856,19508,2019-09-27 16:30:00,19512,2019-09-27 18:30:00,BUY,1489.11,1497.0798214285712,1483.7967857142855,1497.0798214285712,0.1,78.99821428571322,796.9821428571322,1.467491541166282,TP,2019Q3,2019,4
857,19533,2019-09-30 06:00:00,19539,2019-09-30 09:00:00,BUY,1492.03,1488.8832142857143,1488.8832142857143,1496.7501785714285,0.1,-32.167857142856704,-314.678571428567,-1.0,SL,2019Q3,2019,6
858,19540,2019-09-30 09:30:00,19541,2019-09-30 10:00:00,BUY,1489.84,1494.1792857142857,1486.9471428571428,1494.1792857142857,0.1,42.69285714285779,433.9285714285779,1.4409353905497002,TP,2019Q3,2019,1
859,19544,2019-09-30 11:30:00,19550,2019-09-30 14:30:00,BUY,1488.55,1484.9725,1484.9725,1493.91625,0.1,-36.47499999999873,-357.74999999998727,-1.0,SL,2019Q3,2019,6
860,19551,2019-09-30 15:00:00,19556,2019-09-30 17:30:00,BUY,1484.61,1480.3821428571428,1480.3821428571428,1490.9517857142855,0.1,-42.97857142857147,-422.7857142857147,-1.0,SL,2019Q3,2019,5
861,19557,2019-09-30 18:00:00,19557,2019-09-30 18:00:00,BUY,1480.9,1475.9628571428573,1475.9628571428573,1488.3057142857144,0.1,-50.07142857142817,-493.7142857142817,-1.0,SL,2019Q3,2019,0
862,19558,2019-09-30 18:30:00,19562,2019-09-30 20:30:00,BUY,1470.41,1464.5578571428573,1464.5578571428573,1479.1882142857144,0.1,-59.22142857142781,-585.214285714278,-1.0,SL,2019Q3,2019,4
863,19563,2019-09-30 21:00:00,19585,2019-10-01 09:00:00,BUY,1468.99,1461.6571428571428,1461.6571428571428,1479.9892857142856,0.1,-74.02857142857165,-733.2857142857165,-1.0,SL,2019Q3,2019,22
864,19586,2019-10-01 09:30:00,19592,2019-10-01 12:30:00,BUY,1462.14,1467.5480357142858,1458.534642857143,1467.5480357142858,0.1,53.38035714285688,540.8035714285688,1.4523855796326584,TP,2019Q4,2019,6
865,19645,2019-10-02 16:00:00,19645,2019-10-02 16:00:00,SELL,1492.32,1497.8775,1497.8775,1483.9837499999999,0.1,-56.275000000001185,-555.7500000000118,-1.0,SL,2019Q4,2019,0
866,19646,2019-10-02 16:30:00,19649,2019-10-02 18:00:00,SELL,1493.06,1498.8671428571429,1498.8671428571429,1484.3492857142855,0.1,-58.771428571429354,-580.7142857142935,-1.0,SL,2019Q4,2019,3
867,19650,2019-10-02 18:30:00,19693,2019-10-03 17:00:00,SELL,1499.8,1506.1953571428571,1506.1953571428571,1490.206964285714,0.1,-64.65357142857165,-639.5357142857165,-1.0,SL,2019Q4,2019,43
868,19694,2019-10-03 17:30:00,19736,2019-10-04 15:30:00,SELL,1511.55,1502.202857142857,1517.7814285714285,1502.202857142857,0.1,92.77142857142898,934.7142857142899,1.4722285196100835,TP,2019Q4,2019,42
869,19793,2019-10-07 21:00:00,19820,2019-10-08 11:30:00,BUY,1491.77,1499.2544642857142,1486.7803571428572,1499.2544642857142,0.1,74.14464285714239,748.4464285714239,1.4654125785275638,TP,2019Q4,2019,27
870,19826,2019-10-08 14:30:00,19836,2019-10-08 19:30:00,SELL,1506.12,1500.4789285714285,1509.8807142857142,1500.4789285714285,0.1,55.71071428571422,564.1071428571422,1.4543166138355108,TP,2019Q4,2019,10
871,19863,2019-10-09 10:00:00,19863,2019-10-09 10:00:00,SELL,1508.12,1510.4460714285713,1510.4460714285713,1504.6308928571427,0.1,-23.960714285713674,-232.60714285713675,-1.0,SL,2019Q4,2019,0
872,19864,2019-10-09 10:30:00,19866,2019-10-09 11:30:00,SELL,1509.13,1505.5476785714288,1511.5182142857143,1505.5476785714288,0.1,35.12321428571276,358.23214285712766,1.428810111869821,TP,2019Q4,2019,2
873,19923,2019-10-10 17:00:00,19956,2019-10-11 10:30:00,BUY,1494.78,1502.8317857142856,1489.4121428571427,1502.8317857142856,0.1,79.81785714285643,805.1785714285643,1.4678182057007336,TP,2019Q4,2019,33
874,19965,2019-10-11 15:00:00,19969,2019-10-11 17:00:00,BUY,1482.92,1477.5853571428572,1477.5853571428572,1490.9219642857142,0.1,-54.046428571428535,-533.4642857142853,-1.0,SL,2019Q4,2019,4
875,19970,2019-10-11 17:30:00,19974,2019-10-11 19:30:00,BUY,1475.94,1486.1999999999998,1469.1000000000001,1486.1999999999998,0.1,101.89999999999763,1025.9999999999764,1.474674384949332,TP,2019Q4,2019,4
876,20008,2019-10-14 13:30:00,20013,2019-10-14 16:00:00,SELL,1495.43,1490.849642857143,1498.4835714285716,1490.849642857143,0.1,45.1035714285711,458.03571428571104,1.44397438829172,TP,2019Q4,2019,5
877,20063,2019-10-15 18:00:00,20104,2019-10-16 15:30:00,BUY,1479.37,1486.6551785714285,1474.5132142857142,1486.6551785714285,0.1,72.1517857142856,728.517857142856,1.4644798840159476,TP,2019Q4,2019,41
878,20264,2019-10-22 03:30:00,20275,2019-10-22 09:00:00,BUY,1482.35,1485.75875,1480.0774999999999,1485.75875,0.1,33.38750000000054,340.87500000000546,1.4252934898612604,TP,2019Q4,2019,11
879,20325,2019-10-23 11:00:00,20326,2019-10-23 11:30:00,SELL,1492.66,1494.655,1494.655,1489.6675000000002,0.1,-20.649999999998908,-199.4999999999891,-1.0,SL,2019Q4,2019,1
880,20327,2019-10-23 12:00:00,20330,2019-10-23 13:30:00,SELL,1494.6,1491.5030357142857,1496.6646428571428,1491.5030357142857,0.1,30.269642857141935,309.69642857141935,1.4180190731135496,TP,2019Q4,2019,3
881,20383,2019-10-24 17:00:00,20384,2019-10-24 17:30:00,SELL,1498.86,1502.3774999999998,1502.3774999999998,1493.58375,0.1,-35.874999999999275,-351.7499999999927,-1.0,SL,2019Q4,2019,1
882,20385,2019-10-24 18:00:00,20413,2019-10-25 09:00:00,SELL,1502.34,1505.9067857142857,1505.9067857142857,1496.9898214285713,0.1,-36.36785714285743,-356.6785714285743,-1.0,SL,2019Q4,2019,28
883,20414,2019-10-25 09:30:00,20423,2019-10-25 14:00:00,SELL,1505.92,1507.609642857143,1507.609642857143,1503.3855357142859,0.1,-17.596428571428714,-168.96428571428714,-1.0,SL,2019Q4,2019,9
884,20424,2019-10-25 14:30:00,20424,2019-10-25 14:30:00,SELL,1507.28,1509.8557142857144,1509.8557142857144,1503.4164285714285,0.1,-26.457142857144117,-257.5714285714412,-1.0,SL,2019Q4,2019,0
885,20425,2019-10-25 15:00:00,20425,2019-10-25 15:00:00,SELL,1508.94,1511.7417857142857,1511.7417857142857,1504.7373214285715,0.1,-28.717857142856428,-280.1785714285643,-1.0,SL,2019Q4,2019,0
886,20426,2019-10-25 15:30:00,20427,2019-10-25 16:00:00,SELL,1512.47,1515.6039285714287,1515.6039285714287,1507.7691071428571,0.1,-32.03928571428669,-313.3928571428669,-1.0,SL,2019Q4,2019,1
887,20428,2019-10-25 16:30:00,20431,2019-10-25 18:00:00,SELL,1515.33,1510.370357142857,1518.6364285714285,1510.370357142857,0.1,48.89642857142853,495.9642857142853,1.448170086735773,TP,2019Q4,2019,3
888,20473,2019-10-28 15:00:00,20474,2019-10-28 15:30:00,BUY,1498.16,1495.025,1495.025,1502.8625,0.1,-32.04999999999991,-313.4999999999991,-1.0,SL,2019Q4,2019,1
889,20475,2019-10-28 16:00:00,20514,2019-10-29 12:30:00,BUY,1492.43,1488.4817857142857,1488.4817857142857,1498.3523214285715,0.1,-40.182142857143575,-394.8214285714357,-1.0,SL,2019Q4,2019,39
890,20515,2019-10-29 13:00:00,20520,2019-10-29 15:30:00,BUY,1487.03,1484.5035714285714,1484.5035714285714,1490.8196428571428,0.1,-25.96428571428596,-252.6428571428596,-1.0,SL,2019Q4,2019,5
891,20597,2019-10-31 08:00:00,20600,2019-10-31 09:30:00,SELL,1498.18,1500.0689285714286,1500.0689285714286,1495.3466071428572,0.1,-19.589285714285506,-188.89285714285506,-1.0,SL,2019Q4,2019,3
892,20601,2019-10-31 10:00:00,20603,2019-10-31 11:00:00,SELL,1500.16,1502.224642857143,1502.224642857143,1497.063035714286,0.1,-21.346428571428714,-206.46428571428714,-1.0,SL,2019Q4,2019,2
893,20604,2019-10-31 11:30:00,20607,2019-10-31 13:00:00,SELL,1504.88,1507.0389285714286,1507.0389285714286,1501.6416071428573,0.1,-22.289285714285324,-215.89285714285325,-1.0,SL,2019Q4,2019,3
894,20608,2019-10-31 13:30:00,20610,2019-10-31 14:30:00,SELL,1506.48,1508.9935714285716,1508.9935714285716,1502.7096428571429,0.1,-25.835714285715948,-251.3571428571595,-1.0,SL,2019Q4,2019,2
895,20611,2019-10-31 15:00:00,20612,2019-10-31 15:30:00,SELL,1508.22,1511.2821428571428,1511.2821428571428,1503.6267857142857,0.1,-31.321428571428168,-306.2142857142817,-1.0,SL,2019Q4,2019,1
896,20613,2019-10-31 16:00:00,20656,2019-11-01 14:30:00,SELL,1511.72,1506.05,1515.5,1506.05,0.1,56.000000000000725,567.0000000000073,1.4545454545454837,TP,2019Q4,2019,43
897,20734,2019-11-05 08:30:00,20735,2019-11-05 09:00:00,BUY,1504.17,1507.2589285714284,1502.1107142857145,1507.2589285714284,0.1,30.189285714283688,308.8928571428369,1.417812814491776,TP,2019Q4,2019,1
898,20748,2019-11-05 15:30:00,20748,2019-11-05 15:30:00,BUY,1497.06,1493.4578571428572,1493.4578571428572,1502.4632142857142,0.1,-36.72142857142781,-360.21428571427805,-1.0,SL,2019Q4,2019,0
899,20749,2019-11-05 16:00:00,20751,2019-11-05 17:00:00,BUY,1491.74,1487.5700000000002,1487.5700000000002,1497.995,0.1,-42.39999999999846,-416.99999999998454,-1.0,SL,2019Q4,2019,2
900,20752,2019-11-05 17:30:00,20754,2019-11-05 18:30:00,BUY,1487.27,1482.56,1482.56,1494.335,0.1,-47.80000000000037,-471.00000000000364,-1.0,SL,2019Q4,2019,2
901,20755,2019-11-05 19:00:00,20794,2019-11-06 15:30:00,BUY,1481.65,1489.2791071428571,1476.5639285714287,1489.2791071428571,0.1,75.59107142857037,762.9107142857038,1.4660594306296315,TP,2019Q4,2019,39
902,20828,2019-11-07 09:30:00,20833,2019-11-07 12:00:00,BUY,1485.99,1484.0067857142858,1484.0067857142858,1488.9648214285714,0.1,-20.532142857142116,-198.32142857142117,-1.0,SL,2019Q4,2019,5
903,20834,2019-11-07 12:30:00,20841,2019-11-07 16:00:00,BUY,1483.55,1487.6,1480.85,1487.6,0.1,39.79999999999954,404.99999999999545,1.4368231046931008,TP,2019Q4,2019,7
904,20845,2019-11-07 18:00:00,20846,2019-11-07 18:30:00,BUY,1469.84,1464.3617857142856,1464.3617857142856,1478.0573214285714,0.1,-55.4821428571433,-547.821428571433,-1.0,SL,2019Q4,2019,1
905,20847,2019-11-07 19:00:00,20873,2019-11-08 09:00:00,BUY,1461.53,1470.9542857142858,1455.2471428571428,1470.9542857142858,0.1,93.54285714285815,942.4285714285816,1.4724533393298855,TP,2019Q4,2019,26
906,20874,2019-11-08 09:30:00,20875,2019-11-08 10:00:00,BUY,1469.36,1472.81375,1467.0575,1472.81375,0.1,33.83750000000127,345.37500000001273,1.4262381454162758,TP,2019Q4,2019,1
907,20878,2019-11-08 11:30:00,20881,2019-11-08 13:00:00,BUY,1467.71,1465.0742857142857,1465.0742857142857,1471.6635714285715,0.1,-27.05714285714357,-263.5714285714357,-1.0,SL,2019Q4,2019,3
908,20882,2019-11-08 13:30:00,20883,2019-11-08 14:00:00,BUY,1463.48,1460.129642857143,1460.129642857143,1468.5055357142858,0.1,-34.203571428570925,-335.0357142857092,-1.0,SL,2019Q4,2019,1
909,20884,2019-11-08 14:30:00,20888,2019-11-08 16:30:00,BUY,1457.8,1463.93125,1453.7124999999999,1463.93125,0.1,60.61250000000136,613.1250000000136,1.4579073962717988,TP,2019Q4,2019,4
910,20903,2019-11-11 01:00:00,20920,2019-11-11 09:30:00,BUY,1459.52,1464.527857142857,1456.1814285714286,1464.527857142857,0.1,49.37857142857119,500.78571428571195,1.4486588432523047,TP,2019Q4,2019,17
911,20936,2019-11-11 17:30:00,20936,2019-11-11 17:30:00,BUY,1453.05,1449.8700000000001,1449.8700000000001,1457.82,0.1,-32.499999999998366,-317.99999999998363,-1.0,SL,2019Q4,2019,0
912,20937,2019-11-11 18:00:00,20937,2019-11-11 18:00:00,BUY,1449.17,1454.4333928571427,1445.6610714285716,1454.4333928571427,0.1,51.93392857142662,526.3392857142662,1.451102684362836,TP,2019Q4,2019,0
913,20953,2019-11-12 03:00:00,20962,2019-11-12 07:30:00,BUY,1455.53,1453.7664285714286,1453.7664285714286,1458.1753571428571,0.1,-18.335714285713674,-176.35714285713675,-1.0,SL,2019Q4,2019,9
914,20963,2019-11-12 08:00:00,20963,2019-11-12 08:00:00,BUY,1452.75,1450.9125,1450.9125,1455.50625,0.1,-19.07500000000091,-183.7500000000091,-1.0,SL,2019Q4,2019,0
915,20964,2019-11-12 08:30:00,20967,2019-11-12 10:00:00,BUY,1449.73,1453.1017857142858,1447.482142857143,1453.1017857142858,0.1,33.01785714285806,337.17857142858065,1.4244992295840238,TP,2019Q4,2019,3
916,20968,2019-11-12 10:30:00,20970,2019-11-12 11:30:00,BUY,1451.1,1455.5164285714286,1448.155714285714,1455.5164285714286,0.1,43.46428571428696,441.6428571428696,1.441943127962087,TP,2019Q4,2019,2
917,21009,2019-11-13 08:00:00,21009,2019-11-13 08:00:00,SELL,1461.2,1463.1114285714286,1463.1114285714286,1458.3328571428572,0.1,-19.81428571428587,-191.1428571428587,-1.0,SL,2019Q4,2019,0
918,21010,2019-11-13 08:30:00,21013,2019-11-13 10:00:00,SELL,1462.07,1459.2012499999998,1463.9824999999998,1459.2012499999998,0.1,27.98750000000091,286.8750000000091,1.4117276166457602,TP,2019Q4,2019,3
919,21016,2019-11-13 11:30:00,21016,2019-11-13 11:30:00,SELL,1463.62,1466.167857142857,1466.167857142857,1459.7982142857143,0.1,-26.17857142857083,-254.7857142857083,-1.0,SL,2019Q4,2019,0
920,21017,2019-11-13 12:00:00,21025,2019-11-13 16:00:00,SELL,1465.78,1461.5708928571428,1468.5860714285714,1461.5708928571428,0.1,41.39107142857192,420.9107142857192,1.4391531106420354,TP,2019Q4,2019,8
921,21060,2019-11-14 10:30:00,21060,2019-11-14 10:30:00,SELL,1468.34,1470.5739285714285,1470.5739285714285,1464.989107142857,0.1,-23.03928571428578,-223.3928571428578,-1.0,SL,2019Q4,2019,0
922,21061,2019-11-14 11:00:00,21073,2019-11-14 17:00:00,SELL,1469.56,1466.006607142857,1471.9289285714285,1466.006607142857,0.1,34.83392857142853,355.3392857142853,1.428247181139259,TP,2019Q4,2019,12
923,21077,2019-11-14 19:00:00,21090,2019-11-15 02:30:00,SELL,1473.27,1467.9117857142858,1476.8421428571428,1467.9117857142858,0.1,52.882142857142114,535.8214285714212,1.4519513630123546,TP,2019Q4,2019,13
924,21152,2019-11-18 10:30:00,21154,2019-11-18 11:30:00,BUY,1460.6,1458.4539285714286,1458.4539285714286,1463.819107142857,0.1,-22.160714285713038,-214.60714285713038,-1.0,SL,2019Q4,2019,2
925,21155,2019-11-18 12:00:00,21161,2019-11-18 15:00:00,BUY,1458.6,1462.1774999999998,1456.215,1462.1774999999998,0.1,35.074999999998724,357.74999999998727,1.4287169042769392,TP,2019Q4,2019,6
926,21182,2019-11-19 02:30:00,21182,2019-11-19 02:30:00,SELL,1473.15,1475.0517857142859,1475.0517857142859,1470.2973214285714,0.1,-19.717857142857792,-190.17857142857792,-1.0,SL,2019Q4,2019,0
927,21183,2019-11-19 03:00:00,21185,2019-11-19 04:00:00,SELL,1472.78,1469.8823214285715,1474.7117857142857,1469.8823214285715,0.1,28.276785714285143,289.7678571428514,1.4125780553077059,TP,2019Q4,2019,2
928,21243,2019-11-20 10:00:00,21250,2019-11-20 13:30:00,SELL,1477.66,1474.080892857143,1480.0460714285716,1474.080892857143,0.1,35.09107142857083,357.9107142857083,1.4287480005815596,TP,2019Q4,2019,7
929,21364,2019-11-25 01:30:00,21381,2019-11-25 10:00:00,BUY,1459.97,1457.3353571428572,1457.3353571428572,1463.9219642857142,0.1,-27.046428571428077,-263.4642857142808,-1.0,SL,2019Q4,2019,17
930,21382,2019-11-25 10:30:00,21382,2019-11-25 10:30:00,BUY,1458.56,1456.7364285714284,1456.7364285714284,1461.2953571428573,0.1,-18.935714285715402,-182.35714285715403,-1.0,SL,2019Q4,2019,0
931,21383,2019-11-25 11:00:00,21391,2019-11-25 15:00:00,BUY,1458.13,1456.2475,1456.2475,1460.9537500000004,0.1,-19.525000000001636,-188.25000000001637,-1.0,SL,2019Q4,2019,8
932,21410,2019-11-26 01:30:00,21414,2019-11-26 03:30:00,BUY,1454.47,1452.3839285714284,1452.3839285714284,1457.5991071428573,0.1,-21.560714285715857,-208.60714285715858,-1.0,SL,2019Q4,2019,4
933,21415,2019-11-26 04:00:00,21423,2019-11-26 08:00:00,BUY,1453.75,1456.4403571428572,1451.9564285714287,1456.4403571428572,0.1,26.203571428572378,269.03571428572377,1.4060942889997343,TP,2019Q4,2019,8
934,21575,2019-11-29 19:00:00,21586,2019-12-02 04:30:00,SELL,1464.02,1459.6325,1466.945,1459.6325,0.1,43.17500000000045,438.75000000000455,1.441569282136932,TP,2019Q4,2019,11
935,21598,2019-12-02 10:30:00,21603,2019-12-02 13:00:00,BUY,1455.5,1458.0007142857141,1453.8328571428572,1458.0007142857141,0.1,24.30714285714139,250.0714285714139,1.399259868420986,TP,2019Q4,2019,5
936,21647,2019-12-03 12:00:00,21647,2019-12-03 12:00:00,SELL,1466.04,1467.9235714285714,1467.9235714285714,1463.2146428571427,0.1,-19.535714285714857,-188.35714285714857,-1.0,SL,2019Q4,2019,0
937,21648,2019-12-03 12:30:00,21653,2019-12-03 15:00:00,SELL,1470.13,1472.4989285714287,1472.4989285714287,1466.5766071428573,0.1,-24.389285714285688,-236.89285714285688,-1.0,SL,2019Q4,2019,5
938,21654,2019-12-03 15:30:00,21655,2019-12-03 16:00:00,SELL,1472.71,1476.115,1476.115,1467.6025,0.1,-34.74999999999973,-340.49999999999727,-1.0,SL,2019Q4,2019,1
939,21656,2019-12-03 16:30:00,21656,2019-12-03 16:30:00,SELL,1476.14,1479.8953571428572,1479.8953571428572,1470.5069642857143,0.1,-38.25357142857065,-375.5357142857065,-1.0,SL,2019Q4,2019,0
940,21657,2019-12-03 17:00:00,21687,2019-12-04 09:00:00,SELL,1478.16,1482.45,1482.45,1471.7250000000001,0.1,-43.59999999999964,-428.99999999999636,-1.0,SL,2019Q4,2019,30
941,21688,2019-12-04 09:30:00,21691,2019-12-04 11:00:00,SELL,1483.44,1480.4683928571428,1485.4210714285714,1480.4683928571428,0.1,29.016071428572378,297.16071428572377,1.4146787393349496,TP,2019Q4,2019,3
942,21778,2019-12-06 08:30:00,21778,2019-12-06 08:30:00,BUY,1472.85,1471.4539285714286,1471.4539285714286,1474.9441071428569,0.1,-14.660714285713038,-139.60714285713038,-1.0,SL,2019Q4,2019,0
943,21779,2019-12-06 09:00:00,21783,2019-12-06 11:00:00,BUY,1472.7,1474.9291071428572,1471.2139285714286,1474.9291071428572,0.1,21.59107142857174,222.9107142857174,1.3875372963047985,TP,2019Q4,2019,4
944,21793,2019-12-06 16:00:00,21793,2019-12-06 16:00:00,BUY,1468.08,1464.6567857142857,1464.6567857142857,1473.2148214285714,0.1,-34.932142857142665,-342.3214285714266,-1.0,SL,2019Q4,2019,0
945,21794,2019-12-06 16:30:00,21797,2019-12-06 18:00:00,BUY,1462.68,1458.684642857143,1458.684642857143,1468.6730357142858,0.1,-40.65357142857074,-399.5357142857074,-1.0,SL,2019Q4,2019,3
946,21798,2019-12-06 18:30:00,21879,2019-12-10 13:00:00,BUY,1459.61,1466.4692857142857,1455.0371428571427,1466.4692857142857,0.1,67.89285714285761,685.9285714285761,1.4623076923076923,TP,2019Q4,2019,81
947,21880,2019-12-10 13:30:00,21884,2019-12-10 15:30:00,SELL,1466.84,1463.92625,1468.7824999999998,1463.92625,0.1,28.437499999999364,291.37499999999363,1.4130434782609211,TP,2019Q4,2019,4
948,21936,2019-12-11 18:30:00,21941,2019-12-11 21:00:00,SELL,1472.24,1468.4069642857144,1474.795357142857,1468.4069642857144,0.1,37.630357142856425,383.3035714285643,1.4333424023942722,TP,2019Q4,2019,5
949,21943,2019-12-11 22:00:00,21976,2019-12-12 15:30:00,SELL,1477.46,1481.4810714285716,1481.4810714285716,1471.4283928571429,0.1,-40.910714285715315,-402.1071428571531,-1.0,SL,2019Q4,2019,33
950,21977,2019-12-12 16:00:00,21977,2019-12-12 16:00:00,SELL,1482.82,1485.4096428571427,1485.4096428571427,1478.9355357142858,0.1,-26.59642857142735,-258.9642857142735,-1.0,SL,2019Q4,2019,0
951,21978,2019-12-12 16:30:00,21978,2019-12-12 16:30:00,SELL,1484.0,1479.5916071428574,1486.9389285714285,1479.5916071428574,0.1,43.38392857142644,440.8392857142644,1.441839762611237,TP,2019Q4,2019,0
952,22054,2019-12-16 08:30:00,22054,2019-12-16 08:30:00,SELL,1476.77,1477.9892857142856,1477.9892857142856,1474.9410714285714,0.1,-12.89285714285661,-121.9285714285661,-1.0,SL,2019Q4,2019,0
953,22055,2019-12-16 09:00:00,22055,2019-12-16 09:00:00,SELL,1476.87,1478.150357142857,1478.150357142857,1474.9494642857142,0.1,-13.503571428571558,-128.03571428571558,-1.0,SL,2019Q4,2019,0
954,22056,2019-12-16 09:30:00,22057,2019-12-16 10:00:00,SELL,1478.14,1476.0635714285715,1479.524285714286,1476.0635714285715,0.1,20.064285714285507,207.64285714285506,1.3796660117876745,TP,2019Q4,2019,1
955,22278,2019-12-23 05:30:00,22284,2019-12-23 08:30:00,SELL,1481.08,1482.2510714285713,1482.2510714285713,1479.3233928571428,0.1,-12.410714285713947,-117.10714285713948,-1.0,SL,2019Q4,2019,6
956,22285,2019-12-23 09:00:00,22285,2019-12-23 09:00:00,SELL,1483.35,1484.6753571428571,1484.6753571428571,1481.361964285714,0.1,-13.953571428572285,-132.53571428572286,-1.0,SL,2019Q4,2019,0
957,22286,2019-12-23 09:30:00,22296,2019-12-23 14:30:00,SELL,1484.28,1482.1135714285713,1485.7242857142858,1482.1135714285713,0.1,20.964285714286962,216.64285714286962,1.3844339622641575,TP,2019Q4,2019,10
958,22318,2019-12-24 02:30:00,22320,2019-12-24 03:30:00,SELL,1485.69,1487.004642857143,1487.004642857143,1483.7180357142859,0.1,-13.846428571428714,-131.46428571428714,-1.0,SL,2019Q4,2019,2
959,22321,2019-12-24 04:00:00,22321,2019-12-24 04:00:00,SELL,1487.47,1488.9164285714287,1488.9164285714287,1485.3003571428571,0.1,-15.164285714286688,-144.6428571428669,-1.0,SL,2019Q4,2019,0
960,22322,2019-12-24 04:30:00,22328,2019-12-24 07:30:00,SELL,1488.72,1490.1707142857144,1490.1707142857144,1486.5439285714285,0.1,-15.207142857144117,-145.07142857144117,-1.0,SL,2019Q4,2019,6
961,22329,2019-12-24 08:00:00,22333,2019-12-24 10:00:00,SELL,1490.07,1491.522857142857,1491.522857142857,1487.8907142857142,0.1,-15.228571428570557,-145.28571428570558,-1.0,SL,2019Q4,2019,4
962,22334,2019-12-24 10:30:00,22335,2019-12-24 11:00:00,SELL,1490.65,1492.482142857143,1492.482142857143,1487.9017857142858,0.1,-19.021428571427986,-183.21428571427987,-1.0,SL,2019Q4,2019,1
963,22336,2019-12-24 11:30:00,22343,2019-12-24 15:00:00,SELL,1491.57,1489.074107142857,1493.2339285714286,1489.074107142857,0.1,24.258928571429625,249.58928571429624,1.3990731204943399,TP,2019Q4,2019,7
964,22347,2019-12-24 17:00:00,22347,2019-12-24 17:00:00,SELL,1492.83,1495.062857142857,1495.062857142857,1489.4807142857142,0.1,-23.028571428570284,-223.28571428570285,-1.0,SL,2019Q4,2019,0
965,22348,2019-12-24 17:30:00,22348,2019-12-24 17:30:00,SELL,1496.73,1499.2735714285714,1499.2735714285714,1492.914642857143,0.1,-26.1357142857134,-254.35714285713402,-1.0,SL,2019Q4,2019,0
966,22349,2019-12-24 18:00:00,22351,2019-12-26 09:00:00,SELL,1498.65,1501.539642857143,1501.539642857143,1494.315535714286,0.1,-29.59642857142917,-288.9642857142917,-1.0,SL,2019Q4,2019,2
967,22352,2019-12-26 09:30:00,22361,2019-12-26 14:00:00,SELL,1503.71,1507.0367857142858,1507.0367857142858,1498.7198214285715,0.1,-33.96785714285734,-332.6785714285734,-1.0,SL,2019Q4,2019,9
968,22362,2019-12-26 14:30:00,22366,2019-12-26 16:30:00,SELL,1507.05,1509.6299999999999,1509.6299999999999,1503.18,0.1,-26.49999999999927,-257.9999999999927,-1.0,SL,2019Q4,2019,4
969,22367,2019-12-26 17:00:00,22367,2019-12-26 17:00:00,SELL,1509.85,1512.292857142857,1512.292857142857,1506.1857142857143,0.1,-25.12857142857065,-244.2857142857065,-1.0,SL,2019Q4,2019,0
970,22368,2019-12-26 17:30:00,22370,2019-12-26 18:30:00,SELL,1511.36,1507.3887499999998,1514.0075,1507.3887499999998,0.1,39.01250000000054,397.12500000000546,1.4356025758969648,TP,2019Q4,2019,2
971,22371,2019-12-26 19:00:00,22374,2019-12-26 20:30:00,SELL,1507.93,1511.1978571428572,1511.1978571428572,1503.0282142857143,0.1,-33.37857142857111,-326.78571428571104,-1.0,SL,2019Q4,2019,3
972,22375,2019-12-26 21:00:00,22435,2019-12-30 05:00:00,SELL,1512.03,1515.7810714285713,1515.7810714285713,1506.4033928571428,0.1,-38.21071428571322,-375.1071428571322,-1.0,SL,2019Q4,2019,60
973,22436,2019-12-30 05:30:00,22446,2019-12-30 10:30:00,SELL,1515.32,1512.8305357142856,1516.9796428571428,1512.8305357142856,0.1,24.19464285714348,248.9464285714348,1.3988230435680389,TP,2019Q4,2019,10
974,22478,2019-12-31 03:30:00,22478,2019-12-31 03:30:00,SELL,1519.19,1520.6385714285716,1520.6385714285716,1517.017142857143,0.1,-15.185714285715402,-144.85714285715403,-1.0,SL,2019Q4,2019,0
975,22479,2019-12-31 04:00:00,22483,2019-12-31 06:00:00,SELL,1521.19,1522.8560714285716,1522.8560714285716,1518.690892857143,0.1,-17.36071428571513,-166.6071428571513,-1.0,SL,2019Q4,2019,4
976,22484,2019-12-31 06:30:00,22489,2019-12-31 09:00:00,SELL,1522.69,1524.535,1524.535,1519.9225000000001,0.1,-19.150000000000272,-184.50000000000273,-1.0,SL,2019Q4,2019,5
977,22490,2019-12-31 09:30:00,22500,2019-12-31 14:30:00,SELL,1524.22,1521.0812500000002,1526.3125,1521.0812500000002,0.1,30.687499999998455,313.87499999998454,1.419075144508617,TP,2019Q4,2019,10
978,22523,2020-01-02 16:00:00,22525,2020-01-02 17:00:00,SELL,1528.0,1530.7857142857142,1530.7857142857142,1523.8214285714287,0.1,-28.557142857142207,-278.5714285714221,-1.0,SL,2020Q1,2020,2
979,22526,2020-01-02 17:30:00,22529,2020-01-02 19:00:00,SELL,1529.73,1524.7125,1533.075,1524.7125,0.1,49.47499999999927,501.7499999999927,1.4487554904831295,TP,2020Q1,2020,3
980,22542,2020-01-03 02:30:00,22544,2020-01-03 03:30:00,SELL,1529.96,1532.21,1532.21,1526.585,0.1,-23.2,-225.0,-1.0,SL,2020Q1,2020,2
981,22545,2020-01-03 04:00:00,22545,2020-01-03 04:00:00,SELL,1534.85,1537.2007142857142,1537.2007142857142,1531.3239285714285,0.1,-24.207142857142752,-235.07142857142753,-1.0,SL,2020Q1,2020,0
982,22546,2020-01-03 04:30:00,22552,2020-01-03 07:30:00,SELL,1539.81,1542.972857142857,1542.972857142857,1535.0657142857142,0.1,-32.328571428570925,-316.2857142857092,-1.0,SL,2020Q1,2020,6
983,22553,2020-01-03 08:00:00,22557,2020-01-03 10:00:00,SELL,1541.4,1545.2432142857144,1545.2432142857144,1535.6351785714287,0.1,-39.13214285714339,-384.3214285714339,-1.0,SL,2020Q1,2020,4
984,22558,2020-01-03 10:30:00,22560,2020-01-03 11:30:00,SELL,1543.28,1547.7317857142857,1547.7317857142857,1536.6023214285715,0.1,-45.21785714285734,-445.1785714285734,-1.0,SL,2020Q1,2020,2
985,22561,2020-01-03 12:00:00,22564,2020-01-03 13:30:00,SELL,1546.75,1550.4260714285715,1550.4260714285715,1541.235892857143,0.1,-37.46071428571504,-367.6071428571504,-1.0,SL,2020Q1,2020,3
986,22565,2020-01-03 14:00:00,22567,2020-01-03 15:00:00,SELL,1549.29,1543.5123214285713,1553.1417857142856,1543.5123214285713,0.1,57.07678571428623,577.7678571428623,1.4553774701758146,TP,2020Q1,2020,2
987,22569,2020-01-03 16:00:00,22571,2020-01-03 17:00:00,SELL,1546.3,1550.962857142857,1550.962857142857,1539.3057142857142,0.1,-47.328571428570925,-466.2857142857092,-1.0,SL,2020Q1,2020,2
988,22572,2020-01-03 17:30:00,22585,2020-01-06 01:00:00,SELL,1549.62,1554.6396428571427,1554.6396428571427,1542.0905357142856,0.1,-50.89642857142799,-501.96428571427987,-1.0,SL,2020Q1,2020,13
989,22586,2020-01-06 01:30:00,22618,2020-01-06 17:30:00,SELL,1574.22,1564.1833928571427,1580.9110714285714,1564.1833928571427,0.1,99.66607142857292,1003.6607142857292,1.4741165284454403,TP,2020Q1,2020,32
990,22638,2020-01-07 04:30:00,22645,2020-01-07 08:00:00,BUY,1557.36,1562.8869642857142,1553.6753571428571,1562.8869642857142,0.1,54.56964285714257,552.6964285714257,1.4533910396652054,TP,2020Q1,2020,7
991,22678,2020-01-08 01:30:00,22678,2020-01-08 01:30:00,SELL,1584.39,1589.5907142857143,1589.5907142857143,1576.5889285714288,0.1,-52.70714285714185,-520.0714285714184,-1.0,SL,2020Q1,2020,0
992,22679,2020-01-08 02:00:00,22679,2020-01-08 02:00:00,SELL,1594.82,1601.2335714285714,1601.2335714285714,1585.1996428571429,0.1,-64.83571428571459,-641.3571428571458,-1.0,SL,2020Q1,2020,0
993,22680,2020-01-08 02:30:00,22681,2020-01-08 03:00:00,SELL,1609.8,1597.5310714285715,1617.9792857142857,1597.5310714285715,0.1,121.98928571428432,1226.8928571428432,1.4787860420815515,TP,2020Q1,2020,1
994,22682,2020-01-08 03:30:00,22683,2020-01-08 04:00:00,SELL,1602.76,1588.215357142857,1612.4564285714284,1588.215357142857,0.1,144.7464285714289,1454.464285714289,1.4820814744386979,TP,2020Q1,2020,1
995,22713,2020-01-08 19:00:00,22738,2020-01-09 08:30:00,BUY,1558.98,1549.6457142857143,1549.6457142857143,1572.9814285714285,0.1,-94.0428571428567,-933.428571428567,-1.0,SL,2020Q1,2020,25
996,22739,2020-01-09 09:00:00,22749,2020-01-09 14:00:00,BUY,1544.24,1551.7148214285714,1539.2567857142858,1551.7148214285714,0.1,74.04821428571431,747.4821428571431,1.4653685772846357,TP,2020Q1,2020,10
997,22779,2020-01-10 06:00:00,22785,2020-01-10 09:00:00,BUY,1546.51,1550.4908928571429,1543.8560714285713,1550.4908928571429,0.1,39.10892857142862,398.08928571428623,1.4357545561819451,TP,2020Q1,2020,6
998,22814,2020-01-10 23:30:00,22819,2020-01-13 03:00:00,SELL,1560.81,1556.58,1563.6299999999999,1556.58,0.1,41.60000000000018,423.0000000000018,1.439446366782045,TP,2020Q1,2020,5
999,22835,2020-01-13 11:00:00,22835,2020-01-13 11:00:00,BUY,1550.51,1548.3125,1548.3125,1553.80625,0.1,-22.67499999999991,-219.7499999999991,-1.0,SL,2020Q1,2020,0
1000,22836,2020-01-13 11:30:00,22840,2020-01-13 13:30:00,BUY,1548.36,1552.1625,1545.8249999999998,1552.1625,0.1,37.32500000000009,380.2500000000009,1.4328214971208797,TP,2020Q1,2020,4
1001,22863,2020-01-14 02:00:00,22863,2020-01-14 02:00:00,BUY,1545.38,1543.0475000000001,1543.0475000000001,1548.87875,0.1,-24.024999999999817,-233.24999999999818,-1.0,SL,2020Q1,2020,0
1002,22864,2020-01-14 02:30:00,22865,2020-01-14 03:00:00,BUY,1544.1,1541.7342857142855,1541.7342857142855,1547.6485714285714,0.1,-24.357142857143753,-236.57142857143754,-1.0,SL,2020Q1,2020,1
1003,22866,2020-01-14 03:30:00,22878,2020-01-14 09:30:00,BUY,1537.77,1542.1671428571428,1534.8385714285714,1542.1671428571428,0.1,43.27142857142853,439.7142857142853,1.441694431223227,TP,2020Q1,2020,12
1004,22915,2020-01-15 05:00:00,22935,2020-01-15 15:00:00,SELL,1552.09,1547.8696428571427,1554.9035714285715,1547.8696428571427,0.1,41.5035714285721,422.03571428572104,1.439311369829044,TP,2020Q1,2020,20
1005,23059,2020-01-20 08:00:00,23073,2020-01-20 15:00:00,SELL,1561.7,1558.9164285714287,1563.5557142857144,1558.9164285714287,0.1,27.135714285713494,278.35714285713493,1.4091246290800055,TP,2020Q1,2020,14
1006,23088,2020-01-21 03:30:00,23088,2020-01-21 03:30:00,SELL,1565.22,1567.3264285714286,1567.3264285714286,1562.0603571428571,0.1,-21.764285714285233,-210.64285714285234,-1.0,SL,2020Q1,2020,0
1007,23089,2020-01-21 04:00:00,23090,2020-01-21 04:30:00,SELL,1566.5,1568.7403571428572,1568.7403571428572,1563.1394642857142,0.1,-23.10357142857192,-224.03571428571922,-1.0,SL,2020Q1,2020,1
1008,23091,2020-01-21 05:00:00,23099,2020-01-21 09:00:00,SELL,1566.9,1563.0685714285714,1569.4542857142858,1563.0685714285714,0.1,37.614285714286595,383.142857142866,1.4333151878062487,TP,2020Q1,2020,8
1009,23114,2020-01-21 16:30:00,23115,2020-01-21 17:00:00,BUY,1548.25,1556.329107142857,1542.8639285714285,1556.329107142857,0.1,80.09107142857083,807.9107142857083,1.467925639850715,TP,2020Q1,2020,1
1010,23137,2020-01-22 05:00:00,23148,2020-01-22 10:30:00,BUY,1551.33,1555.6660714285713,1548.4392857142857,1555.6660714285713,0.1,42.66071428571358,433.60714285713584,1.4408926417370316,TP,2020Q1,2020,11
1011,23178,2020-01-23 02:30:00,23181,2020-01-23 04:00:00,SELL,1562.03,1558.746607142857,1564.2189285714285,1558.746607142857,0.1,32.13392857142871,328.33928571428714,1.4225296442688227,TP,2020Q1,2020,3
1012,23210,2020-01-23 18:30:00,23225,2020-01-24 03:00:00,SELL,1566.11,1560.2117857142855,1570.0421428571428,1560.2117857142855,0.1,58.282142857144024,589.8214285714403,1.45627342495092,TP,2020Q1,2020,15
1013,23254,2020-01-24 17:30:00,23267,2020-01-27 01:00:00,SELL,1574.94,1579.3971428571429,1579.3971428571429,1568.2542857142857,0.1,-45.27142857142799,-445.71428571427987,-1.0,SL,2020Q1,2020,13
1014,23268,2020-01-27 01:30:00,23285,2020-01-27 10:00:00,SELL,1585.2,1576.4475,1591.035,1576.4475,0.1,86.82500000000054,875.2500000000055,1.470364098221846,TP,2020Q1,2020,17
1015,23287,2020-01-27 11:00:00,23288,2020-01-27 11:30:00,SELL,1579.41,1582.3682142857144,1582.3682142857144,1574.9726785714286,0.1,-30.28214285714348,-295.8214285714348,-1.0,SL,2020Q1,2020,1
1016,23289,2020-01-27 12:00:00,23291,2020-01-27 13:00:00,SELL,1582.63,1585.8057142857144,1585.8057142857144,1577.8664285714287,0.1,-32.45714285714321,-317.5714285714321,-1.0,SL,2020Q1,2020,2
1017,23292,2020-01-27 13:30:00,23298,2020-01-27 16:30:00,SELL,1583.4,1578.3294642857145,1586.7803571428572,1578.3294642857145,0.1,50.00535714285597,507.05357142855974,1.4492806127730036,TP,2020Q1,2020,6
1018,23359,2020-01-29 01:00:00,23383,2020-01-29 13:00:00,BUY,1566.56,1571.7012499999998,1563.1325,1571.7012499999998,0.1,50.712499999999,514.12499999999,1.4499642601858145,TP,2020Q1,2020,24
1019,23412,2020-01-30 04:30:00,23436,2020-01-30 16:30:00,SELL,1580.28,1574.9233928571427,1583.8510714285715,1574.9233928571427,0.1,52.86607142857228,535.6607142857229,1.451937224129476,TP,2020Q1,2020,24
1020,23485,2020-01-31 18:00:00,23487,2020-01-31 19:00:00,SELL,1587.97,1581.9351785714284,1591.9932142857144,1581.9351785714284,0.1,59.64821428571604,603.4821428571604,1.457246313585203,TP,2020Q1,2020,2
1021,23562,2020-02-04 10:30:00,23563,2020-02-04 11:00:00,BUY,1569.16,1565.8642857142856,1565.8642857142856,1574.1035714285715,0.1,-33.65714285714439,-329.5714285714439,-1.0,SL,2020Q1,2020,1
1022,23564,2020-02-04 11:30:00,23572,2020-02-04 15:30:00,BUY,1567.23,1563.9321428571427,1563.9321428571427,1572.1767857142859,0.1,-33.67857142857311,-329.78571428573105,-1.0,SL,2020Q1,2020,8
1023,23573,2020-02-04 16:00:00,23575,2020-02-04 17:00:00,BUY,1560.01,1555.5774999999999,1555.5774999999999,1566.65875,0.1,-45.025000000001185,-443.2500000000118,-1.0,SL,2020Q1,2020,2
1024,23576,2020-02-04 17:30:00,23602,2020-02-05 07:30:00,BUY,1552.82,1560.2530357142857,1547.8646428571428,1560.2530357142857,0.1,73.63035714285779,743.3035714285779,1.465176604363607,TP,2020Q1,2020,26
1025,23610,2020-02-05 11:30:00,23610,2020-02-05 11:30:00,BUY,1553.54,1550.2742857142857,1550.2742857142857,1558.4385714285713,0.1,-33.35714285714239,-326.5714285714239,-1.0,SL,2020Q1,2020,0
1026,23611,2020-02-05 12:00:00,23614,2020-02-05 13:30:00,BUY,1548.82,1554.502857142857,1545.0314285714285,1554.502857142857,0.1,56.12857142857074,568.2857142857074,1.4546464272491377,TP,2020Q1,2020,3
1027,23658,2020-02-06 12:30:00,23666,2020-02-06 16:30:00,SELL,1564.42,1567.849642857143,1567.849642857143,1559.2755357142858,0.1,-34.99642857142881,-342.96428571428805,-1.0,SL,2020Q1,2020,8
1028,23685,2020-02-07 03:00:00,23693,2020-02-07 07:00:00,SELL,1568.24,1565.2748214285716,1570.2167857142856,1565.2748214285716,0.1,28.95178571428396,296.5178571428396,1.4145000872448041,TP,2020Q1,2020,8
1029,23729,2020-02-10 02:00:00,23733,2020-02-10 04:00:00,SELL,1574.75,1570.1085714285714,1577.8442857142857,1570.1085714285714,0.1,45.71428571428605,464.1428571428605,1.4446952595937144,TP,2020Q1,2020,4
1030,23839,2020-02-12 11:00:00,23839,2020-02-12 11:00:00,BUY,1562.56,1565.5107142857141,1560.5928571428572,1565.5107142857141,0.1,28.807142857141844,295.07142857141844,1.4140953716690015,TP,2020Q1,2020,0
1031,23875,2020-02-13 06:00:00,23887,2020-02-13 12:00:00,SELL,1573.93,1576.6203571428573,1576.6203571428573,1569.8944642857143,0.1,-27.603571428572376,-269.03571428572377,-1.0,SL,2020Q1,2020,12
1032,23941,2020-02-14 16:00:00,23942,2020-02-14 16:30:00,SELL,1580.01,1582.3992857142857,1582.3992857142857,1576.4260714285715,0.1,-24.592857142857337,-238.92857142857338,-1.0,SL,2020Q1,2020,1
1033,23943,2020-02-14 17:00:00,23956,2020-02-14 23:30:00,SELL,1582.52,1585.127857142857,1585.127857142857,1578.6082142857142,0.1,-26.778571428570284,-260.78571428570285,-1.0,SL,2020Q1,2020,13
1034,23957,2020-02-17 01:00:00,23995,2020-02-18 01:00:00,SELL,1582.12,1584.2392857142856,1584.2392857142856,1578.9410714285714,0.1,-21.89285714285752,-211.9285714285752,-1.0,SL,2020Q1,2020,38
1035,23996,2020-02-18 01:30:00,23998,2020-02-18 02:30:00,SELL,1584.57,1586.320714285714,1586.320714285714,1581.9439285714286,0.1,-18.20714285714139,-175.0714285714139,-1.0,SL,2020Q1,2020,2
1036,23999,2020-02-18 03:00:00,24012,2020-02-18 09:30:00,SELL,1586.31,1588.1860714285713,1588.1860714285713,1583.495892857143,0.1,-19.46071428571322,-187.6071428571322,-1.0,SL,2020Q1,2020,13
1037,24013,2020-02-18 10:00:00,24024,2020-02-18 15:30:00,SELL,1588.31,1590.0232142857142,1590.0232142857142,1585.7401785714285,0.1,-17.832142857142298,-171.32142857142298,-1.0,SL,2020Q1,2020,11
1038,24025,2020-02-18 16:00:00,24027,2020-02-18 17:00:00,SELL,1591.27,1594.0225,1594.0225,1587.1412500000001,0.1,-28.225000000000545,-275.25000000000546,-1.0,SL,2020Q1,2020,2
1039,24028,2020-02-18 17:30:00,24029,2020-02-18 18:00:00,SELL,1597.95,1601.7385714285715,1601.7385714285715,1592.267142857143,0.1,-38.58571428571459,-378.85714285714585,-1.0,SL,2020Q1,2020,1
1040,24030,2020-02-18 18:30:00,24060,2020-02-19 10:30:00,SELL,1604.47,1608.9839285714286,1608.9839285714286,1597.6991071428572,0.1,-45.83928571428551,-451.39285714285506,-1.0,SL,2020Q1,2020,30
1041,24061,2020-02-19 11:00:00,24064,2020-02-19 12:30:00,SELL,1607.72,1610.2442857142858,1610.2442857142858,1603.9335714285714,0.1,-25.942857142857246,-252.42857142857247,-1.0,SL,2020Q1,2020,3
1042,24065,2020-02-19 13:00:00,24070,2020-02-19 15:30:00,SELL,1609.7,1605.9023214285714,1612.2317857142857,1605.9023214285714,0.1,37.27678571428605,379.7678571428605,1.432738503774922,TP,2020Q1,2020,5
1043,24113,2020-02-20 14:00:00,24119,2020-02-20 17:00:00,SELL,1617.43,1621.0300000000002,1621.0300000000002,1612.03,0.1,-36.70000000000137,-360.00000000001364,-1.0,SL,2020Q1,2020,6
1044,24120,2020-02-20 17:30:00,24139,2020-02-21 04:00:00,SELL,1620.57,1624.605,1624.605,1614.5175,0.1,-41.05000000000082,-403.5000000000082,-1.0,SL,2020Q1,2020,19
1045,24140,2020-02-21 04:30:00,24145,2020-02-21 07:00:00,SELL,1624.32,1627.0660714285714,1627.0660714285714,1620.200892857143,0.1,-28.160714285714402,-274.607142857144,-1.0,SL,2020Q1,2020,5
1046,24146,2020-02-21 07:30:00,24148,2020-02-21 08:30:00,SELL,1628.17,1631.0682142857142,1631.0682142857142,1623.8226785714287,0.1,-29.682142857141752,-289.8214285714175,-1.0,SL,2020Q1,2020,2
1047,24149,2020-02-21 09:00:00,24150,2020-02-21 09:30:00,SELL,1631.34,1634.3003571428571,1634.3003571428571,1626.8994642857142,0.1,-30.303571428572194,-296.03571428572195,-1.0,SL,2020Q1,2020,1
1048,24151,2020-02-21 10:00:00,24151,2020-02-21 10:00:00,SELL,1633.24,1636.3664285714285,1636.3664285714285,1628.5503571428571,0.1,-31.96428571428505,-312.6428571428505,-1.0,SL,2020Q1,2020,0
1049,24152,2020-02-21 10:30:00,24161,2020-02-21 15:00:00,SELL,1635.27,1638.5249999999999,1638.5249999999999,1630.3875,0.1,-33.24999999999882,-325.4999999999882,-1.0,SL,2020Q1,2020,9
1050,24162,2020-02-21 15:30:00,24164,2020-02-21 16:30:00,SELL,1641.59,1646.0364285714284,1646.0364285714284,1634.920357142857,0.1,-45.16428571428442,-444.64285714284415,-1.0,SL,2020Q1,2020,2
1051,24165,2020-02-21 17:00:00,24165,2020-02-21 17:00:00,SELL,1643.99,1649.2721428571429,1649.2721428571429,1636.0667857142857,0.1,-53.521428571428444,-528.2142857142844,-1.0,SL,2020Q1,2020,0
1052,24166,2020-02-21 17:30:00,24179,2020-02-24 01:00:00,SELL,1644.6,1650.140357142857,1650.140357142857,1636.289464285714,0.1,-56.10357142857147,-554.0357142857147,-1.0,SL,2020Q1,2020,13
1053,24180,2020-02-24 01:30:00,24197,2020-02-24 10:00:00,SELL,1666.53,1674.642857142857,1674.642857142857,1654.3607142857143,0.1,-81.82857142857138,-811.2857142857138,-1.0,SL,2020Q1,2020,17
1054,24198,2020-02-24 10:30:00,24199,2020-02-24 11:00:00,SELL,1682.14,1687.5817857142858,1687.5817857142858,1673.9773214285715,0.1,-55.11785714285743,-544.1785714285743,-1.0,SL,2020Q1,2020,1
1055,24200,2020-02-24 11:30:00,24205,2020-02-24 14:00:00,SELL,1688.07,1678.3146428571429,1694.5735714285713,1678.3146428571429,0.1,96.85357142857065,975.5357142857065,1.473378246224057,TP,2020Q1,2020,5
1056,24206,2020-02-24 14:30:00,24219,2020-02-24 21:00:00,SELL,1680.61,1668.1610714285712,1688.9092857142857,1668.1610714285712,0.1,123.78928571428723,1244.8928571428723,1.4790902108048136,TP,2020Q1,2020,13
1057,24240,2020-02-25 08:30:00,24243,2020-02-25 10:00:00,BUY,1634.31,1647.1542857142856,1625.7471428571428,1647.1542857142856,0.1,127.74285714285661,1284.428571428566,1.4797286116167334,TP,2020Q1,2020,3
1058,24380,2020-02-28 09:30:00,24381,2020-02-28 10:00:00,BUY,1624.19,1637.3830357142858,1615.3946428571428,1637.3830357142858,0.1,131.2303571428577,1319.303571428577,1.480260242517008,TP,2020Q1,2020,1
1059,24396,2020-02-28 17:30:00,24396,2020-02-28 17:30:00,BUY,1606.65,1595.1867857142859,1595.1867857142859,1623.8448214285715,0.1,-115.3321428571423,-1146.321428571423,-1.0,SL,2020Q1,2020,0
1060,24397,2020-02-28 18:00:00,24401,2020-02-28 20:00:00,BUY,1583.2,1569.1975,1569.1975,1604.2037500000001,0.1,-140.72500000000053,-1400.2500000000055,-1.0,SL,2020Q1,2020,4
1061,24402,2020-02-28 20:30:00,24404,2020-02-28 21:30:00,BUY,1567.96,1591.8517857142858,1552.0321428571428,1591.8517857142858,0.1,238.2178571428579,2389.178571428579,1.4890610349600395,TP,2020Q1,2020,2
1062,24488,2020-03-03 17:30:00,24488,2020-03-03 17:30:00,SELL,1623.27,1630.7196428571428,1630.7196428571428,1612.0955357142857,0.1,-75.19642857142863,-744.9642857142862,-1.0,SL,2020Q1,2020,0
1063,24489,2020-03-03 18:00:00,24490,2020-03-03 18:30:00,SELL,1633.31,1642.6260714285713,1642.6260714285713,1619.3358928571429,0.1,-93.86071428571377,-931.6071428571377,-1.0,SL,2020Q1,2020,1
1064,24491,2020-03-03 19:00:00,24501,2020-03-04 01:00:00,SELL,1639.77,1650.7457142857143,1650.7457142857143,1623.3064285714286,0.1,-110.45714285714276,-1097.5714285714275,-1.0,SL,2020Q1,2020,10
1065,24502,2020-03-04 01:30:00,24578,2020-03-05 16:30:00,SELL,1646.47,1660.6525,1660.6525,1625.1962500000002,0.1,-142.5249999999989,-1418.249999999989,-1.0,SL,2020Q1,2020,76
1066,24579,2020-03-05 17:00:00,24583,2020-03-05 19:00:00,SELL,1658.35,1664.7024999999999,1664.7024999999999,1648.82125,0.1,-64.22499999999964,-635.2499999999964,-1.0,SL,2020Q1,2020,4
1067,24584,2020-03-05 19:30:00,24588,2020-03-05 21:30:00,SELL,1663.38,1670.2725,1670.2725,1653.0412500000002,0.1,-69.62499999999928,-689.2499999999927,-1.0,SL,2020Q1,2020,4
1068,24589,2020-03-05 22:00:00,24604,2020-03-06 06:30:00,SELL,1671.65,1678.4450000000002,1678.4450000000002,1661.4575000000002,0.1,-68.65000000000073,-679.5000000000073,-1.0,SL,2020Q1,2020,15
1069,24605,2020-03-06 07:00:00,24609,2020-03-06 09:00:00,SELL,1678.33,1669.0230357142857,1684.534642857143,1669.0230357142857,0.1,92.3696428571423,930.696428571423,1.472109966418087,TP,2020Q1,2020,4
1070,24615,2020-03-06 12:00:00,24622,2020-03-06 15:30:00,SELL,1684.29,1672.9001785714286,1691.8832142857143,1672.9001785714286,0.1,113.19821428571395,1138.9821428571395,1.4771636295847361,TP,2020Q1,2020,7
1071,24701,2020-03-10 08:00:00,24703,2020-03-10 09:00:00,BUY,1651.72,1663.6948214285715,1643.7367857142858,1663.6948214285715,0.1,119.04821428571431,1197.4821428571431,1.4782695463213584,TP,2020Q1,2020,2
1072,24772,2020-03-11 20:30:00,24805,2020-03-12 14:00:00,BUY,1638.29,1628.995357142857,1628.995357142857,1652.2319642857142,0.1,-93.6464285714289,-929.464285714289,-1.0,SL,2020Q1,2020,33
1073,24806,2020-03-12 14:30:00,24808,2020-03-12 15:30:00,BUY,1615.84,1605.8360714285714,1605.8360714285714,1630.8458928571429,0.1,-100.7392857142856,-1000.392857142856,-1.0,SL,2020Q1,2020,2
1074,24809,2020-03-12 16:00:00,24809,2020-03-12 16:00:00,BUY,1596.77,1583.6075,1583.6075,1616.51375,0.1,-132.32499999999908,-1316.249999999991,-1.0,SL,2020Q1,2020,0
1075,24810,2020-03-12 16:30:00,24812,2020-03-12 17:30:00,BUY,1580.1,1564.8825,1564.8825,1602.92625,0.1,-152.87499999999972,-1521.7499999999973,-1.0,SL,2020Q1,2020,2
1076,24813,2020-03-12 18:00:00,24814,2020-03-12 18:30:00,BUY,1566.43,1593.4026785714286,1548.4482142857144,1593.4026785714286,0.1,269.0267857142856,2697.267857142856,1.4903056682164408,TP,2020Q1,2020,1
1077,24820,2020-03-12 21:30:00,24858,2020-03-13 17:30:00,BUY,1572.58,1551.0442857142857,1551.0442857142857,1604.8835714285713,0.1,-216.0571428571422,-2153.571428571422,-1.0,SL,2020Q1,2020,38
1078,24859,2020-03-13 18:00:00,24860,2020-03-13 18:30:00,BUY,1534.89,1516.005,1516.005,1563.2175000000002,0.1,-189.5499999999999,-1888.499999999999,-1.0,SL,2020Q1,2020,1
1079,24861,2020-03-13 19:00:00,24869,2020-03-16 00:00:00,BUY,1523.14,1557.0105357142859,1500.559642857143,1557.0105357142859,0.1,338.0053571428578,3387.053571428578,1.4922738525094263,TP,2020Q1,2020,8
1080,24894,2020-03-16 12:30:00,24894,2020-03-16 12:30:00,BUY,1506.9,1492.1710714285716,1492.1710714285716,1528.993392857143,0.1,-147.98928571428468,-1472.8928571428469,-1.0,SL,2020Q1,2020,0
1081,24895,2020-03-16 13:00:00,24896,2020-03-16 13:30:00,BUY,1477.58,1459.6292857142857,1459.6292857142857,1504.5060714285712,0.1,-180.20714285714183,-1795.0714285714184,-1.0,SL,2020Q1,2020,1
1082,24897,2020-03-16 14:00:00,24902,2020-03-16 16:30:00,BUY,1461.74,1491.9478571428572,1441.6014285714286,1491.9478571428572,0.1,301.37857142857166,3020.7857142857165,1.491340308214342,TP,2020Q1,2020,5
1083,24938,2020-03-17 11:30:00,24938,2020-03-17 11:30:00,BUY,1483.82,1473.9842857142858,1473.9842857142858,1498.5735714285713,0.1,-99.05714285714176,-983.5714285714175,-1.0,SL,2020Q1,2020,0
1084,24939,2020-03-17 12:00:00,24944,2020-03-17 14:30:00,BUY,1470.77,1486.7546428571427,1460.1135714285715,1486.7546428571427,0.1,159.14642857142718,1598.4642857142717,1.483685156822268,TP,2020Q1,2020,5
1085,24949,2020-03-17 17:00:00,24949,2020-03-17 17:00:00,SELL,1533.92,1550.4510714285716,1550.4510714285716,1509.1233928571428,0.1,-166.0107142857152,-1653.1071428571522,-1.0,SL,2020Q1,2020,0
1086,25071,2020-03-20 09:00:00,25072,2020-03-20 09:30:00,SELL,1499.96,1509.0275000000001,1509.0275000000001,1486.35875,0.1,-91.3750000000011,-906.7500000000109,-1.0,SL,2020Q1,2020,1
1087,25073,2020-03-20 10:00:00,25082,2020-03-20 14:30:00,SELL,1510.1,1495.026607142857,1520.1489285714285,1495.026607142857,0.1,150.03392857142836,1507.3392857142835,1.4827056788903288,TP,2020Q1,2020,9
1088,25128,2020-03-23 14:30:00,25130,2020-03-23 15:30:00,SELL,1515.6,1524.8367857142855,1524.8367857142855,1501.7448214285714,0.1,-93.06785714285589,-923.6785714285588,-1.0,SL,2020Q1,2020,2
1089,25131,2020-03-23 16:00:00,25133,2020-03-23 17:00:00,SELL,1527.54,1538.9914285714285,1538.9914285714285,1510.3628571428571,0.1,-115.21428571428551,-1145.142857142855,-1.0,SL,2020Q1,2020,2
1090,25134,2020-03-23 17:30:00,25137,2020-03-23 19:00:00,SELL,1543.15,1556.3403571428573,1556.3403571428573,1523.3644642857143,0.1,-132.60357142857237,-1319.0357142857238,-1.0,SL,2020Q1,2020,3
1091,25138,2020-03-23 19:30:00,25151,2020-03-24 03:00:00,SELL,1557.78,1573.4924999999998,1573.4924999999998,1534.21125,0.1,-157.82499999999862,-1571.2499999999864,-1.0,SL,2020Q1,2020,13
1092,25152,2020-03-24 03:30:00,25160,2020-03-24 07:30:00,SELL,1577.31,1561.1614285714286,1588.0757142857142,1561.1614285714286,0.1,160.7857142857136,1614.8571428571358,1.4838497033618985,TP,2020Q1,2020,8
1093,25163,2020-03-24 09:00:00,25165,2020-03-24 10:00:00,SELL,1571.6,1584.5674999999999,1584.5674999999999,1552.14875,0.1,-130.37499999999972,-1296.7499999999973,-1.0,SL,2020Q1,2020,2
1094,25166,2020-03-24 10:30:00,25170,2020-03-24 12:30:00,SELL,1587.77,1601.702857142857,1601.702857142857,1566.8707142857145,0.1,-140.02857142857073,-1393.2857142857074,-1.0,SL,2020Q1,2020,4
1095,25171,2020-03-24 13:00:00,25180,2020-03-24 17:30:00,SELL,1603.53,1620.4510714285714,1620.4510714285714,1578.1483928571429,0.1,-169.91071428571394,-1692.1071428571395,-1.0,SL,2020Q1,2020,9
1096,25183,2020-03-24 19:00:00,25303,2020-03-27 10:00:00,SELL,1622.61,1619.34,1645.760357142857,1587.884464285714,0.1,31.99999999999982,326.9999999999982,0.13781011120168551,TIME_EXIT,2020Q1,2020,120
1097,25400,2020-03-31 13:30:00,25400,2020-03-31 13:30:00,BUY,1600.54,1594.6085714285714,1594.6085714285714,1609.4371428571428,0.1,-60.01428571428569,-593.1428571428569,-1.0,SL,2020Q1,2020,0
1098,25401,2020-03-31 14:00:00,25406,2020-03-31 16:30:00,BUY,1600.0,1609.7248214285714,1593.5167857142856,1609.7248214285714,0.1,96.54821428571431,972.4821428571431,1.4732955474412432,TP,2020Q1,2020,5
1099,25414,2020-03-31 20:30:00,25418,2020-03-31 22:30:00,BUY,1587.21,1577.4964285714286,1577.4964285714286,1601.7803571428572,0.1,-97.83571428571413,-971.3571428571413,-1.0,SL,2020Q1,2020,4
1100,25419,2020-03-31 23:00:00,25439,2020-04-01 10:00:00,BUY,1575.56,1590.8198214285715,1565.3867857142857,1590.8198214285715,0.1,151.89821428571514,1525.9821428571513,1.4829155189847048,TP,2020Q1,2020,20
1101,25452,2020-04-01 16:30:00,25453,2020-04-01 17:00:00,BUY,1575.3,1587.6058928571429,1567.0960714285713,1587.6058928571429,0.1,122.35892857142908,1230.5892857142908,1.4788492251910044,TP,2020Q2,2020,1
1102,25578,2020-04-06 10:30:00,25578,2020-04-06 10:30:00,SELL,1626.75,1631.7096428571429,1631.7096428571429,1619.3105357142858,0.1,-50.296428571428535,-495.9642857142853,-1.0,SL,2020Q2,2020,0
1103,25579,2020-04-06 11:00:00,25581,2020-04-06 12:00:00,SELL,1631.4,1636.6489285714288,1636.6489285714288,1623.5266071428573,0.1,-53.18928571428678,-524.8928571428678,-1.0,SL,2020Q2,2020,2
1104,25582,2020-04-06 12:30:00,25585,2020-04-06 14:00:00,SELL,1635.42,1641.3632142857143,1641.3632142857143,1626.5051785714286,0.1,-60.13214285714248,-594.3214285714248,-1.0,SL,2020Q2,2020,3
1105,25586,2020-04-06 14:30:00,25590,2020-04-06 16:30:00,SELL,1637.52,1644.6257142857141,1644.6257142857141,1626.8614285714286,0.1,-71.75714285714157,-710.5714285714157,-1.0,SL,2020Q2,2020,4
1106,25591,2020-04-06 17:00:00,25599,2020-04-06 21:00:00,SELL,1648.3,1657.0717857142856,1657.0717857142856,1635.1423214285714,0.1,-88.4178571428567,-877.178571428567,-1.0,SL,2020Q2,2020,8
1107,25600,2020-04-06 21:30:00,25602,2020-04-06 22:30:00,SELL,1656.0,1665.590357142857,1665.590357142857,1641.6144642857143,0.1,-96.60357142857102,-959.0357142857101,-1.0,SL,2020Q2,2020,2
1108,25603,2020-04-06 23:00:00,25624,2020-04-07 10:30:00,SELL,1665.63,1650.9262500000002,1675.4325000000001,1650.9262500000002,0.1,146.337499999999,1470.37499999999,1.4822739934160434,TP,2020Q2,2020,21
1109,25717,2020-04-09 11:00:00,25719,2020-04-09 12:00:00,SELL,1658.46,1662.315,1662.315,1652.6775,0.1,-39.250000000000185,-385.5000000000018,-1.0,SL,2020Q2,2020,2
1110,25720,2020-04-09 12:30:00,25720,2020-04-09 12:30:00,SELL,1658.29,1663.1157142857141,1663.1157142857141,1651.0514285714287,0.1,-48.95714285714185,-482.57142857141844,-1.0,SL,2020Q2,2020,0
1111,25722,2020-04-09 13:30:00,25724,2020-04-09 14:30:00,SELL,1663.48,1655.5326785714287,1668.7782142857143,1655.5326785714287,0.1,78.77321428571285,794.7321428571286,1.4674007052092128,TP,2020Q2,2020,2
1112,25727,2020-04-09 16:00:00,25728,2020-04-09 16:30:00,SELL,1673.1,1681.2139285714286,1681.2139285714286,1660.929107142857,0.1,-81.83928571428687,-811.3928571428687,-1.0,SL,2020Q2,2020,1
1113,25729,2020-04-09 17:00:00,25743,2020-04-13 01:00:00,SELL,1682.36,1691.4082142857142,1691.4082142857142,1668.7876785714284,0.1,-91.18214285714267,-904.8214285714266,-1.0,SL,2020Q2,2020,14
1114,25761,2020-04-13 10:00:00,25771,2020-04-13 15:00:00,SELL,1689.31,1695.3142857142857,1695.3142857142857,1680.3035714285713,0.1,-60.74285714285743,-600.4285714285743,-1.0,SL,2020Q2,2020,10
1115,25776,2020-04-13 17:30:00,25777,2020-04-13 18:00:00,SELL,1697.47,1704.7428571428572,1704.7428571428572,1686.5607142857143,0.1,-73.4285714285722,-727.285714285722,-1.0,SL,2020Q2,2020,1
1116,25778,2020-04-13 18:30:00,25782,2020-04-13 20:30:00,SELL,1709.1,1717.6596428571427,1717.6596428571427,1696.2605357142857,0.1,-86.29642857142763,-855.9642857142762,-1.0,SL,2020Q2,2020,4
1117,25783,2020-04-13 21:00:00,25817,2020-04-14 15:00:00,SELL,1717.55,1727.2410714285713,1727.2410714285713,1703.013392857143,0.1,-97.61071428571377,-969.1071428571377,-1.0,SL,2020Q2,2020,34
1118,25818,2020-04-14 15:30:00,25821,2020-04-14 17:00:00,SELL,1729.6,1738.3996428571427,1738.3996428571427,1716.4005357142858,0.1,-88.69642857142772,-879.9642857142771,-1.0,SL,2020Q2,2020,3
1119,25822,2020-04-14 17:30:00,25823,2020-04-14 18:00:00,SELL,1742.9,1727.3460714285716,1753.2692857142858,1727.3460714285716,0.1,154.83928571428515,1555.3928571428514,1.483236400957909,TP,2020Q2,2020,1
1120,25907,2020-04-16 14:00:00,25909,2020-04-16 15:00:00,SELL,1731.77,1737.9907142857141,1737.9907142857141,1722.4389285714285,0.1,-62.907142857141665,-622.0714285714166,-1.0,SL,2020Q2,2020,2
1121,25910,2020-04-16 15:30:00,25910,2020-04-16 15:30:00,SELL,1736.54,1726.022857142857,1743.5514285714285,1726.022857142857,0.1,104.47142857142971,1051.7142857142971,1.4752874722614802,TP,2020Q2,2020,0
1122,25943,2020-04-17 09:00:00,25943,2020-04-17 09:00:00,BUY,1694.72,1686.422857142857,1686.422857142857,1707.1657142857143,0.1,-83.67142857142944,-829.7142857142944,-1.0,SL,2020Q2,2020,0
1123,25944,2020-04-17 09:30:00,25951,2020-04-17 13:00:00,BUY,1694.62,1686.0624999999998,1686.0624999999998,1707.45625,0.1,-86.27500000000119,-855.7500000000118,-1.0,SL,2020Q2,2020,7
1124,25952,2020-04-17 13:30:00,25977,2020-04-20 03:00:00,BUY,1685.16,1674.2539285714288,1674.2539285714288,1701.5191071428571,0.1,-109.76071428571295,-1090.6071428571295,-1.0,SL,2020Q2,2020,25
1125,25978,2020-04-20 03:30:00,25995,2020-04-20 12:00:00,BUY,1674.84,1684.6130357142856,1668.3246428571429,1684.6130357142856,0.1,97.03035714285697,977.3035714285697,1.4734258907750046,TP,2020Q2,2020,17
1126,26088,2020-04-22 12:30:00,26093,2020-04-22 15:00:00,SELL,1706.1,1694.1187499999999,1714.0874999999999,1694.1187499999999,0.1,119.11250000000045,1198.1250000000045,1.478281104560982,TP,2020Q2,2020,5
1127,26102,2020-04-22 19:30:00,26131,2020-04-23 11:00:00,SELL,1714.09,1723.2935714285713,1723.2935714285713,1700.284642857143,0.1,-92.73571428571422,-920.3571428571422,-1.0,SL,2020Q2,2020,29
1128,26132,2020-04-23 11:30:00,26137,2020-04-23 14:00:00,SELL,1723.72,1730.6692857142857,1730.6692857142857,1713.2960714285714,0.1,-70.1928571428568,-694.9285714285679,-1.0,SL,2020Q2,2020,5
1129,26138,2020-04-23 14:30:00,26143,2020-04-23 17:00:00,SELL,1729.3,1736.1282142857142,1736.1282142857142,1719.0576785714286,0.1,-68.98214285714239,-682.8214285714239,-1.0,SL,2020Q2,2020,5
1130,26144,2020-04-23 17:30:00,26149,2020-04-23 20:00:00,SELL,1736.33,1723.6464285714285,1744.7857142857142,1723.6464285714285,0.1,126.1357142857144,1268.357142857144,1.4794738605898123,TP,2020Q2,2020,5
1131,26257,2020-04-28 05:00:00,26260,2020-04-28 06:30:00,BUY,1703.87,1698.3242857142857,1698.3242857142857,1712.1885714285713,0.1,-56.15714285714212,-554.5714285714212,-1.0,SL,2020Q2,2020,3
1132,26261,2020-04-28 07:00:00,26263,2020-04-28 08:00:00,BUY,1698.3,1692.7210714285713,1692.7210714285713,1706.6683928571429,0.1,-56.489285714286055,-557.8928571428605,-1.0,SL,2020Q2,2020,2
1133,26264,2020-04-28 08:30:00,26266,2020-04-28 09:30:00,BUY,1694.2,1702.444642857143,1688.7035714285714,1702.444642857143,0.1,81.74642857142935,824.4642857142935,1.4685615295778265,TP,2020Q2,2020,2
1134,26358,2020-04-30 09:30:00,26367,2020-04-30 14:00:00,SELL,1719.18,1712.2178571428572,1723.8214285714287,1712.2178571428572,0.1,68.92142857142908,696.2142857142908,1.4628562765312312,TP,2020Q2,2020,9
1135,26392,2020-05-01 03:30:00,26402,2020-05-01 08:30:00,BUY,1684.01,1676.9407142857142,1676.9407142857142,1694.6139285714285,0.1,-71.39285714285798,-706.9285714285797,-1.0,SL,2020Q2,2020,10
1136,26403,2020-05-01 09:00:00,26412,2020-05-01 13:30:00,BUY,1671.88,1680.5344642857144,1666.1103571428573,1680.5344642857144,0.1,85.84464285714311,865.4464285714312,1.470032413919657,TP,2020Q2,2020,9
1137,26608,2020-05-07 19:30:00,26608,2020-05-07 19:30:00,SELL,1709.25,1716.1167857142857,1716.1167857142857,1698.9498214285713,0.1,-69.36785714285698,-686.6785714285697,-1.0,SL,2020Q2,2020,0
1138,26609,2020-05-07 20:00:00,26639,2020-05-08 12:00:00,SELL,1715.4,1722.5239285714288,1722.5239285714288,1704.7141071428573,0.1,-71.93928571428678,-712.3928571428678,-1.0,SL,2020Q2,2020,30
1139,26641,2020-05-08 13:00:00,26646,2020-05-08 15:30:00,SELL,1721.57,1713.9907142857144,1726.6228571428571,1713.9907142857144,0.1,75.0928571428556,757.9285714285561,1.4658393753485337,TP,2020Q2,2020,5
1140,26688,2020-05-11 13:30:00,26691,2020-05-11 15:00:00,BUY,1695.97,1704.26125,1690.4425,1704.26125,0.1,82.2124999999999,829.1249999999991,1.4687360428763039,TP,2020Q2,2020,3
1141,26805,2020-05-14 03:00:00,26814,2020-05-14 07:30:00,SELL,1718.24,1711.5478571428573,1722.7014285714286,1711.5478571428573,0.1,66.22142857142698,669.2142857142699,1.4613808322824462,TP,2020Q2,2020,9
1142,26833,2020-05-14 17:00:00,26876,2020-05-15 15:30:00,SELL,1731.96,1738.755,1738.755,1721.7675,0.1,-68.65000000000073,-679.5000000000073,-1.0,SL,2020Q2,2020,43
1143,26878,2020-05-15 16:30:00,26879,2020-05-15 17:00:00,SELL,1743.17,1733.8212500000002,1749.4025,1733.8212500000002,0.1,92.78749999999881,934.8749999999882,1.4722332407774865,TP,2020Q2,2020,1
1144,26897,2020-05-18 03:00:00,26923,2020-05-18 16:00:00,SELL,1757.74,1745.0998214285714,1766.1667857142859,1745.0998214285714,0.1,125.70178571428578,1264.0178571428578,1.4794039762935298,TP,2020Q2,2020,26
1145,26957,2020-05-19 10:00:00,26960,2020-05-19 11:30:00,BUY,1729.08,1735.605,1724.73,1735.605,0.1,64.5500000000009,652.5000000000091,1.460407239819055,TP,2020Q2,2020,3
1146,26993,2020-05-20 05:00:00,27014,2020-05-20 15:30:00,SELL,1749.82,1744.1226785714284,1753.6182142857142,1744.1226785714284,0.1,56.27321428571513,569.7321428571513,1.454759486658694,TP,2020Q2,2020,21
1147,27049,2020-05-21 10:00:00,27052,2020-05-21 11:30:00,BUY,1736.03,1731.6532142857143,1731.6532142857143,1742.5951785714285,0.1,-44.467857142856886,-437.67857142856883,-1.0,SL,2020Q2,2020,3
1148,27055,2020-05-21 13:00:00,27059,2020-05-21 15:00:00,BUY,1732.91,1739.9717857142857,1728.202142857143,1739.9717857142857,0.1,69.91785714285633,706.1785714285634,1.4633727014501183,TP,2020Q2,2020,4
1149,27065,2020-05-21 18:00:00,27094,2020-05-22 09:30:00,BUY,1721.65,1732.9417857142857,1714.122142857143,1732.9417857142857,0.1,112.21785714285652,1129.1785714285652,1.4769671899971795,TP,2020Q2,2020,29
1150,27139,2020-05-25 09:00:00,27144,2020-05-25 11:30:00,BUY,1725.12,1729.3483928571427,1722.3010714285713,1729.3483928571427,0.1,41.583928571428075,422.8392857142808,1.4394239090122003,TP,2020Q2,2020,5
1151,27195,2020-05-26 18:00:00,27229,2020-05-27 12:00:00,BUY,1712.07,1704.6,1704.6,1723.2749999999999,0.1,-75.40000000000028,-747.0000000000027,-1.0,SL,2020Q2,2020,34
1152,27234,2020-05-27 14:30:00,27234,2020-05-27 14:30:00,BUY,1704.66,1700.6142857142856,1700.6142857142856,1710.7285714285717,0.1,-41.15714285714439,-404.5714285714439,-1.0,SL,2020Q2,2020,0
1153,27235,2020-05-27 15:00:00,27237,2020-05-27 16:00:00,BUY,1701.04,1696.3685714285714,1696.3685714285714,1708.047142857143,0.1,-47.41428571428578,-467.1428571428578,-1.0,SL,2020Q2,2020,2
1154,27238,2020-05-27 16:30:00,27238,2020-05-27 16:30:00,BUY,1694.2,1701.9914285714287,1689.0057142857142,1701.9914285714287,0.1,77.21428571428696,779.1428571428696,1.4667571234735417,TP,2020Q2,2020,0
1155,27276,2020-05-28 12:30:00,27276,2020-05-28 12:30:00,SELL,1721.01,1724.7139285714286,1724.7139285714286,1715.454107142857,0.1,-37.739285714286055,-370.3928571428605,-1.0,SL,2020Q2,2020,0
1156,27277,2020-05-28 13:00:00,27290,2020-05-28 19:30:00,SELL,1724.31,1718.4551785714286,1728.2132142857142,1718.4551785714286,0.1,57.84821428571313,585.4821428571313,1.4559550561797465,TP,2020Q2,2020,13
1157,27333,2020-05-29 18:00:00,27354,2020-06-01 05:30:00,SELL,1734.76,1740.3742857142856,1740.3742857142856,1726.3385714285714,0.1,-56.84285714285643,-561.4285714285643,-1.0,SL,2020Q2,2020,21
1158,27360,2020-06-01 08:30:00,27366,2020-06-01 11:30:00,SELL,1742.46,1736.0442857142857,1746.7371428571428,1736.0442857142857,0.1,63.457142857143296,641.571428571433,1.4597436740059662,TP,2020Q2,2020,6
1159,27428,2020-06-02 19:30:00,27457,2020-06-03 11:00:00,BUY,1724.56,1718.0092857142856,1718.0092857142856,1734.3860714285713,0.1,-66.20714285714321,-655.0714285714321,-1.0,SL,2020Q2,2020,29
1160,27458,2020-06-03 11:30:00,27458,2020-06-03 11:30:00,BUY,1718.6,1714.3025,1714.3025,1725.0462499999999,0.1,-43.674999999999,-429.74999999999,-1.0,SL,2020Q2,2020,0
1161,27459,2020-06-03 12:00:00,27465,2020-06-03 15:00:00,BUY,1717.55,1724.5346428571427,1712.8935714285715,1724.5346428571427,0.1,69.14642857142717,698.4642857142717,1.4629741574731743,TP,2020Q2,2020,6
1162,27467,2020-06-03 16:00:00,27469,2020-06-03 17:00:00,BUY,1709.27,1702.2842857142857,1702.2842857142857,1719.7485714285715,0.1,-70.55714285714267,-698.5714285714266,-1.0,SL,2020Q2,2020,2
1163,27470,2020-06-03 17:30:00,27505,2020-06-04 12:00:00,BUY,1694.89,1708.0669642857144,1686.1053571428572,1708.0669642857144,0.1,131.0696428571435,1317.6964285714348,1.4802363570362604,TP,2020Q2,2020,35
1164,27559,2020-06-05 16:00:00,27559,2020-06-05 16:00:00,BUY,1687.38,1679.799642857143,1679.799642857143,1698.750535714286,0.1,-76.5035714285711,-758.035714285711,-1.0,SL,2020Q2,2020,0
1165,27560,2020-06-05 16:30:00,27560,2020-06-05 16:30:00,BUY,1687.26,1678.7625,1678.7625,1700.00625,0.1,-85.67499999999946,-849.7499999999945,-1.0,SL,2020Q2,2020,0
1166,27561,2020-06-05 17:00:00,27562,2020-06-05 17:30:00,BUY,1680.34,1671.262857142857,1671.262857142857,1693.955714285714,0.1,-91.47142857142917,-907.7142857142917,-1.0,SL,2020Q2,2020,1
1167,27563,2020-06-05 18:00:00,27589,2020-06-08 08:00:00,BUY,1675.08,1690.2771428571427,1664.9485714285713,1690.2771428571427,0.1,151.2714285714281,1519.7142857142808,1.4828455398403475,TP,2020Q2,2020,26
1168,27628,2020-06-09 04:30:00,27629,2020-06-09 05:00:00,SELL,1703.68,1697.34625,1707.9025000000001,1697.34625,0.1,62.63750000000009,633.3750000000009,1.4592312172393451,TP,2020Q2,2020,1
1169,27645,2020-06-09 13:00:00,27650,2020-06-09 15:30:00,SELL,1708.74,1714.2128571428573,1714.2128571428573,1700.5307142857143,0.1,-55.42857142857265,-547.2857142857265,-1.0,SL,2020Q2,2020,5
1170,27651,2020-06-09 16:00:00,27694,2020-06-10 14:30:00,SELL,1716.25,1723.1960714285715,1723.1960714285715,1705.8308928571428,0.1,-70.16071428571486,-694.6071428571486,-1.0,SL,2020Q2,2020,43
1171,27695,2020-06-10 15:00:00,27701,2020-06-10 18:00:00,SELL,1723.57,1717.4660714285715,1727.6392857142855,1717.4660714285715,0.1,60.339285714284685,610.3928571428469,1.4577221742882054,TP,2020Q2,2020,6
1172,27711,2020-06-10 23:00:00,27740,2020-06-11 14:30:00,SELL,1738.34,1724.639107142857,1747.4739285714284,1724.639107142857,0.1,136.3089285714289,1370.089285714289,1.480986380039604,TP,2020Q2,2020,29
1173,27821,2020-06-15 09:00:00,27823,2020-06-15 10:00:00,BUY,1722.26,1718.3535714285713,1718.3535714285713,1728.119642857143,0.1,-39.764285714287055,-390.6428571428705,-1.0,SL,2020Q2,2020,2
1174,27824,2020-06-15 10:30:00,27828,2020-06-15 12:30:00,BUY,1716.88,1712.0135714285716,1712.0135714285716,1724.179642857143,0.1,-49.364285714285145,-486.6428571428514,-1.0,SL,2020Q2,2020,4
1175,27829,2020-06-15 13:00:00,27829,2020-06-15 13:00:00,BUY,1714.21,1708.2410714285716,1708.2410714285716,1723.163392857143,0.1,-60.38928571428478,-596.8928571428478,-1.0,SL,2020Q2,2020,0
1176,27830,2020-06-15 13:30:00,27834,2020-06-15 15:30:00,BUY,1711.71,1705.1646428571428,1705.1646428571428,1721.5280357142858,0.1,-66.15357142857256,-654.5357142857256,-1.0,SL,2020Q2,2020,4
1177,27835,2020-06-15 16:00:00,27838,2020-06-15 17:30:00,BUY,1707.65,1718.8694642857142,1700.1703571428573,1718.8694642857142,0.1,111.49464285714139,1121.946428571414,1.4768200955579582,TP,2020Q2,2020,3
1178,27921,2020-06-17 13:00:00,27927,2020-06-17 16:00:00,BUY,1715.25,1722.020892857143,1710.7360714285714,1722.020892857143,0.1,67.00892857143053,677.0892857143053,1.4618231398520165,TP,2020Q2,2020,6
1179,28009,2020-06-19 11:00:00,28017,2020-06-19 15:00:00,SELL,1731.9,1734.8582142857144,1734.8582142857144,1727.4626785714288,0.1,-30.28214285714348,-295.8214285714348,-1.0,SL,2020Q2,2020,8
1180,28024,2020-06-19 18:30:00,28035,2020-06-22 01:00:00,SELL,1742.71,1748.1175,1748.1175,1734.59875,0.1,-54.775000000000276,-540.7500000000027,-1.0,SL,2020Q2,2020,11
1181,28036,2020-06-22 01:30:00,28042,2020-06-22 04:30:00,SELL,1748.85,1754.1867857142856,1754.1867857142856,1740.8448214285713,0.1,-54.06785714285725,-533.6785714285725,-1.0,SL,2020Q2,2020,6
1182,28043,2020-06-22 05:00:00,28045,2020-06-22 06:00:00,SELL,1758.06,1749.8282142857142,1763.547857142857,1749.8282142857142,0.1,81.61785714285706,823.1785714285706,1.4685130445958101,TP,2020Q2,2020,2
1183,28046,2020-06-22 06:30:00,28053,2020-06-22 10:00:00,SELL,1753.9,1744.3439285714287,1760.2707142857143,1744.3439285714287,0.1,94.86071428571385,955.6071428571386,1.4728291005877785,TP,2020Q2,2020,7
1184,28068,2020-06-22 17:30:00,28069,2020-06-22 18:00:00,SELL,1759.97,1750.2130357142858,1766.474642857143,1750.2130357142858,0.1,96.86964285714275,975.6964285714275,1.473382584605339,TP,2020Q2,2020,1
1185,28114,2020-06-23 17:30:00,28131,2020-06-24 03:00:00,SELL,1766.78,1772.3567857142857,1772.3567857142857,1758.4148214285715,0.1,-56.46785714285734,-557.6785714285734,-1.0,SL,2020Q2,2020,17
1186,28132,2020-06-24 03:30:00,28139,2020-06-24 07:00:00,SELL,1772.88,1766.8741071428572,1776.8839285714287,1766.8741071428572,0.1,59.35892857142953,600.5892857142953,1.4570439203997823,TP,2020Q2,2020,7
1187,28149,2020-06-24 12:00:00,28151,2020-06-24 13:00:00,SELL,1775.06,1779.1882142857141,1779.1882142857141,1768.8676785714285,0.1,-41.98214285714194,-412.82142857141935,-1.0,SL,2020Q2,2020,2
1188,28152,2020-06-24 13:30:00,28156,2020-06-24 15:30:00,SELL,1776.78,1770.2389285714285,1781.1407142857142,1770.2389285714285,0.1,64.71071428571513,654.1071428571513,1.4605029824278828,TP,2020Q2,2020,4
1189,28251,2020-06-26 17:00:00,28253,2020-06-26 18:00:00,BUY,1750.26,1758.2282142857146,1744.947857142857,1758.2282142857146,0.1,78.98214285714566,796.8214285714566,1.4674850696748516,TP,2020Q2,2020,2
1190,28346,2020-06-30 18:30:00,28387,2020-07-01 16:00:00,SELL,1783.53,1774.9398214285713,1789.2567857142858,1774.9398214285713,0.1,85.20178571428623,859.0178571428623,1.469810855769804,TP,2020Q2,2020,41
1191,28433,2020-07-02 16:00:00,28433,2020-07-02 16:00:00,BUY,1760.25,1767.2217857142857,1755.6021428571428,1767.2217857142857,0.1,69.01785714285715,697.1785714285716,1.4629068887206425,TP,2020Q3,2020,0
1192,28516,2020-07-06 15:30:00,28518,2020-07-06 16:30:00,SELL,1782.78,1786.3842857142856,1786.3842857142856,1777.3735714285715,0.1,-36.74285714285652,-360.4285714285652,-1.0,SL,2020Q3,2020,2
1193,28536,2020-07-07 02:30:00,28552,2020-07-07 10:30:00,SELL,1785.96,1781.7894642857143,1788.7403571428572,1781.7894642857143,0.1,41.005357142857335,417.0535714285734,1.4386041849392308,TP,2020Q3,2020,16
1194,28566,2020-07-07 17:30:00,28599,2020-07-08 11:00:00,SELL,1793.71,1799.097142857143,1799.097142857143,1785.6292857142857,0.1,-54.571428571428626,-538.7142857142862,-1.0,SL,2020Q3,2020,33
1195,28600,2020-07-08 11:30:00,28602,2020-07-08 12:30:00,SELL,1799.91,1803.1457142857143,1803.1457142857143,1795.0564285714286,0.1,-33.057142857142665,-323.5714285714266,-1.0,SL,2020Q3,2020,2
1196,28603,2020-07-08 13:00:00,28609,2020-07-08 16:00:00,SELL,1802.6,1806.1882142857141,1806.1882142857141,1797.2176785714285,0.1,-36.5821428571423,-358.821428571423,-1.0,SL,2020Q3,2020,6
1197,28610,2020-07-08 16:30:00,28611,2020-07-08 17:00:00,SELL,1811.85,1816.8075,1816.8075,1804.41375,0.1,-50.27499999999982,-495.7499999999982,-1.0,SL,2020Q3,2020,1
1198,28612,2020-07-08 17:30:00,28630,2020-07-09 03:30:00,SELL,1815.65,1806.4025000000001,1821.815,1806.4025000000001,0.1,91.77499999999945,924.7499999999945,1.4719326383319966,TP,2020Q3,2020,18
1199,28638,2020-07-09 07:30:00,28642,2020-07-09 09:30:00,SELL,1811.08,1813.675,1813.675,1807.1875,0.1,-26.650000000000272,-259.50000000000273,-1.0,SL,2020Q3,2020,4
1200,28643,2020-07-09 10:00:00,28650,2020-07-09 13:30:00,SELL,1813.69,1808.8701785714286,1816.9032142857143,1808.8701785714286,0.1,47.49821428571458,481.98214285714585,1.446698575002753,TP,2020Q3,2020,7
1201,28686,2020-07-10 08:30:00,28686,2020-07-10 08:30:00,BUY,1799.13,1796.5628571428572,1796.5628571428572,1802.9807142857144,0.1,-26.37142857142926,-256.7142857142926,-1.0,SL,2020Q3,2020,0
1202,28687,2020-07-10 09:00:00,28691,2020-07-10 11:00:00,BUY,1796.38,1800.5666071428573,1793.5889285714286,1800.5666071428573,0.1,41.166071428571556,418.6607142857156,1.4388341031081882,TP,2020Q3,2020,4
1203,28899,2020-07-16 23:00:00,28922,2020-07-17 11:30:00,BUY,1795.46,1802.0396428571428,1791.0735714285715,1802.0396428571428,0.1,65.09642857142744,657.9642857142744,1.4607308863599928,TP,2020Q3,2020,23
1204,28930,2020-07-17 15:30:00,28931,2020-07-17 16:00:00,SELL,1807.08,1809.4339285714286,1809.4339285714286,1803.549107142857,0.1,-24.23928571428696,-235.39285714286962,-1.0,SL,2020Q3,2020,1
1205,28936,2020-07-17 18:30:00,28974,2020-07-20 14:30:00,SELL,1810.38,1813.8353571428572,1813.8353571428572,1805.1969642857143,0.1,-35.25357142857111,-345.53571428571104,-1.0,SL,2020Q3,2020,38
1206,28975,2020-07-20 15:00:00,28976,2020-07-20 15:30:00,SELL,1814.97,1817.925,1817.925,1810.5375,0.1,-30.24999999999927,-295.4999999999927,-1.0,SL,2020Q3,2020,1
1207,28978,2020-07-20 16:30:00,28980,2020-07-20 17:30:00,SELL,1816.63,1820.0928571428574,1820.0928571428574,1811.4357142857143,0.1,-35.328571428572744,-346.2857142857274,-1.0,SL,2020Q3,2020,2
1208,28996,2020-07-21 02:30:00,29003,2020-07-21 06:00:00,SELL,1817.74,1819.9342857142858,1819.9342857142858,1814.4485714285713,0.1,-22.642857142857974,-219.42857142857974,-1.0,SL,2020Q3,2020,7
1209,29005,2020-07-21 07:00:00,29010,2020-07-21 09:30:00,SELL,1819.74,1821.9439285714286,1821.9439285714286,1816.434107142857,0.1,-22.73928571428605,-220.39285714286052,-1.0,SL,2020Q3,2020,5
1210,29011,2020-07-21 10:00:00,29017,2020-07-21 13:00:00,SELL,1822.68,1825.6682142857144,1825.6682142857144,1818.1976785714287,0.1,-30.582142857143207,-298.8214285714321,-1.0,SL,2020Q3,2020,6
1211,29018,2020-07-21 13:30:00,29021,2020-07-21 15:00:00,SELL,1825.46,1828.7235714285714,1828.7235714285714,1820.5646428571429,0.1,-33.33571428571368,-326.35714285713675,-1.0,SL,2020Q3,2020,3
1212,29022,2020-07-21 15:30:00,29041,2020-07-22 02:00:00,SELL,1839.3,1844.0367857142858,1844.0367857142858,1832.1948214285712,0.1,-48.06785714285816,-473.67857142858156,-1.0,SL,2020Q3,2020,19
1213,29042,2020-07-22 02:30:00,29045,2020-07-22 04:00:00,SELL,1842.51,1845.9642857142858,1845.9642857142858,1837.3285714285714,0.1,-35.242857142857886,-345.42857142857883,-1.0,SL,2020Q3,2020,3
1214,29046,2020-07-22 04:30:00,29060,2020-07-22 11:30:00,SELL,1856.37,1847.7830357142855,1862.0946428571428,1847.7830357142855,0.1,85.1696428571443,858.696428571443,1.4697996918335905,TP,2020Q3,2020,14
1215,29065,2020-07-22 14:00:00,29069,2020-07-22 16:00:00,SELL,1858.8,1848.946607142857,1865.3689285714286,1848.946607142857,0.1,97.83392857143035,985.3392857143035,1.473640324923359,TP,2020Q3,2020,4
1216,29076,2020-07-22 19:30:00,29105,2020-07-23 11:00:00,SELL,1869.5,1878.4067857142857,1878.4067857142857,1856.1398214285716,0.1,-89.76785714285661,-890.6785714285661,-1.0,SL,2020Q3,2020,29
1217,29106,2020-07-23 11:30:00,29106,2020-07-23 11:30:00,SELL,1881.03,1885.9875000000002,1885.9875000000002,1873.5937499999998,0.1,-50.275000000002095,-495.7500000000209,-1.0,SL,2020Q3,2020,0
1218,29107,2020-07-23 12:00:00,29113,2020-07-23 15:00:00,SELL,1881.92,1873.6399999999999,1887.44,1873.6399999999999,0.1,82.100000000002,828.00000000002,1.4686940966011137,TP,2020Q3,2020,6
1219,29120,2020-07-23 18:30:00,29125,2020-07-23 21:00:00,SELL,1893.58,1880.115357142857,1902.5564285714286,1880.115357142857,0.1,133.94642857142964,1346.4642857142962,1.4806553493880776,TP,2020Q3,2020,5
1220,29151,2020-07-24 11:00:00,29161,2020-07-24 16:00:00,SELL,1896.24,1902.1617857142858,1902.1617857142858,1887.3573214285716,0.1,-59.91785714285761,-592.1785714285761,-1.0,SL,2020Q3,2020,10
1221,29162,2020-07-24 16:30:00,29179,2020-07-27 02:00:00,SELL,1905.73,1913.0917857142858,1913.0917857142858,1894.6873214285713,0.1,-74.31785714285816,-736.1785714285816,-1.0,SL,2020Q3,2020,17
1222,29180,2020-07-27 02:30:00,29181,2020-07-27 03:00:00,SELL,1911.31,1915.9096428571427,1915.9096428571427,1904.4105357142857,0.1,-46.69642857142726,-459.9642857142726,-1.0,SL,2020Q3,2020,1
1223,29182,2020-07-27 03:30:00,29186,2020-07-27 05:30:00,SELL,1918.24,1923.2757142857142,1923.2757142857142,1910.6864285714287,0.1,-51.05714285714221,-503.5714285714221,-1.0,SL,2020Q3,2020,4
1224,29187,2020-07-27 06:00:00,29187,2020-07-27 06:00:00,SELL,1928.76,1935.972857142857,1935.972857142857,1917.9407142857144,0.1,-72.82857142857047,-721.2857142857047,-1.0,SL,2020Q3,2020,0
1225,29188,2020-07-27 06:30:00,29198,2020-07-27 11:30:00,SELL,1933.6,1942.4553571428569,1942.4553571428569,1920.3169642857142,0.1,-89.25357142856974,-885.5357142856974,-1.0,SL,2020Q3,2020,10
1226,29199,2020-07-27 12:00:00,29224,2020-07-28 01:30:00,SELL,1940.06,1948.7064285714284,1948.7064285714284,1927.090357142857,0.1,-87.16428571428487,-864.6428571428487,-1.0,SL,2020Q3,2020,25
1227,29225,2020-07-28 02:00:00,29225,2020-07-28 02:00:00,SELL,1948.54,1955.5675,1955.5675,1937.99875,0.1,-70.97500000000146,-702.7500000000146,-1.0,SL,2020Q3,2020,0
1228,29226,2020-07-28 02:30:00,29226,2020-07-28 02:30:00,SELL,1954.38,1961.64,1961.64,1943.49,0.1,-73.29999999999991,-725.9999999999991,-1.0,SL,2020Q3,2020,0
1229,29227,2020-07-28 03:00:00,29229,2020-07-28 04:00:00,SELL,1964.99,1972.9892857142859,1972.9892857142859,1952.9910714285713,0.1,-80.69285714285861,-799.9285714285861,-1.0,SL,2020Q3,2020,2
1230,29230,2020-07-28 04:30:00,29233,2020-07-28 06:00:00,SELL,1974.34,1959.6860714285713,1984.1092857142858,1959.6860714285713,0.1,145.83928571428652,1465.392857142865,1.4822141560798436,TP,2020Q3,2020,3
1231,29370,2020-07-31 05:30:00,29376,2020-07-31 08:30:00,SELL,1967.35,1972.702857142857,1972.702857142857,1959.320714285714,0.1,-54.22857142857147,-535.2857142857147,-1.0,SL,2020Q3,2020,6
1232,29377,2020-07-31 09:00:00,29379,2020-07-31 10:00:00,SELL,1972.31,1978.057142857143,1978.057142857143,1963.6892857142857,0.1,-58.1714285714299,-574.714285714299,-1.0,SL,2020Q3,2020,2
1233,29487,2020-08-04 18:00:00,29489,2020-08-04 19:00:00,SELL,1991.82,1999.640357142857,1999.640357142857,1980.0894642857143,0.1,-78.9035714285712,-782.035714285712,-1.0,SL,2020Q3,2020,2
1234,29491,2020-08-04 20:00:00,29493,2020-08-04 21:00:00,SELL,1999.45,2008.4114285714286,2008.4114285714286,1986.0078571428571,0.1,-90.31428571428542,-896.1428571428542,-1.0,SL,2020Q3,2020,2
1235,29494,2020-08-04 21:30:00,29496,2020-08-04 22:30:00,SELL,2008.25,2017.6860714285715,2017.6860714285715,1994.0958928571429,0.1,-95.06071428571495,-943.6071428571495,-1.0,SL,2020Q3,2020,2
1236,29497,2020-08-04 23:00:00,29502,2020-08-05 02:30:00,SELL,2017.23,2027.3110714285715,2027.3110714285715,2002.108392857143,0.1,-101.51071428571477,-1008.1071428571477,-1.0,SL,2020Q3,2020,5
1237,29503,2020-08-05 03:00:00,29504,2020-08-05 03:30:00,SELL,2030.79,2017.2675,2039.8049999999998,2017.2675,0.1,134.52500000000038,1352.2500000000036,1.48073747936161,TP,2020Q3,2020,1
1238,29505,2020-08-05 04:00:00,29516,2020-08-05 09:30:00,SELL,2020.81,2030.4689285714285,2030.4689285714285,2006.3216071428571,0.1,-97.28928571428533,-965.8928571428532,-1.0,SL,2020Q3,2020,11
1239,29517,2020-08-05 10:00:00,29524,2020-08-05 13:30:00,SELL,2033.45,2042.0417857142857,2042.0417857142857,2020.5623214285715,0.1,-86.61785714285607,-859.1785714285606,-1.0,SL,2020Q3,2020,7
1240,29525,2020-08-05 14:00:00,29531,2020-08-05 17:00:00,SELL,2041.17,2049.945,2049.945,2028.0075000000002,0.1,-88.45000000000091,-877.5000000000091,-1.0,SL,2020Q3,2020,6
1241,29532,2020-08-05 17:30:00,29535,2020-08-05 19:00:00,SELL,2050.53,2035.2958928571431,2060.6860714285717,2035.2958928571431,0.1,151.64107142857057,1523.4107142857056,1.4828868787762153,TP,2020Q3,2020,3
1242,29552,2020-08-06 04:30:00,29560,2020-08-06 08:30:00,SELL,2042.45,2047.9035714285715,2047.9035714285715,2034.2696428571428,0.1,-55.235714285714224,-545.3571428571422,-1.0,SL,2020Q3,2020,8
1243,29561,2020-08-06 09:00:00,29565,2020-08-06 11:00:00,SELL,2049.23,2041.9078571428572,2054.1114285714284,2041.9078571428572,0.1,72.52142857142807,732.2142857142808,1.4646566647432644,TP,2020Q3,2020,4
1244,29566,2020-08-06 11:30:00,29572,2020-08-06 14:30:00,SELL,2050.62,2057.25,2057.25,2040.675,0.1,-67.0000000000011,-663.0000000000109,-1.0,SL,2020Q3,2020,6
1245,29573,2020-08-06 15:00:00,29576,2020-08-06 16:30:00,SELL,2059.12,2067.2242857142855,2067.2242857142855,2046.9635714285714,0.1,-81.74285714285652,-810.4285714285652,-1.0,SL,2020Q3,2020,3
1246,29577,2020-08-06 17:00:00,29579,2020-08-06 18:00:00,SELL,2066.55,2051.8928571428573,2076.321428571429,2051.8928571428573,0.1,145.87142857142845,1465.7142857142844,1.482218028741449,TP,2020Q3,2020,2
1247,29592,2020-08-07 01:30:00,29602,2020-08-07 06:30:00,SELL,2070.04,2057.0639285714283,2078.6907142857144,2057.0639285714283,0.1,129.06071428571687,1297.6071428571686,1.4799328364321407,TP,2020Q3,2020,10
1248,29624,2020-08-07 17:30:00,29629,2020-08-07 20:00:00,BUY,2028.58,2016.185714285714,2016.185714285714,2047.1714285714286,0.1,-124.64285714285843,-1239.4285714285843,-1.0,SL,2020Q3,2020,5
1249,29630,2020-08-07 20:30:00,29668,2020-08-10 16:30:00,BUY,2018.27,2041.5125,2002.7749999999999,2041.5125,0.1,231.72500000000065,2324.2500000000064,1.4887568262126496,TP,2020Q3,2020,38
1250,29698,2020-08-11 08:30:00,29698,2020-08-11 08:30:00,BUY,2013.5,2006.7842857142857,2006.7842857142857,2023.5735714285715,0.1,-67.85714285714285,-671.5714285714284,-1.0,SL,2020Q3,2020,0
1251,29699,2020-08-11 09:00:00,29699,2020-08-11 09:00:00,BUY,2009.12,2001.5396428571428,2001.5396428571428,2020.4905357142857,0.1,-76.5035714285711,-758.035714285711,-1.0,SL,2020Q3,2020,0
1252,29700,2020-08-11 09:30:00,29703,2020-08-11 11:00:00,BUY,1993.39,1983.7610714285715,1983.7610714285715,2007.833392857143,0.1,-96.9892857142856,-962.892857142856,-1.0,SL,2020Q3,2020,3
1253,29704,2020-08-11 11:30:00,29710,2020-08-11 14:30:00,BUY,1986.28,1975.347142857143,1975.347142857143,2002.6792857142857,0.1,-110.02857142857074,-1093.2857142857074,-1.0,SL,2020Q3,2020,6
1254,29711,2020-08-11 15:00:00,29712,2020-08-11 15:30:00,BUY,1978.21,1964.0746428571429,1964.0746428571429,1999.4130357142858,0.1,-142.05357142857173,-1413.5357142857174,-1.0,SL,2020Q3,2020,1
1255,29713,2020-08-11 16:00:00,29713,2020-08-11 16:00:00,BUY,1963.71,1947.9803571428572,1947.9803571428572,1987.3044642857144,0.1,-157.99642857142834,-1572.9642857142835,-1.0,SL,2020Q3,2020,0
1256,29714,2020-08-11 16:30:00,29718,2020-08-11 18:30:00,BUY,1954.5,1938.3932142857143,1938.3932142857143,1978.6601785714286,0.1,-161.76785714285705,-1610.6785714285706,-1.0,SL,2020Q3,2020,4
1257,29719,2020-08-11 19:00:00,29722,2020-08-11 20:30:00,BUY,1943.38,1925.5953571428572,1925.5953571428572,1970.0569642857145,0.1,-178.54642857142898,-1778.4642857142899,-1.0,SL,2020Q3,2020,3
1258,29723,2020-08-11 21:00:00,29727,2020-08-11 23:00:00,BUY,1925.62,1906.0610714285713,1906.0610714285713,1954.9583928571428,0.1,-196.28928571428622,-1955.8928571428623,-1.0,SL,2020Q3,2020,4
1259,29728,2020-08-11 23:30:00,29736,2020-08-12 04:30:00,BUY,1909.23,1891.5546428571429,1891.5546428571429,1935.7430357142857,0.1,-177.45357142857137,-1767.5357142857138,-1.0,SL,2020Q3,2020,8
1260,29737,2020-08-12 05:00:00,29741,2020-08-12 07:00:00,BUY,1891.09,1872.1782142857141,1872.1782142857141,1919.4576785714287,0.1,-189.8178571428577,-1891.178571428577,-1.0,SL,2020Q3,2020,4
1261,29742,2020-08-12 07:30:00,29745,2020-08-12 09:00:00,BUY,1867.47,1898.0989285714288,1847.0507142857143,1898.0989285714288,0.1,305.5892857142879,3062.8928571428787,1.4914589506710936,TP,2020Q3,2020,3
1262,29898,2020-08-17 16:30:00,29898,2020-08-17 16:30:00,SELL,1965.83,1973.0674999999999,1973.0674999999999,1954.9737499999999,0.1,-73.07499999999955,-723.7499999999955,-1.0,SL,2020Q3,2020,0
1263,29899,2020-08-17 17:00:00,29899,2020-08-17 17:00:00,SELL,1972.88,1980.4153571428571,1980.4153571428571,1961.5769642857144,0.1,-76.05357142857038,-753.5357142857038,-1.0,SL,2020Q3,2020,0
1264,29900,2020-08-17 17:30:00,29905,2020-08-17 20:00:00,SELL,1982.13,1990.5010714285715,1990.5010714285715,1969.573392857143,0.1,-84.4107142857144,-837.107142857144,-1.0,SL,2020Q3,2020,5
1265,29906,2020-08-17 20:30:00,29928,2020-08-18 08:30:00,SELL,1988.28,1997.847857142857,1997.847857142857,1973.9282142857144,0.1,-96.37857142857065,-956.7857142857065,-1.0,SL,2020Q3,2020,22
1266,29929,2020-08-18 09:00:00,29929,2020-08-18 09:00:00,SELL,1997.87,2005.0271428571427,2005.0271428571427,1987.1342857142856,0.1,-72.27142857142844,-715.7142857142844,-1.0,SL,2020Q3,2020,0
1267,29930,2020-08-18 09:30:00,29942,2020-08-18 15:30:00,SELL,2005.44,2013.4328571428573,2013.4328571428573,1993.4507142857144,0.1,-80.62857142857247,-799.2857142857247,-1.0,SL,2020Q3,2020,12
1268,29943,2020-08-18 16:00:00,29945,2020-08-18 17:00:00,SELL,2013.52,2000.5841071428572,2022.1439285714287,2000.5841071428572,0.1,128.6589285714279,1293.589285714279,1.4798710101466281,TP,2020Q3,2020,2
1269,29993,2020-08-19 18:00:00,29999,2020-08-19 21:00:00,BUY,1964.91,1952.7675,1952.7675,1983.1237500000002,0.1,-122.12500000000155,-1214.2500000000155,-1.0,SL,2020Q3,2020,6
1270,30000,2020-08-19 21:30:00,30003,2020-08-19 23:00:00,BUY,1945.24,1928.1860714285715,1928.1860714285715,1970.8208928571428,0.1,-171.23928571428513,-1705.3928571428514,-1.0,SL,2020Q3,2020,3
1271,30004,2020-08-19 23:30:00,30124,2020-08-24 14:30:00,BUY,1929.3,1949.81,1909.7989285714286,1958.5516071428572,0.1,204.39999999999992,2050.999999999999,1.0443986204127866,TIME_EXIT,2020Q3,2020,120
1272,30234,2020-08-26 23:30:00,30251,2020-08-27 09:00:00,SELL,1954.03,1938.3683928571427,1964.4710714285716,1938.3683928571427,0.1,155.91607142857293,1566.1607142857292,1.4833508885188982,TP,2020Q3,2020,17
1273,30266,2020-08-27 16:30:00,30266,2020-08-27 16:30:00,SELL,1970.26,1953.3094642857143,1981.5603571428571,1953.3094642857143,0.1,168.80535714285708,1695.0535714285706,1.4846091026164525,TP,2020Q3,2020,0
1274,30303,2020-08-28 12:00:00,30308,2020-08-28 14:30:00,SELL,1956.1,1963.6996428571429,1963.6996428571429,1944.7005357142857,0.1,-76.69642857142954,-759.9642857142953,-1.0,SL,2020Q3,2020,5
1275,30309,2020-08-28 15:00:00,30316,2020-08-28 18:30:00,SELL,1962.25,1971.2821428571428,1971.2821428571428,1948.7017857142857,0.1,-91.02142857142844,-903.2142857142844,-1.0,SL,2020Q3,2020,7
1276,30318,2020-08-28 19:30:00,30346,2020-08-31 10:30:00,SELL,1971.74,1955.6525000000001,1982.465,1955.6525000000001,0.1,160.17499999999865,1608.7499999999864,1.4837887911069938,TP,2020Q3,2020,28
1277,30382,2020-09-01 05:30:00,30384,2020-09-01 06:30:00,SELL,1983.42,1989.2250000000001,1989.2250000000001,1974.7125,0.1,-58.75000000000064,-580.5000000000064,-1.0,SL,2020Q3,2020,2
1278,30385,2020-09-01 07:00:00,30391,2020-09-01 10:00:00,SELL,1983.98,1990.0164285714286,1990.0164285714286,1974.9253571428571,0.1,-61.06428571428587,-603.6428571428587,-1.0,SL,2020Q3,2020,6
1279,30392,2020-09-01 10:30:00,30405,2020-09-01 17:00:00,SELL,1987.66,1977.6523214285717,1994.3317857142858,1977.6523214285717,0.1,99.37678571428414,1000.7678571428414,1.4740424855644099,TP,2020Q3,2020,13
1280,30452,2020-09-02 17:30:00,30481,2020-09-03 09:00:00,BUY,1942.67,1931.6942857142858,1931.6942857142858,1959.1335714285715,0.1,-110.45714285714276,-1097.5714285714275,-1.0,SL,2020Q3,2020,29
1281,30482,2020-09-03 09:30:00,30482,2020-09-03 09:30:00,BUY,1934.1,1928.0196428571428,1928.0196428571428,1943.2205357142857,0.1,-61.50357142857111,-608.035714285711,-1.0,SL,2020Q3,2020,0
1282,30483,2020-09-03 10:00:00,30495,2020-09-03 16:00:00,BUY,1930.21,1939.9171428571428,1923.7385714285715,1939.9171428571428,0.1,96.37142857142798,970.7142857142799,1.4732474339375408,TP,2020Q3,2020,12
1283,30620,2020-09-08 13:30:00,30622,2020-09-08 14:30:00,BUY,1914.97,1908.9153571428571,1908.9153571428571,1924.0519642857143,0.1,-61.24642857142881,-605.464285714288,-1.0,SL,2020Q3,2020,2
1284,30673,2020-09-09 17:00:00,30716,2020-09-10 15:30:00,SELL,1947.36,1955.6517857142856,1955.6517857142856,1934.9223214285714,0.1,-83.61785714285652,-829.1785714285652,-1.0,SL,2020Q3,2020,43
1285,30718,2020-09-10 16:30:00,30724,2020-09-10 19:30:00,SELL,1962.15,1952.3014285714287,1968.7157142857145,1952.3014285714287,0.1,97.78571428571404,984.8571428571404,1.4736275565123451,TP,2020Q3,2020,6
1286,30811,2020-09-14 17:00:00,30833,2020-09-15 05:00:00,SELL,1958.46,1964.1975,1964.1975,1949.85375,0.1,-58.07499999999955,-573.7499999999955,-1.0,SL,2020Q3,2020,22
1287,30834,2020-09-15 05:30:00,30836,2020-09-15 06:30:00,SELL,1963.8,1967.0742857142857,1967.0742857142857,1958.8885714285714,0.1,-33.44285714285725,-327.42857142857247,-1.0,SL,2020Q3,2020,2
1288,30837,2020-09-15 07:00:00,30840,2020-09-15 08:30:00,SELL,1964.59,1968.2682142857143,1968.2682142857143,1959.0726785714285,0.1,-37.48214285714376,-367.82142857143754,-1.0,SL,2020Q3,2020,3
1289,30841,2020-09-15 09:00:00,30842,2020-09-15 09:30:00,SELL,1967.64,1961.847857142857,1971.5014285714287,1961.847857142857,0.1,57.22142857143062,579.2142857143062,1.4554869186046806,TP,2020Q3,2020,1
1290,30851,2020-09-15 14:00:00,30855,2020-09-15 16:00:00,SELL,1970.66,1964.1655357142859,1974.989642857143,1964.1655357142859,0.1,64.2446428571423,649.446428571423,1.4602240441593777,TP,2020Q3,2020,4
1291,30892,2020-09-16 11:30:00,30901,2020-09-16 16:00:00,SELL,1967.69,1972.1417857142858,1972.1417857142858,1961.0123214285716,0.1,-45.21785714285734,-445.1785714285734,-1.0,SL,2020Q3,2020,9
1292,30928,2020-09-17 06:30:00,30947,2020-09-17 16:00:00,BUY,1939.82,1933.4460714285715,1933.4460714285715,1949.3808928571427,0.1,-64.43928571428451,-637.3928571428451,-1.0,SL,2020Q3,2020,19
1293,31031,2020-09-21 12:00:00,31032,2020-09-21 12:30:00,BUY,1939.01,1934.087857142857,1934.087857142857,1946.3932142857143,0.1,-49.921428571429445,-492.2142857142944,-1.0,SL,2020Q3,2020,1
1294,31033,2020-09-21 13:00:00,31037,2020-09-21 15:00:00,BUY,1931.67,1926.0460714285714,1926.0460714285714,1940.1058928571429,0.1,-56.93928571428678,-562.3928571428678,-1.0,SL,2020Q3,2020,4
1295,31038,2020-09-21 15:30:00,31039,2020-09-21 16:00:00,BUY,1923.81,1916.547857142857,1916.547857142857,1934.7032142857142,0.1,-73.32142857142863,-726.2142857142862,-1.0,SL,2020Q3,2020,1
1296,31040,2020-09-21 16:30:00,31041,2020-09-21 17:00:00,BUY,1915.87,1907.4507142857142,1907.4507142857142,1928.4989285714285,0.1,-84.89285714285707,-841.9285714285706,-1.0,SL,2020Q3,2020,1
1297,31042,2020-09-21 17:30:00,31048,2020-09-21 20:30:00,BUY,1892.59,1909.4071428571428,1881.3785714285714,1909.4071428571428,0.1,167.47142857142927,1681.7142857142926,1.4844877801696947,TP,2020Q3,2020,6
1298,31062,2020-09-22 04:30:00,31072,2020-09-22 09:30:00,BUY,1910.5,1904.2385714285715,1904.2385714285715,1919.892142857143,0.1,-63.31428571428496,-626.1428571428496,-1.0,SL,2020Q3,2020,10
1299,31075,2020-09-22 11:00:00,31085,2020-09-22 16:00:00,BUY,1900.22,1913.2410714285713,1891.5392857142858,1913.2410714285713,0.1,129.51071428571305,1302.1071428571304,1.4800016325197942,TP,2020Q3,2020,10
1300,31112,2020-09-23 06:30:00,31113,2020-09-23 07:00:00,BUY,1895.92,1890.7075,1890.7075,1903.73875,0.1,-52.82500000000091,-521.2500000000091,-1.0,SL,2020Q3,2020,1
1301,31114,2020-09-23 07:30:00,31114,2020-09-23 07:30:00,BUY,1889.19,1883.274642857143,1883.274642857143,1898.063035714286,0.1,-59.85357142857147,-591.5357142857147,-1.0,SL,2020Q3,2020,0
1302,31115,2020-09-23 08:00:00,31117,2020-09-23 09:00:00,BUY,1887.69,1881.0364285714286,1881.0364285714286,1897.6703571428573,0.1,-67.23571428571468,-665.3571428571468,-1.0,SL,2020Q3,2020,2
1303,31118,2020-09-23 09:30:00,31123,2020-09-23 12:00:00,BUY,1875.33,1887.0621428571428,1867.5085714285713,1887.0621428571428,0.1,116.6214285714289,1173.214285714289,1.4778240405503116,TP,2020Q3,2020,5
1304,31134,2020-09-23 17:30:00,31143,2020-09-23 22:00:00,BUY,1869.91,1859.4517857142857,1859.4517857142857,1885.5973214285716,0.1,-105.28214285714348,-1045.8214285714348,-1.0,SL,2020Q3,2020,9
1305,31144,2020-09-23 22:30:00,31162,2020-09-24 08:30:00,BUY,1858.91,1849.1171428571429,1849.1171428571429,1873.5992857142858,0.1,-98.62857142857202,-979.2857142857201,-1.0,SL,2020Q3,2020,18
1306,31163,2020-09-24 09:00:00,31179,2020-09-24 17:00:00,BUY,1851.8,1863.5305357142856,1843.9796428571428,1863.5305357142856,0.1,116.60535714285679,1173.053571428568,1.4778210292852938,TP,2020Q3,2020,16
1307,31285,2020-09-29 01:00:00,31291,2020-09-29 04:00:00,SELL,1880.72,1886.485357142857,1886.485357142857,1872.0719642857143,0.1,-58.35357142857056,-576.5357142857056,-1.0,SL,2020Q3,2020,6
1308,31292,2020-09-29 04:30:00,31299,2020-09-29 08:00:00,SELL,1886.04,1879.0826785714285,1890.6782142857141,1879.0826785714285,0.1,68.87321428571504,695.7321428571504,1.4628309186073447,TP,2020Q3,2020,7
1309,31330,2020-09-29 23:30:00,31341,2020-09-30 06:00:00,SELL,1897.68,1889.3180357142858,1903.254642857143,1889.3180357142858,0.1,82.91964285714293,836.1964285714294,1.4689971527997467,TP,2020Q3,2020,11
1310,31406,2020-10-01 15:30:00,31409,2020-10-01 17:00:00,SELL,1906.45,1897.6203571428573,1912.3364285714285,1897.6203571428573,0.1,87.59642857142744,882.9642857142744,1.4706199784146776,TP,2020Q4,2020,3
1311,31488,2020-10-05 10:30:00,31490,2020-10-05 11:30:00,BUY,1888.77,1895.6694642857142,1884.170357142857,1895.6694642857142,0.1,68.29464285714202,689.9464285714203,1.4625239005735657,TP,2020Q4,2020,2
1312,31502,2020-10-05 17:30:00,31546,2020-10-06 16:30:00,SELL,1914.89,1921.0592857142858,1921.0592857142858,1905.6360714285715,0.1,-62.39285714285707,-616.9285714285706,-1.0,SL,2020Q4,2020,44
1313,31559,2020-10-06 23:00:00,31560,2020-10-06 23:30:00,BUY,1888.01,1878.4614285714285,1878.4614285714285,1902.3328571428572,0.1,-96.1857142857145,-954.8571428571449,-1.0,SL,2020Q4,2020,1
1314,31561,2020-10-07 01:00:00,31578,2020-10-07 09:30:00,BUY,1878.73,1893.8660714285716,1868.6392857142857,1893.8660714285716,0.1,150.66071428571541,1513.607142857154,1.4827768014059866,TP,2020Q4,2020,17
1315,31660,2020-10-09 04:30:00,31660,2020-10-09 04:30:00,SELL,1902.88,1906.3364285714288,1906.3364285714288,1897.6953571428571,0.1,-35.2642857142866,-345.642857142866,-1.0,SL,2020Q4,2020,0
1316,31661,2020-10-09 05:00:00,31662,2020-10-09 05:30:00,SELL,1906.58,1910.1607142857142,1910.1607142857142,1901.2089285714285,0.1,-36.50714285714294,-358.07142857142935,-1.0,SL,2020Q4,2020,1
1317,31663,2020-10-09 06:00:00,31673,2020-10-09 11:00:00,SELL,1909.92,1913.8328571428574,1913.8328571428574,1904.0507142857143,0.1,-39.8285714285732,-391.28571428573196,-1.0,SL,2020Q4,2020,10
1318,31674,2020-10-09 11:30:00,31682,2020-10-09 15:30:00,SELL,1915.89,1920.304285714286,1920.304285714286,1909.2685714285715,0.1,-44.84285714285825,-441.4285714285825,-1.0,SL,2020Q4,2020,8
1319,31683,2020-10-09 16:00:00,31685,2020-10-09 17:00:00,SELL,1920.65,1925.4735714285716,1925.4735714285716,1913.414642857143,0.1,-48.935714285715406,-482.35714285715403,-1.0,SL,2020Q4,2020,2
1320,31686,2020-10-09 17:30:00,31725,2020-10-12 14:00:00,SELL,1927.85,1918.7808928571428,1933.8960714285713,1918.7808928571428,0.1,89.99107142857092,906.9107142857092,1.4713868613138683,TP,2020Q4,2020,39
1321,31754,2020-10-13 05:30:00,31763,2020-10-13 10:00:00,BUY,1912.65,1918.6253571428572,1908.6664285714287,1918.6253571428572,0.1,59.05357142857092,597.5357142857092,1.4568281938325987,TP,2020Q4,2020,9
1322,31776,2020-10-13 16:30:00,31776,2020-10-13 16:30:00,BUY,1902.42,1895.8125,1895.8125,1912.33125,0.1,-66.77500000000073,-660.7500000000073,-1.0,SL,2020Q4,2020,0
1323,31777,2020-10-13 17:00:00,31777,2020-10-13 17:00:00,BUY,1896.21,1889.0314285714287,1889.0314285714287,1906.9778571428571,0.1,-72.48571428571331,-717.8571428571331,-1.0,SL,2020Q4,2020,0
1324,31778,2020-10-13 17:30:00,31797,2020-10-14 04:00:00,BUY,1892.62,1884.877857142857,1884.877857142857,1904.2332142857142,0.1,-78.12142857142881,-774.214285714288,-1.0,SL,2020Q4,2020,19
1325,31798,2020-10-14 04:30:00,31798,2020-10-14 04:30:00,BUY,1884.57,1891.389107142857,1880.0239285714285,1891.389107142857,0.1,67.49107142857092,681.9107142857092,1.462088974854932,TP,2020Q4,2020,0
1326,31799,2020-10-14 05:00:00,31812,2020-10-14 11:30:00,BUY,1890.46,1898.03125,1885.4125000000001,1898.03125,0.1,75.01249999999963,757.1249999999964,1.4658036150464309,TP,2020Q4,2020,13
1327,31886,2020-10-16 02:30:00,31900,2020-10-16 09:30:00,SELL,1908.37,1903.4392857142857,1911.6571428571426,1903.4392857142857,0.1,48.60714285714202,493.07142857142026,1.4478723404255636,TP,2020Q4,2020,14
1328,31958,2020-10-19 15:30:00,31960,2020-10-19 16:30:00,SELL,1915.72,1908.7835714285713,1920.3442857142857,1908.7835714285713,0.1,68.66428571428678,693.6428571428678,1.4627206329884834,TP,2020Q4,2020,2
1329,31983,2020-10-20 05:00:00,31985,2020-10-20 06:00:00,BUY,1896.75,1902.4875,1892.925,1902.4875,0.1,56.67499999999954,573.7499999999955,1.4550706033375835,TP,2020Q4,2020,2
1330,32030,2020-10-21 05:30:00,32050,2020-10-21 15:30:00,SELL,1918.5,1922.9657142857143,1922.9657142857143,1911.8014285714285,0.1,-45.35714285714285,-446.57142857142844,-1.0,SL,2020Q4,2020,20
1331,32051,2020-10-21 16:00:00,32054,2020-10-21 17:30:00,SELL,1924.73,1929.9467857142856,1929.9467857142856,1916.9048214285715,0.1,-52.86785714285607,-521.6785714285606,-1.0,SL,2020Q4,2020,3
1332,32055,2020-10-21 18:00:00,32073,2020-10-22 04:00:00,SELL,1927.34,1918.724107142857,1933.0839285714285,1918.724107142857,0.1,85.45892857142853,861.5892857142853,1.469899870999447,TP,2020Q4,2020,18
1333,32096,2020-10-22 15:30:00,32098,2020-10-22 16:30:00,BUY,1905.95,1901.422142857143,1901.422142857143,1912.7417857142857,0.1,-45.978571428571016,-452.7857142857101,-1.0,SL,2020Q4,2020,2
1334,32099,2020-10-22 17:00:00,32099,2020-10-22 17:00:00,BUY,1901.79,1896.2367857142856,1896.2367857142856,1910.1198214285714,0.1,-56.23214285714376,-555.3214285714375,-1.0,SL,2020Q4,2020,0
1335,32100,2020-10-22 17:30:00,32113,2020-10-23 01:00:00,BUY,1896.67,1905.6475,1890.6850000000002,1905.6475,0.1,89.07499999999963,897.7499999999964,1.471098265895972,TP,2020Q4,2020,13
1336,32161,2020-10-26 01:00:00,32165,2020-10-26 03:00:00,BUY,1893.74,1901.7885714285715,1888.3742857142856,1901.7885714285715,0.1,79.78571428571449,804.8571428571449,1.467805519053856,TP,2020Q4,2020,4
1337,32214,2020-10-27 04:30:00,32223,2020-10-27 09:00:00,SELL,1909.26,1904.9319642857142,1912.1453571428572,1904.9319642857142,0.1,42.58035714285761,432.8035714285761,1.4407854984894266,TP,2020Q4,2020,9
1338,32276,2020-10-28 12:30:00,32277,2020-10-28 13:00:00,BUY,1897.36,1893.5864285714285,1893.5864285714285,1903.020357142857,0.1,-38.43571428571359,-377.35714285713584,-1.0,SL,2020Q4,2020,1
1339,32278,2020-10-28 13:30:00,32279,2020-10-28 14:00:00,BUY,1894.16,1889.8228571428572,1889.8228571428572,1900.6657142857143,0.1,-44.07142857142908,-433.7142857142908,-1.0,SL,2020Q4,2020,1
1340,32280,2020-10-28 14:30:00,32280,2020-10-28 14:30:00,BUY,1884.05,1878.5385714285715,1878.5385714285715,1892.3171428571427,0.1,-55.81428571428496,-551.1428571428496,-1.0,SL,2020Q4,2020,0
1341,32281,2020-10-28 15:00:00,32282,2020-10-28 15:30:00,BUY,1882.43,1876.2800000000002,1876.2800000000002,1891.655,0.1,-62.19999999999864,-614.9999999999864,-1.0,SL,2020Q4,2020,1
1342,32283,2020-10-28 16:00:00,32285,2020-10-28 17:00:00,BUY,1876.48,1869.6164285714285,1869.6164285714285,1886.7753571428573,0.1,-69.33571428571504,-686.3571428571504,-1.0,SL,2020Q4,2020,2
1343,32286,2020-10-28 17:30:00,32325,2020-10-29 14:00:00,BUY,1877.6,1869.2664285714284,1869.2664285714284,1890.100357142857,0.1,-84.03571428571531,-833.3571428571531,-1.0,SL,2020Q4,2020,39
1344,32326,2020-10-29 14:30:00,32327,2020-10-29 15:00:00,BUY,1866.46,1860.7375,1860.7375,1875.04375,0.1,-57.92500000000082,-572.2500000000082,-1.0,SL,2020Q4,2020,1
1345,32328,2020-10-29 15:30:00,32329,2020-10-29 16:00:00,BUY,1865.24,1875.3955357142856,1858.4696428571428,1875.3955357142856,0.1,100.85535714285633,1015.5535714285634,1.4744165404897238,TP,2020Q4,2020,1
1346,32345,2020-10-30 01:00:00,32350,2020-10-30 03:30:00,BUY,1866.83,1873.0576785714284,1862.6782142857141,1873.0576785714284,0.1,61.57678571428441,622.7678571428442,1.4585483461635538,TP,2020Q4,2020,5
1347,32373,2020-10-30 15:00:00,32377,2020-10-30 17:00:00,SELL,1887.31,1877.6108928571427,1893.7760714285714,1877.6108928571427,0.1,96.29107142857201,969.9107142857201,1.473225506802907,TP,2020Q4,2020,4
1348,32434,2020-11-02 23:30:00,32451,2020-11-03 09:00:00,SELL,1895.55,1889.6517857142858,1899.4821428571427,1889.6517857142858,0.1,58.28214285714175,589.8214285714175,1.4562734249509457,TP,2020Q4,2020,17
1349,32464,2020-11-03 15:30:00,32481,2020-11-04 01:00:00,SELL,1905.64,1910.9757142857143,1910.9757142857143,1897.6364285714287,0.1,-54.057142857141756,-533.5714285714175,-1.0,SL,2020Q4,2020,17
1350,32482,2020-11-04 01:30:00,32484,2020-11-04 02:30:00,SELL,1914.03,1907.0855357142857,1918.659642857143,1907.0855357142857,0.1,68.74464285714275,694.4464285714275,1.4627631278972328,TP,2020Q4,2020,2
1351,32547,2020-11-05 11:00:00,32554,2020-11-05 14:30:00,SELL,1917.8,1923.1346428571428,1923.1346428571428,1909.7980357142856,0.1,-54.046428571428535,-533.4642857142853,-1.0,SL,2020Q4,2020,7
1352,32555,2020-11-05 15:00:00,32558,2020-11-05 16:30:00,SELL,1927.47,1934.1139285714285,1934.1139285714285,1917.5041071428573,0.1,-67.13928571428433,-664.3928571428432,-1.0,SL,2020Q4,2020,3
1353,32559,2020-11-05 17:00:00,32559,2020-11-05 17:00:00,SELL,1932.42,1939.6060714285716,1939.6060714285716,1921.640892857143,0.1,-72.56071428571495,-718.6071428571495,-1.0,SL,2020Q4,2020,0
1354,32560,2020-11-05 17:30:00,32561,2020-11-05 18:00:00,SELL,1942.86,1950.890357142857,1950.890357142857,1930.8144642857142,0.1,-81.00357142857156,-803.0357142857156,-1.0,SL,2020Q4,2020,1
1355,32562,2020-11-05 18:30:00,32597,2020-11-06 13:00:00,SELL,1946.09,1954.6892857142857,1954.6892857142857,1933.1910714285714,0.1,-86.6928571428577,-859.928571428577,-1.0,SL,2020Q4,2020,35
1356,32598,2020-11-06 13:30:00,32604,2020-11-06 16:30:00,SELL,1955.99,1945.94375,1962.6875,1945.94375,0.1,99.762500000001,1004.62500000001,1.474141115626171,TP,2020Q4,2020,6
1357,32620,2020-11-09 01:30:00,32629,2020-11-09 06:00:00,SELL,1958.42,1963.807142857143,1963.807142857143,1950.3392857142858,0.1,-54.571428571428626,-538.7142857142862,-1.0,SL,2020Q4,2020,9
1358,32630,2020-11-09 06:30:00,32634,2020-11-09 08:30:00,SELL,1964.35,1956.4991071428572,1969.5839285714285,1956.4991071428572,0.1,77.80892857142753,785.0892857142753,1.4670055888492142,TP,2020Q4,2020,4
1359,32646,2020-11-09 14:30:00,32646,2020-11-09 14:30:00,BUY,1922.65,1911.402142857143,1911.402142857143,1939.521785714286,0.1,-113.17857142857129,-1124.7857142857129,-1.0,SL,2020Q4,2020,0
1360,32647,2020-11-09 15:00:00,32647,2020-11-09 15:00:00,BUY,1911.67,1899.2575,1899.2575,1930.2887500000002,0.1,-124.82500000000137,-1241.2500000000136,-1.0,SL,2020Q4,2020,0
1361,32648,2020-11-09 15:30:00,32648,2020-11-09 15:30:00,BUY,1895.85,1881.1660714285713,1881.1660714285713,1917.8758928571428,0.1,-147.53928571428622,-1468.3928571428623,-1.0,SL,2020Q4,2020,0
1362,32649,2020-11-09 16:00:00,32650,2020-11-09 16:30:00,BUY,1880.67,1863.7125,1863.7125,1906.10625,0.1,-170.2749999999998,-1695.7499999999982,-1.0,SL,2020Q4,2020,1
1363,32651,2020-11-09 17:00:00,32771,2020-11-12 08:00:00,BUY,1863.4,1869.56,1843.9739285714286,1892.5391071428573,0.1,60.89999999999854,615.9999999999854,0.31237062411840344,TIME_EXIT,2020Q4,2020,120
1364,32832,2020-11-13 15:30:00,32832,2020-11-13 15:30:00,SELL,1888.07,1892.7842857142857,1892.7842857142857,1880.9985714285713,0.1,-47.842857142857795,-471.4285714285779,-1.0,SL,2020Q4,2020,0
1365,32833,2020-11-13 16:00:00,32841,2020-11-13 20:00:00,SELL,1894.81,1886.8530357142856,1900.1146428571428,1886.8530357142856,0.1,78.8696428571432,795.6964285714321,1.4674396969898331,TP,2020Q4,2020,8
1366,32854,2020-11-16 03:30:00,32863,2020-11-16 08:00:00,SELL,1895.35,1889.1175,1899.5049999999999,1889.1175,0.1,61.62499999999845,623.2499999999845,1.4585798816567774,TP,2020Q4,2020,9
1367,32875,2020-11-16 14:00:00,32878,2020-11-16 15:30:00,BUY,1869.7,1879.9535714285714,1862.8642857142859,1879.9535714285714,0.1,101.83571428571376,1025.3571428571377,1.4746586677699787,TP,2020Q4,2020,3
1368,32990,2020-11-19 02:30:00,33000,2020-11-19 07:30:00,BUY,1869.11,1865.0246428571427,1865.0246428571427,1875.2380357142856,0.1,-41.5535714285722,-408.53571428572195,-1.0,SL,2020Q4,2020,10
1369,33001,2020-11-19 08:00:00,33005,2020-11-19 10:00:00,BUY,1862.66,1858.2392857142859,1858.2392857142859,1869.2910714285715,0.1,-44.90714285714212,-442.07142857142117,-1.0,SL,2020Q4,2020,4
1370,33006,2020-11-19 10:30:00,33007,2020-11-19 11:00:00,BUY,1860.08,1855.3592857142855,1855.3592857142855,1867.1610714285714,0.1,-47.90714285714394,-472.07142857143936,-1.0,SL,2020Q4,2020,1
1371,33064,2020-11-20 16:30:00,33079,2020-11-23 01:00:00,SELL,1877.34,1869.3476785714286,1882.6682142857142,1869.3476785714286,0.1,79.22321428571358,799.2321428571358,1.4675818723122722,TP,2020Q4,2020,15
1372,33111,2020-11-23 17:00:00,33113,2020-11-23 18:00:00,BUY,1841.49,1833.4971428571428,1833.4971428571428,1853.4792857142857,0.1,-80.62857142857247,-799.2857142857247,-1.0,SL,2020Q4,2020,2
1373,33114,2020-11-23 18:30:00,33132,2020-11-24 04:30:00,BUY,1833.66,1824.6032142857143,1824.6032142857143,1847.2451785714286,0.1,-91.26785714285752,-905.6785714285752,-1.0,SL,2020Q4,2020,18
1374,33133,2020-11-24 05:00:00,33141,2020-11-24 09:00:00,BUY,1822.59,1830.6996428571429,1817.1835714285712,1830.6996428571429,0.1,80.39642857142944,810.9642857142944,1.4680448676144315,TP,2020Q4,2020,8
1375,33143,2020-11-24 10:00:00,33147,2020-11-24 12:00:00,BUY,1827.75,1821.6107142857143,1821.6107142857143,1836.9589285714287,0.1,-62.09285714285734,-613.9285714285734,-1.0,SL,2020Q4,2020,4
1376,33148,2020-11-24 12:30:00,33148,2020-11-24 12:30:00,BUY,1818.12,1812.6214285714284,1812.6214285714284,1826.367857142857,0.1,-55.68571428571495,-549.8571428571495,-1.0,SL,2020Q4,2020,0
1377,33149,2020-11-24 13:00:00,33150,2020-11-24 13:30:00,BUY,1812.95,1806.9039285714287,1806.9039285714287,1822.0191071428571,0.1,-61.16071428571395,-604.6071428571395,-1.0,SL,2020Q4,2020,1
1378,33151,2020-11-24 14:00:00,33155,2020-11-24 16:00:00,BUY,1810.33,1803.290714285714,1803.290714285714,1820.8889285714286,0.1,-71.09285714285825,-703.9285714285825,-1.0,SL,2020Q4,2020,4
1379,33156,2020-11-24 16:30:00,33202,2020-11-25 16:30:00,BUY,1804.94,1817.1012500000002,1796.8325,1817.1012500000002,0.1,120.91250000000109,1216.125000000011,1.4785998165698564,TP,2020Q4,2020,46
1380,33284,2020-11-27 15:30:00,33284,2020-11-27 15:30:00,BUY,1794.24,1789.3307142857143,1789.3307142857143,1801.6039285714285,0.1,-49.79285714285716,-490.92857142857156,-1.0,SL,2020Q4,2020,0
1381,33285,2020-11-27 16:00:00,33295,2020-11-30 01:00:00,BUY,1778.73,1789.0526785714285,1771.8482142857142,1789.0526785714285,0.1,102.52678571428469,1032.2678571428469,1.4748266118674218,TP,2020Q4,2020,10
1382,33299,2020-11-30 03:00:00,33302,2020-11-30 04:30:00,BUY,1783.23,1777.4153571428571,1777.4153571428571,1791.9519642857144,0.1,-58.84642857142872,-581.4642857142871,-1.0,SL,2020Q4,2020,3
1383,33303,2020-11-30 05:00:00,33310,2020-11-30 08:30:00,BUY,1766.9,1776.3901785714288,1760.5732142857144,1776.3901785714288,0.1,94.20178571428714,949.0178571428714,1.4726425101892868,TP,2020Q4,2020,7
1384,33319,2020-11-30 13:00:00,33329,2020-11-30 18:00:00,BUY,1767.94,1778.8926785714286,1760.6382142857144,1778.8926785714286,0.1,108.82678571428578,1095.2678571428578,1.4762608400755928,TP,2020Q4,2020,10
1385,33359,2020-12-01 10:00:00,33362,2020-12-01 11:30:00,SELL,1790.83,1795.1982142857144,1795.1982142857144,1784.2776785714284,0.1,-44.3821428571443,-436.821428571443,-1.0,SL,2020Q4,2020,3
1386,33363,2020-12-01 12:00:00,33365,2020-12-01 13:00:00,SELL,1794.9,1799.8639285714287,1799.8639285714287,1787.454107142857,0.1,-50.339285714285964,-496.3928571428596,-1.0,SL,2020Q4,2020,2
1387,33366,2020-12-01 13:30:00,33370,2020-12-01 15:30:00,SELL,1806.37,1812.4278571428572,1812.4278571428572,1797.2832142857142,0.1,-61.27857142857302,-605.7857142857301,-1.0,SL,2020Q4,2020,4
1388,33371,2020-12-01 16:00:00,33406,2020-12-02 10:30:00,SELL,1812.63,1819.8010714285715,1819.8010714285715,1801.873392857143,0.1,-72.41071428571395,-717.1071428571395,-1.0,SL,2020Q4,2020,35
1389,33407,2020-12-02 11:00:00,33409,2020-12-02 12:00:00,SELL,1825.04,1830.0221428571429,1830.0221428571429,1817.5667857142855,0.1,-50.5214285714289,-498.21428571428896,-1.0,SL,2020Q4,2020,2
1390,33410,2020-12-02 12:30:00,33414,2020-12-02 14:30:00,SELL,1828.97,1820.6642857142856,1834.507142857143,1820.6642857142856,0.1,82.3571428571443,830.571428571443,1.4687898089171978,TP,2020Q4,2020,4
1391,33431,2020-12-02 23:00:00,33441,2020-12-03 05:00:00,SELL,1828.14,1832.5907142857145,1832.5907142857145,1821.4639285714286,0.1,-45.20714285714412,-445.0714285714412,-1.0,SL,2020Q4,2020,10
1392,33442,2020-12-03 05:30:00,33450,2020-12-03 09:30:00,SELL,1834.69,1838.5803571428573,1838.5803571428573,1828.8544642857144,0.1,-39.603571428572835,-389.0357142857283,-1.0,SL,2020Q4,2020,8
1393,33451,2020-12-03 10:00:00,33464,2020-12-03 16:30:00,SELL,1842.14,1834.0078571428571,1847.5614285714287,1834.0078571428571,0.1,80.6214285714298,813.2142857142981,1.4681321540062642,TP,2020Q4,2020,13
1394,33487,2020-12-04 05:00:00,33492,2020-12-04 07:30:00,SELL,1844.33,1839.00875,1847.8774999999998,1839.00875,0.1,52.51249999999963,532.1249999999964,1.45162404975815,TP,2020Q4,2020,5
1395,33557,2020-12-07 17:00:00,33558,2020-12-07 17:30:00,SELL,1856.64,1865.1010714285715,1865.1010714285715,1843.948392857143,0.1,-85.31071428571359,-846.1071428571358,-1.0,SL,2020Q4,2020,1
1396,33559,2020-12-07 18:00:00,33600,2020-12-08 15:30:00,SELL,1864.19,1872.2814285714287,1872.2814285714287,1852.0528571428572,0.1,-81.61428571428651,-809.1428571428651,-1.0,SL,2020Q4,2020,41
1397,33628,2020-12-09 06:30:00,33631,2020-12-09 08:00:00,BUY,1857.89,1863.3478571428573,1854.2514285714287,1863.3478571428573,0.1,53.87857142857165,545.7857142857165,1.4528120184900142,TP,2020Q4,2020,3
1398,33649,2020-12-09 17:00:00,33656,2020-12-09 20:30:00,BUY,1840.0,1831.1125,1831.1125,1853.3312500000002,0.1,-89.57500000000046,-888.7500000000045,-1.0,SL,2020Q4,2020,7
1399,33657,2020-12-09 21:00:00,33669,2020-12-10 04:00:00,BUY,1825.63,1841.2867857142858,1815.192142857143,1841.2867857142858,0.1,155.86785714285662,1565.678571428566,1.4833457956630987,TP,2020Q4,2020,12
1400,33679,2020-12-10 09:00:00,33683,2020-12-10 11:00:00,BUY,1835.12,1830.5246428571427,1830.5246428571427,1842.0130357142855,0.1,-46.65357142857211,-459.53571428572104,-1.0,SL,2020Q4,2020,4
1401,33684,2020-12-10 11:30:00,33686,2020-12-10 12:30:00,BUY,1830.62,1838.340714285714,1825.472857142857,1838.340714285714,0.1,76.50714285714166,772.0714285714166,1.4664567360350274,TP,2020Q4,2020,2
1402,33774,2020-12-14 10:30:00,33774,2020-12-14 10:30:00,BUY,1829.84,1826.4724999999999,1826.4724999999999,1834.89125,0.1,-34.37500000000064,-336.75000000000637,-1.0,SL,2020Q4,2020,0
1403,33775,2020-12-14 11:00:00,33777,2020-12-14 12:00:00,BUY,1828.36,1824.7417857142855,1824.7417857142855,1833.7873214285714,0.1,-36.8821428571443,-361.821428571443,-1.0,SL,2020Q4,2020,2
1404,33778,2020-12-14 12:30:00,33780,2020-12-14 13:30:00,BUY,1820.97,1828.4882142857143,1815.9578571428572,1828.4882142857143,0.1,74.48214285714293,751.8214285714294,1.465565706254392,TP,2020Q4,2020,2
1405,33816,2020-12-15 08:30:00,33817,2020-12-15 09:00:00,SELL,1838.93,1842.6607142857142,1842.6607142857142,1833.3339285714287,0.1,-38.007142857141574,-373.0714285714157,-1.0,SL,2020Q4,2020,1
1406,33818,2020-12-15 09:30:00,33820,2020-12-15 10:30:00,SELL,1843.01,1846.9935714285714,1846.9935714285714,1837.034642857143,0.1,-40.53571428571395,-398.3571428571395,-1.0,SL,2020Q4,2020,2
1407,33821,2020-12-15 11:00:00,33829,2020-12-15 15:00:00,SELL,1844.83,1848.9946428571427,1848.9946428571427,1838.5830357142856,0.1,-42.34642857142781,-416.46428571427805,-1.0,SL,2020Q4,2020,8
1408,33830,2020-12-15 15:30:00,33830,2020-12-15 15:30:00,SELL,1849.38,1854.6460714285715,1854.6460714285715,1841.480892857143,0.1,-53.360714285714224,-526.6071428571422,-1.0,SL,2020Q4,2020,0
1409,33831,2020-12-15 16:00:00,33854,2020-12-16 04:30:00,SELL,1852.68,1858.3414285714287,1858.3414285714287,1844.1878571428572,0.1,-57.31428571428587,-566.1428571428587,-1.0,SL,2020Q4,2020,23
1410,33855,2020-12-16 05:00:00,33866,2020-12-16 10:30:00,SELL,1856.99,1860.0542857142857,1860.0542857142857,1852.3935714285715,0.1,-31.342857142856882,-306.42857142856883,-1.0,SL,2020Q4,2020,11
1411,33867,2020-12-16 11:00:00,33875,2020-12-16 15:00:00,SELL,1861.77,1855.3687499999999,1866.0375,1855.3687499999999,0.1,63.31250000000118,640.1250000000118,1.459654178674403,TP,2020Q4,2020,8
1412,33904,2020-12-17 06:30:00,33906,2020-12-17 07:30:00,SELL,1866.67,1870.3117857142856,1870.3117857142856,1861.2073214285715,0.1,-37.11785714285561,-364.1785714285561,-1.0,SL,2020Q4,2020,2
1413,33907,2020-12-17 08:00:00,33909,2020-12-17 09:00:00,SELL,1869.43,1873.1735714285714,1873.1735714285714,1863.8146428571429,0.1,-38.13571428571386,-374.35714285713857,-1.0,SL,2020Q4,2020,2
1414,33910,2020-12-17 09:30:00,33911,2020-12-17 10:00:00,SELL,1871.68,1875.9110714285714,1875.9110714285714,1865.333392857143,0.1,-43.010714285713405,-423.107142857134,-1.0,SL,2020Q4,2020,1
1415,33912,2020-12-17 10:30:00,33921,2020-12-17 15:00:00,SELL,1878.92,1883.5485714285714,1883.5485714285714,1871.977142857143,0.1,-46.98571428571377,-462.85714285713766,-1.0,SL,2020Q4,2020,9
1416,33923,2020-12-17 16:00:00,33924,2020-12-17 16:30:00,SELL,1887.88,1895.95,1895.95,1875.775,0.1,-81.39999999999937,-806.9999999999936,-1.0,SL,2020Q4,2020,1
1417,33925,2020-12-17 17:00:00,33943,2020-12-18 03:00:00,SELL,1892.32,1879.699107142857,1900.7339285714286,1879.699107142857,0.1,125.50892857142962,1262.0892857142962,1.4793727636287097,TP,2020Q4,2020,18
1418,33990,2020-12-21 03:30:00,33999,2020-12-21 08:00:00,SELL,1899.13,1903.7703571428572,1903.7703571428572,1892.1694642857144,0.1,-47.10357142857056,-464.0357142857056,-1.0,SL,2020Q4,2020,9
1419,34000,2020-12-21 08:30:00,34000,2020-12-21 08:30:00,SELL,1906.48,1897.2180357142856,1912.6546428571428,1897.2180357142856,0.1,91.91964285714384,926.1964285714384,1.4719759794109595,TP,2020Q4,2020,0
1420,34047,2020-12-22 09:00:00,34059,2020-12-22 15:00:00,BUY,1870.14,1878.2110714285716,1864.7592857142859,1878.2110714285716,0.1,80.01071428571485,807.1071428571486,1.4678941161053802,TP,2020Q4,2020,12
1421,34065,2020-12-22 18:00:00,34108,2020-12-23 16:30:00,BUY,1861.83,1872.37125,1854.8025,1872.37125,0.1,104.7124999999999,1054.124999999999,1.4753434307855036,TP,2020Q4,2020,43
1422,34128,2020-12-24 03:30:00,34130,2020-12-24 04:30:00,SELL,1876.65,1879.7421428571429,1879.7421428571429,1872.011785714286,0.1,-31.621428571427895,-309.21428571427896,-1.0,SL,2020Q4,2020,2
1423,34160,2020-12-28 01:30:00,34163,2020-12-28 03:00:00,SELL,1888.07,1893.764642857143,1893.764642857143,1879.5280357142856,0.1,-57.64642857142981,-569.4642857142981,-1.0,SL,2020Q4,2020,3
1424,34164,2020-12-28 03:30:00,34165,2020-12-28 04:00:00,SELL,1894.5,1900.3446428571428,1900.3446428571428,1885.7330357142857,0.1,-59.146428571428444,-584.4642857142844,-1.0,SL,2020Q4,2020,1
1425,34166,2020-12-28 04:30:00,34172,2020-12-28 07:30:00,SELL,1897.17,1887.912857142857,1903.3414285714287,1887.912857142857,0.1,91.8714285714298,925.7142857142981,1.4719615472648384,TP,2020Q4,2020,6
1426,34295,2020-12-30 23:00:00,34301,2020-12-31 03:00:00,SELL,1893.17,1897.6014285714286,1897.6014285714286,1886.5228571428572,0.1,-45.01428571428569,-443.1428571428569,-1.0,SL,2020Q4,2020,6
1427,34302,2020-12-31 03:30:00,34304,2020-12-31 04:30:00,SELL,1896.53,1891.052857142857,1900.1814285714286,1891.052857142857,0.1,54.071428571430076,547.7142857143008,1.4529750479846757,TP,2020Q4,2020,2
1428,34334,2021-01-04 01:30:00,34338,2021-01-04 03:30:00,SELL,1910.65,1917.1085714285716,1917.1085714285716,1900.962142857143,0.1,-65.28571428571531,-645.8571428571531,-1.0,SL,2021Q1,2021,4
1429,34339,2021-01-04 04:00:00,34342,2021-01-04 05:30:00,SELL,1916.59,1924.410357142857,1924.410357142857,1904.8594642857142,0.1,-78.9035714285712,-782.035714285712,-1.0,SL,2021Q1,2021,3
1430,34343,2021-01-04 06:00:00,34351,2021-01-04 10:00:00,SELL,1923.14,1930.6314285714286,1930.6314285714286,1911.9028571428573,0.1,-75.61428571428515,-749.1428571428514,-1.0,SL,2021Q1,2021,8
1431,34352,2021-01-04 10:30:00,34362,2021-01-04 15:30:00,SELL,1934.78,1940.4210714285714,1940.4210714285714,1926.318392857143,0.1,-57.110714285714224,-564.1071428571422,-1.0,SL,2021Q1,2021,10
1432,34363,2021-01-04 16:00:00,34365,2021-01-04 17:00:00,SELL,1939.82,1929.6435714285715,1946.6042857142857,1929.6435714285715,0.1,101.0642857142846,1017.642857142846,1.4744685285535473,TP,2021Q1,2021,2
1433,34367,2021-01-04 18:00:00,34408,2021-01-05 15:30:00,SELL,1942.81,1951.4532142857142,1951.4532142857142,1929.8451785714285,0.1,-87.13214285714294,-864.3214285714294,-1.0,SL,2021Q1,2021,41
1434,34459,2021-01-06 18:00:00,34535,2021-01-08 10:00:00,BUY,1910.09,1896.8974999999998,1896.8974999999998,1929.8787499999999,0.1,-132.62500000000108,-1319.250000000011,-1.0,SL,2021Q1,2021,76
1435,34536,2021-01-08 10:30:00,34545,2021-01-08 15:00:00,BUY,1891.48,1884.4321428571427,1884.4321428571427,1902.0517857142859,0.1,-71.17857142857311,-704.785714285731,-1.0,SL,2021Q1,2021,9
1436,34546,2021-01-08 15:30:00,34546,2021-01-08 15:30:00,BUY,1885.6,1876.4564285714284,1876.4564285714284,1899.3153571428572,0.1,-92.13571428571477,-914.3571428571477,-1.0,SL,2021Q1,2021,0
1437,34549,2021-01-08 17:00:00,34549,2021-01-08 17:00:00,BUY,1865.22,1851.9760714285715,1851.9760714285715,1885.0858928571429,0.1,-133.13928571428568,-1324.3928571428569,-1.0,SL,2021Q1,2021,0
1438,34550,2021-01-08 17:30:00,34553,2021-01-08 19:00:00,BUY,1856.81,1844.515357142857,1844.515357142857,1875.2519642857144,0.1,-123.6464285714289,-1229.464285714289,-1.0,SL,2021Q1,2021,3
1439,34554,2021-01-08 19:30:00,34555,2021-01-08 20:00:00,BUY,1844.07,1829.3507142857143,1829.3507142857143,1866.1489285714285,0.1,-147.8928571428566,-1471.928571428566,-1.0,SL,2021Q1,2021,1
1440,34556,2021-01-08 20:30:00,34567,2021-01-11 03:00:00,BUY,1836.59,1819.9517857142855,1819.9517857142855,1861.5473214285714,0.1,-167.0821428571441,-1663.8214285714412,-1.0,SL,2021Q1,2021,11
1441,34568,2021-01-11 03:30:00,34576,2021-01-11 07:30:00,BUY,1821.01,1839.0260714285714,1808.9992857142856,1839.0260714285714,0.1,179.46071428571423,1801.6071428571422,1.485514101578658,TP,2021Q1,2021,8
1442,34593,2021-01-11 16:00:00,34595,2021-01-11 17:00:00,BUY,1834.69,1847.603392857143,1826.0810714285715,1847.603392857143,0.1,128.43392857142982,1291.339285714298,1.4798362207316704,TP,2021Q1,2021,2
1443,34708,2021-01-14 04:30:00,34708,2021-01-14 04:30:00,BUY,1839.1,1833.2007142857142,1833.2007142857142,1847.9489285714285,0.1,-59.69285714285725,-589.9285714285725,-1.0,SL,2021Q1,2021,0
1444,34781,2021-01-15 18:00:00,34794,2021-01-18 01:30:00,BUY,1829.51,1820.8592857142858,1820.8592857142858,1842.4860714285714,0.1,-87.2071428571423,-865.071428571423,-1.0,SL,2021Q1,2021,13
1445,34795,2021-01-18 02:00:00,34796,2021-01-18 02:30:00,BUY,1810.85,1821.84125,1803.5224999999998,1821.84125,0.1,109.21250000000036,1099.1250000000036,1.4763433592429724,TP,2021Q1,2021,1
1446,34797,2021-01-18 03:00:00,34806,2021-01-18 07:30:00,BUY,1821.33,1832.986607142857,1813.5589285714284,1832.986607142857,0.1,115.86607142857183,1165.6607142857183,1.4776816214985053,TP,2021Q1,2021,9
1447,34884,2021-01-20 04:30:00,34890,2021-01-20 07:30:00,SELL,1847.81,1851.220357142857,1851.220357142857,1842.6944642857143,0.1,-34.80357142857038,-341.03571428570376,-1.0,SL,2021Q1,2021,6
1448,34891,2021-01-20 08:00:00,34893,2021-01-20 09:00:00,SELL,1851.24,1854.7371428571428,1854.7371428571428,1845.9942857142858,0.1,-35.671428571427626,-349.71428571427623,-1.0,SL,2021Q1,2021,2
1449,34894,2021-01-20 09:30:00,34903,2021-01-20 14:00:00,SELL,1854.16,1848.6073214285716,1857.8617857142858,1848.6073214285716,0.1,54.82678571428487,555.2678571428487,1.453602878515262,TP,2021Q1,2021,9
1450,34922,2021-01-20 23:30:00,34952,2021-01-21 15:30:00,SELL,1870.77,1860.4007142857145,1877.682857142857,1860.4007142857145,0.1,102.99285714285524,1036.9285714285525,1.474938625204566,TP,2021Q1,2021,30
1451,34992,2021-01-22 12:30:00,34992,2021-01-22 12:30:00,BUY,1855.41,1851.1017857142858,1851.1017857142858,1861.8723214285715,0.1,-43.782142857142574,-430.8214285714257,-1.0,SL,2021Q1,2021,0
1452,34993,2021-01-22 13:00:00,34993,2021-01-22 13:00:00,BUY,1852.16,1847.4650000000001,1847.4650000000001,1859.2025,0.1,-47.649999999999366,-469.49999999999363,-1.0,SL,2021Q1,2021,0
1453,34994,2021-01-22 13:30:00,34996,2021-01-22 14:30:00,BUY,1848.21,1842.9557142857143,1842.9557142857143,1856.0914285714287,0.1,-53.24285714285743,-525.4285714285743,-1.0,SL,2021Q1,2021,2
1454,34997,2021-01-22 15:00:00,35001,2021-01-22 17:00:00,BUY,1843.34,1852.8623214285712,1836.9917857142857,1852.8623214285712,0.1,94.52321428571331,952.2321428571331,1.4727338489789101,TP,2021Q1,2021,4
1455,35113,2021-01-27 04:00:00,35125,2021-01-27 10:00:00,BUY,1846.27,1851.5157142857142,1842.7728571428572,1851.5157142857142,0.1,51.75714285714257,524.5714285714257,1.4509411293552565,TP,2021Q1,2021,12
1456,35183,2021-01-28 16:00:00,35185,2021-01-28 17:00:00,SELL,1856.83,1863.6089285714286,1863.6089285714286,1846.661607142857,0.1,-68.48928571428651,-677.8928571428651,-1.0,SL,2021Q1,2021,2
1457,35225,2021-01-29 14:00:00,35227,2021-01-29 15:00:00,SELL,1862.24,1869.340357142857,1869.340357142857,1851.5894642857145,0.1,-71.70357142857092,-710.0357142857092,-1.0,SL,2021Q1,2021,2
1458,35229,2021-01-29 16:00:00,35230,2021-01-29 16:30:00,SELL,1871.87,1859.1092857142855,1880.3771428571426,1859.1092857142855,0.1,126.90714285714357,1276.0714285714357,1.479596935376442,TP,2021Q1,2021,1
1459,35320,2021-02-02 15:30:00,35388,2021-02-04 03:30:00,BUY,1833.76,1825.4232142857143,1825.4232142857143,1846.2651785714286,0.1,-84.06785714285725,-833.6785714285725,-1.0,SL,2021Q1,2021,68
1460,35389,2021-02-04 04:00:00,35389,2021-02-04 04:00:00,BUY,1827.18,1823.8339285714287,1823.8339285714287,1832.1991071428572,0.1,-34.160714285713496,-334.60714285713493,-1.0,SL,2021Q1,2021,0
1461,35390,2021-02-04 04:30:00,35390,2021-02-04 04:30:00,BUY,1826.0,1822.507142857143,1822.507142857143,1831.2392857142856,0.1,-35.6285714285702,-349.28571428570194,-1.0,SL,2021Q1,2021,0
1462,35391,2021-02-04 05:00:00,35396,2021-02-04 07:30:00,BUY,1822.98,1819.2053571428573,1819.2053571428573,1828.6419642857143,0.1,-38.44642857142681,-377.46428571426804,-1.0,SL,2021Q1,2021,5
1463,35397,2021-02-04 08:00:00,35399,2021-02-04 09:00:00,BUY,1817.81,1824.7014285714283,1813.2157142857143,1824.7014285714283,0.1,68.21428571428378,689.1428571428378,1.4624808575803732,TP,2021Q1,2021,2
1464,35404,2021-02-04 11:30:00,35412,2021-02-04 15:30:00,BUY,1815.35,1809.047857142857,1809.047857142857,1824.8032142857141,0.1,-63.72142857142826,-630.2142857142826,-1.0,SL,2021Q1,2021,8
1465,35413,2021-02-04 16:00:00,35413,2021-02-04 16:00:00,BUY,1808.64,1801.8107142857143,1801.8107142857143,1818.8839285714287,0.1,-68.99285714285789,-682.9285714285788,-1.0,SL,2021Q1,2021,0
1466,35414,2021-02-04 16:30:00,35414,2021-02-04 16:30:00,BUY,1795.22,1787.0814285714287,1787.0814285714287,1807.4278571428572,0.1,-82.08571428571368,-813.8571428571368,-1.0,SL,2021Q1,2021,0
1467,35415,2021-02-04 17:00:00,35445,2021-02-05 09:00:00,BUY,1786.01,1799.362142857143,1777.1085714285714,1799.362142857143,0.1,132.8214285714301,1335.2142857143008,1.4804936305732612,TP,2021Q1,2021,30
1468,35476,2021-02-08 01:30:00,35481,2021-02-08 04:00:00,SELL,1817.56,1810.2089285714285,1822.4607142857142,1810.2089285714285,0.1,72.81071428571458,735.1071428571458,1.464793792211547,TP,2021Q1,2021,5
1469,35503,2021-02-08 15:00:00,35504,2021-02-08 15:30:00,SELL,1825.26,1830.8228571428572,1830.8228571428572,1816.9157142857143,0.1,-56.328571428571834,-556.2857142857183,-1.0,SL,2021Q1,2021,1
1470,35505,2021-02-08 16:00:00,35507,2021-02-08 17:00:00,SELL,1829.56,1835.8385714285714,1835.8385714285714,1820.1421428571427,0.1,-63.48571428571468,-627.8571428571468,-1.0,SL,2021Q1,2021,2
1471,35508,2021-02-08 17:30:00,35532,2021-02-09 06:30:00,SELL,1836.47,1843.1567857142857,1843.1567857142857,1826.4398214285716,0.1,-67.56785714285634,-668.6785714285634,-1.0,SL,2021Q1,2021,24
1472,35533,2021-02-09 07:00:00,35540,2021-02-09 10:30:00,SELL,1841.14,1844.6435714285715,1844.6435714285715,1835.884642857143,0.1,-35.73571428571377,-350.35714285713766,-1.0,SL,2021Q1,2021,7
1473,35541,2021-02-09 11:00:00,35542,2021-02-09 11:30:00,SELL,1844.22,1848.587142857143,1848.587142857143,1837.6692857142857,0.1,-44.37142857142881,-436.71428571428805,-1.0,SL,2021Q1,2021,1
1474,35543,2021-02-09 12:00:00,35549,2021-02-09 15:00:00,SELL,1846.53,1839.7671428571427,1851.0385714285715,1839.7671428571427,0.1,66.92857142857228,676.2857142857229,1.461778471138846,TP,2021Q1,2021,6
1475,35650,2021-02-11 19:30:00,35674,2021-02-12 08:30:00,BUY,1824.89,1818.9714285714285,1818.9714285714285,1833.7678571428573,0.1,-59.88571428571568,-591.8571428571568,-1.0,SL,2021Q1,2021,24
1476,35675,2021-02-12 09:00:00,35677,2021-02-12 10:00:00,BUY,1818.95,1815.7303571428572,1815.7303571428572,1823.7794642857143,0.1,-32.896428571428444,-321.9642857142844,-1.0,SL,2021Q1,2021,2
1477,35678,2021-02-12 10:30:00,35682,2021-02-12 12:30:00,BUY,1814.1,1819.4855357142856,1810.5096428571428,1819.4855357142856,0.1,53.155357142856516,538.5535714285652,1.4521904576056193,TP,2021Q1,2021,4
1478,35688,2021-02-12 15:30:00,35692,2021-02-12 17:30:00,BUY,1812.84,1821.1714285714286,1807.2857142857142,1821.1714285714286,0.1,82.6142857142866,833.142857142866,1.4688849377698956,TP,2021Q1,2021,4
1479,35771,2021-02-16 15:00:00,35772,2021-02-16 15:30:00,BUY,1807.68,1802.379642857143,1802.379642857143,1815.6305357142858,0.1,-53.70357142857138,-530.0357142857138,-1.0,SL,2021Q1,2021,1
1480,35773,2021-02-16 16:00:00,35773,2021-02-16 16:00:00,BUY,1796.95,1790.0425,1790.0425,1807.31125,0.1,-69.77500000000028,-690.7500000000027,-1.0,SL,2021Q1,2021,0
1481,35774,2021-02-16 16:30:00,35775,2021-02-16 17:00:00,BUY,1793.79,1805.0930357142856,1786.254642857143,1805.0930357142856,0.1,112.3303571428567,1130.303571428567,1.4769899037332852,TP,2021Q1,2021,1
1482,35790,2021-02-17 01:30:00,35817,2021-02-17 15:00:00,BUY,1788.15,1781.799642857143,1781.799642857143,1797.6755357142858,0.1,-64.20357142857092,-635.0357142857092,-1.0,SL,2021Q1,2021,27
1483,35818,2021-02-17 15:30:00,35822,2021-02-17 17:30:00,BUY,1778.7,1771.4807142857144,1771.4807142857144,1789.5289285714284,0.1,-72.89285714285661,-721.9285714285661,-1.0,SL,2021Q1,2021,4
1484,35823,2021-02-17 18:00:00,35854,2021-02-18 10:30:00,BUY,1773.77,1786.337857142857,1765.3914285714286,1786.337857142857,0.1,124.97857142857065,1256.7857142857065,1.4792864389584035,TP,2021Q1,2021,31
1485,35884,2021-02-19 02:30:00,35885,2021-02-19 03:00:00,BUY,1769.27,1764.965,1764.965,1775.7275,0.1,-43.75000000000064,-430.50000000000637,-1.0,SL,2021Q1,2021,1
1486,35886,2021-02-19 03:30:00,35888,2021-02-19 04:30:00,BUY,1762.08,1769.6432142857143,1757.037857142857,1769.6432142857143,0.1,74.93214285714366,756.3214285714366,1.4657677797960258,TP,2021Q1,2021,2
1487,35932,2021-02-22 03:30:00,35936,2021-02-22 05:30:00,SELL,1789.17,1781.7851785714286,1794.0932142857143,1781.7851785714286,0.1,73.14821428571513,738.4821428571513,1.4649524354481307,TP,2021Q1,2021,4
1488,35942,2021-02-22 08:30:00,35948,2021-02-22 11:30:00,SELL,1793.19,1798.5267857142858,1798.5267857142858,1785.1848214285715,0.1,-54.06785714285725,-533.6785714285725,-1.0,SL,2021Q1,2021,6
1489,35949,2021-02-22 12:00:00,35958,2021-02-22 16:30:00,SELL,1797.27,1802.972142857143,1802.972142857143,1788.7167857142856,0.1,-57.72142857142917,-570.2142857142917,-1.0,SL,2021Q1,2021,9
1490,35959,2021-02-22 17:00:00,35962,2021-02-22 18:30:00,SELL,1804.59,1811.6196428571427,1811.6196428571427,1794.0455357142855,0.1,-70.9964285714279,-702.964285714279,-1.0,SL,2021Q1,2021,3
1491,35963,2021-02-22 19:00:00,36004,2021-02-23 16:30:00,SELL,1811.39,1800.91625,1818.3725000000002,1800.91625,0.1,104.03750000000109,1047.375000000011,1.4751861042183625,TP,2021Q1,2021,41
1492,36049,2021-02-24 16:00:00,36050,2021-02-24 16:30:00,BUY,1790.5,1783.7242857142858,1783.7242857142858,1800.6635714285715,0.1,-68.4571428571423,-677.571428571423,-1.0,SL,2021Q1,2021,1
1493,36051,2021-02-24 17:00:00,36053,2021-02-24 18:00:00,BUY,1785.35,1796.9310714285714,1777.6292857142857,1796.9310714285714,0.1,115.11071428571476,1158.1071428571477,1.4775373613276166,TP,2021Q1,2021,2
1494,36098,2021-02-25 17:30:00,36103,2021-02-25 20:00:00,BUY,1774.92,1766.1375,1766.1375,1788.09375,0.1,-88.52500000000028,-878.2500000000027,-1.0,SL,2021Q1,2021,5
1495,36123,2021-02-26 07:00:00,36124,2021-02-26 07:30:00,BUY,1767.97,1761.9207142857144,1761.9207142857144,1777.0439285714285,0.1,-61.192857142855885,-604.9285714285588,-1.0,SL,2021Q1,2021,1
1496,36125,2021-02-26 08:00:00,36142,2021-02-26 16:30:00,BUY,1760.7,1754.312142857143,1754.312142857143,1770.2817857142857,0.1,-64.57857142857002,-638.7857142857001,-1.0,SL,2021Q1,2021,17
1497,36143,2021-02-26 17:00:00,36143,2021-02-26 17:00:00,BUY,1745.03,1735.9978571428571,1735.9978571428571,1758.5782142857142,0.1,-91.02142857142844,-903.2142857142844,-1.0,SL,2021Q1,2021,0
1498,36144,2021-02-26 17:30:00,36146,2021-02-26 18:30:00,BUY,1728.33,1717.4807142857142,1717.4807142857142,1744.6039285714285,0.1,-109.1928571428577,-1084.928571428577,-1.0,SL,2021Q1,2021,2
1499,36147,2021-02-26 19:00:00,36157,2021-03-01 01:00:00,BUY,1718.19,1736.8923214285714,1705.721785714286,1736.8923214285714,0.1,186.32321428571396,1870.2321428571395,1.4860426695530986,TP,2021Q1,2021,10
1500,36186,2021-03-01 15:30:00,36194,2021-03-01 19:30:00,BUY,1733.16,1726.6467857142857,1726.6467857142857,1742.9298214285716,0.1,-65.83214285714412,-651.3214285714412,-1.0,SL,2021Q1,2021,8
1501,36198,2021-03-01 21:30:00,36208,2021-03-02 03:30:00,BUY,1721.12,1711.4042857142856,1711.4042857142856,1735.6935714285714,0.1,-97.85714285714285,-971.5714285714284,-1.0,SL,2021Q1,2021,10
1502,36209,2021-03-02 04:00:00,36219,2021-03-02 09:00:00,BUY,1711.9,1722.7594642857143,1704.6603571428573,1722.7594642857143,0.1,107.89464285714239,1085.946428571424,1.476059021840035,TP,2021Q1,2021,10
1503,36278,2021-03-03 15:30:00,36282,2021-03-03 17:30:00,BUY,1713.37,1706.7357142857143,1706.7357142857143,1723.3214285714284,0.1,-67.04285714285625,-663.4285714285625,-1.0,SL,2021Q1,2021,4
1504,36335,2021-03-04 21:00:00,36387,2021-03-08 01:00:00,BUY,1691.3,1707.6414285714286,1680.405714285714,1707.6414285714286,0.1,162.71428571428652,1634.142857142865,1.4840390879478726,TP,2021Q1,2021,52
1505,36408,2021-03-08 11:30:00,36413,2021-03-08 14:00:00,BUY,1690.27,1684.5442857142857,1684.5442857142857,1698.8585714285714,0.1,-57.957142857142756,-572.5714285714275,-1.0,SL,2021Q1,2021,5
1506,36422,2021-03-08 18:30:00,36448,2021-03-09 08:30:00,BUY,1680.0,1692.02625,1671.9825,1692.02625,0.1,119.5624999999989,1202.624999999989,1.4783616692426582,TP,2021Q1,2021,26
1507,36453,2021-03-09 11:00:00,36458,2021-03-09 13:30:00,SELL,1702.74,1708.0639285714285,1708.0639285714285,1694.754107142857,0.1,-53.93928571428496,-532.3928571428496,-1.0,SL,2021Q1,2021,5
1508,36459,2021-03-09 14:00:00,36462,2021-03-09 15:30:00,SELL,1708.9,1714.6471428571429,1714.6471428571429,1700.2792857142858,0.1,-58.171428571427626,-574.7142857142762,-1.0,SL,2021Q1,2021,3
1509,36463,2021-03-09 16:00:00,36464,2021-03-09 16:30:00,SELL,1713.23,1720.2307142857144,1720.2307142857144,1702.7289285714287,0.1,-70.70714285714367,-700.0714285714366,-1.0,SL,2021Q1,2021,1
1510,36465,2021-03-09 17:00:00,36519,2021-03-10 21:00:00,SELL,1717.58,1725.1967857142856,1725.1967857142856,1706.1548214285715,0.1,-76.86785714285698,-761.6785714285697,-1.0,SL,2021Q1,2021,54
1511,36526,2021-03-11 01:30:00,36531,2021-03-11 04:00:00,SELL,1726.35,1731.0557142857142,1731.0557142857142,1719.2914285714285,0.1,-47.75714285714294,-470.57142857142935,-1.0,SL,2021Q1,2021,5
1512,36532,2021-03-11 04:30:00,36534,2021-03-11 05:30:00,SELL,1730.87,1734.62,1734.62,1725.245,0.1,-38.2,-375.0,-1.0,SL,2021Q1,2021,2
1513,36535,2021-03-11 06:00:00,36538,2021-03-11 07:30:00,SELL,1731.66,1735.5482142857143,1735.5482142857143,1725.8276785714288,0.1,-39.58214285714185,-388.82142857141844,-1.0,SL,2021Q1,2021,3
1514,36539,2021-03-11 08:00:00,36544,2021-03-11 10:30:00,SELL,1735.49,1739.4960714285714,1739.4960714285714,1729.4808928571429,0.1,-40.760714285714315,-400.6071428571431,-1.0,SL,2021Q1,2021,5
1515,36545,2021-03-11 11:00:00,36550,2021-03-11 13:30:00,SELL,1738.94,1732.087142857143,1743.5085714285715,1732.087142857143,0.1,67.82857142857146,685.2857142857147,1.462272867262088,TP,2021Q1,2021,5
1516,36586,2021-03-12 08:30:00,36586,2021-03-12 08:30:00,BUY,1713.77,1709.6717857142858,1709.6717857142858,1719.9173214285715,0.1,-41.68214285714221,-409.8214285714221,-1.0,SL,2021Q1,2021,0
1517,36587,2021-03-12 09:00:00,36587,2021-03-12 09:00:00,BUY,1712.09,1707.6221428571428,1707.6221428571428,1718.7917857142857,0.1,-45.37857142857156,-446.7857142857156,-1.0,SL,2021Q1,2021,0
1518,36588,2021-03-12 09:30:00,36590,2021-03-12 10:30:00,BUY,1710.76,1706.0457142857142,1706.0457142857142,1717.8314285714287,0.1,-47.842857142857795,-471.4285714285779,-1.0,SL,2021Q1,2021,2
1519,36591,2021-03-12 11:00:00,36592,2021-03-12 11:30:00,BUY,1706.62,1701.4846428571427,1701.4846428571427,1714.3230357142857,0.1,-52.05357142857174,-513.5357142857174,-1.0,SL,2021Q1,2021,1
1520,36593,2021-03-12 12:00:00,36605,2021-03-12 18:00:00,BUY,1701.55,1709.6419642857143,1696.155357142857,1709.6419642857143,0.1,80.21964285714311,809.1964285714312,1.4679759492843198,TP,2021Q1,2021,12
1521,36624,2021-03-15 03:30:00,36625,2021-03-15 04:00:00,SELL,1733.68,1726.6423214285717,1738.3717857142858,1726.6423214285717,0.1,69.67678571428387,703.7678571428387,1.463249081226983,TP,2021Q1,2021,1
1522,36640,2021-03-15 11:30:00,36650,2021-03-15 16:30:00,SELL,1732.27,1725.9796428571428,1736.4635714285714,1725.9796428571428,0.1,62.203571428571465,629.0357142857147,1.4589545987602612,TP,2021Q1,2021,10
1523,36679,2021-03-16 08:00:00,36680,2021-03-16 08:30:00,SELL,1736.13,1732.04625,1738.8525000000002,1732.04625,0.1,40.13750000000009,408.3750000000009,1.437332139659764,TP,2021Q1,2021,1
1524,36751,2021-03-17 21:00:00,36774,2021-03-18 09:30:00,SELL,1749.43,1738.7505357142857,1756.549642857143,1738.7505357142857,0.1,106.09464285714402,1067.9464285714403,1.475659430728727,TP,2021Q1,2021,23
1525,36786,2021-03-18 15:30:00,36791,2021-03-18 18:00:00,BUY,1719.99,1732.636607142857,1711.5589285714286,1732.636607142857,0.1,125.76607142856965,1264.6607142856965,1.4794143595344988,TP,2021Q1,2021,5
1526,37109,2021-03-29 17:00:00,37132,2021-03-30 05:30:00,BUY,1711.32,1705.6992857142857,1705.6992857142857,1719.7510714285713,0.1,-56.907142857142574,-562.0714285714257,-1.0,SL,2021Q1,2021,23
1527,37133,2021-03-30 06:00:00,37140,2021-03-30 09:30:00,BUY,1706.28,1703.2092857142857,1703.2092857142857,1710.8860714285713,0.1,-31.407142857143025,-307.07142857143026,-1.0,SL,2021Q1,2021,7
1528,37141,2021-03-30 10:00:00,37142,2021-03-30 10:30:00,BUY,1703.17,1699.0417857142859,1699.0417857142859,1709.3623214285715,0.1,-41.98214285714194,-412.82142857141935,-1.0,SL,2021Q1,2021,1
1529,37143,2021-03-30 11:00:00,37149,2021-03-30 14:00:00,BUY,1697.2,1692.295,1692.295,1704.5575,0.1,-49.74999999999973,-490.49999999999727,-1.0,SL,2021Q1,2021,6
1530,37150,2021-03-30 14:30:00,37151,2021-03-30 15:00:00,BUY,1689.88,1684.4017857142858,1684.4017857142858,1698.0973214285714,0.1,-55.4821428571433,-547.821428571433,-1.0,SL,2021Q1,2021,1
1531,37152,2021-03-30 15:30:00,37200,2021-03-31 16:30:00,BUY,1683.97,1693.5775,1677.565,1693.5775,0.1,95.37500000000072,960.7500000000073,1.4729729729729903,TP,2021Q1,2021,48
1532,37203,2021-03-31 18:00:00,37205,2021-03-31 19:00:00,SELL,1703.87,1710.090714285714,1710.090714285714,1694.5389285714284,0.1,-62.907142857141665,-622.0714285714166,-1.0,SL,2021Q1,2021,2
1533,37206,2021-03-31 19:30:00,37207,2021-03-31 20:00:00,SELL,1708.49,1715.1607142857142,1715.1607142857142,1698.4839285714286,0.1,-67.40714285714212,-667.0714285714212,-1.0,SL,2021Q1,2021,1
1534,37208,2021-03-31 20:30:00,37245,2021-04-01 16:00:00,SELL,1714.0,1721.05,1721.05,1703.4250000000002,0.1,-71.19999999999955,-704.9999999999955,-1.0,SL,2021Q1,2021,37
1535,37246,2021-04-01 16:30:00,37249,2021-04-01 18:00:00,SELL,1724.34,1729.8417857142856,1729.8417857142856,1716.0873214285714,0.1,-55.717857142856886,-550.1785714285688,-1.0,SL,2021Q2,2021,3
1536,37250,2021-04-01 18:30:00,37313,2021-04-06 04:00:00,SELL,1727.9,1733.7875000000001,1733.7875000000001,1719.06875,0.1,-59.57500000000046,-588.7500000000045,-1.0,SL,2021Q2,2021,63
1537,37314,2021-04-06 04:30:00,37322,2021-04-06 08:30:00,SELL,1734.34,1737.5660714285714,1737.5660714285714,1729.5008928571426,0.1,-32.96071428571459,-322.60714285714585,-1.0,SL,2021Q2,2021,8
1538,37323,2021-04-06 09:00:00,37324,2021-04-06 09:30:00,SELL,1737.47,1733.0342857142857,1740.4271428571428,1733.0342857142857,0.1,43.657142857143114,443.57142857143117,1.4421897121283989,TP,2021Q2,2021,1
1539,37341,2021-04-06 18:00:00,37379,2021-04-07 14:00:00,SELL,1743.28,1735.3760714285713,1748.5492857142856,1735.3760714285713,0.1,78.3392857142865,790.3928571428651,1.4672240802676004,TP,2021Q2,2021,38
1540,37427,2021-04-08 15:00:00,37430,2021-04-08 16:30:00,SELL,1749.28,1753.4767857142856,1753.4767857142856,1742.9848214285714,0.1,-42.66785714285625,-419.67857142856246,-1.0,SL,2021Q2,2021,3
1541,37431,2021-04-08 17:00:00,37432,2021-04-08 17:30:00,SELL,1753.68,1758.5700000000002,1758.5700000000002,1746.345,0.1,-49.600000000001,-489.00000000001,-1.0,SL,2021Q2,2021,1
1542,37433,2021-04-08 18:00:00,37461,2021-04-09 09:00:00,SELL,1756.38,1748.9067857142857,1761.362142857143,1748.9067857142857,0.1,74.03214285714448,747.3214285714448,1.4653612328573675,TP,2021Q2,2021,28
1543,37475,2021-04-09 16:00:00,37475,2021-04-09 16:00:00,BUY,1738.48,1733.494642857143,1733.494642857143,1745.9580357142856,0.1,-50.553571428570834,-498.5357142857083,-1.0,SL,2021Q2,2021,0
1544,37506,2021-04-12 08:30:00,37507,2021-04-12 09:00:00,BUY,1736.42,1740.974642857143,1733.3835714285715,1740.974642857143,0.1,44.8464285714288,455.46428571428805,1.443665210393194,TP,2021Q2,2021,1
1545,37532,2021-04-12 21:30:00,37546,2021-04-13 05:30:00,BUY,1728.21,1735.6076785714286,1723.2782142857143,1735.6076785714286,0.1,73.27678571428514,739.7678571428514,1.4650124955372854,TP,2021Q2,2021,14
1546,37554,2021-04-13 09:30:00,37565,2021-04-13 15:00:00,BUY,1725.52,1731.1835714285714,1721.7442857142858,1731.1835714285714,0.1,55.93571428571458,566.3571428571458,1.4544947994056752,TP,2021Q2,2021,11
1547,37569,2021-04-13 17:00:00,37583,2021-04-14 01:00:00,SELL,1748.0,1738.4744642857145,1754.350357142857,1738.4744642857145,0.1,94.55535714285524,952.5535714285525,1.4727429493241184,TP,2021Q2,2021,14
1548,37651,2021-04-15 12:00:00,37657,2021-04-15 15:00:00,SELL,1747.7,1750.9560714285715,1750.9560714285715,1742.815892857143,0.1,-33.260714285714315,-325.6071428571431,-1.0,SL,2021Q2,2021,6
1549,37661,2021-04-15 17:00:00,37661,2021-04-15 17:00:00,SELL,1754.5,1759.3889285714286,1759.3889285714286,1747.1666071428572,0.1,-49.58928571428551,-488.89285714285506,-1.0,SL,2021Q2,2021,0
1550,37662,2021-04-15 17:30:00,37698,2021-04-16 12:30:00,SELL,1764.02,1769.8764285714285,1769.8764285714285,1755.235357142857,0.1,-59.264285714285236,-585.6428571428523,-1.0,SL,2021Q2,2021,36
1551,37699,2021-04-16 13:00:00,37700,2021-04-16 13:30:00,SELL,1770.96,1774.7164285714287,1774.7164285714287,1765.3253571428572,0.1,-38.264285714286146,-375.64285714286143,-1.0,SL,2021Q2,2021,1
1552,37701,2021-04-16 14:00:00,37703,2021-04-16 15:00:00,SELL,1778.13,1782.5860714285716,1782.5860714285716,1771.445892857143,0.1,-45.26071428571477,-445.60714285714766,-1.0,SL,2021Q2,2021,2
1553,37704,2021-04-16 15:30:00,37706,2021-04-16 16:30:00,SELL,1780.6,1772.715357142857,1785.8564285714285,1772.715357142857,0.1,78.14642857142807,788.4642857142808,1.4671449644628995,TP,2021Q2,2021,2
1554,37708,2021-04-16 17:30:00,37740,2021-04-19 10:30:00,SELL,1779.41,1786.1032142857143,1786.1032142857143,1769.3701785714286,0.1,-67.63214285714248,-669.3214285714248,-1.0,SL,2021Q2,2021,32
1555,37741,2021-04-19 11:00:00,37748,2021-04-19 14:30:00,SELL,1786.95,1779.5057142857142,1791.912857142857,1779.5057142857142,0.1,73.74285714285797,744.4285714285797,1.4652284984388748,TP,2021Q2,2021,7
1556,37773,2021-04-20 04:00:00,37776,2021-04-20 05:30:00,BUY,1768.93,1766.5492857142858,1766.5492857142858,1772.5010714285713,0.1,-24.50714285714248,-238.0714285714248,-1.0,SL,2021Q2,2021,3
1557,37823,2021-04-21 06:00:00,37828,2021-04-21 08:30:00,SELL,1782.5,1785.5760714285714,1785.5760714285714,1777.8858928571428,0.1,-31.460714285713674,-307.60714285713675,-1.0,SL,2021Q2,2021,5
1558,37829,2021-04-21 09:00:00,37830,2021-04-21 09:30:00,SELL,1784.7,1788.18,1788.18,1779.48,0.1,-35.500000000000185,-348.0000000000018,-1.0,SL,2021Q2,2021,1
1559,37831,2021-04-21 10:00:00,37832,2021-04-21 10:30:00,SELL,1787.83,1781.992857142857,1791.7214285714285,1781.992857142857,0.1,57.671428571429075,583.7142857142908,1.455824017309773,TP,2021Q2,2021,1
1560,37845,2021-04-21 17:00:00,37882,2021-04-22 12:30:00,SELL,1795.73,1787.4178571428572,1801.2714285714285,1787.4178571428572,0.1,82.42142857142817,831.2142857142817,1.4688136456212009,TP,2021Q2,2021,37
1561,37938,2021-04-23 17:30:00,37961,2021-04-26 06:00:00,BUY,1773.03,1782.2308928571429,1766.8960714285713,1782.2308928571429,0.1,91.3089285714289,920.089285714289,1.471792067238483,TP,2021Q2,2021,23
1562,38048,2021-04-28 03:30:00,38048,2021-04-28 03:30:00,BUY,1772.62,1770.1707142857142,1770.1707142857142,1776.2939285714285,0.1,-25.19285714285679,-244.92857142856792,-1.0,SL,2021Q2,2021,0
1563,38049,2021-04-28 04:00:00,38049,2021-04-28 04:00:00,BUY,1771.93,1769.4217857142858,1769.4217857142858,1775.6923214285716,0.1,-25.782142857143025,-250.82142857143026,-1.0,SL,2021Q2,2021,0
1564,38050,2021-04-28 04:30:00,38051,2021-04-28 05:00:00,BUY,1767.59,1771.7798214285715,1764.7967857142855,1771.7798214285715,0.1,41.198214285715764,418.98214285715767,1.4388798802544613,TP,2021Q2,2021,1
1565,38058,2021-04-28 08:30:00,38061,2021-04-28 10:00:00,BUY,1770.2,1767.3060714285714,1767.3060714285714,1774.540892857143,0.1,-29.639285714286597,-289.392857142866,-1.0,SL,2021Q2,2021,3
1566,38062,2021-04-28 10:30:00,38065,2021-04-28 12:00:00,BUY,1766.81,1763.585,1763.585,1771.6475,0.1,-32.94999999999909,-322.4999999999909,-1.0,SL,2021Q2,2021,3
1567,38066,2021-04-28 12:30:00,38072,2021-04-28 15:30:00,BUY,1764.43,1769.198392857143,1761.2510714285715,1769.198392857143,0.1,46.983928571429985,476.8392857142999,1.446136088820559,TP,2021Q2,2021,6
1568,38093,2021-04-29 03:00:00,38095,2021-04-29 04:00:00,SELL,1783.69,1787.4603571428572,1787.4603571428572,1778.0344642857142,0.1,-38.40357142857165,-377.0357142857165,-1.0,SL,2021Q2,2021,2
1569,38096,2021-04-29 04:30:00,38105,2021-04-29 09:00:00,SELL,1787.9,1781.8989285714285,1791.9007142857145,1781.8989285714285,0.1,59.31071428571549,600.1071428571549,1.4570100017546945,TP,2021Q2,2021,9
1570,38121,2021-04-29 17:00:00,38122,2021-04-29 17:30:00,BUY,1757.99,1768.6341071428571,1750.8939285714287,1768.6341071428571,0.1,105.74107142857137,1064.4107142857138,1.47557936705708,TP,2021Q2,2021,1
1571,38146,2021-04-30 06:30:00,38151,2021-04-30 09:00:00,BUY,1765.93,1770.7482142857143,1762.7178571428574,1770.7482142857143,0.1,47.48214285714248,481.8214285714248,1.4466811751904907,TP,2021Q2,2021,5
1572,38199,2021-05-03 10:00:00,38201,2021-05-03 11:00:00,SELL,1779.57,1774.7742857142857,1782.7671428571427,1774.7742857142857,0.1,47.257142857142114,479.57142857142117,1.4464363795365096,TP,2021Q2,2021,2
1573,38210,2021-05-03 15:30:00,38212,2021-05-03 16:30:00,SELL,1785.07,1789.9032142857143,1789.9032142857143,1777.8201785714284,0.1,-49.032142857143484,-483.3214285714348,-1.0,SL,2021Q2,2021,2
1574,38213,2021-05-03 17:00:00,38241,2021-05-04 08:00:00,SELL,1793.0,1784.9530357142858,1798.3646428571428,1784.9530357142858,0.1,79.76964285714239,804.6964285714239,1.4677991719787078,TP,2021Q2,2021,28
1575,38335,2021-05-06 09:00:00,38337,2021-05-06 10:00:00,SELL,1792.07,1795.3185714285714,1795.3185714285714,1787.1971428571428,0.1,-33.18571428571495,-324.8571428571495,-1.0,SL,2021Q2,2021,2
1576,38338,2021-05-06 10:30:00,38350,2021-05-06 16:30:00,SELL,1793.54,1797.107857142857,1797.107857142857,1788.1882142857144,0.1,-36.37857142857065,-356.7857142857065,-1.0,SL,2021Q2,2021,12
1577,38351,2021-05-06 17:00:00,38375,2021-05-07 06:00:00,SELL,1812.68,1819.2307142857144,1819.2307142857144,1802.8539285714287,0.1,-66.20714285714321,-655.0714285714321,-1.0,SL,2021Q2,2021,24
1578,38376,2021-05-07 06:30:00,38394,2021-05-07 15:30:00,SELL,1820.79,1823.79,1823.79,1816.29,0.1,-30.7,-300.0,-1.0,SL,2021Q2,2021,18
1579,38395,2021-05-07 16:00:00,38395,2021-05-07 16:00:00,SELL,1838.65,1830.0389285714286,1844.3907142857145,1830.0389285714286,0.1,85.41071428571449,861.1071428571449,1.4698832206514867,TP,2021Q2,2021,0
1580,38396,2021-05-07 16:30:00,38396,2021-05-07 16:30:00,SELL,1831.03,1838.0082142857143,1838.0082142857143,1820.5626785714285,0.1,-70.4821428571433,-697.821428571433,-1.0,SL,2021Q2,2021,0
1581,38397,2021-05-07 17:00:00,38486,2021-05-11 15:30:00,SELL,1838.53,1826.1823214285714,1846.7617857142857,1826.1823214285714,0.1,122.7767857142856,1234.767857142856,1.4789201978920197,TP,2021Q2,2021,89
1582,38488,2021-05-11 16:30:00,38489,2021-05-11 17:00:00,BUY,1821.44,1830.697142857143,1815.2685714285715,1830.697142857143,0.1,91.8714285714298,925.7142857142981,1.4719615472648384,TP,2021Q2,2021,1
1583,38513,2021-05-12 06:00:00,38519,2021-05-12 09:00:00,BUY,1826.71,1831.6342857142856,1823.4271428571428,1831.6342857142856,0.1,48.54285714285588,492.4285714285588,1.4478057094162091,TP,2021Q2,2021,6
1584,38548,2021-05-12 23:30:00,38573,2021-05-13 13:00:00,BUY,1815.75,1809.3096428571428,1809.3096428571428,1825.4105357142857,0.1,-65.10357142857238,-644.0357142857238,-1.0,SL,2021Q2,2021,25
1585,38574,2021-05-13 13:30:00,38578,2021-05-13 15:30:00,BUY,1811.95,1818.925,1807.3,1818.925,0.1,69.04999999999909,697.4999999999909,1.4629237288135117,TP,2021Q2,2021,4
1586,38612,2021-05-14 09:30:00,38612,2021-05-14 09:30:00,SELL,1831.87,1835.6671428571428,1835.6671428571428,1826.1742857142856,0.1,-38.671428571429445,-379.7142857142944,-1.0,SL,2021Q2,2021,0
1587,38613,2021-05-14 10:00:00,38624,2021-05-14 15:30:00,SELL,1834.6,1838.8149999999998,1838.8149999999998,1828.2775,0.1,-42.849999999999184,-421.4999999999918,-1.0,SL,2021Q2,2021,11
1588,38638,2021-05-14 22:30:00,38641,2021-05-17 01:00:00,SELL,1842.76,1847.4475,1847.4475,1835.72875,0.1,-47.575,-468.75,-1.0,SL,2021Q2,2021,3
1589,38642,2021-05-17 01:30:00,38647,2021-05-17 04:00:00,SELL,1846.92,1850.8617857142858,1850.8617857142858,1841.0073214285715,0.1,-40.11785714285743,-394.1785714285743,-1.0,SL,2021Q2,2021,5
1590,38648,2021-05-17 04:30:00,38656,2021-05-17 08:30:00,SELL,1850.79,1855.2225,1855.2225,1844.14125,0.1,-45.025000000001185,-443.2500000000118,-1.0,SL,2021Q2,2021,8
1591,38657,2021-05-17 09:00:00,38668,2021-05-17 14:30:00,SELL,1852.34,1846.4867857142856,1856.2421428571429,1846.4867857142856,0.1,57.832142857143296,585.321428571433,1.4559431756877983,TP,2021Q2,2021,11
1592,38674,2021-05-17 17:30:00,38674,2021-05-17 17:30:00,SELL,1859.7,1864.9275,1864.9275,1851.85875,0.1,-52.97499999999964,-522.7499999999964,-1.0,SL,2021Q2,2021,0
1593,38675,2021-05-17 18:00:00,38693,2021-05-18 04:00:00,SELL,1864.56,1870.2857142857142,1870.2857142857142,1855.9714285714285,0.1,-57.957142857142756,-572.5714285714275,-1.0,SL,2021Q2,2021,18
1594,38694,2021-05-18 04:30:00,38698,2021-05-18 06:30:00,SELL,1871.67,1867.5685714285714,1874.4042857142858,1867.5685714285714,0.1,40.31428571428641,410.14285714286416,1.4375955170657166,TP,2021Q2,2021,4
1595,38699,2021-05-18 07:00:00,38703,2021-05-18 09:00:00,SELL,1868.06,1871.5175,1871.5175,1862.87375,0.1,-35.27499999999982,-345.7499999999982,-1.0,SL,2021Q2,2021,4
1596,38705,2021-05-18 10:00:00,38716,2021-05-18 15:30:00,SELL,1870.38,1874.5478571428573,1874.5478571428573,1864.1282142857144,0.1,-42.378571428572016,-416.78571428572013,-1.0,SL,2021Q2,2021,11
1597,38765,2021-05-19 17:00:00,38773,2021-05-19 21:00:00,SELL,1888.89,1872.9230357142858,1899.534642857143,1872.9230357142858,0.1,158.96964285714313,1596.6964285714312,1.483667211092974,TP,2021Q2,2021,8
1598,38854,2021-05-21 15:30:00,38855,2021-05-21 16:00:00,SELL,1885.24,1889.1539285714287,1889.1539285714287,1879.369107142857,0.1,-39.83928571428642,-391.39285714286416,-1.0,SL,2021Q2,2021,1
1599,38879,2021-05-24 05:00:00,38892,2021-05-24 11:30:00,SELL,1886.0,1880.7157142857145,1889.522857142857,1880.7157142857145,0.1,52.14285714285488,528.4285714285488,1.4512922465208724,TP,2021Q2,2021,13
1600,38924,2021-05-25 04:30:00,38927,2021-05-25 06:00:00,BUY,1873.76,1878.1442857142856,1870.837142857143,1878.1442857142856,0.1,43.14285714285624,438.42857142856246,1.4415274463007148,TP,2021Q2,2021,3
1601,38955,2021-05-25 20:00:00,38969,2021-05-26 04:00:00,SELL,1895.27,1901.0021428571429,1901.0021428571429,1886.6717857142858,0.1,-58.0214285714289,-573.214285714289,-1.0,SL,2021Q2,2021,14
1602,38970,2021-05-26 04:30:00,38971,2021-05-26 05:00:00,SELL,1902.07,1905.0860714285714,1905.0860714285714,1897.5458928571427,0.1,-30.86071428571422,-301.6071428571422,-1.0,SL,2021Q2,2021,1
1603,38972,2021-05-26 05:30:00,38979,2021-05-26 09:00:00,SELL,1905.64,1900.9889285714287,1908.7407142857144,1900.9889285714287,0.1,45.81071428571413,465.1071428571413,1.444807389051588,TP,2021Q2,2021,7
1604,38980,2021-05-26 09:30:00,38982,2021-05-26 10:30:00,SELL,1903.76,1907.8785714285714,1907.8785714285714,1897.5821428571428,0.1,-41.88571428571386,-411.85714285713857,-1.0,SL,2021Q2,2021,2
1605,38983,2021-05-26 11:00:00,38993,2021-05-26 16:00:00,SELL,1909.17,1902.4280357142857,1913.664642857143,1902.4280357142857,0.1,66.71964285714402,674.1964285714403,1.4616618417964171,TP,2021Q2,2021,10
1606,39107,2021-05-31 04:00:00,39107,2021-05-31 04:00:00,SELL,1904.76,1907.942142857143,1907.942142857143,1899.9867857142858,0.1,-32.521428571429354,-318.2142857142935,-1.0,SL,2021Q2,2021,0
1607,39108,2021-05-31 04:30:00,39127,2021-05-31 14:00:00,SELL,1907.56,1902.6276785714285,1910.8482142857142,1902.6276785714285,0.1,48.62321428571413,493.2321428571413,1.4478889716048067,TP,2021Q2,2021,19
1608,39147,2021-06-01 05:00:00,39155,2021-06-01 09:00:00,SELL,1911.97,1914.8060714285714,1914.8060714285714,1907.7158928571428,0.1,-29.060714285713583,-283.60714285713584,-1.0,SL,2021Q2,2021,8
1609,39156,2021-06-01 09:30:00,39159,2021-06-01 11:00:00,SELL,1915.05,1909.8958928571428,1918.4860714285714,1909.8958928571428,0.1,50.84107142857128,515.4107142857129,1.4500865844962503,TP,2021Q2,2021,3
1610,39188,2021-06-02 02:30:00,39195,2021-06-02 06:00:00,BUY,1899.24,1896.7114285714285,1896.7114285714285,1903.0328571428572,0.1,-25.985714285714675,-252.85714285714675,-1.0,SL,2021Q2,2021,7
1611,39196,2021-06-02 06:30:00,39204,2021-06-02 10:30:00,BUY,1896.5,1900.53875,1893.8075000000001,1900.53875,0.1,39.68749999999936,403.87499999999363,1.4366515837104457,TP,2021Q2,2021,8
1612,39233,2021-06-03 02:00:00,39240,2021-06-03 05:30:00,SELL,1908.62,1905.2658928571427,1910.8560714285713,1905.2658928571427,0.1,32.84107142857174,335.4107142857174,1.4241133653399418,TP,2021Q2,2021,7
1613,39248,2021-06-03 09:30:00,39250,2021-06-03 10:30:00,BUY,1898.08,1895.1110714285714,1895.1110714285714,1902.5333928571429,0.1,-30.389285714284778,-296.8928571428478,-1.0,SL,2021Q2,2021,2
1614,39251,2021-06-03 11:00:00,39259,2021-06-03 15:00:00,BUY,1893.77,1890.0103571428572,1890.0103571428572,1899.4094642857142,0.1,-38.29642857142808,-375.9642857142808,-1.0,SL,2021Q2,2021,8
1615,39260,2021-06-03 15:30:00,39260,2021-06-03 15:30:00,BUY,1888.63,1883.2867857142858,1883.2867857142858,1896.6448214285715,0.1,-54.13214285714339,-534.3214285714339,-1.0,SL,2021Q2,2021,0
1616,39261,2021-06-03 16:00:00,39261,2021-06-03 16:00:00,BUY,1882.31,1876.5714285714284,1876.5714285714284,1890.917857142857,0.1,-58.08571428571504,-573.8571428571504,-1.0,SL,2021Q2,2021,0
1617,39262,2021-06-03 16:30:00,39262,2021-06-03 16:30:00,BUY,1877.75,1871.6192857142858,1871.6192857142858,1886.9460714285715,0.1,-62.00714285714248,-613.0714285714248,-1.0,SL,2021Q2,2021,0
1618,39263,2021-06-03 17:00:00,39284,2021-06-04 04:30:00,BUY,1867.88,1860.7153571428573,1860.7153571428573,1878.6269642857144,0.1,-72.34642857142781,-716.464285714278,-1.0,SL,2021Q2,2021,21
1619,39285,2021-06-04 05:00:00,39286,2021-06-04 05:30:00,BUY,1859.94,1866.024642857143,1855.8835714285715,1866.024642857143,0.1,60.14642857142853,608.4642857142853,1.457590444867578,TP,2021Q2,2021,1
1620,39287,2021-06-04 06:00:00,39295,2021-06-04 10:00:00,BUY,1866.92,1873.7503571428572,1862.3664285714285,1873.7503571428572,0.1,67.6035714285711,683.035714285711,1.4621504711879634,TP,2021Q2,2021,8
1621,39309,2021-06-04 17:00:00,39341,2021-06-07 10:00:00,SELL,1891.25,1881.8192857142858,1897.537142857143,1881.8192857142858,0.1,93.60714285714202,943.0714285714203,1.472471910112324,TP,2021Q2,2021,32
1622,39362,2021-06-07 20:30:00,39374,2021-06-08 03:30:00,SELL,1896.24,1900.4260714285715,1900.4260714285715,1889.9608928571429,0.1,-42.56071428571495,-418.6071428571495,-1.0,SL,2021Q2,2021,12
1623,39375,2021-06-08 04:00:00,39376,2021-06-08 04:30:00,SELL,1901.32,1898.0285714285715,1903.5142857142857,1898.0285714285715,0.1,32.214285714284685,329.1428571428469,1.4227129337538456,TP,2021Q2,2021,1
1624,39377,2021-06-08 05:00:00,39387,2021-06-08 10:00:00,SELL,1897.88,1894.244642857143,1900.3035714285716,1894.244642857143,0.1,35.65357142857174,363.5357142857174,1.429819535949585,TP,2021Q2,2021,10
1625,39466,2021-06-10 03:30:00,39466,2021-06-10 03:30:00,BUY,1887.2,1885.145,1885.145,1890.2825,0.1,-21.250000000000636,-205.50000000000637,-1.0,SL,2021Q2,2021,0
1626,39467,2021-06-10 04:00:00,39476,2021-06-10 08:30:00,BUY,1886.16,1883.9539285714286,1883.9539285714286,1889.4691071428572,0.1,-22.760714285714766,-220.60714285714766,-1.0,SL,2021Q2,2021,9
1627,39481,2021-06-10 11:00:00,39489,2021-06-10 15:00:00,BUY,1877.58,1873.0307142857143,1873.0307142857143,1884.4039285714284,0.1,-46.192857142855885,-454.9285714285588,-1.0,SL,2021Q2,2021,8
1628,39507,2021-06-11 01:00:00,39523,2021-06-11 09:00:00,SELL,1897.31,1901.1917857142857,1901.1917857142857,1891.4873214285715,0.1,-39.51785714285798,-388.17857142857974,-1.0,SL,2021Q2,2021,16
1629,39524,2021-06-11 09:30:00,39527,2021-06-11 11:00:00,SELL,1901.14,1896.8842857142859,1903.977142857143,1896.8842857142859,0.1,41.85714285714248,425.5714285714248,1.4398034398034016,TP,2021Q2,2021,3
1630,39542,2021-06-11 18:30:00,39559,2021-06-14 04:00:00,BUY,1877.33,1870.3807142857142,1870.3807142857142,1887.7539285714286,0.1,-70.1928571428568,-694.9285714285679,-1.0,SL,2021Q2,2021,17
1631,39560,2021-06-14 04:30:00,39560,2021-06-14 04:30:00,BUY,1867.6,1864.125357142857,1864.125357142857,1872.811964285714,0.1,-35.446428571429536,-347.46428571429533,-1.0,SL,2021Q2,2021,0
1632,39561,2021-06-14 05:00:00,39565,2021-06-14 07:00:00,BUY,1864.96,1861.4092857142857,1861.4092857142857,1870.2860714285714,0.1,-36.20714285714321,-355.0714285714321,-1.0,SL,2021Q2,2021,4
1633,39566,2021-06-14 07:30:00,39571,2021-06-14 10:00:00,BUY,1862.06,1857.764642857143,1857.764642857143,1868.5030357142857,0.1,-43.65357142857029,-429.53571428570285,-1.0,SL,2021Q2,2021,5
1634,39572,2021-06-14 10:30:00,39581,2021-06-14 15:00:00,BUY,1857.72,1852.389642857143,1852.389642857143,1865.7155357142858,0.1,-54.00357142857111,-533.035714285711,-1.0,SL,2021Q2,2021,9
1635,39582,2021-06-14 15:30:00,39582,2021-06-14 15:30:00,BUY,1851.23,1845.5064285714286,1845.5064285714286,1859.8153571428572,0.1,-57.93571428571404,-572.3571428571404,-1.0,SL,2021Q2,2021,0
1636,39583,2021-06-14 16:00:00,39584,2021-06-14 16:30:00,BUY,1848.39,1857.9075000000003,1842.045,1857.9075000000003,0.1,94.47500000000154,951.7500000000155,1.4727201870615922,TP,2021Q2,2021,1
1637,39650,2021-06-16 03:30:00,39658,2021-06-16 07:30:00,BUY,1855.57,1859.5974999999999,1852.885,1859.5974999999999,0.1,39.57499999999918,402.7499999999918,1.436479128856623,TP,2021Q2,2021,8
1638,39686,2021-06-16 21:30:00,39686,2021-06-16 21:30:00,BUY,1839.59,1831.8135714285713,1831.8135714285713,1851.254642857143,0.1,-78.46428571428596,-777.6428571428596,-1.0,SL,2021Q2,2021,0
1639,39687,2021-06-16 22:00:00,39689,2021-06-16 23:00:00,BUY,1835.2,1826.3242857142857,1826.3242857142857,1848.5135714285716,0.1,-89.45714285714367,-887.5714285714366,-1.0,SL,2021Q2,2021,2
1640,39690,2021-06-16 23:30:00,39690,2021-06-16 23:30:00,BUY,1824.48,1814.2467857142856,1814.2467857142856,1839.8298214285714,0.1,-103.0321428571444,-1023.3214285714439,-1.0,SL,2021Q2,2021,0
1641,39691,2021-06-17 01:00:00,39716,2021-06-17 13:30:00,BUY,1811.9,1799.7275,1799.7275,1830.1587500000003,0.1,-122.42500000000128,-1217.2500000000127,-1.0,SL,2021Q2,2021,25
1642,39717,2021-06-17 14:00:00,39718,2021-06-17 14:30:00,BUY,1798.68,1792.0125,1792.0125,1808.68125,0.1,-67.37500000000018,-666.7500000000018,-1.0,SL,2021Q2,2021,1
1643,39719,2021-06-17 15:00:00,39719,2021-06-17 15:00:00,BUY,1788.58,1780.4510714285714,1780.4510714285714,1800.7733928571429,0.1,-81.9892857142856,-812.892857142856,-1.0,SL,2021Q2,2021,0
1644,39720,2021-06-17 15:30:00,39726,2021-06-17 18:30:00,BUY,1777.58,1768.1942857142856,1768.1942857142856,1791.6585714285713,0.1,-94.55714285714357,-938.5714285714357,-1.0,SL,2021Q2,2021,6
1645,39727,2021-06-17 19:00:00,39757,2021-06-18 11:00:00,BUY,1776.28,1794.4439285714286,1764.1707142857142,1794.4439285714286,0.1,180.93928571428643,1816.3928571428642,1.4856313412703068,TP,2021Q2,2021,30
1646,39769,2021-06-18 17:00:00,39780,2021-06-18 22:30:00,BUY,1773.06,1765.3746428571428,1765.3746428571428,1784.5880357142858,0.1,-77.55357142857129,-768.5357142857129,-1.0,SL,2021Q2,2021,11
1647,39781,2021-06-18 23:00:00,39789,2021-06-21 04:00:00,BUY,1761.98,1773.7571428571428,1754.1285714285716,1773.7571428571428,0.1,117.07142857142735,1177.7142857142735,1.477908025247985,TP,2021Q2,2021,8
1648,39907,2021-06-23 17:00:00,39910,2021-06-23 18:30:00,SELL,1794.24,1785.9696428571428,1799.7535714285714,1785.9696428571428,0.1,82.00357142857165,827.0357142857165,1.468658052961514,TP,2021Q2,2021,3
1649,40021,2021-06-28 05:00:00,40022,2021-06-28 05:30:00,BUY,1773.59,1778.2973214285712,1770.4517857142857,1778.2973214285712,0.1,46.37321428571276,470.73214285712766,1.4454525214293645,TP,2021Q2,2021,1
1650,40080,2021-06-29 11:30:00,40085,2021-06-29 14:00:00,BUY,1768.79,1765.0035714285714,1765.0035714285714,1774.4696428571428,0.1,-38.56428571428587,-378.6428571428587,-1.0,SL,2021Q2,2021,5
1651,40089,2021-06-29 16:00:00,40138,2021-06-30 17:30:00,BUY,1754.88,1765.9194642857144,1747.5203571428572,1765.9194642857144,0.1,109.69464285714302,1103.9464285714303,1.4764457049463868,TP,2021Q2,2021,49
1652,40159,2021-07-01 05:00:00,40160,2021-07-01 05:30:00,SELL,1771.25,1773.9467857142856,1773.9467857142856,1767.2048214285714,0.1,-27.667857142856246,-269.67857142856246,-1.0,SL,2021Q3,2021,1
1653,40161,2021-07-01 06:00:00,40166,2021-07-01 08:30:00,SELL,1774.29,1777.2471428571428,1777.2471428571428,1769.8542857142857,0.1,-30.271428571427986,-295.71428571427987,-1.0,SL,2021Q3,2021,5
1654,40167,2021-07-01 09:00:00,40181,2021-07-01 16:00:00,SELL,1776.8,1780.330357142857,1780.330357142857,1771.5044642857142,0.1,-36.00357142857156,-353.0357142857156,-1.0,SL,2021Q3,2021,14
1655,40218,2021-07-02 11:30:00,40222,2021-07-02 13:30:00,SELL,1782.5,1785.56,1785.56,1777.9099999999999,0.1,-31.299999999999454,-305.99999999999454,-1.0,SL,2021Q3,2021,4
1656,40223,2021-07-02 14:00:00,40225,2021-07-02 15:00:00,SELL,1786.94,1781.1205357142858,1790.819642857143,1781.1205357142858,0.1,57.49464285714275,581.9464285714275,1.4556921964010932,TP,2021Q3,2021,2
1657,40263,2021-07-05 11:00:00,40288,2021-07-06 04:30:00,SELL,1792.53,1796.1385714285714,1796.1385714285714,1787.1171428571429,0.1,-36.78571428571395,-360.8571428571395,-1.0,SL,2021Q3,2021,25
1658,40289,2021-07-06 05:00:00,40289,2021-07-06 05:00:00,SELL,1795.51,1798.1628571428573,1798.1628571428573,1791.530714285714,0.1,-27.228571428573286,-265.28571428573287,-1.0,SL,2021Q3,2021,0
1659,40290,2021-07-06 05:30:00,40294,2021-07-06 07:30:00,SELL,1797.77,1800.845,1800.845,1793.1574999999998,0.1,-31.450000000000454,-307.50000000000455,-1.0,SL,2021Q3,2021,4
1660,40295,2021-07-06 08:00:00,40296,2021-07-06 08:30:00,SELL,1800.52,1803.934642857143,1803.934642857143,1795.3980357142857,0.1,-34.84642857143008,-341.4642857143008,-1.0,SL,2021Q3,2021,1
1661,40297,2021-07-06 09:00:00,40300,2021-07-06 10:30:00,SELL,1803.98,1807.642142857143,1807.642142857143,1798.4867857142858,0.1,-37.321428571429536,-366.21428571429533,-1.0,SL,2021Q3,2021,3
1662,40301,2021-07-06 11:00:00,40309,2021-07-06 15:00:00,SELL,1807.27,1811.4367857142856,1811.4367857142856,1801.0198214285715,0.1,-42.36785714285652,-416.6785714285652,-1.0,SL,2021Q3,2021,8
1663,40310,2021-07-06 15:30:00,40310,2021-07-06 15:30:00,SELL,1810.03,1814.3692857142855,1814.3692857142855,1803.5210714285715,0.1,-44.09285714285552,-433.9285714285552,-1.0,SL,2021Q3,2021,0
1664,40311,2021-07-06 16:00:00,40315,2021-07-06 18:00:00,SELL,1809.2,1801.9678571428572,1814.0214285714285,1801.9678571428572,0.1,71.6214285714289,723.214285714289,1.4642231308411668,TP,2021Q3,2021,4
1665,40395,2021-07-08 12:00:00,40402,2021-07-08 15:30:00,SELL,1813.27,1818.547857142857,1818.547857142857,1805.3532142857143,0.1,-53.478571428571016,-527.7857142857101,-1.0,SL,2021Q3,2021,7
1666,40519,2021-07-13 05:00:00,40520,2021-07-13 05:30:00,SELL,1810.53,1812.6932142857142,1812.6932142857142,1807.2851785714283,0.1,-22.332142857142752,-216.32142857142753,-1.0,SL,2021Q3,2021,1
1667,40521,2021-07-13 06:00:00,40525,2021-07-13 08:00:00,SELL,1811.73,1808.2151785714284,1814.0732142857144,1808.2151785714284,0.1,34.44821428571622,351.4821428571622,1.427482610626066,TP,2021Q3,2021,4
1668,40586,2021-07-14 15:30:00,40586,2021-07-14 15:30:00,SELL,1823.78,1828.2082142857143,1828.2082142857143,1817.1376785714285,0.1,-44.98214285714376,-442.82142857143754,-1.0,SL,2021Q3,2021,0
1669,40587,2021-07-14 16:00:00,40588,2021-07-14 16:30:00,SELL,1828.54,1821.172857142857,1833.4514285714286,1821.172857142857,0.1,72.9714285714288,736.714285714288,1.4648695153427014,TP,2021Q3,2021,1
1670,40601,2021-07-14 23:00:00,40619,2021-07-15 09:00:00,SELL,1827.28,1832.047857142857,1832.047857142857,1820.1282142857142,0.1,-48.37857142857111,-476.78571428571104,-1.0,SL,2021Q3,2021,18
1671,40620,2021-07-15 09:30:00,40627,2021-07-15 13:00:00,SELL,1831.29,1826.3801785714286,1834.5632142857141,1826.3801785714286,0.1,48.39821428571376,490.98214285713766,1.4476551650465015,TP,2021Q3,2021,7
1672,40712,2021-07-19 09:30:00,40722,2021-07-19 14:30:00,BUY,1805.56,1801.4542857142856,1801.4542857142856,1811.7185714285715,0.1,-41.75714285714385,-410.57142857143845,-1.0,SL,2021Q3,2021,10
1673,40723,2021-07-19 15:00:00,40723,2021-07-19 15:00:00,BUY,1800.75,1795.815,1795.815,1808.1525,0.1,-50.04999999999946,-493.49999999999454,-1.0,SL,2021Q3,2021,0
1674,40724,2021-07-19 15:30:00,40724,2021-07-19 15:30:00,BUY,1796.06,1804.026607142857,1790.7489285714285,1804.026607142857,0.1,78.96607142857128,796.6607142857129,1.467478595606271,TP,2021Q3,2021,0
1675,40749,2021-07-20 05:00:00,40761,2021-07-20 11:00:00,SELL,1817.47,1813.3685714285714,1820.2042857142858,1813.3685714285714,0.1,40.31428571428641,410.14285714286416,1.4375955170657166,TP,2021Q3,2021,12
1676,40794,2021-07-21 04:30:00,40803,2021-07-21 09:00:00,BUY,1806.93,1810.269642857143,1804.7035714285714,1810.269642857143,0.1,32.69642857142962,333.96428571429624,1.423794712286161,TP,2021Q3,2021,9
1677,40840,2021-07-22 04:30:00,40842,2021-07-22 05:30:00,BUY,1801.01,1798.925,1798.925,1804.1375,0.1,-21.550000000000363,-208.50000000000364,-1.0,SL,2021Q3,2021,2
1678,40843,2021-07-22 06:00:00,40850,2021-07-22 09:30:00,BUY,1798.92,1802.1423214285714,1796.771785714286,1802.1423214285714,0.1,31.523214285713767,322.23214285713766,1.421107712123699,TP,2021Q3,2021,7
1679,40854,2021-07-22 11:30:00,40862,2021-07-22 15:30:00,BUY,1794.35,1799.8625,1790.675,1799.8625,0.1,54.42500000000045,551.2500000000045,1.4532710280374128,TP,2021Q3,2021,8
1680,40974,2021-07-27 02:30:00,40978,2021-07-27 04:30:00,BUY,1797.42,1795.359642857143,1795.359642857143,1800.5105357142859,0.1,-21.303571428571285,-206.03571428571286,-1.0,SL,2021Q3,2021,4
1681,40979,2021-07-27 05:00:00,40980,2021-07-27 05:30:00,BUY,1795.12,1798.3873214285713,1792.9417857142855,1798.3873214285713,0.1,31.973214285714494,326.73214285714494,1.422160444797411,TP,2021Q3,2021,1
1682,41028,2021-07-28 06:30:00,41036,2021-07-28 10:30:00,SELL,1806.23,1802.0739285714285,1809.0007142857144,1802.0739285714285,0.1,40.86071428571522,415.6071428571522,1.4383957757103356,TP,2021Q3,2021,8
1683,41070,2021-07-29 04:30:00,41084,2021-07-29 11:30:00,SELL,1815.69,1821.3042857142857,1821.3042857142857,1807.2685714285715,0.1,-56.84285714285643,-561.4285714285643,-1.0,SL,2021Q3,2021,14
1684,41085,2021-07-29 12:00:00,41089,2021-07-29 14:00:00,SELL,1821.44,1825.0089285714287,1825.0089285714287,1816.0866071428572,0.1,-36.389285714286146,-356.89285714286143,-1.0,SL,2021Q3,2021,4
1685,41090,2021-07-29 14:30:00,41098,2021-07-29 18:30:00,SELL,1826.9,1831.2307142857144,1831.2307142857144,1820.4039285714287,0.1,-44.00714285714294,-433.07142857142935,-1.0,SL,2021Q3,2021,8
1686,41099,2021-07-29 19:00:00,41138,2021-07-30 15:30:00,SELL,1831.0,1823.764642857143,1835.8235714285713,1823.764642857143,0.1,71.65357142857083,723.5357142857083,1.4642387972558972,TP,2021Q3,2021,39
1687,41147,2021-07-30 20:00:00,41162,2021-08-02 04:30:00,BUY,1814.54,1809.5321428571428,1809.5321428571428,1822.0517857142856,0.1,-50.7785714285712,-500.78571428571195,-1.0,SL,2021Q3,2021,15
1688,41163,2021-08-02 05:00:00,41171,2021-08-02 09:00:00,BUY,1811.23,1807.8142857142857,1807.8142857142857,1816.3535714285713,0.1,-34.8571428571433,-341.571428571433,-1.0,SL,2021Q3,2021,8
1689,41172,2021-08-02 09:30:00,41187,2021-08-02 17:00:00,BUY,1808.56,1814.1110714285712,1804.8592857142858,1814.1110714285712,0.1,54.81071428571276,555.1071428571277,1.4535896950179945,TP,2021Q3,2021,15
1690,41276,2021-08-04 15:30:00,41276,2021-08-04 15:30:00,SELL,1824.1,1828.0439285714285,1828.0439285714285,1818.184107142857,0.1,-40.139285714286146,-394.39285714286143,-1.0,SL,2021Q3,2021,0
1691,41277,2021-08-04 16:00:00,41277,2021-08-04 16:00:00,SELL,1826.85,1831.0896428571427,1831.0896428571427,1820.4905357142857,0.1,-43.09642857142826,-423.9642857142826,-1.0,SL,2021Q3,2021,0
1692,41278,2021-08-04 16:30:00,41279,2021-08-04 17:00:00,SELL,1830.28,1823.485,1834.81,1823.485,0.1,67.25000000000072,679.5000000000073,1.4619565217391548,TP,2021Q3,2021,1
1693,41343,2021-08-06 03:00:00,41344,2021-08-06 03:30:00,BUY,1803.63,1801.622142857143,1801.622142857143,1806.6417857142858,0.1,-20.778571428571194,-200.78571428571195,-1.0,SL,2021Q3,2021,1
1694,41345,2021-08-06 04:00:00,41345,2021-08-06 04:00:00,BUY,1802.01,1800.3267857142857,1800.3267857142857,1804.5348214285714,0.1,-17.53214285714257,-168.3214285714257,-1.0,SL,2021Q3,2021,0
1695,41346,2021-08-06 04:30:00,41348,2021-08-06 05:30:00,BUY,1801.5,1799.7450000000001,1799.7450000000001,1804.1325,0.1,-18.249999999998817,-175.49999999998818,-1.0,SL,2021Q3,2021,2
1696,41349,2021-08-06 06:00:00,41353,2021-08-06 08:00:00,BUY,1800.61,1798.9482142857141,1798.9482142857141,1803.1026785714284,0.1,-17.3178571428577,-166.17857142857702,-1.0,SL,2021Q3,2021,4
1697,41354,2021-08-06 08:30:00,41355,2021-08-06 09:00:00,BUY,1799.15,1802.0219642857144,1797.2353571428573,1802.0219642857144,0.1,28.019642857142845,287.19642857142844,1.4118229260392838,TP,2021Q3,2021,1
1698,41364,2021-08-06 13:30:00,41364,2021-08-06 13:30:00,BUY,1797.89,1795.0925000000002,1795.0925000000002,1802.08625,0.1,-28.674999999999,-279.74999999999,-1.0,SL,2021Q3,2021,0
1699,41365,2021-08-06 14:00:00,41366,2021-08-06 14:30:00,BUY,1795.28,1799.8474999999999,1792.235,1799.8474999999999,0.1,44.974999999998815,456.7499999999882,1.4438202247190295,TP,2021Q3,2021,1
1700,41369,2021-08-06 16:00:00,41369,2021-08-06 16:00:00,BUY,1776.74,1770.6639285714286,1770.6639285714286,1785.8541071428572,0.1,-61.46071428571368,-607.6071428571368,-1.0,SL,2021Q3,2021,0
1701,41370,2021-08-06 16:30:00,41370,2021-08-06 16:30:00,BUY,1772.65,1766.1153571428572,1766.1153571428572,1782.4519642857142,0.1,-66.04642857142899,-653.4642857142899,-1.0,SL,2021Q3,2021,0
1702,41371,2021-08-06 17:00:00,41385,2021-08-09 01:00:00,BUY,1763.96,1756.4557142857143,1756.4557142857143,1775.2164285714287,0.1,-75.74285714285743,-750.4285714285743,-1.0,SL,2021Q3,2021,14
1703,41386,2021-08-09 01:30:00,41386,2021-08-09 01:30:00,BUY,1754.62,1749.1171428571427,1749.1171428571427,1762.8742857142856,0.1,-55.72857142857238,-550.2857142857238,-1.0,SL,2021Q3,2021,0
1704,41387,2021-08-09 02:00:00,41388,2021-08-09 02:30:00,BUY,1694.01,1713.5464285714286,1680.9857142857143,1713.5464285714286,0.1,194.66428571428588,1953.6428571428587,1.4866353916648485,TP,2021Q3,2021,1
1705,41389,2021-08-09 03:00:00,41400,2021-08-09 08:30:00,BUY,1719.27,1744.56,1702.41,1744.56,0.1,252.19999999999965,2528.9999999999964,1.4896633195510995,TP,2021Q3,2021,11
1706,41408,2021-08-09 12:30:00,41418,2021-08-09 17:30:00,BUY,1741.3,1734.805,1734.805,1751.0425,0.1,-65.64999999999891,-649.4999999999891,-1.0,SL,2021Q3,2021,10
1707,41419,2021-08-09 18:00:00,41463,2021-08-10 17:00:00,BUY,1729.73,1720.5360714285714,1720.5360714285714,1743.5208928571428,0.1,-92.63928571428615,-919.3928571428614,-1.0,SL,2021Q3,2021,44
1708,41481,2021-08-11 03:00:00,41483,2021-08-11 04:00:00,BUY,1727.1,1724.7214285714285,1724.7214285714285,1730.6678571428572,0.1,-24.485714285713765,-237.85714285713766,-1.0,SL,2021Q3,2021,2
1709,41507,2021-08-11 16:00:00,41511,2021-08-11 18:00:00,SELL,1744.58,1749.7432142857142,1749.7432142857142,1736.8351785714285,0.1,-52.332142857142756,-516.3214285714275,-1.0,SL,2021Q3,2021,4
1710,41512,2021-08-11 18:30:00,41540,2021-08-12 09:30:00,SELL,1749.11,1755.515,1755.515,1739.5024999999998,0.1,-64.750000000002,-640.50000000002,-1.0,SL,2021Q3,2021,28
1711,41541,2021-08-12 10:00:00,41542,2021-08-12 10:30:00,SELL,1752.77,1755.8717857142856,1755.8717857142856,1748.1173214285714,0.1,-31.717857142855973,-310.17857142855974,-1.0,SL,2021Q3,2021,1
1712,41543,2021-08-12 11:00:00,41547,2021-08-12 13:00:00,SELL,1756.78,1751.629107142857,1760.2139285714286,1751.629107142857,0.1,50.80892857142935,515.0892857142935,1.4500560595250234,TP,2021Q3,2021,4
1713,41578,2021-08-13 05:30:00,41585,2021-08-13 09:00:00,SELL,1755.36,1757.4117857142855,1757.4117857142855,1752.2823214285713,0.1,-21.217857142856428,-205.17857142856428,-1.0,SL,2021Q3,2021,7
1714,41586,2021-08-13 09:30:00,41594,2021-08-13 13:30:00,SELL,1758.75,1761.3642857142856,1761.3642857142856,1754.8285714285714,0.1,-26.842857142856428,-261.4285714285643,-1.0,SL,2021Q3,2021,8
1715,41600,2021-08-13 16:30:00,41601,2021-08-13 17:00:00,SELL,1763.69,1767.487142857143,1767.487142857143,1757.9942857142858,0.1,-38.671428571429445,-379.7142857142944,-1.0,SL,2021Q3,2021,1
1716,41602,2021-08-13 17:30:00,41603,2021-08-13 18:00:00,SELL,1769.89,1774.4114285714286,1774.4114285714286,1763.1078571428573,0.1,-45.91428571428487,-452.1428571428487,-1.0,SL,2021Q3,2021,1
1717,41604,2021-08-13 18:30:00,41614,2021-08-13 23:30:00,SELL,1774.74,1779.5357142857144,1779.5357142857144,1767.5464285714286,0.1,-48.65714285714439,-479.5714285714439,-1.0,SL,2021Q3,2021,10
1718,41615,2021-08-16 01:00:00,41621,2021-08-16 04:00:00,SELL,1778.42,1782.5535714285716,1782.5535714285716,1772.2196428571428,0.1,-42.03571428571486,-413.3571428571486,-1.0,SL,2021Q3,2021,6
1719,41622,2021-08-16 04:30:00,41622,2021-08-16 04:30:00,SELL,1781.39,1777.4685714285715,1784.004285714286,1777.4685714285715,0.1,38.514285714285776,392.1428571428578,1.4348057477380776,TP,2021Q3,2021,0
1720,41623,2021-08-16 05:00:00,41624,2021-08-16 05:30:00,SELL,1777.09,1780.0160714285714,1780.0160714285714,1772.7008928571427,0.1,-29.96071428571504,-292.6071428571504,-1.0,SL,2021Q3,2021,1
1721,41625,2021-08-16 06:00:00,41629,2021-08-16 08:00:00,SELL,1779.16,1774.5957142857142,1782.2028571428573,1774.5957142857142,0.1,44.942857142859154,456.42857142859157,1.4437815511702992,TP,2021Q3,2021,4
1722,41647,2021-08-16 17:00:00,41676,2021-08-17 08:30:00,SELL,1786.55,1791.5096428571428,1791.5096428571428,1779.1105357142856,0.1,-50.296428571428535,-495.9642857142853,-1.0,SL,2021Q3,2021,29
1723,41677,2021-08-17 09:00:00,41679,2021-08-17 10:00:00,SELL,1791.52,1794.2767857142856,1794.2767857142856,1787.3848214285715,0.1,-28.2678571428557,-275.678571428557,-1.0,SL,2021Q3,2021,2
1724,41680,2021-08-17 10:30:00,41690,2021-08-17 15:30:00,SELL,1794.65,1789.7225,1797.935,1789.7225,0.1,48.57500000000009,492.7500000000009,1.4478390461997672,TP,2021Q3,2021,10
1725,41764,2021-08-19 06:30:00,41770,2021-08-19 09:30:00,BUY,1777.18,1782.2473214285715,1773.8017857142856,1782.2473214285715,0.1,49.973214285714036,506.7321428571404,1.4492490937337525,TP,2021Q3,2021,6
1726,41872,2021-08-23 14:30:00,41874,2021-08-23 15:30:00,SELL,1791.49,1794.5435714285713,1794.5435714285713,1786.909642857143,0.1,-31.23571428571331,-305.3571428571331,-1.0,SL,2021Q3,2021,2
1727,41875,2021-08-23 16:00:00,41875,2021-08-23 16:00:00,SELL,1799.82,1803.7339285714286,1803.7339285714286,1793.9491071428572,0.1,-39.83928571428642,-391.39285714286416,-1.0,SL,2021Q3,2021,0
1728,41876,2021-08-23 16:30:00,41877,2021-08-23 17:00:00,SELL,1804.73,1798.1166071428572,1809.1389285714286,1798.1166071428572,0.1,65.43392857142798,661.3392857142799,1.4609281556494693,TP,2021Q3,2021,1
1729,41879,2021-08-23 18:00:00,41942,2021-08-25 03:30:00,SELL,1804.1,1795.28,1809.9799999999998,1795.28,0.1,87.49999999999936,881.9999999999936,1.470588235294136,TP,2021Q3,2021,63
1730,41943,2021-08-25 04:00:00,41945,2021-08-25 05:00:00,BUY,1796.08,1793.7099999999998,1793.7099999999998,1799.635,0.1,-24.40000000000118,-237.00000000001182,-1.0,SL,2021Q3,2021,2
1731,41946,2021-08-25 05:30:00,41963,2021-08-25 14:00:00,BUY,1793.96,1791.1453571428572,1791.1453571428572,1798.1819642857145,0.1,-28.846428571428714,-281.46428571428714,-1.0,SL,2021Q3,2021,17
1732,41992,2021-08-26 05:30:00,41995,2021-08-26 07:00:00,BUY,1788.98,1787.1971428571428,1787.1971428571428,1791.6542857142858,0.1,-18.528571428572103,-178.28571428572104,-1.0,SL,2021Q3,2021,3
1733,41996,2021-08-26 07:30:00,41999,2021-08-26 09:00:00,BUY,1787.67,1785.8785714285716,1785.8785714285716,1790.357142857143,0.1,-18.614285714284687,-179.14285714284688,-1.0,SL,2021Q3,2021,3
1734,42000,2021-08-26 09:30:00,42009,2021-08-26 14:00:00,BUY,1785.29,1788.7517857142857,1782.982142857143,1788.7517857142857,0.1,33.917857142857244,346.17857142857247,1.4264043256233558,TP,2021Q3,2021,9
1735,42038,2021-08-27 05:30:00,42038,2021-08-27 05:30:00,SELL,1796.94,1798.7967857142858,1798.7967857142858,1794.1548214285715,0.1,-19.267857142857064,-185.67857142857065,-1.0,SL,2021Q3,2021,0
1736,42039,2021-08-27 06:00:00,42039,2021-08-27 06:00:00,SELL,1797.17,1799.1328571428571,1799.1328571428571,1794.2257142857143,0.1,-20.328571428570466,-196.28571428570467,-1.0,SL,2021Q3,2021,0
1737,42040,2021-08-27 06:30:00,42043,2021-08-27 08:00:00,SELL,1798.91,1800.9478571428572,1800.9478571428572,1795.8532142857143,0.1,-21.07857142857092,-203.78571428570922,-1.0,SL,2021Q3,2021,3
1738,42044,2021-08-27 08:30:00,42045,2021-08-27 09:00:00,SELL,1800.84,1802.9614285714285,1802.9614285714285,1797.657857142857,0.1,-21.914285714286233,-212.14285714286234,-1.0,SL,2021Q3,2021,1
1739,42046,2021-08-27 09:30:00,42048,2021-08-27 10:30:00,SELL,1803.97,1800.2575,1806.445,1800.2575,0.1,36.42500000000091,371.2500000000091,1.4312377210216978,TP,2021Q3,2021,2
1740,42049,2021-08-27 11:00:00,42049,2021-08-27 11:00:00,SELL,1801.43,1797.0392857142858,1804.357142857143,1797.0392857142858,0.1,43.20714285714239,439.0714285714239,1.441611058150619,TP,2021Q3,2021,0
1741,42066,2021-08-27 19:30:00,42081,2021-08-30 04:00:00,SELL,1814.46,1822.8942857142858,1822.8942857142858,1801.8085714285714,0.1,-85.04285714285807,-843.4285714285807,-1.0,SL,2021Q3,2021,15
1742,42082,2021-08-30 04:30:00,42084,2021-08-30 05:30:00,SELL,1819.8,1815.7708928571428,1822.4860714285714,1815.7708928571428,0.1,39.59107142857128,402.91071428571286,1.436503822729,TP,2021Q3,2021,2
1743,42089,2021-08-30 08:00:00,42108,2021-08-30 17:30:00,SELL,1816.01,1811.1789285714285,1819.2307142857144,1811.1789285714285,0.1,47.610714285714764,483.10714285714766,1.4468200564358256,TP,2021Q3,2021,19
1744,42137,2021-08-31 09:00:00,42146,2021-08-31 13:30:00,SELL,1817.09,1813.6282142857142,1819.397857142857,1813.6282142857142,0.1,33.917857142857244,346.17857142857247,1.4264043256233558,TP,2021Q3,2021,9
1745,42289,2021-09-03 16:00:00,42292,2021-09-03 17:30:00,SELL,1823.58,1827.6599999999999,1827.6599999999999,1817.46,0.1,-41.499999999999275,-407.9999999999927,-1.0,SL,2021Q3,2021,3
1746,42293,2021-09-03 18:00:00,42335,2021-09-06 16:00:00,SELL,1830.36,1822.1298214285714,1835.8467857142855,1822.1298214285714,0.1,81.60178571428496,823.0178571428496,1.4685069734558973,TP,2021Q3,2021,42
1747,42359,2021-09-07 09:00:00,42360,2021-09-07 09:30:00,BUY,1818.48,1815.9225,1815.9225,1822.31625,0.1,-26.27500000000118,-255.75000000001182,-1.0,SL,2021Q3,2021,1
1748,42364,2021-09-07 11:30:00,42366,2021-09-07 12:30:00,BUY,1814.88,1811.2767857142858,1811.2767857142858,1820.2848214285716,0.1,-36.7321428571433,-360.321428571433,-1.0,SL,2021Q3,2021,2
1749,42367,2021-09-07 13:00:00,42375,2021-09-07 17:00:00,BUY,1810.74,1806.7414285714285,1806.7414285714285,1816.7378571428571,0.1,-40.68571428571495,-399.8571428571495,-1.0,SL,2021Q3,2021,8
1750,42376,2021-09-07 17:30:00,42420,2021-09-08 16:30:00,BUY,1796.31,1790.0860714285714,1790.0860714285714,1805.6458928571428,0.1,-62.93928571428587,-622.3928571428587,-1.0,SL,2021Q3,2021,44
1751,42421,2021-09-08 17:00:00,42461,2021-09-09 14:00:00,BUY,1789.03,1797.1846428571428,1783.5935714285715,1797.1846428571428,0.1,80.8464285714279,815.464285714279,1.4682189648463033,TP,2021Q3,2021,40
1752,42462,2021-09-09 14:30:00,42464,2021-09-09 15:30:00,SELL,1799.5,1794.8425,1802.605,1794.8425,0.1,45.87500000000027,465.75000000000273,1.4448818897637798,TP,2021Q3,2021,2
1753,42497,2021-09-10 09:00:00,42505,2021-09-10 13:00:00,SELL,1802.25,1796.9930357142855,1805.754642857143,1796.9930357142855,0.1,51.869642857145024,525.6964285714503,1.4510440603457215,TP,2021Q3,2021,8
1754,42532,2021-09-13 03:30:00,42533,2021-09-13 04:00:00,BUY,1786.46,1783.6710714285716,1783.6710714285716,1790.6433928571428,0.1,-28.58928571428414,-278.8928571428414,-1.0,SL,2021Q3,2021,1
1755,42534,2021-09-13 04:30:00,42537,2021-09-13 06:00:00,BUY,1786.58,1790.901607142857,1783.6989285714285,1790.901607142857,0.1,42.516071428571465,432.1607142857147,1.4406995038121748,TP,2021Q3,2021,3
1756,42621,2021-09-15 02:00:00,42637,2021-09-15 10:00:00,SELL,1803.91,1799.8455357142857,1806.619642857143,1799.8455357142857,0.1,39.94464285714393,406.44642857143936,1.437042271617669,TP,2021Q3,2021,16
1757,42678,2021-09-16 07:30:00,42680,2021-09-16 08:30:00,BUY,1790.98,1788.4985714285715,1788.4985714285715,1794.702142857143,0.1,-25.514285714285233,-248.14285714285234,-1.0,SL,2021Q3,2021,2
1758,42681,2021-09-16 09:00:00,42681,2021-09-16 09:00:00,BUY,1786.92,1783.9403571428572,1783.9403571428572,1791.3894642857144,0.1,-30.49642857142835,-297.9642857142835,-1.0,SL,2021Q3,2021,0
1759,42682,2021-09-16 09:30:00,42688,2021-09-16 12:30:00,BUY,1785.56,1782.3896428571427,1782.3896428571427,1790.3155357142857,0.1,-32.40357142857256,-317.0357142857256,-1.0,SL,2021Q3,2021,6
1760,42689,2021-09-16 13:00:00,42692,2021-09-16 14:30:00,BUY,1778.15,1774.1825000000001,1774.1825000000001,1784.1012500000002,0.1,-40.37499999999973,-396.74999999999727,-1.0,SL,2021Q3,2021,3
1761,42693,2021-09-16 15:00:00,42694,2021-09-16 15:30:00,BUY,1771.47,1766.4964285714286,1766.4964285714286,1778.9303571428572,0.1,-50.43571428571404,-497.3571428571404,-1.0,SL,2021Q3,2021,1
1762,42695,2021-09-16 16:00:00,42695,2021-09-16 16:00:00,BUY,1762.7,1757.0085714285715,1757.0085714285715,1771.2371428571428,0.1,-57.6142857142856,-569.142857142856,-1.0,SL,2021Q3,2021,0
1763,42696,2021-09-16 16:30:00,42696,2021-09-16 16:30:00,BUY,1757.86,1751.8717857142856,1751.8717857142856,1766.8423214285713,0.1,-60.58214285714321,-598.8214285714321,-1.0,SL,2021Q3,2021,0
1764,42697,2021-09-16 17:00:00,42728,2021-09-17 09:30:00,BUY,1753.21,1763.83,1746.13,1763.83,0.1,105.4999999999989,1061.999999999989,1.4755244755244752,TP,2021Q3,2021,31
1765,42741,2021-09-17 16:00:00,42743,2021-09-17 17:00:00,BUY,1753.34,1748.0032142857142,1748.0032142857142,1761.3451785714285,0.1,-54.06785714285725,-533.6785714285725,-1.0,SL,2021Q3,2021,2
1766,42766,2021-09-20 05:30:00,42772,2021-09-20 08:30:00,BUY,1744.82,1750.649107142857,1740.9339285714284,1750.649107142857,0.1,57.59107142857083,582.9107142857083,1.4557641960819152,TP,2021Q3,2021,6
1767,42811,2021-09-21 05:00:00,42816,2021-09-21 07:30:00,SELL,1765.5,1761.5657142857142,1768.1228571428571,1761.5657142857142,0.1,38.64285714285806,393.42857142858065,1.4350132625995113,TP,2021Q3,2021,5
1768,42832,2021-09-21 15:30:00,42836,2021-09-21 17:30:00,SELL,1772.98,1777.3857142857144,1777.3857142857144,1766.3714285714286,0.1,-44.75714285714339,-440.5714285714339,-1.0,SL,2021Q3,2021,4
1769,42837,2021-09-21 18:00:00,42889,2021-09-22 21:00:00,SELL,1777.44,1782.6953571428571,1782.6953571428571,1769.5569642857142,0.1,-53.25357142857065,-525.5357142857065,-1.0,SL_AMBIGUOUS_PESSIMISTIC,2021Q3,2021,52
1770,42907,2021-09-23 07:00:00,42913,2021-09-23 10:00:00,BUY,1764.28,1761.2253571428573,1761.2253571428573,1768.861964285714,0.1,-31.24642857142653,-305.4642857142653,-1.0,SL,2021Q3,2021,6
1771,42926,2021-09-23 16:30:00,42929,2021-09-23 18:00:00,BUY,1754.87,1748.0342857142857,1748.0342857142857,1765.1235714285713,0.1,-69.05714285714176,-683.5714285714175,-1.0,SL,2021Q3,2021,3
1772,42930,2021-09-23 18:30:00,42939,2021-09-23 23:00:00,BUY,1748.78,1741.0035714285714,1741.0035714285714,1760.4446428571428,0.1,-78.46428571428596,-777.6428571428596,-1.0,SL,2021Q3,2021,9
1773,42940,2021-09-23 23:30:00,42950,2021-09-24 05:30:00,BUY,1741.88,1751.0455357142857,1735.769642857143,1751.0455357142857,0.1,90.95535714285624,916.5535714285625,1.4716844842531056,TP,2021Q3,2021,10
1774,42971,2021-09-24 16:00:00,42972,2021-09-24 16:30:00,BUY,1745.46,1741.047857142857,1741.047857142857,1752.0782142857142,0.1,-44.821428571429536,-441.21428571429533,-1.0,SL,2021Q3,2021,1
1775,42973,2021-09-24 17:00:00,42975,2021-09-24 18:00:00,BUY,1743.04,1750.0792857142856,1738.347142857143,1750.0792857142856,0.1,69.69285714285597,703.9285714285597,1.463257348530293,TP,2021Q3,2021,2
1776,42997,2021-09-27 06:00:00,43006,2021-09-27 10:30:00,SELL,1759.65,1754.4428571428573,1763.1214285714286,1754.4428571428573,0.1,51.371428571427984,520.7142857142799,1.4505849132714796,TP,2021Q3,2021,9
1777,43050,2021-09-28 09:30:00,43051,2021-09-28 10:00:00,BUY,1743.31,1739.9060714285713,1739.9060714285713,1748.4158928571428,0.1,-34.73928571428651,-340.39285714286507,-1.0,SL,2021Q3,2021,1
1778,43057,2021-09-28 13:00:00,43058,2021-09-28 13:30:00,BUY,1738.35,1733.205,1733.205,1746.0674999999999,0.1,-52.14999999999982,-514.4999999999982,-1.0,SL,2021Q3,2021,1
1779,43059,2021-09-28 14:00:00,43100,2021-09-29 11:30:00,BUY,1733.62,1742.441607142857,1727.7389285714285,1742.441607142857,0.1,87.51607142857146,882.1607142857147,1.4705935305767268,TP,2021Q3,2021,41
1780,43118,2021-09-29 20:30:00,43134,2021-09-30 05:30:00,BUY,1723.17,1733.0764285714288,1716.5657142857144,1733.0764285714288,0.1,98.36428571428705,990.6428571428705,1.4737799657534583,TP,2021Q3,2021,16
1781,43158,2021-09-30 17:30:00,43159,2021-09-30 18:00:00,SELL,1753.8,1760.8992857142857,1760.8992857142857,1743.1510714285714,0.1,-71.6928571428577,-709.928571428577,-1.0,SL,2021Q3,2021,1
1782,43160,2021-09-30 18:30:00,43243,2021-10-04 14:00:00,SELL,1760.86,1748.5910714285712,1769.0392857142856,1748.5910714285712,0.1,121.9892857142866,1226.892857142866,1.4787860420815793,TP,2021Q3,2021,83
1783,43322,2021-10-06 07:30:00,43327,2021-10-06 10:00:00,BUY,1751.69,1749.1325,1749.1325,1755.5262500000001,0.1,-26.27500000000118,-255.75000000001182,-1.0,SL,2021Q4,2021,5
1784,43329,2021-10-06 11:00:00,43335,2021-10-06 14:00:00,BUY,1747.88,1754.4676785714287,1743.4882142857143,1754.4676785714287,0.1,65.17678571428569,658.7678571428569,1.4607780356999671,TP,2021Q4,2021,6
1785,43431,2021-10-08 16:00:00,43431,2021-10-08 16:00:00,SELL,1775.91,1781.1910714285714,1781.1910714285714,1767.988392857143,0.1,-53.51071428571295,-528.1071428571295,-1.0,SL,2021Q4,2021,0
1786,43432,2021-10-08 16:30:00,43432,2021-10-08 16:30:00,SELL,1779.25,1770.925,1784.8,1770.925,0.1,82.55000000000045,832.5000000000045,1.4688612099644327,TP,2021Q4,2021,0
1787,43560,2021-10-13 11:30:00,43563,2021-10-13 13:00:00,SELL,1767.1,1770.075357142857,1770.075357142857,1762.6369642857142,0.1,-30.45357142857092,-297.5357142857092,-1.0,SL,2021Q4,2021,3
1788,43564,2021-10-13 13:30:00,43566,2021-10-13 14:30:00,SELL,1770.49,1773.630357142857,1773.630357142857,1765.7794642857143,0.1,-32.10357142857056,-314.0357142857056,-1.0,SL,2021Q4,2021,2
1789,43567,2021-10-13 15:00:00,43567,2021-10-13 15:00:00,SELL,1773.34,1777.0075,1777.0075,1767.8387500000001,0.1,-37.375000000000185,-366.7500000000018,-1.0,SL,2021Q4,2021,0
1790,43568,2021-10-13 15:30:00,43568,2021-10-13 15:30:00,SELL,1775.07,1769.13,1779.03,1769.13,0.1,58.69999999999827,593.9999999999827,1.4565756823820777,TP,2021Q4,2021,0
1791,43571,2021-10-13 17:00:00,43572,2021-10-13 17:30:00,SELL,1781.45,1789.6657142857143,1789.6657142857143,1769.1264285714287,0.1,-82.85714285714285,-821.5714285714284,-1.0,SL,2021Q4,2021,1
1792,43573,2021-10-13 18:00:00,43658,2021-10-15 14:30:00,SELL,1792.61,1778.5892857142856,1801.9571428571428,1778.5892857142856,0.1,139.5071428571435,1402.0714285714348,1.481416868932039,TP,2021Q4,2021,85
1793,43659,2021-10-15 15:00:00,43659,2021-10-15 15:00:00,BUY,1778.54,1774.1053571428572,1774.1053571428572,1785.1919642857142,0.1,-45.046428571427626,-443.46428571427623,-1.0,SL,2021Q4,2021,0
1794,43660,2021-10-15 15:30:00,43660,2021-10-15 15:30:00,BUY,1774.62,1769.718214285714,1769.718214285714,1781.9726785714283,0.1,-49.717857142857795,-490.1785714285779,-1.0,SL,2021Q4,2021,0
1795,43661,2021-10-15 16:00:00,43693,2021-10-18 09:00:00,BUY,1767.78,1762.035,1762.035,1776.3974999999998,0.1,-58.14999999999891,-574.4999999999891,-1.0,SL,2021Q4,2021,32
1796,43694,2021-10-18 09:30:00,43701,2021-10-18 13:00:00,BUY,1764.28,1761.0560714285714,1761.0560714285714,1769.1158928571429,0.1,-32.93928571428587,-322.3928571428587,-1.0,SL,2021Q4,2021,7
1797,43702,2021-10-18 13:30:00,43707,2021-10-18 16:00:00,BUY,1761.78,1768.5155357142858,1757.2896428571428,1768.5155357142858,0.1,66.65535714285788,673.5535714285788,1.4616258125146842,TP,2021Q4,2021,5
1798,43733,2021-10-19 06:00:00,43738,2021-10-19 08:30:00,SELL,1774.05,1776.6492857142855,1776.6492857142855,1770.1510714285714,0.1,-26.692857142855427,-259.9285714285543,-1.0,SL,2021Q4,2021,5
1799,43739,2021-10-19 09:00:00,43742,2021-10-19 10:30:00,SELL,1777.44,1780.5064285714286,1780.5064285714286,1772.8403571428573,0.1,-31.364285714285597,-306.642857142856,-1.0,SL,2021Q4,2021,3
1800,43743,2021-10-19 11:00:00,43751,2021-10-19 15:00:00,SELL,1781.03,1784.6685714285713,1784.6685714285713,1775.5721428571428,0.1,-37.08571428571368,-363.85714285713675,-1.0,SL,2021Q4,2021,8
1801,43774,2021-10-20 03:30:00,43775,2021-10-20 04:00:00,BUY,1767.47,1770.7132142857142,1765.3078571428573,1770.7132142857142,0.1,31.732142857142026,324.32142857142026,1.4216000000000464,TP,2021Q4,2021,1
1802,43795,2021-10-20 14:00:00,43797,2021-10-20 15:00:00,SELL,1780.04,1782.8921428571427,1782.8921428571427,1775.7617857142857,0.1,-29.221428571427804,-285.21428571427805,-1.0,SL,2021Q4,2021,2
1803,43798,2021-10-20 15:30:00,43798,2021-10-20 15:30:00,SELL,1782.23,1785.7957142857142,1785.7957142857142,1776.8814285714286,0.1,-36.35714285714194,-356.57142857141935,-1.0,SL,2021Q4,2021,0
1804,43799,2021-10-20 16:00:00,43799,2021-10-20 16:00:00,SELL,1786.26,1780.4132142857143,1790.1578571428572,1780.4132142857143,0.1,57.76785714285715,584.6785714285716,1.4558955895589278,TP,2021Q4,2021,0
1805,43823,2021-10-21 05:00:00,43833,2021-10-21 10:00:00,SELL,1786.69,1782.0726785714287,1789.7682142857143,1782.0726785714287,0.1,45.47321428571358,461.73214285713584,1.4444129325014172,TP,2021Q4,2021,10
1806,43879,2021-10-22 10:00:00,43889,2021-10-22 15:00:00,SELL,1792.84,1795.7307142857142,1795.7307142857142,1788.5039285714286,0.1,-29.60714285714239,-289.0714285714239,-1.0,SL,2021Q4,2021,10
1807,43890,2021-10-22 15:30:00,43890,2021-10-22 15:30:00,SELL,1799.21,1803.7742857142857,1803.7742857142857,1792.3635714285715,0.1,-46.342857142856886,-456.42857142856883,-1.0,SL,2021Q4,2021,0
1808,43891,2021-10-22 16:00:00,43893,2021-10-22 17:00:00,SELL,1805.63,1811.047142857143,1811.047142857143,1797.5042857142857,0.1,-54.87142857142835,-541.7142857142835,-1.0,SL,2021Q4,2021,2
1809,43894,2021-10-22 17:30:00,43895,2021-10-22 18:00:00,SELL,1811.83,1803.0598214285715,1817.6767857142856,1803.0598214285715,0.1,87.0017857142846,877.017857142846,1.47042313031929,TP,2021Q4,2021,1
1810,43939,2021-10-25 17:00:00,43972,2021-10-26 10:30:00,SELL,1807.81,1801.0744642857144,1812.3003571428571,1801.0744642857144,0.1,66.6553571428556,673.5535714285561,1.4616258125146344,TP,2021Q4,2021,33
1811,43985,2021-10-26 17:00:00,43985,2021-10-26 17:00:00,BUY,1790.18,1784.6042857142859,1784.6042857142859,1798.5435714285716,0.1,-56.45714285714185,-557.5714285714184,-1.0,SL,2021Q4,2021,0
1812,43986,2021-10-26 17:30:00,43996,2021-10-26 22:30:00,BUY,1785.89,1794.967142857143,1779.8385714285716,1794.967142857143,0.1,90.07142857142917,907.7142857142917,1.4714119019837004,TP,2021Q4,2021,10
1813,44007,2021-10-27 05:00:00,44013,2021-10-27 08:00:00,BUY,1789.58,1786.9657142857143,1786.9657142857143,1793.5014285714285,0.1,-26.842857142856428,-261.4285714285643,-1.0,SL,2021Q4,2021,6
1814,44014,2021-10-27 08:30:00,44016,2021-10-27 09:30:00,BUY,1787.87,1791.6258928571426,1785.3660714285713,1791.6258928571426,0.1,36.858928571427256,375.5892857142726,1.4320105453031329,TP,2021Q4,2021,2
1815,44062,2021-10-28 09:30:00,44068,2021-10-28 12:30:00,SELL,1802.92,1798.0182142857145,1806.1878571428572,1798.0182142857145,0.1,48.317857142855516,490.1785714285552,1.4475711534345896,TP,2021Q4,2021,6
1816,44121,2021-10-29 16:00:00,44122,2021-10-29 16:30:00,BUY,1780.38,1773.4371428571428,1773.4371428571428,1790.794285714286,0.1,-70.12857142857293,-694.2857142857292,-1.0,SL,2021Q4,2021,1
1817,44123,2021-10-29 17:00:00,44145,2021-11-01 04:00:00,BUY,1774.34,1785.8326785714285,1766.6782142857141,1785.8326785714285,0.1,114.22678571428541,1149.2678571428542,1.477366160099759,TP,2021Q4,2021,22
1818,44234,2021-11-03 02:30:00,44234,2021-11-03 02:30:00,BUY,1783.66,1786.763392857143,1781.5910714285715,1786.763392857143,0.1,30.33392857142808,310.3392857142808,1.4181833361161615,TP,2021Q4,2021,0
1819,44237,2021-11-03 04:00:00,44237,2021-11-03 04:00:00,BUY,1783.42,1780.8560714285713,1780.8560714285713,1787.265892857143,0.1,-26.339285714287325,-256.39285714287325,-1.0,SL,2021Q4,2021,0
1820,44238,2021-11-03 04:30:00,44239,2021-11-03 05:00:00,BUY,1782.0,1779.3042857142857,1779.3042857142857,1786.0435714285716,0.1,-27.657142857143025,-269.57142857143026,-1.0,SL,2021Q4,2021,1
1821,44260,2021-11-03 15:30:00,44261,2021-11-03 16:00:00,BUY,1769.21,1764.2064285714287,1764.2064285714287,1776.715357142857,0.1,-50.73571428571377,-500.35714285713766,-1.0,SL,2021Q4,2021,1
1822,44262,2021-11-03 16:30:00,44270,2021-11-03 20:30:00,BUY,1762.57,1771.4591071428567,1756.6439285714287,1771.4591071428567,0.1,88.19107142856801,888.9107142856801,1.4708142235987651,TP,2021Q4,2021,8
1823,44305,2021-11-04 15:00:00,44307,2021-11-04 16:00:00,SELL,1792.21,1797.655,1797.655,1784.0425,0.1,-55.149999999999366,-544.4999999999936,-1.0,SL,2021Q4,2021,2
1824,44308,2021-11-04 16:30:00,44350,2021-11-05 14:30:00,SELL,1798.17,1789.745357142857,1803.7864285714286,1789.745357142857,0.1,83.54642857142998,842.4642857142999,1.4692249717372585,TP,2021Q4,2021,42
1825,44358,2021-11-05 18:30:00,44395,2021-11-08 15:00:00,SELL,1813.32,1821.7821428571428,1821.7821428571428,1800.6267857142857,0.1,-85.32142857142908,-846.2142857142908,-1.0,SL,2021Q4,2021,37
1826,44396,2021-11-08 15:30:00,44438,2021-11-09 13:30:00,SELL,1823.42,1827.68,1827.68,1817.0300000000002,0.1,-43.29999999999991,-425.9999999999991,-1.0,SL,2021Q4,2021,42
1827,44489,2021-11-10 16:00:00,44489,2021-11-10 16:00:00,SELL,1849.42,1855.4392857142857,1855.4392857142857,1840.3910714285714,0.1,-60.89285714285616,-601.9285714285616,-1.0,SL,2021Q4,2021,0
1828,44490,2021-11-10 16:30:00,44490,2021-11-10 16:30:00,SELL,1857.64,1864.5164285714286,1864.5164285714286,1847.3253571428572,0.1,-69.46428571428505,-687.6428571428505,-1.0,SL,2021Q4,2021,0
1829,44491,2021-11-10 17:00:00,44496,2021-11-10 19:30:00,SELL,1861.68,1849.9591071428572,1869.4939285714286,1849.9591071428572,0.1,116.50892857142871,1172.0892857142871,1.4778029445073755,TP,2021Q4,2021,5
1830,44519,2021-11-11 08:00:00,44523,2021-11-11 10:00:00,SELL,1853.83,1858.590357142857,1858.590357142857,1846.6894642857142,0.1,-48.30357142857174,-476.0357142857174,-1.0,SL,2021Q4,2021,4
1831,44524,2021-11-11 10:30:00,44524,2021-11-11 10:30:00,SELL,1858.45,1863.5414285714287,1863.5414285714287,1850.8128571428572,0.1,-51.61428571428651,-509.14285714286507,-1.0,SL,2021Q4,2021,0
1832,44525,2021-11-11 11:00:00,44569,2021-11-12 10:00:00,SELL,1861.22,1853.504107142857,1866.3639285714287,1853.504107142857,0.1,76.4589285714299,771.589285714299,1.4664360572641966,TP,2021Q4,2021,44
1833,44575,2021-11-12 13:00:00,44577,2021-11-12 14:00:00,BUY,1846.56,1853.4658928571428,1841.9560714285715,1853.4658928571428,0.1,68.35892857142817,690.5892857142817,1.4625582639260568,TP,2021Q4,2021,2
1834,44664,2021-11-16 11:30:00,44672,2021-11-16 15:30:00,SELL,1873.66,1866.8875,1878.1750000000002,1866.8875,0.1,67.02500000000036,677.2500000000036,1.4618320610686781,TP,2021Q4,2021,8
1835,44688,2021-11-16 23:30:00,44707,2021-11-17 10:00:00,BUY,1850.05,1857.949107142857,1844.7839285714285,1857.949107142857,0.1,78.29107142857019,789.9107142857019,1.4672043370590777,TP,2021Q4,2021,19
1836,44738,2021-11-18 02:30:00,44743,2021-11-18 05:00:00,SELL,1869.68,1864.87625,1872.8825000000002,1864.87625,0.1,47.33750000000036,480.37500000000364,1.4465240641710897,TP,2021Q4,2021,5
1837,44801,2021-11-19 11:00:00,44801,2021-11-19 11:00:00,BUY,1854.08,1858.5864285714285,1851.0757142857142,1858.5864285714285,0.1,44.36428571428614,450.64285714286143,1.4430762081784392,TP,2021Q4,2021,0
1838,44828,2021-11-22 01:30:00,44856,2021-11-22 15:30:00,BUY,1843.16,1836.9703571428572,1836.9703571428572,1852.4444642857145,0.1,-62.59642857142872,-618.9642857142871,-1.0,SL,2021Q4,2021,28
1839,44858,2021-11-22 16:30:00,44863,2021-11-22 19:00:00,BUY,1818.05,1810.4824999999998,1810.4824999999998,1829.4012500000001,0.1,-76.3750000000011,-756.7500000000109,-1.0,SL,2021Q4,2021,5
1840,44864,2021-11-22 19:30:00,44894,2021-11-23 11:30:00,BUY,1808.07,1798.0039285714286,1798.0039285714286,1823.169107142857,0.1,-101.36071428571377,-1006.6071428571377,-1.0,SL,2021Q4,2021,30
1841,44895,2021-11-23 12:00:00,44900,2021-11-23 14:30:00,BUY,1797.87,1792.565357142857,1792.565357142857,1805.8269642857142,0.1,-53.74642857142881,-530.464285714288,-1.0,SL,2021Q4,2021,5
1842,44901,2021-11-23 15:00:00,44902,2021-11-23 15:30:00,BUY,1791.9,1785.3246428571429,1785.3246428571429,1801.7630357142857,0.1,-66.45357142857229,-657.5357142857229,-1.0,SL,2021Q4,2021,1
1843,44903,2021-11-23 16:00:00,44949,2021-11-24 16:00:00,BUY,1786.47,1779.2603571428572,1779.2603571428572,1797.2844642857142,0.1,-72.79642857142854,-720.9642857142853,-1.0,SL,2021Q4,2021,46
1844,45019,2021-11-26 09:00:00,45020,2021-11-26 09:30:00,SELL,1801.07,1804.9314285714286,1804.9314285714286,1795.277857142857,0.1,-39.31428571428633,-386.14285714286325,-1.0,SL,2021Q4,2021,1
1845,45021,2021-11-26 10:00:00,45022,2021-11-26 10:30:00,SELL,1807.88,1801.5301785714287,1812.1132142857145,1801.5301785714287,0.1,62.79821428571431,634.9821428571431,1.459332724707393,TP,2021Q4,2021,1
1846,45025,2021-11-26 12:00:00,45032,2021-11-26 15:30:00,SELL,1809.64,1800.51625,1815.7225,1800.51625,0.1,90.537500000002,912.37500000002,1.4715562779358353,TP,2021Q4,2021,7
1847,45200,2021-12-02 10:30:00,45203,2021-12-02 12:00:00,BUY,1770.26,1775.8769642857144,1766.515357142857,1775.8769642857144,0.1,55.469642857144024,561.6964285714403,1.4541241456792442,TP,2021Q4,2021,3
1848,45279,2021-12-06 04:00:00,45292,2021-12-06 10:30:00,SELL,1786.06,1780.2919642857144,1789.9053571428572,1780.2919642857144,0.1,56.98035714285588,576.8035714285588,1.4553042050533038,TP,2021Q4,2021,13
1849,45372,2021-12-08 04:30:00,45388,2021-12-08 12:30:00,SELL,1789.69,1792.1853571428571,1792.1853571428571,1785.9469642857143,0.1,-25.65357142857074,-249.5357142857074,-1.0,SL,2021Q4,2021,16
1850,45438,2021-12-09 14:30:00,45441,2021-12-09 16:00:00,BUY,1775.97,1781.7332142857144,1772.1278571428572,1781.7332142857144,0.1,56.932142857144115,576.3214285714412,1.455267482198341,TP,2021Q4,2021,3
1851,45472,2021-12-10 08:30:00,45485,2021-12-10 15:00:00,BUY,1772.02,1776.2532142857142,1769.1978571428572,1776.2532142857142,0.1,41.632142857142114,423.32142857142117,1.4394912324030613,TP,2021Q4,2021,13
1852,45508,2021-12-13 03:30:00,45509,2021-12-13 04:00:00,SELL,1784.92,1787.1764285714287,1787.1764285714287,1781.5353571428573,0.1,-23.264285714286142,-225.64285714286143,-1.0,SL,2021Q4,2021,1
1853,45510,2021-12-13 04:30:00,45529,2021-12-13 14:00:00,SELL,1786.55,1788.8032142857141,1788.8032142857141,1783.1701785714286,0.1,-23.232142857141934,-225.32142857141935,-1.0,SL,2021Q4,2021,19
1854,45579,2021-12-14 16:00:00,45579,2021-12-14 16:00:00,BUY,1772.42,1767.98,1767.98,1779.0800000000002,0.1,-45.10000000000055,-444.00000000000546,-1.0,SL,2021Q4,2021,0
1855,45580,2021-12-14 16:30:00,45580,2021-12-14 16:30:00,BUY,1769.82,1777.232142857143,1764.8785714285714,1777.232142857143,0.1,73.42142857142953,741.2142857142953,1.4650798175598856,TP,2021Q4,2021,0
1856,45594,2021-12-14 23:30:00,45611,2021-12-15 09:00:00,BUY,1771.22,1767.2439285714286,1767.2439285714286,1777.184107142857,0.1,-40.46071428571459,-397.60714285714585,-1.0,SL,2021Q4,2021,17
1857,45612,2021-12-15 09:30:00,45624,2021-12-15 15:30:00,BUY,1768.24,1771.973392857143,1765.7510714285713,1771.973392857143,0.1,36.633928571429166,373.3392857142917,1.4316120027913055,TP,2021Q4,2021,12
1858,45653,2021-12-16 07:00:00,45655,2021-12-16 08:00:00,SELL,1781.75,1784.8710714285714,1784.8710714285714,1777.068392857143,0.1,-31.910714285714402,-312.107142857144,-1.0,SL,2021Q4,2021,2
1859,45656,2021-12-16 08:30:00,45665,2021-12-16 13:00:00,SELL,1784.85,1787.825357142857,1787.825357142857,1780.3869642857144,0.1,-30.45357142857092,-297.5357142857092,-1.0,SL,2021Q4,2021,9
1860,45666,2021-12-16 13:30:00,45667,2021-12-16 14:00:00,SELL,1787.39,1783.4428571428573,1790.0214285714287,1783.4428571428573,0.1,38.771428571428075,394.7142857142808,1.4352194606028146,TP,2021Q4,2021,1
1861,45670,2021-12-16 15:30:00,45672,2021-12-16 16:30:00,SELL,1788.19,1791.8092857142858,1791.8092857142858,1782.7610714285715,0.1,-36.89285714285752,-361.9285714285752,-1.0,SL,2021Q4,2021,2
1862,45673,2021-12-16 17:00:00,45673,2021-12-16 17:00:00,SELL,1793.42,1798.1385714285716,1798.1385714285716,1786.342142857143,0.1,-47.885714285715224,-471.8571428571522,-1.0,SL,2021Q4,2021,0
1863,45674,2021-12-16 17:30:00,45692,2021-12-17 03:30:00,SELL,1796.5,1801.5603571428571,1801.5603571428571,1788.9094642857142,0.1,-51.30357142857129,-506.03571428571286,-1.0,SL,2021Q4,2021,18
1864,45693,2021-12-17 04:00:00,45700,2021-12-17 07:30:00,SELL,1802.19,1804.9446428571428,1804.9446428571428,1798.0580357142858,0.1,-28.246428571426986,-275.46428571426986,-1.0,SL,2021Q4,2021,7
1865,45701,2021-12-17 08:00:00,45703,2021-12-17 09:00:00,SELL,1804.91,1807.8875,1807.8875,1800.4437500000001,0.1,-30.474999999999635,-297.74999999999636,-1.0,SL,2021Q4,2021,2
1866,45704,2021-12-17 09:30:00,45713,2021-12-17 14:00:00,SELL,1807.03,1810.2035714285714,1810.2035714285714,1802.2696428571428,0.1,-32.435714285714496,-317.35714285714494,-1.0,SL,2021Q4,2021,9
1867,45714,2021-12-17 14:30:00,45714,2021-12-17 14:30:00,SELL,1808.98,1812.4203571428573,1812.4203571428573,1803.8194642857143,0.1,-35.10357142857238,-344.03571428572377,-1.0,SL,2021Q4,2021,0
1868,45715,2021-12-17 15:00:00,45716,2021-12-17 15:30:00,SELL,1811.64,1806.3573214285714,1815.1617857142858,1806.3573214285714,0.1,52.12678571428732,528.2678571428733,1.4512777170130882,TP,2021Q4,2021,1
1869,45860,2021-12-22 18:30:00,45866,2021-12-22 21:30:00,SELL,1799.61,1803.492857142857,1803.492857142857,1793.7857142857142,0.1,-39.5285714285712,-388.28571428571195,-1.0,SL,2021Q4,2021,6
1870,45867,2021-12-22 22:00:00,45877,2021-12-23 04:00:00,SELL,1803.37,1807.432857142857,1807.432857142857,1797.2757142857142,0.1,-41.328571428571834,-406.2857142857183,-1.0,SL,2021Q4,2021,10
1871,45878,2021-12-23 04:30:00,45899,2021-12-23 15:00:00,SELL,1805.9,1808.4092857142857,1808.4092857142857,1802.1360714285715,0.1,-25.792857142856246,-250.92857142856246,-1.0,SL,2021Q4,2021,21
1872,45900,2021-12-23 15:30:00,45902,2021-12-23 16:30:00,SELL,1808.23,1803.8810714285714,1811.1292857142857,1803.8810714285714,0.1,42.78928571428587,434.8928571428587,1.4410632667789272,TP,2021Q4,2021,2
1873,45978,2021-12-28 08:30:00,45978,2021-12-28 08:30:00,SELL,1813.16,1814.9610714285716,1814.9610714285716,1810.458392857143,0.1,-18.71071428571504,-180.1071428571504,-1.0,SL,2021Q4,2021,0
1874,45979,2021-12-28 09:00:00,45986,2021-12-28 12:30:00,SELL,1814.87,1816.8414285714284,1816.8414285714284,1811.912857142857,0.1,-20.414285714285324,-197.14285714285325,-1.0,SL,2021Q4,2021,7
1875,45987,2021-12-28 13:00:00,45992,2021-12-28 15:30:00,SELL,1817.61,1819.9532142857142,1819.9532142857142,1814.0951785714285,0.1,-24.13214285714339,-234.3214285714339,-1.0,SL,2021Q4,2021,5
1876,46027,2021-12-29 10:00:00,46027,2021-12-29 10:00:00,BUY,1804.61,1802.575357142857,1802.575357142857,1807.6619642857142,0.1,-21.046428571428986,-203.46428571428987,-1.0,SL,2021Q4,2021,0
1877,46028,2021-12-29 10:30:00,46031,2021-12-29 12:00:00,BUY,1802.54,1800.3553571428572,1800.3553571428572,1805.8169642857142,0.1,-22.546428571427622,-218.46428571427623,-1.0,SL,2021Q4,2021,3
1878,46032,2021-12-29 12:30:00,46032,2021-12-29 12:30:00,BUY,1799.02,1796.4110714285714,1796.4110714285714,1802.9333928571427,0.1,-26.78928571428578,-260.8928571428578,-1.0,SL,2021Q4,2021,0
1879,46033,2021-12-29 13:00:00,46037,2021-12-29 15:00:00,BUY,1796.06,1793.0835714285715,1793.0835714285715,1800.5246428571427,0.1,-30.46428571428414,-297.6428571428414,-1.0,SL,2021Q4,2021,4
1880,46038,2021-12-29 15:30:00,46041,2021-12-29 17:00:00,BUY,1791.48,1797.645,1787.3700000000001,1797.645,0.1,60.94999999999963,616.4999999999964,1.4581339712918922,TP,2021Q4,2021,3
1881,46090,2021-12-30 18:30:00,46097,2021-12-30 22:00:00,SELL,1811.8,1816.1682142857142,1816.1682142857142,1805.2476785714284,0.1,-44.38214285714203,-436.82142857142026,-1.0,SL,2021Q4,2021,7
1882,46098,2021-12-30 22:30:00,46117,2021-12-31 09:00:00,SELL,1816.08,1819.8921428571427,1819.8921428571427,1810.3617857142856,0.1,-38.82142857142817,-381.2142857142817,-1.0,SL,2021Q4,2021,19
1883,46118,2021-12-31 09:30:00,46119,2021-12-31 10:00:00,SELL,1819.7,1815.8733928571428,1822.2510714285715,1815.8733928571428,0.1,37.566071428572556,382.6607142857256,1.4332334105463977,TP,2021Q4,2021,1
1884,46121,2021-12-31 11:00:00,46129,2021-12-31 15:00:00,SELL,1818.59,1821.2332142857142,1821.2332142857142,1814.6251785714285,0.1,-27.132142857142934,-264.32142857142935,-1.0,SL,2021Q4,2021,8
1885,46130,2021-12-31 15:30:00,46137,2022-01-03 01:00:00,SELL,1824.9,1828.0125,1828.0125,1820.23125,0.1,-31.824999999999545,-311.24999999999545,-1.0,SL,2021Q4,2021,7
1886,46138,2022-01-03 01:30:00,46153,2022-01-03 09:00:00,SELL,1829.11,1822.4548214285712,1833.5467857142855,1822.4548214285712,0.1,65.85178571428678,665.5178571428678,1.4611696647912376,TP,2022Q1,2022,15
1887,46166,2022-01-03 15:30:00,46166,2022-01-03 15:30:00,BUY,1812.86,1808.6,1808.6,1819.2499999999998,0.1,-43.29999999999991,-425.9999999999991,-1.0,SL,2022Q1,2022,0
1888,46167,2022-01-03 16:00:00,46169,2022-01-03 17:00:00,BUY,1807.34,1802.4971428571428,1802.4971428571428,1814.6042857142857,0.1,-49.12857142857156,-484.2857142857156,-1.0,SL,2022Q1,2022,2
1889,46170,2022-01-03 17:30:00,46215,2022-01-04 17:00:00,BUY,1803.86,1812.4421428571427,1798.1385714285714,1812.4421428571427,0.1,85.12142857142798,858.2142857142799,1.4697829304390722,TP,2022Q1,2022,45
1890,46235,2022-01-05 04:00:00,46243,2022-01-05 08:00:00,SELL,1815.07,1817.0874999999999,1817.0874999999999,1812.0437499999998,0.1,-20.87499999999927,-201.74999999999272,-1.0,SL,2022Q1,2022,8
1891,46244,2022-01-05 08:30:00,46244,2022-01-05 08:30:00,SELL,1816.74,1813.8230357142857,1818.6846428571428,1813.8230357142857,0.1,28.469642857143572,291.6964285714357,1.4131359687999667,TP,2022Q1,2022,0
1892,46259,2022-01-05 16:00:00,46269,2022-01-05 21:00:00,SELL,1825.45,1818.2130357142858,1830.274642857143,1818.2130357142858,0.1,71.66964285714293,723.6964285714294,1.4642466253192266,TP,2022Q1,2022,10
1893,46285,2022-01-06 06:00:00,46288,2022-01-06 07:30:00,BUY,1807.14,1803.872142857143,1803.872142857143,1812.0417857142859,0.1,-33.37857142857111,-326.78571428571104,-1.0,SL,2022Q1,2022,3
1894,46289,2022-01-06 08:00:00,46290,2022-01-06 08:30:00,BUY,1803.12,1799.982857142857,1799.982857142857,1807.8257142857142,0.1,-32.071428571428626,-313.71428571428623,-1.0,SL,2022Q1,2022,1
1895,46291,2022-01-06 09:00:00,46293,2022-01-06 10:00:00,BUY,1802.14,1798.609642857143,1798.609642857143,1807.4355357142858,0.1,-36.00357142857156,-353.0357142857156,-1.0,SL,2022Q1,2022,2
1896,46294,2022-01-06 10:30:00,46296,2022-01-06 11:30:00,BUY,1797.96,1794.0021428571429,1794.0021428571429,1803.896785714286,0.1,-40.27857142857165,-395.7857142857165,-1.0,SL,2022Q1,2022,2
1897,46297,2022-01-06 12:00:00,46298,2022-01-06 12:30:00,BUY,1795.13,1801.6485714285716,1790.7842857142857,1801.6485714285716,0.1,64.48571428571476,651.8571428571477,1.460368812681955,TP,2022Q1,2022,1
1898,46303,2022-01-06 15:00:00,46350,2022-01-07 15:30:00,BUY,1792.13,1785.8042857142857,1785.8042857142857,1801.6185714285716,0.1,-63.95714285714412,-632.5714285714412,-1.0,SL,2022Q1,2022,47
1899,46416,2022-01-11 02:30:00,46421,2022-01-11 05:00:00,SELL,1804.46,1807.6453571428572,1807.6453571428572,1799.6819642857142,0.1,-32.55357142857129,-318.53571428571286,-1.0,SL,2022Q1,2022,5
1900,46422,2022-01-11 05:30:00,46443,2022-01-11 16:00:00,SELL,1807.6,1803.3796428571427,1810.4135714285712,1803.3796428571427,0.1,41.5035714285721,422.03571428572104,1.4393113698291575,TP,2022Q1,2022,21
1901,46448,2022-01-11 18:30:00,46452,2022-01-11 20:30:00,SELL,1815.15,1820.0432142857144,1820.0432142857144,1807.8101785714287,0.1,-49.63214285714294,-489.32142857142935,-1.0,SL,2022Q1,2022,4
1902,46453,2022-01-11 21:00:00,46488,2022-01-12 15:30:00,SELL,1819.74,1824.5410714285715,1824.5410714285715,1812.538392857143,0.1,-48.71071428571504,-480.1071428571504,-1.0,SL,2022Q1,2022,35
1903,46516,2022-01-13 06:30:00,46524,2022-01-13 10:30:00,SELL,1826.48,1823.7205357142857,1828.319642857143,1823.7205357142857,0.1,26.8946428571433,275.946428571433,1.4083598279408471,TP,2022Q1,2022,8
1904,46602,2022-01-17 03:30:00,46605,2022-01-17 05:00:00,BUY,1814.15,1818.3944642857143,1811.3203571428571,1818.3944642857143,0.1,41.744642857142296,424.446428571423,1.439647739869366,TP,2022Q1,2022,3
1905,46713,2022-01-19 15:30:00,46715,2022-01-19 16:30:00,SELL,1823.92,1827.7267857142858,1827.7267857142858,1818.2098214285713,0.1,-38.76785714285752,-380.6785714285752,-1.0,SL,2022Q1,2022,2
1906,46716,2022-01-19 17:00:00,46716,2022-01-19 17:00:00,SELL,1827.03,1831.2685714285715,1831.2685714285715,1820.672142857143,0.1,-43.08571428571504,-423.8571428571504,-1.0,SL,2022Q1,2022,0
1907,46717,2022-01-19 17:30:00,46720,2022-01-19 19:00:00,SELL,1836.92,1842.0360714285714,1842.0360714285714,1829.245892857143,0.1,-51.860714285713314,-511.6071428571331,-1.0,SL,2022Q1,2022,3
1908,46721,2022-01-19 19:30:00,46762,2022-01-20 17:00:00,SELL,1842.36,1847.7342857142855,1847.7342857142855,1834.2985714285714,0.1,-54.44285714285634,-537.4285714285634,-1.0,SL,2022Q1,2022,41
1909,46763,2022-01-20 17:30:00,46764,2022-01-20 18:00:00,SELL,1845.76,1839.235,1850.11,1839.235,0.1,64.5500000000009,652.5000000000091,1.460407239819055,TP,2022Q1,2022,1
1910,46797,2022-01-21 11:30:00,46804,2022-01-21 15:00:00,BUY,1831.32,1836.7408928571429,1827.7060714285712,1836.7408928571429,0.1,53.508928571429166,542.0892857142917,1.4524963645176632,TP,2022Q1,2022,7
1911,46900,2022-01-25 17:00:00,46900,2022-01-25 17:00:00,SELL,1850.3,1842.7175,1855.355,1842.7175,0.1,75.12499999999982,758.2499999999982,1.4658536585365636,TP,2022Q1,2022,0
1912,46945,2022-01-26 16:30:00,46950,2022-01-26 19:00:00,BUY,1835.47,1830.642142857143,1830.642142857143,1842.7117857142857,0.1,-48.97857142857056,-482.7857142857056,-1.0,SL,2022Q1,2022,5
1913,46951,2022-01-26 19:30:00,46955,2022-01-26 21:30:00,BUY,1830.34,1824.43,1824.43,1839.2049999999997,0.1,-59.79999999999855,-590.9999999999854,-1.0,SL,2022Q1,2022,4
1914,46956,2022-01-26 22:00:00,46975,2022-01-27 08:30:00,BUY,1819.43,1811.42,1811.42,1831.445,0.1,-80.79999999999991,-800.9999999999991,-1.0,SL,2022Q1,2022,19
1915,46976,2022-01-27 09:00:00,46987,2022-01-27 14:30:00,BUY,1810.83,1806.705,1806.705,1817.0175,0.1,-41.95,-412.5,-1.0,SL,2022Q1,2022,11
1916,46988,2022-01-27 15:00:00,46989,2022-01-27 15:30:00,BUY,1807.22,1802.2442857142858,1802.2442857142858,1814.6835714285714,0.1,-50.457142857142756,-497.57142857142753,-1.0,SL,2022Q1,2022,1
1917,46990,2022-01-27 16:00:00,46991,2022-01-27 16:30:00,BUY,1799.99,1808.8325,1794.095,1808.8325,0.1,87.72499999999972,884.2499999999973,1.4706621961441741,TP,2022Q1,2022,1
1918,46993,2022-01-27 17:30:00,46994,2022-01-27 18:00:00,BUY,1801.09,1793.8385714285712,1793.8385714285712,1811.9671428571428,0.1,-73.21428571428733,-725.1428571428733,-1.0,SL,2022Q1,2022,1
1919,46995,2022-01-27 18:30:00,47029,2022-01-28 12:30:00,BUY,1795.68,1787.8007142857143,1787.8007142857143,1807.4989285714287,0.1,-79.49285714285743,-787.9285714285743,-1.0,SL,2022Q1,2022,34
1920,47030,2022-01-28 13:00:00,47030,2022-01-28 13:00:00,BUY,1787.27,1784.2882142857143,1784.2882142857143,1791.7426785714285,0.1,-30.517857142857064,-298.17857142857065,-1.0,SL,2022Q1,2022,0
1921,47031,2022-01-28 13:30:00,47033,2022-01-28 14:30:00,BUY,1783.98,1789.3976785714285,1780.3682142857144,1789.3976785714285,0.1,53.47678571428496,541.7678571428496,1.4524687166553787,TP,2022Q1,2022,2
1922,47034,2022-01-28 15:00:00,47036,2022-01-28 16:00:00,BUY,1786.08,1781.517857142857,1781.517857142857,1792.9232142857143,0.1,-46.32142857142817,-456.2142857142817,-1.0,SL,2022Q1,2022,2
1923,47037,2022-01-28 16:30:00,47077,2022-01-31 13:30:00,BUY,1783.76,1793.525,1777.25,1793.525,0.1,96.950000000001,976.50000000001,1.473404255319166,TP,2022Q1,2022,40
1924,47111,2022-02-01 07:30:00,47114,2022-02-01 09:00:00,SELL,1801.72,1804.0921428571428,1804.0921428571428,1798.1617857142858,0.1,-24.421428571427622,-237.21428571427623,-1.0,SL,2022Q1,2022,3
1925,47115,2022-02-01 09:30:00,47118,2022-02-01 11:00:00,SELL,1803.68,1806.412142857143,1806.412142857143,1799.5817857142858,0.1,-28.021428571428896,-273.21428571428896,-1.0,SL,2022Q1,2022,3
1926,47119,2022-02-01 11:30:00,47129,2022-02-01 16:30:00,SELL,1806.34,1801.8866071428572,1809.3089285714284,1801.8866071428572,0.1,43.833928571427165,445.3392857142717,1.4424139146785737,TP,2022Q1,2022,10
1927,47222,2022-02-03 17:00:00,47222,2022-02-03 17:00:00,BUY,1791.6,1798.8385714285714,1786.7742857142857,1798.8385714285714,0.1,71.68571428571504,723.8571428571504,1.4642544499562755,TP,2022Q1,2022,0
1928,47258,2022-02-04 12:00:00,47258,2022-02-04 12:00:00,SELL,1811.02,1813.3760714285713,1813.3760714285713,1807.4858928571427,0.1,-24.2607142857134,-235.60714285713402,-1.0,SL,2022Q1,2022,0
1929,47259,2022-02-04 12:30:00,47265,2022-02-04 15:30:00,SELL,1813.62,1809.7885714285712,1816.1742857142856,1809.7885714285712,0.1,37.614285714286595,383.142857142866,1.4333151878062487,TP,2022Q1,2022,6
1930,47266,2022-02-04 16:00:00,47266,2022-02-04 16:00:00,BUY,1795.55,1803.4667857142858,1790.2721428571429,1803.4667857142858,0.1,78.46785714285879,791.6785714285879,1.4672766127955543,TP,2022Q1,2022,0
1931,47321,2022-02-07 20:30:00,47360,2022-02-08 17:00:00,SELL,1821.0,1825.1507142857142,1825.1507142857142,1814.7739285714285,0.1,-42.2071428571423,-415.071428571423,-1.0,SL,2022Q1,2022,39
1932,47361,2022-02-08 17:30:00,47402,2022-02-09 15:00:00,SELL,1827.06,1830.9878571428571,1830.9878571428571,1821.1682142857142,0.1,-39.978571428571925,-392.7857142857192,-1.0,SL,2022Q1,2022,41
1933,47403,2022-02-09 15:30:00,47403,2022-02-09 15:30:00,SELL,1830.62,1826.864107142857,1833.1239285714285,1826.864107142857,0.1,36.85892857142953,375.58928571429533,1.4320105453032212,TP,2022Q1,2022,0
1934,47426,2022-02-10 04:00:00,47437,2022-02-10 09:30:00,SELL,1833.77,1835.7682142857143,1835.7682142857143,1830.7726785714285,0.1,-20.682142857143116,-199.82142857143117,-1.0,SL,2022Q1,2022,11
1935,47477,2022-02-11 06:30:00,47484,2022-02-11 10:00:00,BUY,1823.38,1827.4444642857143,1820.6703571428573,1827.4444642857143,0.1,39.94464285714166,406.4464285714166,1.437042271617587,TP,2022Q1,2022,7
1936,47503,2022-02-11 19:30:00,47505,2022-02-11 20:30:00,SELL,1840.76,1846.2928571428572,1846.2928571428572,1832.4607142857144,0.1,-56.02857142857211,-553.285714285721,-1.0,SL,2022Q1,2022,2
1937,47506,2022-02-11 21:00:00,47508,2022-02-11 22:00:00,SELL,1857.05,1864.5071428571428,1864.5071428571428,1845.8642857142856,0.1,-75.27142857142799,-745.7142857142799,-1.0,SL,2022Q1,2022,2
1938,47509,2022-02-11 22:30:00,47545,2022-02-14 17:30:00,SELL,1862.43,1871.0775,1871.0775,1849.4587500000002,0.1,-87.17500000000037,-864.7500000000036,-1.0,SL,2022Q1,2022,36
1939,47546,2022-02-14 18:00:00,47552,2022-02-14 21:00:00,SELL,1868.09,1874.245357142857,1874.245357142857,1858.8569642857142,0.1,-62.25357142857156,-615.5357142857156,-1.0,SL,2022Q1,2022,6
1940,47555,2022-02-14 22:30:00,47577,2022-02-15 10:30:00,SELL,1872.41,1861.4701785714287,1879.7032142857142,1861.4701785714287,0.1,108.69821428571349,1093.982142857135,1.4762332056070382,TP,2022Q1,2022,22
1941,47641,2022-02-16 19:30:00,47659,2022-02-17 05:30:00,SELL,1868.75,1873.715,1873.715,1861.3025,0.1,-50.349999999999184,-496.4999999999918,-1.0,SL,2022Q1,2022,18
1942,47660,2022-02-17 06:00:00,47668,2022-02-17 10:00:00,SELL,1874.84,1878.5203571428572,1878.5203571428572,1869.319464285714,0.1,-37.50357142857247,-368.0357142857247,-1.0,SL,2022Q1,2022,8
1943,47669,2022-02-17 10:30:00,47670,2022-02-17 11:00:00,SELL,1884.37,1890.4085714285713,1890.4085714285713,1875.3121428571428,0.1,-61.08571428571459,-603.8571428571458,-1.0,SL,2022Q1,2022,1
1944,47671,2022-02-17 11:30:00,47687,2022-02-17 19:30:00,SELL,1892.69,1900.04,1900.04,1881.6650000000002,0.1,-74.1999999999991,-734.9999999999909,-1.0,SL,2022Q1,2022,16
1945,47688,2022-02-17 20:00:00,47719,2022-02-18 12:30:00,SELL,1897.62,1887.1912499999999,1904.5725,1887.1912499999999,0.1,103.58750000000036,1042.8750000000036,1.4750800996795854,TP,2022Q1,2022,31
1946,47743,2022-02-21 01:30:00,47745,2022-02-21 02:30:00,SELL,1904.69,1897.2923214285715,1909.6217857142858,1897.2923214285715,0.1,73.27678571428514,739.7678571428514,1.4650124955372854,TP,2022Q1,2022,2
1947,47782,2022-02-21 21:00:00,47783,2022-02-22 01:00:00,SELL,1904.74,1909.1992857142857,1909.1992857142857,1898.0510714285713,0.1,-45.292857142856704,-445.928571428567,-1.0,SL,2022Q1,2022,1
1948,47784,2022-02-22 01:30:00,47802,2022-02-22 10:30:00,SELL,1909.84,1901.81875,1915.1875,1901.81875,0.1,79.51250000000009,802.1250000000009,1.4676972773419268,TP,2022Q1,2022,18
1949,47878,2022-02-24 02:30:00,47881,2022-02-24 04:00:00,SELL,1911.04,1914.8157142857142,1914.8157142857142,1905.3764285714285,0.1,-38.4571428571423,-377.571428571423,-1.0,SL,2022Q1,2022,3
1950,47882,2022-02-24 04:30:00,47882,2022-02-24 04:30:00,SELL,1914.25,1918.2271428571428,1918.2271428571428,1908.2842857142857,0.1,-40.47142857142781,-397.71428571427805,-1.0,SL,2022Q1,2022,0
1951,47883,2022-02-24 05:00:00,47883,2022-02-24 05:00:00,SELL,1920.79,1925.2675,1925.2675,1914.07375,0.1,-45.47499999999964,-447.74999999999636,-1.0,SL,2022Q1,2022,0
1952,47884,2022-02-24 05:30:00,47885,2022-02-24 06:00:00,SELL,1927.74,1933.1132142857143,1933.1132142857143,1919.6801785714285,0.1,-54.43214285714312,-537.3214285714312,-1.0,SL,2022Q1,2022,1
1953,47886,2022-02-24 06:30:00,47896,2022-02-24 11:30:00,SELL,1941.27,1948.7067857142856,1948.7067857142856,1930.1148214285715,0.1,-75.06785714285634,-743.6785714285634,-1.0,SL,2022Q1,2022,10
1954,47897,2022-02-24 12:00:00,47897,2022-02-24 12:00:00,SELL,1953.38,1965.6017857142858,1965.6017857142858,1935.0473214285716,0.1,-122.91785714285716,-1222.1785714285716,-1.0,SL,2022Q1,2022,0
1955,47898,2022-02-24 12:30:00,47906,2022-02-24 16:30:00,SELL,1968.65,1948.7375000000002,1981.925,1948.7375000000002,0.1,198.4249999999991,1991.249999999991,1.4868864743349655,TP,2022Q1,2022,8
1956,47916,2022-02-24 21:30:00,47925,2022-02-25 03:00:00,BUY,1889.51,1917.5353571428573,1870.8264285714286,1917.5353571428573,0.1,279.55357142857275,2802.5357142857274,1.4906684441058908,TP,2022Q1,2022,9
1957,47947,2022-02-25 14:00:00,47949,2022-02-25 15:00:00,BUY,1898.99,1890.6585714285716,1890.6585714285716,1911.4871428571428,0.1,-84.01428571428433,-833.1428571428432,-1.0,SL,2022Q1,2022,2
1958,47950,2022-02-25 15:30:00,47953,2022-02-25 17:00:00,BUY,1893.07,1883.1228571428571,1883.1228571428571,1907.9907142857141,0.1,-100.17142857142808,-994.7142857142808,-1.0,SL,2022Q1,2022,3
1959,47954,2022-02-25 17:30:00,47967,2022-02-28 01:00:00,BUY,1887.21,1903.287857142857,1876.4914285714287,1903.287857142857,0.1,160.07857142857057,1607.7857142857056,1.4837791313559425,TP,2022Q1,2022,13
1960,48034,2022-03-01 11:30:00,48036,2022-03-01 12:30:00,SELL,1916.64,1920.6032142857143,1920.6032142857143,1910.6951785714286,0.1,-40.3321428571423,-396.321428571423,-1.0,SL,2022Q1,2022,2
1961,48037,2022-03-01 13:00:00,48040,2022-03-01 14:30:00,SELL,1925.1,1917.8951785714285,1929.9032142857143,1917.8951785714285,0.1,71.34821428571449,720.4821428571449,1.464089410040285,TP,2022Q1,2022,3
1962,48052,2022-03-01 20:30:00,48081,2022-03-02 12:00:00,SELL,1941.95,1926.674107142857,1952.1339285714287,1926.674107142857,0.1,152.05892857142936,1527.5892857142935,1.4829333704851801,TP,2022Q1,2022,29
1963,48155,2022-03-04 03:00:00,48156,2022-03-04 03:30:00,SELL,1947.12,1937.9126785714286,1953.258214285714,1937.9126785714286,0.1,91.37321428571276,920.7321428571277,1.4718115400103544,TP,2022Q1,2022,1
1964,48186,2022-03-04 18:30:00,48196,2022-03-04 23:30:00,SELL,1961.48,1970.4478571428572,1970.4478571428572,1948.0282142857143,0.1,-90.37857142857156,-896.7857142857156,-1.0,SL,2022Q1,2022,10
1965,48197,2022-03-07 01:00:00,48197,2022-03-07 01:00:00,SELL,1978.12,1985.572857142857,1985.572857142857,1966.9407142857142,0.1,-75.22857142857056,-745.2857142857056,-1.0,SL,2022Q1,2022,0
1966,48198,2022-03-07 01:30:00,48202,2022-03-07 03:30:00,SELL,1989.77,1998.067142857143,1998.067142857143,1977.3242857142857,0.1,-83.67142857142944,-829.7142857142944,-1.0,SL,2022Q1,2022,4
1967,48203,2022-03-07 04:00:00,48210,2022-03-07 07:30:00,SELL,1997.79,1984.8251785714285,2006.4332142857143,1984.8251785714285,0.1,128.9482142857144,1296.482142857144,1.4799155633889414,TP,2022Q1,2022,7
1968,48215,2022-03-07 10:00:00,48220,2022-03-07 12:30:00,SELL,1992.94,2001.979642857143,2001.979642857143,1979.3805357142858,0.1,-91.09642857143008,-903.9642857143008,-1.0,SL,2022Q1,2022,5
1969,48221,2022-03-07 13:00:00,48222,2022-03-07 13:30:00,SELL,2002.2,1989.5919642857143,2010.6053571428572,1989.5919642857143,0.1,125.38035714285733,1260.8035714285734,1.4793519025746913,TP,2022Q1,2022,1
1970,48259,2022-03-08 09:00:00,48261,2022-03-08 10:00:00,SELL,2016.86,2003.10125,2026.0325,2003.10125,0.1,136.88749999999965,1375.8749999999964,1.4810657289694105,TP,2022Q1,2022,2
1971,48275,2022-03-08 17:00:00,48275,2022-03-08 17:00:00,SELL,2039.77,2053.6235714285713,2053.6235714285713,2018.9896428571428,0.1,-139.23571428571285,-1385.3571428571286,-1.0,SL,2022Q1,2022,0
1972,48276,2022-03-08 17:30:00,48279,2022-03-08 19:00:00,SELL,2056.84,2035.2576785714286,2071.2282142857143,2035.2576785714286,0.1,215.12321428571505,2158.2321428571504,1.4878961539411764,TP,2022Q1,2022,3
1973,48297,2022-03-09 05:00:00,48309,2022-03-09 11:00:00,SELL,2052.51,2035.058035714286,2064.144642857143,2035.058035714286,0.1,173.81964285714213,1745.1964285714212,1.485048668110945,TP,2022Q1,2022,12
1974,48319,2022-03-09 16:00:00,48339,2022-03-10 03:00:00,BUY,1990.27,1974.13,1974.13,2014.48,0.1,-162.09999999999872,-1613.9999999999873,-1.0,SL,2022Q1,2022,20
1975,48340,2022-03-10 03:30:00,48357,2022-03-10 12:00:00,BUY,1973.63,1989.8894642857144,1962.7903571428571,1989.8894642857144,0.1,161.8946428571433,1625.946428571433,1.4839591449242049,TP,2022Q1,2022,17
1976,48408,2022-03-11 14:30:00,48415,2022-03-11 18:00:00,BUY,1968.41,1983.8707142857145,1958.1028571428571,1983.8707142857145,0.1,153.90714285714404,1546.0714285714403,1.4831360132158593,TP,2022Q1,2022,7
1977,48450,2022-03-14 11:30:00,48450,2022-03-14 11:30:00,BUY,1966.32,1960.4271428571428,1960.4271428571428,1975.1592857142857,0.1,-59.62857142857111,-589.285714285711,-1.0,SL,2022Q1,2022,0
1978,48451,2022-03-14 12:00:00,48453,2022-03-14 13:00:00,BUY,1963.87,1957.4821428571427,1957.4821428571427,1973.4517857142857,0.1,-64.57857142857229,-638.7857142857229,-1.0,SL,2022Q1,2022,2
1979,48454,2022-03-14 13:30:00,48458,2022-03-14 15:30:00,BUY,1959.15,1951.5160714285714,1951.5160714285714,1970.600892857143,0.1,-77.03928571428669,-763.3928571428669,-1.0,SL,2022Q1,2022,4
1980,48473,2022-03-15 00:00:00,48479,2022-03-15 03:00:00,BUY,1951.72,1944.792142857143,1944.792142857143,1962.1117857142856,0.1,-69.97857142856965,-692.7857142856965,-1.0,SL,2022Q1,2022,6
1981,48480,2022-03-15 03:30:00,48486,2022-03-15 06:30:00,BUY,1943.11,1936.650357142857,1936.650357142857,1952.7994642857143,0.1,-65.29642857142854,-645.9642857142853,-1.0,SL,2022Q1,2022,6
1982,48487,2022-03-15 07:00:00,48487,2022-03-15 07:00:00,BUY,1936.26,1930.0821428571428,1930.0821428571428,1945.5267857142858,0.1,-62.478571428571925,-617.7857142857192,-1.0,SL,2022Q1,2022,0
1983,48488,2022-03-15 07:30:00,48488,2022-03-15 07:30:00,BUY,1933.32,1926.774642857143,1926.774642857143,1943.1380357142857,0.1,-66.15357142857029,-654.5357142857029,-1.0,SL,2022Q1,2022,0
1984,48489,2022-03-15 08:00:00,48503,2022-03-15 15:00:00,BUY,1926.32,1919.1725,1919.1725,1937.04125,0.1,-72.17500000000037,-714.7500000000036,-1.0,SL,2022Q1,2022,14
1985,48504,2022-03-15 15:30:00,48506,2022-03-15 16:30:00,BUY,1918.69,1908.9475,1908.9475,1933.30375,0.1,-98.12500000000064,-974.2500000000064,-1.0,SL,2022Q1,2022,2
1986,48507,2022-03-15 17:00:00,48551,2022-03-16 16:00:00,BUY,1916.32,1905.1771428571428,1905.1771428571428,1933.0342857142857,0.1,-112.1285714285711,-1114.285714285711,-1.0,SL,2022Q1,2022,44
1987,48576,2022-03-17 05:30:00,48589,2022-03-17 12:00:00,SELL,1937.68,1943.5567857142858,1943.5567857142858,1928.8648214285715,0.1,-59.467857142856886,-587.6785714285688,-1.0,SL,2022Q1,2022,13
1988,48590,2022-03-17 12:30:00,48597,2022-03-17 16:00:00,SELL,1942.08,1947.6514285714284,1947.6514285714284,1933.722857142857,0.1,-56.41428571428442,-557.1428571428442,-1.0,SL,2022Q1,2022,7
1989,48736,2022-03-22 16:30:00,48744,2022-03-22 20:30:00,BUY,1913.37,1924.2921428571428,1906.0885714285714,1924.2921428571428,0.1,108.52142857142944,1092.2142857142944,1.4761951029926461,TP,2022Q1,2022,8
1990,48774,2022-03-23 12:30:00,48777,2022-03-23 14:00:00,SELL,1931.95,1926.1241071428572,1935.8339285714287,1926.1241071428572,0.1,57.55892857142889,582.589285714289,1.4557402222021218,TP,2022Q1,2022,3
1991,48792,2022-03-23 21:30:00,48792,2022-03-23 21:30:00,SELL,1941.97,1948.1189285714286,1948.1189285714286,1932.746607142857,0.1,-62.18928571428542,-614.8928571428542,-1.0,SL,2022Q1,2022,0
1992,48793,2022-03-23 22:00:00,48822,2022-03-24 13:30:00,SELL,1946.67,1953.1917857142857,1953.1917857142857,1936.8873214285716,0.1,-65.9178571428567,-652.178571428567,-1.0,SL,2022Q1,2022,29
1993,48823,2022-03-24 14:00:00,48823,2022-03-24 14:00:00,SELL,1956.56,1947.6644642857143,1962.490357142857,1947.6644642857143,0.1,88.25535714285643,889.5535714285643,1.470835069341129,TP,2022Q1,2022,0
1994,48829,2022-03-24 17:00:00,48866,2022-03-25 12:30:00,SELL,1964.89,1950.4562500000002,1974.5125,1950.4562500000002,0.1,143.6374999999992,1443.3749999999918,1.4819448026824864,TP,2022Q1,2022,37
1995,48902,2022-03-28 08:30:00,48902,2022-03-28 08:30:00,BUY,1941.15,1935.8614285714286,1935.8614285714286,1949.0828571428574,0.1,-53.58571428571459,-528.8571428571458,-1.0,SL,2022Q1,2022,0
1996,48903,2022-03-28 09:00:00,48907,2022-03-28 11:00:00,BUY,1935.2,1929.3392857142856,1929.3392857142856,1943.9910714285716,0.1,-59.30714285714494,-586.0714285714494,-1.0,SL,2022Q1,2022,4
1997,48908,2022-03-28 11:30:00,48915,2022-03-28 15:00:00,BUY,1930.63,1939.8116071428574,1924.5089285714287,1939.8116071428574,0.1,91.11607142857274,918.1607142857274,1.471733487164714,TP,2022Q1,2022,7
1998,48930,2022-03-28 22:30:00,48954,2022-03-29 11:30:00,BUY,1921.86,1913.817857142857,1913.817857142857,1933.9232142857143,0.1,-81.12142857142835,-804.2142857142835,-1.0,SL,2022Q1,2022,24
1999,48955,2022-03-29 12:00:00,48960,2022-03-29 14:30:00,BUY,1913.86,1909.2067857142856,1909.2067857142856,1920.8398214285714,0.1,-47.23214285714285,-465.32142857142844,-1.0,SL,2022Q1,2022,5
2000,48961,2022-03-29 15:00:00,48961,2022-03-29 15:00:00,BUY,1908.23,1901.5646428571429,1901.5646428571429,1918.2280357142856,0.1,-67.35357142857147,-666.5357142857147,-1.0,SL,2022Q1,2022,0
2001,48962,2022-03-29 15:30:00,48965,2022-03-29 17:00:00,BUY,1897.45,1909.5839285714285,1889.3607142857143,1909.5839285714285,0.1,120.63928571428441,1213.3928571428442,1.4785520441214814,TP,2022Q1,2022,3
2002,49060,2022-03-31 18:30:00,49063,2022-03-31 20:00:00,SELL,1943.37,1949.712857142857,1949.712857142857,1933.8557142857142,0.1,-64.12857142857156,-634.2857142857156,-1.0,SL,2022Q1,2022,3
2003,49064,2022-03-31 20:30:00,49068,2022-03-31 22:30:00,SELL,1948.68,1938.632142857143,1955.3785714285714,1938.632142857143,0.1,99.77857142857083,1004.7857142857083,1.4741452089489397,TP,2022Q1,2022,4
2004,49129,2022-04-04 07:00:00,49129,2022-04-04 07:00:00,BUY,1919.19,1915.7196428571428,1915.7196428571428,1924.3955357142859,0.1,-35.40357142857211,-347.03571428572104,-1.0,SL,2022Q2,2022,0
2005,49130,2022-04-04 07:30:00,49133,2022-04-04 09:00:00,BUY,1917.21,1922.5955357142857,1913.619642857143,1922.5955357142857,0.1,53.155357142856516,538.5535714285652,1.4521904576056193,TP,2022Q2,2022,3
2006,49334,2022-04-08 17:30:00,49367,2022-04-11 11:00:00,SELL,1946.38,1952.419642857143,1952.419642857143,1937.3205357142858,0.1,-61.09642857142781,-603.964285714278,-1.0,SL,2022Q2,2022,33
2007,49368,2022-04-11 11:30:00,49374,2022-04-11 14:30:00,SELL,1954.19,1959.9435714285714,1959.9435714285714,1945.559642857143,0.1,-58.23571428571377,-575.3571428571377,-1.0,SL,2022Q2,2022,6
2008,49375,2022-04-11 15:00:00,49376,2022-04-11 15:30:00,SELL,1960.59,1966.725,1966.725,1951.3875,0.1,-62.04999999999991,-613.4999999999991,-1.0,SL,2022Q2,2022,1
2009,49377,2022-04-11 16:00:00,49378,2022-04-11 16:30:00,SELL,1963.28,1953.38,1969.8799999999999,1953.38,0.1,98.29999999999863,989.9999999999864,1.4737631184407791,TP,2022Q2,2022,1
2010,49405,2022-04-12 07:00:00,49412,2022-04-12 10:30:00,SELL,1958.99,1953.6992857142857,1962.517142857143,1953.6992857142857,0.1,52.207142857143296,529.071428571433,1.4513502779983811,TP,2022Q2,2022,7
2011,49423,2022-04-12 16:00:00,49426,2022-04-12 17:30:00,SELL,1970.32,1976.9317857142855,1976.9317857142855,1960.4023214285714,0.1,-66.81785714285589,-661.1785714285588,-1.0,SL,2022Q2,2022,3
2012,49427,2022-04-12 18:00:00,49516,2022-04-14 16:30:00,SELL,1975.54,1961.6542857142856,1984.7971428571427,1961.6542857142856,0.1,138.15714285714358,1388.5714285714357,1.4812375555215436,TP,2022Q2,2022,89
2013,49535,2022-04-18 03:00:00,49550,2022-04-18 10:30:00,SELL,1986.7,1991.839642857143,1991.839642857143,1978.990535714286,0.1,-52.09642857142917,-513.9642857142917,-1.0,SL,2022Q2,2022,15
2014,49551,2022-04-18 11:00:00,49560,2022-04-18 15:30:00,SELL,1991.39,1995.7207142857144,1995.7207142857144,1984.8939285714287,0.1,-44.00714285714294,-433.07142857142935,-1.0,SL,2022Q2,2022,9
2015,49561,2022-04-18 16:00:00,49564,2022-04-18 17:30:00,SELL,1994.94,1988.1578571428572,1999.4614285714285,1988.1578571428572,0.1,67.12142857142844,678.2142857142844,1.4618855009334402,TP,2022Q2,2022,3
2016,49608,2022-04-19 16:30:00,49610,2022-04-19 17:30:00,BUY,1963.28,1956.1346428571428,1956.1346428571428,1973.9980357142856,0.1,-72.15357142857165,-714.5357142857165,-1.0,SL,2022Q2,2022,2
2017,49611,2022-04-19 18:00:00,49619,2022-04-19 22:00:00,BUY,1955.64,1946.949642857143,1946.949642857143,1968.6755357142856,0.1,-87.6035714285701,-869.035714285701,-1.0,SL,2022Q2,2022,8
2018,49620,2022-04-19 22:30:00,49739,2022-04-22 13:00:00,BUY,1945.53,1936.3692857142858,1936.3692857142858,1959.2710714285713,0.1,-92.30714285714221,-916.0714285714221,-1.0,SL,2022Q2,2022,119
2019,49740,2022-04-22 13:30:00,49746,2022-04-22 16:30:00,BUY,1932.74,1941.1003571428573,1927.1664285714285,1941.1003571428573,0.1,82.9035714285731,836.035714285731,1.4689912669282374,TP,2022Q2,2022,6
2020,49766,2022-04-25 03:30:00,49769,2022-04-25 05:00:00,BUY,1928.39,1923.1753571428571,1923.1753571428571,1936.2119642857144,0.1,-52.84642857142963,-521.4642857142962,-1.0,SL,2022Q2,2022,3
2021,49770,2022-04-25 05:30:00,49774,2022-04-25 07:30:00,BUY,1923.08,1918.050714285714,1918.050714285714,1930.6239285714285,0.1,-50.99285714285834,-502.9285714285834,-1.0,SL,2022Q2,2022,4
2022,49775,2022-04-25 08:00:00,49786,2022-04-25 13:30:00,BUY,1916.46,1911.0578571428573,1911.0578571428573,1924.5632142857144,0.1,-54.72142857142735,-540.2142857142735,-1.0,SL,2022Q2,2022,11
2023,49787,2022-04-25 14:00:00,49789,2022-04-25 15:00:00,BUY,1909.13,1901.7157142857143,1901.7157142857143,1920.2514285714287,0.1,-74.84285714285825,-741.4285714285825,-1.0,SL,2022Q2,2022,2
2024,49790,2022-04-25 15:30:00,49838,2022-04-26 16:30:00,BUY,1896.97,1910.1919642857144,1888.1553571428572,1910.1919642857144,0.1,131.51964285714422,1322.196428571442,1.48030309120876,TP,2022Q2,2022,48
2025,49901,2022-04-28 02:00:00,49907,2022-04-28 05:00:00,BUY,1885.03,1881.0003571428572,1881.0003571428572,1891.0744642857142,0.1,-40.9964285714279,-402.96428571427896,-1.0,SL,2022Q2,2022,6
2026,49908,2022-04-28 05:30:00,49909,2022-04-28 06:00:00,BUY,1882.97,1879.7192857142857,1879.7192857142857,1887.8460714285713,0.1,-33.207142857143666,-325.0714285714366,-1.0,SL,2022Q2,2022,1
2027,49910,2022-04-28 06:30:00,49911,2022-04-28 07:00:00,BUY,1880.8,1877.1539285714284,1877.1539285714284,1886.2691071428571,0.1,-37.160714285715315,-364.6071428571531,-1.0,SL,2022Q2,2022,1
2028,49912,2022-04-28 07:30:00,49914,2022-04-28 08:30:00,BUY,1877.47,1873.5967857142857,1873.5967857142857,1883.2798214285715,0.1,-39.43214285714312,-387.32142857143117,-1.0,SL,2022Q2,2022,2
2029,49915,2022-04-28 09:00:00,49916,2022-04-28 09:30:00,BUY,1873.85,1880.7558928571427,1869.2460714285714,1880.7558928571427,0.1,68.35892857142817,690.5892857142817,1.4625582639260568,TP,2022Q2,2022,1
2030,49952,2022-04-29 04:30:00,49959,2022-04-29 08:00:00,SELL,1902.44,1906.4010714285716,1906.4010714285716,1896.4983928571428,0.1,-40.31071428571586,-396.1071428571586,-1.0,SL,2022Q2,2022,7
2031,49960,2022-04-29 08:30:00,49961,2022-04-29 09:00:00,SELL,1907.02,1911.1567857142857,1911.1567857142857,1900.8148214285716,0.1,-42.067857142856795,-413.6785714285679,-1.0,SL,2022Q2,2022,1
2032,49962,2022-04-29 09:30:00,49964,2022-04-29 10:30:00,SELL,1912.27,1917.1074999999998,1917.1074999999998,1905.01375,0.1,-49.07499999999864,-483.74999999998636,-1.0,SL,2022Q2,2022,2
2033,49965,2022-04-29 11:00:00,49974,2022-04-29 15:30:00,SELL,1917.14,1908.7089285714287,1922.7607142857144,1908.7089285714287,0.1,83.61071428571385,843.1071428571386,1.4692481486130284,TP,2022Q2,2022,9
2034,49997,2022-05-02 04:00:00,49999,2022-05-02 05:00:00,BUY,1890.69,1884.819642857143,1884.819642857143,1899.4955357142858,0.1,-59.40357142857074,-587.0357142857074,-1.0,SL,2022Q2,2022,2
2035,50000,2022-05-02 05:30:00,50012,2022-05-02 11:30:00,BUY,1886.48,1880.27,1880.27,1895.795,0.1,-62.80000000000037,-621.0000000000036,-1.0,SL,2022Q2,2022,12
2036,50013,2022-05-02 12:00:00,50019,2022-05-02 15:00:00,BUY,1880.0,1874.680357142857,1874.680357142857,1887.9794642857144,0.1,-53.89642857142981,-531.9642857142981,-1.0,SL,2022Q2,2022,6
2037,50020,2022-05-02 15:30:00,50020,2022-05-02 15:30:00,BUY,1874.44,1868.5010714285715,1868.5010714285715,1883.348392857143,0.1,-60.089285714285054,-593.8928571428505,-1.0,SL,2022Q2,2022,0
2038,50021,2022-05-02 16:00:00,50022,2022-05-02 16:30:00,BUY,1861.63,1854.642142857143,1854.642142857143,1872.1117857142858,0.1,-70.57857142857138,-698.7857142857138,-1.0,SL,2022Q2,2022,1
2039,50023,2022-05-02 17:00:00,50026,2022-05-02 18:30:00,BUY,1859.2,1870.5512500000002,1851.6325,1870.5512500000002,0.1,112.81250000000163,1135.1250000000164,1.47708674304419,TP,2022Q2,2022,3
2040,50030,2022-05-02 20:30:00,50055,2022-05-03 10:00:00,BUY,1863.65,1854.9660714285715,1854.9660714285715,1876.675892857143,0.1,-87.53928571428624,-868.3928571428623,-1.0,SL,2022Q2,2022,25
2041,50057,2022-05-03 11:00:00,50065,2022-05-03 15:00:00,BUY,1855.81,1864.6830357142856,1849.8946428571428,1864.6830357142856,0.1,88.03035714285606,887.3035714285606,1.4707619786383246,TP,2022Q2,2022,8
2042,50133,2022-05-05 03:00:00,50136,2022-05-05 04:30:00,SELL,1893.82,1903.4971428571428,1903.4971428571428,1879.3042857142857,0.1,-97.47142857142826,-967.7142857142826,-1.0,SL,2022Q2,2022,3
2043,50137,2022-05-05 05:00:00,50162,2022-05-05 17:30:00,SELL,1900.53,1885.4373214285715,1910.5917857142856,1885.4373214285715,0.1,150.22678571428452,1509.267857142845,1.482727625224717,TP,2022Q2,2022,25
2044,50181,2022-05-06 04:00:00,50181,2022-05-06 04:00:00,BUY,1872.6,1867.9746428571427,1867.9746428571427,1879.5380357142856,0.1,-46.953571428571834,-462.5357142857183,-1.0,SL,2022Q2,2022,0
2045,50182,2022-05-06 04:30:00,50182,2022-05-06 04:30:00,BUY,1871.1,1866.4607142857142,1866.4607142857142,1878.0589285714284,0.1,-47.09285714285734,-463.9285714285734,-1.0,SL,2022Q2,2022,0
2046,50183,2022-05-06 05:00:00,50190,2022-05-06 08:30:00,BUY,1870.27,1877.4780357142856,1865.4646428571427,1877.4780357142856,0.1,71.38035714285643,720.8035714285643,1.464105193758653,TP,2022Q2,2022,7
2047,50240,2022-05-09 10:30:00,50242,2022-05-09 11:30:00,BUY,1869.22,1864.6042857142857,1864.6042857142857,1876.1435714285715,0.1,-46.85714285714376,-461.57142857143754,-1.0,SL,2022Q2,2022,2
2048,50243,2022-05-09 12:00:00,50245,2022-05-09 13:00:00,BUY,1865.76,1860.692142857143,1860.692142857143,1873.3617857142856,0.1,-51.37857142857065,-506.7857142857065,-1.0,SL,2022Q2,2022,2
2049,50246,2022-05-09 13:30:00,50249,2022-05-09 15:00:00,BUY,1859.23,1868.0194642857143,1853.370357142857,1868.0194642857143,0.1,87.19464285714302,878.9464285714303,1.4704872613382935,TP,2022Q2,2022,3
2050,50268,2022-05-10 01:30:00,50278,2022-05-10 06:30:00,BUY,1852.68,1861.7603571428572,1846.6264285714285,1861.7603571428572,0.1,90.1035714285711,908.035714285711,1.4714219059838662,TP,2022Q2,2022,10
2051,50303,2022-05-10 19:00:00,50310,2022-05-10 22:30:00,BUY,1844.56,1836.8382142857142,1836.8382142857142,1856.1426785714286,0.1,-77.91785714285716,-772.1785714285716,-1.0,SL,2022Q2,2022,7
2052,50311,2022-05-10 23:00:00,50331,2022-05-11 10:00:00,BUY,1837.01,1849.4299999999998,1828.73,1849.4299999999998,0.1,123.49999999999845,1241.9999999999845,1.479041916167651,TP,2022Q2,2022,20
2053,50397,2022-05-12 20:00:00,50406,2022-05-13 01:30:00,BUY,1825.66,1816.5764285714286,1816.5764285714286,1839.2853571428573,0.1,-91.53571428571531,-908.3571428571531,-1.0,SL,2022Q2,2022,9
2054,50407,2022-05-13 02:00:00,50433,2022-05-13 15:00:00,BUY,1819.31,1812.2975,1812.2975,1829.82875,0.1,-70.82500000000046,-701.2500000000045,-1.0,SL,2022Q2,2022,26
2055,50434,2022-05-13 15:30:00,50435,2022-05-13 16:00:00,BUY,1812.82,1806.4267857142856,1806.4267857142856,1822.4098214285714,0.1,-64.63214285714294,-639.3214285714294,-1.0,SL,2022Q2,2022,1
2056,50436,2022-05-13 16:30:00,50437,2022-05-13 17:00:00,BUY,1804.75,1815.9855357142858,1797.2596428571428,1815.9855357142858,0.1,111.65535714285788,1123.5535714285788,1.4768529453446078,TP,2022Q2,2022,1
2057,50466,2022-05-16 08:30:00,50470,2022-05-16 10:30:00,BUY,1807.06,1802.9275,1802.9275,1813.25875,0.1,-42.024999999999366,-413.24999999999363,-1.0,SL,2022Q2,2022,4
2058,50471,2022-05-16 11:00:00,50473,2022-05-16 12:00:00,BUY,1792.95,1802.3276785714286,1786.6982142857144,1802.3276785714286,0.1,93.07678571428532,937.7678571428532,1.4723179481385231,TP,2022Q2,2022,2
2059,50495,2022-05-16 23:00:00,50524,2022-05-17 14:30:00,SELL,1826.31,1832.9389285714285,1832.9389285714285,1816.366607142857,0.1,-66.9892857142856,-662.892857142856,-1.0,SL,2022Q2,2022,29
2060,50525,2022-05-17 15:00:00,50528,2022-05-17 16:30:00,SELL,1834.52,1826.0439285714285,1840.1707142857142,1826.0439285714285,0.1,84.06071428571458,847.6071428571458,1.4694094144088095,TP,2022Q2,2022,3
2061,50554,2022-05-18 06:30:00,50559,2022-05-18 09:00:00,BUY,1808.53,1814.3655357142857,1804.639642857143,1814.3655357142857,0.1,57.65535714285697,583.5535714285697,1.4558120660113902,TP,2022Q2,2022,5
2062,50613,2022-05-19 13:00:00,50618,2022-05-19 15:30:00,SELL,1829.68,1834.849642857143,1834.849642857143,1821.9255357142856,0.1,-52.3964285714289,-516.964285714289,-1.0,SL,2022Q2,2022,5
2063,50619,2022-05-19 16:00:00,50621,2022-05-19 17:00:00,SELL,1838.19,1845.1832142857143,1845.1832142857143,1827.7001785714285,0.1,-70.63214285714203,-699.3214285714203,-1.0,SL,2022Q2,2022,2
2064,50622,2022-05-19 17:30:00,50681,2022-05-23 01:00:00,SELL,1842.03,1850.4396428571429,1850.4396428571429,1829.4155357142856,0.1,-84.79642857142899,-840.9642857142899,-1.0,SL,2022Q2,2022,59
2065,50687,2022-05-23 04:00:00,50696,2022-05-23 08:30:00,SELL,1852.45,1856.9585714285715,1856.9585714285715,1845.6871428571428,0.1,-45.78571428571486,-450.8571428571486,-1.0,SL,2022Q2,2022,9
2066,50697,2022-05-23 09:00:00,50701,2022-05-23 11:00:00,SELL,1856.0,1860.2578571428571,1860.2578571428571,1849.6132142857143,0.1,-43.2785714285712,-425.78571428571195,-1.0,SL,2022Q2,2022,4
2067,50702,2022-05-23 11:30:00,50704,2022-05-23 12:30:00,SELL,1860.09,1864.9542857142856,1864.9542857142856,1852.7935714285713,0.1,-49.34285714285643,-486.4285714285643,-1.0,SL,2022Q2,2022,2
2068,50705,2022-05-23 13:00:00,50710,2022-05-23 15:30:00,SELL,1864.27,1857.4107142857142,1868.8428571428572,1857.4107142857142,0.1,67.89285714285761,685.9285714285761,1.4623076923076923,TP,2022Q2,2022,5
2069,50833,2022-05-26 08:00:00,50838,2022-05-26 10:30:00,BUY,1845.31,1850.205357142857,1842.0464285714286,1850.205357142857,0.1,48.25357142857165,489.5357142857165,1.447503749732195,TP,2022Q2,2022,5
2070,50957,2022-05-31 03:30:00,50965,2022-05-31 07:30:00,BUY,1848.52,1853.4876785714284,1845.2082142857143,1853.4876785714284,0.1,48.9767857142845,496.76785714284506,1.4482521913612827,TP,2022Q2,2022,8
2071,50999,2022-06-01 01:30:00,51010,2022-06-01 07:00:00,BUY,1837.75,1833.0860714285714,1833.0860714285714,1844.745892857143,0.1,-47.33928571428642,-466.39285714286416,-1.0,SL,2022Q2,2022,11
2072,51011,2022-06-01 07:30:00,51012,2022-06-01 08:00:00,BUY,1834.34,1831.5649999999998,1831.5649999999998,1838.5024999999998,0.1,-28.45000000000091,-277.5000000000091,-1.0,SL,2022Q2,2022,1
2073,51013,2022-06-01 08:30:00,51016,2022-06-01 10:00:00,BUY,1831.44,1836.2051785714286,1828.2632142857144,1836.2051785714286,0.1,46.951785714285776,476.5178571428578,1.4461005389946437,TP,2022Q2,2022,3
2074,51020,2022-06-01 12:00:00,51027,2022-06-01 15:30:00,BUY,1830.3,1837.287857142857,1825.6414285714286,1837.287857142857,0.1,69.17857142857137,698.7857142857138,1.4629909365559146,TP,2022Q2,2022,7
2075,51061,2022-06-02 09:30:00,51066,2022-06-02 12:00:00,SELL,1850.78,1853.857142857143,1853.857142857143,1846.1642857142856,0.1,-31.47142857142917,-307.7142857142917,-1.0,SL,2022Q2,2022,5
2076,51067,2022-06-02 12:30:00,51068,2022-06-02 13:00:00,SELL,1853.5,1856.7250000000001,1856.7250000000001,1848.6625,0.1,-32.95000000000137,-322.50000000001364,-1.0,SL,2022Q2,2022,1
2077,51069,2022-06-02 13:30:00,51073,2022-06-02 15:30:00,SELL,1856.61,1851.5973214285711,1859.9517857142857,1851.5973214285711,0.1,49.426785714287504,501.2678571428751,1.448707212394014,TP,2022Q2,2022,4
2078,51074,2022-06-02 16:00:00,51074,2022-06-02 16:00:00,SELL,1856.42,1860.5514285714287,1860.5514285714287,1850.2228571428573,0.1,-42.014285714286146,-413.14285714286143,-1.0,SL,2022Q2,2022,0
2079,51075,2022-06-02 16:30:00,51075,2022-06-02 16:30:00,SELL,1862.44,1866.972142857143,1866.972142857143,1855.6417857142858,0.1,-46.021428571428444,-453.2142857142844,-1.0,SL,2022Q2,2022,0
2080,51076,2022-06-02 17:00:00,51076,2022-06-02 17:00:00,SELL,1863.79,1868.7989285714286,1868.7989285714286,1856.276607142857,0.1,-50.78928571428669,-500.8928571428669,-1.0,SL,2022Q2,2022,0
2081,51077,2022-06-02 17:30:00,51092,2022-06-03 02:00:00,SELL,1865.47,1870.7564285714286,1870.7564285714286,1857.5403571428571,0.1,-53.56428571428587,-528.6428571428587,-1.0,SL,2022Q2,2022,15
2082,51093,2022-06-03 02:30:00,51095,2022-06-03 03:30:00,SELL,1869.67,1872.1857142857143,1872.1857142857143,1865.8964285714287,0.1,-25.85714285714239,-251.5714285714239,-1.0,SL,2022Q2,2022,2
2083,51096,2022-06-03 04:00:00,51100,2022-06-03 06:00:00,SELL,1873.26,1869.615,1875.69,1869.615,0.1,35.749999999999815,364.4999999999982,1.4299999999999562,TP,2022Q2,2022,4
2084,51101,2022-06-03 06:30:00,51112,2022-06-03 12:00:00,SELL,1868.14,1864.0675,1870.855,1864.0675,0.1,40.024999999999906,407.2499999999991,1.4371633752244555,TP,2022Q2,2022,11
2085,51129,2022-06-03 20:30:00,51164,2022-06-06 15:00:00,BUY,1847.68,1857.4401785714285,1841.1732142857143,1857.4401785714285,0.1,96.90178571428469,976.0178571428469,1.4733912571273076,TP,2022Q2,2022,35
2086,51171,2022-06-06 18:30:00,51185,2022-06-07 02:30:00,BUY,1843.31,1838.3310714285715,1838.3310714285715,1850.7783928571428,0.1,-50.48928571428469,-497.8928571428469,-1.0,SL,2022Q2,2022,14
2087,51186,2022-06-07 03:00:00,51188,2022-06-07 04:00:00,BUY,1839.56,1837.0667857142855,1837.0667857142855,1843.2998214285715,0.1,-25.6321428571443,-249.321428571443,-1.0,SL,2022Q2,2022,2
2088,51189,2022-06-07 04:30:00,51194,2022-06-07 07:00:00,BUY,1839.07,1843.0974999999999,1836.385,1843.0974999999999,0.1,39.57499999999918,402.7499999999918,1.436479128856623,TP,2022Q2,2022,5
2089,51348,2022-06-10 15:00:00,51349,2022-06-10 15:30:00,BUY,1835.07,1831.0403571428571,1831.0403571428571,1841.1144642857143,0.1,-40.9964285714279,-402.96428571427896,-1.0,SL_AMBIGUOUS_PESSIMISTIC,2022Q2,2022,1
2090,51357,2022-06-10 19:30:00,51385,2022-06-13 10:30:00,SELL,1874.52,1855.9205357142857,1886.919642857143,1855.9205357142857,0.1,185.2946428571425,1859.9464285714248,1.4859659172275437,TP,2022Q2,2022,28
2091,51396,2022-06-13 16:00:00,51396,2022-06-13 16:00:00,BUY,1843.11,1835.5746428571429,1835.5746428571429,1854.4130357142856,0.1,-76.05357142857038,-753.5357142857038,-1.0,SL,2022Q2,2022,0
2092,51397,2022-06-13 16:30:00,51398,2022-06-13 17:00:00,BUY,1836.06,1827.8410714285715,1827.8410714285715,1848.3883928571427,0.1,-82.88928571428478,-821.8928571428478,-1.0,SL,2022Q2,2022,1
2093,51399,2022-06-13 17:30:00,51412,2022-06-14 01:00:00,BUY,1827.43,1818.7514285714287,1818.7514285714287,1840.4478571428572,0.1,-87.48571428571331,-867.8571428571331,-1.0,SL,2022Q2,2022,13
2094,51413,2022-06-14 01:30:00,51428,2022-06-14 09:00:00,BUY,1818.35,1829.129107142857,1811.1639285714284,1829.129107142857,0.1,107.09107142857128,1077.9107142857129,1.4758822660825754,TP,2022Q2,2022,15
2095,51435,2022-06-14 12:30:00,51439,2022-06-14 14:30:00,BUY,1823.12,1818.4624999999999,1818.4624999999999,1830.1062499999998,0.1,-47.275000000000276,-465.75000000000273,-1.0,SL,2022Q2,2022,4
2096,51440,2022-06-14 15:00:00,51447,2022-06-14 18:30:00,BUY,1817.4,1811.3528571428571,1811.3528571428571,1826.4707142857144,0.1,-61.171428571429445,-604.7142857142944,-1.0,SL,2022Q2,2022,7
2097,51448,2022-06-14 19:00:00,51475,2022-06-15 09:30:00,BUY,1810.63,1820.8803571428573,1803.7964285714286,1820.8803571428573,0.1,101.80357142857183,1025.0357142857183,1.4746508018623739,TP,2022Q2,2022,27
2098,51547,2022-06-16 22:30:00,51549,2022-06-16 23:30:00,SELL,1849.63,1857.4814285714288,1857.4814285714288,1837.8528571428574,0.1,-79.21428571428642,-785.1428571428642,-1.0,SL,2022Q2,2022,2
2099,51550,2022-06-17 01:00:00,51555,2022-06-17 03:30:00,SELL,1857.21,1847.3164285714286,1863.8057142857144,1847.3164285714286,0.1,98.23571428571476,989.3571428571477,1.4737462494641924,TP,2022Q2,2022,5
2100,51699,2022-06-22 09:00:00,51708,2022-06-22 13:30:00,BUY,1825.06,1830.3908928571427,1821.5060714285714,1830.3908928571427,0.1,52.60892857142771,533.0892857142771,1.4517098649847235,TP,2022Q2,2022,9
2101,51836,2022-06-27 08:30:00,51839,2022-06-27 10:00:00,SELL,1836.55,1839.7814285714285,1839.7814285714285,1831.702857142857,0.1,-33.014285714285236,-323.14285714285234,-1.0,SL,2022Q2,2022,3
2102,51843,2022-06-27 12:00:00,51848,2022-06-27 14:30:00,SELL,1839.46,1834.2303571428572,1842.9464285714287,1834.2303571428572,0.1,51.59642857142835,522.9642857142835,1.4507933319943451,TP,2022Q2,2022,5
2103,51987,2022-06-30 15:00:00,51988,2022-06-30 15:30:00,BUY,1805.59,1812.431607142857,1801.0289285714284,1812.431607142857,0.1,67.71607142857128,684.1607142857129,1.46221176833498,TP,2022Q2,2022,1
2104,52013,2022-07-01 05:00:00,52016,2022-07-01 06:30:00,BUY,1804.58,1801.577857142857,1801.577857142857,1809.0832142857143,0.1,-30.721428571428714,-300.21428571428714,-1.0,SL,2022Q3,2022,3
2105,52017,2022-07-01 07:00:00,52020,2022-07-01 08:30:00,BUY,1801.48,1798.522857142857,1798.522857142857,1805.9157142857143,0.1,-30.27142857143026,-295.7142857143026,-1.0,SL,2022Q3,2022,3
2106,52021,2022-07-01 09:00:00,52023,2022-07-01 10:00:00,BUY,1797.48,1793.9410714285714,1793.9410714285714,1802.788392857143,0.1,-36.08928571428642,-353.89285714286416,-1.0,SL,2022Q3,2022,2
2107,52024,2022-07-01 10:30:00,52025,2022-07-01 11:00:00,BUY,1797.63,1793.3667857142857,1793.3667857142857,1804.0248214285716,0.1,-43.33214285714412,-426.3214285714412,-1.0,SL,2022Q3,2022,1
2108,52026,2022-07-01 11:30:00,52030,2022-07-01 13:30:00,BUY,1794.18,1789.839642857143,1789.839642857143,1800.690535714286,0.1,-44.103571428571016,-434.0357142857101,-1.0,SL,2022Q3,2022,4
2109,52031,2022-07-01 14:00:00,52033,2022-07-01 15:00:00,BUY,1790.0,1784.9696428571428,1784.9696428571428,1797.5455357142857,0.1,-51.00357142857156,-503.0357142857156,-1.0,SL,2022Q3,2022,2
2110,52034,2022-07-01 15:30:00,52035,2022-07-01 16:00:00,BUY,1786.49,1795.6314285714286,1780.3957142857143,1795.6314285714286,0.1,90.71428571428605,914.1428571428605,1.4716106604866925,TP,2022Q3,2022,1
2111,52114,2022-07-05 12:00:00,52119,2022-07-05 14:30:00,BUY,1801.11,1797.8132142857141,1797.8132142857141,1806.0551785714285,0.1,-33.66785714285761,-329.6785714285761,-1.0,SL,2022Q3,2022,5
2112,52124,2022-07-05 17:00:00,52124,2022-07-05 17:00:00,BUY,1783.64,1776.7828571428572,1776.7828571428572,1793.9257142857143,0.1,-69.2714285714289,-685.714285714289,-1.0,SL,2022Q3,2022,0
2113,52125,2022-07-05 17:30:00,52153,2022-07-06 08:30:00,BUY,1772.43,1763.8885714285716,1763.8885714285716,1785.2421428571429,0.1,-86.11428571428469,-854.1428571428469,-1.0,SL,2022Q3,2022,28
2114,52154,2022-07-06 09:00:00,52155,2022-07-06 09:30:00,BUY,1763.52,1769.1562499999998,1759.7625,1769.1562499999998,0.1,55.662499999997905,563.6249999999791,1.4542782495100934,TP,2022Q3,2022,1
2115,52156,2022-07-06 10:00:00,52159,2022-07-06 11:30:00,BUY,1769.41,1765.122142857143,1765.122142857143,1775.8417857142856,0.1,-43.578571428570925,-428.7857142857092,-1.0,SL,2022Q3,2022,3
2116,52160,2022-07-06 12:00:00,52162,2022-07-06 13:00:00,BUY,1766.36,1761.5107142857144,1761.5107142857144,1773.6339285714284,0.1,-49.19285714285543,-484.9285714285543,-1.0,SL,2022Q3,2022,2
2117,52163,2022-07-06 13:30:00,52169,2022-07-06 16:30:00,BUY,1762.17,1757.0592857142858,1757.0592857142858,1769.8360714285714,0.1,-51.807142857142665,-511.0714285714266,-1.0,SL,2022Q3,2022,6
2118,52171,2022-07-06 17:30:00,52171,2022-07-06 17:30:00,BUY,1755.42,1748.0025,1748.0025,1766.54625,0.1,-74.87500000000018,-741.7500000000018,-1.0,SL,2022Q3,2022,0
2119,52172,2022-07-06 18:00:00,52173,2022-07-06 18:30:00,BUY,1743.88,1735.4178571428572,1735.4178571428572,1756.5732142857144,0.1,-85.32142857142908,-846.2142857142908,-1.0,SL,2022Q3,2022,1
2120,52174,2022-07-06 19:00:00,52199,2022-07-07 08:30:00,BUY,1733.8,1747.3642857142856,1724.7571428571428,1747.3642857142856,0.1,134.9428571428569,1356.4285714285688,1.480796363066299,TP,2022Q3,2022,25
2121,52203,2022-07-07 10:30:00,52215,2022-07-07 16:30:00,BUY,1741.51,1747.6701785714288,1737.4032142857143,1747.6701785714288,0.1,60.90178571428787,616.0178571428787,1.4581017528859028,TP,2022Q3,2022,12
2122,52373,2022-07-13 03:30:00,52390,2022-07-13 12:00:00,BUY,1724.48,1728.6730357142858,1721.684642857143,1728.6730357142858,0.1,41.2303571428577,419.303571428577,1.438925588931898,TP,2022Q3,2022,17
2123,52398,2022-07-13 16:00:00,52399,2022-07-13 16:30:00,BUY,1712.96,1722.6510714285714,1706.4992857142859,1722.6510714285714,0.1,96.21071428571376,969.1071428571377,1.4732035436946467,TP,2022Q3,2022,1
2124,52433,2022-07-14 10:30:00,52437,2022-07-14 12:30:00,BUY,1718.09,1712.7917857142857,1712.7917857142857,1726.0373214285714,0.1,-53.682142857142665,-529.8214285714266,-1.0,SL,2022Q3,2022,4
2125,52439,2022-07-14 13:30:00,52443,2022-07-14 15:30:00,BUY,1713.59,1708.1375,1708.1375,1721.76875,0.1,-55.22499999999873,-545.2499999999873,-1.0,SL,2022Q3,2022,4
2126,52444,2022-07-14 16:00:00,52445,2022-07-14 16:30:00,BUY,1709.4,1702.4860714285717,1702.4860714285717,1719.7708928571428,0.1,-69.83928571428415,-691.3928571428414,-1.0,SL,2022Q3,2022,1
2127,52446,2022-07-14 17:00:00,52449,2022-07-14 18:30:00,BUY,1702.93,1714.2651785714286,1695.3732142857143,1714.2651785714286,0.1,112.65178571428514,1133.5178571428514,1.4770545539686106,TP,2022Q3,2022,3
2128,52529,2022-07-18 12:30:00,52531,2022-07-18 13:30:00,SELL,1721.69,1715.391607142857,1725.8889285714286,1715.391607142857,0.1,62.28392857142971,629.8392857142971,1.4590061072534615,TP,2022Q3,2022,2
2129,52642,2022-07-20 23:00:00,52650,2022-07-21 04:00:00,BUY,1695.76,1690.5475,1690.5475,1703.57875,0.1,-52.82500000000091,-521.2500000000091,-1.0,SL,2022Q3,2022,8
2130,52651,2022-07-21 04:30:00,52662,2022-07-21 10:00:00,BUY,1692.18,1688.3828571428571,1688.3828571428571,1697.8757142857144,0.1,-38.671428571429445,-379.7142857142944,-1.0,SL,2022Q3,2022,11
2131,52663,2022-07-21 10:30:00,52665,2022-07-21 11:30:00,BUY,1691.03,1687.0710714285715,1687.0710714285715,1696.9683928571428,0.1,-40.28928571428487,-395.8928571428487,-1.0,SL,2022Q3,2022,2
2132,52666,2022-07-21 12:00:00,52669,2022-07-21 13:30:00,BUY,1685.29,1681.1285714285714,1681.1285714285714,1691.5321428571428,0.1,-42.31428571428587,-416.1428571428587,-1.0,SL,2022Q3,2022,3
2133,52670,2022-07-21 14:00:00,52672,2022-07-21 15:00:00,BUY,1682.81,1689.955357142857,1678.0464285714286,1689.955357142857,0.1,70.75357142857165,714.5357142857165,1.4637948869514046,TP,2022Q3,2022,2
2134,52688,2022-07-21 23:00:00,52717,2022-07-22 14:30:00,SELL,1719.49,1727.9564285714287,1727.9564285714287,1706.7903571428571,0.1,-85.36428571428651,-846.6428571428651,-1.0,SL,2022Q3,2022,29
2135,52718,2022-07-22 15:00:00,52721,2022-07-22 16:30:00,SELL,1728.37,1733.6521428571427,1733.6521428571427,1720.4467857142856,0.1,-53.521428571428444,-528.2142857142844,-1.0,SL,2022Q3,2022,3
2136,52722,2022-07-22 17:00:00,52730,2022-07-22 21:00:00,SELL,1734.53,1723.7669642857143,1741.705357142857,1723.7669642857143,0.1,106.93035714285706,1076.3035714285706,1.4758466012717502,TP,2022Q3,2022,8
2137,52760,2022-07-25 13:00:00,52762,2022-07-25 14:00:00,SELL,1734.86,1728.3655357142857,1739.1896428571426,1728.3655357142857,0.1,64.2446428571423,649.446428571423,1.4602240441594532,TP,2022Q3,2022,2
2138,52870,2022-07-27 22:00:00,52892,2022-07-28 10:00:00,SELL,1735.04,1742.2228571428573,1742.2228571428573,1724.2657142857142,0.1,-72.52857142857302,-718.2857142857301,-1.0,SL,2022Q3,2022,22
2139,52893,2022-07-28 10:30:00,52894,2022-07-28 11:00:00,SELL,1740.99,1745.0239285714285,1745.0239285714285,1734.9391071428572,0.1,-41.03928571428533,-403.39285714285325,-1.0,SL,2022Q3,2022,1
2140,52895,2022-07-28 11:30:00,52899,2022-07-28 13:30:00,SELL,1746.64,1739.9462500000002,1751.1025000000002,1739.9462500000002,0.1,66.23749999999909,669.3749999999909,1.461389961389912,TP,2022Q3,2022,4
2141,52905,2022-07-28 16:30:00,52930,2022-07-29 06:00:00,SELL,1752.37,1759.9642857142856,1759.9642857142856,1740.9785714285713,0.1,-76.64285714285661,-759.4285714285661,-1.0,SL,2022Q3,2022,25
2142,52931,2022-07-29 06:30:00,52931,2022-07-29 06:30:00,SELL,1758.69,1761.6342857142859,1761.6342857142859,1754.2735714285716,0.1,-30.142857142857974,-294.42857142857974,-1.0,SL,2022Q3,2022,0
2143,52932,2022-07-29 07:00:00,52936,2022-07-29 09:00:00,SELL,1762.77,1766.0742857142857,1766.0742857142857,1757.8135714285713,0.1,-33.74285714285698,-330.42857142856974,-1.0,SL,2022Q3,2022,4
2144,52937,2022-07-29 09:30:00,52942,2022-07-29 12:00:00,SELL,1767.08,1761.2316071428572,1770.9789285714285,1761.2316071428572,0.1,57.78392857142698,584.8392857142699,1.4559074957256974,TP,2022Q3,2022,5
2145,52990,2022-08-01 13:00:00,52995,2022-08-01 15:30:00,SELL,1773.41,1766.4366071428572,1778.0589285714286,1766.4366071428572,0.1,69.03392857142926,697.3392857142926,1.4629153106789006,TP,2022Q3,2022,5
2146,53017,2022-08-02 03:30:00,53017,2022-08-02 03:30:00,SELL,1774.48,1777.5978571428573,1777.5978571428573,1769.8032142857144,0.1,-31.878571428572467,-311.7857142857247,-1.0,SL,2022Q3,2022,0
2147,53018,2022-08-02 04:00:00,53021,2022-08-02 05:30:00,SELL,1780.3,1775.0976785714286,1783.7682142857143,1775.0976785714286,0.1,51.323214285713945,520.2321428571395,1.450540022206489,TP,2022Q3,2022,3
2148,53041,2022-08-02 15:30:00,53042,2022-08-02 16:00:00,SELL,1785.05,1777.0319642857141,1790.3953571428572,1777.0319642857141,0.1,79.48035714285815,801.8035714285816,1.4676844951526746,TP,2022Q3,2022,1
2149,53059,2022-08-03 01:30:00,53068,2022-08-03 06:00:00,BUY,1758.1,1767.9196428571427,1751.5535714285713,1767.9196428571427,0.1,97.49642857142753,981.9642857142753,1.4735506855230314,TP,2022Q3,2022,9
2150,53119,2022-08-04 08:30:00,53125,2022-08-04 11:30:00,SELL,1773.27,1776.105,1776.105,1769.0174999999997,0.1,-29.050000000000363,-283.50000000000364,-1.0,SL,2022Q3,2022,6
2151,53126,2022-08-04 12:00:00,53127,2022-08-04 12:30:00,SELL,1776.31,1780.1114285714284,1780.1114285714284,1770.607857142857,0.1,-38.7142857142846,-380.14285714284597,-1.0,SL,2022Q3,2022,1
2152,53128,2022-08-04 13:00:00,53131,2022-08-04 14:30:00,SELL,1779.68,1783.6689285714288,1783.6689285714288,1773.6966071428571,0.1,-40.58928571428687,-398.8928571428687,-1.0,SL,2022Q3,2022,3
2153,53132,2022-08-04 15:00:00,53134,2022-08-04 16:00:00,SELL,1785.61,1778.2573214285715,1790.5117857142855,1778.2573214285715,0.1,72.82678571428441,735.2678571428442,1.464801379211285,TP,2022Q3,2022,2
2154,53141,2022-08-04 19:30:00,53179,2022-08-05 15:30:00,SELL,1789.93,1779.70375,1796.7475000000002,1779.70375,0.1,101.56250000000163,1022.6250000000164,1.47459165154265,TP,2022Q3,2022,38
2155,53180,2022-08-05 16:00:00,53182,2022-08-05 17:00:00,BUY,1769.08,1778.0510714285713,1763.0992857142855,1778.0510714285713,0.1,89.01071428571349,897.1071428571349,1.4710777948293807,TP,2022Q3,2022,2
2156,53201,2022-08-08 03:30:00,53214,2022-08-08 10:00:00,BUY,1771.95,1777.31625,1768.3725,1777.31625,0.1,52.96250000000036,536.6250000000036,1.4520219328306758,TP,2022Q3,2022,13
2157,53231,2022-08-08 18:30:00,53267,2022-08-09 13:30:00,SELL,1789.08,1793.7696428571428,1793.7696428571428,1782.0455357142857,0.1,-47.59642857142872,-468.96428571428714,-1.0,SL,2022Q3,2022,36
2158,53344,2022-08-11 06:00:00,53356,2022-08-11 12:00:00,BUY,1785.53,1789.7825,1782.695,1789.7825,0.1,41.82500000000054,425.25000000000546,1.439759036144579,TP,2022Q3,2022,12
2159,53432,2022-08-15 04:00:00,53434,2022-08-15 05:00:00,SELL,1801.06,1796.8107142857143,1803.892857142857,1796.8107142857143,0.1,41.792857142856334,424.9285714285634,1.4397145669290952,TP,2022Q3,2022,2
2160,53446,2022-08-15 11:00:00,53447,2022-08-15 11:30:00,BUY,1787.1,1783.782857142857,1783.782857142857,1792.0757142857142,0.1,-33.87142857142926,-331.7142857142926,-1.0,SL,2022Q3,2022,1
2161,53448,2022-08-15 12:00:00,53449,2022-08-15 12:30:00,BUY,1783.7,1780.2510714285715,1780.2510714285715,1788.873392857143,0.1,-35.18928571428496,-344.8928571428496,-1.0,SL,2022Q3,2022,1
2162,53450,2022-08-15 13:00:00,53450,2022-08-15 13:00:00,BUY,1779.76,1775.9135714285715,1775.9135714285715,1785.5296428571428,0.1,-39.16428571428533,-384.64285714285325,-1.0,SL,2022Q3,2022,0
2163,53451,2022-08-15 13:30:00,53454,2022-08-15 15:00:00,BUY,1775.57,1782.0291071428571,1771.2639285714286,1782.0291071428571,0.1,63.89107142857192,645.9107142857192,1.4600097935199796,TP,2022Q3,2022,3
2164,53478,2022-08-16 04:00:00,53480,2022-08-16 05:00:00,BUY,1777.86,1781.8264285714286,1775.2157142857143,1781.8264285714286,0.1,38.964285714286504,396.64285714286507,1.435526315789555,TP,2022Q3,2022,2
2165,53492,2022-08-16 11:00:00,53501,2022-08-16 15:30:00,BUY,1776.09,1773.0224999999998,1773.0224999999998,1780.69125,0.1,-31.37500000000109,-306.7500000000109,-1.0,SL,2022Q3,2022,9
2166,53576,2022-08-18 07:00:00,53586,2022-08-18 12:00:00,BUY,1762.4,1766.4901785714287,1759.6732142857143,1766.4901785714287,0.1,40.20178571428623,409.01785714286234,1.437428170093181,TP,2022Q3,2022,10
2167,53615,2022-08-19 03:30:00,53617,2022-08-19 04:30:00,BUY,1756.31,1753.7428571428572,1753.7428571428572,1760.1607142857142,0.1,-26.371428571426986,-256.71428571426986,-1.0,SL,2022Q3,2022,2
2168,53618,2022-08-19 05:00:00,53622,2022-08-19 07:00:00,BUY,1754.74,1752.1000000000001,1752.1000000000001,1758.6999999999998,0.1,-27.099999999998726,-263.99999999998727,-1.0,SL,2022Q3,2022,4
2169,53623,2022-08-19 07:30:00,53634,2022-08-19 13:00:00,BUY,1753.2,1750.125,1750.125,1757.8125,0.1,-31.450000000000454,-307.50000000000455,-1.0,SL,2022Q3,2022,11
2170,53635,2022-08-19 13:30:00,53639,2022-08-19 15:30:00,BUY,1750.62,1755.6294642857142,1747.280357142857,1755.6294642857142,0.1,49.394642857143296,500.946428571433,1.4486749764323552,TP,2022Q3,2022,4
2171,53658,2022-08-22 02:00:00,53668,2022-08-22 07:00:00,BUY,1747.32,1744.7078571428572,1744.7078571428572,1751.238214285714,0.1,-26.821428571427713,-261.21428571427714,-1.0,SL,2022Q3,2022,10
2172,53669,2022-08-22 07:30:00,53670,2022-08-22 08:00:00,BUY,1745.59,1743.103214285714,1743.103214285714,1749.3201785714286,0.1,-25.567857142858156,-248.67857142858156,-1.0,SL,2022Q3,2022,1
2173,53671,2022-08-22 08:30:00,53674,2022-08-22 10:00:00,BUY,1743.78,1741.1967857142856,1741.1967857142856,1747.6548214285715,0.1,-26.53214285714348,-258.3214285714348,-1.0,SL,2022Q3,2022,3
2174,53675,2022-08-22 10:30:00,53676,2022-08-22 11:00:00,BUY,1739.09,1736.1435714285712,1736.1435714285712,1743.5096428571428,0.1,-30.164285714286688,-294.6428571428669,-1.0,SL,2022Q3,2022,1
2175,53677,2022-08-22 11:30:00,53678,2022-08-22 12:00:00,BUY,1735.24,1732.0942857142857,1732.0942857142857,1739.9585714285715,0.1,-32.157142857143484,-314.5714285714348,-1.0,SL,2022Q3,2022,1
2176,53679,2022-08-22 12:30:00,53679,2022-08-22 12:30:00,BUY,1732.7,1737.9650000000001,1729.19,1737.9650000000001,0.1,51.950000000001,526.50000000001,1.4511173184357857,TP,2022Q3,2022,0
2177,53680,2022-08-22 13:00:00,53682,2022-08-22 14:00:00,BUY,1737.6,1733.4867857142856,1733.4867857142856,1743.7698214285713,0.1,-41.83214285714321,-411.3214285714321,-1.0,SL,2022Q3,2022,2
2178,53683,2022-08-22 14:30:00,53683,2022-08-22 14:30:00,BUY,1735.39,1731.0110714285715,1731.0110714285715,1741.958392857143,0.1,-44.4892857142856,-437.892857142856,-1.0,SL,2022Q3,2022,0
2179,53684,2022-08-22 15:00:00,53685,2022-08-22 15:30:00,BUY,1733.46,1728.7896428571428,1728.7896428571428,1740.4655357142858,0.1,-47.40357142857256,-467.0357142857256,-1.0,SL,2022Q3,2022,1
2180,53686,2022-08-22 16:00:00,53687,2022-08-22 16:30:00,BUY,1730.61,1738.24875,1725.5175,1738.24875,0.1,75.68750000000072,763.8750000000073,1.4661016949152759,TP,2022Q3,2022,1
2181,53770,2022-08-24 12:00:00,53772,2022-08-24 13:00:00,SELL,1751.9,1747.150892857143,1755.0660714285716,1747.150892857143,0.1,46.791071428571556,474.9107142857156,1.4459220836551918,TP,2022Q3,2022,2
2182,53801,2022-08-25 04:30:00,53808,2022-08-25 08:00:00,SELL,1755.5,1758.1571428571428,1758.1571428571428,1751.5142857142857,0.1,-27.27142857142844,-265.7142857142844,-1.0,SL,2022Q3,2022,7
2183,53809,2022-08-25 08:30:00,53810,2022-08-25 09:00:00,SELL,1756.57,1759.2314285714285,1759.2314285714285,1752.5778571428568,0.1,-27.31428571428587,-266.1428571428587,-1.0,SL,2022Q3,2022,1
2184,53811,2022-08-25 09:30:00,53811,2022-08-25 09:30:00,SELL,1758.72,1761.6642857142858,1761.6642857142858,1754.3035714285713,0.1,-30.142857142857974,-294.42857142857974,-1.0,SL,2022Q3,2022,0
2185,53812,2022-08-25 10:00:00,53812,2022-08-25 10:00:00,SELL,1760.4,1763.4792857142859,1763.4792857142859,1755.7810714285713,0.1,-31.492857142857883,-307.92857142857883,-1.0,SL,2022Q3,2022,0
2186,53813,2022-08-25 10:30:00,53823,2022-08-25 15:30:00,SELL,1763.43,1758.650357142857,1766.6164285714287,1758.650357142857,0.1,47.09642857143017,477.9642857143017,1.4462601447685912,TP,2022Q3,2022,10
2187,53865,2022-08-26 13:30:00,53867,2022-08-26 14:30:00,BUY,1747.75,1744.0900000000001,1744.0900000000001,1753.2399999999998,0.1,-37.29999999999855,-365.99999999998545,-1.0,SL,2022Q3,2022,2
2188,53868,2022-08-26 15:00:00,53869,2022-08-26 15:30:00,BUY,1745.16,1750.6066071428572,1741.5289285714287,1750.6066071428572,0.1,53.766071428571465,544.6607142857147,1.4527163948663513,TP,2022Q3,2022,1
2189,53875,2022-08-26 18:30:00,53892,2022-08-29 04:00:00,BUY,1737.08,1729.7589285714284,1729.7589285714284,1748.061607142857,0.1,-73.91071428571486,-732.1071428571486,-1.0,SL,2022Q3,2022,17
2190,53893,2022-08-29 04:30:00,53894,2022-08-29 05:00:00,BUY,1727.42,1723.3989285714288,1723.3989285714288,1733.4516071428573,0.1,-40.91071428571304,-402.1071428571304,-1.0,SL,2022Q3,2022,1
2191,53895,2022-08-29 05:30:00,53899,2022-08-29 07:30:00,BUY,1726.91,1722.5578571428573,1722.5578571428573,1733.4382142857144,0.1,-44.22142857142781,-435.21428571427805,-1.0,SL,2022Q3,2022,4
2192,53900,2022-08-29 08:00:00,53914,2022-08-29 15:00:00,BUY,1723.05,1729.880357142857,1718.4964285714286,1729.880357142857,0.1,67.6035714285711,683.035714285711,1.4621504711880353,TP,2022Q3,2022,14
2193,53979,2022-08-31 01:30:00,53996,2022-08-31 10:00:00,BUY,1722.87,1719.8539285714285,1719.8539285714285,1727.3941071428571,0.1,-30.86071428571422,-301.6071428571422,-1.0,SL,2022Q3,2022,17
2194,53999,2022-08-31 11:30:00,54000,2022-08-31 12:00:00,BUY,1715.23,1711.5164285714286,1711.5164285714286,1720.8003571428571,0.1,-37.83571428571413,-371.3571428571413,-1.0,SL,2022Q3,2022,1
2195,54001,2022-08-31 12:30:00,54010,2022-08-31 17:00:00,BUY,1712.64,1718.589642857143,1708.6735714285714,1718.589642857143,0.1,58.79642857142862,594.9642857142862,1.4566448416209246,TP,2022Q3,2022,9
2196,54025,2022-09-01 01:30:00,54029,2022-09-01 03:30:00,BUY,1709.89,1705.8828571428571,1705.8828571428571,1715.9007142857145,0.1,-40.77142857142981,-400.71428571429806,-1.0,SL,2022Q3,2022,4
2197,54030,2022-09-01 04:00:00,54032,2022-09-01 05:00:00,BUY,1706.11,1702.4146428571428,1702.4146428571428,1711.6530357142856,0.1,-37.6535714285712,-369.53571428571195,-1.0,SL,2022Q3,2022,2
2198,54033,2022-09-01 05:30:00,54044,2022-09-01 11:00:00,BUY,1705.2,1701.482142857143,1701.482142857143,1710.7767857142858,0.1,-37.87857142857156,-371.7857142857156,-1.0,SL,2022Q3,2022,11
2199,54046,2022-09-01 12:00:00,54047,2022-09-01 12:30:00,BUY,1702.28,1708.3533928571428,1698.2310714285713,1708.3533928571428,0.1,60.03392857142835,607.3392857142835,1.457513222925491,TP,2022Q3,2022,1
2200,54058,2022-09-01 18:00:00,54087,2022-09-02 09:30:00,BUY,1692.42,1703.04,1685.3400000000001,1703.04,0.1,105.4999999999989,1061.999999999989,1.4755244755244752,TP,2022Q3,2022,29
2201,54103,2022-09-02 17:30:00,54162,2022-09-06 03:30:00,SELL,1713.65,1718.3728571428571,1718.3728571428571,1706.5657142857144,0.1,-47.92857142857038,-472.28571428570376,-1.0,SL,2022Q3,2022,59
2202,54163,2022-09-06 04:00:00,54163,2022-09-06 04:00:00,SELL,1723.82,1718.90375,1727.0974999999999,1718.90375,0.1,48.462499999999906,491.6249999999991,1.447722180731922,TP,2022Q3,2022,0
2203,54205,2022-09-07 02:00:00,54207,2022-09-07 03:00:00,BUY,1700.64,1697.3153571428572,1697.3153571428572,1705.6269642857144,0.1,-33.946428571428626,-332.46428571428623,-1.0,SL,2022Q3,2022,2
2204,54208,2022-09-07 03:30:00,54215,2022-09-07 07:00:00,BUY,1695.12,1691.34,1691.34,1700.79,0.1,-38.49999999999973,-377.99999999999727,-1.0,SL,2022Q3,2022,7
2205,54216,2022-09-07 07:30:00,54220,2022-09-07 09:30:00,BUY,1692.72,1699.4603571428572,1688.2264285714286,1699.4603571428572,0.1,66.70357142857192,674.0357142857192,1.461652840820184,TP,2022Q3,2022,4
2206,54242,2022-09-07 20:30:00,54267,2022-09-08 10:00:00,SELL,1716.01,1721.6092857142858,1721.6092857142858,1707.6110714285714,0.1,-56.692857142857704,-559.928571428577,-1.0,SL,2022Q3,2022,25
2207,54274,2022-09-08 13:30:00,54276,2022-09-08 14:30:00,SELL,1721.78,1725.640357142857,1725.640357142857,1715.9894642857141,0.1,-39.303571428570834,-386.0357142857083,-1.0,SL,2022Q3,2022,2
2208,54305,2022-09-09 06:00:00,54307,2022-09-09 07:00:00,SELL,1718.75,1721.6010714285715,1721.6010714285715,1714.4733928571427,0.1,-29.210714285714584,-285.10714285714585,-1.0,SL,2022Q3,2022,2
2209,54308,2022-09-09 07:30:00,54313,2022-09-09 10:00:00,SELL,1720.84,1723.6664285714285,1723.6664285714285,1716.600357142857,0.1,-28.964285714285506,-282.64285714285506,-1.0,SL,2022Q3,2022,5
2210,54314,2022-09-09 10:30:00,54322,2022-09-09 14:30:00,SELL,1727.84,1721.8019642857143,1731.865357142857,1721.8019642857143,0.1,59.6803571428557,603.803571428557,1.4572686840498812,TP,2022Q3,2022,8
2211,54360,2022-09-12 10:30:00,54369,2022-09-12 15:00:00,SELL,1726.16,1730.4071428571428,1730.4071428571428,1719.7892857142858,0.1,-43.171428571427626,-424.71428571427623,-1.0,SL,2022Q3,2022,9
2212,54377,2022-09-12 19:00:00,54381,2022-09-12 21:00:00,SELL,1734.07,1725.466964285714,1739.805357142857,1725.466964285714,0.1,85.33035714285852,860.3035714285852,1.4698554290987775,TP,2022Q3,2022,4
2213,54417,2022-09-13 16:00:00,54417,2022-09-13 16:00:00,BUY,1703.98,1697.2589285714287,1697.2589285714287,1714.0616071428572,0.1,-67.9107142857135,-672.1071428571349,-1.0,SL,2022Q3,2022,0
2214,54418,2022-09-13 16:30:00,54475,2022-09-14 22:00:00,BUY,1701.72,1694.5917857142858,1694.5917857142858,1712.4123214285714,0.1,-71.98214285714194,-712.8214285714193,-1.0,SL,2022Q3,2022,57
2215,54485,2022-09-15 04:00:00,54489,2022-09-15 06:00:00,BUY,1695.66,1692.9707142857144,1692.9707142857144,1699.6939285714286,0.1,-27.592857142856882,-268.92857142856883,-1.0,SL,2022Q3,2022,4
2216,54490,2022-09-15 06:30:00,54492,2022-09-15 07:30:00,BUY,1691.73,1688.919642857143,1688.919642857143,1695.9455357142858,0.1,-28.803571428571285,-281.03571428571286,-1.0,SL,2022Q3,2022,2
2217,54493,2022-09-15 08:00:00,54505,2022-09-15 14:00:00,BUY,1687.59,1684.485,1684.485,1692.2475,0.1,-31.75000000000018,-310.5000000000018,-1.0,SL,2022Q3,2022,12
2218,54506,2022-09-15 14:30:00,54510,2022-09-15 16:30:00,BUY,1686.11,1681.8135714285713,1681.8135714285713,1692.5546428571429,0.1,-43.66428571428578,-429.6428571428578,-1.0,SL,2022Q3,2022,4
2219,54513,2022-09-15 18:00:00,54542,2022-09-16 09:30:00,BUY,1668.63,1660.134642857143,1660.134642857143,1681.3730357142858,0.1,-85.65357142857074,-849.5357142857074,-1.0,SL,2022Q3,2022,29
2220,54543,2022-09-16 10:00:00,54544,2022-09-16 10:30:00,BUY,1660.21,1657.0267857142858,1657.0267857142858,1664.9848214285714,0.1,-32.532142857142574,-318.3214285714257,-1.0,SL,2022Q3,2022,1
2221,54545,2022-09-16 11:00:00,54547,2022-09-16 12:00:00,BUY,1655.84,1661.4167857142857,1652.1221428571428,1661.4167857142857,0.1,55.067857142857335,557.6785714285734,1.4537997359984913,TP,2022Q3,2022,2
2222,54549,2022-09-16 13:00:00,54551,2022-09-16 14:00:00,BUY,1659.82,1666.9380357142857,1655.0746428571429,1666.9380357142857,0.1,70.48035714285724,711.8035714285725,1.4636579396277023,TP,2022Q3,2022,2
2223,54590,2022-09-19 10:30:00,54592,2022-09-19 11:30:00,BUY,1660.63,1666.6198214285716,1656.636785714286,1666.6198214285716,0.1,59.19821428571531,598.9821428571531,1.456930649556177,TP,2022Q3,2022,2
2224,54620,2022-09-20 02:30:00,54621,2022-09-20 03:00:00,SELL,1675.44,1677.9985714285715,1677.9985714285715,1671.602142857143,0.1,-26.285714285714402,-255.85714285714403,-1.0,SL,2022Q3,2022,1
2225,54622,2022-09-20 03:30:00,54624,2022-09-20 04:30:00,SELL,1677.9,1674.094285714286,1680.437142857143,1674.094285714286,0.1,37.35714285714202,380.57142857142026,1.4328767123286823,TP,2022Q3,2022,2
2226,54680,2022-09-21 09:30:00,54696,2022-09-21 17:30:00,SELL,1674.38,1668.6955357142858,1678.169642857143,1668.6955357142858,0.1,56.14464285714284,568.4464285714284,1.4546590173036278,TP,2022Q3,2022,16
2227,54705,2022-09-21 22:00:00,54706,2022-09-21 22:30:00,SELL,1685.82,1673.7841071428572,1693.8439285714285,1673.7841071428572,0.1,119.65892857142698,1203.5892857142699,1.4783788554030657,TP,2022Q3,2022,1
2228,54779,2022-09-23 13:00:00,54780,2022-09-23 13:30:00,BUY,1657.27,1652.1217857142856,1652.1217857142856,1664.9923214285714,0.1,-52.18214285714403,-514.8214285714403,-1.0,SL,2022Q3,2022,1
2229,54781,2022-09-23 14:00:00,54785,2022-09-23 16:00:00,BUY,1643.65,1653.649642857143,1636.9835714285714,1653.649642857143,0.1,99.29642857142817,999.9642857142817,1.4740218428586243,TP,2022Q3,2022,4
2230,54797,2022-09-23 22:00:00,54806,2022-09-26 03:30:00,BUY,1640.45,1633.021785714286,1633.021785714286,1651.5923214285715,0.1,-74.98214285714148,-742.8214285714148,-1.0,SL,2022Q3,2022,9
2231,54807,2022-09-26 04:00:00,54807,2022-09-26 04:00:00,BUY,1627.93,1637.4442857142858,1621.587142857143,1637.4442857142858,0.1,94.44285714285733,951.4285714285734,1.4727110715081309,TP,2022Q3,2022,0
2232,54840,2022-09-26 20:30:00,54864,2022-09-27 09:30:00,BUY,1627.18,1637.4383928571428,1620.3410714285715,1637.4383928571428,0.1,101.8839285714278,1025.839285714278,1.4746704574825371,TP,2022Q3,2022,24
2233,54900,2022-09-28 04:30:00,54909,2022-09-28 09:00:00,BUY,1625.05,1621.4392857142857,1621.4392857142857,1630.4660714285715,0.1,-36.807142857142665,-361.0714285714266,-1.0,SL,2022Q3,2022,9
2234,54910,2022-09-28 09:30:00,54911,2022-09-28 10:00:00,BUY,1622.5,1618.984642857143,1618.984642857143,1627.7730357142857,0.1,-35.85357142857056,-351.5357142857056,-1.0,SL,2022Q3,2022,1
2235,54912,2022-09-28 10:30:00,54917,2022-09-28 13:00:00,BUY,1618.74,1625.2457142857143,1614.402857142857,1625.2457142857143,0.1,64.35714285714248,650.5714285714248,1.4602917341977055,TP,2022Q3,2022,5
2236,54928,2022-09-28 18:30:00,54975,2022-09-29 19:00:00,SELL,1653.54,1663.9607142857144,1663.9607142857144,1637.9089285714285,0.1,-104.9071428571444,-1042.071428571444,-1.0,SL,2022Q3,2022,47
2237,54988,2022-09-30 02:30:00,55000,2022-09-30 08:30:00,SELL,1662.67,1666.932142857143,1666.932142857143,1656.2767857142858,0.1,-43.321428571428626,-426.21428571428623,-1.0,SL,2022Q3,2022,12
2238,55001,2022-09-30 09:00:00,55003,2022-09-30 10:00:00,SELL,1667.52,1671.0214285714285,1671.0214285714285,1662.267857142857,0.1,-35.714285714285054,-350.1428571428505,-1.0,SL,2022Q3,2022,2
2239,55004,2022-09-30 10:30:00,55011,2022-09-30 14:00:00,SELL,1671.24,1664.6523214285714,1675.6317857142858,1664.6523214285714,0.1,65.17678571428569,658.7678571428569,1.4607780356999671,TP,2022Q3,2022,7
2240,55064,2022-10-03 17:30:00,55065,2022-10-03 18:00:00,SELL,1685.04,1692.5721428571428,1692.5721428571428,1673.7417857142857,0.1,-76.02142857142844,-753.2142857142844,-1.0,SL,2022Q4,2022,1
2241,55066,2022-10-03 18:30:00,55072,2022-10-03 21:30:00,SELL,1689.12,1697.3892857142855,1697.3892857142855,1676.7160714285712,0.1,-83.39285714285616,-826.9285714285616,-1.0,SL,2022Q4,2022,6
2242,55073,2022-10-03 22:00:00,55095,2022-10-04 10:00:00,SELL,1699.19,1708.2392857142856,1708.2392857142856,1685.6160714285716,0.1,-91.19285714285589,-904.9285714285588,-1.0,SL,2022Q4,2022,22
2243,55096,2022-10-04 10:30:00,55103,2022-10-04 14:00:00,SELL,1708.36,1701.3046428571427,1713.0635714285713,1701.3046428571427,0.1,69.85357142857247,705.5357142857247,1.4633398174472778,TP,2022Q4,2022,7
2244,55106,2022-10-04 15:30:00,55109,2022-10-04 17:00:00,SELL,1708.77,1715.4878571428571,1715.4878571428571,1698.6932142857142,0.1,-67.87857142857156,-671.7857142857156,-1.0,SL,2022Q4,2022,3
2245,55110,2022-10-04 17:30:00,55110,2022-10-04 17:30:00,SELL,1712.25,1719.4489285714285,1719.4489285714285,1701.4516071428573,0.1,-72.68928571428496,-719.8928571428496,-1.0,SL,2022Q4,2022,0
2246,55111,2022-10-04 18:00:00,55112,2022-10-04 18:30:00,SELL,1720.56,1728.5207142857141,1728.5207142857141,1708.6189285714286,0.1,-80.30714285714176,-796.0714285714175,-1.0,SL,2022Q4,2022,1
2247,55113,2022-10-04 19:00:00,55143,2022-10-05 11:00:00,SELL,1725.67,1712.9285714285716,1734.1642857142858,1712.9285714285716,0.1,126.71428571428514,1274.1428571428514,1.4795663052543653,TP,2022Q4,2022,30
2248,55174,2022-10-06 03:30:00,55189,2022-10-06 11:00:00,SELL,1722.15,1716.0894642857143,1726.1903571428572,1716.0894642857143,0.1,59.905357142858335,606.0535714285834,1.4574246242071698,TP,2022Q4,2022,15
2249,55266,2022-10-10 03:30:00,55269,2022-10-10 05:00:00,BUY,1695.49,1691.6135714285715,1691.6135714285715,1701.3046428571429,0.1,-39.464285714285054,-387.6428571428505,-1.0,SL,2022Q4,2022,3
2250,55270,2022-10-10 05:30:00,55271,2022-10-10 06:00:00,BUY,1693.1,1689.1035714285713,1689.1035714285713,1699.0946428571428,0.1,-40.66428571428624,-399.64285714286234,-1.0,SL,2022Q4,2022,1
2251,55272,2022-10-10 06:30:00,55280,2022-10-10 10:30:00,BUY,1688.13,1684.0917857142858,1684.0917857142858,1694.1873214285715,0.1,-41.082142857142756,-403.82142857142753,-1.0,SL,2022Q4,2022,8
2252,55281,2022-10-10 11:00:00,55284,2022-10-10 12:30:00,BUY,1682.96,1678.0689285714286,1678.0689285714286,1690.296607142857,0.1,-49.610714285714224,-489.1071428571422,-1.0,SL,2022Q4,2022,3
2253,55285,2022-10-10 13:00:00,55288,2022-10-10 14:30:00,BUY,1680.61,1675.5475,1675.5475,1688.20375,0.1,-51.325,-506.25,-1.0,SL,2022Q4,2022,3
2254,55289,2022-10-10 15:00:00,55294,2022-10-10 17:30:00,BUY,1677.14,1671.6553571428574,1671.6553571428574,1685.3669642857142,0.1,-55.54642857142717,-548.4642857142717,-1.0,SL,2022Q4,2022,5
2255,55295,2022-10-10 18:00:00,55331,2022-10-11 13:00:00,BUY,1667.85,1660.9896428571428,1660.9896428571428,1678.1405357142855,0.1,-69.30357142857083,-686.0357142857083,-1.0,SL,2022Q4,2022,36
2256,55429,2022-10-13 16:00:00,55429,2022-10-13 16:00:00,BUY,1654.82,1647.2085714285713,1647.2085714285713,1666.2371428571428,0.1,-76.81428571428633,-761.1428571428632,-1.0,SL,2022Q4,2022,0
2257,55430,2022-10-13 16:30:00,55433,2022-10-13 18:00:00,BUY,1648.18,1660.6128571428571,1639.8914285714286,1660.6128571428571,0.1,123.62857142857074,1243.2857142857074,1.479063407964437,TP,2022Q4,2022,3
2258,55468,2022-10-14 12:30:00,55474,2022-10-14 15:30:00,BUY,1654.88,1663.1278571428572,1649.3814285714286,1663.1278571428572,0.1,81.77857142857128,824.7857142857129,1.4685736275012626,TP,2022Q4,2022,6
2259,55521,2022-10-17 16:00:00,55528,2022-10-17 19:30:00,SELL,1666.53,1658.1310714285714,1672.1292857142857,1658.1310714285714,0.1,83.28928571428541,839.8928571428542,1.4691319138213232,TP,2022Q4,2022,7
2260,55597,2022-10-19 08:00:00,55599,2022-10-19 09:00:00,BUY,1646.39,1643.6610714285716,1643.6610714285716,1650.483392857143,0.1,-27.989285714284687,-272.8928571428469,-1.0,SL,2022Q4,2022,2
2261,55600,2022-10-19 09:30:00,55601,2022-10-19 10:00:00,BUY,1642.92,1639.6992857142857,1639.6992857142857,1647.7510714285715,0.1,-32.90714285714394,-322.07142857143936,-1.0,SL,2022Q4,2022,1
2262,55602,2022-10-19 10:30:00,55602,2022-10-19 10:30:00,BUY,1639.43,1644.8444642857144,1635.8203571428571,1644.8444642857144,0.1,53.44464285714302,541.4464285714303,1.4524410365912541,TP,2022Q4,2022,0
2263,55604,2022-10-19 11:30:00,55608,2022-10-19 13:30:00,BUY,1639.96,1635.3314285714287,1635.3314285714287,1646.902857142857,0.1,-46.98571428571377,-462.85714285713766,-1.0,SL,2022Q4,2022,4
2264,55609,2022-10-19 14:00:00,55624,2022-10-19 21:30:00,BUY,1633.3,1627.732857142857,1627.732857142857,1641.6507142857142,0.1,-56.37142857142926,-556.7142857142926,-1.0,SL,2022Q4,2022,15
2265,55625,2022-10-19 22:00:00,55638,2022-10-20 05:30:00,BUY,1628.37,1622.9967857142856,1622.9967857142856,1636.4298214285714,0.1,-54.43214285714312,-537.3214285714312,-1.0,SL,2022Q4,2022,13
2266,55639,2022-10-20 06:00:00,55641,2022-10-20 07:00:00,BUY,1626.56,1631.252857142857,1623.4314285714286,1631.252857142857,0.1,46.228571428570646,469.2857142857065,1.4452880750334962,TP,2022Q4,2022,2
2267,55687,2022-10-21 07:00:00,55693,2022-10-21 10:00:00,BUY,1621.75,1618.8442857142857,1618.8442857142857,1626.1085714285714,0.1,-29.75714285714339,-290.5714285714339,-1.0,SL_AMBIGUOUS_PESSIMISTIC,2022Q4,2022,6
2268,55711,2022-10-21 19:00:00,55721,2022-10-24 01:00:00,SELL,1650.81,1661.0582142857143,1661.0582142857143,1635.4376785714285,0.1,-103.18214285714312,-1024.8214285714312,-1.0,SL,2022Q4,2022,10
2269,55722,2022-10-24 01:30:00,55724,2022-10-24 02:30:00,SELL,1659.92,1667.5035714285716,1667.5035714285716,1648.544642857143,0.1,-76.53571428571531,-758.3571428571531,-1.0,SL,2022Q4,2022,2
2270,55725,2022-10-24 03:00:00,55739,2022-10-24 10:00:00,SELL,1661.05,1651.286607142857,1667.5589285714286,1651.286607142857,0.1,96.9339285714289,976.339285714289,1.473399923999766,TP,2022Q4,2022,14
2271,55791,2022-10-25 13:00:00,55797,2022-10-25 16:00:00,BUY,1640.12,1646.3894642857142,1635.940357142857,1646.3894642857142,0.1,61.994642857143205,626.9464285714321,1.4588200689133541,TP,2022Q4,2022,6
2272,55830,2022-10-26 09:30:00,55831,2022-10-26 10:00:00,SELL,1662.4,1666.354642857143,1666.354642857143,1656.4680357142859,0.1,-40.24642857142972,-395.46428571429715,-1.0,SL,2022Q4,2022,1
2273,55832,2022-10-26 10:30:00,55833,2022-10-26 11:00:00,SELL,1667.84,1672.0142857142857,1672.0142857142857,1661.5785714285712,0.1,-42.44285714285816,-417.42857142858156,-1.0,SL,2022Q4,2022,1
2274,55834,2022-10-26 11:30:00,55842,2022-10-26 15:30:00,SELL,1670.85,1664.235,1675.26,1664.235,0.1,65.45000000000009,661.5000000000009,1.4609374999999751,TP,2022Q4,2022,8
2275,55924,2022-10-28 10:30:00,55926,2022-10-28 11:30:00,BUY,1653.13,1648.6675,1648.6675,1659.8237500000002,0.1,-45.32500000000091,-446.2500000000091,-1.0,SL,2022Q4,2022,2
2276,55927,2022-10-28 12:00:00,55931,2022-10-28 14:00:00,BUY,1650.8,1646.2742857142857,1646.2742857142857,1657.5885714285714,0.1,-45.9571428571423,-452.571428571423,-1.0,SL,2022Q4,2022,4
2277,55934,2022-10-28 15:30:00,55939,2022-10-28 18:00:00,BUY,1645.72,1639.8507142857143,1639.8507142857143,1654.5239285714288,0.1,-59.39285714285752,-586.9285714285752,-1.0,SL,2022Q4,2022,5
2278,55955,2022-10-31 02:00:00,55957,2022-10-31 03:00:00,BUY,1643.64,1640.7610714285715,1640.7610714285715,1647.958392857143,0.1,-29.489285714285597,-287.892857142856,-1.0,SL,2022Q4,2022,2
2279,55958,2022-10-31 03:30:00,55971,2022-10-31 10:00:00,BUY,1642.57,1640.0607142857143,1640.0607142857143,1646.3339285714285,0.1,-25.792857142856246,-250.92857142856246,-1.0,SL,2022Q4,2022,13
2280,55972,2022-10-31 10:30:00,55982,2022-10-31 15:30:00,BUY,1637.79,1634.222142857143,1634.222142857143,1643.1417857142856,0.1,-36.37857142857065,-356.7857142857065,-1.0,SL,2022Q4,2022,10
2281,55995,2022-10-31 22:00:00,56005,2022-11-01 04:00:00,BUY,1632.39,1638.7044642857143,1628.1803571428572,1638.7044642857143,0.1,62.44464285714166,631.4464285714166,1.4591087373779252,TP,2022Q4,2022,10
2282,56015,2022-11-01 09:00:00,56020,2022-11-01 11:30:00,SELL,1647.07,1650.7439285714286,1650.7439285714286,1641.559107142857,0.1,-37.43928571428633,-367.39285714286325,-1.0,SL,2022Q4,2022,5
2283,56021,2022-11-01 12:00:00,56023,2022-11-01 13:00:00,SELL,1650.29,1654.8714285714286,1654.8714285714286,1643.4178571428572,0.1,-46.5142857142866,-458.142857142866,-1.0,SL,2022Q4,2022,2
2284,56024,2022-11-01 13:30:00,56029,2022-11-01 16:00:00,SELL,1654.36,1647.116607142857,1659.1889285714285,1647.116607142857,0.1,71.73392857142908,724.3392857142908,1.4642779033316324,TP,2022Q4,2022,5
2285,56084,2022-11-02 20:30:00,56084,2022-11-02 20:30:00,SELL,1664.71,1656.025,1670.5,1656.025,0.1,86.14999999999945,868.4999999999945,1.4701365187713307,TP,2022Q4,2022,0
2286,56106,2022-11-03 08:30:00,56107,2022-11-03 09:00:00,BUY,1634.94,1631.4160714285715,1631.4160714285715,1640.225892857143,0.1,-35.93928571428542,-352.39285714285415,-1.0,SL,2022Q4,2022,1
2287,56108,2022-11-03 09:30:00,56109,2022-11-03 10:00:00,BUY,1630.44,1626.632142857143,1626.632142857143,1636.1517857142858,0.1,-38.77857142857074,-380.7857142857074,-1.0,SL,2022Q4,2022,1
2288,56110,2022-11-03 10:30:00,56111,2022-11-03 11:00:00,BUY,1625.48,1621.6067857142857,1621.6067857142857,1631.2898214285715,0.1,-39.43214285714312,-387.32142857143117,-1.0,SL,2022Q4,2022,1
2289,56112,2022-11-03 11:30:00,56116,2022-11-03 13:30:00,BUY,1622.05,1617.715,1617.715,1628.5525,0.1,-44.05000000000037,-433.50000000000364,-1.0,SL,2022Q4,2022,4
2290,56117,2022-11-03 14:00:00,56122,2022-11-03 16:30:00,BUY,1619.78,1627.9892857142856,1614.307142857143,1627.9892857142856,0.1,81.3928571428567,820.928571428567,1.4684278350515663,TP,2022Q4,2022,5
2291,56146,2022-11-04 05:30:00,56148,2022-11-04 06:30:00,SELL,1639.7,1642.7107142857144,1642.7107142857144,1635.1839285714286,0.1,-30.80714285714357,-301.0714285714357,-1.0,SL,2022Q4,2022,2
2292,56149,2022-11-04 07:00:00,56157,2022-11-04 11:00:00,SELL,1646.74,1650.5189285714287,1650.5189285714287,1641.0716071428571,0.1,-38.48928571428651,-377.89285714286507,-1.0,SL,2022Q4,2022,8
2293,56158,2022-11-04 11:30:00,56164,2022-11-04 14:30:00,SELL,1650.79,1655.7517857142857,1655.7517857142857,1643.3473214285714,0.1,-50.31785714285725,-496.17857142857247,-1.0,SL_AMBIGUOUS_PESSIMISTIC,2022Q4,2022,6
2294,56165,2022-11-04 15:00:00,56165,2022-11-04 15:00:00,SELL,1659.43,1666.5903571428573,1666.5903571428573,1648.6894642857142,0.1,-72.30357142857265,-716.0357142857265,-1.0,SL,2022Q4,2022,0
2295,56166,2022-11-04 15:30:00,56167,2022-11-04 16:00:00,SELL,1664.62,1672.3771428571429,1672.3771428571429,1652.9842857142855,0.1,-78.27142857142981,-775.7142857142981,-1.0,SL,2022Q4,2022,1
2296,56168,2022-11-04 16:30:00,56176,2022-11-04 20:30:00,SELL,1671.1,1679.4657142857143,1679.4657142857143,1658.5514285714285,0.1,-84.35714285714376,-836.5714285714375,-1.0,SL,2022Q4,2022,8
2297,56177,2022-11-04 21:00:00,56197,2022-11-07 09:00:00,SELL,1680.54,1668.521785714286,1688.5521428571428,1668.521785714286,0.1,119.48214285714066,1201.8214285714066,1.4783473265576386,TP,2022Q4,2022,20
2298,56201,2022-11-07 11:00:00,56201,2022-11-07 11:00:00,SELL,1674.86,1679.12,1679.12,1668.4699999999998,0.1,-43.29999999999991,-425.9999999999991,-1.0,SL,2022Q4,2022,0
2299,56202,2022-11-07 11:30:00,56229,2022-11-08 02:00:00,SELL,1679.78,1673.0171428571427,1684.2885714285715,1673.0171428571427,0.1,66.92857142857228,676.2857142857229,1.461778471138846,TP,2022Q4,2022,27
2300,56260,2022-11-08 17:30:00,56260,2022-11-08 17:30:00,SELL,1705.97,1713.434642857143,1713.434642857143,1694.7730357142857,0.1,-75.34642857142963,-746.4642857142962,-1.0,SL,2022Q4,2022,0
2301,56261,2022-11-08 18:00:00,56305,2022-11-09 17:00:00,SELL,1713.06,1721.0432142857142,1721.0432142857142,1701.0851785714285,0.1,-80.53214285714212,-798.3214285714212,-1.0,SL,2022Q4,2022,44
2302,56349,2022-11-10 16:00:00,56349,2022-11-10 16:00:00,SELL,1733.09,1739.9932142857142,1739.9932142857142,1722.7351785714284,0.1,-69.73214285714285,-690.3214285714284,-1.0,SL,2022Q4,2022,0
2303,56350,2022-11-10 16:30:00,56351,2022-11-10 17:00:00,SELL,1740.01,1747.4714285714285,1747.4714285714285,1728.817857142857,0.1,-75.31428571428542,-746.1428571428542,-1.0,SL,2022Q4,2022,1
2304,56352,2022-11-10 17:30:00,56378,2022-11-11 07:30:00,SELL,1750.76,1759.4825,1759.4825,1737.67625,0.1,-87.92500000000082,-872.2500000000082,-1.0,SL,2022Q4,2022,26
2305,56379,2022-11-11 08:00:00,56384,2022-11-11 10:30:00,SELL,1760.57,1765.0967857142855,1765.0967857142855,1753.7798214285715,0.1,-45.96785714285552,-452.6785714285552,-1.0,SL,2022Q4,2022,5
2306,56385,2022-11-11 11:00:00,56389,2022-11-11 13:00:00,SELL,1765.23,1756.1785714285716,1771.2642857142857,1756.1785714285716,0.1,89.8142857142846,905.142857142846,1.4713316171308026,TP,2022Q4,2022,4
2307,56395,2022-11-11 16:00:00,56410,2022-11-11 23:30:00,SELL,1765.38,1772.432142857143,1772.432142857143,1754.8017857142859,0.1,-71.22142857142826,-705.2142857142826,-1.0,SL,2022Q4,2022,15
2308,56411,2022-11-14 01:00:00,56433,2022-11-14 12:00:00,SELL,1764.2,1756.5516071428572,1769.2989285714286,1756.5516071428572,0.1,75.7839285714288,764.839285714288,1.4661438540731015,TP,2022Q4,2022,22
2309,56474,2022-11-15 09:30:00,56474,2022-11-15 09:30:00,SELL,1776.63,1780.9585714285715,1780.9585714285715,1770.1371428571429,0.1,-43.985714285714224,-432.8571428571422,-1.0,SL,2022Q4,2022,0
2310,56475,2022-11-15 10:00:00,56476,2022-11-15 10:30:00,SELL,1782.8,1775.3685714285714,1787.7542857142857,1775.3685714285714,0.1,73.61428571428569,743.1428571428569,1.4651691782769183,TP,2022Q4,2022,1
2311,56556,2022-11-17 04:30:00,56557,2022-11-17 05:00:00,BUY,1767.3,1764.1682142857142,1764.1682142857142,1771.9976785714287,0.1,-32.01785714285798,-313.17857142857974,-1.0,SL,2022Q4,2022,1
2312,56558,2022-11-17 05:30:00,56567,2022-11-17 10:00:00,BUY,1763.98,1769.0891071428573,1760.5739285714285,1769.0891071428573,0.1,50.39107142857283,510.9107142857283,1.449655810130485,TP,2022Q4,2022,9
2313,56646,2022-11-21 03:30:00,56658,2022-11-21 09:30:00,BUY,1745.39,1742.0310714285715,1742.0310714285715,1750.4283928571429,0.1,-34.28928571428578,-335.8928571428578,-1.0,SL,2022Q4,2022,12
2314,56659,2022-11-21 10:00:00,56661,2022-11-21 11:00:00,BUY,1742.64,1739.1010714285717,1739.1010714285717,1747.9483928571428,0.1,-36.089285714284145,-353.8928571428414,-1.0,SL,2022Q4,2022,2
2315,56662,2022-11-21 11:30:00,56669,2022-11-21 15:00:00,BUY,1739.95,1745.0125,1736.575,1745.0125,0.1,49.925,506.25,1.4492017416545717,TP,2022Q4,2022,7
2316,56676,2022-11-21 18:30:00,56691,2022-11-22 03:00:00,BUY,1734.05,1742.1098214285714,1728.6767857142856,1742.1098214285714,0.1,79.89821428571467,805.9821428571468,1.4678498786168888,TP,2022Q4,2022,15
2317,56744,2022-11-23 06:30:00,56748,2022-11-23 08:30:00,BUY,1734.28,1738.7976785714286,1731.2682142857143,1738.7976785714286,0.1,44.47678571428632,451.76785714286325,1.443214740989722,TP,2022Q4,2022,4
2318,56781,2022-11-24 02:00:00,56787,2022-11-24 05:00:00,SELL,1752.1,1756.215357142857,1756.215357142857,1745.9269642857141,0.1,-41.853571428571925,-411.5357142857192,-1.0,SL,2022Q4,2022,6
2319,56788,2022-11-24 05:30:00,56801,2022-11-24 12:00:00,SELL,1755.48,1758.6567857142857,1758.6567857142857,1750.7148214285714,0.1,-32.46785714285643,-317.6785714285643,-1.0,SL,2022Q4,2022,13
2320,56805,2022-11-24 14:00:00,56823,2022-11-25 02:30:00,SELL,1758.14,1752.8862500000002,1761.6425000000002,1752.8862500000002,0.1,51.83749999999854,525.3749999999854,1.4510146955912595,TP,2022Q4,2022,18
2321,56881,2022-11-28 11:30:00,56887,2022-11-28 14:30:00,SELL,1761.0,1754.9973214285715,1765.0017857142857,1754.9973214285715,0.1,59.32678571428532,600.2678571428532,1.4570213139198311,TP,2022Q4,2022,6
2322,56908,2022-11-29 02:00:00,56912,2022-11-29 04:00:00,BUY,1741.51,1746.5725,1738.135,1746.5725,0.1,49.925,506.25,1.4492017416545717,TP,2022Q4,2022,4
2323,56972,2022-11-30 11:00:00,56974,2022-11-30 12:00:00,SELL,1759.41,1762.4614285714288,1762.4614285714288,1754.8328571428572,0.1,-31.21428571428687,-305.1428571428687,-1.0,SL,2022Q4,2022,2
2324,56978,2022-11-30 14:00:00,56981,2022-11-30 15:30:00,SELL,1762.22,1756.6705357142857,1765.919642857143,1756.6705357142857,0.1,54.79464285714293,554.9464285714294,1.4535765040265276,TP,2022Q4,2022,3
2325,57000,2022-12-01 02:00:00,57002,2022-12-01 03:00:00,SELL,1773.22,1780.0717857142856,1780.0717857142856,1762.9423214285714,0.1,-69.21785714285598,-685.1785714285597,-1.0,SL,2022Q4,2022,2
2326,57003,2022-12-01 03:30:00,57025,2022-12-01 14:30:00,SELL,1777.21,1784.3714285714286,1784.3714285714286,1766.4678571428572,0.1,-72.31428571428587,-716.1428571428587,-1.0,SL,2022Q4,2022,22
2327,57026,2022-12-01 15:00:00,57027,2022-12-01 15:30:00,SELL,1784.63,1789.3175,1789.3175,1777.59875,0.1,-47.575,-468.75,-1.0,SL,2022Q4,2022,1
2328,57028,2022-12-01 16:00:00,57028,2022-12-01 16:00:00,SELL,1789.36,1794.5960714285713,1794.5960714285713,1781.5058928571427,0.1,-53.060714285714496,-523.6071428571449,-1.0,SL,2022Q4,2022,0
2329,57029,2022-12-01 16:30:00,57073,2022-12-02 15:30:00,SELL,1799.3,1790.4896428571428,1805.1735714285714,1790.4896428571428,0.1,87.40357142857128,881.0357142857129,1.4705564235067712,TP,2022Q4,2022,44
2330,57095,2022-12-05 03:30:00,57095,2022-12-05 03:30:00,SELL,1804.63,1808.2010714285716,1808.2010714285716,1799.2733928571429,0.1,-36.41071428571486,-357.1071428571486,-1.0,SL,2022Q4,2022,0
2331,57096,2022-12-05 04:00:00,57100,2022-12-05 06:00:00,SELL,1806.4,1810.1789285714287,1810.1789285714287,1800.7316071428572,0.1,-38.48928571428651,-377.89285714286507,-1.0,SL,2022Q4,2022,4
2332,57101,2022-12-05 06:30:00,57105,2022-12-05 08:30:00,SELL,1808.39,1802.965892857143,1812.0060714285717,1802.965892857143,0.1,53.5410714285711,542.410714285711,1.4525239802344132,TP,2022Q4,2022,4
2333,57122,2022-12-05 17:00:00,57122,2022-12-05 17:00:00,BUY,1783.92,1778.687142857143,1778.687142857143,1791.7692857142856,0.1,-53.02857142857029,-523.2857142857029,-1.0,SL,2022Q4,2022,0
2334,57123,2022-12-05 17:30:00,57128,2022-12-05 20:00:00,BUY,1774.81,1768.7735714285714,1768.7735714285714,1783.8646428571426,0.1,-61.06428571428587,-603.6428571428587,-1.0,SL,2022Q4,2022,5
2335,57129,2022-12-05 20:30:00,57162,2022-12-06 14:00:00,BUY,1769.48,1779.4828571428573,1762.8114285714287,1779.4828571428573,0.1,99.32857142857237,1000.2857142857238,1.4740301038796177,TP,2022Q4,2022,33
2336,57261,2022-12-08 17:30:00,57266,2022-12-08 20:00:00,SELL,1794.32,1786.965714285714,1799.222857142857,1786.965714285714,0.1,72.84285714285879,735.4285714285879,1.4648089629417287,TP,2022Q4,2022,5
2337,57279,2022-12-09 03:30:00,57286,2022-12-09 07:00:00,SELL,1794.6,1797.6707142857142,1797.6707142857142,1789.9939285714286,0.1,-31.407142857143025,-307.07142857143026,-1.0,SL,2022Q4,2022,7
2338,57287,2022-12-09 07:30:00,57291,2022-12-09 09:30:00,SELL,1796.14,1791.7444642857145,1799.0703571428571,1791.7444642857145,0.1,43.255357142856425,439.5535714285643,1.4416736102845253,TP,2022Q4,2022,4
2339,57300,2022-12-09 14:00:00,57303,2022-12-09 15:30:00,SELL,1800.34,1804.3717857142856,1804.3717857142856,1794.2923214285713,0.1,-41.01785714285661,-403.1785714285661,-1.0,SL_AMBIGUOUS_PESSIMISTIC,2022Q4,2022,3
2340,57327,2022-12-12 04:30:00,57342,2022-12-12 12:00:00,BUY,1787.73,1792.4325,1784.595,1792.4325,0.1,46.324999999998724,470.24999999998727,1.4453978159126006,TP,2022Q4,2022,15
2341,57396,2022-12-13 16:00:00,57396,2022-12-13 16:00:00,SELL,1810.88,1817.3085714285717,1817.3085714285717,1801.237142857143,0.1,-64.98571428571559,-642.8571428571558,-1.0,SL,2022Q4,2022,0
2342,57397,2022-12-13 16:30:00,57401,2022-12-13 18:30:00,SELL,1818.53,1807.8392857142856,1825.6571428571428,1807.8392857142856,0.1,106.2071428571442,1069.071428571442,1.4756847955538068,TP,2022Q4,2022,4
2343,57416,2022-12-14 03:00:00,57439,2022-12-14 14:30:00,SELL,1811.2,1804.6460714285715,1815.5692857142858,1804.6460714285715,0.1,64.83928571428514,655.3928571428514,1.460579243765059,TP,2022Q4,2022,23
2344,57468,2022-12-15 06:00:00,57475,2022-12-15 09:30:00,BUY,1793.26,1788.3925,1788.3925,1800.56125,0.1,-49.37500000000064,-486.75000000000637,-1.0,SL,2022Q4,2022,7
2345,57476,2022-12-15 10:00:00,57476,2022-12-15 10:00:00,BUY,1789.18,1784.0757142857144,1784.0757142857144,1796.8364285714285,0.1,-51.74285714285652,-510.4285714285652,-1.0,SL,2022Q4,2022,0
2346,57477,2022-12-15 10:30:00,57535,2022-12-16 16:30:00,BUY,1779.24,1787.8687499999999,1773.4875,1787.8687499999999,0.1,85.58749999999854,862.8749999999854,1.469944182052344,TP,2022Q4,2022,58
2347,57555,2022-12-19 03:30:00,57568,2022-12-19 10:00:00,SELL,1793.91,1797.032142857143,1797.032142857143,1789.2267857142858,0.1,-31.921428571429896,-312.21428571429897,-1.0,SL,2022Q4,2022,13
2348,57569,2022-12-19 10:30:00,57578,2022-12-19 15:00:00,SELL,1796.89,1791.7953571428573,1800.2864285714286,1791.7953571428573,0.1,50.24642857142844,509.4642857142844,1.4495157634453228,TP,2022Q4,2022,9
2349,57599,2022-12-20 02:30:00,57604,2022-12-20 05:00:00,BUY,1785.52,1788.8098214285715,1783.3267857142857,1788.8098214285715,0.1,32.198214285714855,328.9821428571486,1.4226763452738378,TP,2022Q4,2022,5
2350,57616,2022-12-20 11:00:00,57621,2022-12-20 13:30:00,SELL,1803.13,1809.019642857143,1809.019642857143,1794.2955357142857,0.1,-59.59642857142917,-588.9642857142917,-1.0,SL,2022Q4,2022,5
2351,57622,2022-12-20 14:00:00,57623,2022-12-20 14:30:00,SELL,1807.6,1799.5626785714285,1812.9582142857141,1799.5626785714285,0.1,79.67321428571431,803.7321428571431,1.4677610369103433,TP,2022Q4,2022,1
2352,57628,2022-12-20 17:00:00,57628,2022-12-20 17:00:00,SELL,1812.34,1819.110357142857,1819.110357142857,1802.184464285714,0.1,-68.40357142857165,-677.0357142857165,-1.0,SL,2022Q4,2022,0
2353,57629,2022-12-20 17:30:00,57717,2022-12-22 15:30:00,SELL,1818.05,1807.1825,1825.295,1807.1825,0.1,107.97500000000063,1086.7500000000064,1.476076555023908,TP,2022Q4,2022,88
2354,57719,2022-12-22 16:30:00,57720,2022-12-22 17:00:00,BUY,1803.35,1798.0025,1798.0025,1811.37125,0.1,-54.17499999999855,-534.7499999999854,-1.0,SL,2022Q4,2022,1
2355,57721,2022-12-22 17:30:00,57726,2022-12-22 20:00:00,BUY,1796.46,1790.5017857142857,1790.5017857142857,1805.3973214285716,0.1,-60.282142857143484,-595.8214285714348,-1.0,SL,2022Q4,2022,5
2356,57727,2022-12-22 20:30:00,57750,2022-12-23 09:00:00,BUY,1787.83,1797.6432142857143,1781.287857142857,1797.6432142857143,0.1,97.43214285714366,981.3214285714366,1.4735335421843099,TP,2022Q4,2022,23
2357,57788,2022-12-27 05:00:00,57800,2022-12-27 11:00:00,SELL,1806.17,1809.1367857142857,1809.1367857142857,1801.7198214285715,0.1,-30.367857142856064,-296.67857142856064,-1.0,SL,2022Q4,2022,12
2358,57801,2022-12-27 11:30:00,57810,2022-12-27 16:00:00,SELL,1808.73,1804.2814285714285,1811.6957142857143,1804.2814285714285,0.1,43.7857142857154,444.85714285715403,1.442352941176508,TP,2022Q4,2022,9
2359,57813,2022-12-27 17:30:00,57813,2022-12-27 17:30:00,SELL,1821.15,1826.1407142857145,1826.1407142857145,1813.6639285714286,0.1,-50.60714285714376,-499.07142857143754,-1.0,SL,2022Q4,2022,0
2360,57814,2022-12-27 18:00:00,57817,2022-12-27 19:30:00,SELL,1824.48,1815.222857142857,1830.6514285714286,1815.222857142857,0.1,91.8714285714298,925.7142857142981,1.4719615472648384,TP,2022Q4,2022,3
2361,57847,2022-12-28 11:30:00,57854,2022-12-28 15:00:00,BUY,1801.32,1806.8228571428572,1797.6514285714286,1806.8228571428572,0.1,54.328571428572374,550.2857142857238,1.4531906763470217,TP,2022Q4,2022,7
2362,57924,2022-12-30 04:00:00,57933,2022-12-30 08:30:00,SELL,1817.49,1820.0142857142857,1820.0142857142857,1813.7035714285714,0.1,-25.942857142857246,-252.42857142857247,-1.0,SL,2022Q4,2022,9
2363,57934,2022-12-30 09:00:00,57934,2022-12-30 09:00:00,SELL,1819.9,1822.1082142857144,1822.1082142857144,1816.5876785714286,0.1,-22.78214285714348,-220.8214285714348,-1.0,SL,2022Q4,2022,0
2364,57935,2022-12-30 09:30:00,57935,2022-12-30 09:30:00,SELL,1819.16,1815.468392857143,1821.6210714285714,1815.468392857143,0.1,36.21607142857037,369.16071428570376,1.4308593198814712,TP,2022Q4,2022,0
2365,57966,2023-01-03 02:00:00,57971,2023-01-03 04:30:00,SELL,1829.2,1833.9003571428573,1833.9003571428573,1822.1494642857142,0.1,-47.70357142857229,-470.03571428572286,-1.0,SL,2023Q1,2023,5
2366,57972,2023-01-03 05:00:00,57978,2023-01-03 08:00:00,SELL,1838.26,1843.2935714285713,1843.2935714285713,1830.7096428571429,0.1,-51.035714285713496,-503.35714285713493,-1.0,SL,2023Q1,2023,6
2367,57979,2023-01-03 08:30:00,57980,2023-01-03 09:00:00,SELL,1841.71,1846.9696428571428,1846.9696428571428,1833.8205357142858,0.1,-53.29642857142808,-525.9642857142808,-1.0,SL,2023Q1,2023,1
2368,57981,2023-01-03 09:30:00,57983,2023-01-03 10:30:00,SELL,1847.08,1838.7180357142856,1852.6546428571428,1838.7180357142856,0.1,82.91964285714293,836.1964285714294,1.4689971527997467,TP,2023Q1,2023,2
2369,58016,2023-01-04 04:00:00,58024,2023-01-04 08:00:00,SELL,1844.19,1847.7567857142858,1847.7567857142858,1838.8398214285714,0.1,-36.36785714285743,-356.6785714285743,-1.0,SL,2023Q1,2023,8
2370,58025,2023-01-04 08:30:00,58026,2023-01-04 09:00:00,SELL,1848.46,1851.807142857143,1851.807142857143,1843.4392857142857,0.1,-34.17142857142899,-334.7142857142899,-1.0,SL,2023Q1,2023,1
2371,58027,2023-01-04 09:30:00,58027,2023-01-04 09:30:00,SELL,1852.86,1856.6625,1856.6625,1847.1562499999998,0.1,-38.725000000000094,-380.2500000000009,-1.0,SL,2023Q1,2023,0
2372,58028,2023-01-04 10:00:00,58028,2023-01-04 10:00:00,SELL,1858.16,1862.3975000000003,1862.3975000000003,1851.80375,0.1,-43.07500000000182,-423.7500000000182,-1.0,SL,2023Q1,2023,0
2373,58029,2023-01-04 10:30:00,58036,2023-01-04 14:00:00,SELL,1863.79,1856.5723214285713,1868.6017857142858,1856.5723214285713,0.1,71.47678571428678,721.7678571428678,1.4641524617747965,TP,2023Q1,2023,7
2374,58086,2023-01-05 16:00:00,58089,2023-01-05 17:30:00,BUY,1834.87,1827.5789285714284,1827.5789285714284,1845.806607142857,0.1,-73.61071428571513,-729.1071428571513,-1.0,SL,2023Q1,2023,3
2375,58090,2023-01-05 18:00:00,58108,2023-01-06 04:00:00,BUY,1827.0,1838.2564285714286,1819.4957142857143,1838.2564285714286,0.1,111.86428571428614,1125.6428571428614,1.4768955111278763,TP,2023Q1,2023,18
2376,58132,2023-01-06 16:00:00,58133,2023-01-06 16:30:00,SELL,1851.64,1842.4503571428572,1857.7664285714286,1842.4503571428572,0.1,91.19642857142871,918.9642857142871,1.471757925072064,TP,2023Q1,2023,1
2377,58136,2023-01-06 18:00:00,58152,2023-01-09 03:00:00,SELL,1862.23,1871.6810714285714,1871.6810714285714,1848.0533928571429,0.1,-95.21071428571368,-945.1071428571368,-1.0,SL,2023Q1,2023,16
2378,58153,2023-01-09 03:30:00,58153,2023-01-09 03:30:00,SELL,1870.66,1874.577142857143,1874.577142857143,1864.7842857142857,0.1,-39.87142857142835,-391.7142857142835,-1.0,SL,2023Q1,2023,0
2379,58154,2023-01-09 04:00:00,58155,2023-01-09 04:30:00,SELL,1874.26,1878.4460714285715,1878.4460714285715,1867.9808928571429,0.1,-42.56071428571495,-418.6071428571495,-1.0,SL,2023Q1,2023,1
2380,58156,2023-01-09 05:00:00,58168,2023-01-09 11:00:00,SELL,1879.01,1873.2114285714285,1882.8757142857144,1873.2114285714285,0.1,57.28571428571449,579.8571428571449,1.4555353901996089,TP,2023Q1,2023,12
2381,58170,2023-01-09 12:00:00,58177,2023-01-09 15:30:00,SELL,1873.48,1877.5857142857142,1877.5857142857142,1867.3214285714287,0.1,-41.757142857141574,-410.5714285714157,-1.0,SL,2023Q1,2023,7
2382,58178,2023-01-09 16:00:00,58184,2023-01-09 19:00:00,SELL,1878.04,1870.5925000000002,1883.0049999999999,1870.5925000000002,0.1,73.77499999999763,744.7499999999764,1.4652432969215259,TP,2023Q1,2023,6
2383,58254,2023-01-11 08:00:00,58259,2023-01-11 10:30:00,SELL,1882.27,1885.6128571428571,1885.6128571428571,1877.2557142857142,0.1,-34.12857142857156,-334.2857142857156,-1.0,SL,2023Q1,2023,5
2384,58261,2023-01-11 11:30:00,58266,2023-01-11 14:00:00,SELL,1885.55,1879.5569642857142,1889.545357142857,1879.5569642857142,0.1,59.230357142857244,599.3035714285725,1.4569533514890898,TP,2023Q1,2023,5
2385,58294,2023-01-12 05:00:00,58311,2023-01-12 13:30:00,SELL,1883.56,1886.3392857142856,1886.3392857142856,1879.3910714285714,0.1,-28.492857142856064,-277.92857142856064,-1.0,SL,2023Q1,2023,17
2386,58313,2023-01-12 14:30:00,58315,2023-01-12 15:30:00,SELL,1888.33,1891.738214285714,1891.738214285714,1883.2176785714285,0.1,-34.782142857141665,-340.8214285714166,-1.0,SL_AMBIGUOUS_PESSIMISTIC,2023Q1,2023,2
2387,58316,2023-01-12 16:00:00,58316,2023-01-12 16:00:00,SELL,1899.44,1889.0675,1906.355,1889.0675,0.1,103.02499999999945,1037.2499999999945,1.4749463135289904,TP,2023Q1,2023,0
2388,58335,2023-01-13 02:30:00,58345,2023-01-13 07:30:00,SELL,1899.58,1892.5326785714285,1904.2782142857143,1892.5326785714285,0.1,69.77321428571422,704.7321428571422,1.4632986293161327,TP,2023Q1,2023,10
2389,58351,2023-01-13 10:30:00,58351,2023-01-13 10:30:00,SELL,1904.24,1908.2439285714286,1908.2439285714286,1898.234107142857,0.1,-40.7392857142856,-400.392857142856,-1.0,SL,2023Q1,2023,0
2390,58352,2023-01-13 11:00:00,58357,2023-01-13 13:30:00,SELL,1906.33,1899.9464285714284,1910.5857142857142,1899.9464285714284,0.1,63.135714285714855,638.3571428571486,1.4595442536327867,TP,2023Q1,2023,5
2391,58364,2023-01-13 17:00:00,58370,2023-01-13 20:00:00,SELL,1911.44,1918.4942857142858,1918.4942857142858,1900.8585714285714,0.1,-71.24285714285698,-705.4285714285697,-1.0,SL,2023Q1,2023,6
2392,58371,2023-01-13 20:30:00,58385,2023-01-16 04:30:00,SELL,1918.4,1925.6696428571431,1925.6696428571431,1907.4955357142858,0.1,-73.39642857143026,-726.9642857143026,-1.0,SL,2023Q1,2023,14
2393,58386,2023-01-16 05:00:00,58390,2023-01-16 07:00:00,SELL,1928.26,1922.0226785714285,1932.4182142857144,1922.0226785714285,0.1,61.673214285714764,623.7321428571477,1.4586113692034541,TP,2023Q1,2023,4
2394,58475,2023-01-18 06:00:00,58481,2023-01-18 09:00:00,BUY,1900.22,1905.922142857143,1896.4185714285716,1905.922142857143,0.1,56.321428571429166,570.2142857142917,1.454797047970537,TP,2023Q1,2023,6
2395,58496,2023-01-18 16:30:00,58498,2023-01-18 17:30:00,SELL,1922.55,1914.4885714285713,1927.9242857142858,1914.4885714285713,0.1,79.91428571428678,806.1428571428678,1.4678562057202633,TP,2023Q1,2023,2
2396,58552,2023-01-19 21:30:00,58553,2023-01-19 22:00:00,SELL,1928.31,1935.2925,1935.2925,1917.8362499999998,0.1,-70.52500000000073,-698.2500000000073,-1.0,SL,2023Q1,2023,1
2397,58554,2023-01-19 22:30:00,58588,2023-01-20 16:30:00,SELL,1931.69,1921.1969642857143,1938.6853571428571,1921.1969642857143,0.1,104.23035714285724,1049.3035714285725,1.4752312591619225,TP,2023Q1,2023,34
2398,58610,2023-01-23 04:30:00,58614,2023-01-23 06:30:00,SELL,1934.24,1929.0441071428572,1937.7039285714286,1929.0441071428572,0.1,51.2589285714278,519.589285714278,1.4504800404244247,TP,2023Q1,2023,4
2399,58655,2023-01-24 04:00:00,58664,2023-01-24 08:30:00,SELL,1935.62,1939.2467857142856,1939.2467857142856,1930.1798214285714,0.1,-36.967857142856886,-362.67857142856883,-1.0,SL,2023Q1,2023,9
2400,58665,2023-01-24 09:00:00,58670,2023-01-24 11:30:00,SELL,1939.58,1934.7408928571426,1942.8060714285714,1934.7408928571426,0.1,47.69107142857301,483.91071428573014,1.4469064904106967,TP,2023Q1,2023,5
2401,58742,2023-01-26 01:30:00,58757,2023-01-26 09:00:00,SELL,1947.32,1939.7101785714285,1952.3932142857143,1939.7101785714285,0.1,75.39821428571422,760.9821428571422,1.4659745850982353,TP,2023Q1,2023,15
2402,58795,2023-01-27 05:00:00,58797,2023-01-27 06:00:00,BUY,1925.91,1922.6442857142858,1922.6442857142858,1930.8085714285714,0.1,-33.35714285714239,-326.5714285714239,-1.0,SL,2023Q1,2023,2
2403,58798,2023-01-27 06:30:00,58807,2023-01-27 11:00:00,BUY,1921.1,1926.649464285714,1917.400357142857,1926.649464285714,0.1,54.79464285714066,554.9464285714066,1.4535765040264672,TP,2023Q1,2023,9
2404,58893,2023-01-31 08:00:00,58893,2023-01-31 08:00:00,BUY,1917.45,1914.1489285714288,1914.1489285714288,1922.401607142857,0.1,-33.71071428571277,-330.10714285712766,-1.0,SL,2023Q1,2023,0
2405,58894,2023-01-31 08:30:00,58897,2023-01-31 10:00:00,BUY,1915.46,1911.7475000000002,1911.7475000000002,1921.02875,0.1,-37.82499999999864,-371.24999999998636,-1.0,SL,2023Q1,2023,3
2406,58898,2023-01-31 10:30:00,58900,2023-01-31 11:30:00,BUY,1907.51,1902.6789285714287,1902.6789285714287,1914.756607142857,0.1,-49.010714285712496,-483.1071428571249,-1.0,SL,2023Q1,2023,2
2407,58901,2023-01-31 12:00:00,58906,2023-01-31 14:30:00,BUY,1903.96,1911.4380357142857,1898.974642857143,1911.4380357142857,0.1,74.08035714285624,747.8035714285625,1.465383256799717,TP,2023Q1,2023,5
2408,58968,2023-02-01 22:30:00,58975,2023-02-02 03:00:00,SELL,1947.35,1956.8642857142856,1956.8642857142856,1933.0785714285714,0.1,-95.84285714285734,-951.4285714285734,-1.0,SL,2023Q1,2023,7
2409,58976,2023-02-02 03:30:00,59002,2023-02-02 16:30:00,SELL,1955.17,1941.8226785714287,1964.0682142857142,1941.8226785714287,0.1,132.77321428571378,1334.7321428571377,1.4804866393214255,TP,2023Q1,2023,26
2410,59003,2023-02-02 17:00:00,59008,2023-02-02 19:30:00,BUY,1921.6,1913.215,1913.215,1934.1775,0.1,-84.54999999999991,-838.4999999999991,-1.0,SL,2023Q1,2023,5
2411,59009,2023-02-02 20:00:00,59046,2023-02-03 15:30:00,BUY,1912.4,1902.5835714285715,1902.5835714285715,1927.124642857143,0.1,-98.8642857142856,-981.642857142856,-1.0,SL,2023Q1,2023,37
2412,59047,2023-02-03 16:00:00,59047,2023-02-03 16:00:00,BUY,1886.89,1878.775,1878.775,1899.0625000000002,0.1,-81.8500000000001,-811.5000000000009,-1.0,SL,2023Q1,2023,0
2413,59048,2023-02-03 16:30:00,59049,2023-02-03 17:00:00,BUY,1880.83,1871.8471428571427,1871.8471428571427,1894.3042857142857,0.1,-90.52857142857256,-898.2857142857256,-1.0,SL,2023Q1,2023,1
2414,59050,2023-02-03 17:30:00,59053,2023-02-03 19:00:00,BUY,1875.77,1865.3889285714286,1865.3889285714286,1891.3416071428571,0.1,-104.51071428571431,-1038.1071428571431,-1.0,SL,2023Q1,2023,3
2415,59054,2023-02-03 19:30:00,59146,2023-02-07 19:30:00,BUY,1864.58,1881.7635714285714,1853.1242857142856,1881.7635714285714,0.1,171.1357142857144,1718.357142857144,1.4848165592464055,TP,2023Q1,2023,92
2416,59173,2023-02-08 10:00:00,59173,2023-02-08 10:00:00,SELL,1886.15,1879.8644642857143,1890.340357142857,1879.8644642857143,0.1,62.155357142857426,628.5535714285743,1.4589236314863459,TP,2023Q1,2023,0
2417,59250,2023-02-10 02:30:00,59256,2023-02-10 05:30:00,BUY,1861.67,1856.3878571428572,1856.3878571428572,1869.5932142857143,0.1,-53.521428571428444,-528.2142857142844,-1.0,SL,2023Q1,2023,6
2418,59257,2023-02-10 06:00:00,59261,2023-02-10 08:00:00,BUY,1855.39,1861.3942857142856,1851.387142857143,1861.3942857142856,0.1,59.34285714285515,600.4285714285515,1.457032620133285,TP,2023Q1,2023,4
2419,59397,2023-02-15 07:00:00,59400,2023-02-15 08:30:00,BUY,1847.91,1844.4064285714287,1844.4064285714287,1853.1653571428571,0.1,-35.73571428571377,-350.35714285713766,-1.0,SL,2023Q1,2023,3
2420,59401,2023-02-15 09:00:00,59402,2023-02-15 09:30:00,BUY,1843.64,1839.6703571428573,1839.6703571428573,1849.5944642857144,0.1,-40.396428571428444,-396.9642857142844,-1.0,SL,2023Q1,2023,1
2421,59403,2023-02-15 10:00:00,59418,2023-02-15 17:30:00,BUY,1835.71,1830.7525,1830.7525,1843.14625,0.1,-50.27499999999982,-495.7499999999982,-1.0,SL,2023Q1,2023,15
2422,59488,2023-02-17 06:30:00,59493,2023-02-17 09:00:00,BUY,1826.89,1823.005,1823.005,1832.7175000000002,0.1,-39.54999999999991,-388.4999999999991,-1.0,SL,2023Q1,2023,5
2423,59494,2023-02-17 09:30:00,59496,2023-02-17 10:30:00,BUY,1823.2,1819.5807142857143,1819.5807142857143,1828.6289285714286,0.1,-36.89285714285752,-361.9285714285752,-1.0,SL,2023Q1,2023,2
2424,59497,2023-02-17 11:00:00,59504,2023-02-17 14:30:00,BUY,1822.49,1828.6919642857144,1818.3553571428572,1828.6919642857144,0.1,61.31964285714439,620.1964285714439,1.458379342563546,TP,2023Q1,2023,7
2425,59534,2023-02-20 06:30:00,59541,2023-02-20 10:00:00,SELL,1844.28,1847.4610714285714,1847.4610714285714,1839.5083928571428,0.1,-32.51071428571386,-318.10714285713857,-1.0,SL,2023Q1,2023,7
2426,59733,2023-02-24 16:30:00,59780,2023-02-27 17:00:00,BUY,1811.3,1819.1798214285714,1806.0467857142858,1819.1798214285714,0.1,78.09821428571404,787.9821428571404,1.4671251257967333,TP,2023Q1,2023,47
2427,59829,2023-02-28 18:30:00,59852,2023-03-01 07:00:00,SELL,1827.02,1832.440357142857,1832.440357142857,1818.8894642857142,0.1,-54.90357142857029,-542.0357142857029,-1.0,SL,2023Q1,2023,23
2428,59853,2023-03-01 07:30:00,59855,2023-03-01 08:30:00,SELL,1832.34,1835.4042857142856,1835.4042857142856,1827.7435714285714,0.1,-31.342857142856882,-306.42857142856883,-1.0,SL,2023Q1,2023,2
2429,59856,2023-03-01 09:00:00,59865,2023-03-01 13:30:00,SELL,1834.71,1838.225357142857,1838.225357142857,1829.4369642857143,0.1,-35.85357142857056,-351.5357142857056,-1.0,SL,2023Q1,2023,9
2430,59868,2023-03-01 15:00:00,59891,2023-03-02 03:30:00,SELL,1840.42,1832.498392857143,1845.7010714285714,1832.498392857143,0.1,78.51607142857056,792.1607142857056,1.467296269105006,TP,2023Q1,2023,23
2431,59948,2023-03-03 09:00:00,59952,2023-03-03 11:00:00,SELL,1843.09,1846.1467857142857,1846.1467857142857,1838.5048214285714,0.1,-31.26785714285752,-305.6785714285752,-1.0,SL,2023Q1,2023,4
2432,59953,2023-03-03 11:30:00,59963,2023-03-03 16:30:00,SELL,1846.63,1842.1653571428571,1849.6064285714288,1842.1653571428571,0.1,43.94642857142962,446.46428571429624,1.4425556858147726,TP,2023Q1,2023,10
2433,59974,2023-03-03 22:00:00,59995,2023-03-06 09:30:00,SELL,1853.27,1857.9532142857142,1857.9532142857142,1846.2451785714286,0.1,-47.532142857142574,-468.3214285714257,-1.0,SL,2023Q1,2023,21
2434,59996,2023-03-06 10:00:00,59999,2023-03-06 11:30:00,SELL,1855.99,1851.3598214285714,1859.0767857142857,1851.3598214285714,0.1,45.60178571428587,463.0178571428587,1.444563864690576,TP,2023Q1,2023,3
2435,60052,2023-03-07 15:00:00,60052,2023-03-07 15:00:00,BUY,1839.8,1836.1946428571428,1836.1946428571428,1845.2080357142856,0.1,-36.753571428572016,-360.53571428572013,-1.0,SL,2023Q1,2023,0
2436,60053,2023-03-07 15:30:00,60055,2023-03-07 16:30:00,BUY,1834.66,1830.5425,1830.5425,1840.83625,0.1,-41.87500000000064,-411.75000000000637,-1.0,SL,2023Q1,2023,2
2437,60056,2023-03-07 17:00:00,60056,2023-03-07 17:00:00,BUY,1831.8,1827.6675,1827.6675,1837.99875,0.1,-42.024999999999366,-413.24999999999363,-1.0,SL,2023Q1,2023,0
2438,60057,2023-03-07 17:30:00,60057,2023-03-07 17:30:00,BUY,1821.86,1816.985,1816.985,1829.1725,0.1,-49.45,-487.5,-1.0,SL,2023Q1,2023,0
2439,60058,2023-03-07 18:00:00,60074,2023-03-08 03:00:00,BUY,1817.92,1812.1578571428572,1812.1578571428572,1826.5632142857144,0.1,-58.321428571428626,-576.2142857142862,-1.0,SL,2023Q1,2023,16
2440,60075,2023-03-08 03:30:00,60101,2023-03-08 16:30:00,BUY,1812.23,1816.8489285714286,1809.1507142857145,1816.8489285714286,0.1,45.489285714285685,461.8928571428569,1.444431843955615,TP,2023Q1,2023,26
2441,60146,2023-03-09 16:00:00,60147,2023-03-09 16:30:00,SELL,1825.03,1828.7885714285715,1828.7885714285715,1819.3921428571427,0.1,-38.28571428571486,-375.8571428571486,-1.0,SL,2023Q1,2023,1
2442,60148,2023-03-09 17:00:00,60148,2023-03-09 17:00:00,SELL,1831.23,1835.6935714285714,1835.6935714285714,1824.534642857143,0.1,-45.33571428571413,-446.3571428571413,-1.0,SL,2023Q1,2023,0
2443,60149,2023-03-09 17:30:00,60180,2023-03-10 10:00:00,SELL,1830.54,1835.4310714285714,1835.4310714285714,1823.2033928571427,0.1,-49.610714285714224,-489.1071428571422,-1.0,SL,2023Q1,2023,31
2444,60193,2023-03-10 16:30:00,60193,2023-03-10 16:30:00,SELL,1849.39,1856.119642857143,1856.119642857143,1839.2955357142857,0.1,-67.99642857142835,-672.9642857142835,-1.0,SL,2023Q1,2023,0
2445,60194,2023-03-10 17:00:00,60195,2023-03-10 17:30:00,SELL,1858.3,1865.955357142857,1865.955357142857,1846.8169642857142,0.1,-77.25357142857156,-765.5357142857156,-1.0,SL,2023Q1,2023,1
2446,60196,2023-03-10 18:00:00,60208,2023-03-13 00:00:00,SELL,1862.95,1870.93,1870.93,1850.98,0.1,-80.50000000000018,-798.0000000000018,-1.0,SL,2023Q1,2023,12
2447,60209,2023-03-13 00:30:00,60231,2023-03-13 11:30:00,SELL,1883.65,1892.4839285714288,1892.4839285714288,1870.3991071428572,0.1,-89.03928571428715,-883.3928571428714,-1.0,SL,2023Q1,2023,22
2448,60232,2023-03-13 12:00:00,60236,2023-03-13 14:00:00,SELL,1885.73,1892.4660714285715,1892.4660714285715,1875.6258928571428,0.1,-68.0607142857145,-673.6071428571449,-1.0,SL,2023Q1,2023,4
2449,60237,2023-03-13 14:30:00,60239,2023-03-13 15:30:00,SELL,1897.61,1906.315357142857,1906.315357142857,1884.5519642857141,0.1,-87.7535714285711,-870.535714285711,-1.0,SL,2023Q1,2023,2
2450,60240,2023-03-13 16:00:00,60240,2023-03-13 16:00:00,SELL,1896.52,1906.9675,1906.9675,1880.8487499999999,0.1,-105.17499999999991,-1044.749999999999,-1.0,SL,2023Q1,2023,0
2451,60241,2023-03-13 16:30:00,60320,2023-03-15 10:00:00,SELL,1905.26,1888.2724999999998,1916.585,1888.2724999999998,0.1,169.17500000000183,1698.7500000000182,1.4846423870118575,TP,2023Q1,2023,79
2452,60321,2023-03-15 10:30:00,60323,2023-03-15 11:30:00,BUY,1887.39,1893.9969642857145,1882.9853571428573,1893.9969642857145,0.1,65.36964285714411,660.6964285714412,1.460890733498334,TP,2023Q1,2023,2
2453,60330,2023-03-15 15:00:00,60337,2023-03-15 18:30:00,SELL,1927.65,1937.3314285714287,1937.3314285714287,1913.1278571428572,0.1,-97.51428571428569,-968.1428571428569,-1.0,SL,2023Q1,2023,7
2454,60402,2023-03-17 05:00:00,60405,2023-03-17 06:30:00,SELL,1927.23,1930.5257142857142,1930.5257142857142,1922.2864285714286,0.1,-33.65714285714212,-329.57142857142117,-1.0,SL,2023Q1,2023,3
2455,60406,2023-03-17 07:00:00,60409,2023-03-17 08:30:00,SELL,1930.86,1934.37,1934.37,1925.5949999999998,0.1,-35.79999999999991,-350.9999999999991,-1.0,SL,2023Q1,2023,3
2456,60410,2023-03-17 09:00:00,60418,2023-03-17 13:00:00,SELL,1932.27,1936.5578571428573,1936.5578571428573,1925.8382142857142,0.1,-43.5785714285732,-428.78571428573196,-1.0,SL,2023Q1,2023,8
2457,60421,2023-03-17 14:30:00,60422,2023-03-17 15:00:00,SELL,1940.67,1946.4214285714286,1946.4214285714286,1932.0428571428572,0.1,-58.214285714285054,-575.1428571428505,-1.0,SL,2023Q1,2023,1
2458,60423,2023-03-17 15:30:00,60424,2023-03-17 16:00:00,SELL,1946.89,1953.1867857142859,1953.1867857142859,1937.4448214285715,0.1,-63.66785714285761,-629.6785714285761,-1.0,SL,2023Q1,2023,1
2459,60425,2023-03-17 16:30:00,60425,2023-03-17 16:30:00,SELL,1954.73,1961.504642857143,1961.504642857143,1944.5680357142858,0.1,-68.44642857142908,-677.4642857142908,-1.0,SL,2023Q1,2023,0
2460,60426,2023-03-17 17:00:00,60431,2023-03-17 19:30:00,SELL,1962.12,1969.6842857142856,1969.6842857142856,1950.7735714285714,0.1,-76.34285714285689,-756.4285714285688,-1.0,SL,2023Q1,2023,5
2461,60432,2023-03-17 20:00:00,60433,2023-03-17 20:30:00,SELL,1972.7,1982.6589285714285,1982.6589285714285,1957.7616071428572,0.1,-100.28928571428487,-995.8928571428487,-1.0,SL,2023Q1,2023,1
2462,60434,2023-03-17 21:00:00,60456,2023-03-20 09:00:00,SELL,1983.46,1994.640357142857,1994.640357142857,1966.6894642857144,0.1,-112.5035714285702,-1118.035714285702,-1.0,SL,2023Q1,2023,22
2463,60457,2023-03-20 09:30:00,60460,2023-03-20 11:00:00,SELL,2006.06,1992.8782142857142,2014.847857142857,1992.8782142857142,0.1,131.11785714285753,1318.1785714285752,1.4802435287476945,TP,2023Q1,2023,3
2464,60461,2023-03-20 11:30:00,60463,2023-03-20 12:30:00,SELL,1992.21,1975.6419642857143,2003.255357142857,1975.6419642857143,0.1,164.9803571428577,1656.803571428577,1.4842560164508767,TP,2023Q1,2023,2
2465,60516,2023-03-21 16:00:00,60519,2023-03-21 17:30:00,BUY,1952.96,1944.659642857143,1944.659642857143,1965.4105357142857,0.1,-83.70357142857138,-830.0357142857138,-1.0,SL,2023Q1,2023,3
2466,60520,2023-03-21 18:00:00,60522,2023-03-21 19:00:00,BUY,1948.25,1939.7664285714286,1939.7664285714286,1960.975357142857,0.1,-85.53571428571395,-848.3571428571395,-1.0,SL,2023Q1,2023,2
2467,60523,2023-03-21 19:30:00,60570,2023-03-22 20:00:00,BUY,1938.33,1952.5773214285714,1928.8317857142856,1952.5773214285714,0.1,141.7732142857147,1424.7321428571468,1.4817102758389014,TP,2023Q1,2023,47
2468,60572,2023-03-22 21:00:00,60572,2023-03-22 21:00:00,SELL,1970.73,1955.5119642857142,1980.8753571428572,1955.5119642857142,0.1,151.48035714285862,1521.803571428586,1.4828689298325464,TP,2023Q1,2023,0
2469,60586,2023-03-23 05:00:00,60592,2023-03-23 08:00:00,SELL,1975.12,1983.5746428571426,1983.5746428571426,1962.4380357142857,0.1,-85.24642857142744,-845.4642857142744,-1.0,SL,2023Q1,2023,6
2470,60593,2023-03-23 08:30:00,60605,2023-03-23 14:30:00,SELL,1982.16,1973.5167857142858,1987.922142857143,1973.5167857142858,0.1,85.73214285714293,864.3214285714294,1.4699938763012859,TP,2023Q1,2023,12
2471,60613,2023-03-23 18:30:00,60616,2023-03-23 20:00:00,SELL,1992.51,2001.5164285714286,2001.5164285714286,1979.0003571428572,0.1,-90.76428571428615,-900.6428571428614,-1.0,SL,2023Q1,2023,3
2472,60617,2023-03-23 20:30:00,60643,2023-03-24 10:30:00,SELL,1999.37,1985.174107142857,2008.8339285714285,1985.174107142857,0.1,141.25892857142782,1419.589285714278,1.4816445027158527,TP,2023Q1,2023,26
2473,60683,2023-03-27 08:30:00,60684,2023-03-27 09:00:00,BUY,1972.43,1968.419642857143,1968.419642857143,1978.4455357142858,0.1,-40.80357142857174,-401.0357142857174,-1.0,SL,2023Q1,2023,1
2474,60685,2023-03-27 09:30:00,60690,2023-03-27 12:00:00,BUY,1968.19,1963.6985714285715,1963.6985714285715,1974.9271428571428,0.1,-45.614285714285145,-449.1428571428514,-1.0,SL,2023Q1,2023,5
2475,60691,2023-03-27 12:30:00,60691,2023-03-27 12:30:00,BUY,1963.49,1958.0964285714285,1958.0964285714285,1971.580357142857,0.1,-54.63571428571477,-539.3571428571477,-1.0,SL,2023Q1,2023,0
2476,60692,2023-03-27 13:00:00,60693,2023-03-27 13:30:00,BUY,1956.19,1950.1632142857143,1950.1632142857143,1965.2301785714287,0.1,-60.967857142857795,-602.6785714285779,-1.0,SL,2023Q1,2023,1
2477,60694,2023-03-27 14:00:00,60719,2023-03-28 03:30:00,BUY,1949.93,1960.06625,1943.1725000000001,1960.06625,0.1,100.66250000000018,1013.6250000000018,1.4743683632369258,TP,2023Q1,2023,25
2478,60736,2023-03-28 12:00:00,60741,2023-03-28 14:30:00,BUY,1950.36,1957.302857142857,1945.7314285714285,1957.302857142857,0.1,68.72857142857065,694.2857142857065,1.4627546366676796,TP,2023Q1,2023,5
2479,60754,2023-03-28 21:00:00,60775,2023-03-29 08:30:00,SELL,1974.5,1965.3907142857142,1980.5728571428572,1965.3907142857142,0.1,90.39285714285761,910.9285714285761,1.4715116279069769,TP,2023Q1,2023,21
2480,60843,2023-03-30 19:30:00,60881,2023-03-31 15:30:00,SELL,1980.93,1987.2428571428572,1987.2428571428572,1971.4607142857144,0.1,-63.828571428571834,-631.2857142857183,-1.0,SL,2023Q1,2023,38
2481,60900,2023-04-03 02:00:00,60901,2023-04-03 02:30:00,BUY,1962.69,1956.8207142857143,1956.8207142857143,1971.4939285714286,0.1,-59.39285714285752,-586.9285714285752,-1.0,SL,2023Q2,2023,1
2482,60902,2023-04-03 03:00:00,60908,2023-04-03 06:00:00,BUY,1957.12,1951.0685714285714,1951.0685714285714,1966.1971428571428,0.1,-61.2142857142846,-605.142857142846,-1.0,SL,2023Q2,2023,6
2483,60909,2023-04-03 06:30:00,60917,2023-04-03 10:30:00,BUY,1952.0,1961.3825,1945.745,1961.3825,0.1,93.12499999999936,938.2499999999936,1.472332015810241,TP,2023Q2,2023,8
2484,60926,2023-04-03 15:00:00,60930,2023-04-03 17:00:00,SELL,1978.41,1984.1678571428572,1984.1678571428572,1969.7732142857144,0.1,-58.2785714285712,-575.785714285712,-1.0,SL,2023Q2,2023,4
2485,60931,2023-04-03 17:30:00,60961,2023-04-04 09:30:00,SELL,1988.29,1977.7776785714286,1995.2982142857143,1977.7776785714286,0.1,104.4232142857134,1051.232142857134,1.4752762500630547,TP,2023Q2,2023,30
2486,60976,2023-04-04 17:00:00,60976,2023-04-04 17:00:00,SELL,1992.31,1997.455,1997.455,1984.5925,0.1,-52.14999999999982,-514.4999999999982,-1.0,SL,2023Q2,2023,0
2487,60977,2023-04-04 17:30:00,61019,2023-04-05 15:30:00,SELL,2021.51,2029.9742857142858,2029.9742857142858,2008.8135714285715,0.1,-85.3428571428578,-846.4285714285779,-1.0,SL,2023Q2,2023,42
2488,61020,2023-04-05 16:00:00,61021,2023-04-05 16:30:00,SELL,2031.43,2023.7398214285715,2036.5567857142858,2023.7398214285715,0.1,76.20178571428532,769.0178571428532,1.46632533846471,TP,2023Q2,2023,1
2489,61044,2023-04-06 05:00:00,61045,2023-04-06 05:30:00,BUY,2012.82,2009.9978571428571,2009.9978571428571,2017.0532142857141,0.1,-28.921428571428077,-282.2142857142808,-1.0,SL,2023Q2,2023,1
2490,61046,2023-04-06 06:00:00,61051,2023-04-06 08:30:00,BUY,2011.01,2015.7205357142857,2007.869642857143,2015.7205357142857,0.1,46.40535714285697,471.05357142856974,1.4454889309155972,TP,2023Q2,2023,5
2491,61068,2023-04-06 17:00:00,61072,2023-04-06 19:00:00,BUY,2003.73,2013.135,1997.46,2013.135,0.1,93.34999999999972,940.4999999999973,1.4723974763406937,TP,2023Q2,2023,4
2492,61088,2023-04-10 04:00:00,61091,2023-04-10 05:30:00,BUY,1998.5,1993.01,1993.01,2006.7350000000001,0.1,-55.600000000000094,-549.0000000000009,-1.0,SL,2023Q2,2023,3
2493,61092,2023-04-10 06:00:00,61104,2023-04-10 12:00:00,BUY,1991.24,2000.645,1984.97,2000.645,0.1,93.34999999999972,940.4999999999973,1.4723974763406937,TP,2023Q2,2023,12
2494,61112,2023-04-10 16:00:00,61115,2023-04-10 17:30:00,BUY,1989.61,1984.4414285714286,1984.4414285714286,1997.3628571428571,0.1,-52.385714285713405,-516.857142857134,-1.0,SL,2023Q2,2023,3
2495,61181,2023-04-12 04:30:00,61181,2023-04-12 04:30:00,SELL,2009.6,2012.1596428571427,2012.1596428571427,2005.7605357142857,0.1,-26.296428571427622,-255.96428571427623,-1.0,SL,2023Q2,2023,0
2496,61182,2023-04-12 05:00:00,61183,2023-04-12 05:30:00,SELL,2014.6,2017.5314285714285,2017.5314285714285,2010.202857142857,0.1,-30.014285714285688,-293.1428571428569,-1.0,SL,2023Q2,2023,1
2497,61184,2023-04-12 06:00:00,61184,2023-04-12 06:00:00,SELL,2014.76,2018.2657142857142,2018.2657142857142,2009.5014285714285,0.1,-35.75714285714248,-350.5714285714248,-1.0,SL,2023Q2,2023,0
2498,61185,2023-04-12 06:30:00,61187,2023-04-12 07:30:00,SELL,2016.53,2020.2425,2020.2425,2010.96125,0.1,-37.82500000000091,-371.2500000000091,-1.0,SL,2023Q2,2023,2
2499,61188,2023-04-12 08:00:00,61191,2023-04-12 09:30:00,SELL,2020.22,2014.4744642857142,2024.0503571428571,2014.4744642857142,0.1,56.75535714285779,574.5535714285779,1.455132313890698,TP,2023Q2,2023,3
2500,61204,2023-04-12 16:00:00,61205,2023-04-12 16:30:00,SELL,2022.11,2012.5635714285713,2028.4742857142855,2012.5635714285713,0.1,94.76428571428578,954.6428571428578,1.472801953818845,TP,2023Q2,2023,1
2501,61239,2023-04-13 10:30:00,61240,2023-04-13 11:00:00,SELL,2022.66,2026.5664285714286,2026.5664285714286,2016.8003571428571,0.1,-39.76428571428478,-390.6428571428478,-1.0,SL,2023Q2,2023,1
2502,61241,2023-04-13 11:30:00,61249,2023-04-13 15:30:00,SELL,2027.48,2031.6371428571429,2031.6371428571429,2021.2442857142858,0.1,-42.271428571428444,-415.7142857142844,-1.0,SL,2023Q2,2023,8
2503,61250,2023-04-13 16:00:00,61253,2023-04-13 17:30:00,SELL,2045.02,2035.7082142857141,2051.2278571428574,2035.7082142857141,0.1,92.41785714285861,931.1785714285861,1.4721242462168267,TP,2023Q2,2023,3
2504,61260,2023-04-13 21:00:00,61295,2023-04-14 15:30:00,SELL,2043.63,2031.0830357142859,2051.994642857143,2031.0830357142859,0.1,124.76964285714239,1254.696428571424,1.4792522335605707,TP,2023Q2,2023,35
2505,61299,2023-04-14 17:30:00,61299,2023-04-14 17:30:00,BUY,2010.22,2000.3564285714285,2000.3564285714285,2025.015357142857,0.1,-99.33571428571504,-986.3571428571504,-1.0,SL,2023Q2,2023,0
2506,61300,2023-04-14 18:00:00,61345,2023-04-17 17:30:00,BUY,1998.69,1987.8064285714286,1987.8064285714286,2015.0153571428573,0.1,-109.53571428571486,-1088.3571428571486,-1.0,SL,2023Q2,2023,45
2507,61346,2023-04-17 18:00:00,61353,2023-04-17 21:30:00,BUY,1985.58,1995.85125,1978.7324999999998,1995.85125,0.1,102.01250000000009,1027.125000000001,1.4747018431514114,TP,2023Q2,2023,7
2508,61361,2023-04-18 02:30:00,61367,2023-04-18 05:30:00,BUY,1994.33,1999.46,1990.9099999999999,1999.46,0.1,50.60000000000109,513.0000000000109,1.4498567335243562,TP,2023Q2,2023,6
2509,61421,2023-04-19 09:30:00,61424,2023-04-19 11:00:00,BUY,1990.89,1985.8242857142857,1985.8242857142857,1998.4885714285715,0.1,-51.35714285714421,-506.5714285714421,-1.0,SL,2023Q2,2023,3
2510,61425,2023-04-19 11:30:00,61425,2023-04-19 11:30:00,BUY,1986.31,1980.0710714285713,1980.0710714285713,1995.6683928571429,0.1,-63.08928571428687,-623.8928571428687,-1.0,SL,2023Q2,2023,0
2511,61426,2023-04-19 12:00:00,61427,2023-04-19 12:30:00,BUY,1980.06,1973.0249999999999,1973.0249999999999,1990.6125,0.1,-71.05000000000082,-703.5000000000082,-1.0,SL,2023Q2,2023,1
2512,61428,2023-04-19 13:00:00,61435,2023-04-19 16:30:00,BUY,1974.24,1985.0817857142858,1967.0121428571429,1985.0817857142858,0.1,107.71785714285834,1084.1785714285834,1.4760203582265008,TP,2023Q2,2023,7
2513,61513,2023-04-21 09:30:00,61513,2023-04-21 09:30:00,BUY,1989.67,1985.1753571428571,1985.1753571428571,1996.4119642857145,0.1,-45.646428571429354,-449.4642857142935,-1.0,SL,2023Q2,2023,0
2514,61514,2023-04-21 10:00:00,61527,2023-04-21 16:30:00,BUY,1986.44,1981.4985714285715,1981.4985714285715,1993.852142857143,0.1,-50.1142857142856,-494.142857142856,-1.0,SL_AMBIGUOUS_PESSIMISTIC,2023Q2,2023,13
2515,61528,2023-04-21 17:00:00,61528,2023-04-21 17:00:00,BUY,1973.9,1987.0914285714287,1965.1057142857144,1987.0914285714287,0.1,131.2142857142856,1319.142857142856,1.4802578565672846,TP,2023Q2,2023,0
2516,61550,2023-04-24 05:00:00,61563,2023-04-24 11:30:00,BUY,1979.57,1984.5392857142856,1976.2571428571428,1984.5392857142856,0.1,48.99285714285661,496.9285714285661,1.4482685810810478,TP,2023Q2,2023,13
2517,61592,2023-04-25 03:00:00,61593,2023-04-25 03:30:00,SELL,1994.83,1998.3474999999999,1998.3474999999999,1989.55375,0.1,-35.874999999999275,-351.7499999999927,-1.0,SL,2023Q2,2023,1
2518,61594,2023-04-25 04:00:00,61594,2023-04-25 04:00:00,SELL,1996.85,2000.6396428571427,2000.6396428571427,1991.1655357142856,0.1,-38.59642857142781,-378.96428571427805,-1.0,SL,2023Q2,2023,0
2519,61595,2023-04-25 04:30:00,61599,2023-04-25 06:30:00,SELL,1999.49,1993.8328571428572,2003.2614285714285,1993.8328571428572,0.1,55.87142857142844,565.7142857142844,1.454444031238407,TP,2023Q2,2023,4
2520,61711,2023-04-27 16:30:00,61718,2023-04-27 20:00:00,BUY,1979.71,1990.2142857142858,1972.707142857143,1990.2142857142858,0.1,104.34285714285743,1050.4285714285743,1.4752575237326109,TP,2023Q2,2023,7
2521,61794,2023-05-01 12:00:00,61795,2023-05-01 12:30:00,BUY,1977.44,1982.635892857143,1973.9760714285715,1982.635892857143,0.1,51.258928571430076,519.5892857143008,1.450480040424489,TP,2023Q2,2023,1
2522,61801,2023-05-01 15:30:00,61801,2023-05-01 15:30:00,SELL,1997.29,2002.0707142857143,2002.0707142857143,1990.1189285714283,0.1,-48.50714285714339,-478.0714285714339,-1.0,SL,2023Q2,2023,0
2523,61802,2023-05-01 16:00:00,61804,2023-05-01 17:00:00,SELL,2003.87,1995.670357142857,2009.3364285714285,1995.670357142857,0.1,81.29642857142862,819.9642857142862,1.468391175332195,TP,2023Q2,2023,2
2524,61851,2023-05-02 17:30:00,61851,2023-05-02 17:30:00,SELL,2002.83,2008.7464285714284,2008.7464285714284,1993.955357142857,0.1,-59.86428571428469,-591.6428571428469,-1.0,SL,2023Q2,2023,0
2525,61852,2023-05-02 18:00:00,61853,2023-05-02 18:30:00,SELL,2008.45,2015.172142857143,2015.172142857143,1998.3667857142857,0.1,-67.92142857142899,-672.2142857142899,-1.0,SL,2023Q2,2023,1
2526,61854,2023-05-02 19:00:00,61897,2023-05-03 17:30:00,SELL,2014.3,2021.7603571428572,2021.7603571428572,2003.1094642857142,0.1,-75.3035714285722,-746.035714285722,-1.0,SL,2023Q2,2023,43
2527,61899,2023-05-03 18:30:00,61904,2023-05-03 21:00:00,SELL,2025.31,2031.6699999999998,2031.6699999999998,2015.77,0.1,-64.299999999999,-635.99999999999,-1.0,SL,2023Q2,2023,5
2528,61911,2023-05-04 01:30:00,61928,2023-05-04 10:00:00,SELL,2057.92,2035.72375,2072.7175,2035.72375,0.1,221.26249999999965,2219.6249999999964,1.4882293593408291,TP,2023Q2,2023,17
2529,61943,2023-05-04 17:30:00,61974,2023-05-05 10:00:00,SELL,2054.66,2041.6742857142856,2063.3171428571427,2041.6742857142856,0.1,129.15714285714267,1298.5714285714266,1.479947618268129,TP,2023Q2,2023,31
2530,61986,2023-05-05 16:00:00,61987,2023-05-05 16:30:00,BUY,2010.6,2003.4707142857142,2003.4707142857142,2021.2939285714285,0.1,-71.99285714285743,-712.9285714285743,-1.0,SL,2023Q2,2023,1
2531,61988,2023-05-05 17:00:00,61993,2023-05-05 19:30:00,BUY,2004.06,2017.010357142857,1995.4264285714285,2017.010357142857,0.1,128.80357142857002,1295.0357142857001,1.4798933114484762,TP,2023Q2,2023,5
2532,62002,2023-05-08 01:00:00,62014,2023-05-08 07:00:00,BUY,2015.77,2024.4453571428571,2009.9864285714286,2024.4453571428571,0.1,86.05357142857137,867.5357142857138,1.470103721781593,TP,2023Q2,2023,12
2533,62097,2023-05-10 02:30:00,62103,2023-05-10 05:30:00,SELL,2036.83,2031.61,2040.31,2031.61,0.1,51.50000000000027,522.0000000000027,1.4507042253521127,TP,2023Q2,2023,6
2534,62124,2023-05-10 16:00:00,62124,2023-05-10 16:00:00,SELL,2045.52,2035.9478571428572,2051.9014285714284,2035.9478571428572,0.1,95.02142857142807,957.2142857142808,1.4728742249778908,TP,2023Q2,2023,0
2535,62161,2023-05-11 11:30:00,62165,2023-05-11 13:30:00,BUY,2022.88,2028.7380357142858,2018.974642857143,2028.7380357142858,0.1,57.880357142857335,585.8035714285734,1.4559787979516665,TP,2023Q2,2023,4
2536,62190,2023-05-12 03:00:00,62192,2023-05-12 04:00:00,BUY,2016.48,2013.4285714285716,2013.4285714285716,2021.0571428571427,0.1,-31.214285714284596,-305.14285714284597,-1.0,SL,2023Q2,2023,2
2537,62193,2023-05-12 04:30:00,62195,2023-05-12 05:30:00,BUY,2011.65,2008.9328571428573,2008.9328571428573,2015.7257142857143,0.1,-27.871428571427895,-271.71428571427896,-1.0,SL,2023Q2,2023,2
2538,62196,2023-05-12 06:00:00,62202,2023-05-12 09:00:00,BUY,2010.84,2007.8024999999998,2007.8024999999998,2015.39625,0.1,-31.075000000001364,-303.75000000001364,-1.0,SL,2023Q2,2023,6
2539,62203,2023-05-12 09:30:00,62208,2023-05-12 12:00:00,BUY,2008.96,2005.195,2005.195,2014.6075000000003,0.1,-38.350000000001,-376.50000000001,-1.0,SL,2023Q2,2023,5
2540,62209,2023-05-12 12:30:00,62209,2023-05-12 12:30:00,BUY,2006.78,2002.4235714285714,2002.4235714285714,2013.3146428571429,0.1,-44.264285714285236,-435.64285714285234,-1.0,SL,2023Q2,2023,0
2541,62210,2023-05-12 13:00:00,62215,2023-05-12 15:30:00,BUY,2003.01,2009.9608928571429,1998.3760714285713,2009.9608928571429,0.1,68.8089285714289,695.089285714289,1.462797054134059,TP,2023Q2,2023,5
2542,62295,2023-05-16 09:30:00,62295,2023-05-16 09:30:00,BUY,2006.77,2003.4367857142856,2003.4367857142856,2011.7698214285715,0.1,-34.032142857143484,-333.3214285714348,-1.0,SL,2023Q2,2023,0
2543,62296,2023-05-16 10:00:00,62306,2023-05-16 15:00:00,BUY,2007.33,2003.55,2003.55,2013.0,0.1,-38.49999999999973,-377.99999999999727,-1.0,SL,2023Q2,2023,10
2544,62314,2023-05-16 19:00:00,62315,2023-05-16 19:30:00,BUY,1996.14,1989.722142857143,1989.722142857143,2005.7667857142858,0.1,-64.87857142857202,-641.7857142857201,-1.0,SL,2023Q2,2023,1
2545,62316,2023-05-16 20:00:00,62355,2023-05-17 16:30:00,BUY,1987.72,1980.4278571428572,1980.4278571428572,1998.6582142857144,0.1,-73.62142857142835,-729.2142857142835,-1.0,SL,2023Q2,2023,39
2546,62356,2023-05-17 17:00:00,62378,2023-05-18 05:00:00,BUY,1977.79,1985.27125,1972.8025,1985.27125,0.1,74.11250000000045,748.1250000000045,1.4653979238754546,TP,2023Q2,2023,22
2547,62384,2023-05-18 08:00:00,62385,2023-05-18 08:30:00,BUY,1979.97,1977.4296428571429,1977.4296428571429,1983.7805357142859,0.1,-26.103571428571467,-254.03571428571468,-1.0,SL,2023Q2,2023,1
2548,62386,2023-05-18 09:00:00,62389,2023-05-18 10:30:00,BUY,1978.31,1975.817857142857,1975.817857142857,1982.0482142857143,0.1,-25.621428571428805,-249.21428571428805,-1.0,SL,2023Q2,2023,3
2549,62390,2023-05-18 11:00:00,62399,2023-05-18 15:30:00,BUY,1974.71,1970.8903571428573,1970.8903571428573,1980.4394642857144,0.1,-38.896428571427535,-381.9642857142753,-1.0,SL,2023Q2,2023,9
2550,62400,2023-05-18 16:00:00,62400,2023-05-18 16:00:00,BUY,1967.17,1962.2521428571429,1962.2521428571429,1974.5467857142858,0.1,-49.878571428572016,-491.78571428572013,-1.0,SL,2023Q2,2023,0
2551,62401,2023-05-18 16:30:00,62403,2023-05-18 17:30:00,BUY,1960.14,1954.7303571428572,1954.7303571428572,1968.2544642857144,0.1,-54.79642857142899,-540.9642857142899,-1.0,SL,2023Q2,2023,2
2552,62404,2023-05-18 18:00:00,62428,2023-05-19 07:00:00,BUY,1955.53,1963.8035714285716,1950.0142857142857,1963.8035714285716,0.1,82.03571428571585,827.3571428571586,1.468670076726383,TP,2023Q2,2023,24
2553,62456,2023-05-19 21:00:00,62478,2023-05-22 09:00:00,SELL,1982.99,1971.8605357142858,1990.409642857143,1971.8605357142858,0.1,110.5946428571422,1112.946428571422,1.4766343998855411,TP,2023Q2,2023,22
2554,62514,2023-05-23 04:00:00,62515,2023-05-23 04:30:00,BUY,1967.34,1964.4846428571427,1964.4846428571427,1971.6230357142856,0.1,-29.253571428572013,-285.53571428572013,-1.0,SL,2023Q2,2023,1
2555,62516,2023-05-23 05:00:00,62526,2023-05-23 10:00:00,BUY,1960.54,1957.3182142857142,1957.3182142857142,1965.3726785714284,0.1,-32.91785714285716,-322.17857142857156,-1.0,SL,2023Q2,2023,10
2556,62527,2023-05-23 10:30:00,62538,2023-05-23 16:00:00,BUY,1957.37,1964.920357142857,1952.3364285714285,1964.920357142857,0.1,74.80357142857137,755.0357142857138,1.4657102869139473,TP,2023Q2,2023,11
2557,62559,2023-05-24 03:30:00,62569,2023-05-24 08:30:00,SELL,1976.35,1979.5449999999998,1979.5449999999998,1971.5575,0.1,-32.649999999999366,-319.49999999999363,-1.0,SL,2023Q2,2023,10
2558,62570,2023-05-24 09:00:00,62571,2023-05-24 09:30:00,SELL,1979.27,1974.5096428571428,1982.4435714285714,1974.5096428571428,0.1,46.90357142857174,476.0357142857174,1.44604712618366,TP,2023Q2,2023,1
2559,62591,2023-05-24 19:30:00,62629,2023-05-25 15:30:00,BUY,1957.9,1951.1532142857143,1951.1532142857143,1968.0201785714287,0.1,-68.16785714285807,-674.6785714285807,-1.0,SL,2023Q2,2023,38
2560,62630,2023-05-25 16:00:00,62630,2023-05-25 16:00:00,BUY,1943.73,1953.2426785714288,1937.3882142857142,1953.2426785714288,0.1,94.4267857142875,951.2678571428751,1.4727065114465554,TP,2023Q2,2023,0
2561,62644,2023-05-25 23:00:00,62660,2023-05-26 08:00:00,BUY,1940.35,1948.93375,1934.6275,1948.93375,0.1,85.13750000000009,858.3750000000009,1.4697885196375007,TP,2023Q2,2023,16
2562,62746,2023-05-30 07:30:00,62747,2023-05-30 08:00:00,BUY,1938.7,1935.8103571428571,1935.8103571428571,1943.0344642857144,0.1,-29.59642857142917,-288.9642857142917,-1.0,SL,2023Q2,2023,1
2563,62748,2023-05-30 08:30:00,62752,2023-05-30 10:30:00,BUY,1935.2,1940.465,1931.69,1940.465,0.1,51.949999999998724,526.4999999999873,1.4511173184357222,TP,2023Q2,2023,4
2564,62761,2023-05-30 15:00:00,62810,2023-05-31 16:30:00,SELL,1960.15,1966.6578571428572,1966.6578571428572,1950.3882142857144,0.1,-65.7785714285712,-650.785714285712,-1.0,SL,2023Q2,2023,49
2565,62811,2023-05-31 17:00:00,62811,2023-05-31 17:00:00,SELL,1969.67,1961.099107142857,1975.383928571429,1961.099107142857,0.1,85.00892857143008,857.0892857143008,1.469743748070354,TP,2023Q2,2023,0
2566,62860,2023-06-01 18:30:00,62902,2023-06-02 16:30:00,SELL,1978.85,1968.0291071428571,1986.0639285714285,1968.0291071428571,0.1,107.5089285714278,1082.089285714278,1.4759745035547773,TP,2023Q2,2023,42
2567,62908,2023-06-02 19:30:00,62914,2023-06-02 22:30:00,BUY,1956.26,1948.5875,1948.5875,1967.76875,0.1,-77.424999999999,-767.24999999999,-1.0,SL,2023Q2,2023,6
2568,62915,2023-06-02 23:00:00,62933,2023-06-05 09:00:00,BUY,1948.81,1942.3021428571428,1942.3021428571428,1958.5717857142856,0.1,-65.7785714285712,-650.785714285712,-1.0,SL,2023Q2,2023,18
2569,62934,2023-06-05 09:30:00,62936,2023-06-05 10:30:00,BUY,1943.0,1939.2896428571428,1939.2896428571428,1948.5655357142857,0.1,-37.8035714285722,-371.03571428572195,-1.0,SL,2023Q2,2023,2
2570,62937,2023-06-05 11:00:00,62940,2023-06-05 12:30:00,BUY,1940.02,1945.8378571428573,1936.1414285714286,1945.8378571428573,0.1,57.47857142857292,581.7857142857292,1.455680173661417,TP,2023Q2,2023,3
2571,62944,2023-06-05 14:30:00,62948,2023-06-05 16:30:00,BUY,1940.24,1947.2616071428572,1935.5589285714286,1947.2616071428572,0.1,69.51607142857192,702.1607142857192,1.4631662031121033,TP,2023Q2,2023,4
2572,62965,2023-06-06 02:00:00,62982,2023-06-06 10:30:00,SELL,1962.27,1957.141607142857,1965.6889285714285,1957.141607142857,0.1,50.583928571428984,512.8392857142899,1.4498413348347128,TP,2023Q2,2023,17
2573,63016,2023-06-07 04:30:00,63017,2023-06-07 05:00:00,SELL,1966.33,1963.5271428571427,1968.1985714285713,1963.5271428571427,0.1,27.328571428571923,280.2857142857192,1.4097273397200272,TP,2023Q2,2023,1
2574,63046,2023-06-07 19:30:00,63084,2023-06-08 15:30:00,BUY,1942.55,1953.5605357142856,1935.2096428571429,1953.5605357142856,0.1,109.40535714285652,1101.0535714285652,1.4763844040676657,TP,2023Q2,2023,38
2575,63085,2023-06-08 16:00:00,63086,2023-06-08 16:30:00,SELL,1959.21,1963.9510714285714,1963.9510714285714,1952.098392857143,0.1,-48.110714285713314,-474.1071428571331,-1.0,SL,2023Q2,2023,1
2576,63087,2023-06-08 17:00:00,63130,2023-06-09 15:30:00,SELL,1966.58,1971.9414285714286,1971.9414285714286,1958.537857142857,0.1,-54.31428571428633,-536.1428571428632,-1.0,SL,2023Q2,2023,43
2577,63154,2023-06-12 04:30:00,63162,2023-06-12 08:30:00,BUY,1956.31,1959.9983928571428,1953.8510714285715,1959.9983928571428,0.1,36.18392857142844,368.8392857142844,1.4308007343595963,TP,2023Q2,2023,8
2578,63239,2023-06-14 01:00:00,63258,2023-06-14 10:30:00,BUY,1943.22,1950.51,1938.3600000000001,1950.51,0.1,72.19999999999963,728.9999999999964,1.464503042596371,TP,2023Q2,2023,19
2579,63293,2023-06-15 05:00:00,63313,2023-06-15 15:00:00,BUY,1933.41,1926.2260714285715,1926.2260714285715,1944.185892857143,0.1,-72.53928571428624,-718.3928571428623,-1.0,SL,2023Q2,2023,20
2580,63314,2023-06-15 15:30:00,63315,2023-06-15 16:00:00,BUY,1925.87,1934.1564285714285,1920.3457142857142,1934.1564285714285,0.1,82.16428571428587,828.6428571428587,1.4687180796731358,TP,2023Q2,2023,1
2581,63318,2023-06-15 17:30:00,63358,2023-06-16 14:30:00,SELL,1958.22,1966.2139285714286,1966.2139285714286,1946.2291071428572,0.1,-80.63928571428569,-799.3928571428569,-1.0,SL,2023Q2,2023,40
2582,63359,2023-06-16 15:00:00,63361,2023-06-16 16:00:00,SELL,1965.51,1959.8785714285714,1969.2642857142857,1959.8785714285714,0.1,55.61428571428614,563.1428571428614,1.4542398206948077,TP,2023Q2,2023,2
2583,63405,2023-06-19 15:00:00,63418,2023-06-20 01:00:00,BUY,1948.65,1953.6851785714287,1945.2932142857144,1953.6851785714287,0.1,49.651785714285595,503.517857142856,1.4489317352787907,TP,2023Q2,2023,13
2584,63449,2023-06-20 16:30:00,63449,2023-06-20 16:30:00,BUY,1938.73,1933.8014285714285,1933.8014285714285,1946.1228571428574,0.1,-49.98571428571559,-492.85714285715585,-1.0,SL,2023Q2,2023,0
2585,63450,2023-06-20 17:00:00,63493,2023-06-21 15:30:00,BUY,1931.91,1926.4382142857144,1926.4382142857144,1940.1176785714288,0.1,-55.41785714285716,-547.1785714285716,-1.0,SL,2023Q2,2023,43
2586,63541,2023-06-22 16:30:00,63543,2023-06-22 17:30:00,BUY,1920.7,1915.72,1915.72,1928.17,0.1,-50.500000000000185,-498.0000000000018,-1.0,SL,2023Q2,2023,2
2587,63544,2023-06-22 18:00:00,63585,2023-06-23 15:30:00,BUY,1915.41,1924.8326785714287,1909.1282142857144,1924.8326785714287,0.1,93.52678571428605,942.2678571428605,1.4724486927186007,TP,2023Q2,2023,41
2588,63586,2023-06-23 16:00:00,63586,2023-06-23 16:00:00,SELL,1928.83,1933.5271428571427,1933.5271428571427,1921.7842857142857,0.1,-47.67142857142808,-469.7142857142808,-1.0,SL,2023Q2,2023,0
2589,63587,2023-06-23 16:30:00,63588,2023-06-23 17:00:00,SELL,1934.18,1926.5894642857145,1939.2403571428572,1926.5894642857145,0.1,75.20535714285579,759.0535714285579,1.4658893143055816,TP,2023Q2,2023,1
2590,63623,2023-06-26 11:30:00,63633,2023-06-26 16:30:00,SELL,1932.04,1926.3748214285713,1935.8167857142857,1926.3748214285713,0.1,55.951785714286686,566.5178571428669,1.4545074737721666,TP,2023Q2,2023,10
2591,63701,2023-06-28 04:30:00,63711,2023-06-28 09:30:00,BUY,1914.4,1911.8671428571429,1911.8671428571429,1918.199285714286,0.1,-26.028571428572103,-253.28571428572104,-1.0,SL,2023Q2,2023,10
2592,63712,2023-06-28 10:00:00,63717,2023-06-28 12:30:00,BUY,1910.97,1907.8382142857142,1907.8382142857142,1915.6676785714287,0.1,-32.01785714285798,-313.17857142857974,-1.0,SL,2023Q2,2023,5
2593,63718,2023-06-28 13:00:00,63725,2023-06-28 16:30:00,BUY,1907.48,1903.9892857142856,1903.9892857142856,1912.7160714285715,0.1,-35.60714285714376,-349.07142857143754,-1.0,SL,2023Q2,2023,7
2594,63750,2023-06-29 06:00:00,63765,2023-06-29 13:30:00,BUY,1904.73,1909.5176785714286,1901.5382142857143,1909.5176785714286,0.1,47.17678571428614,478.76785714286143,1.4463484068761636,TP,2023Q2,2023,15
2595,63770,2023-06-29 16:00:00,63772,2023-06-29 17:00:00,BUY,1896.3,1904.0801785714286,1891.113214285714,1904.0801785714286,0.1,77.10178571428678,778.0178571428678,1.466709694952082,TP,2023Q2,2023,2
2596,63825,2023-06-30 20:30:00,63851,2023-07-03 10:30:00,SELL,1921.15,1913.093392857143,1926.5210714285715,1913.093392857143,0.1,79.86607142857046,805.6607142857047,1.467837216934669,TP,2023Q2,2023,26
2597,63864,2023-07-03 17:00:00,63880,2023-07-04 02:00:00,SELL,1927.28,1920.1651785714284,1932.0232142857142,1920.1651785714284,0.1,70.44821428571531,711.4821428571531,1.4636417600356626,TP,2023Q3,2023,16
2598,63885,2023-07-04 04:30:00,63889,2023-07-04 06:30:00,SELL,1922.18,1923.6092857142858,1923.6092857142858,1920.0360714285714,0.1,-14.992857142856973,-142.92857142856974,-1.0,SL,2023Q3,2023,4
2599,63891,2023-07-04 07:30:00,63894,2023-07-04 09:00:00,SELL,1923.44,1925.2164285714287,1925.2164285714287,1920.7753571428573,0.1,-18.46428571428596,-177.6428571428596,-1.0,SL,2023Q3,2023,3
2600,63895,2023-07-04 09:30:00,63897,2023-07-04 10:30:00,SELL,1925.93,1928.1189285714286,1928.1189285714286,1922.6466071428572,0.1,-22.58928571428505,-218.89285714285052,-1.0,SL,2023Q3,2023,2
2601,63898,2023-07-04 11:00:00,63900,2023-07-04 12:00:00,SELL,1927.9,1930.3867857142857,1930.3867857142857,1924.1698214285716,0.1,-25.567857142855882,-248.67857142855883,-1.0,SL,2023Q3,2023,2
2602,63901,2023-07-04 12:30:00,63914,2023-07-04 19:00:00,SELL,1929.55,1925.6783928571429,1932.1310714285714,1925.6783928571429,0.1,38.01607142857101,387.1607142857101,1.4339889532533598,TP,2023Q3,2023,13
2603,63965,2023-07-06 01:00:00,63980,2023-07-06 08:30:00,BUY,1914.82,1920.6426785714286,1910.9382142857141,1920.6426785714286,0.1,57.52678571428696,582.2678571428696,1.4557162223226396,TP,2023Q3,2023,15
2604,63995,2023-07-06 16:00:00,64030,2023-07-07 10:30:00,BUY,1906.43,1915.7289285714287,1900.2307142857144,1915.7289285714287,0.1,92.28928571428632,929.8928571428632,1.472086134214442,TP,2023Q3,2023,35
2605,64044,2023-07-07 17:30:00,64044,2023-07-07 17:30:00,SELL,1927.93,1933.9107142857142,1933.9107142857142,1918.9589285714287,0.1,-60.507142857141574,-598.0714285714157,-1.0,SL,2023Q3,2023,0
2606,64045,2023-07-07 18:00:00,64057,2023-07-10 01:00:00,SELL,1933.61,1924.0780357142855,1939.9646428571427,1924.0780357142855,0.1,94.61964285714366,953.1964285714366,1.4727611318027858,TP,2023Q3,2023,12
2607,64120,2023-07-11 09:30:00,64120,2023-07-11 09:30:00,SELL,1931.55,1934.4889285714285,1934.4889285714285,1927.141607142857,0.1,-30.08928571428505,-293.8928571428505,-1.0,SL,2023Q3,2023,0
2608,64121,2023-07-11 10:00:00,64121,2023-07-11 10:00:00,SELL,1936.06,1930.7066071428571,1939.6289285714286,1930.7066071428571,0.1,52.833928571428075,535.3392857142808,1.4519089213857774,TP,2023Q3,2023,0
2609,64124,2023-07-11 11:30:00,64157,2023-07-12 05:00:00,SELL,1935.96,1940.4514285714286,1940.4514285714286,1929.2228571428573,0.1,-45.614285714285145,-449.1428571428514,-1.0,SL,2023Q3,2023,33
2610,64158,2023-07-12 05:30:00,64166,2023-07-12 09:30:00,SELL,1940.16,1936.7464285714286,1942.4357142857143,1936.7464285714286,0.1,33.43571428571458,341.35714285714585,1.4253958587089381,TP,2023Q3,2023,8
2611,64180,2023-07-12 16:30:00,64180,2023-07-12 16:30:00,SELL,1951.05,1956.33,1956.33,1943.13,0.1,-53.49999999999973,-527.9999999999973,-1.0,SL,2023Q3,2023,0
2612,64181,2023-07-12 17:00:00,64204,2023-07-13 05:30:00,SELL,1955.94,1961.600357142857,1961.600357142857,1947.4494642857144,0.1,-57.30357142857038,-566.0357142857038,-1.0,SL,2023Q3,2023,23
2613,64205,2023-07-13 06:00:00,64208,2023-07-13 07:30:00,SELL,1959.94,1962.3582142857142,1962.3582142857142,1956.3126785714287,0.1,-24.88214285714157,-241.8214285714157,-1.0,SL,2023Q3,2023,3
2614,64209,2023-07-13 08:00:00,64211,2023-07-13 09:00:00,SELL,1957.12,1959.9699999999998,1959.9699999999998,1952.845,0.1,-29.19999999999909,-284.9999999999909,-1.0,SL,2023Q3,2023,2
2615,64212,2023-07-13 09:30:00,64224,2023-07-13 15:30:00,SELL,1962.12,1956.3985714285714,1965.9342857142856,1956.3985714285714,0.1,56.51428571428532,572.1428571428532,1.4549466715704298,TP,2023Q3,2023,12
2616,64249,2023-07-14 05:00:00,64256,2023-07-14 08:30:00,SELL,1962.72,1959.5185714285715,1964.8542857142859,1959.5185714285715,0.1,31.314285714285507,320.14285714285506,1.4206092028514896,TP,2023Q3,2023,7
2617,64290,2023-07-17 02:30:00,64302,2023-07-17 08:30:00,BUY,1952.22,1956.2603571428572,1949.5264285714286,1956.2603571428572,0.1,39.703571428571465,404.0357142857147,1.436676143706384,TP,2023Q3,2023,12
2618,64340,2023-07-18 04:30:00,64340,2023-07-18 04:30:00,SELL,1958.73,1955.8998214285714,1960.6167857142857,1955.8998214285714,0.1,27.601785714286326,283.01785714286325,1.4105676218288574,TP,2023Q3,2023,0
2619,64366,2023-07-18 17:30:00,64412,2023-07-19 17:30:00,SELL,1981.42,1970.5525,1988.665,1970.5525,0.1,107.97500000000063,1086.7500000000064,1.476076555023954,TP,2023Q3,2023,46
2620,64432,2023-07-20 04:30:00,64432,2023-07-20 04:30:00,SELL,1981.89,1984.095,1984.095,1978.5825,0.1,-22.74999999999927,-220.49999999999272,-1.0,SL,2023Q3,2023,0
2621,64433,2023-07-20 05:00:00,64435,2023-07-20 06:00:00,SELL,1984.85,1987.2467857142856,1987.2467857142856,1981.2548214285712,0.1,-24.6678571428567,-239.678571428567,-1.0,SL,2023Q3,2023,2
2622,64436,2023-07-20 06:30:00,64440,2023-07-20 08:30:00,SELL,1986.38,1982.305892857143,1989.0960714285716,1982.305892857143,0.1,40.04107142857201,407.41071428572013,1.4371875400589675,TP,2023Q3,2023,4
2623,64491,2023-07-21 11:00:00,64491,2023-07-21 11:00:00,BUY,1964.39,1961.4789285714287,1961.4789285714287,1968.756607142857,0.1,-29.810714285714038,-291.1071428571404,-1.0,SL,2023Q3,2023,0
2624,64492,2023-07-21 11:30:00,64501,2023-07-21 16:00:00,BUY,1963.82,1960.7042857142858,1960.7042857142858,1968.4935714285714,0.1,-31.85714285714148,-311.5714285714148,-1.0,SL,2023Q3,2023,9
2625,64521,2023-07-24 03:00:00,64523,2023-07-24 04:00:00,BUY,1961.34,1959.27,1959.27,1964.445,0.1,-21.399999999999363,-206.99999999999363,-1.0,SL,2023Q3,2023,2
2626,64524,2023-07-24 04:30:00,64533,2023-07-24 09:00:00,BUY,1960.15,1958.0414285714287,1958.0414285714287,1963.3128571428572,0.1,-21.785714285713947,-210.85714285713948,-1.0,SL,2023Q3,2023,9
2627,64566,2023-07-25 02:30:00,64569,2023-07-25 04:00:00,BUY,1954.13,1958.1125000000002,1951.4750000000001,1958.1125000000002,0.1,39.125000000000725,398.2500000000073,1.4357798165138025,TP,2023Q3,2023,3
2628,64626,2023-07-26 09:30:00,64630,2023-07-26 11:30:00,SELL,1969.8,1972.395,1972.395,1965.9075,0.1,-26.650000000000272,-259.50000000000273,-1.0,SL,2023Q3,2023,4
2629,64631,2023-07-26 12:00:00,64640,2023-07-26 16:30:00,SELL,1971.98,1967.615,1974.89,1967.615,0.1,42.95000000000009,436.5000000000009,1.4412751677851983,TP,2023Q3,2023,9
2630,64664,2023-07-27 05:30:00,64683,2023-07-27 15:00:00,SELL,1980.08,1973.0985714285714,1984.7342857142858,1973.0985714285714,0.1,69.11428571428523,698.1428571428523,1.462957363168988,TP,2023Q3,2023,19
2631,64685,2023-07-27 16:00:00,64686,2023-07-27 16:30:00,BUY,1960.34,1953.8835714285715,1953.8835714285715,1970.0246428571427,0.1,-65.26428571428433,-645.6428571428432,-1.0,SL,2023Q3,2023,1
2632,64687,2023-07-27 17:00:00,64727,2023-07-28 14:00:00,BUY,1945.32,1957.0730357142857,1937.4846428571427,1957.0730357142857,0.1,116.83035714285715,1175.3035714285716,1.4778631127174016,TP,2023Q3,2023,40
2633,64779,2023-07-31 17:00:00,64796,2023-08-01 02:30:00,SELL,1971.25,1964.1110714285714,1976.0092857142859,1964.1110714285714,0.1,70.6892857142855,713.8928571428551,1.463762756988565,TP,2023Q3,2023,17
2634,64822,2023-08-01 15:30:00,64822,2023-08-01 15:30:00,BUY,1951.34,1947.4946428571427,1947.4946428571427,1957.1080357142855,0.1,-39.15357142857211,-384.53571428572104,-1.0,SL,2023Q3,2023,0
2635,64823,2023-08-01 16:00:00,64825,2023-08-01 17:00:00,BUY,1946.96,1953.4126785714286,1942.6582142857144,1953.4126785714286,0.1,63.826785714285776,645.2678571428578,1.459970590638045,TP,2023Q3,2023,2
2636,64826,2023-08-01 17:30:00,64865,2023-08-02 14:00:00,BUY,1945.19,1953.322142857143,1939.7685714285715,1953.322142857143,0.1,80.6214285714298,813.2142857142981,1.4681321540062642,TP,2023Q3,2023,39
2637,64872,2023-08-02 17:30:00,64913,2023-08-03 15:00:00,BUY,1935.47,1929.8760714285715,1929.8760714285715,1943.860892857143,0.1,-56.63928571428478,-559.3928571428478,-1.0,SL,2023Q3,2023,41
2638,65031,2023-08-08 05:00:00,65032,2023-08-08 05:30:00,BUY,1931.72,1934.96,1929.56,1934.96,0.1,31.70000000000009,324.0000000000009,1.421524663677082,TP,2023Q3,2023,1
2639,65075,2023-08-09 04:00:00,65076,2023-08-09 04:30:00,BUY,1925.1,1927.7148214285712,1923.3567857142857,1927.7148214285712,0.1,25.44821428571304,261.4821428571304,1.403486310813468,TP,2023Q3,2023,1
2640,65103,2023-08-09 18:00:00,65144,2023-08-10 15:30:00,BUY,1917.47,1923.9917857142857,1913.1221428571428,1923.9917857142857,0.1,64.5178571428567,652.178571428567,1.4603880355698766,TP,2023Q3,2023,41
2641,65258,2023-08-15 03:30:00,65260,2023-08-15 04:30:00,BUY,1906.36,1904.3435714285713,1904.3435714285713,1909.3846428571428,0.1,-20.86428571428605,-201.64285714286052,-1.0,SL,2023Q3,2023,2
2642,65342,2023-08-16 22:30:00,65373,2023-08-17 15:00:00,BUY,1893.14,1899.8498214285717,1888.6667857142859,1899.8498214285717,0.1,66.39821428571558,670.9821428571558,1.4614810156434737,TP,2023Q3,2023,31
2643,65445,2023-08-21 05:00:00,65445,2023-08-21 05:00:00,BUY,1885.59,1889.1048214285713,1883.2467857142856,1889.1048214285713,0.1,34.448214285713945,351.4821428571395,1.427482610625972,TP,2023Q3,2023,0
2644,65489,2023-08-22 04:00:00,65489,2023-08-22 04:00:00,SELL,1895.39,1896.899642857143,1896.899642857143,1893.1255357142857,0.1,-15.796428571428077,-150.96428571428078,-1.0,SL,2023Q3,2023,0
2645,65490,2023-08-22 04:30:00,65499,2023-08-22 09:00:00,SELL,1896.24,1897.7603571428572,1897.7603571428572,1893.9594642857141,0.1,-15.903571428571649,-152.0357142857165,-1.0,SL,2023Q3,2023,9
2646,65500,2023-08-22 09:30:00,65506,2023-08-22 12:30:00,SELL,1899.8,1902.8825,1902.8825,1895.17625,0.1,-31.524999999999817,-308.2499999999982,-1.0,SL,2023Q3,2023,6
2647,65507,2023-08-22 13:00:00,65512,2023-08-22 15:30:00,SELL,1902.74,1897.2451785714286,1906.4032142857143,1897.2451785714286,0.1,54.24821428571413,549.4821428571413,1.4531235052138138,TP,2023Q3,2023,5
2648,65534,2023-08-23 03:30:00,65535,2023-08-23 04:00:00,SELL,1899.7,1901.1432142857143,1901.1432142857143,1897.5351785714286,0.1,-15.13214285714248,-144.3214285714248,-1.0,SL,2023Q3,2023,1
2649,65536,2023-08-23 04:30:00,65537,2023-08-23 05:00:00,SELL,1901.37,1903.0446428571427,1903.0446428571427,1898.8580357142857,0.1,-17.446428571427713,-167.46428571427714,-1.0,SL,2023Q3,2023,1
2650,65543,2023-08-23 08:00:00,65550,2023-08-23 11:30:00,SELL,1903.22,1905.2782142857143,1905.2782142857143,1900.1326785714286,0.1,-21.28214285714257,-205.8214285714257,-1.0,SL,2023Q3,2023,7
2651,65560,2023-08-23 16:30:00,65560,2023-08-23 16:30:00,SELL,1910.6,1914.8717857142856,1914.8717857142856,1904.1923214285714,0.1,-43.417857142856704,-427.178571428567,-1.0,SL,2023Q3,2023,0
2652,65561,2023-08-23 17:00:00,65592,2023-08-24 09:30:00,SELL,1917.84,1923.0310714285713,1923.0310714285713,1910.0533928571429,0.1,-52.61071428571377,-519.1071428571377,-1.0,SL,2023Q3,2023,31
2653,65593,2023-08-24 10:00:00,65602,2023-08-24 14:30:00,SELL,1921.53,1917.8175,1924.0049999999999,1917.8175,0.1,36.42499999999863,371.24999999998636,1.4312377210216085,TP,2023Q3,2023,9
2654,65655,2023-08-25 18:00:00,65659,2023-08-25 20:00:00,BUY,1904.72,1912.1996428571429,1899.7335714285714,1912.1996428571429,0.1,74.09642857142835,747.9642857142835,1.4653905918914878,TP,2023Q3,2023,4
2655,65703,2023-08-28 19:00:00,65705,2023-08-28 20:00:00,SELL,1924.64,1919.0969642857144,1928.3353571428572,1919.0969642857144,0.1,54.73035714285679,554.3035714285679,1.4535236649909888,TP,2023Q3,2023,2
2656,65719,2023-08-29 04:00:00,65722,2023-08-29 05:30:00,SELL,1921.53,1923.222857142857,1923.222857142857,1918.9907142857144,0.1,-17.62857142857065,-169.2857142857065,-1.0,SL,2023Q3,2023,3
2657,65723,2023-08-29 06:00:00,65723,2023-08-29 06:00:00,SELL,1923.77,1925.3128571428572,1925.3128571428572,1921.4557142857143,0.1,-16.128571428572013,-154.28571428572013,-1.0,SL,2023Q3,2023,0
2658,65724,2023-08-29 06:30:00,65731,2023-08-29 10:00:00,SELL,1925.32,1922.8401785714284,1926.9732142857142,1922.8401785714284,0.1,24.098214285715404,247.98214285715403,1.3984455958549882,TP,2023Q3,2023,7
2659,65746,2023-08-29 17:30:00,65781,2023-08-30 12:00:00,SELL,1933.87,1938.5349999999999,1938.5349999999999,1926.8724999999997,0.1,-47.34999999999964,-466.49999999999636,-1.0,SL,2023Q3,2023,35
2660,65782,2023-08-30 12:30:00,65787,2023-08-30 15:00:00,SELL,1938.37,1940.3467857142857,1940.3467857142857,1935.4048214285713,0.1,-20.467857142858247,-197.67857142858247,-1.0,SL,2023Q3,2023,5
2661,65788,2023-08-30 15:30:00,65788,2023-08-30 15:30:00,SELL,1940.62,1943.205357142857,1943.205357142857,1936.7419642857142,0.1,-26.553571428572194,-258.53571428572195,-1.0,SL,2023Q3,2023,0
2662,65789,2023-08-30 16:00:00,65790,2023-08-30 16:30:00,SELL,1945.0,1947.9860714285714,1947.9860714285714,1940.5208928571428,0.1,-30.560714285714493,-298.60714285714494,-1.0,SL,2023Q3,2023,1
2663,65791,2023-08-30 17:00:00,65805,2023-08-31 01:00:00,SELL,1947.3,1941.9723214285714,1950.8517857142856,1941.9723214285714,0.1,52.576785714285776,532.7678571428578,1.4516812937580423,TP,2023Q3,2023,14
2664,65806,2023-08-31 01:30:00,65811,2023-08-31 04:00:00,SELL,1944.64,1946.8567857142857,1946.8567857142857,1941.3148214285716,0.1,-22.867857142856064,-221.67857142856064,-1.0,SL,2023Q3,2023,5
2665,65812,2023-08-31 04:30:00,65822,2023-08-31 09:30:00,SELL,1946.39,1943.6948214285717,1948.1867857142856,1943.6948214285717,0.1,26.251785714284143,269.5178571428414,1.406255978572847,TP,2023Q3,2023,10
2666,65881,2023-09-01 16:00:00,65882,2023-09-01 16:30:00,SELL,1949.88,1945.468392857143,1952.8210714285715,1945.468392857143,0.1,43.416071428570646,441.1607142857065,1.4418811528881499,TP,2023Q3,2023,1
2667,65907,2023-09-04 06:00:00,65918,2023-09-04 11:30:00,SELL,1945.64,1942.8853571428572,1947.4764285714286,1942.8853571428572,0.1,26.84642857142926,275.4642857142926,1.4082053203447567,TP,2023Q3,2023,11
2668,65942,2023-09-05 03:00:00,65945,2023-09-05 04:30:00,BUY,1937.74,1936.3632142857143,1936.3632142857143,1939.8051785714285,0.1,-14.467857142856882,-137.67857142856883,-1.0,SL,2023Q3,2023,3
2669,65946,2023-09-05 05:00:00,65951,2023-09-05 07:30:00,BUY,1935.96,1938.1344642857143,1934.5103571428572,1938.1344642857143,0.1,21.044642857142936,217.44642857142935,1.3848413631022332,TP,2023Q3,2023,5
2670,65959,2023-09-05 11:30:00,65961,2023-09-05 12:30:00,BUY,1933.27,1930.7360714285714,1930.7360714285714,1937.0708928571428,0.1,-26.039285714285324,-253.39285714285325,-1.0,SL,2023Q3,2023,2
2671,65962,2023-09-05 13:00:00,65966,2023-09-05 15:00:00,BUY,1930.85,1928.485357142857,1928.485357142857,1934.3969642857141,0.1,-24.34642857142826,-236.4642857142826,-1.0,SL,2023Q3,2023,4
2672,65967,2023-09-05 15:30:00,65967,2023-09-05 15:30:00,BUY,1929.27,1933.6671428571428,1926.3385714285714,1933.6671428571428,0.1,43.27142857142853,439.7142857142853,1.441694431223227,TP,2023Q3,2023,0
2673,65971,2023-09-05 17:30:00,66014,2023-09-06 16:00:00,BUY,1926.58,1922.2021428571427,1922.2021428571427,1933.1467857142857,0.1,-44.47857142857238,-437.78571428572377,-1.0,SL,2023Q3,2023,43
2674,66019,2023-09-06 18:30:00,66059,2023-09-07 15:30:00,BUY,1916.08,1923.349107142857,1911.2339285714286,1923.349107142857,0.1,71.99107142857137,726.9107142857138,1.464402470032714,TP,2023Q3,2023,40
2675,66083,2023-09-08 04:30:00,66085,2023-09-08 05:30:00,SELL,1925.02,1926.9732142857142,1926.9732142857142,1922.0901785714286,0.1,-20.23214285714239,-195.3214285714239,-1.0,SL,2023Q3,2023,2
2676,66086,2023-09-08 06:00:00,66103,2023-09-08 14:30:00,SELL,1925.81,1922.9814285714285,1927.6957142857143,1922.9814285714285,0.1,27.58571428571422,282.8571428571422,1.4105186267347882,TP,2023Q3,2023,17
2677,66137,2023-09-11 08:30:00,66140,2023-09-11 10:00:00,SELL,1927.35,1929.8067857142858,1929.8067857142858,1923.6648214285713,0.1,-25.26785714285843,-245.6785714285843,-1.0,SL,2023Q3,2023,3
2678,66141,2023-09-11 10:30:00,66155,2023-09-11 17:30:00,SELL,1928.17,1924.2325,1930.795,1924.2325,0.1,38.675,393.75,1.435064935064935,TP,2023Q3,2023,14
2679,66194,2023-09-12 14:00:00,66194,2023-09-12 14:00:00,BUY,1915.71,1913.3121428571428,1913.3121428571428,1919.3067857142858,0.1,-24.678571428572194,-239.78571428572195,-1.0,SL,2023Q3,2023,0
2680,66195,2023-09-12 14:30:00,66196,2023-09-12 15:00:00,BUY,1913.04,1910.5832142857141,1910.5832142857141,1916.7251785714286,0.1,-25.26785714285843,-245.6785714285843,-1.0,SL,2023Q3,2023,1
2681,66197,2023-09-12 15:30:00,66201,2023-09-12 17:30:00,BUY,1910.14,1914.5628571428572,1907.1914285714288,1914.5628571428572,0.1,43.52857142857083,442.2857142857083,1.4420255560814363,TP,2023Q3,2023,4
2682,66220,2023-09-13 04:00:00,66221,2023-09-13 04:30:00,BUY,1912.69,1911.265,1911.265,1914.8275,0.1,-14.949999999999545,-142.49999999999545,-1.0,SL,2023Q3,2023,1
2683,66222,2023-09-13 05:00:00,66222,2023-09-13 05:00:00,BUY,1911.57,1909.995,1909.995,1913.9325000000001,0.1,-16.450000000000454,-157.50000000000455,-1.0,SL,2023Q3,2023,0
2684,66223,2023-09-13 05:30:00,66223,2023-09-13 05:30:00,BUY,1910.38,1908.747142857143,1908.747142857143,1912.8292857142858,0.1,-17.028571428571194,-163.28571428571195,-1.0,SL,2023Q3,2023,0
2685,66224,2023-09-13 06:00:00,66227,2023-09-13 07:30:00,BUY,1909.17,1911.7141071428573,1907.4739285714286,1911.7141071428573,0.1,24.741071428572287,254.41071428572286,1.4009100101112268,TP,2023Q3,2023,3
2686,66314,2023-09-15 05:00:00,66322,2023-09-15 09:00:00,SELL,1915.19,1917.104642857143,1917.104642857143,1912.3180357142858,0.1,-19.846428571430078,-191.4642857143008,-1.0,SL,2023Q3,2023,8
2687,66323,2023-09-15 09:30:00,66336,2023-09-15 16:00:00,SELL,1918.92,1921.3510714285715,1921.3510714285715,1915.2733928571429,0.1,-25.010714285713856,-243.10714285713857,-1.0,SL,2023Q3,2023,13
2688,66337,2023-09-15 16:30:00,66338,2023-09-15 17:00:00,SELL,1924.61,1928.12,1928.12,1919.345,0.1,-35.79999999999991,-350.9999999999991,-1.0,SL,2023Q3,2023,1
2689,66339,2023-09-15 17:30:00,66390,2023-09-18 20:00:00,SELL,1928.29,1932.1985714285713,1932.1985714285713,1922.4271428571428,0.1,-39.785714285713496,-390.85714285713493,-1.0,SL,2023Q3,2023,51
2690,66397,2023-09-18 23:30:00,66423,2023-09-19 13:30:00,SELL,1933.67,1936.7900000000002,1936.7900000000002,1928.99,0.1,-31.90000000000118,-312.0000000000118,-1.0,SL,2023Q3,2023,26
2691,66424,2023-09-19 14:00:00,66426,2023-09-19 15:00:00,SELL,1935.16,1937.1775000000002,1937.1775000000002,1932.13375,0.1,-20.875000000001545,-201.75000000001546,-1.0,SL,2023Q3,2023,2
2692,66476,2023-09-20 17:00:00,66476,2023-09-20 17:00:00,SELL,1940.47,1943.8760714285715,1943.8760714285715,1935.3608928571427,0.1,-34.760714285715224,-340.6071428571522,-1.0,SL,2023Q3,2023,0
2693,66477,2023-09-20 17:30:00,66478,2023-09-20 18:00:00,SELL,1942.38,1945.8953571428572,1945.8953571428572,1937.1069642857144,0.1,-35.85357142857056,-351.5357142857056,-1.0,SL,2023Q3,2023,1
2694,66479,2023-09-20 18:30:00,66486,2023-09-20 22:00:00,SELL,1944.28,1938.6051785714285,1948.0632142857144,1938.6051785714285,0.1,56.048214285714764,567.4821428571477,1.4545833719528867,TP,2023Q3,2023,7
2695,66512,2023-09-21 12:00:00,66516,2023-09-21 14:00:00,BUY,1923.24,1920.7810714285715,1920.7810714285715,1926.9283928571429,0.1,-25.28928571428487,-245.8928571428487,-1.0,SL,2023Q3,2023,4
2696,66517,2023-09-21 14:30:00,66518,2023-09-21 15:00:00,BUY,1921.46,1918.462142857143,1918.462142857143,1925.9567857142858,0.1,-30.678571428571285,-299.78571428571286,-1.0,SL,2023Q3,2023,1
2697,66519,2023-09-21 15:30:00,66519,2023-09-21 15:30:00,BUY,1918.0,1914.475,1914.475,1923.2875000000001,0.1,-35.95000000000091,-352.5000000000091,-1.0,SL,2023Q3,2023,0
2698,66520,2023-09-21 16:00:00,66523,2023-09-21 17:30:00,BUY,1916.61,1922.326607142857,1912.7989285714284,1922.326607142857,0.1,56.46607142857128,571.6607142857129,1.454909358608603,TP,2023Q3,2023,3
2699,66631,2023-09-26 02:30:00,66633,2023-09-26 03:30:00,BUY,1916.55,1914.7435714285714,1914.7435714285714,1919.2596428571428,0.1,-18.764285714285688,-180.64285714285688,-1.0,SL,2023Q3,2023,2
2700,66634,2023-09-26 04:00:00,66637,2023-09-26 05:30:00,BUY,1914.97,1913.5717857142856,1913.5717857142856,1917.0673214285714,0.1,-14.682142857144026,-139.82142857144026,-1.0,SL,2023Q3,2023,3
2701,66638,2023-09-26 06:00:00,66644,2023-09-26 09:00:00,BUY,1913.76,1912.5396428571428,1912.5396428571428,1915.5905357142858,0.1,-12.903571428572103,-122.03571428572104,-1.0,SL,2023Q3,2023,6
2702,66645,2023-09-26 09:30:00,66645,2023-09-26 09:30:00,BUY,1912.43,1910.8282142857142,1910.8282142857142,1914.8326785714287,0.1,-16.717857142858247,-160.17857142858247,-1.0,SL,2023Q3,2023,0
2703,66646,2023-09-26 10:00:00,66647,2023-09-26 10:30:00,BUY,1910.61,1913.2521428571429,1908.8485714285712,1913.2521428571429,0.1,25.721428571429716,264.21428571429715,1.4044461778470598,TP,2023Q3,2023,1
2704,66659,2023-09-26 16:30:00,66662,2023-09-26 18:00:00,BUY,1906.44,1902.5282142857143,1902.5282142857143,1912.3076785714286,0.1,-39.817857142857704,-391.178571428577,-1.0,SL,2023Q3,2023,3
2705,66663,2023-09-26 18:30:00,66686,2023-09-27 07:00:00,BUY,1903.45,1898.9510714285716,1898.9510714285716,1910.1983928571428,0.1,-45.68928571428451,-449.89285714284506,-1.0,SL,2023Q3,2023,23
2706,66687,2023-09-27 07:30:00,66688,2023-09-27 08:00:00,BUY,1897.76,1895.8421428571428,1895.8421428571428,1900.6367857142857,0.1,-19.878571428572013,-191.78571428572013,-1.0,SL,2023Q3,2023,1
2707,66689,2023-09-27 08:30:00,66698,2023-09-27 13:00:00,BUY,1896.66,1894.5010714285715,1894.5010714285715,1899.8983928571429,0.1,-22.289285714285324,-215.89285714285325,-1.0,SL,2023Q3,2023,9
2708,66699,2023-09-27 13:30:00,66700,2023-09-27 14:00:00,BUY,1896.0,1893.1178571428572,1893.1178571428572,1900.3232142857141,0.1,-29.52142857142753,-288.2142857142753,-1.0,SL,2023Q3,2023,1
2709,66701,2023-09-27 14:30:00,66702,2023-09-27 15:00:00,BUY,1893.08,1890.1367857142857,1890.1367857142857,1897.4948214285712,0.1,-30.13214285714248,-294.3214285714248,-1.0,SL,2023Q3,2023,1
2710,66703,2023-09-27 15:30:00,66705,2023-09-27 16:30:00,BUY,1891.31,1888.2992857142856,1888.2992857142856,1895.8260714285714,0.1,-30.80714285714357,-301.0714285714357,-1.0,SL,2023Q3,2023,2
2711,66706,2023-09-27 17:00:00,66707,2023-09-27 17:30:00,BUY,1888.02,1884.5539285714285,1884.5539285714285,1893.2191071428572,0.1,-35.36071428571468,-346.60714285714675,-1.0,SL,2023Q3,2023,1
2712,66708,2023-09-27 18:00:00,66708,2023-09-27 18:00:00,BUY,1883.76,1879.815,1879.815,1889.6775,0.1,-40.149999999999366,-394.49999999999363,-1.0,SL,2023Q3,2023,0
2713,66709,2023-09-27 18:30:00,66711,2023-09-27 19:30:00,BUY,1880.54,1876.3335714285713,1876.3335714285713,1886.849642857143,0.1,-42.7642857142866,-420.642857142866,-1.0,SL,2023Q3,2023,2
2714,66712,2023-09-27 20:00:00,66751,2023-09-28 16:30:00,BUY,1876.0,1871.2010714285714,1871.2010714285714,1883.198392857143,0.1,-48.68928571428633,-479.89285714286325,-1.0,SL,2023Q3,2023,39
2715,66754,2023-09-28 18:00:00,66754,2023-09-28 18:00:00,BUY,1865.47,1860.5714285714287,1860.5714285714287,1872.817857142857,0.1,-49.68571428571359,-489.85714285713584,-1.0,SL,2023Q3,2023,0
2716,66755,2023-09-28 18:30:00,66783,2023-09-29 09:30:00,BUY,1861.05,1869.4248214285715,1855.4667857142856,1869.4248214285715,0.1,83.04821428571522,837.4821428571522,1.4690441594541666,TP,2023Q3,2023,28
2717,66801,2023-09-29 18:30:00,66806,2023-09-29 21:00:00,BUY,1854.99,1848.9257142857143,1848.9257142857143,1864.0864285714285,0.1,-61.342857142856886,-606.4285714285688,-1.0,SL,2023Q3,2023,5
2718,66807,2023-09-29 21:30:00,66827,2023-10-02 08:30:00,BUY,1847.36,1840.3946428571428,1840.3946428571428,1857.8080357142856,0.1,-70.35357142857102,-696.5357142857101,-1.0,SL,2023Q3,2023,20
2719,66828,2023-10-02 09:00:00,66828,2023-10-02 09:00:00,BUY,1839.75,1843.7292857142857,1837.097142857143,1843.7292857142857,0.1,39.092857142856516,397.9285714285652,1.435729275970618,TP,2023Q4,2023,0
2720,66829,2023-10-02 09:30:00,66831,2023-10-02 10:30:00,BUY,1843.72,1840.6932142857142,1840.6932142857142,1848.2601785714287,0.1,-30.967857142857792,-302.6785714285779,-1.0,SL,2023Q4,2023,2
2721,66832,2023-10-02 11:00:00,66834,2023-10-02 12:00:00,BUY,1839.92,1836.5332142857144,1836.5332142857144,1845.0001785714287,0.1,-34.567857142856795,-338.6785714285679,-1.0,SL,2023Q4,2023,2
2722,66835,2023-10-02 12:30:00,66840,2023-10-02 15:00:00,BUY,1834.15,1840.335892857143,1830.0260714285714,1840.335892857143,0.1,61.15892857143017,618.5892857143017,1.4582730137102964,TP,2023Q4,2023,5
2723,66843,2023-10-02 16:30:00,66844,2023-10-02 17:00:00,BUY,1835.49,1830.1714285714286,1830.1714285714286,1843.4678571428572,0.1,-53.885714285714315,-531.8571428571431,-1.0,SL,2023Q4,2023,1
2724,66845,2023-10-02 17:30:00,66860,2023-10-03 02:00:00,BUY,1830.57,1824.3792857142857,1824.3792857142857,1839.8560714285713,0.1,-62.60714285714194,-619.0714285714193,-1.0,SL,2023Q4,2023,15
2725,66861,2023-10-03 02:30:00,66866,2023-10-03 05:00:00,BUY,1822.37,1818.8835714285713,1818.8835714285713,1827.5996428571427,0.1,-35.56428571428633,-348.64285714286325,-1.0,SL,2023Q4,2023,5
2726,66867,2023-10-03 05:30:00,66875,2023-10-03 09:30:00,BUY,1817.34,1823.5033928571427,1813.2310714285713,1823.5033928571427,0.1,60.93392857142753,616.3392857142753,1.4581232373301154,TP,2023Q4,2023,8
2727,67043,2023-10-09 01:30:00,67083,2023-10-09 21:30:00,SELL,1848.63,1856.1289285714286,1856.1289285714286,1837.3816071428573,0.1,-75.68928571428451,-749.8928571428451,-1.0,SL,2023Q4,2023,40
2728,67084,2023-10-09 22:00:00,67084,2023-10-09 22:00:00,SELL,1856.97,1861.7496428571428,1861.7496428571428,1849.8005357142858,0.1,-48.4964285714279,-477.96428571427896,-1.0,SL,2023Q4,2023,0
2729,67085,2023-10-09 22:30:00,67116,2023-10-10 15:00:00,SELL,1862.16,1854.5566071428573,1867.2289285714287,1854.5566071428573,0.1,75.33392857142807,760.3392857142808,1.4659462089095618,TP,2023Q4,2023,31
2730,67154,2023-10-11 11:00:00,67156,2023-10-11 12:00:00,SELL,1867.79,1870.7192857142857,1870.7192857142857,1863.3960714285715,0.1,-29.992857142856973,-292.92857142856974,-1.0,SL,2023Q4,2023,2
2731,67157,2023-10-11 12:30:00,67158,2023-10-11 13:00:00,SELL,1869.12,1872.2014285714286,1872.2014285714286,1864.4978571428571,0.1,-31.514285714286597,-308.142857142866,-1.0,SL,2023Q4,2023,1
2732,67159,2023-10-11 13:30:00,67163,2023-10-11 15:30:00,SELL,1873.15,1868.1132142857145,1876.5078571428571,1868.1132142857145,0.1,49.667857142855425,503.6785714285543,1.4489476974369642,TP,2023Q4,2023,4
2733,67164,2023-10-11 16:00:00,67170,2023-10-11 19:00:00,SELL,1872.74,1877.2260714285715,1877.2260714285715,1866.0108928571428,0.1,-45.560714285714496,-448.60714285714494,-1.0,SL,2023Q4,2023,6
2734,67182,2023-10-12 02:00:00,67187,2023-10-12 04:30:00,SELL,1874.52,1877.5767857142857,1877.5767857142857,1869.9348214285715,0.1,-31.26785714285752,-305.6785714285752,-1.0,SL,2023Q4,2023,5
2735,67188,2023-10-12 05:00:00,67194,2023-10-12 08:00:00,SELL,1877.29,1879.5539285714285,1879.5539285714285,1873.8941071428571,0.1,-23.339285714285506,-226.39285714285506,-1.0,SL,2023Q4,2023,6
2736,67195,2023-10-12 08:30:00,67197,2023-10-12 09:30:00,SELL,1879.79,1882.067857142857,1882.067857142857,1876.3732142857143,0.1,-23.478571428571012,-227.78571428571013,-1.0,SL,2023Q4,2023,2
2737,67198,2023-10-12 10:00:00,67208,2023-10-12 15:00:00,SELL,1881.99,1884.6460714285715,1884.6460714285715,1878.0058928571427,0.1,-27.26071428571522,-265.6071428571522,-1.0,SL,2023Q4,2023,10
2738,67209,2023-10-12 15:30:00,67209,2023-10-12 15:30:00,SELL,1884.35,1879.5639285714285,1887.540714285714,1879.5639285714285,0.1,47.160714285714036,478.6071428571404,1.446330777656112,TP,2023Q4,2023,0
2739,67245,2023-10-13 10:30:00,67246,2023-10-13 11:00:00,SELL,1881.18,1883.975357142857,1883.975357142857,1876.9869642857143,0.1,-28.653571428570284,-279.53571428570285,-1.0,SL,2023Q4,2023,1
2740,67247,2023-10-13 11:30:00,67249,2023-10-13 12:30:00,SELL,1884.45,1887.3857142857144,1887.3857142857144,1880.0464285714286,0.1,-30.057142857143116,-293.57142857143117,-1.0,SL,2023Q4,2023,2
2741,67250,2023-10-13 13:00:00,67252,2023-10-13 14:00:00,SELL,1887.47,1890.805357142857,1890.805357142857,1882.4669642857143,0.1,-34.053571428569924,-333.5357142856992,-1.0,SL,2023Q4,2023,2
2742,67253,2023-10-13 14:30:00,67253,2023-10-13 14:30:00,SELL,1892.61,1896.6171428571427,1896.6171428571427,1886.5992857142858,0.1,-40.771428571427535,-400.7142857142753,-1.0,SL,2023Q4,2023,0
2743,67254,2023-10-13 15:00:00,67254,2023-10-13 15:00:00,SELL,1896.32,1900.8896428571427,1900.8896428571427,1889.4655357142858,0.1,-46.396428571427535,-456.9642857142753,-1.0,SL,2023Q4,2023,0
2744,67255,2023-10-13 15:30:00,67255,2023-10-13 15:30:00,SELL,1904.67,1910.2382142857143,1910.2382142857143,1896.3176785714288,0.1,-56.38214285714248,-556.8214285714248,-1.0,SL,2023Q4,2023,0
2745,67256,2023-10-13 16:00:00,67259,2023-10-13 17:30:00,SELL,1913.27,1920.2224999999999,1920.2224999999999,1902.8412500000002,0.1,-70.22499999999873,-695.2499999999873,-1.0,SL,2023Q4,2023,3
2746,67260,2023-10-13 18:00:00,67265,2023-10-13 20:30:00,SELL,1920.74,1929.9392857142857,1929.9392857142857,1906.9410714285716,0.1,-92.6928571428568,-919.9285714285679,-1.0,SL,2023Q4,2023,5
2747,67266,2023-10-13 21:00:00,67288,2023-10-16 09:00:00,SELL,1928.21,1913.5769642857144,1937.965357142857,1913.5769642857144,0.1,145.63035714285598,1463.3035714285597,1.4821889426047763,TP,2023Q4,2023,22
2748,67347,2023-10-17 15:30:00,67347,2023-10-17 15:30:00,SELL,1926.35,1920.2958928571427,1930.3860714285713,1920.2958928571427,0.1,59.84107142857219,605.410714285722,1.4573801861355409,TP,2023Q4,2023,0
2749,67371,2023-10-18 04:30:00,67371,2023-10-18 04:30:00,SELL,1936.05,1939.9885714285715,1939.9885714285715,1930.1421428571427,0.1,-40.0857142857155,-393.85714285715494,-1.0,SL,2023Q4,2023,0
2750,67372,2023-10-18 05:00:00,67387,2023-10-18 12:30:00,SELL,1938.98,1942.975357142857,1942.975357142857,1932.9869642857143,0.1,-40.65357142857074,-399.5357142857074,-1.0,SL,2023Q4,2023,15
2751,67388,2023-10-18 13:00:00,67392,2023-10-18 15:00:00,SELL,1944.17,1948.0132142857144,1948.0132142857144,1938.4051785714287,0.1,-39.13214285714339,-384.3214285714339,-1.0,SL,2023Q4,2023,4
2752,67393,2023-10-18 15:30:00,67395,2023-10-18 16:30:00,SELL,1948.44,1952.7289285714287,1952.7289285714287,1942.006607142857,0.1,-43.58928571428642,-428.89285714286416,-1.0,SL,2023Q4,2023,2
2753,67396,2023-10-18 17:00:00,67397,2023-10-18 17:30:00,SELL,1956.94,1948.5217857142857,1962.5521428571428,1948.5217857142857,0.1,83.48214285714384,841.8214285714384,1.4692017598994738,TP,2023Q4,2023,1
2754,67403,2023-10-18 20:30:00,67448,2023-10-19 20:00:00,SELL,1955.18,1963.1717857142858,1963.1717857142858,1943.1923214285714,0.1,-80.61785714285698,-799.1785714285697,-1.0,SL,2023Q4,2023,45
2755,67449,2023-10-19 20:30:00,67452,2023-10-19 22:00:00,SELL,1968.01,1976.0885714285714,1976.0885714285714,1955.8921428571427,0.1,-81.48571428571422,-807.8571428571422,-1.0,SL,2023Q4,2023,3
2756,67453,2023-10-19 22:30:00,67482,2023-10-20 14:00:00,SELL,1976.99,1985.6942857142858,1985.6942857142858,1963.9335714285714,0.1,-87.74285714285789,-870.4285714285788,-1.0,SL,2023Q4,2023,29
2757,67483,2023-10-20 14:30:00,67484,2023-10-20 15:00:00,SELL,1982.78,1975.8516071428571,1987.3989285714285,1975.8516071428571,0.1,68.58392857142853,692.8392857142853,1.4626780409779876,TP,2023Q4,2023,1
2758,67488,2023-10-20 17:00:00,67490,2023-10-20 18:00:00,SELL,1986.93,1993.4142857142858,1993.4142857142858,1977.2035714285714,0.1,-65.54285714285761,-648.4285714285761,-1.0,SL,2023Q4,2023,2
2759,67491,2023-10-20 18:30:00,67493,2023-10-20 19:30:00,SELL,1996.6,1985.6392857142857,2003.9071428571428,1985.6392857142857,0.1,108.90714285714175,1096.0714285714175,1.47627807900849,TP,2023Q4,2023,2
2760,67571,2023-10-24 12:30:00,67573,2023-10-24 13:30:00,BUY,1967.49,1963.4485714285715,1963.4485714285715,1973.5521428571428,0.1,-41.11428571428469,-404.1428571428469,-1.0,SL,2023Q4,2023,2
2761,67574,2023-10-24 14:00:00,67574,2023-10-24 14:00:00,BUY,1962.0,1957.545,1957.545,1968.6825000000001,0.1,-45.249999999999275,-445.4999999999927,-1.0,SL,2023Q4,2023,0
2762,67575,2023-10-24 14:30:00,67583,2023-10-24 18:30:00,BUY,1961.05,1968.7916071428572,1955.8889285714286,1968.7916071428572,0.1,76.71607142857219,774.160714285722,1.466546050385766,TP,2023Q4,2023,8
2763,67626,2023-10-25 17:00:00,67626,2023-10-25 17:00:00,SELL,1984.95,1976.600892857143,1990.5160714285714,1976.600892857143,0.1,82.79107142857065,834.9107142857065,1.4689500031683667,TP,2023Q4,2023,0
2764,67652,2023-10-26 07:00:00,67660,2023-10-26 11:00:00,SELL,1987.03,1990.6117857142858,1990.6117857142858,1981.6573214285713,0.1,-36.51785714285843,-358.1785714285843,-1.0,SL,2023Q4,2023,8
2765,67661,2023-10-26 11:30:00,67661,2023-10-26 11:30:00,SELL,1989.51,1993.2685714285715,1993.2685714285715,1983.8721428571428,0.1,-38.28571428571486,-375.8571428571486,-1.0,SL,2023Q4,2023,0
2766,67662,2023-10-26 12:00:00,67665,2023-10-26 13:30:00,SELL,1992.04,1986.2301785714285,1995.9132142857143,1986.2301785714285,0.1,57.39821428571467,580.9821428571468,1.4556199619599675,TP,2023Q4,2023,3
2767,67727,2023-10-27 21:30:00,67750,2023-10-30 09:00:00,SELL,2007.59,1994.82125,2016.1025,1994.82125,0.1,126.98749999999954,1276.8749999999955,1.479609670841816,TP,2023Q4,2023,23
2768,67829,2023-11-01 02:30:00,67834,2023-11-01 05:00:00,BUY,1981.99,1977.642142857143,1977.642142857143,1988.5117857142857,0.1,-44.17857142857038,-434.78571428570376,-1.0,SL,2023Q4,2023,5
2769,67835,2023-11-01 05:30:00,67836,2023-11-01 06:00:00,BUY,1978.59,1975.6414285714284,1975.6414285714284,1983.012857142857,0.1,-30.185714285715402,-294.85714285715403,-1.0,SL,2023Q4,2023,1
2770,67837,2023-11-01 06:30:00,67845,2023-11-01 10:30:00,BUY,1976.69,1981.2767857142858,1973.632142857143,1981.2767857142858,0.1,45.167857142857244,458.67857142857247,1.4440511532313665,TP,2023Q4,2023,8
2771,67946,2023-11-03 15:00:00,67946,2023-11-03 15:00:00,SELL,2000.01,1992.6573214285713,2004.9117857142858,1992.6573214285713,0.1,72.82678571428669,735.2678571428669,1.464801379211264,TP,2023Q4,2023,0
2772,68006,2023-11-06 23:00:00,68014,2023-11-07 04:00:00,BUY,1977.71,1974.3907142857142,1974.3907142857142,1982.6889285714285,0.1,-33.89285714285798,-331.92857142857974,-1.0,SL,2023Q4,2023,8
2773,68015,2023-11-07 04:30:00,68018,2023-11-07 06:00:00,BUY,1974.52,1972.125357142857,1972.125357142857,1978.1119642857143,0.1,-24.64642857143026,-239.4642857143026,-1.0,SL,2023Q4,2023,3
2774,68019,2023-11-07 06:30:00,68024,2023-11-07 09:00:00,BUY,1972.0,1969.6707142857142,1969.6707142857142,1975.4939285714286,0.1,-23.992857142857883,-232.92857142857883,-1.0,SL,2023Q4,2023,5
2775,68025,2023-11-07 09:30:00,68028,2023-11-07 11:00:00,BUY,1968.55,1965.8789285714286,1965.8789285714286,1972.556607142857,0.1,-27.410714285713947,-267.1071428571395,-1.0,SL,2023Q4,2023,3
2776,68029,2023-11-07 11:30:00,68032,2023-11-07 13:00:00,BUY,1967.84,1964.5742857142857,1964.5742857142857,1972.7385714285713,0.1,-33.35714285714239,-326.5714285714239,-1.0,SL,2023Q4,2023,3
2777,68033,2023-11-07 13:30:00,68034,2023-11-07 14:00:00,BUY,1964.73,1961.2007142857144,1961.2007142857144,1970.0239285714285,0.1,-35.99285714285607,-352.92857142856064,-1.0,SL,2023Q4,2023,1
2778,68035,2023-11-07 14:30:00,68036,2023-11-07 15:00:00,BUY,1960.86,1956.879642857143,1956.879642857143,1966.8305357142856,0.1,-40.50357142856974,-398.0357142856974,-1.0,SL,2023Q4,2023,1
2779,68037,2023-11-07 15:30:00,68037,2023-11-07 15:30:00,BUY,1960.0,1966.481607142857,1955.6789285714285,1966.481607142857,0.1,64.11607142857001,648.1607142857001,1.460146400975955,TP,2023Q4,2023,0
2780,68040,2023-11-07 17:00:00,68047,2023-11-07 20:30:00,BUY,1960.51,1968.6292857142857,1955.097142857143,1968.6292857142857,0.1,80.49285714285752,811.9285714285752,1.4680823345492646,TP,2023Q4,2023,7
2781,68077,2023-11-08 12:30:00,68082,2023-11-08 15:00:00,BUY,1960.72,1965.085,1957.81,1965.085,0.1,42.95000000000009,436.5000000000009,1.4412751677851983,TP,2023Q4,2023,5
2782,68087,2023-11-08 17:30:00,68087,2023-11-08 17:30:00,BUY,1956.62,1952.3514285714284,1952.3514285714284,1963.022857142857,0.1,-43.38571428571477,-426.85714285714766,-1.0,SL,2023Q4,2023,0
2783,68088,2023-11-08 18:00:00,68094,2023-11-08 21:00:00,BUY,1955.55,1950.6396428571427,1950.6396428571427,1962.9155357142856,0.1,-49.80357142857265,-491.0357142857265,-1.0,SL,2023Q4,2023,6
2784,68095,2023-11-08 21:30:00,68118,2023-11-09 10:00:00,BUY,1949.94,1944.4242857142858,1944.4242857142858,1958.2135714285714,0.1,-55.85714285714239,-551.5714285714239,-1.0,SL,2023Q4,2023,23
2785,68119,2023-11-09 10:30:00,68129,2023-11-09 15:30:00,BUY,1946.44,1950.8644642857143,1943.4903571428572,1950.8644642857143,0.1,43.54464285714293,442.44642857142935,1.4420461265523359,TP,2023Q4,2023,10
2786,68171,2023-11-10 13:30:00,68173,2023-11-10 14:30:00,BUY,1948.72,1945.350357142857,1945.350357142857,1953.7744642857142,0.1,-34.396428571429354,-336.9642857142935,-1.0,SL,2023Q4,2023,2
2787,68175,2023-11-10 15:30:00,68178,2023-11-10 17:00:00,BUY,1945.4,1941.0425,1941.0425,1951.93625,0.1,-44.27500000000073,-435.7500000000073,-1.0,SL,2023Q4,2023,3
2788,68179,2023-11-10 17:30:00,68183,2023-11-10 19:30:00,BUY,1942.33,1937.0360714285714,1937.0360714285714,1950.2708928571428,0.1,-53.639285714285236,-529.3928571428523,-1.0,SL,2023Q4,2023,4
2789,68184,2023-11-10 20:00:00,68227,2023-11-13 18:30:00,BUY,1936.91,1945.9678571428572,1930.8714285714286,1945.9678571428572,0.1,89.87857142857074,905.7857142857074,1.4713517305893173,TP,2023Q4,2023,43
2790,68268,2023-11-14 16:00:00,68268,2023-11-14 16:00:00,SELL,1954.19,1958.0225,1958.0225,1948.44125,0.1,-39.02499999999982,-383.2499999999982,-1.0,SL,2023Q4,2023,0
2791,68269,2023-11-14 16:30:00,68269,2023-11-14 16:30:00,SELL,1959.67,1964.1217857142858,1964.1217857142858,1952.9923214285716,0.1,-45.21785714285734,-445.1785714285734,-1.0,SL,2023Q4,2023,0
2792,68270,2023-11-14 17:00:00,68306,2023-11-15 12:00:00,SELL,1967.46,1973.079642857143,1973.079642857143,1959.0305357142856,0.1,-56.896428571429354,-561.9642857142935,-1.0,SL,2023Q4,2023,36
2793,68307,2023-11-15 12:30:00,68313,2023-11-15 15:30:00,SELL,1973.05,1968.4583928571428,1976.1110714285712,1968.4583928571428,0.1,45.21607142857128,459.16071428571286,1.4441085890271028,TP,2023Q4,2023,6
2794,68360,2023-11-16 16:00:00,68361,2023-11-16 16:30:00,SELL,1972.01,1975.3014285714285,1975.3014285714285,1967.0728571428572,0.1,-33.61428571428469,-329.1428571428469,-1.0,SL,2023Q4,2023,1
2795,68362,2023-11-16 17:00:00,68362,2023-11-16 17:00:00,SELL,1979.54,1983.9885714285713,1983.9885714285713,1972.8671428571429,0.1,-45.18571428571313,-444.8571428571313,-1.0,SL,2023Q4,2023,0
2796,68363,2023-11-16 17:30:00,68396,2023-11-17 11:00:00,SELL,1984.99,1989.955,1989.955,1977.5425,0.1,-50.349999999999184,-496.4999999999918,-1.0,SL,2023Q4,2023,33
2797,68397,2023-11-17 11:30:00,68405,2023-11-17 15:30:00,SELL,1990.8,1986.280714285714,1993.8128571428572,1986.280714285714,0.1,44.492857142858426,451.9285714285843,1.443234476367008,TP,2023Q4,2023,8
2798,68424,2023-11-20 02:00:00,68426,2023-11-20 03:00:00,BUY,1974.67,1979.5139285714288,1971.4407142857144,1979.5139285714288,0.1,47.73928571428705,484.3928571428705,1.4469582160641508,TP,2023Q4,2023,2
2799,68449,2023-11-20 14:30:00,68451,2023-11-20 15:30:00,BUY,1971.4,1967.397142857143,1967.397142857143,1977.4042857142856,0.1,-40.728571428570106,-400.28571428570103,-1.0,SL,2023Q4,2023,2
2800,68452,2023-11-20 16:00:00,68458,2023-11-20 19:00:00,BUY,1968.4,1975.0407142857143,1963.9728571428573,1975.0407142857143,0.1,65.70714285714239,664.0714285714239,1.4610864040660734,TP,2023Q4,2023,6
2801,68472,2023-11-21 03:00:00,68472,2023-11-21 03:00:00,SELL,1986.22,1989.7728571428572,1989.7728571428572,1980.8907142857142,0.1,-36.228571428571925,-355.2857142857192,-1.0,SL,2023Q4,2023,0
2802,68473,2023-11-21 03:30:00,68477,2023-11-21 05:30:00,SELL,1989.79,1993.7189285714285,1993.7189285714285,1983.896607142857,0.1,-39.989285714285145,-392.8928571428514,-1.0,SL,2023Q4,2023,4
2803,68478,2023-11-21 06:00:00,68487,2023-11-21 10:30:00,SELL,1993.15,1987.2180357142859,1997.104642857143,1987.2180357142859,0.1,58.619642857142296,593.196428571423,1.4565178809121817,TP,2023Q4,2023,9
2804,68497,2023-11-21 15:30:00,68497,2023-11-21 15:30:00,SELL,1994.99,1999.5457142857142,1999.5457142857142,1988.1564285714285,0.1,-46.25714285714203,-455.57142857142026,-1.0,SL,2023Q4,2023,0
2805,68498,2023-11-21 16:00:00,68499,2023-11-21 16:30:00,SELL,1997.62,2002.7575,2002.7575,1989.91375,0.1,-52.07500000000046,-513.7500000000045,-1.0,SL,2023Q4,2023,1
2806,68500,2023-11-21 17:00:00,68508,2023-11-21 21:00:00,SELL,2005.27,1996.5592857142856,2011.077142857143,1996.5592857142856,0.1,86.40714285714402,871.0714285714403,1.4702236266407391,TP,2023Q4,2023,8
2807,68531,2023-11-22 09:30:00,68532,2023-11-22 10:00:00,SELL,2002.47,2005.5857142857144,2005.5857142857144,1997.7964285714286,0.1,-31.857142857143753,-311.57142857143754,-1.0,SL,2023Q4,2023,1
2808,68646,2023-11-27 03:30:00,68647,2023-11-27 04:00:00,SELL,2016.84,2008.259464285714,2022.5603571428571,2008.259464285714,0.1,85.10535714285815,858.0535714285816,1.4697773391722695,TP,2023Q4,2023,1
2809,68660,2023-11-27 10:30:00,68689,2023-11-28 02:00:00,SELL,2012.49,2016.9985714285715,2016.9985714285715,2005.7271428571428,0.1,-45.78571428571486,-450.8571428571486,-1.0,SL,2023Q4,2023,29
2810,68691,2023-11-28 03:00:00,68704,2023-11-28 09:30:00,SELL,2017.05,2013.1301785714286,2019.6632142857143,2013.1301785714286,0.1,38.49821428571367,391.98214285713675,1.434779715160347,TP,2023Q4,2023,13
2811,68717,2023-11-28 16:00:00,68717,2023-11-28 16:00:00,SELL,2021.37,2024.905714285714,2024.905714285714,2016.0664285714286,0.1,-36.05714285714221,-353.5714285714221,-1.0,SL,2023Q4,2023,0
2812,68718,2023-11-28 16:30:00,68720,2023-11-28 17:30:00,SELL,2027.23,2031.3207142857143,2031.3207142857143,2021.0939285714287,0.1,-41.60714285714285,-409.07142857142844,-1.0,SL,2023Q4,2023,2
2813,68721,2023-11-28 18:00:00,68721,2023-11-28 18:00:00,SELL,2030.73,2035.817142857143,2035.817142857143,2023.0992857142858,0.1,-51.57142857142908,-508.7142857142908,-1.0,SL,2023Q4,2023,0
2814,68722,2023-11-28 18:30:00,68723,2023-11-28 19:00:00,SELL,2036.14,2041.8775,2041.8775,2027.53375,0.1,-58.07499999999955,-573.7499999999955,-1.0,SL,2023Q4,2023,1
2815,68724,2023-11-28 19:30:00,68736,2023-11-29 02:30:00,SELL,2042.0,2048.3567857142857,2048.3567857142857,2032.4648214285714,0.1,-64.26785714285707,-635.6785714285706,-1.0,SL,2023Q4,2023,12
2816,68737,2023-11-29 03:00:00,68742,2023-11-29 05:30:00,SELL,2049.3,2043.279642857143,2053.313571428572,2043.279642857143,0.1,59.50357142857165,602.0357142857165,1.457145355955867,TP,2023Q4,2023,5
2817,68743,2023-11-29 06:00:00,68745,2023-11-29 07:00:00,SELL,2043.86,2048.0942857142854,2048.0942857142854,2037.5085714285713,0.1,-43.04285714285534,-423.42857142855337,-1.0,SL,2023Q4,2023,2
2818,68746,2023-11-29 07:30:00,68753,2023-11-29 11:00:00,SELL,2046.76,2040.0325,2051.245,2040.0325,0.1,66.57499999999963,672.7499999999964,1.4615806805708254,TP,2023Q4,2023,7
2819,68846,2023-12-01 11:30:00,68849,2023-12-01 13:00:00,SELL,2047.4,2042.3648214285715,2050.756785714286,2042.3648214285715,0.1,49.651785714285595,503.517857142856,1.4489317352787907,TP,2023Q4,2023,3
2820,68861,2023-12-01 19:00:00,68862,2023-12-01 19:30:00,SELL,2058.68,2066.6535714285715,2066.6535714285715,2046.7196428571426,0.1,-80.43571428571632,-797.3571428571631,-1.0,SL,2023Q4,2023,1
2821,68863,2023-12-01 20:00:00,68871,2023-12-04 01:00:00,SELL,2067.16,2075.917857142857,2075.917857142857,2054.023214285714,0.1,-88.2785714285712,-875.785714285712,-1.0,SL,2023Q4,2023,8
2822,68872,2023-12-04 01:30:00,68872,2023-12-04 01:30:00,SELL,2129.27,2143.0807142857143,2143.0807142857143,2108.5539285714285,0.1,-138.8071428571431,-1381.0714285714312,-1.0,SL,2023Q4,2023,0
2823,68873,2023-12-04 02:00:00,68874,2023-12-04 02:30:00,SELL,2117.4,2091.8528571428574,2134.4314285714286,2091.8528571428574,0.1,254.77142857142718,2554.7142857142717,1.489766936763846,TP,2023Q4,2023,1
2824,68902,2023-12-04 16:30:00,68903,2023-12-04 17:00:00,BUY,2045.48,2035.1364285714287,2035.1364285714287,2060.9953571428573,0.1,-104.13571428571295,-1034.3571428571295,-1.0,SL,2023Q4,2023,1
2825,68904,2023-12-04 17:30:00,68904,2023-12-04 17:30:00,BUY,2033.36,2021.6385714285714,2021.6385714285714,2050.9421428571427,0.1,-117.91428571428533,-1172.1428571428532,-1.0,SL,2023Q4,2023,0
2826,68905,2023-12-04 18:00:00,68950,2023-12-05 17:30:00,BUY,2022.6,2010.1146428571428,2010.1146428571428,2041.3280357142855,0.1,-125.55357142857083,-1248.5357142857083,-1.0,SL,2023Q4,2023,45
2827,68951,2023-12-05 18:00:00,68980,2023-12-06 09:30:00,BUY,2016.39,2029.3403571428573,2007.7564285714286,2029.3403571428573,0.1,128.8035714285723,1295.0357142857229,1.4798933114485024,TP,2023Q4,2023,29
2828,68981,2023-12-06 10:00:00,68982,2023-12-06 10:30:00,SELL,2033.99,2027.8523214285715,2038.0817857142856,2027.8523214285715,0.1,60.67678571428523,613.7678571428523,1.4579507422981468,TP,2023Q4,2023,1
2829,69085,2023-12-08 16:00:00,69085,2023-12-08 16:00:00,BUY,2018.75,2013.9264285714285,2013.9264285714285,2025.985357142857,0.1,-48.935714285715406,-482.35714285715403,-1.0,SL,2023Q4,2023,0
2830,69086,2023-12-08 16:30:00,69091,2023-12-08 19:00:00,BUY,2006.22,1999.7475,1999.7475,2015.92875,0.1,-65.42500000000082,-647.2500000000082,-1.0,SL,2023Q4,2023,5
2831,69092,2023-12-08 19:30:00,69132,2023-12-11 16:30:00,BUY,1997.27,1988.1692857142857,1988.1692857142857,2010.9210714285714,0.1,-91.70714285714276,-910.0714285714275,-1.0,SL,2023Q4,2023,40
2832,69133,2023-12-11 17:00:00,69134,2023-12-11 17:30:00,BUY,1986.81,1981.7389285714285,1981.7389285714285,1994.4166071428572,0.1,-51.41071428571486,-507.1071428571486,-1.0,SL,2023Q4,2023,1
2833,69135,2023-12-11 18:00:00,69138,2023-12-11 19:30:00,BUY,1982.51,1977.389642857143,1977.389642857143,1990.1905357142857,0.1,-51.90357142857074,-512.0357142857074,-1.0,SL,2023Q4,2023,3
2834,69139,2023-12-11 20:00:00,69150,2023-12-12 02:30:00,BUY,1976.79,1985.1664285714285,1971.2057142857143,1985.1664285714285,0.1,83.06428571428505,837.6428571428505,1.4690500252652852,TP,2023Q4,2023,11
2835,69153,2023-12-12 04:00:00,69161,2023-12-12 08:00:00,BUY,1983.32,1988.3133928571428,1979.9910714285713,1988.3133928571428,0.1,49.233928571429075,499.3392857142908,1.4485131869286543,TP,2023Q4,2023,8
2836,69200,2023-12-13 04:30:00,69207,2023-12-13 08:00:00,BUY,1978.51,1976.232142857143,1976.232142857143,1981.9267857142856,0.1,-23.478571428571012,-227.78571428571013,-1.0,SL,2023Q4,2023,7
2837,69208,2023-12-13 08:30:00,69210,2023-12-13 09:30:00,BUY,1973.85,1978.1217857142856,1971.0021428571429,1978.1217857142856,0.1,42.0178571428567,427.178571428567,1.4400244798041983,TP,2023Q4,2023,2
2838,69234,2023-12-13 21:30:00,69234,2023-12-13 21:30:00,SELL,2005.97,2012.9503571428572,2012.9503571428572,1995.4994642857143,0.1,-70.50357142857202,-698.0357142857201,-1.0,SL,2023Q4,2023,0
2839,69235,2023-12-13 22:00:00,69236,2023-12-13 22:30:00,SELL,2013.63,2022.0107142857144,2022.0107142857144,2001.0589285714286,0.1,-84.50714285714248,-838.0714285714248,-1.0,SL,2023Q4,2023,1
2840,69237,2023-12-13 23:00:00,69240,2023-12-14 01:30:00,SELL,2023.85,2033.1864285714285,2033.1864285714285,2009.845357142857,0.1,-94.06428571428542,-933.6428571428542,-1.0,SL,2023Q4,2023,3
2841,69241,2023-12-14 02:00:00,69270,2023-12-14 16:30:00,SELL,2032.62,2042.5135714285714,2042.5135714285714,2017.7796428571428,0.1,-99.63571428571477,-989.3571428571477,-1.0,SL,2023Q4,2023,29
2842,69271,2023-12-14 17:00:00,69277,2023-12-14 20:00:00,SELL,2043.0,2031.650357142857,2050.5664285714283,2031.650357142857,0.1,112.79642857142953,1134.9642857142953,1.4770835282013495,TP,2023Q4,2023,6
2843,69286,2023-12-15 01:30:00,69305,2023-12-15 11:00:00,SELL,2038.42,2043.2317857142857,2043.2317857142857,2031.2023214285716,0.1,-48.81785714285634,-481.1785714285634,-1.0,SL,2023Q4,2023,19
2844,69306,2023-12-15 11:30:00,69314,2023-12-15 15:30:00,SELL,2042.58,2037.5030357142857,2045.9646428571427,2037.5030357142857,0.1,50.069642857142114,507.69642857142117,1.4493435335469855,TP,2023Q4,2023,8
2845,69326,2023-12-15 21:30:00,69368,2023-12-18 19:30:00,BUY,2017.22,2029.1080357142857,2009.294642857143,2029.1080357142857,0.1,118.18035714285706,1188.8035714285706,1.4781122973154062,TP,2023Q4,2023,42
2846,69409,2023-12-19 17:00:00,69411,2023-12-19 18:00:00,SELL,2041.4,2045.9825,2045.9825,2034.5262500000001,0.1,-46.52499999999982,-458.2499999999982,-1.0,SL,2023Q4,2023,2
2847,69412,2023-12-19 18:30:00,69415,2023-12-19 20:00:00,SELL,2045.77,2037.6475,2051.185,2037.6475,0.1,80.52499999999945,812.2499999999945,1.4680948040109385,TP,2023Q4,2023,3
2848,69425,2023-12-20 02:00:00,69447,2023-12-20 13:00:00,SELL,2040.56,2035.4219642857142,2043.985357142857,2035.4219642857142,0.1,50.68035714285706,513.8035714285706,1.4499335853683455,TP,2023Q4,2023,22
2849,69516,2023-12-22 01:30:00,69516,2023-12-22 01:30:00,SELL,2048.67,2052.844285714286,2052.844285714286,2042.4085714285716,0.1,-42.44285714285816,-417.42857142858156,-1.0,SL,2023Q4,2023,0
2850,69517,2023-12-22 02:00:00,69537,2023-12-22 12:00:00,SELL,2052.62,2057.125357142857,2057.125357142857,2045.8619642857143,0.1,-45.75357142857065,-450.5357142857065,-1.0,SL,2023Q4,2023,20
2851,69538,2023-12-22 12:30:00,69539,2023-12-22 13:00:00,SELL,2056.1,2059.2285714285713,2059.2285714285713,2051.407142857143,0.1,-31.985714285713765,-312.85714285713766,-1.0,SL,2023Q4,2023,1
2852,69540,2023-12-22 13:30:00,69542,2023-12-22 14:30:00,SELL,2061.92,2065.3560714285713,2065.3560714285713,2056.765892857143,0.1,-35.06071428571268,-343.60714285712675,-1.0,SL,2023Q4,2023,2
2853,69543,2023-12-22 15:00:00,69544,2023-12-22 15:30:00,SELL,2060.0,2064.605,2064.605,2053.0925,0.1,-46.750000000000185,-460.5000000000018,-1.0,SL,2023Q4,2023,1
2854,69545,2023-12-22 16:00:00,69549,2023-12-22 18:00:00,SELL,2067.16,2058.1214285714286,2073.185714285714,2058.1214285714286,0.1,89.68571428571231,903.8571428571231,1.471291305366804,TP,2023Q4,2023,4
2855,69567,2023-12-26 04:00:00,69592,2023-12-26 16:30:00,SELL,2063.31,2057.281607142857,2067.3289285714286,2057.281607142857,0.1,59.583928571429894,602.839285714299,1.4572015023146134,TP,2023Q4,2023,25
2856,69605,2023-12-26 23:00:00,69630,2023-12-27 12:30:00,SELL,2068.26,2061.820178571429,2072.5532142857146,2061.820178571429,0.1,63.69821428571122,643.9821428571122,1.4598919538347168,TP,2023Q4,2023,25
2857,69640,2023-12-27 17:30:00,69642,2023-12-27 18:30:00,SELL,2076.99,2082.1575,2082.1575,2069.23875,0.1,-52.375000000000185,-516.7500000000018,-1.0,SL,2023Q4,2023,2
2858,69643,2023-12-27 19:00:00,69658,2023-12-28 03:30:00,SELL,2081.54,2087.5935714285715,2087.5935714285715,2072.4596428571426,0.1,-61.23571428571559,-605.3571428571558,-1.0,SL,2023Q4,2023,15
2859,69659,2023-12-28 04:00:00,69671,2023-12-28 10:00:00,SELL,2086.87,2080.999107142857,2090.7839285714285,2080.999107142857,0.1,58.00892857142735,587.0892857142735,1.4560735096368775,TP,2023Q4,2023,12
2860,69699,2023-12-29 01:00:00,69713,2023-12-29 08:00:00,BUY,2065.88,2072.79875,2061.2675,2072.79875,0.1,68.48749999999818,691.8749999999818,1.4626268019219544,TP,2023Q4,2023,14
2861,69721,2023-12-29 12:00:00,69721,2023-12-29 12:00:00,BUY,2065.69,2062.5582142857147,2062.5582142857147,2070.3876785714283,0.1,-32.01785714285343,-313.17857142853427,-1.0,SL,2023Q4,2023,0
2862,69722,2023-12-29 12:30:00,69723,2023-12-29 13:00:00,BUY,2062.49,2067.454464285714,2059.1803571428572,2067.454464285714,0.1,48.94464285714257,496.4464285714257,1.448219380746193,TP,2023Q4,2023,1
2863,69729,2023-12-29 16:00:00,69733,2023-12-29 18:00:00,BUY,2059.31,2066.4762499999997,2054.5325,2066.4762499999997,0.1,70.96249999999763,716.6249999999764,1.4638989169674161,TP,2023Q4,2023,4
2864,69814,2024-01-03 12:30:00,69816,2024-01-03 13:30:00,BUY,2053.18,2049.1696428571427,2049.1696428571427,2059.1955357142856,0.1,-40.80357142857174,-401.0357142857174,-1.0,SL,2024Q1,2024,2
2865,69817,2024-01-03 14:00:00,69817,2024-01-03 14:00:00,BUY,2047.73,2042.7682142857143,2042.7682142857143,2055.1726785714286,0.1,-50.31785714285725,-496.17857142857247,-1.0,SL,2024Q1,2024,0
2866,69818,2024-01-03 14:30:00,69821,2024-01-03 16:00:00,BUY,2043.64,2038.1403571428573,2038.1403571428573,2051.8894642857144,0.1,-55.69642857142817,-549.9642857142817,-1.0,SL,2024Q1,2024,3
2867,69822,2024-01-03 16:30:00,69823,2024-01-03 17:00:00,BUY,2037.31,2048.371964285714,2029.9353571428571,2048.371964285714,0.1,109.91964285714111,1106.1964285714112,1.4764931638282406,TP,2024Q1,2024,1
2868,69824,2024-01-03 17:30:00,69858,2024-01-04 11:30:00,BUY,2037.57,2050.6939285714284,2028.8207142857143,2050.6939285714284,0.1,130.53928571428452,1312.392857142845,1.4801571231878188,TP,2024Q1,2024,34
2869,69939,2024-01-08 06:00:00,69942,2024-01-08 07:30:00,BUY,2036.26,2032.8978571428572,2032.8978571428572,2041.3032142857144,0.1,-34.32142857142772,-336.21428571427714,-1.0,SL,2024Q1,2024,3
2870,69943,2024-01-08 08:00:00,69949,2024-01-08 11:00:00,BUY,2030.8,2026.8560714285713,2026.8560714285713,2036.7158928571428,0.1,-40.139285714286146,-394.39285714286143,-1.0,SL,2024Q1,2024,6
2871,69950,2024-01-08 11:30:00,69953,2024-01-08 13:00:00,BUY,2028.27,2023.3264285714286,2023.3264285714286,2035.6853571428571,0.1,-50.135714285714315,-494.3571428571431,-1.0,SL,2024Q1,2024,3
2872,69954,2024-01-08 13:30:00,69962,2024-01-08 17:30:00,BUY,2022.65,2031.2723214285713,2016.9017857142858,2031.2723214285713,0.1,85.5232142857124,862.232142857124,1.469922042845704,TP,2024Q1,2024,8
2873,70130,2024-01-12 09:30:00,70136,2024-01-12 12:30:00,SELL,2037.89,2040.9810714285716,2040.9810714285716,2033.253392857143,0.1,-31.610714285714675,-309.10714285714675,-1.0,SL,2024Q1,2024,6
2874,70137,2024-01-12 13:00:00,70139,2024-01-12 14:00:00,SELL,2045.84,2049.7560714285714,2049.7560714285714,2039.9658928571428,0.1,-39.86071428571513,-391.6071428571513,-1.0,SL,2024Q1,2024,2
2875,70140,2024-01-12 14:30:00,70142,2024-01-12 15:30:00,SELL,2048.48,2053.3282142857142,2053.3282142857142,2041.2076785714287,0.1,-49.18214285714221,-484.8214285714221,-1.0,SL,2024Q1,2024,2
2876,70143,2024-01-12 16:00:00,70144,2024-01-12 16:30:00,SELL,2056.05,2061.924642857143,2061.924642857143,2047.2380357142858,0.1,-59.446428571430445,-587.4642857143044,-1.0,SL,2024Q1,2024,1
2877,70145,2024-01-12 17:00:00,70149,2024-01-12 19:00:00,SELL,2055.8,2046.168392857143,2062.2210714285716,2046.168392857143,0.1,95.61607142857092,963.1607142857092,1.4730398899587342,TP,2024Q1,2024,4
2878,70165,2024-01-15 04:00:00,70165,2024-01-15 04:00:00,SELL,2050.96,2054.153928571429,2054.153928571429,2046.1691071428572,0.1,-32.63928571428842,-319.39285714288417,-1.0,SL,2024Q1,2024,0
2879,70166,2024-01-15 04:30:00,70168,2024-01-15 05:30:00,SELL,2054.55,2057.7107142857144,2057.7107142857144,2049.8089285714286,0.1,-32.30714285714221,-316.0714285714221,-1.0,SL,2024Q1,2024,2
2880,70169,2024-01-15 06:00:00,70181,2024-01-15 12:00:00,SELL,2057.26,2052.63625,2060.3425,2052.63625,0.1,45.537500000002,462.37500000002,1.4444885011896038,TP,2024Q1,2024,12
2881,70220,2024-01-16 11:00:00,70220,2024-01-16 11:00:00,BUY,2043.3,2040.212142857143,2040.212142857143,2047.9317857142858,0.1,-31.578571428570466,-308.78571428570467,-1.0,SL,2024Q1,2024,0
2882,70221,2024-01-16 11:30:00,70226,2024-01-16 14:00:00,BUY,2040.07,2036.5642857142857,2036.5642857142857,2045.3285714285712,0.1,-35.75714285714248,-350.5714285714248,-1.0,SL,2024Q1,2024,5
2883,70227,2024-01-16 14:30:00,70228,2024-01-16 15:00:00,BUY,2039.08,2034.7032142857142,2034.7032142857142,2045.6451785714285,0.1,-44.467857142856886,-437.67857142856883,-1.0,SL,2024Q1,2024,1
2884,70229,2024-01-16 15:30:00,70229,2024-01-16 15:30:00,BUY,2033.81,2041.4374999999998,2028.725,2041.4374999999998,0.1,75.57499999999827,762.7499999999827,1.4660523763336126,TP,2024Q1,2024,0
2885,70237,2024-01-16 19:30:00,70260,2024-01-17 08:00:00,BUY,2026.43,2018.4392857142857,2018.4392857142857,2038.4160714285715,0.1,-80.60714285714376,-799.0714285714375,-1.0,SL,2024Q1,2024,23
2886,70261,2024-01-17 08:30:00,70263,2024-01-17 09:30:00,BUY,2017.9,2024.084285714286,2013.777142857143,2024.084285714286,0.1,61.14285714285806,618.4285714285807,1.4582623509369945,TP,2024Q1,2024,2
2887,70267,2024-01-17 11:30:00,70269,2024-01-17 12:30:00,BUY,2020.61,2027.7698214285713,2015.8367857142855,2027.7698214285713,0.1,70.89821428571376,715.9821428571377,1.4638669714622354,TP,2024Q1,2024,2
2888,70278,2024-01-17 17:00:00,70281,2024-01-17 18:30:00,BUY,2012.16,2005.4410714285714,2005.4410714285714,2022.238392857143,0.1,-67.88928571428706,-671.8928571428705,-1.0,SL,2024Q1,2024,3
2889,70282,2024-01-17 19:00:00,70319,2024-01-18 14:30:00,BUY,2005.58,2017.0807142857143,1997.912857142857,2017.0807142857143,0.1,114.30714285714366,1150.0714285714366,1.4773818316100589,TP,2024Q1,2024,37
2890,70341,2024-01-19 02:30:00,70355,2024-01-19 09:30:00,SELL,2023.74,2027.1835714285714,2027.1835714285714,2018.5746428571429,0.1,-35.135714285714315,-344.3571428571431,-1.0,SL,2024Q1,2024,14
2891,70356,2024-01-19 10:00:00,70358,2024-01-19 11:00:00,SELL,2027.85,2030.8789285714286,2030.8789285714286,2023.306607142857,0.1,-30.989285714286506,-302.89285714286507,-1.0,SL,2024Q1,2024,2
2892,70359,2024-01-19 11:30:00,70364,2024-01-19 14:00:00,SELL,2029.92,2033.0978571428573,2033.0978571428573,2025.1532142857143,0.1,-32.478571428571925,-317.7857142857192,-1.0,SL,2024Q1,2024,5
2893,70365,2024-01-19 14:30:00,70366,2024-01-19 15:00:00,SELL,2033.17,2036.8246428571429,2036.8246428571429,2027.688035714286,0.1,-37.2464285714279,-365.46428571427896,-1.0,SL,2024Q1,2024,1
2894,70367,2024-01-19 15:30:00,70369,2024-01-19 16:30:00,SELL,2036.47,2030.4480357142859,2040.484642857143,2030.4480357142859,0.1,59.51964285714148,602.1964285714148,1.45715659700965,TP,2024Q1,2024,2
2895,70444,2024-01-23 08:00:00,70445,2024-01-23 08:30:00,SELL,2030.71,2033.809642857143,2033.809642857143,2026.0605357142858,0.1,-31.696428571429532,-309.96428571429533,-1.0,SL,2024Q1,2024,1
2896,70446,2024-01-23 09:00:00,70446,2024-01-23 09:00:00,SELL,2035.0,2029.3685714285714,2038.7542857142857,2029.3685714285714,0.1,55.61428571428614,563.1428571428614,1.4542398206948077,TP,2024Q1,2024,0
2897,70511,2024-01-24 18:30:00,70552,2024-01-25 16:00:00,BUY,2014.28,2023.8521428571428,2007.8985714285714,2023.8521428571428,0.1,95.02142857142807,957.2142857142808,1.472874224977839,TP,2024Q1,2024,41
2898,70615,2024-01-29 01:30:00,70615,2024-01-29 01:30:00,SELL,2027.01,2021.6501785714286,2030.5832142857143,2021.6501785714286,0.1,52.89821428571422,535.9821428571422,1.4519654935790305,TP,2024Q1,2024,0
2899,70631,2024-01-29 09:30:00,70637,2024-01-29 12:30:00,SELL,2031.54,2026.295892857143,2035.0360714285714,2026.295892857143,0.1,51.741071428570464,524.4107142857047,1.4509263895843447,TP,2024Q1,2024,6
2900,70644,2024-01-29 16:00:00,70645,2024-01-29 16:30:00,SELL,2036.77,2030.7576785714284,2040.7782142857143,2030.7576785714284,0.1,59.42321428571567,601.2321428571568,1.4570890620895278,TP,2024Q1,2024,1
2901,70675,2024-01-30 08:30:00,70677,2024-01-30 09:30:00,SELL,2035.47,2038.152857142857,2038.152857142857,2031.4457142857143,0.1,-27.52857142857074,-268.2857142857074,-1.0,SL,2024Q1,2024,2
2902,70678,2024-01-30 10:00:00,70684,2024-01-30 13:00:00,SELL,2037.73,2033.1625000000001,2040.775,2033.1625000000001,0.1,44.974999999998815,456.7499999999882,1.4438202247190295,TP,2024Q1,2024,6
2903,70691,2024-01-30 16:30:00,70692,2024-01-30 17:00:00,SELL,2047.25,2039.5903571428573,2052.3564285714283,2039.5903571428573,0.1,75.89642857142671,765.9642857142671,1.4661929074100046,TP,2024Q1,2024,1
2904,70737,2024-01-31 16:30:00,70737,2024-01-31 16:30:00,SELL,2044.32,2048.0517857142854,2048.0517857142854,2038.7223214285714,0.1,-38.017857142854794,-373.1785714285479,-1.0,SL,2024Q1,2024,0
2905,70738,2024-01-31 17:00:00,70738,2024-01-31 17:00:00,SELL,2051.46,2056.074642857143,2056.074642857143,2044.5380357142858,0.1,-46.84642857142826,-461.4642857142826,-1.0,SL,2024Q1,2024,0
2906,70739,2024-01-31 17:30:00,70746,2024-01-31 21:00:00,SELL,2052.39,2045.1016071428571,2057.248928571428,2045.1016071428571,0.1,72.18392857142753,728.8392857142753,1.4644953264256657,TP,2024Q1,2024,7
2907,70776,2024-02-01 13:00:00,70781,2024-02-01 15:30:00,BUY,2032.01,2037.9017857142858,2028.0821428571428,2037.9017857142858,0.1,58.21785714285788,589.1785714285788,1.456226549937467,TP,2024Q1,2024,5
2908,70787,2024-02-01 18:30:00,70827,2024-02-02 15:30:00,SELL,2059.39,2046.4332142857143,2068.027857142857,2046.4332142857143,0.1,128.86785714285617,1295.6785714285616,1.4799032072840361,TP,2024Q1,2024,40
2909,70828,2024-02-02 16:00:00,70844,2024-02-05 01:00:00,BUY,2031.85,2040.2617857142855,2026.2421428571429,2040.2617857142855,0.1,83.41785714285542,841.1785714285543,1.469178513020505,TP,2024Q1,2024,16
2910,70847,2024-02-05 02:30:00,70852,2024-02-05 05:00:00,BUY,2035.32,2031.2946428571427,2031.2946428571427,2041.3580357142857,0.1,-40.953571428572744,-402.5357142857274,-1.0,SL,2024Q1,2024,5
2911,70853,2024-02-05 05:30:00,70859,2024-02-05 08:30:00,BUY,2031.48,2027.3925000000002,2027.3925000000002,2037.61125,0.1,-41.57499999999864,-408.74999999998636,-1.0,SL,2024Q1,2024,6
2912,70861,2024-02-05 09:30:00,70862,2024-02-05 10:00:00,BUY,2028.01,2023.7832142857144,2023.7832142857144,2034.3501785714284,0.1,-42.967857142855976,-422.67857142855974,-1.0,SL,2024Q1,2024,1
2913,70863,2024-02-05 10:30:00,70872,2024-02-05 15:00:00,BUY,2023.33,2018.8139285714285,2018.8139285714285,2030.104107142857,0.1,-45.860714285714224,-451.6071428571422,-1.0,SL,2024Q1,2024,9
2914,70873,2024-02-05 15:30:00,70881,2024-02-05 19:30:00,BUY,2017.48,2024.6735714285714,2012.6842857142856,2024.6735714285714,0.1,71.23571428571431,719.3571428571431,1.4640340575454622,TP,2024Q1,2024,8
2915,71012,2024-02-08 16:00:00,71013,2024-02-08 16:30:00,BUY,2021.0,2028.5680357142858,2015.9546428571427,2028.5680357142858,0.1,74.9803571428577,756.803571428577,1.4657892899532006,TP,2024Q1,2024,1
2916,71083,2024-02-12 05:30:00,71091,2024-02-12 09:30:00,BUY,2022.46,2025.9089285714285,2020.1607142857142,2025.9089285714285,0.1,33.78928571428496,344.8928571428496,1.4261380765751257,TP,2024Q1,2024,8
2917,71096,2024-02-12 12:00:00,71102,2024-02-12 15:00:00,BUY,2020.88,2024.53625,2018.4425,2024.53625,0.1,35.8625,365.625,1.430209371884347,TP,2024Q1,2024,6
2918,71105,2024-02-12 16:30:00,71113,2024-02-12 20:30:00,BUY,2014.89,2021.120892857143,2010.7360714285714,2021.120892857143,0.1,61.60892857142862,623.0892857142862,1.4585693751585092,TP,2024Q1,2024,8
2919,71140,2024-02-13 11:00:00,71144,2024-02-13 13:00:00,SELL,2025.91,2028.1985714285715,2028.1985714285715,2022.477142857143,0.1,-23.585714285714584,-228.85714285714585,-1.0,SL,2024Q1,2024,4
2920,71145,2024-02-13 13:30:00,71149,2024-02-13 15:30:00,SELL,2028.71,2031.1142857142859,2031.1142857142859,2025.1035714285715,0.1,-24.742857142858337,-240.42857142858338,-1.0,SL_AMBIGUOUS_PESSIMISTIC,2024Q1,2024,4
2921,71150,2024-02-13 16:00:00,71151,2024-02-13 16:30:00,BUY,2004.49,1998.9357142857143,1998.9357142857143,2012.8214285714287,0.1,-56.24285714285698,-555.4285714285697,-1.0,SL,2024Q1,2024,1
2922,71152,2024-02-13 17:00:00,71170,2024-02-14 03:00:00,BUY,1995.84,1989.0889285714286,1989.0889285714286,2005.9666071428571,0.1,-68.21071428571322,-675.1071428571322,-1.0,SL,2024Q1,2024,18
2923,71171,2024-02-14 03:30:00,71184,2024-02-14 10:00:00,BUY,1990.67,1987.9710714285716,1987.9710714285716,1994.7183928571428,0.1,-27.68928571428496,-269.8928571428496,-1.0,SL,2024Q1,2024,13
2924,71185,2024-02-14 10:30:00,71188,2024-02-14 12:00:00,BUY,1987.57,1991.4769642857143,1984.965357142857,1991.4769642857143,0.1,38.36964285714366,390.6964285714366,1.4345707036988,TP,2024Q1,2024,3
2925,71189,2024-02-14 12:30:00,71197,2024-02-14 16:30:00,BUY,1990.81,1987.9214285714286,1987.9214285714286,1995.142857142857,0.1,-29.585714285713674,-288.85714285713675,-1.0,SL,2024Q1,2024,8
2926,71242,2024-02-15 16:00:00,71243,2024-02-15 16:30:00,SELL,2003.65,2007.132142857143,2007.132142857143,1998.4267857142856,0.1,-35.5214285714289,-348.21428571428896,-1.0,SL,2024Q1,2024,1
2927,71245,2024-02-15 17:30:00,71246,2024-02-15 18:00:00,SELL,2006.43,1999.723392857143,2010.9010714285716,1999.723392857143,0.1,66.36607142857137,670.6607142857138,1.46146283916629,TP,2024Q1,2024,1
2928,71264,2024-02-16 04:00:00,71281,2024-02-16 12:30:00,SELL,2005.35,2007.4189285714285,2007.4189285714285,2002.246607142857,0.1,-21.389285714286142,-206.89285714286143,-1.0,SL,2024Q1,2024,17
2929,71282,2024-02-16 13:00:00,71287,2024-02-16 15:30:00,SELL,2006.97,2003.6464285714287,2009.1857142857143,2003.6464285714287,0.1,32.53571428571313,332.3571428571313,1.4234374999999502,TP,2024Q1,2024,5
2930,71307,2024-02-19 02:30:00,71311,2024-02-19 04:30:00,SELL,2017.12,2021.1410714285714,2021.1410714285714,2011.0883928571427,0.1,-40.910714285715315,-402.1071428571531,-1.0,SL,2024Q1,2024,4
2931,71312,2024-02-19 05:00:00,71335,2024-02-19 16:30:00,SELL,2022.19,2016.0442857142857,2026.287142857143,2016.0442857142857,0.1,60.75714285714348,614.5714285714348,1.4580047994514915,TP,2024Q1,2024,23
2932,71365,2024-02-20 11:00:00,71366,2024-02-20 11:30:00,SELL,2022.7,2025.0753571428572,2025.0753571428572,2019.1369642857144,0.1,-24.45357142857183,-237.5357142857183,-1.0,SL,2024Q1,2024,1
2933,71367,2024-02-20 12:00:00,71367,2024-02-20 12:00:00,SELL,2023.86,2026.347857142857,2026.347857142857,2020.1282142857142,0.1,-25.578571428571376,-248.78571428571377,-1.0,SL,2024Q1,2024,0
2934,71368,2024-02-20 12:30:00,71374,2024-02-20 15:30:00,SELL,2026.44,2029.097142857143,2029.097142857143,2022.4542857142858,0.1,-27.27142857142844,-265.7142857142844,-1.0,SL,2024Q1,2024,6
2935,71375,2024-02-20 16:00:00,71386,2024-02-20 21:30:00,SELL,2029.96,2025.1401785714286,2033.1732142857143,2025.1401785714286,0.1,47.49821428571458,481.98214285714585,1.446698575002753,TP,2024Q1,2024,11
2936,71400,2024-02-21 05:30:00,71404,2024-02-21 07:30:00,SELL,2029.85,2032.0967857142855,2032.0967857142855,2026.4798214285713,0.1,-23.16785714285579,-224.67857142855792,-1.0,SL,2024Q1,2024,4
2937,71405,2024-02-21 08:00:00,71410,2024-02-21 10:30:00,SELL,2030.85,2027.420357142857,2033.1364285714285,2027.420357142857,0.1,33.5964285714288,342.96428571428805,1.4257350712337076,TP,2024Q1,2024,5
2938,71456,2024-02-22 10:30:00,71457,2024-02-22 11:00:00,SELL,2033.63,2029.6282142857144,2036.2978571428573,2029.6282142857144,0.1,39.31785714285688,400.17857142856883,1.4360813983824279,TP,2024Q1,2024,1
2939,71498,2024-02-23 08:30:00,71504,2024-02-23 11:30:00,BUY,2019.44,2016.5975,2016.5975,2023.70375,0.1,-29.124999999999726,-284.24999999999727,-1.0,SL,2024Q1,2024,6
2940,71505,2024-02-23 12:00:00,71506,2024-02-23 12:30:00,BUY,2016.9,2021.6973214285715,2013.7017857142857,2021.6973214285715,0.1,47.27321428571422,479.7321428571422,1.4464539394601346,TP,2024Q1,2024,1
2941,71519,2024-02-23 19:00:00,71532,2024-02-26 02:30:00,SELL,2038.25,2030.6658928571428,2043.3060714285714,2030.6658928571428,0.1,75.14107142857192,758.4107142857192,1.4658607956524985,TP,2024Q1,2024,13
2942,71548,2024-02-26 10:30:00,71550,2024-02-26 11:30:00,SELL,2036.13,2032.7598214285715,2038.376785714286,2032.7598214285715,0.1,33.00178571428596,337.0178571428596,1.4244643132418222,TP,2024Q1,2024,2
2943,71594,2024-02-27 10:30:00,71594,2024-02-27 10:30:00,SELL,2037.21,2039.3292857142856,2039.3292857142856,2034.0310714285715,0.1,-21.892857142855245,-211.92857142855246,-1.0,SL,2024Q1,2024,0
2944,71595,2024-02-27 11:00:00,71605,2024-02-27 16:00:00,SELL,2037.95,2034.6216071428573,2040.1689285714285,2034.6216071428573,0.1,32.583928571427165,332.8392857142717,1.423545014822902,TP,2024Q1,2024,10
2945,71641,2024-02-28 11:00:00,71642,2024-02-28 11:30:00,BUY,2026.92,2024.7214285714285,2024.7214285714285,2030.2178571428572,0.1,-22.685714285715402,-219.85714285715403,-1.0,SL,2024Q1,2024,1
2946,71643,2024-02-28 12:00:00,71647,2024-02-28 14:00:00,BUY,2024.96,2028.2578571428571,2022.7614285714285,2028.2578571428571,0.1,32.27857142857083,329.7857142857083,1.4228589420653948,TP,2024Q1,2024,4
2947,71697,2024-02-29 16:00:00,71732,2024-03-01 10:30:00,SELL,2047.5,2040.31125,2052.2925,2040.31125,0.1,71.18750000000027,718.8750000000027,1.4640102827763497,TP,2024Q1,2024,35
2948,71737,2024-03-01 13:00:00,71744,2024-03-01 16:30:00,SELL,2054.74,2048.083214285714,2059.1778571428567,2048.083214285714,0.1,65.86785714285888,665.6785714285888,1.4611788939947117,TP,2024Q1,2024,7
2949,71746,2024-03-01 17:30:00,71747,2024-03-01 18:00:00,SELL,2063.58,2071.335,2071.335,2051.9475,0.1,-78.2500000000011,-775.5000000000109,-1.0,SL,2024Q1,2024,1
2950,71748,2024-03-01 18:30:00,71749,2024-03-01 19:00:00,SELL,2074.08,2082.6042857142857,2082.6042857142857,2061.2935714285713,0.1,-85.94285714285725,-852.4285714285725,-1.0,SL,2024Q1,2024,1
2951,71750,2024-03-01 19:30:00,71788,2024-03-04 15:30:00,SELL,2083.85,2092.871428571428,2092.871428571428,2070.317857142857,0.1,-90.9142857142826,-902.142857142826,-1.0,SL,2024Q1,2024,38
2952,71789,2024-03-04 16:00:00,71789,2024-03-04 16:00:00,SELL,2091.57,2096.0078571428576,2096.0078571428576,2084.9132142857143,0.1,-45.07857142857411,-443.78571428574105,-1.0,SL,2024Q1,2024,0
2953,71790,2024-03-04 16:30:00,71790,2024-03-04 16:30:00,SELL,2096.47,2101.452142857143,2101.452142857143,2088.9967857142856,0.1,-50.52142857143117,-498.2142857143117,-1.0,SL,2024Q1,2024,0
2954,71791,2024-03-04 17:00:00,71792,2024-03-04 17:30:00,SELL,2100.58,2106.0089285714284,2106.0089285714284,2092.4366071428567,0.1,-54.989285714285145,-542.8928571428514,-1.0,SL,2024Q1,2024,1
2955,71793,2024-03-04 18:00:00,71793,2024-03-04 18:00:00,SELL,2108.89,2115.195357142857,2115.195357142857,2099.431964285714,0.1,-63.75357142857247,-630.5357142857247,-1.0,SL,2024Q1,2024,0
2956,71794,2024-03-04 18:30:00,71823,2024-03-05 10:00:00,SELL,2113.47,2120.5071428571428,2120.5071428571428,2102.914285714285,0.1,-71.07142857142954,-703.7142857142953,-1.0,SL,2024Q1,2024,29
2957,71824,2024-03-05 10:30:00,71825,2024-03-05 11:00:00,SELL,2120.75,2124.8867857142855,2124.8867857142855,2114.5448214285716,0.1,-42.06785714285452,-413.6785714285452,-1.0,SL,2024Q1,2024,1
2958,71826,2024-03-05 11:30:00,71833,2024-03-05 15:00:00,SELL,2124.74,2129.528214285714,2129.528214285714,2117.5576785714284,0.1,-48.582142857142756,-478.82142857142753,-1.0,SL,2024Q1,2024,7
2959,71834,2024-03-05 15:30:00,71834,2024-03-05 15:30:00,SELL,2131.64,2137.8564285714283,2137.8564285714283,2122.3153571428575,0.1,-62.864285714284236,-621.6428571428423,-1.0,SL,2024Q1,2024,0
2960,71836,2024-03-05 16:30:00,71881,2024-03-06 16:00:00,SELL,2131.79,2140.3571428571427,2140.3571428571427,2118.9392857142857,0.1,-86.37142857142699,-856.7142857142699,-1.0,SL,2024Q1,2024,45
2961,71882,2024-03-06 16:30:00,71882,2024-03-06 16:30:00,SELL,2139.04,2144.532142857143,2144.532142857143,2130.801785714286,0.1,-55.62142857142881,-549.214285714288,-1.0,SL,2024Q1,2024,0
2962,71883,2024-03-06 17:00:00,71883,2024-03-06 17:00:00,SELL,2144.57,2135.2373214285717,2150.7917857142857,2135.2373214285717,0.1,92.6267857142846,933.267857142846,1.4721859567463595,TP,2024Q1,2024,0
2963,71886,2024-03-06 18:30:00,71907,2024-03-07 06:00:00,SELL,2146.2,2154.2067857142856,2154.2067857142856,2134.1898214285716,0.1,-80.76785714285798,-800.6785714285797,-1.0,SL,2024Q1,2024,21
2964,71908,2024-03-07 06:30:00,71925,2024-03-07 15:00:00,SELL,2158.54,2163.702142857143,2163.702142857143,2150.7967857142858,0.1,-52.321428571429536,-516.2142857142953,-1.0,SL,2024Q1,2024,17
2965,71926,2024-03-07 15:30:00,71928,2024-03-07 16:30:00,SELL,2161.1,2153.0996428571425,2166.433571428571,2153.0996428571425,0.1,79.3035714285741,800.035714285741,1.467614011896977,TP,2024Q1,2024,2
2966,71946,2024-03-08 02:30:00,71949,2024-03-08 04:00:00,SELL,2162.04,2156.8955357142854,2165.469642857143,2156.8955357142854,0.1,50.74464285714548,514.4464285714548,1.4499948974385792,TP,2024Q1,2024,3
2967,71962,2024-03-08 10:30:00,71964,2024-03-08 11:30:00,SELL,2165.75,2169.5182142857143,2169.5182142857143,2160.097678571429,0.1,-38.38214285714294,-376.82142857142935,-1.0,SL,2024Q1,2024,2
2968,71965,2024-03-08 12:00:00,71972,2024-03-08 15:30:00,SELL,2168.92,2173.3664285714285,2173.3664285714285,2162.2503571428574,0.1,-45.16428571428442,-444.64285714284415,-1.0,SL_AMBIGUOUS_PESSIMISTIC,2024Q1,2024,7
2969,71980,2024-03-08 19:30:00,71982,2024-03-08 20:30:00,SELL,2192.93,2176.071071428571,2204.1692857142857,2176.071071428571,0.1,167.88928571428806,1685.8928571428805,1.4845259900208427,TP,2024Q1,2024,2
2970,71995,2024-03-11 03:00:00,71998,2024-03-11 04:30:00,SELL,2186.58,2177.353392857143,2192.7310714285713,2177.353392857143,0.1,91.56607142857119,922.660714285712,1.4718697973477235,TP,2024Q1,2024,3
2971,72067,2024-03-12 16:00:00,72067,2024-03-12 16:00:00,BUY,2160.6,2152.8889285714286,2152.8889285714286,2172.166607142857,0.1,-77.81071428571359,-771.1071428571358,-1.0,SL,2024Q1,2024,0
2972,72133,2024-03-14 03:00:00,72141,2024-03-14 07:00:00,SELL,2176.16,2170.898214285714,2179.667857142857,2170.898214285714,0.1,51.91785714285906,526.1785714285907,1.4510880415253176,TP,2024Q1,2024,8
2973,72226,2024-03-18 03:30:00,72228,2024-03-18 04:30:00,BUY,2151.67,2147.71,2147.71,2157.61,0.1,-40.30000000000037,-396.00000000000364,-1.0,SL,2024Q1,2024,2
2974,72229,2024-03-18 05:00:00,72239,2024-03-18 10:00:00,BUY,2147.98,2154.3298214285714,2143.7467857142856,2154.3298214285714,0.1,62.79821428571431,634.9821428571431,1.459332724707393,TP,2024Q1,2024,10
2975,72353,2024-03-20 21:00:00,72357,2024-03-21 00:00:00,SELL,2181.91,2191.3278571428573,2191.3278571428573,2167.783214285714,0.1,-94.87857142857429,-941.7857142857429,-1.0,SL,2024Q1,2024,4
2976,72358,2024-03-21 00:30:00,72389,2024-03-21 16:00:00,SELL,2208.37,2189.05375,2221.2475,2189.05375,0.1,192.46249999999856,1931.6249999999854,1.4864838771963527,TP,2024Q1,2024,31
2977,72392,2024-03-21 17:30:00,72395,2024-03-21 19:00:00,BUY,2167.85,2182.574642857143,2158.033571428571,2182.574642857143,0.1,146.54642857142954,1472.4642857142953,1.4822989668376336,TP,2024Q1,2024,3
2978,72411,2024-03-22 04:00:00,72421,2024-03-22 09:00:00,BUY,2173.6,2169.6507142857145,2169.6507142857145,2179.5239285714283,0.1,-40.19285714285452,-394.9285714285452,-1.0,SL,2024Q1,2024,10
2979,72422,2024-03-22 09:30:00,72431,2024-03-22 14:00:00,BUY,2165.1,2173.6853571428574,2159.3764285714283,2173.6853571428574,0.1,85.15357142857447,858.5357142857447,1.469794106768587,TP,2024Q1,2024,9
2980,72442,2024-03-22 19:30:00,72455,2024-03-25 03:00:00,BUY,2158.56,2169.4725,2151.285,2169.4725,0.1,108.42499999999909,1091.249999999991,1.4761742682096357,TP,2024Q1,2024,13
2981,72518,2024-03-26 11:30:00,72518,2024-03-26 11:30:00,SELL,2185.03,2189.0928571428576,2189.0928571428576,2178.9357142857143,0.1,-41.32857142857411,-406.28571428574105,-1.0,SL,2024Q1,2024,0
2982,72519,2024-03-26 12:00:00,72520,2024-03-26 12:30:00,SELL,2190.78,2195.7653571428573,2195.7653571428573,2183.3019642857143,0.1,-50.553571428570834,-498.5357142857083,-1.0,SL,2024Q1,2024,1
2983,72521,2024-03-26 13:00:00,72524,2024-03-26 14:30:00,SELL,2197.66,2189.0151785714284,2203.423214285714,2189.0151785714284,0.1,85.74821428571504,864.4821428571504,1.4699993877426454,TP,2024Q1,2024,3
2984,72566,2024-03-27 12:30:00,72571,2024-03-27 15:00:00,SELL,2192.71,2184.1133928571426,2198.441071428572,2184.1133928571426,0.1,85.26607142857465,859.6607142857465,1.4698331588991806,TP,2024Q1,2024,5
2985,72587,2024-03-28 00:00:00,72602,2024-03-28 07:30:00,SELL,2193.26,2197.246785714286,2197.246785714286,2187.2798214285717,0.1,-40.56785714285816,-398.67857142858156,-1.0,SL,2024Q1,2024,15
2986,72612,2024-03-28 12:30:00,72612,2024-03-28 12:30:00,SELL,2204.34,2209.9617857142857,2209.9617857142857,2195.9073214285713,0.1,-56.917857142855794,-562.1785714285579,-1.0,SL,2024Q1,2024,0
2987,72613,2024-03-28 13:00:00,72618,2024-03-28 15:30:00,SELL,2212.18,2202.5483928571425,2218.6010714285712,2202.5483928571425,0.1,95.61607142857319,963.160714285732,1.4730398899587693,TP,2024Q1,2024,5
2988,72627,2024-03-28 20:00:00,72632,2024-03-28 22:30:00,SELL,2221.81,2231.3971428571426,2231.3971428571426,2207.4292857142855,0.1,-96.57142857142681,-958.714285714268,-1.0,SL,2024Q1,2024,5
2989,72633,2024-04-01 01:00:00,72637,2024-04-01 03:00:00,SELL,2240.47,2248.5474999999997,2248.5474999999997,2228.3537499999998,0.1,-81.47499999999873,-807.7499999999873,-1.0,SL,2024Q2,2024,4
2990,72638,2024-04-01 03:30:00,72639,2024-04-01 04:00:00,SELL,2249.54,2258.694285714286,2258.694285714286,2235.808571428571,0.1,-92.24285714285834,-915.4285714285834,-1.0,SL,2024Q2,2024,1
2991,72640,2024-04-01 04:30:00,72661,2024-04-01 15:00:00,SELL,2258.46,2244.2287499999998,2267.9475,2244.2287499999998,0.1,141.61250000000274,1423.1250000000273,1.4816897724300293,TP,2024Q2,2024,21
2992,72664,2024-04-01 16:30:00,72664,2024-04-01 16:30:00,SELL,2254.08,2243.9758928571428,2260.8160714285714,2243.9758928571428,0.1,100.34107142857174,1010.4107142857174,1.474287663325812,TP,2024Q2,2024,0
2993,72700,2024-04-02 11:30:00,72702,2024-04-02 12:30:00,SELL,2261.32,2266.815357142857,2266.815357142857,2253.076964285715,0.1,-55.65357142856847,-549.5357142856847,-1.0,SL,2024Q2,2024,2
2994,72712,2024-04-02 17:30:00,72712,2024-04-02 17:30:00,SELL,2275.2,2261.6212499999997,2284.2525,2261.6212499999997,0.1,135.08750000000128,1357.8750000000127,1.480816662099181,TP,2024Q2,2024,0
2995,72725,2024-04-03 01:00:00,72761,2024-04-03 19:00:00,SELL,2279.56,2289.847857142857,2289.847857142857,2264.1282142857144,0.1,-103.57857142856865,-1028.7857142856865,-1.0,SL,2024Q2,2024,36
2996,72769,2024-04-03 23:00:00,72799,2024-04-04 15:00:00,SELL,2297.43,2284.085892857143,2306.326071428571,2284.085892857143,0.1,132.74107142856957,1334.4107142856956,1.480481975702051,TP,2024Q2,2024,30
2997,72850,2024-04-05 17:30:00,72850,2024-04-05 17:30:00,SELL,2311.23,2321.9475,2321.9475,2295.15375,0.1,-107.875000000002,-1071.75000000002,-1.0,SL,2024Q2,2024,0
2998,72851,2024-04-05 18:00:00,72853,2024-04-05 19:00:00,SELL,2317.42,2329.0075,2329.0075,2300.03875,0.1,-116.57500000000091,-1158.750000000009,-1.0,SL,2024Q2,2024,2
2999,72854,2024-04-05 19:30:00,72863,2024-04-08 01:00:00,SELL,2325.16,2305.7135714285714,2338.1242857142856,2305.7135714285714,0.1,193.76428571428443,1944.6428571428442,1.4865738711091454,TP,2024Q2,2024,9
3000,72873,2024-04-08 06:00:00,72891,2024-04-08 15:00:00,SELL,2347.95,2327.410714285714,2361.642857142857,2327.410714285714,0.1,204.69285714285598,2053.9285714285597,1.487284616981524,TP,2024Q2,2024,18
3001,72915,2024-04-09 04:00:00,72916,2024-04-09 04:30:00,SELL,2340.71,2345.3878571428572,2345.3878571428572,2333.6932142857145,0.1,-47.478571428571925,-467.7857142857192,-1.0,SL,2024Q2,2024,1
3002,72919,2024-04-09 06:00:00,72927,2024-04-09 10:00:00,SELL,2345.11,2350.324642857143,2350.324642857143,2337.288035714286,0.1,-52.84642857142735,-521.4642857142735,-1.0,SL,2024Q2,2024,8
3003,72928,2024-04-09 10:30:00,72930,2024-04-09 11:30:00,SELL,2352.16,2358.8242857142855,2358.8242857142855,2342.1635714285712,0.1,-67.34285714285598,-666.4285714285597,-1.0,SL,2024Q2,2024,2
3004,72931,2024-04-09 12:00:00,72931,2024-04-09 12:00:00,SELL,2357.44,2363.6896428571426,2363.6896428571426,2348.065535714286,0.1,-63.1964285714259,-624.964285714259,-1.0,SL,2024Q2,2024,0
3005,72932,2024-04-09 12:30:00,72935,2024-04-09 14:00:00,SELL,2364.63,2354.704285714286,2371.247142857143,2354.704285714286,0.1,98.55714285714093,992.5714285714093,1.4738303781242983,TP,2024Q2,2024,3
3006,72986,2024-04-10 16:30:00,72987,2024-04-10 17:00:00,BUY,2326.58,2340.20375,2317.4975,2340.20375,0.1,135.537500000002,1362.37500000002,1.4808795411090114,TP,2024Q2,2024,1
3007,73045,2024-04-11 23:00:00,73053,2024-04-12 04:00:00,SELL,2373.03,2383.2728571428574,2383.2728571428574,2357.665714285715,0.1,-103.12857142857247,-1024.2857142857247,-1.0,SL,2024Q2,2024,8
3008,73054,2024-04-12 04:30:00,73054,2024-04-12 04:30:00,SELL,2382.52,2390.542857142857,2390.542857142857,2370.485714285714,0.1,-80.92857142856992,-802.2857142856992,-1.0,SL,2024Q2,2024,0
3009,73055,2024-04-12 05:00:00,73066,2024-04-12 10:30:00,SELL,2390.74,2399.3210714285715,2399.3210714285715,2377.8683928571427,0.1,-86.51071428571704,-858.1071428571704,-1.0,SL,2024Q2,2024,11
3010,73067,2024-04-12 11:00:00,73079,2024-04-12 17:00:00,SELL,2399.75,2408.546428571429,2408.546428571429,2386.555357142857,0.1,-88.66428571428806,-879.6428571428805,-1.0,SL,2024Q2,2024,12
3011,73080,2024-04-12 17:30:00,73080,2024-04-12 17:30:00,SELL,2413.78,2423.885714285714,2423.885714285714,2398.621428571429,0.1,-101.7571428571393,-1010.571428571393,-1.0,SL,2024Q2,2024,0
3012,73081,2024-04-12 18:00:00,73081,2024-04-12 18:00:00,SELL,2426.45,2409.853035714286,2437.5146428571425,2409.853035714286,0.1,165.26964285713967,1659.6964285713966,1.4842832857555246,TP,2024Q2,2024,0
3013,73126,2024-04-15 17:30:00,73126,2024-04-15 17:30:00,BUY,2332.99,2350.4017857142853,2321.3821428571428,2350.4017857142853,0.1,173.41785714285544,1741.1785714285543,1.4850143739678268,TP,2024Q2,2024,0
3014,73150,2024-04-16 06:30:00,73156,2024-04-16 09:30:00,SELL,2389.29,2377.220357142857,2397.3364285714288,2377.220357142857,0.1,119.99642857142753,1206.9642857142753,1.4784387925723286,TP,2024Q2,2024,6
3015,73284,2024-04-19 04:30:00,73284,2024-04-19 04:30:00,SELL,2395.62,2402.4492857142855,2402.4492857142855,2385.3760714285713,0.1,-68.99285714285561,-682.9285714285561,-1.0,SL,2024Q2,2024,0
3016,73285,2024-04-19 05:00:00,73286,2024-04-19 05:30:00,SELL,2409.31,2395.9385714285713,2418.2242857142855,2395.9385714285713,0.1,133.01428571428625,1337.1428571428623,1.4805215455557574,TP,2024Q2,2024,1
3017,73334,2024-04-22 06:30:00,73340,2024-04-22 09:30:00,BUY,2364.73,2357.317857142857,2357.317857142857,2375.848214285714,0.1,-74.82142857142954,-741.2142857142953,-1.0,SL,2024Q2,2024,6
3018,73341,2024-04-22 10:00:00,73349,2024-04-22 14:00:00,BUY,2356.03,2347.2860714285716,2347.2860714285716,2369.145892857143,0.1,-88.13928571428569,-874.3928571428569,-1.0,SL,2024Q2,2024,8
3019,73350,2024-04-22 14:30:00,73352,2024-04-22 15:30:00,BUY,2342.18,2333.2871428571425,2333.2871428571425,2355.5192857142856,0.1,-89.62857142857338,-889.2857142857338,-1.0,SL,2024Q2,2024,2
3020,73353,2024-04-22 16:00:00,73363,2024-04-22 21:00:00,BUY,2336.93,2326.118214285714,2326.118214285714,2353.1476785714285,0.1,-108.81785714285634,-1081.1785714285634,-1.0,SL,2024Q2,2024,10
3021,73364,2024-04-22 21:30:00,73376,2024-04-23 04:30:00,BUY,2325.57,2314.331785714286,2314.331785714286,2342.4273214285713,0.1,-113.08214285714094,-1123.8214285714093,-1.0,SL,2024Q2,2024,12
3022,73377,2024-04-23 05:00:00,73377,2024-04-23 05:00:00,BUY,2299.11,2312.5023214285716,2290.181785714286,2312.5023214285716,0.1,133.2232142857145,1339.232142857145,1.4805516967652563,TP,2024Q2,2024,0
3023,73378,2024-04-23 05:30:00,73378,2024-04-23 05:30:00,BUY,2312.25,2302.2825,2302.2825,2327.20125,0.1,-100.375000000002,-996.75000000002,-1.0,SL,2024Q2,2024,0
3024,73379,2024-04-23 06:00:00,73400,2024-04-23 16:30:00,BUY,2301.91,2318.3735714285713,2290.9342857142856,2318.3735714285713,0.1,163.93571428571414,1646.3571428571413,1.484156751163994,TP,2024Q2,2024,21
3025,73520,2024-04-26 07:30:00,73524,2024-04-26 09:30:00,SELL,2337.3,2341.459285714286,2341.459285714286,2331.0610714285717,0.1,-42.29285714285943,-415.9285714285943,-1.0,SL,2024Q2,2024,4
3026,73526,2024-04-26 10:30:00,73527,2024-04-26 11:00:00,SELL,2344.13,2350.2639285714286,2350.2639285714286,2334.9291071428574,0.1,-62.03928571428442,-613.3928571428442,-1.0,SL,2024Q2,2024,1
3027,73528,2024-04-26 11:30:00,73540,2024-04-26 17:30:00,SELL,2346.59,2336.7430357142857,2353.154642857143,2336.7430357142857,0.1,97.7696428571442,984.6964285714421,1.4736232976261643,TP,2024Q2,2024,12
3028,73612,2024-04-30 07:30:00,73614,2024-04-30 08:30:00,BUY,2326.54,2322.607857142857,2322.607857142857,2332.4382142857144,0.1,-40.021428571429354,-393.2142857142935,-1.0,SL,2024Q2,2024,2
3029,73615,2024-04-30 09:00:00,73616,2024-04-30 09:30:00,BUY,2323.05,2318.9153571428574,2318.9153571428574,2329.2519642857146,0.1,-42.04642857142808,-413.4642857142808,-1.0,SL,2024Q2,2024,1
3030,73617,2024-04-30 10:00:00,73617,2024-04-30 10:00:00,BUY,2322.5,2317.8060714285716,2317.8060714285716,2329.540892857143,0.1,-47.63928571428387,-469.3928571428387,-1.0,SL,2024Q2,2024,0
3031,73618,2024-04-30 10:30:00,73619,2024-04-30 11:00:00,BUY,2317.18,2312.1025,2312.1025,2324.79625,0.1,-51.47499999999873,-507.74999999998727,-1.0,SL,2024Q2,2024,1
3032,73620,2024-04-30 11:30:00,73628,2024-04-30 15:30:00,BUY,2313.49,2307.866071428571,2307.866071428571,2321.9258928571426,0.1,-56.93928571428678,-562.3928571428678,-1.0,SL,2024Q2,2024,8
3033,73629,2024-04-30 16:00:00,73631,2024-04-30 17:00:00,BUY,2306.22,2299.608214285714,2299.608214285714,2316.1376785714283,0.1,-66.81785714285816,-661.1785714285816,-1.0,SL,2024Q2,2024,2
3034,73632,2024-04-30 17:30:00,73632,2024-04-30 17:30:00,BUY,2301.59,2293.6657142857143,2293.6657142857143,2313.4764285714286,0.1,-79.94285714285816,-792.4285714285816,-1.0,SL,2024Q2,2024,0
3035,73633,2024-04-30 18:00:00,73655,2024-05-01 06:00:00,BUY,2293.52,2284.9185714285713,2284.9185714285713,2306.4221428571427,0.1,-86.71428571428642,-860.1428571428642,-1.0,SL,2024Q2,2024,22
3036,73656,2024-05-01 06:30:00,73657,2024-05-01 07:00:00,BUY,2287.56,2282.243571428571,2282.243571428571,2295.534642857143,0.1,-53.864285714287874,-531.6428571428787,-1.0,SL,2024Q2,2024,1
3037,73658,2024-05-01 07:30:00,73668,2024-05-01 12:30:00,BUY,2283.51,2291.2628571428572,2278.341428571429,2291.2628571428572,0.1,76.8285714285701,775.285714285701,1.466593946004908,TP,2024Q2,2024,10
3038,73687,2024-05-01 22:00:00,73689,2024-05-01 23:00:00,SELL,2325.24,2308.074107142857,2336.683928571428,2308.074107142857,0.1,170.9589285714281,1716.5892857142808,1.4848010174013038,TP,2024Q2,2024,2
3039,73716,2024-05-02 13:30:00,73721,2024-05-02 16:00:00,BUY,2295.72,2289.06,2289.06,2305.71,0.1,-67.29999999999855,-665.9999999999854,-1.0,SL,2024Q2,2024,5
3040,73803,2024-05-06 11:00:00,73812,2024-05-06 15:30:00,SELL,2322.57,2329.7314285714288,2329.7314285714288,2311.8278571428573,0.1,-72.31428571428587,-716.1428571428587,-1.0,SL,2024Q2,2024,9
3041,73815,2024-05-06 17:00:00,73849,2024-05-07 11:00:00,SELL,2327.83,2315.4646428571427,2336.073571428571,2315.4646428571427,0.1,122.95357142857192,1236.5357142857192,1.4789500816221863,TP,2024Q2,2024,34
3042,73883,2024-05-08 05:00:00,73884,2024-05-08 05:30:00,BUY,2307.87,2313.64125,2304.0225,2313.64125,0.1,57.01250000000236,577.1250000000236,1.4553286534780976,TP,2024Q2,2024,1
3043,73951,2024-05-09 16:00:00,73951,2024-05-09 16:00:00,SELL,2326.62,2317.1539285714284,2332.930714285714,2317.1539285714284,0.1,93.96071428571467,946.6071428571468,1.4725736034926677,TP,2024Q2,2024,0
3044,73954,2024-05-09 17:30:00,73964,2024-05-09 22:30:00,SELL,2334.85,2344.06,2344.06,2321.035,0.1,-92.80000000000037,-921.0000000000036,-1.0,SL,2024Q2,2024,10
3045,73965,2024-05-09 23:00:00,73973,2024-05-10 04:00:00,SELL,2343.72,2353.1367857142855,2353.1367857142855,2329.5948214285713,0.1,-94.86785714285652,-941.6785714285652,-1.0,SL,2024Q2,2024,8
3046,73974,2024-05-10 04:30:00,73982,2024-05-10 08:30:00,SELL,2353.77,2358.6675,2358.6675,2346.42375,0.1,-49.67500000000037,-489.75000000000364,-1.0,SL,2024Q2,2024,8
3047,73983,2024-05-10 09:00:00,73983,2024-05-10 09:00:00,SELL,2356.96,2362.285,2362.285,2348.9725000000003,0.1,-53.949999999998184,-532.4999999999818,-1.0,SL,2024Q2,2024,0
3048,73984,2024-05-10 09:30:00,73984,2024-05-10 09:30:00,SELL,2362.46,2368.2789285714284,2368.2789285714284,2353.7316071428572,0.1,-58.88928571428387,-581.8928571428387,-1.0,SL,2024Q2,2024,0
3049,73985,2024-05-10 10:00:00,73989,2024-05-10 12:00:00,SELL,2368.31,2374.7985714285714,2374.7985714285714,2358.577142857143,0.1,-65.58571428571504,-648.8571428571504,-1.0,SL,2024Q2,2024,4
3050,73990,2024-05-10 12:30:00,73992,2024-05-10 13:30:00,SELL,2370.99,2377.2524999999996,2377.2524999999996,2361.59625,0.1,-63.324999999998184,-626.2499999999818,-1.0,SL,2024Q2,2024,2
3051,73993,2024-05-10 14:00:00,73996,2024-05-10 15:30:00,SELL,2374.77,2364.9857142857145,2381.292857142857,2364.9857142857145,0.1,97.14285714285488,978.4285714285488,1.4734561213434445,TP,2024Q2,2024,3
3052,73998,2024-05-10 16:30:00,74019,2024-05-13 04:00:00,SELL,2368.61,2355.9007142857145,2377.0828571428574,2355.9007142857145,0.1,126.3928571428567,1270.928571428567,1.4795150501671976,TP,2024Q2,2024,21
3053,74034,2024-05-13 11:30:00,74039,2024-05-13 14:00:00,BUY,2343.64,2338.4392857142857,2338.4392857142857,2351.4410714285714,0.1,-52.70714285714185,-520.0714285714184,-1.0,SL,2024Q2,2024,5
3054,74048,2024-05-13 18:30:00,74074,2024-05-14 08:30:00,BUY,2334.25,2345.59,2326.69,2345.59,0.1,112.70000000000145,1134.0000000000146,1.4770642201835158,TP,2024Q2,2024,26
3055,74112,2024-05-15 04:30:00,74115,2024-05-15 06:00:00,SELL,2356.62,2359.6660714285713,2359.6660714285713,2352.050892857143,0.1,-31.160714285713947,-304.6071428571395,-1.0,SL,2024Q2,2024,3
3056,74116,2024-05-15 06:30:00,74116,2024-05-15 06:30:00,SELL,2358.17,2360.8335714285713,2360.8335714285713,2354.1746428571428,0.1,-27.33571428571231,-266.3571428571231,-1.0,SL,2024Q2,2024,0
3057,74117,2024-05-15 07:00:00,74119,2024-05-15 08:00:00,SELL,2360.22,2356.125,2362.95,2356.125,0.1,40.249999999997996,409.49999999998,1.4374999999999192,TP,2024Q2,2024,2
3058,74124,2024-05-15 10:30:00,74125,2024-05-15 11:00:00,SELL,2363.11,2366.775357142857,2366.775357142857,2357.6119642857143,0.1,-37.3535714285692,-366.53571428569194,-1.0,SL,2024Q2,2024,1
3059,74126,2024-05-15 11:30:00,74126,2024-05-15 11:30:00,SELL,2368.69,2372.9714285714285,2372.9714285714285,2362.2678571428573,0.1,-43.51428571428478,-428.1428571428478,-1.0,SL,2024Q2,2024,0
3060,74127,2024-05-15 12:00:00,74130,2024-05-15 13:30:00,SELL,2373.05,2366.1328571428576,2377.6614285714286,2366.1328571428576,0.1,68.47142857142607,691.7142857142608,1.4626182483979235,TP,2024Q2,2024,3
3061,74152,2024-05-16 01:30:00,74157,2024-05-16 04:00:00,SELL,2388.87,2396.8199999999997,2396.8199999999997,2376.9449999999997,0.1,-80.19999999999818,-794.9999999999818,-1.0,SL,2024Q2,2024,5
3062,74158,2024-05-16 04:30:00,74159,2024-05-16 05:00:00,SELL,2394.68,2387.255,2399.6299999999997,2387.255,0.1,73.54999999999727,742.4999999999727,1.4651394422310744,TP,2024Q2,2024,1
3063,74160,2024-05-16 05:30:00,74176,2024-05-16 13:30:00,SELL,2390.06,2381.685178571429,2395.6432142857143,2381.685178571429,0.1,83.04821428571067,837.4821428571067,1.4690441594540862,TP,2024Q2,2024,16
3064,74228,2024-05-17 16:30:00,74229,2024-05-17 17:00:00,SELL,2401.03,2407.319285714286,2407.319285714286,2391.5960714285716,0.1,-63.592857142855976,-628.9285714285597,-1.0,SL,2024Q2,2024,1
3065,74230,2024-05-17 17:30:00,74230,2024-05-17 17:30:00,SELL,2405.78,2413.346428571429,2413.346428571429,2394.4303571428572,0.1,-76.36428571428787,-756.6428571428787,-1.0,SL,2024Q2,2024,0
3066,74231,2024-05-17 18:00:00,74242,2024-05-17 23:30:00,SELL,2413.31,2421.8310714285712,2421.8310714285712,2400.528392857143,0.1,-85.91071428571304,-852.1071428571304,-1.0,SL,2024Q2,2024,11
3067,74244,2024-05-20 01:30:00,74249,2024-05-20 04:00:00,SELL,2420.89,2430.868214285714,2430.868214285714,2405.922678571428,0.1,-100.4821428571433,-997.821428571433,-1.0,SL,2024Q2,2024,5
3068,74250,2024-05-20 04:30:00,74258,2024-05-20 08:30:00,SELL,2433.06,2441.4835714285714,2441.4835714285714,2420.4246428571423,0.1,-84.9357142857145,-842.3571428571449,-1.0,SL,2024Q2,2024,8
3069,74259,2024-05-20 09:00:00,74260,2024-05-20 09:30:00,SELL,2449.5,2436.424285714286,2458.217142857143,2436.424285714286,0.1,130.05714285714186,1307.5714285714184,1.4800845390993334,TP,2024Q2,2024,1
3070,74261,2024-05-20 10:00:00,74271,2024-05-20 15:00:00,SELL,2438.6,2422.95125,2449.0325,2422.95125,0.1,155.78749999999837,1564.8749999999836,1.483337300642704,TP,2024Q2,2024,10
3071,74368,2024-05-22 17:30:00,74376,2024-05-22 21:30:00,BUY,2386.36,2376.147142857143,2376.147142857143,2401.679285714286,0.1,-102.82857142857047,-1021.2857142857047,-1.0,SL,2024Q2,2024,8
3072,74377,2024-05-22 22:00:00,74396,2024-05-23 08:30:00,BUY,2377.97,2366.015,2366.015,2395.9025,0.1,-120.24999999999928,-1195.4999999999927,-1.0,SL,2024Q2,2024,19
3073,74397,2024-05-23 09:00:00,74412,2024-05-23 16:30:00,BUY,2360.15,2352.895357142857,2352.895357142857,2371.0319642857144,0.1,-73.24642857143154,-725.4642857143153,-1.0,SL,2024Q2,2024,15
3074,74413,2024-05-23 17:00:00,74413,2024-05-23 17:00:00,BUY,2358.73,2349.9989285714287,2349.9989285714287,2371.8266071428575,0.1,-88.0107142857134,-873.107142857134,-1.0,SL,2024Q2,2024,0
3075,74414,2024-05-23 17:30:00,74419,2024-05-23 20:00:00,BUY,2350.02,2339.7964285714284,2339.7964285714284,2365.3553571428574,0.1,-102.93571428571632,-1022.3571428571631,-1.0,SL,2024Q2,2024,5
3076,74420,2024-05-23 20:30:00,74504,2024-05-27 16:30:00,BUY,2336.38,2354.4426785714286,2324.3382142857145,2354.4426785714286,0.1,179.9267857142848,1806.2678571428478,1.485551263527261,TP,2024Q2,2024,84
3077,74505,2024-05-27 17:00:00,74530,2024-05-28 09:00:00,SELL,2354.85,2346.12,2360.6699999999996,2346.12,0.1,86.60000000000018,873.0000000000018,1.4702886247878515,TP,2024Q2,2024,25
3078,74611,2024-05-30 03:30:00,74613,2024-05-30 04:30:00,BUY,2336.76,2333.0003571428574,2333.0003571428574,2342.3994642857147,0.1,-38.29642857142808,-375.9642857142808,-1.0,SL,2024Q2,2024,2
3079,74614,2024-05-30 05:00:00,74615,2024-05-30 05:30:00,BUY,2334.15,2330.0657142857144,2330.0657142857144,2340.276428571429,0.1,-41.542857142856704,-408.428571428567,-1.0,SL,2024Q2,2024,1
3080,74616,2024-05-30 06:00:00,74621,2024-05-30 08:30:00,BUY,2330.96,2326.522142857143,2326.522142857143,2337.616785714286,0.1,-45.07857142856956,-443.7857142856956,-1.0,SL,2024Q2,2024,5
3081,74622,2024-05-30 09:00:00,74624,2024-05-30 10:00:00,BUY,2325.08,2334.030178571428,2319.113214285714,2334.030178571428,0.1,88.80178571428296,895.0178571428296,1.4710110631248141,TP,2024Q2,2024,2
3082,74682,2024-05-31 16:00:00,74683,2024-05-31 16:30:00,SELL,2354.67,2346.5603571428574,2360.0764285714286,2346.5603571428574,0.1,80.39642857142717,810.9642857142717,1.4680448676144509,TP,2024Q2,2024,1
3083,74710,2024-06-03 07:00:00,74713,2024-06-03 08:30:00,BUY,2321.51,2316.3382142857145,2316.3382142857145,2329.267678571429,0.1,-52.41785714285761,-517.1785714285761,-1.0,SL,2024Q2,2024,3
3084,74714,2024-06-03 09:00:00,74714,2024-06-03 09:00:00,BUY,2320.29,2315.089285714286,2315.089285714286,2328.0910714285715,0.1,-52.70714285714185,-520.0714285714184,-1.0,SL,2024Q2,2024,0
3085,74715,2024-06-03 09:30:00,74716,2024-06-03 10:00:00,BUY,2315.7,2324.196964285714,2310.035357142857,2324.196964285714,0.1,84.26964285714057,849.6964285714057,1.4694837142678419,TP,2024Q2,2024,1
3086,74736,2024-06-03 20:00:00,74764,2024-06-04 11:00:00,SELL,2348.95,2337.095714285714,2356.852857142857,2337.095714285714,0.1,117.84285714285652,1185.4285714285652,1.4780505285791075,TP,2024Q2,2024,28
3087,74767,2024-06-04 12:30:00,74774,2024-06-04 16:00:00,BUY,2329.42,2337.360892857143,2324.1260714285713,2337.360892857143,0.1,78.70892857142898,794.0892857142899,1.467374658765522,TP,2024Q2,2024,7
3088,74805,2024-06-05 08:30:00,74806,2024-06-05 09:00:00,SELL,2340.17,2334.84875,2343.7175,2334.84875,0.1,52.51249999999963,532.1249999999964,1.4516240497580588,TP,2024Q2,2024,1
3089,74825,2024-06-05 18:30:00,74842,2024-06-06 04:00:00,SELL,2351.54,2359.480357142857,2359.480357142857,2339.629464285714,0.1,-80.1035714285701,-794.035714285701,-1.0,SL,2024Q2,2024,17
3090,74843,2024-06-06 04:30:00,74843,2024-06-06 04:30:00,SELL,2367.13,2371.3139285714287,2371.3139285714287,2360.854107142857,0.1,-42.53928571428624,-418.39285714286234,-1.0,SL,2024Q2,2024,0
3091,74844,2024-06-06 05:00:00,74845,2024-06-06 05:30:00,SELL,2367.33,2371.891071428571,2371.891071428571,2360.4883928571426,0.1,-46.31071428571268,-456.10714285712675,-1.0,SL,2024Q2,2024,1
3092,74846,2024-06-06 06:00:00,74852,2024-06-06 09:00:00,SELL,2374.44,2366.4010714285714,2379.799285714286,2366.4010714285714,0.1,79.68928571428641,803.8928571428642,1.467767399026444,TP,2024Q2,2024,6
3093,74871,2024-06-06 18:30:00,74894,2024-06-07 07:00:00,SELL,2374.72,2382.4760714285712,2382.4760714285712,2363.085892857143,0.1,-78.26071428571431,-775.6071428571431,-1.0,SL,2024Q2,2024,23
3094,74895,2024-06-07 07:30:00,74897,2024-06-07 08:30:00,SELL,2384.15,2375.9969642857145,2389.585357142857,2375.9969642857145,0.1,80.83035714285579,815.3035714285579,1.4682127797600137,TP,2024Q2,2024,2
3095,74904,2024-06-07 12:00:00,74904,2024-06-07 12:00:00,BUY,2347.45,2337.5125,2337.5125,2362.35625,0.1,-100.075,-993.75,-1.0,SL,2024Q2,2024,0
3096,74905,2024-06-07 12:30:00,74911,2024-06-07 15:30:00,BUY,2338.47,2327.727857142857,2327.727857142857,2354.5832142857143,0.1,-108.12142857142881,-1074.214285714288,-1.0,SL,2024Q2,2024,6
3097,74912,2024-06-07 16:00:00,74913,2024-06-07 16:30:00,BUY,2319.4,2307.179285714286,2307.179285714286,2337.731071428572,0.1,-122.90714285714166,-1222.0714285714166,-1.0,SL,2024Q2,2024,1
3098,74914,2024-06-07 17:00:00,74924,2024-06-07 22:00:00,BUY,2309.65,2294.9210714285714,2294.9210714285714,2331.743392857143,0.1,-147.98928571428695,-1472.8928571428696,-1.0,SL,2024Q2,2024,10
3099,74925,2024-06-07 22:30:00,75003,2024-06-11 15:30:00,BUY,2295.29,2316.51875,2281.1375,2316.51875,0.1,211.5875000000022,2122.875000000022,1.4876955528212343,TP,2024Q2,2024,78
3100,75050,2024-06-12 16:00:00,75051,2024-06-12 16:30:00,SELL,2335.85,2325.917857142857,2342.4714285714285,2325.917857142857,0.1,98.62142857142935,993.2142857142935,1.4738471391972674,TP,2024Q2,2024,1
3101,75116,2024-06-14 03:00:00,75122,2024-06-14 06:00:00,BUY,2302.43,2307.1598214285714,2299.276785714286,2307.1598214285714,0.1,46.5982142857154,472.98214285715403,1.4457063711912728,TP,2024Q2,2024,6
3102,75136,2024-06-14 13:00:00,75136,2024-06-14 13:00:00,SELL,2322.51,2328.189642857143,2328.189642857143,2313.9905357142857,0.1,-57.49642857142881,-567.964285714288,-1.0,SL,2024Q2,2024,0
3103,75137,2024-06-14 13:30:00,75139,2024-06-14 14:30:00,SELL,2328.35,2334.6125,2334.6125,2318.9562499999997,0.1,-63.32500000000273,-626.2500000000273,-1.0,SL,2024Q2,2024,2
3104,75140,2024-06-14 15:00:00,75173,2024-06-17 08:30:00,SELL,2331.87,2320.5573214285714,2339.4117857142855,2320.5573214285714,0.1,112.42678571428478,1131.2678571428478,1.477009337024351,TP,2024Q2,2024,33
3105,75225,2024-06-18 11:30:00,75229,2024-06-18 13:30:00,BUY,2311.79,2307.5085714285715,2307.5085714285715,2318.212142857143,0.1,-43.51428571428478,-428.1428571428478,-1.0,SL,2024Q2,2024,4
3106,75230,2024-06-18 14:00:00,75233,2024-06-18 15:30:00,BUY,2308.45,2315.3430357142856,2303.8546428571426,2315.3430357142856,0.1,68.23035714285815,689.3035714285816,1.4624894740871166,TP,2024Q2,2024,3
3107,75271,2024-06-19 11:30:00,75273,2024-06-19 12:30:00,SELL,2333.74,2329.109821428571,2336.8267857142855,2329.109821428571,0.1,45.60178571428587,463.0178571428587,1.444563864690576,TP,2024Q2,2024,2
3108,75299,2024-06-20 05:00:00,75304,2024-06-20 07:30:00,SELL,2336.18,2339.8260714285716,2339.8260714285716,2330.7108928571424,0.1,-37.16071428571759,-364.60714285717586,-1.0,SL,2024Q2,2024,5
3109,75305,2024-06-20 08:00:00,75306,2024-06-20 08:30:00,SELL,2340.32,2344.3764285714287,2344.3764285714287,2334.235357142857,0.1,-41.26428571428569,-405.6428571428569,-1.0,SL,2024Q2,2024,1
3110,75307,2024-06-20 09:00:00,75307,2024-06-20 09:00:00,SELL,2340.2,2344.6860714285713,2344.6860714285713,2333.4708928571426,0.1,-45.560714285714496,-448.60714285714494,-1.0,SL,2024Q2,2024,0
3111,75308,2024-06-20 09:30:00,75311,2024-06-20 11:00:00,SELL,2344.3,2337.035714285714,2349.1428571428573,2337.035714285714,0.1,71.94285714285961,726.4285714285961,1.4643791799942305,TP,2024Q2,2024,3
3112,75323,2024-06-20 17:00:00,75323,2024-06-20 17:00:00,SELL,2349.22,2356.2014285714286,2356.2014285714286,2338.747857142857,0.1,-70.51428571428751,-698.1428571428751,-1.0,SL,2024Q2,2024,0
3113,75324,2024-06-20 17:30:00,75324,2024-06-20 17:30:00,SELL,2355.6,2363.4,2363.4,2343.8999999999996,0.1,-78.70000000000182,-780.0000000000182,-1.0,SL,2024Q2,2024,0
3114,75325,2024-06-20 18:00:00,75326,2024-06-20 18:30:00,SELL,2363.83,2351.512857142857,2372.0414285714287,2351.512857142857,0.1,122.47142857143153,1231.7142857143153,1.4788683801966538,TP,2024Q2,2024,1
3115,75332,2024-06-20 21:30:00,75368,2024-06-21 16:30:00,SELL,2360.63,2346.3939285714287,2370.1207142857143,2346.3939285714287,0.1,141.6607142857145,1423.607142857145,1.4816959282779467,TP,2024Q2,2024,36
3116,75370,2024-06-21 17:30:00,75371,2024-06-21 18:00:00,BUY,2335.09,2326.084642857143,2326.084642857143,2348.5980357142857,0.1,-90.75357142857065,-900.5357142857065,-1.0,SL,2024Q2,2024,1
3117,75372,2024-06-21 18:30:00,75376,2024-06-21 20:30:00,BUY,2326.78,2317.011785714286,2317.011785714286,2341.432321428572,0.1,-98.38214285714294,-976.8214285714294,-1.0,SL,2024Q2,2024,4
3118,75377,2024-06-21 21:00:00,75453,2024-06-25 13:00:00,BUY,2319.4,2336.0210714285718,2308.319285714286,2336.0210714285718,0.1,165.5107142857167,1662.1071428571668,1.4843059381205765,TP,2024Q2,2024,76
3119,75483,2024-06-26 05:00:00,75483,2024-06-26 05:00:00,BUY,2313.07,2319.78625,2308.5925,2319.78625,0.1,66.46249999999945,671.6249999999945,1.4615173172072562,TP,2024Q2,2024,0
3120,75500,2024-06-26 13:30:00,75503,2024-06-26 15:00:00,BUY,2308.53,2316.840535714286,2302.9896428571433,2316.840535714286,0.1,82.40535714285834,831.0535714285834,1.468807689859396,TP,2024Q2,2024,3
3121,75506,2024-06-26 16:30:00,75543,2024-06-27 12:00:00,BUY,2296.81,2309.0998214285714,2288.6167857142855,2309.0998214285714,0.1,122.19821428571485,1228.9821428571486,1.4788218005791318,TP,2024Q2,2024,37
3122,75549,2024-06-27 15:00:00,75550,2024-06-27 15:30:00,SELL,2317.0,2322.361428571429,2322.361428571429,2308.957857142857,0.1,-54.3142857142886,-536.142857142886,-1.0,SL,2024Q2,2024,1
3123,75551,2024-06-27 16:00:00,75553,2024-06-27 17:00:00,SELL,2322.72,2328.7982142857145,2328.7982142857145,2313.602678571428,0.1,-61.48214285714694,-607.8214285714694,-1.0,SL,2024Q2,2024,2
3124,75554,2024-06-27 17:30:00,75587,2024-06-28 11:00:00,SELL,2324.47,2331.1792857142855,2331.1792857142855,2314.406071428571,0.1,-67.7928571428567,-670.928571428567,-1.0,SL,2024Q2,2024,33
3125,75592,2024-06-28 13:30:00,75596,2024-06-28 15:30:00,SELL,2334.55,2339.2428571428572,2339.2428571428572,2327.5107142857146,0.1,-47.62857142857065,-469.2857142857065,-1.0,SL,2024Q2,2024,4
3126,75597,2024-06-28 16:00:00,75598,2024-06-28 16:30:00,SELL,2335.31,2327.1682142857144,2340.737857142857,2327.1682142857144,0.1,80.7178571428556,814.1785714285561,1.4681694166557988,TP,2024Q2,2024,1
3127,75641,2024-07-01 15:00:00,75642,2024-07-01 15:30:00,SELL,2338.05,2330.266607142857,2343.238928571429,2330.266607142857,0.1,77.13392857143099,778.3392857143099,1.4667232597623099,TP,2024Q3,2024,1
3128,75723,2024-07-03 10:00:00,75723,2024-07-03 10:00:00,SELL,2340.08,2344.2371428571428,2344.2371428571428,2333.844285714286,0.1,-42.271428571428444,-415.7142857142844,-1.0,SL,2024Q3,2024,0
3129,75724,2024-07-03 10:30:00,75724,2024-07-03 10:30:00,SELL,2342.05,2346.4782142857143,2346.4782142857143,2335.407678571429,0.1,-44.98214285714148,-442.8214285714148,-1.0,SL,2024Q3,2024,0
3130,75725,2024-07-03 11:00:00,75734,2024-07-03 15:30:00,SELL,2345.23,2350.3417857142854,2350.3417857142854,2337.5623214285715,0.1,-51.81785714285361,-511.1785714285361,-1.0,SL,2024Q3,2024,9
3131,75735,2024-07-03 16:00:00,75736,2024-07-03 16:30:00,SELL,2350.27,2357.2064285714287,2357.2064285714287,2339.865357142857,0.1,-70.06428571428678,-693.6428571428678,-1.0,SL,2024Q3,2024,1
3132,75737,2024-07-03 17:00:00,75737,2024-07-03 17:00:00,SELL,2354.97,2362.3242857142855,2362.3242857142855,2343.9385714285713,0.1,-74.24285714285652,-735.4285714285652,-1.0,SL,2024Q3,2024,0
3133,75738,2024-07-03 17:30:00,75808,2024-07-05 09:00:00,SELL,2358.1,2365.96,2365.96,2346.31,0.1,-79.30000000000128,-786.0000000000127,-1.0,SL,2024Q3,2024,70
3134,75824,2024-07-05 17:00:00,75832,2024-07-05 21:00:00,SELL,2383.03,2391.236071428572,2391.236071428572,2370.720892857143,0.1,-82.76071428571704,-820.6071428571704,-1.0,SL,2024Q3,2024,8
3135,75836,2024-07-05 23:00:00,75859,2024-07-08 11:30:00,SELL,2388.58,2375.9189285714283,2397.0207142857143,2375.9189285714283,0.1,125.91071428571631,1266.1071428571631,1.479437683592111,TP,2024Q3,2024,23
3136,75874,2024-07-08 19:00:00,75895,2024-07-09 06:30:00,BUY,2355.65,2367.6232142857143,2347.6678571428574,2367.6232142857143,0.1,119.0321428571422,1197.321428571422,1.4782666548390235,TP,2024Q3,2024,21
3137,75949,2024-07-10 10:30:00,75958,2024-07-10 15:00:00,SELL,2374.79,2378.9332142857143,2378.9332142857143,2368.5751785714288,0.1,-42.13214285714294,-414.32142857142935,-1.0,SL,2024Q3,2024,9
3138,75959,2024-07-10 15:30:00,75961,2024-07-10 16:30:00,SELL,2379.89,2384.408214285714,2384.408214285714,2373.1126785714287,0.1,-45.88214285714294,-451.82142857142935,-1.0,SL,2024Q3,2024,2
3139,75962,2024-07-10 17:00:00,75963,2024-07-10 17:30:00,SELL,2383.17,2375.241964285715,2388.455357142857,2375.241964285715,0.1,78.58035714285215,792.8035714285215,1.4673224408136023,TP,2024Q3,2024,1
3140,75986,2024-07-11 06:00:00,75986,2024-07-11 06:00:00,SELL,2377.3,2379.627142857143,2379.627142857143,2373.8092857142856,0.1,-23.97142857142917,-232.7142857142917,-1.0,SL,2024Q3,2024,0
3141,75987,2024-07-11 06:30:00,75989,2024-07-11 07:30:00,SELL,2379.39,2381.7889285714286,2381.7889285714286,2375.7916071428567,0.1,-24.68928571428769,-239.8928571428769,-1.0,SL,2024Q3,2024,2
3142,75990,2024-07-11 08:00:00,75998,2024-07-11 12:00:00,SELL,2381.84,2384.5228571428574,2384.5228571428574,2377.8157142857144,0.1,-27.528571428573013,-268.28571428573014,-1.0,SL,2024Q3,2024,8
3143,76006,2024-07-11 16:00:00,76009,2024-07-11 17:30:00,SELL,2406.13,2413.7928571428574,2413.7928571428574,2394.635714285714,0.1,-77.3285714285732,-766.285714285732,-1.0,SL,2024Q3,2024,3
3144,76010,2024-07-11 18:00:00,76040,2024-07-12 10:00:00,SELL,2417.62,2401.3974999999996,2428.435,2401.3974999999996,0.1,161.5250000000031,1622.250000000031,1.4839228295820146,TP,2024Q3,2024,30
3145,76102,2024-07-15 18:00:00,76105,2024-07-15 19:30:00,SELL,2431.44,2438.6475,2438.6475,2420.6287500000003,0.1,-72.77499999999982,-720.7499999999982,-1.0,SL,2024Q3,2024,3
3146,76122,2024-07-16 05:00:00,76124,2024-07-16 06:00:00,SELL,2427.13,2430.6239285714287,2430.6239285714287,2421.8891071428575,0.1,-35.63928571428569,-349.3928571428569,-1.0,SL,2024Q3,2024,2
3147,76125,2024-07-16 06:30:00,76128,2024-07-16 08:00:00,SELL,2426.86,2430.4953571428573,2430.4953571428573,2421.4069642857144,0.1,-37.05357142857174,-363.5357142857174,-1.0,SL,2024Q3,2024,3
3148,76129,2024-07-16 08:30:00,76132,2024-07-16 10:00:00,SELL,2429.82,2434.166785714286,2434.166785714286,2423.2998214285717,0.1,-44.16785714285943,-434.6785714285943,-1.0,SL,2024Q3,2024,3
3149,76133,2024-07-16 10:30:00,76136,2024-07-16 12:00:00,SELL,2435.12,2440.5092857142854,2440.5092857142854,2427.036071428571,0.1,-54.59285714285507,-538.9285714285506,-1.0,SL,2024Q3,2024,3
3150,76137,2024-07-16 12:30:00,76143,2024-07-16 15:30:00,SELL,2438.97,2430.074464285714,2444.900357142857,2430.074464285714,0.1,88.2553571428587,889.553571428587,1.470835069341111,TP,2024Q3,2024,6
3151,76148,2024-07-16 18:00:00,76148,2024-07-16 18:00:00,SELL,2451.95,2461.0121428571424,2461.0121428571424,2438.3567857142857,0.1,-91.3214285714259,-906.214285714259,-1.0,SL,2024Q3,2024,0
3152,76149,2024-07-16 18:30:00,76158,2024-07-16 23:00:00,SELL,2459.89,2469.660357142857,2469.660357142857,2445.2344642857142,0.1,-98.40357142856938,-977.0357142856938,-1.0,SL,2024Q3,2024,9
3153,76159,2024-07-16 23:30:00,76166,2024-07-17 04:00:00,SELL,2467.54,2476.065357142857,2476.065357142857,2454.751964285714,0.1,-85.95357142857047,-852.5357142857047,-1.0,SL,2024Q3,2024,7
3154,76167,2024-07-17 04:30:00,76167,2024-07-17 04:30:00,SELL,2474.54,2479.839285714286,2479.839285714286,2466.5910714285715,0.1,-53.69285714285816,-529.9285714285816,-1.0,SL,2024Q3,2024,0
3155,76168,2024-07-17 05:00:00,76169,2024-07-17 05:30:00,SELL,2479.31,2470.927142857143,2484.8985714285714,2470.927142857143,0.1,83.12857142857119,838.285714285712,1.4690734662963896,TP,2024Q3,2024,1
3156,76170,2024-07-17 06:00:00,76171,2024-07-17 06:30:00,SELL,2474.48,2464.8532142857143,2480.897857142857,2464.8532142857143,0.1,95.56785714285688,962.6785714285688,1.473026533083817,TP,2024Q3,2024,1
3157,76172,2024-07-17 07:00:00,76190,2024-07-17 16:00:00,SELL,2471.63,2479.259642857143,2479.259642857143,2460.185535714286,0.1,-76.99642857142699,-762.9642857142699,-1.0,SL,2024Q3,2024,18
3158,76192,2024-07-17 17:00:00,76192,2024-07-17 17:00:00,SELL,2482.82,2469.626964285714,2491.615357142857,2469.626964285714,0.1,131.23035714286,1319.3035714285998,1.4802602425170717,TP,2024Q3,2024,0
3159,76249,2024-07-18 22:30:00,76256,2024-07-19 03:00:00,BUY,2442.75,2433.8796428571427,2433.8796428571427,2456.0555357142857,0.1,-89.40357142857302,-887.0357142857301,-1.0,SL,2024Q3,2024,7
3160,76257,2024-07-19 03:30:00,76258,2024-07-19 04:00:00,BUY,2432.23,2425.2014285714286,2425.2014285714286,2442.7728571428574,0.1,-70.98571428571468,-702.8571428571468,-1.0,SL,2024Q3,2024,1
3161,76259,2024-07-19 04:30:00,76268,2024-07-19 09:00:00,BUY,2421.98,2414.114642857143,2414.114642857143,2433.778035714286,0.1,-79.35357142857193,-786.5357142857192,-1.0,SL,2024Q3,2024,9
3162,76269,2024-07-19 09:30:00,76279,2024-07-19 14:30:00,BUY,2417.87,2408.4232142857145,2408.4232142857145,2432.0401785714284,0.1,-95.16785714285398,-944.6785714285397,-1.0,SL,2024Q3,2024,10
3163,76280,2024-07-19 15:00:00,76281,2024-07-19 15:30:00,BUY,2410.17,2402.4857142857145,2402.4857142857145,2421.6964285714284,0.1,-77.5428571428558,-768.4285714285579,-1.0,SL,2024Q3,2024,1
3164,76282,2024-07-19 16:00:00,76282,2024-07-19 16:00:00,BUY,2403.85,2395.888214285714,2395.888214285714,2415.7926785714285,0.1,-80.31785714285725,-796.1785714285725,-1.0,SL,2024Q3,2024,0
3165,76283,2024-07-19 16:30:00,76298,2024-07-22 01:00:00,BUY,2396.28,2408.3223214285717,2388.251785714286,2408.3223214285717,0.1,119.7232142857154,1204.232142857154,1.4783902976847303,TP,2024Q3,2024,15
3166,76331,2024-07-22 17:30:00,76341,2024-07-22 22:30:00,BUY,2386.76,2398.7669642857145,2378.7553571428575,2398.7669642857145,0.1,119.36964285714275,1200.6964285714275,1.4783272148259818,TP,2024Q3,2024,10
3167,76361,2024-07-23 09:30:00,76363,2024-07-23 10:30:00,BUY,2388.56,2396.312857142857,2383.3914285714286,2396.312857142857,0.1,76.8285714285701,775.285714285701,1.466593946004908,TP,2024Q3,2024,2
3168,76401,2024-07-24 06:30:00,76419,2024-07-24 15:30:00,SELL,2417.09,2422.057142857143,2422.057142857143,2409.639285714286,0.1,-50.3714285714279,-496.71428571427896,-1.0,SL,2024Q3,2024,18
3169,76424,2024-07-24 18:00:00,76428,2024-07-24 20:00:00,SELL,2430.19,2417.941964285714,2438.355357142857,2417.941964285714,0.1,121.78035714285834,1224.8035714285834,1.478750162626361,TP,2024Q3,2024,4
3170,76443,2024-07-25 04:30:00,76443,2024-07-25 04:30:00,BUY,2388.1,2380.820714285714,2380.820714285714,2399.0189285714287,0.1,-73.49285714285834,-727.9285714285834,-1.0,SL,2024Q3,2024,0
3171,76444,2024-07-25 05:00:00,76446,2024-07-25 06:00:00,BUY,2376.49,2368.091071428571,2368.091071428571,2389.088392857143,0.1,-84.68928571428769,-839.8928571428769,-1.0,SL,2024Q3,2024,2
3172,76447,2024-07-25 06:30:00,76468,2024-07-25 17:00:00,BUY,2370.75,2360.7867857142855,2360.7867857142855,2385.6948214285717,0.1,-100.33214285714458,-996.3214285714457,-1.0,SL,2024Q3,2024,21
3173,76475,2024-07-25 20:30:00,76489,2024-07-26 04:30:00,BUY,2354.7,2373.366964285714,2342.255357142857,2373.366964285714,0.1,185.9696428571413,1866.696428571413,1.4860163808110498,TP,2024Q3,2024,14
3174,76529,2024-07-29 01:30:00,76556,2024-07-29 15:00:00,SELL,2396.98,2385.7123214285716,2404.4917857142855,2385.7123214285716,0.1,111.97678571428405,1126.7678571428405,1.4769183663856338,TP,2024Q3,2024,27
3175,76619,2024-07-30 23:30:00,76633,2024-07-31 07:30:00,SELL,2411.62,2420.6274999999996,2420.6274999999996,2398.10875,0.1,-90.77499999999709,-900.7499999999709,-1.0,SL,2024Q3,2024,14
3176,76634,2024-07-31 08:00:00,76651,2024-07-31 16:30:00,SELL,2421.01,2426.5867857142857,2426.5867857142857,2412.6448214285715,0.1,-56.46785714285507,-557.6785714285506,-1.0,SL,2024Q3,2024,17
3177,76652,2024-07-31 17:00:00,76661,2024-07-31 21:30:00,SELL,2426.07,2432.2810714285715,2432.2810714285715,2416.753392857143,0.1,-62.81071428571359,-621.1071428571358,-1.0,SL,2024Q3,2024,9
3178,76662,2024-07-31 22:00:00,76662,2024-07-31 22:00:00,SELL,2433.16,2440.6825,2440.6825,2421.87625,0.1,-75.92500000000037,-752.2500000000036,-1.0,SL,2024Q3,2024,0
3179,76663,2024-07-31 22:30:00,76663,2024-07-31 22:30:00,SELL,2442.03,2450.5178571428573,2450.5178571428573,2429.2982142857145,0.1,-85.57857142857138,-848.7857142857138,-1.0,SL,2024Q3,2024,0
3180,76664,2024-07-31 23:00:00,76687,2024-08-01 11:30:00,SELL,2449.73,2436.164107142857,2458.7739285714288,2436.164107142857,0.1,134.958928571429,1356.5892857142899,1.4807986206355803,TP,2024Q3,2024,23
3181,76696,2024-08-01 16:00:00,76698,2024-08-01 17:00:00,SELL,2450.58,2457.825,2457.825,2439.7125,0.1,-73.14999999999891,-724.4999999999891,-1.0,SL,2024Q3,2024,2
3182,76728,2024-08-02 09:00:00,76741,2024-08-02 15:30:00,SELL,2466.68,2475.47,2475.47,2453.495,0.1,-88.59999999999964,-878.9999999999964,-1.0,SL,2024Q3,2024,13
3183,76742,2024-08-02 16:00:00,76742,2024-08-02 16:00:00,SELL,2472.71,2459.976607142857,2481.1989285714285,2459.976607142857,0.1,126.63392857142917,1273.3392857142917,1.479553515543527,TP,2024Q3,2024,0
3184,76785,2024-08-05 14:30:00,76786,2024-08-05 15:00:00,BUY,2397.8,2381.888214285714,2381.888214285714,2421.667678571429,0.1,-159.81785714285996,-1591.1785714285998,-1.0,SL,2024Q3,2024,1
3185,76787,2024-08-05 15:30:00,76792,2024-08-05 18:00:00,BUY,2369.71,2397.9105357142857,2350.909642857143,2397.9105357142857,0.1,281.3053571428571,2820.0535714285706,1.4907261956583455,TP,2024Q3,2024,5
3186,76853,2024-08-07 02:30:00,76856,2024-08-07 04:00:00,BUY,2386.44,2380.7057142857143,2380.7057142857143,2395.0414285714287,0.1,-58.04285714285761,-573.4285714285761,-1.0,SL,2024Q3,2024,3
3187,76857,2024-08-07 04:30:00,76862,2024-08-07 07:00:00,BUY,2381.24,2390.1917857142857,2375.2721428571426,2390.1917857142857,0.1,88.81785714285961,895.1785714285961,1.471016207263731,TP,2024Q3,2024,5
3188,76923,2024-08-08 14:30:00,76928,2024-08-08 17:00:00,SELL,2410.58,2417.2121428571427,2417.2121428571427,2400.631785714286,0.1,-67.02142857142753,-663.2142857142753,-1.0,SL,2024Q3,2024,5
3189,76929,2024-08-08 17:30:00,76973,2024-08-09 16:30:00,SELL,2423.75,2432.9975,2432.9975,2409.87875,0.1,-93.17499999999946,-924.7499999999945,-1.0,SL,2024Q3,2024,44
3190,77007,2024-08-12 10:30:00,77009,2024-08-12 11:30:00,SELL,2438.66,2443.5392857142856,2443.5392857142856,2431.3410714285715,0.1,-49.49285714285743,-487.9285714285743,-1.0,SL,2024Q3,2024,2
3191,77010,2024-08-12 12:00:00,77019,2024-08-12 16:30:00,SELL,2441.92,2446.9342857142856,2446.9342857142856,2434.3985714285714,0.1,-50.84285714285507,-501.42857142855064,-1.0,SL,2024Q3,2024,9
3192,77020,2024-08-12 17:00:00,77020,2024-08-12 17:00:00,SELL,2454.1,2445.439107142857,2459.873928571428,2445.439107142857,0.1,85.90892857142698,866.0892857142699,1.4700543910041322,TP,2024Q3,2024,0
3193,77021,2024-08-12 17:30:00,77021,2024-08-12 17:30:00,SELL,2448.5,2454.967142857143,2454.967142857143,2438.799285714286,0.1,-65.3714285714279,-646.714285714279,-1.0,SL,2024Q3,2024,0
3194,77022,2024-08-12 18:00:00,77022,2024-08-12 18:00:00,SELL,2453.2,2459.917857142857,2459.917857142857,2443.1232142857143,0.1,-67.87857142857156,-671.7857142857156,-1.0,SL,2024Q3,2024,0
3195,77023,2024-08-12 18:30:00,77024,2024-08-12 19:00:00,SELL,2456.95,2464.256071428571,2464.256071428571,2445.990892857143,0.1,-73.76071428571159,-730.6071428571158,-1.0,SL,2024Q3,2024,1
3196,77025,2024-08-12 19:30:00,77030,2024-08-12 22:00:00,SELL,2463.55,2471.2975,2471.2975,2451.9287500000005,0.1,-78.17499999999946,-774.7499999999945,-1.0,SL,2024Q3,2024,5
3197,77031,2024-08-12 22:30:00,77089,2024-08-14 05:30:00,SELL,2469.88,2457.6657142857143,2478.022857142857,2457.6657142857143,0.1,121.44285714285779,1221.428571428578,1.47869194642552,TP,2024Q3,2024,58
3198,77155,2024-08-15 15:30:00,77155,2024-08-15 15:30:00,SELL,2466.68,2459.1344642857143,2471.710357142857,2459.1344642857143,0.1,74.75535714285506,754.5535714285506,1.4656886772634523,TP,2024Q3,2024,0
3199,77200,2024-08-16 15:00:00,77201,2024-08-16 15:30:00,SELL,2472.07,2478.801785714286,2478.801785714286,2461.9723214285714,0.1,-68.01785714285707,-673.1785714285706,-1.0,SL,2024Q3,2024,1
3200,77202,2024-08-16 16:00:00,77203,2024-08-16 16:30:00,SELL,2491.51,2500.178928571429,2500.178928571429,2478.5066071428573,0.1,-87.38928571428751,-866.8928571428751,-1.0,SL,2024Q3,2024,1
3201,77204,2024-08-16 17:00:00,77204,2024-08-16 17:00:00,SELL,2494.31,2478.5889285714284,2504.7907142857143,2478.5889285714284,0.1,156.51071428571578,1572.1071428571577,1.4834134452643697,TP,2024Q3,2024,0
3202,77208,2024-08-16 19:00:00,77213,2024-08-16 21:30:00,SELL,2491.67,2503.786785714286,2503.786785714286,2473.4948214285714,0.1,-121.86785714285925,-1211.6785714285925,-1.0,SL,2024Q3,2024,5
3203,77214,2024-08-16 22:00:00,77283,2024-08-20 10:30:00,SELL,2503.2,2515.2428571428572,2515.2428571428572,2485.135714285714,0.1,-121.12857142857429,-1204.2857142857429,-1.0,SL,2024Q3,2024,69
3204,77284,2024-08-20 11:00:00,77284,2024-08-20 11:00:00,SELL,2514.79,2521.4767857142856,2521.4767857142856,2504.7598214285717,0.1,-67.56785714285634,-668.6785714285634,-1.0,SL,2024Q3,2024,0
3205,77285,2024-08-20 11:30:00,77285,2024-08-20 11:30:00,SELL,2515.69,2522.4314285714286,2522.4314285714286,2505.5778571428573,0.1,-68.11428571428515,-674.1428571428514,-1.0,SL,2024Q3,2024,0
3206,77286,2024-08-20 12:00:00,77291,2024-08-20 14:30:00,SELL,2519.75,2526.8535714285713,2526.8535714285713,2509.094642857143,0.1,-71.73571428571286,-710.3571428571286,-1.0,SL,2024Q3,2024,5
3207,77292,2024-08-20 15:00:00,77298,2024-08-20 18:00:00,SELL,2526.25,2514.596607142857,2534.0189285714287,2514.596607142857,0.1,115.8339285714299,1165.339285714299,1.4776755205248533,TP,2024Q3,2024,6
3208,77388,2024-08-22 17:00:00,77388,2024-08-22 17:00:00,BUY,2487.76,2479.8207142857145,2479.8207142857145,2499.668928571429,0.1,-80.09285714285689,-793.9285714285688,-1.0,SL,2024Q3,2024,0
3209,77389,2024-08-22 17:30:00,77407,2024-08-23 03:30:00,BUY,2477.99,2491.795357142857,2468.786428571428,2491.795357142857,0.1,137.35357142857248,1380.5357142857247,1.4811291689131703,TP,2024Q3,2024,18
3210,77435,2024-08-23 17:30:00,77439,2024-08-23 19:30:00,SELL,2514.0,2502.5346428571434,2521.6435714285712,2502.5346428571434,0.1,113.95357142856646,1146.5357142856647,1.477312714140168,TP,2024Q3,2024,4
3211,77451,2024-08-26 02:30:00,77467,2024-08-26 10:30:00,SELL,2515.67,2521.5210714285713,2521.5210714285713,2506.8933928571428,0.1,-59.210714285712314,-585.1071428571231,-1.0,SL,2024Q3,2024,16
3212,77468,2024-08-26 11:00:00,77469,2024-08-26 11:30:00,SELL,2521.35,2525.6635714285712,2525.6635714285712,2514.8796428571427,0.1,-43.83571428571322,-431.3571428571322,-1.0,SL,2024Q3,2024,1
3213,77470,2024-08-26 12:00:00,77479,2024-08-26 16:30:00,SELL,2524.12,2517.5885714285714,2528.4742857142855,2517.5885714285714,0.1,64.61428571428478,653.1428571428478,1.4604455925088788,TP,2024Q3,2024,9
3214,77503,2024-08-27 05:30:00,77509,2024-08-27 08:30:00,BUY,2507.11,2512.8876785714288,2503.258214285714,2512.8876785714288,0.1,57.07678571428623,577.7678571428623,1.455377470175646,TP,2024Q3,2024,6
3215,77543,2024-08-28 02:30:00,77546,2024-08-28 04:00:00,SELL,2526.65,2520.092857142857,2531.0214285714287,2520.092857142857,0.1,64.87142857142935,655.7142857142935,1.4605982631071086,TP,2024Q3,2024,3
3216,77556,2024-08-28 09:00:00,77567,2024-08-28 14:30:00,BUY,2505.92,2500.7482142857143,2500.7482142857143,2513.6776785714287,0.1,-52.41785714285761,-517.1785714285761,-1.0,SL,2024Q3,2024,11
3217,77568,2024-08-28 15:00:00,77568,2024-08-28 15:00:00,BUY,2501.54,2496.128214285714,2496.128214285714,2509.6576785714287,0.1,-54.81785714285998,-541.1785714285998,-1.0,SL,2024Q3,2024,0
3218,77569,2024-08-28 15:30:00,77570,2024-08-28 16:00:00,BUY,2496.31,2504.7507142857144,2490.682857142857,2504.7507142857144,0.1,83.7071428571442,844.0714285714421,1.4692828485455982,TP,2024Q3,2024,1
3219,77603,2024-08-29 09:30:00,77615,2024-08-29 15:30:00,SELL,2520.73,2513.952678571429,2525.2482142857143,2513.952678571429,0.1,67.07321428571213,677.7321428571213,1.4618587997197292,TP,2024Q3,2024,12
3220,77671,2024-08-30 20:30:00,77746,2024-09-03 14:30:00,BUY,2495.25,2485.6810714285716,2485.6810714285716,2509.603392857143,0.1,-96.38928571428387,-956.8928571428387,-1.0,SL,2024Q3,2024,75
3221,77783,2024-09-04 10:00:00,77785,2024-09-04 11:00:00,BUY,2484.37,2480.306071428571,2480.306071428571,2490.4658928571425,0.1,-41.33928571428733,-406.39285714287325,-1.0,SL,2024Q3,2024,2
3222,77786,2024-09-04 11:30:00,77786,2024-09-04 11:30:00,BUY,2480.97,2476.255714285714,2476.255714285714,2488.0414285714282,0.1,-47.842857142857795,-471.4285714285779,-1.0,SL,2024Q3,2024,0
3223,77787,2024-09-04 12:00:00,77788,2024-09-04 12:30:00,BUY,2473.5,2481.6433928571428,2468.0710714285715,2481.6433928571428,0.1,80.73392857142771,814.3392857142771,1.4681756186270047,TP,2024Q3,2024,1
3224,77827,2024-09-05 09:00:00,77827,2024-09-05 09:00:00,SELL,2501.82,2505.4382142857144,2505.4382142857144,2496.392678571429,0.1,-36.88214285714203,-361.82142857142026,-1.0,SL,2024Q3,2024,0
3225,77828,2024-09-05 09:30:00,77831,2024-09-05 11:00:00,SELL,2506.26,2510.402142857143,2510.402142857143,2500.0467857142858,0.1,-42.12142857142972,-414.21428571429715,-1.0,SL,2024Q3,2024,3
3226,77832,2024-09-05 11:30:00,77839,2024-09-05 15:00:00,SELL,2513.83,2519.1475,2519.1475,2505.8537499999998,0.1,-53.875000000001094,-531.7500000000109,-1.0,SL,2024Q3,2024,7
3227,77840,2024-09-05 15:30:00,77843,2024-09-05 17:00:00,SELL,2518.55,2508.3912500000006,2525.3225,2508.3912500000006,0.1,100.887499999996,1015.87499999996,1.4744245524296011,TP,2024Q3,2024,3
3228,77860,2024-09-06 02:30:00,77871,2024-09-06 08:00:00,SELL,2517.25,2520.7814285714285,2520.7814285714285,2511.9528571428573,0.1,-36.01428571428478,-353.1428571428478,-1.0,SL,2024Q3,2024,11
3229,77872,2024-09-06 08:30:00,77876,2024-09-06 10:30:00,SELL,2520.52,2516.561607142857,2523.1589285714285,2516.561607142857,0.1,38.88392857142826,395.8392857142826,1.4353988134475935,TP,2024Q3,2024,4
3230,77919,2024-09-09 09:00:00,77921,2024-09-09 10:00:00,BUY,2487.99,2493.93,2484.0299999999997,2493.93,0.1,58.70000000000054,594.0000000000055,1.4565756823821343,TP,2024Q3,2024,2
3231,77979,2024-09-10 16:00:00,77981,2024-09-10 17:00:00,SELL,2513.73,2506.1892857142857,2518.7571428571428,2506.1892857142857,0.1,74.7071428571433,754.071428571433,1.4656670403587881,TP,2024Q3,2024,2
3232,77998,2024-09-11 02:30:00,78002,2024-09-11 04:30:00,SELL,2517.39,2521.069285714286,2521.069285714286,2511.871071428571,0.1,-37.49285714285925,-367.9285714285925,-1.0,SL,2024Q3,2024,4
3233,78003,2024-09-11 05:00:00,78009,2024-09-11 08:00:00,SELL,2518.45,2521.978214285714,2521.978214285714,2513.1576785714283,0.1,-35.98214285714057,-352.8214285714057,-1.0,SL,2024Q3,2024,6
3234,78010,2024-09-11 08:30:00,78011,2024-09-11 09:00:00,SELL,2521.14,2524.585714285714,2524.585714285714,2515.9714285714285,0.1,-35.157142857140755,-344.5714285714075,-1.0,SL,2024Q3,2024,1
3235,78012,2024-09-11 09:30:00,78012,2024-09-11 09:30:00,SELL,2524.75,2528.7710714285713,2528.7710714285713,2518.718392857143,0.1,-40.91071428571304,-402.1071428571304,-1.0,SL,2024Q3,2024,0
3236,78013,2024-09-11 10:00:00,78019,2024-09-11 13:00:00,SELL,2526.47,2520.0639285714287,2530.7407142857137,2520.0639285714287,0.1,63.36071428571067,640.6071428571067,1.4596840546322685,TP,2024Q3,2024,6
3237,78072,2024-09-12 16:30:00,78072,2024-09-12 16:30:00,SELL,2539.37,2548.030357142857,2548.030357142857,2526.3794642857138,0.1,-87.30357142857265,-866.0357142857265,-1.0,SL,2024Q3,2024,0
3238,78073,2024-09-12 17:00:00,78075,2024-09-12 18:00:00,SELL,2545.29,2555.090357142857,2555.090357142857,2530.5894642857143,0.1,-98.70357142857138,-980.0357142857138,-1.0,SL,2024Q3,2024,2
3239,78076,2024-09-12 18:30:00,78093,2024-09-13 04:00:00,SELL,2553.61,2565.1503571428575,2565.1503571428575,2536.2994642857143,0.1,-116.10357142857374,-1154.0357142857374,-1.0,SL,2024Q3,2024,17
3240,78094,2024-09-13 04:30:00,78097,2024-09-13 06:00:00,SELL,2562.29,2567.1435714285712,2567.1435714285712,2555.009642857143,0.1,-49.23571428571286,-485.35714285712857,-1.0,SL,2024Q3,2024,3
3241,78098,2024-09-13 06:30:00,78109,2024-09-13 12:00:00,SELL,2567.19,2572.069285714286,2572.069285714286,2559.8710714285717,0.1,-49.49285714285743,-487.9285714285743,-1.0,SL,2024Q3,2024,11
3242,78110,2024-09-13 12:30:00,78117,2024-09-13 16:00:00,SELL,2570.8,2576.9607142857144,2576.9607142857144,2561.558928571429,0.1,-62.30714285714221,-616.0714285714221,-1.0,SL,2024Q3,2024,7
3243,78118,2024-09-13 16:30:00,78123,2024-09-13 19:00:00,SELL,2576.88,2584.1775000000002,2584.1775000000002,2565.93375,0.1,-73.67500000000128,-729.7500000000127,-1.0,SL,2024Q3,2024,5
3244,78124,2024-09-13 19:30:00,78150,2024-09-16 09:30:00,SELL,2582.4,2589.7435714285716,2589.7435714285716,2571.384642857143,0.1,-74.13571428571522,-734.3571428571522,-1.0,SL,2024Q3,2024,26
3245,78151,2024-09-16 10:00:00,78158,2024-09-16 13:30:00,SELL,2585.18,2579.0808928571428,2589.246071428571,2579.0808928571428,0.1,60.291071428570646,609.9107142857065,1.4576893187116822,TP,2024Q3,2024,7
3246,78266,2024-09-18 21:30:00,78266,2024-09-18 21:30:00,SELL,2594.29,2579.0446428571427,2604.4535714285716,2579.0446428571427,0.1,151.75357142857303,1524.5357142857301,1.4828994206742296,TP,2024Q3,2024,0
3247,78291,2024-09-19 11:00:00,78293,2024-09-19 12:00:00,SELL,2584.24,2591.3017857142854,2591.3017857142854,2573.647321428571,0.1,-71.31785714285634,-706.1785714285634,-1.0,SL,2024Q3,2024,2
3248,78294,2024-09-19 12:30:00,78300,2024-09-19 15:30:00,SELL,2590.59,2580.114642857143,2597.5735714285715,2580.114642857143,0.1,104.05357142857319,1047.535714285732,1.4751898734177535,TP,2024Q3,2024,6
3249,78327,2024-09-20 06:00:00,78332,2024-09-20 08:30:00,SELL,2591.41,2594.8342857142857,2594.8342857142857,2586.2735714285714,0.1,-34.94285714285816,-342.42857142858156,-1.0,SL,2024Q3,2024,5
3250,78333,2024-09-20 09:00:00,78333,2024-09-20 09:00:00,SELL,2594.38,2597.8792857142857,2597.8792857142857,2589.1310714285714,0.1,-35.69285714285634,-349.9285714285634,-1.0,SL,2024Q3,2024,0
3251,78334,2024-09-20 09:30:00,78334,2024-09-20 09:30:00,SELL,2599.44,2603.3742857142856,2603.3742857142856,2593.5385714285717,0.1,-40.042857142855794,-393.4285714285579,-1.0,SL,2024Q3,2024,0
3252,78335,2024-09-20 10:00:00,78338,2024-09-20 11:30:00,SELL,2605.34,2610.212857142857,2610.212857142857,2598.0307142857146,0.1,-49.428571428569015,-487.2857142856901,-1.0,SL,2024Q3,2024,3
3253,78339,2024-09-20 12:00:00,78343,2024-09-20 14:00:00,SELL,2609.66,2614.933571428571,2614.933571428571,2601.7496428571426,0.1,-53.43571428571359,-527.3571428571358,-1.0,SL,2024Q3,2024,4
3254,78344,2024-09-20 14:30:00,78345,2024-09-20 15:00:00,SELL,2610.95,2617.2071428571426,2617.2071428571426,2601.5642857142857,0.1,-63.271428571427535,-625.7142857142753,-1.0,SL,2024Q3,2024,1
3255,78346,2024-09-20 15:30:00,78348,2024-09-20 16:30:00,SELL,2617.41,2606.757857142857,2624.5114285714285,2606.757857142857,0.1,105.82142857142735,1065.2142857142735,1.4755976095617214,TP,2024Q3,2024,2
3256,78350,2024-09-20 17:30:00,78352,2024-09-20 18:30:00,SELL,2613.39,2621.232857142857,2621.232857142857,2601.6257142857144,0.1,-79.12857142857156,-784.2857142857156,-1.0,SL,2024Q3,2024,2
3257,78353,2024-09-20 19:00:00,78394,2024-09-23 16:30:00,SELL,2622.73,2632.0128571428572,2632.0128571428572,2608.8057142857147,0.1,-93.5285714285721,-928.285714285721,-1.0,SL,2024Q3,2024,41
3258,78396,2024-09-23 17:30:00,78428,2024-09-24 10:30:00,SELL,2634.49,2623.6208928571427,2641.736071428571,2623.6208928571427,0.1,107.99107142857046,1086.9107142857047,1.4760800585794787,TP,2024Q3,2024,32
3259,78444,2024-09-24 18:30:00,78446,2024-09-24 19:30:00,SELL,2645.87,2653.7996428571428,2653.7996428571428,2633.975535714286,0.1,-79.99642857142881,-792.964285714288,-1.0,SL,2024Q3,2024,2
3260,78447,2024-09-24 20:00:00,78452,2024-09-24 22:30:00,SELL,2653.39,2662.8442857142854,2662.8442857142854,2639.2085714285713,0.1,-95.24285714285561,-945.4285714285561,-1.0,SL,2024Q3,2024,5
3261,78453,2024-09-24 23:00:00,78525,2024-09-26 13:00:00,SELL,2662.59,2671.2610714285715,2671.2610714285715,2649.583392857143,0.1,-87.41071428571395,-867.1071428571395,-1.0,SL,2024Q3,2024,72
3262,78527,2024-09-26 14:00:00,78527,2024-09-26 14:00:00,SELL,2672.45,2678.053571428571,2678.053571428571,2664.0446428571427,0.1,-56.73571428571286,-560.3571428571286,-1.0,SL,2024Q3,2024,0
3263,78528,2024-09-26 14:30:00,78528,2024-09-26 14:30:00,SELL,2677.99,2684.2075,2684.2075,2668.6637499999997,0.1,-62.875000000002004,-621.75000000002,-1.0,SL,2024Q3,2024,0
3264,78529,2024-09-26 15:00:00,78530,2024-09-26 15:30:00,SELL,2682.65,2672.388392857143,2689.4910714285716,2672.388392857143,0.1,101.91607142856974,1026.1607142856974,1.4746783111983548,TP,2024Q3,2024,1
3265,78619,2024-09-30 14:00:00,78625,2024-09-30 17:00:00,BUY,2637.05,2630.131785714286,2630.131785714286,2647.4273214285718,0.1,-69.88214285714385,-691.8214285714384,-1.0,SL,2024Q3,2024,6
3266,78626,2024-09-30 17:30:00,78657,2024-10-01 10:00:00,BUY,2631.97,2645.707857142857,2622.811428571428,2645.707857142857,0.1,136.6785714285714,1373.7857142857138,1.481037151702762,TP,2024Q3,2024,31
3267,78668,2024-10-01 15:30:00,78670,2024-10-01 16:30:00,SELL,2655.77,2661.1057142857144,2661.1057142857144,2647.7664285714286,0.1,-54.05714285714403,-533.5714285714403,-1.0,SL,2024Q4,2024,2
3268,78671,2024-10-01 17:00:00,78673,2024-10-01 18:00:00,SELL,2667.57,2655.7478571428574,2675.4514285714286,2655.7478571428574,0.1,117.52142857142807,1182.2142857142808,1.4779913762127481,TP,2024Q4,2024,2
3269,78786,2024-10-04 05:30:00,78790,2024-10-04 07:30:00,SELL,2661.23,2664.2996428571428,2664.2996428571428,2656.625535714286,0.1,-31.39642857142753,-306.9642857142753,-1.0,SL,2024Q4,2024,4
3270,78791,2024-10-04 08:00:00,78792,2024-10-04 08:30:00,SELL,2663.96,2667.397142857143,2667.397142857143,2658.804285714286,0.1,-35.071428571430445,-343.7142857143044,-1.0,SL,2024Q4,2024,1
3271,78793,2024-10-04 09:00:00,78794,2024-10-04 09:30:00,SELL,2667.26,2661.9725000000003,2670.7850000000003,2661.9725000000003,0.1,52.17499999999909,528.7499999999909,1.451321279554875,TP,2024Q4,2024,1
3272,78807,2024-10-04 16:00:00,78807,2024-10-04 16:00:00,BUY,2638.95,2649.8223214285713,2631.7017857142855,2649.8223214285713,0.1,108.02321428571467,1087.2321428571468,1.4760870626128544,TP,2024Q4,2024,0
3273,78839,2024-10-07 09:00:00,78842,2024-10-07 10:30:00,BUY,2640.96,2648.1632142857143,2636.157857142857,2648.1632142857143,0.1,71.33214285714239,720.3214285714239,1.4640815129746367,TP,2024Q4,2024,3
3274,78903,2024-10-08 18:00:00,78903,2024-10-08 18:00:00,BUY,2621.19,2611.4753571428573,2611.4753571428573,2635.7619642857144,0.1,-97.84642857142735,-971.4642857142735,-1.0,SL,2024Q4,2024,0
3275,78904,2024-10-08 18:30:00,78990,2024-10-10 15:30:00,BUY,2609.69,2624.964285714286,2599.5071428571428,2624.964285714286,0.1,152.04285714285726,1527.4285714285725,1.482931587014051,TP,2024Q4,2024,86
3276,79013,2024-10-11 04:00:00,79015,2024-10-11 05:00:00,SELL,2633.73,2638.667142857143,2638.667142857143,2626.324285714286,0.1,-50.071428571430445,-493.7142857143044,-1.0,SL,2024Q4,2024,2
3277,79016,2024-10-11 05:30:00,79018,2024-10-11 06:30:00,SELL,2640.39,2645.3764285714283,2645.3764285714283,2632.9103571428573,0.1,-50.564285714284054,-498.6428571428405,-1.0,SL,2024Q4,2024,2
3278,79019,2024-10-11 07:00:00,79029,2024-10-11 12:00:00,SELL,2645.52,2637.8523214285715,2650.6317857142853,2637.8523214285715,0.1,75.97678571428496,766.7678571428496,1.4662278585706277,TP,2024Q4,2024,10
3279,79040,2024-10-11 17:30:00,79043,2024-10-11 19:00:00,SELL,2652.66,2660.135357142857,2660.135357142857,2641.4469642857143,0.1,-75.4535714285732,-747.535714285732,-1.0,SL,2024Q4,2024,3
3280,79044,2024-10-11 19:30:00,79053,2024-10-14 01:00:00,SELL,2660.68,2649.871964285714,2667.8853571428567,2649.871964285714,0.1,107.38035714285779,1080.803571428578,1.475946198026668,TP,2024Q4,2024,9
3281,79068,2024-10-14 08:30:00,79069,2024-10-14 09:00:00,SELL,2659.73,2664.6478571428574,2664.6478571428574,2652.3532142857143,0.1,-49.87857142857429,-491.78571428574287,-1.0,SL,2024Q4,2024,1
3282,79070,2024-10-14 09:30:00,79078,2024-10-14 13:30:00,SELL,2665.44,2656.6264285714283,2671.3157142857144,2656.6264285714283,0.1,87.43571428571776,881.3571428571777,1.4705670350793274,TP,2024Q4,2024,8
3283,79114,2024-10-15 08:30:00,79116,2024-10-15 09:30:00,BUY,2639.54,2646.371964285714,2634.985357142857,2646.371964285714,0.1,67.61964285714093,683.1964285714093,1.462159240095711,TP,2024Q4,2024,2
3284,79153,2024-10-16 05:00:00,79161,2024-10-16 09:00:00,SELL,2667.82,2672.0660714285714,2672.0660714285714,2661.450892857143,0.1,-43.16071428571213,-424.6071428571213,-1.0,SL,2024Q4,2024,8
3285,79162,2024-10-16 09:30:00,79168,2024-10-16 12:30:00,SELL,2676.91,2682.4289285714285,2682.4289285714285,2668.631607142857,0.1,-55.8892857142866,-551.892857142866,-1.0,SL,2024Q4,2024,6
3286,79169,2024-10-16 13:00:00,79178,2024-10-16 17:30:00,SELL,2680.13,2671.7648214285714,2685.7067857142856,2671.7648214285714,0.1,82.95178571428714,836.5178571428714,1.469008917842088,TP,2024Q4,2024,9
3287,79197,2024-10-17 04:00:00,79198,2024-10-17 04:30:00,SELL,2677.73,2680.2564285714284,2680.2564285714284,2673.940357142857,0.1,-25.964285714283687,-252.64285714283687,-1.0,SL,2024Q4,2024,1
3288,79199,2024-10-17 05:00:00,79201,2024-10-17 06:00:00,SELL,2682.89,2678.467142857143,2685.8385714285714,2678.467142857143,0.1,43.52857142857083,442.2857142857083,1.4420255560813275,TP,2024Q4,2024,2
3289,79242,2024-10-18 03:30:00,79243,2024-10-18 04:00:00,SELL,2694.39,2698.1775,2698.1775,2688.70875,0.1,-38.57499999999909,-378.7499999999909,-1.0,SL,2024Q4,2024,1
3290,79244,2024-10-18 04:30:00,79244,2024-10-18 04:30:00,SELL,2699.65,2703.2917857142857,2703.2917857142857,2694.1873214285715,0.1,-37.11785714285561,-364.1785714285561,-1.0,SL,2024Q4,2024,0
3291,79245,2024-10-18 05:00:00,79245,2024-10-18 05:00:00,SELL,2704.46,2708.459642857143,2708.459642857143,2698.460535714286,0.1,-40.696428571430445,-399.9642857143044,-1.0,SL,2024Q4,2024,0
3292,79246,2024-10-18 05:30:00,79252,2024-10-18 08:30:00,SELL,2708.39,2712.7464285714286,2712.7464285714286,2701.855357142857,0.1,-44.26428571428751,-435.6428571428751,-1.0,SL,2024Q4,2024,6
3293,79253,2024-10-18 09:00:00,79254,2024-10-18 09:30:00,SELL,2711.28,2703.160714285714,2716.6928571428575,2703.160714285714,0.1,80.49285714285979,811.9285714285979,1.4680823345492453,TP,2024Q4,2024,1
3294,79255,2024-10-18 10:00:00,79265,2024-10-18 15:00:00,SELL,2707.35,2713.842857142857,2713.842857142857,2697.610714285714,0.1,-65.62857142857247,-649.2857142857247,-1.0,SL,2024Q4,2024,10
3295,79266,2024-10-18 15:30:00,79278,2024-10-18 21:30:00,SELL,2714.2,2720.758214285714,2720.758214285714,2704.362678571428,0.1,-66.28214285714257,-655.8214285714257,-1.0,SL,2024Q4,2024,12
3296,79282,2024-10-18 23:30:00,79289,2024-10-21 04:00:00,SELL,2721.43,2728.1746428571428,2728.1746428571428,2711.3130357142854,0.1,-68.14642857142935,-674.4642857142935,-1.0,SL,2024Q4,2024,7
3297,79290,2024-10-21 04:30:00,79293,2024-10-21 06:00:00,SELL,2727.14,2731.9742857142855,2731.9742857142855,2719.888571428571,0.1,-49.042857142856704,-483.428571428567,-1.0,SL,2024Q4,2024,3
3298,79294,2024-10-21 06:30:00,79299,2024-10-21 09:00:00,SELL,2732.13,2724.0798214285714,2737.496785714286,2724.0798214285714,0.1,79.8017857142866,805.017857142866,1.4678118636273652,TP,2024Q4,2024,5
3299,79301,2024-10-21 10:00:00,79305,2024-10-21 12:00:00,SELL,2730.21,2735.9110714285716,2735.9110714285716,2721.658392857143,0.1,-57.71071428571595,-570.1071428571595,-1.0,SL,2024Q4,2024,4
3300,79306,2024-10-21 12:30:00,79316,2024-10-21 17:30:00,SELL,2735.37,2727.003214285714,2740.947857142857,2727.003214285714,0.1,82.96785714285924,836.6785714285925,1.4690147970153036,TP,2024Q4,2024,10
3301,79340,2024-10-22 06:30:00,79341,2024-10-22 07:00:00,SELL,2732.03,2735.7478571428574,2735.7478571428574,2726.4532142857142,0.1,-37.87857142857156,-371.7857142857156,-1.0,SL,2024Q4,2024,1
3302,79342,2024-10-22 07:30:00,79349,2024-10-22 11:00:00,SELL,2733.68,2737.679642857143,2737.679642857143,2727.6805357142853,0.1,-40.696428571430445,-399.9642857143044,-1.0,SL,2024Q4,2024,7
3303,79375,2024-10-23 01:00:00,79382,2024-10-23 04:30:00,SELL,2748.47,2739.7319642857137,2754.295357142857,2739.7319642857137,0.1,86.6803571428607,873.803571428607,1.4703156236748436,TP,2024Q4,2024,7
3304,79388,2024-10-23 07:30:00,79394,2024-10-23 10:30:00,SELL,2749.01,2753.3857142857146,2753.3857142857146,2742.446428571429,0.1,-44.457142857143666,-437.5714285714366,-1.0,SL,2024Q4,2024,6
3305,79395,2024-10-23 11:00:00,79403,2024-10-23 15:00:00,SELL,2754.82,2746.638035714286,2760.2746428571427,2746.638035714286,0.1,81.11964285714002,818.1964285714002,1.4683237442627581,TP,2024Q4,2024,8
3306,79408,2024-10-23 17:30:00,79408,2024-10-23 17:30:00,BUY,2725.03,2716.3792857142857,2716.3792857142857,2738.0060714285714,0.1,-87.20714285714458,-865.0714285714457,-1.0,SL,2024Q4,2024,0
3307,79409,2024-10-23 18:00:00,79437,2024-10-24 09:00:00,BUY,2717.9,2732.26625,2708.3225,2732.26625,0.1,142.96250000000038,1436.6250000000036,1.4818605856439726,TP,2024Q4,2024,28
3308,79489,2024-10-25 12:00:00,79494,2024-10-25 14:30:00,BUY,2719.63,2727.636785714286,2714.292142857143,2727.636785714286,0.1,79.36785714285797,800.6785714285797,1.467639677717648,TP,2024Q4,2024,5
3309,79513,2024-10-28 00:00:00,79519,2024-10-28 03:00:00,SELL,2736.07,2726.4416071428573,2742.4889285714285,2726.4416071428573,0.1,95.58392857142898,962.8392857142899,1.4730309868457951,TP,2024Q4,2024,6
3310,79565,2024-10-29 03:00:00,79565,2024-10-29 03:00:00,SELL,2745.67,2749.0075,2749.0075,2740.66375,0.1,-34.07500000000091,-333.7500000000091,-1.0,SL,2024Q4,2024,0
3311,79566,2024-10-29 03:30:00,79566,2024-10-29 03:30:00,SELL,2748.47,2751.906071428571,2751.906071428571,2743.315892857143,0.1,-35.06071428571268,-343.60714285712675,-1.0,SL,2024Q4,2024,0
3312,79567,2024-10-29 04:00:00,79567,2024-10-29 04:00:00,SELL,2752.01,2755.756785714286,2755.756785714286,2746.389821428572,0.1,-38.167857142855794,-374.6785714285579,-1.0,SL,2024Q4,2024,0
3313,79568,2024-10-29 04:30:00,79568,2024-10-29 04:30:00,SELL,2756.67,2750.675357142857,2760.6664285714287,2750.675357142857,0.1,59.24642857142935,599.4642857142935,1.4569646934832254,TP,2024Q4,2024,0
3314,79569,2024-10-29 05:00:00,79585,2024-10-29 13:00:00,SELL,2752.9,2746.264107142857,2757.3239285714285,2746.264107142857,0.1,65.65892857143062,663.5892857143062,1.4610585710880755,TP,2024Q4,2024,16
3315,79592,2024-10-29 16:30:00,79609,2024-10-30 02:00:00,SELL,2768.5,2777.450714285714,2777.450714285714,2755.0739285714285,0.1,-90.20714285714185,-895.0714285714184,-1.0,SL,2024Q4,2024,17
3316,79610,2024-10-30 02:30:00,79612,2024-10-30 03:30:00,SELL,2777.25,2781.477857142857,2781.477857142857,2770.908214285714,0.1,-42.9785714285692,-422.78571428569194,-1.0,SL,2024Q4,2024,2
3317,79613,2024-10-30 04:00:00,79621,2024-10-30 08:00:00,SELL,2781.55,2785.381428571429,2785.381428571429,2775.8028571428576,0.1,-39.0142857142866,-383.142857142866,-1.0,SL,2024Q4,2024,8
3318,79622,2024-10-30 08:30:00,79633,2024-10-30 14:00:00,SELL,2786.26,2778.425178571429,2791.4832142857144,2778.425178571429,0.1,77.64821428571103,783.4821428571104,1.4669388030496833,TP,2024Q4,2024,11
3319,79658,2024-10-31 03:30:00,79663,2024-10-31 06:00:00,SELL,2788.06,2782.7580357142856,2791.594642857143,2782.7580357142856,0.1,52.31964285714348,530.1964285714348,1.4514515010403253,TP,2024Q4,2024,5
3320,79683,2024-10-31 16:00:00,79684,2024-10-31 16:30:00,BUY,2755.43,2747.452142857143,2747.452142857143,2767.3967857142857,0.1,-80.4785714285692,-797.7857142856919,-1.0,SL,2024Q4,2024,1
3321,79685,2024-10-31 17:00:00,79705,2024-11-01 04:00:00,BUY,2734.87,2749.9080357142857,2724.844642857143,2749.9080357142857,0.1,149.68035714285799,1503.8035714285797,1.4826652987582918,TP,2024Q4,2024,20
3322,79706,2024-11-01 04:30:00,79713,2024-11-01 08:00:00,BUY,2748.17,2755.19,2743.4900000000002,2755.19,0.1,69.49999999999982,701.9999999999982,1.4631578947368886,TP,2024Q4,2024,7
3323,79797,2024-11-05 05:00:00,79798,2024-11-05 05:30:00,BUY,2728.58,2734.4701785714287,2724.653214285714,2734.4701785714287,0.1,58.20178571428805,589.0178571428805,1.4562148154767238,TP,2024Q4,2024,1
3324,79851,2024-11-06 09:00:00,79851,2024-11-06 09:00:00,BUY,2707.06,2728.820714285714,2692.552857142857,2728.820714285714,0.1,216.9071428571413,2176.071428571413,1.4879949039592317,TP,2024Q4,2024,0
3325,79864,2024-11-06 15:30:00,79865,2024-11-06 16:00:00,BUY,2676.45,2657.6282142857144,2657.6282142857144,2704.682678571428,0.1,-188.91785714285396,-1882.1785714285397,-1.0,SL,2024Q4,2024,1
3326,79866,2024-11-06 16:30:00,79911,2024-11-07 16:00:00,BUY,2659.61,2685.0430357142855,2642.6546428571432,2685.0430357142855,0.1,253.63035714285326,2543.3035714285325,1.4897212141553564,TP,2024Q4,2024,45
3327,79914,2024-11-07 17:30:00,79923,2024-11-07 22:00:00,SELL,2698.78,2708.6628571428573,2708.6628571428573,2683.9557142857143,0.1,-99.5285714285712,-988.285714285712,-1.0,SL,2024Q4,2024,9
3328,79924,2024-11-07 22:30:00,79941,2024-11-08 08:00:00,SELL,2707.13,2690.5539285714285,2718.180714285714,2690.5539285714285,0.1,165.06071428571596,1657.6071428571595,1.484263600745111,TP,2024Q4,2024,17
3329,79978,2024-11-11 03:30:00,79980,2024-11-11 04:30:00,BUY,2675.81,2670.1710714285714,2670.1710714285714,2684.2683928571423,0.1,-57.08928571428551,-563.8928571428551,-1.0,SL,2024Q4,2024,2
3330,79981,2024-11-11 05:00:00,79993,2024-11-11 11:00:00,BUY,2672.08,2665.530357142857,2665.530357142857,2681.9044642857143,0.1,-66.19642857142772,-654.9642857142771,-1.0,SL,2024Q4,2024,12
3331,79994,2024-11-11 11:30:00,79997,2024-11-11 13:00:00,BUY,2665.64,2659.1867857142856,2659.1867857142856,2675.3198214285712,0.1,-65.23214285714239,-645.3214285714239,-1.0,SL,2024Q4,2024,3
3332,80001,2024-11-11 15:00:00,80002,2024-11-11 15:30:00,BUY,2657.4,2649.402857142857,2649.402857142857,2669.3957142857143,0.1,-80.6714285714299,-799.714285714299,-1.0,SL,2024Q4,2024,1
3333,80003,2024-11-11 16:00:00,80004,2024-11-11 16:30:00,BUY,2635.69,2625.8757142857144,2625.8757142857144,2650.4114285714286,0.1,-98.84285714285689,-981.4285714285688,-1.0,SL,2024Q4,2024,1
3334,80005,2024-11-11 17:00:00,80009,2024-11-11 19:00:00,BUY,2623.15,2612.2064285714287,2612.2064285714287,2639.5653571428575,0.1,-110.13571428571431,-1094.3571428571431,-1.0,SL,2024Q4,2024,4
3335,80010,2024-11-11 19:30:00,80035,2024-11-12 09:00:00,BUY,2611.98,2600.8189285714284,2600.8189285714284,2628.7216071428575,0.1,-112.31071428571632,-1116.1071428571631,-1.0,SL,2024Q4,2024,25
3336,80036,2024-11-12 09:30:00,80036,2024-11-12 09:30:00,BUY,2604.48,2596.5825,2596.5825,2616.32625,0.1,-79.67500000000037,-789.7500000000036,-1.0,SL,2024Q4,2024,0
3337,80037,2024-11-12 10:00:00,80041,2024-11-12 12:00:00,BUY,2598.83,2590.177142857143,2590.177142857143,2611.8092857142856,0.1,-87.22857142857102,-865.2857142857101,-1.0,SL,2024Q4,2024,4
3338,80042,2024-11-12 12:30:00,80046,2024-11-12 14:30:00,BUY,2592.13,2606.1957142857145,2582.7528571428575,2606.1957142857145,0.1,139.95714285714422,1406.571428571442,1.481475880840816,TP,2024Q4,2024,4
3339,80101,2024-11-13 19:00:00,80107,2024-11-13 22:00:00,BUY,2585.96,2575.667857142857,2575.667857142857,2601.3982142857144,0.1,-103.62142857143063,-1029.2142857143062,-1.0,SL,2024Q4,2024,6
3340,80108,2024-11-13 22:30:00,80116,2024-11-14 03:30:00,BUY,2575.93,2563.9042857142854,2563.9042857142854,2593.9685714285715,0.1,-120.95714285714458,-1202.5714285714457,-1.0,SL,2024Q4,2024,8
3341,80117,2024-11-14 04:00:00,80126,2024-11-14 08:30:00,BUY,2562.68,2553.8814285714284,2553.8814285714284,2575.877857142857,0.1,-88.6857142857145,-879.8571428571449,-1.0,SL,2024Q4,2024,9
3342,80127,2024-11-14 09:00:00,80132,2024-11-14 11:30:00,BUY,2555.18,2547.7239285714286,2547.7239285714286,2566.364107142857,0.1,-75.2607142857125,-745.6071428571249,-1.0,SL,2024Q4,2024,5
3343,80133,2024-11-14 12:00:00,80137,2024-11-14 14:00:00,BUY,2543.68,2556.585357142857,2535.076428571428,2556.585357142857,0.1,128.35357142857157,1290.5357142857156,1.4798237667791627,TP,2024Q4,2024,4
3344,80208,2024-11-18 03:30:00,80217,2024-11-18 08:00:00,SELL,2593.82,2581.6298214285716,2601.946785714286,2581.6298214285716,0.1,121.20178571428532,1219.0178571428532,1.4786501677486819,TP,2024Q4,2024,9
3345,80224,2024-11-18 11:30:00,80231,2024-11-18 15:00:00,SELL,2591.61,2598.2335714285714,2598.2335714285714,2581.6746428571428,0.1,-66.93571428571268,-662.3571428571267,-1.0,SL,2024Q4,2024,7
3346,80232,2024-11-18 15:30:00,80233,2024-11-18 16:00:00,SELL,2598.91,2607.0667857142857,2607.0667857142857,2586.6748214285712,0.1,-82.26785714285889,-815.6785714285888,-1.0,SL,2024Q4,2024,1
3347,80234,2024-11-18 16:30:00,80236,2024-11-18 17:30:00,SELL,2604.26,2612.821785714286,2612.821785714286,2591.4173214285715,0.1,-86.31785714285634,-856.1785714285634,-1.0,SL,2024Q4,2024,2
3348,80237,2024-11-18 18:00:00,80256,2024-11-19 04:30:00,SELL,2612.92,2621.5642857142857,2621.5642857142857,2599.9535714285716,0.1,-87.14285714285616,-864.4285714285616,-1.0,SL,2024Q4,2024,19
3349,80257,2024-11-19 05:00:00,80264,2024-11-19 08:30:00,SELL,2622.35,2626.5510714285715,2626.5510714285715,2616.048392857143,0.1,-42.71071428571595,-420.1071428571595,-1.0,SL,2024Q4,2024,7
3350,80265,2024-11-19 09:00:00,80269,2024-11-19 11:00:00,SELL,2625.04,2630.145357142857,2630.145357142857,2617.3819642857143,0.1,-51.75357142856974,-510.5357142856974,-1.0,SL,2024Q4,2024,4
3351,80270,2024-11-19 11:30:00,80276,2024-11-19 14:30:00,SELL,2630.39,2636.785357142857,2636.785357142857,2620.7969642857142,0.1,-64.65357142856938,-639.5357142856938,-1.0,SL,2024Q4,2024,6
3352,80277,2024-11-19 15:00:00,80279,2024-11-19 16:00:00,SELL,2639.11,2627.4598214285716,2646.8767857142857,2627.4598214285716,0.1,115.80178571428569,1165.0178571428569,1.4776694162147668,TP,2024Q4,2024,2
3353,80297,2024-11-20 02:00:00,80299,2024-11-20 03:00:00,SELL,2634.98,2640.361785714286,2640.361785714286,2626.9073214285713,0.1,-54.51785714285798,-538.1785714285797,-1.0,SL,2024Q4,2024,2
3354,80300,2024-11-20 03:30:00,80301,2024-11-20 04:00:00,SELL,2636.63,2641.3592857142858,2641.3592857142858,2629.5360714285716,0.1,-47.99285714285652,-472.9285714285652,-1.0,SL,2024Q4,2024,1
3355,80302,2024-11-20 04:30:00,80309,2024-11-20 08:00:00,SELL,2641.19,2634.213392857143,2645.8410714285715,2634.213392857143,0.1,69.06607142857119,697.660714285712,1.4629321431273166,TP,2024Q4,2024,7
3356,80329,2024-11-20 18:00:00,80344,2024-11-21 02:30:00,SELL,2648.77,2657.332857142857,2657.332857142857,2635.9257142857145,0.1,-86.32857142856956,-856.2857142856956,-1.0,SL,2024Q4,2024,15
3357,80345,2024-11-21 03:00:00,80349,2024-11-21 05:00:00,SELL,2658.39,2650.592142857143,2663.5885714285714,2650.592142857143,0.1,77.27857142857083,779.7857142857083,1.4667841648589597,TP,2024Q4,2024,4
3358,80351,2024-11-21 06:00:00,80357,2024-11-21 09:00:00,SELL,2656.79,2662.6442857142856,2662.6442857142856,2648.0085714285715,0.1,-59.24285714285652,-585.4285714285652,-1.0,SL,2024Q4,2024,6
3359,80358,2024-11-21 09:30:00,80360,2024-11-21 10:30:00,SELL,2663.37,2669.625,2669.625,2653.9874999999997,0.1,-63.250000000001094,-625.5000000000109,-1.0,SL,2024Q4,2024,2
3360,80361,2024-11-21 11:00:00,80391,2024-11-22 03:00:00,SELL,2668.76,2674.449285714286,2674.449285714286,2660.2260714285717,0.1,-57.592857142856886,-568.9285714285688,-1.0,SL,2024Q4,2024,30
3361,80392,2024-11-22 03:30:00,80393,2024-11-22 04:00:00,SELL,2675.8,2681.0457142857144,2681.0457142857144,2667.9314285714286,0.1,-53.157142857142574,-524.5714285714257,-1.0,SL,2024Q4,2024,1
3362,80394,2024-11-22 04:30:00,80395,2024-11-22 05:00:00,SELL,2681.67,2686.56,2686.56,2674.335,0.1,-49.59999999999873,-488.99999999998727,-1.0,SL,2024Q4,2024,1
3363,80396,2024-11-22 05:30:00,80398,2024-11-22 06:30:00,SELL,2686.39,2691.5264285714284,2691.5264285714284,2678.685357142857,0.1,-52.06428571428496,-513.6428571428496,-1.0,SL,2024Q4,2024,2
3364,80399,2024-11-22 07:00:00,80404,2024-11-22 09:30:00,SELL,2688.75,2694.822857142857,2694.822857142857,2679.6407142857142,0.1,-61.42857142857174,-607.2857142857174,-1.0,SL,2024Q4,2024,5
3365,80405,2024-11-22 10:00:00,80408,2024-11-22 11:30:00,SELL,2696.31,2703.5989285714286,2703.5989285714286,2685.376607142857,0.1,-73.58928571428642,-728.8928571428642,-1.0,SL,2024Q4,2024,3
3366,80409,2024-11-22 12:00:00,80416,2024-11-22 15:30:00,SELL,2703.22,2690.7726785714285,2711.5182142857143,2690.7726785714285,0.1,123.77321428571285,1244.7321428571286,1.479087533609267,TP,2024Q4,2024,7
3367,80426,2024-11-22 20:30:00,80433,2024-11-25 01:00:00,SELL,2709.74,2695.0362499999997,2719.5424999999996,2695.0362499999997,0.1,146.33750000000128,1470.3750000000127,1.4822739934161004,TP,2024Q4,2024,7
3368,80434,2024-11-25 01:30:00,80437,2024-11-25 03:00:00,SELL,2717.87,2704.050178571428,2727.0832142857143,2704.050178571428,0.1,137.49821428571687,1381.9821428571686,1.4811487708229143,TP,2024Q4,2024,3
3369,80464,2024-11-25 16:30:00,80465,2024-11-25 17:00:00,BUY,2645.52,2632.0403571428574,2632.0403571428574,2665.7394642857143,0.1,-135.49642857142607,-1347.9642857142608,-1.0,SL,2024Q4,2024,1
3370,80466,2024-11-25 17:30:00,80471,2024-11-25 20:00:00,BUY,2636.99,2622.2396428571424,2622.2396428571424,2659.1155357142857,0.1,-148.2035714285741,-1475.035714285741,-1.0,SL,2024Q4,2024,5
3371,80472,2024-11-25 20:30:00,80538,2024-11-27 07:30:00,BUY,2617.88,2643.0478571428575,2601.1014285714286,2643.0478571428575,0.1,250.9785714285743,2516.785714285743,1.489613362726824,TP,2024Q4,2024,66
3372,80541,2024-11-27 09:00:00,80551,2024-11-27 14:00:00,SELL,2647.67,2654.0589285714286,2654.0589285714286,2638.0866071428572,0.1,-64.58928571428551,-638.8928571428551,-1.0,SL,2024Q4,2024,10
3373,80555,2024-11-27 16:00:00,80557,2024-11-27 17:00:00,SELL,2656.18,2645.0055357142855,2663.6296428571427,2645.0055357142855,0.1,111.04464285714293,1117.4464285714294,1.476727618142959,TP,2024Q4,2024,2
3374,80576,2024-11-28 03:30:00,80576,2024-11-28 03:30:00,BUY,2627.3,2621.857142857143,2621.857142857143,2635.464285714286,0.1,-55.12857142857065,-544.2857142857065,-1.0,SL,2024Q4,2024,0
3375,80619,2024-11-29 04:30:00,80644,2024-11-29 17:00:00,SELL,2660.58,2650.8310714285712,2667.0792857142856,2650.8310714285712,0.1,96.78928571428678,974.8928571428678,1.4733608785473866,TP,2024Q4,2024,25
3376,80659,2024-12-02 03:30:00,80678,2024-12-02 13:00:00,BUY,2627.51,2641.196428571429,2618.3857142857146,2641.196428571429,0.1,136.1642857142868,1368.6428571428678,1.4809664387818766,TP,2024Q4,2024,19
3377,80843,2024-12-06 03:30:00,80846,2024-12-06 05:00:00,BUY,2618.74,2628.0453571428566,2612.5364285714286,2628.0453571428566,0.1,92.35357142856792,930.5357142856792,1.4721052032335182,TP,2024Q4,2024,3
3378,80906,2024-12-09 12:00:00,80913,2024-12-09 15:30:00,SELL,2655.51,2662.115357142857,2662.115357142857,2645.6019642857145,0.1,-66.75357142856974,-660.5357142856974,-1.0,SL,2024Q4,2024,7
3379,80914,2024-12-09 16:00:00,80915,2024-12-09 16:30:00,SELL,2665.45,2672.366071428571,2672.366071428571,2655.0758928571427,0.1,-69.86071428571286,-691.6071428571286,-1.0,SL,2024Q4,2024,1
3380,80916,2024-12-09 17:00:00,80922,2024-12-09 20:00:00,SELL,2673.87,2662.4367857142856,2681.492142857143,2662.4367857142856,0.1,113.63214285714257,1143.3214285714257,1.4772495124895242,TP,2024Q4,2024,6
3381,80934,2024-12-10 03:00:00,80936,2024-12-10 04:00:00,SELL,2664.92,2669.325714285714,2669.325714285714,2658.3114285714287,0.1,-44.75714285714112,-440.57142857141116,-1.0,SL,2024Q4,2024,2
3382,80937,2024-12-10 04:30:00,80940,2024-12-10 06:00:00,SELL,2667.98,2673.0489285714284,2673.0489285714284,2660.376607142857,0.1,-51.38928571428387,-506.8928571428387,-1.0,SL,2024Q4,2024,3
3383,80941,2024-12-10 06:30:00,80948,2024-12-10 10:00:00,SELL,2671.44,2663.1358928571426,2676.9760714285717,2663.1358928571426,0.1,82.34107142857447,830.4107142857447,1.468783844046634,TP,2024Q4,2024,7
3384,80954,2024-12-10 13:00:00,80959,2024-12-10 15:30:00,SELL,2675.41,2681.797857142857,2681.797857142857,2665.8282142857142,0.1,-64.57857142857229,-638.7857142857229,-1.0,SL,2024Q4,2024,5
3385,80961,2024-12-10 16:30:00,80966,2024-12-10 19:00:00,SELL,2685.1,2693.3703571428573,2693.3703571428573,2672.6944642857143,0.1,-83.40357142857393,-827.0357142857392,-1.0,SL,2024Q4,2024,5
3386,80967,2024-12-10 19:30:00,80979,2024-12-11 02:30:00,SELL,2690.82,2699.671071428572,2699.671071428572,2677.543392857143,0.1,-89.21071428571686,-885.1071428571686,-1.0,SL,2024Q4,2024,12
3387,80980,2024-12-11 03:00:00,80985,2024-12-11 05:30:00,SELL,2700.8,2694.3601785714286,2705.0932142857146,2694.3601785714286,0.1,63.698214285715764,643.9821428571577,1.4598919538348212,TP,2024Q4,2024,5
3388,81009,2024-12-11 17:30:00,81014,2024-12-11 20:00:00,SELL,2711.63,2720.716785714286,2720.716785714286,2697.9998214285715,0.1,-91.56785714285725,-908.6785714285725,-1.0,SL,2024Q4,2024,5
3389,81015,2024-12-11 20:30:00,81027,2024-12-12 03:30:00,SELL,2719.43,2706.349464285714,2728.150357142857,2706.349464285714,0.1,130.10535714285817,1308.0535714285816,1.480091821395198,TP,2024Q4,2024,12
3390,81053,2024-12-12 16:30:00,81055,2024-12-12 17:30:00,BUY,2685.14,2675.932142857143,2675.932142857143,2698.9517857142855,0.1,-92.77857142856938,-920.7857142856938,-1.0,SL,2024Q4,2024,2
3391,81056,2024-12-12 18:00:00,81089,2024-12-13 11:30:00,BUY,2679.86,2669.0642857142857,2669.0642857142857,2696.0535714285716,0.1,-108.6571428571444,-1079.571428571444,-1.0,SL,2024Q4,2024,33
3392,81090,2024-12-13 12:00:00,81097,2024-12-13 15:30:00,BUY,2668.99,2661.8264285714286,2661.8264285714286,2679.735357142857,0.1,-72.33571428571231,-716.3571428571231,-1.0,SL,2024Q4,2024,7
3393,81098,2024-12-13 16:00:00,81107,2024-12-13 20:30:00,BUY,2662.24,2653.6996428571424,2653.6996428571424,2675.0505357142856,0.1,-86.10357142857374,-854.0357142857374,-1.0,SL,2024Q4,2024,9
3394,81108,2024-12-13 21:00:00,81112,2024-12-13 23:00:00,BUY,2654.36,2646.1903571428575,2646.1903571428575,2666.6144642857143,0.1,-82.39642857142663,-816.9642857142662,-1.0,SL,2024Q4,2024,4
3395,81113,2024-12-13 23:30:00,81133,2024-12-16 10:30:00,BUY,2649.32,2659.4851785714286,2642.5432142857144,2659.4851785714286,0.1,100.95178571428441,1016.5178571428442,1.4744405612643767,TP,2024Q4,2024,20
3396,81247,2024-12-18 21:30:00,81247,2024-12-18 21:30:00,BUY,2619.97,2611.7360714285714,2611.7360714285714,2632.3208928571426,0.1,-83.03928571428351,-823.392857142835,-1.0,SL,2024Q4,2024,0
3397,81248,2024-12-18 22:00:00,81249,2024-12-18 22:30:00,BUY,2604.67,2594.6885714285713,2594.6885714285713,2619.642142857143,0.1,-100.51428571428751,-998.1428571428751,-1.0,SL,2024Q4,2024,1
3398,81250,2024-12-18 23:00:00,81257,2024-12-19 03:30:00,BUY,2592.54,2609.4101785714283,2581.2932142857144,2609.4101785714283,0.1,168.0017857142837,1687.0178571428369,1.4845362451478523,TP,2024Q4,2024,7
3399,81282,2024-12-19 16:00:00,81285,2024-12-19 17:30:00,BUY,2596.44,2587.44,2587.44,2609.94,0.1,-90.7,-900.0,-1.0,SL,2024Q4,2024,3
3400,81286,2024-12-19 18:00:00,81303,2024-12-20 03:30:00,BUY,2588.66,2601.681071428571,2579.9792857142857,2601.681071428571,0.1,129.51071428571305,1302.1071428571304,1.4800016325197942,TP,2024Q4,2024,17
3401,81331,2024-12-20 17:30:00,81359,2024-12-23 08:30:00,SELL,2624.38,2632.2882142857143,2632.2882142857143,2612.517678571429,0.1,-79.78214285714166,-790.8214285714166,-1.0,SL,2024Q4,2024,28
3402,81360,2024-12-23 09:00:00,81367,2024-12-23 12:30:00,SELL,2631.39,2622.663214285714,2637.207857142857,2622.663214285714,0.1,86.56785714286052,872.6785714286052,1.470277811476481,TP,2024Q4,2024,7
3403,81448,2024-12-26 17:30:00,81461,2024-12-27 01:00:00,SELL,2635.16,2627.220714285714,2640.4528571428573,2627.220714285714,0.1,78.69285714285688,793.9285714285688,1.4673681406498902,TP,2024Q4,2024,13
3404,81492,2024-12-27 16:30:00,81507,2024-12-30 01:00:00,BUY,2614.99,2624.581428571428,2608.595714285714,2624.581428571428,0.1,95.21428571428423,959.1428571428423,1.4729281767955795,TP,2024Q4,2024,15
3405,81527,2024-12-30 11:00:00,81534,2024-12-30 14:30:00,BUY,2612.05,2619.6501785714286,2606.9832142857144,2619.6501785714286,0.1,75.30178571428387,760.0178571428387,1.465932003059123,TP,2024Q4,2024,7
3406,81542,2024-12-30 18:30:00,81558,2024-12-31 03:30:00,BUY,2596.69,2611.1848214285715,2587.026785714286,2611.1848214285715,0.1,144.24821428571414,1449.4821428571413,1.4820203280372803,TP,2024Q4,2024,16
3407,81593,2025-01-02 08:30:00,81600,2025-01-02 12:00:00,SELL,2634.15,2641.8171428571427,2641.8171428571427,2622.6492857142857,0.1,-77.37142857142608,-766.7142857142608,-1.0,SL,2025Q1,2025,7
3408,81601,2025-01-02 12:30:00,81611,2025-01-02 17:30:00,SELL,2644.58,2651.556071428571,2651.556071428571,2634.115892857143,0.1,-70.46071428571231,-697.6071428571231,-1.0,SL,2025Q1,2025,10
3409,81612,2025-01-02 18:00:00,81628,2025-01-03 03:00:00,SELL,2653.95,2662.6639285714286,2662.6639285714286,2640.879107142857,0.1,-87.83928571428824,-871.3928571428823,-1.0,SL,2025Q1,2025,16
3410,81629,2025-01-03 03:30:00,81630,2025-01-03 04:00:00,SELL,2658.72,2663.1524999999997,2663.1524999999997,2652.07125,0.1,-45.02499999999891,-443.2499999999891,-1.0,SL,2025Q1,2025,1
3411,81631,2025-01-03 04:30:00,81632,2025-01-03 05:00:00,SELL,2659.16,2663.9439285714284,2663.9439285714284,2651.984107142857,0.1,-48.53928571428533,-478.39285714285325,-1.0,SL,2025Q1,2025,1
3412,81633,2025-01-03 05:30:00,81640,2025-01-03 09:00:00,SELL,2663.4,2655.6760714285715,2668.549285714286,2655.6760714285715,0.1,76.53928571428587,772.3928571428587,1.4664705077323115,TP,2025Q1,2025,7
3413,81685,2025-01-06 08:30:00,81687,2025-01-06 09:30:00,BUY,2631.52,2625.641071428571,2625.641071428571,2640.338392857143,0.1,-59.489285714287874,-587.8928571428787,-1.0,SL,2025Q1,2025,2
3414,81688,2025-01-06 10:00:00,81694,2025-01-06 13:00:00,BUY,2627.04,2636.240892857143,2620.9060714285715,2636.240892857143,0.1,91.30892857143117,920.0892857143117,1.4717920672385736,TP,2025Q1,2025,6
3415,81745,2025-01-07 15:30:00,81748,2025-01-07 17:00:00,SELL,2660.49,2650.501607142857,2667.1489285714283,2650.501607142857,0.1,99.18392857142571,998.8392857142571,1.4739928878509292,TP,2025Q1,2025,3
3416,81798,2025-01-08 19:00:00,81799,2025-01-08 19:30:00,SELL,2669.5,2658.2275,2677.015,2658.2275,0.1,112.02500000000036,1127.2500000000036,1.4769281476598846,TP,2025Q1,2025,1
3417,81836,2025-01-09 15:00:00,81844,2025-01-09 19:00:00,SELL,2673.92,2664.8701785714284,2679.9532142857147,2664.8701785714284,0.1,89.79821428571704,904.9821428571704,1.4713265843524717,TP,2025Q1,2025,8
3418,81863,2025-01-10 05:30:00,81869,2025-01-10 08:30:00,SELL,2674.28,2677.355,2677.355,2669.6675000000005,0.1,-31.44999999999818,-307.4999999999818,-1.0,SL,2025Q1,2025,6
3419,81870,2025-01-10 09:00:00,81874,2025-01-10 11:00:00,SELL,2678.06,2681.384642857143,2681.384642857143,2673.0730357142857,0.1,-33.946428571428626,-332.46428571428623,-1.0,SL,2025Q1,2025,4
3420,81875,2025-01-10 11:30:00,81883,2025-01-10 15:30:00,SELL,2679.89,2673.12875,2684.3975,2673.12875,0.1,66.91250000000018,676.1250000000018,1.4617695248497604,TP,2025Q1,2025,8
3421,81927,2025-01-13 14:30:00,81933,2025-01-13 17:30:00,BUY,2669.03,2662.1257142857144,2662.1257142857144,2679.386428571429,0.1,-69.74285714285834,-690.4285714285834,-1.0,SL,2025Q1,2025,6
3422,82007,2025-01-15 08:30:00,82012,2025-01-15 11:00:00,SELL,2681.78,2686.074285714286,2686.074285714286,2675.3385714285714,0.1,-43.64285714285707,-429.42857142857065,-1.0,SL,2025Q1,2025,5
3423,82013,2025-01-15 11:30:00,82021,2025-01-15 15:30:00,SELL,2685.38,2689.9207142857144,2689.9207142857144,2678.5689285714284,0.1,-46.1071428571433,-454.071428571433,-1.0,SL,2025Q1,2025,8
3424,82022,2025-01-15 16:00:00,82023,2025-01-15 16:30:00,SELL,2693.68,2685.0271428571427,2699.4485714285715,2685.0271428571427,0.1,85.82857142857101,865.2857142857101,1.470026914607215,TP,2025Q1,2025,1
3425,82041,2025-01-16 02:30:00,82043,2025-01-16 03:30:00,SELL,2696.08,2701.121071428571,2701.121071428571,2688.5183928571428,0.1,-51.11071428571286,-504.10714285712857,-1.0,SL,2025Q1,2025,2
3426,82057,2025-01-16 10:30:00,82060,2025-01-16 12:00:00,SELL,2701.21,2706.334642857143,2706.334642857143,2693.523035714286,0.1,-51.946428571430445,-512.4642857143044,-1.0,SL,2025Q1,2025,3
3427,82061,2025-01-16 12:30:00,82067,2025-01-16 15:30:00,SELL,2707.12,2712.7975,2712.7975,2698.6037499999998,0.1,-57.47500000000237,-567.7500000000236,-1.0,SL,2025Q1,2025,6
3428,82068,2025-01-16 16:00:00,82075,2025-01-16 19:30:00,SELL,2715.16,2723.1603571428573,2723.1603571428573,2703.159464285714,0.1,-80.70357142857411,-800.035714285741,-1.0,SL,2025Q1,2025,7
3429,82076,2025-01-16 20:00:00,82101,2025-01-17 09:30:00,SELL,2721.74,2709.3296428571425,2730.013571428571,2709.3296428571425,0.1,123.40357142857265,1241.0357142857265,1.4790257683417785,TP,2025Q1,2025,25
3430,82131,2025-01-20 01:30:00,82139,2025-01-20 05:30:00,BUY,2692.45,2701.7408928571426,2686.256071428571,2701.7408928571426,0.1,92.20892857142807,929.0892857142808,1.4720622612462937,TP,2025Q1,2025,8
3431,82179,2025-01-21 05:00:00,82188,2025-01-21 09:30:00,SELL,2724.6,2732.0839285714287,2732.0839285714287,2713.3741071428567,0.1,-75.53928571428806,-748.3928571428805,-1.0,SL,2025Q1,2025,9
3432,82189,2025-01-21 10:00:00,82191,2025-01-21 11:00:00,SELL,2729.58,2718.519642857143,2736.953571428571,2718.519642857143,0.1,109.90357142856901,1106.0357142856901,1.4764897802514148,TP,2025Q1,2025,2
3433,82203,2025-01-21 17:00:00,82207,2025-01-21 19:00:00,SELL,2738.07,2745.3975,2745.3975,2727.07875,0.1,-73.97499999999873,-732.7499999999873,-1.0,SL,2025Q1,2025,4
3434,82208,2025-01-21 19:30:00,82228,2025-01-22 06:30:00,SELL,2744.65,2752.2914285714287,2752.2914285714287,2733.1878571428574,0.1,-77.11428571428605,-764.1428571428605,-1.0,SL,2025Q1,2025,20
3435,82229,2025-01-22 07:00:00,82230,2025-01-22 07:30:00,SELL,2751.98,2756.2175,2756.2175,2745.6237499999997,0.1,-43.07500000000182,-423.7500000000182,-1.0,SL,2025Q1,2025,1
3436,82231,2025-01-22 08:00:00,82231,2025-01-22 08:00:00,SELL,2757.92,2750.8742857142856,2762.617142857143,2750.8742857142856,0.1,69.75714285714439,704.5714285714439,1.4632903805814077,TP,2025Q1,2025,0
3437,82238,2025-01-22 11:30:00,82248,2025-01-22 16:30:00,SELL,2761.58,2750.950357142857,2768.6664285714287,2750.950357142857,0.1,105.59642857143153,1062.9642857143153,1.4755464617227274,TP,2025Q1,2025,10
3438,82315,2025-01-24 04:00:00,82315,2025-01-24 04:00:00,SELL,2762.19,2766.3707142857143,2766.3707142857143,2755.9189285714283,0.1,-42.50714285714203,-418.07142857142026,-1.0,SL,2025Q1,2025,0
3439,82316,2025-01-24 04:30:00,82316,2025-01-24 04:30:00,SELL,2768.44,2773.317142857143,2773.317142857143,2761.1242857142856,0.1,-49.47142857143099,-487.7142857143099,-1.0,SL,2025Q1,2025,0
3440,82317,2025-01-24 05:00:00,82334,2025-01-24 13:30:00,SELL,2774.05,2779.394285714286,2779.394285714286,2766.0335714285716,0.1,-54.14285714285889,-534.4285714285888,-1.0,SL,2025Q1,2025,17
3441,82335,2025-01-24 14:00:00,82337,2025-01-24 15:00:00,SELL,2776.63,2782.5089285714284,2782.5089285714284,2767.8116071428576,0.1,-59.48928571428333,-587.8928571428332,-1.0,SL,2025Q1,2025,2
3442,82338,2025-01-24 15:30:00,82344,2025-01-24 18:30:00,SELL,2781.88,2773.0150000000003,2787.79,2773.0150000000003,0.1,87.94999999999781,886.4999999999782,1.4707357859531764,TP,2025Q1,2025,6
3443,82362,2025-01-27 04:30:00,82369,2025-01-27 08:00:00,BUY,2757.93,2752.403571428571,2752.403571428571,2766.219642857143,0.1,-55.96428571428824,-552.6428571428823,-1.0,SL,2025Q1,2025,7
3444,82370,2025-01-27 08:30:00,82375,2025-01-27 11:00:00,BUY,2752.81,2762.4094642857144,2746.410357142857,2762.4094642857144,0.1,95.29464285714475,959.9464285714475,1.4729505934308242,TP,2025Q1,2025,5
3445,82390,2025-01-27 18:30:00,82391,2025-01-27 19:00:00,BUY,2741.21,2731.739642857143,2731.739642857143,2755.415535714286,0.1,-95.4035714285721,-947.035714285721,-1.0,SL,2025Q1,2025,1
3446,82392,2025-01-27 19:30:00,82431,2025-01-28 16:00:00,BUY,2735.78,2750.9128571428573,2725.691428571429,2750.9128571428573,0.1,150.6285714285712,1513.285714285712,1.4827731683307552,TP,2025Q1,2025,39
3447,82436,2025-01-28 18:30:00,82440,2025-01-28 20:30:00,SELL,2757.41,2762.2828571428568,2762.2828571428568,2750.1007142857143,0.1,-49.428571428569015,-487.2857142856901,-1.0,SL,2025Q1,2025,4
3448,82441,2025-01-28 21:00:00,82475,2025-01-29 15:00:00,SELL,2762.07,2754.789642857143,2766.9235714285714,2754.789642857143,0.1,72.10357142857156,728.0357142857156,1.464456695198072,TP,2025Q1,2025,34
3449,82509,2025-01-30 09:00:00,82510,2025-01-30 09:30:00,SELL,2765.5,2768.9435714285714,2768.9435714285714,2760.3346428571426,0.1,-35.135714285714315,-344.3571428571431,-1.0,SL,2025Q1,2025,1
3450,82511,2025-01-30 10:00:00,82511,2025-01-30 10:00:00,SELL,2769.03,2772.8539285714287,2772.8539285714287,2763.2941071428572,0.1,-38.93928571428496,-382.3928571428496,-1.0,SL,2025Q1,2025,0
3451,82512,2025-01-30 10:30:00,82512,2025-01-30 10:30:00,SELL,2772.5,2776.466428571429,2776.466428571429,2766.550357142857,0.1,-40.36428571428878,-396.6428571428878,-1.0,SL,2025Q1,2025,0
3452,82513,2025-01-30 11:00:00,82520,2025-01-30 14:30:00,SELL,2776.03,2780.403571428572,2780.403571428572,2769.469642857143,0.1,-44.435714285717225,-437.3571428571722,-1.0,SL,2025Q1,2025,7
3453,82521,2025-01-30 15:00:00,82522,2025-01-30 15:30:00,SELL,2780.11,2785.6332142857145,2785.6332142857145,2771.8251785714283,0.1,-55.93214285714403,-552.3214285714403,-1.0,SL,2025Q1,2025,1
3454,82523,2025-01-30 16:00:00,82526,2025-01-30 17:30:00,SELL,2785.76,2791.6132142857145,2791.6132142857145,2776.9801785714285,0.1,-59.2321428571433,-585.321428571433,-1.0,SL,2025Q1,2025,3
3455,82527,2025-01-30 18:00:00,82565,2025-01-31 14:00:00,SELL,2795.38,2802.394642857143,2802.394642857143,2784.858035714286,0.1,-70.84642857142917,-701.4642857142917,-1.0,SL,2025Q1,2025,38
3456,82566,2025-01-31 14:30:00,82570,2025-01-31 16:30:00,SELL,2805.12,2811.155357142857,2811.155357142857,2796.066964285714,0.1,-61.05357142857265,-603.5357142857265,-1.0,SL,2025Q1,2025,4
3457,82571,2025-01-31 17:00:00,82577,2025-01-31 20:00:00,SELL,2812.27,2802.810357142857,2818.5764285714286,2802.810357142857,0.1,93.8964285714308,945.9642857143081,1.4725551697099044,TP,2025Q1,2025,6
3458,82613,2025-02-03 15:00:00,82616,2025-02-03 16:30:00,SELL,2810.62,2818.5442857142857,2818.5442857142857,2798.7335714285714,0.1,-79.94285714285816,-792.4285714285816,-1.0,SL,2025Q1,2025,3
3459,82617,2025-02-03 17:00:00,82617,2025-02-03 17:00:00,SELL,2828.75,2814.644107142857,2838.1539285714284,2814.644107142857,0.1,140.35892857142863,1410.5892857142862,1.4815282542315615,TP,2025Q1,2025,0
3460,82618,2025-02-03 17:30:00,82659,2025-02-04 15:00:00,SELL,2821.13,2831.065357142857,2831.065357142857,2806.2269642857145,0.1,-100.05357142856901,-993.5357142856901,-1.0,SL,2025Q1,2025,41
3461,82660,2025-02-04 15:30:00,82663,2025-02-04 17:00:00,SELL,2835.29,2843.7135714285714,2843.7135714285714,2822.654642857143,0.1,-84.9357142857145,-842.3571428571449,-1.0,SL,2025Q1,2025,3
3462,82664,2025-02-04 17:30:00,82683,2025-02-05 04:00:00,SELL,2843.5,2852.1271428571426,2852.1271428571426,2830.5592857142856,0.1,-86.97142857142644,-862.7142857142644,-1.0,SL,2025Q1,2025,19
3463,82684,2025-02-05 04:30:00,82687,2025-02-05 06:00:00,SELL,2850.87,2856.4135714285712,2856.4135714285712,2842.554642857143,0.1,-56.135714285713405,-554.357142857134,-1.0,SL,2025Q1,2025,3
3464,82688,2025-02-05 06:30:00,82694,2025-02-05 09:30:00,SELL,2856.44,2862.6746428571428,2862.6746428571428,2847.088035714286,0.1,-63.04642857142717,-623.4642857142717,-1.0,SL,2025Q1,2025,6
3465,82695,2025-02-05 10:00:00,82698,2025-02-05 11:30:00,SELL,2864.02,2871.195357142857,2871.195357142857,2853.2569642857143,0.1,-72.45357142857138,-717.5357142857138,-1.0,SL,2025Q1,2025,3
3466,82699,2025-02-05 12:00:00,82700,2025-02-05 12:30:00,SELL,2870.26,2876.5128571428572,2876.5128571428572,2860.8807142857145,0.1,-63.228571428570106,-625.285714285701,-1.0,SL,2025Q1,2025,1
3467,82701,2025-02-05 13:00:00,82709,2025-02-05 17:00:00,SELL,2867.79,2874.7735714285714,2874.7735714285714,2857.3146428571426,0.1,-70.53571428571395,-698.3571428571395,-1.0,SL,2025Q1,2025,8
3468,82710,2025-02-05 17:30:00,82711,2025-02-05 18:00:00,SELL,2876.61,2864.4551785714284,2884.7132142857145,2864.4551785714284,0.1,120.84821428571722,1215.4821428571722,1.478588595149689,TP,2025Q1,2025,1
3469,82776,2025-02-07 04:30:00,82783,2025-02-07 08:00:00,SELL,2868.3,2861.0951785714287,2873.103214285715,2861.0951785714287,0.1,71.34821428571449,720.4821428571449,1.4640894100402166,TP,2025Q1,2025,7
3470,82830,2025-02-10 08:30:00,82830,2025-02-10 08:30:00,SELL,2884.7,2890.6539285714284,2890.6539285714284,2875.769107142857,0.1,-60.239285714286055,-595.3928571428605,-1.0,SL,2025Q1,2025,0
3471,82831,2025-02-10 09:00:00,82832,2025-02-10 09:30:00,SELL,2888.36,2894.783214285714,2894.783214285714,2878.725178571429,0.1,-64.93214285714039,-642.3214285714039,-1.0,SL,2025Q1,2025,1
3472,82833,2025-02-10 10:00:00,82836,2025-02-10 11:30:00,SELL,2895.34,2902.2860714285716,2902.2860714285716,2884.920892857143,0.1,-70.16071428571486,-694.6071428571486,-1.0,SL,2025Q1,2025,3
3473,82837,2025-02-10 12:00:00,82843,2025-02-10 15:00:00,SELL,2902.83,2909.420357142857,2909.420357142857,2892.9444642857143,0.1,-66.60357142857102,-659.0357142857101,-1.0,SL,2025Q1,2025,6
3474,82844,2025-02-10 15:30:00,82847,2025-02-10 17:00:00,SELL,2903.27,2911.2917857142857,2911.2917857142857,2891.2373214285712,0.1,-80.9178571428567,-802.178571428567,-1.0,SL,2025Q1,2025,3
3475,82848,2025-02-10 17:30:00,82862,2025-02-11 01:30:00,SELL,2908.23,2916.6835714285717,2916.6835714285717,2895.5496428571428,0.1,-85.2357142857165,-845.357142857165,-1.0,SL,2025Q1,2025,14
3476,82863,2025-02-11 02:00:00,82864,2025-02-11 02:30:00,SELL,2917.92,2925.2625000000003,2925.2625000000003,2906.90625,0.1,-74.125000000002,-734.25000000002,-1.0,SL,2025Q1,2025,1
3477,82865,2025-02-11 03:00:00,82865,2025-02-11 03:00:00,SELL,2922.53,2929.5403571428574,2929.5403571428574,2912.0144642857144,0.1,-70.80357142857174,-701.0357142857174,-1.0,SL,2025Q1,2025,0
3478,82866,2025-02-11 03:30:00,82866,2025-02-11 03:30:00,SELL,2928.09,2935.907142857143,2935.907142857143,2916.364285714286,0.1,-78.87142857142699,-781.7142857142699,-1.0,SL,2025Q1,2025,0
3479,82867,2025-02-11 04:00:00,82867,2025-02-11 04:00:00,SELL,2933.86,2941.7660714285716,2941.7660714285716,2922.000892857143,0.1,-79.76071428571522,-790.6071428571522,-1.0,SL,2025Q1,2025,0
3480,82868,2025-02-11 04:30:00,82868,2025-02-11 04:30:00,SELL,2939.87,2927.5705357142856,2948.0696428571428,2927.5705357142856,0.1,122.29464285714293,1229.9464285714294,1.4788382638738933,TP,2025Q1,2025,0
3481,82962,2025-02-13 05:30:00,82965,2025-02-13 07:00:00,SELL,2915.05,2921.539642857143,2921.539642857143,2905.315535714286,0.1,-65.59642857142826,-648.9642857142826,-1.0,SL,2025Q1,2025,3
3482,82966,2025-02-13 07:30:00,82968,2025-02-13 08:30:00,SELL,2922.34,2912.872321428572,2928.651785714286,2912.872321428572,0.1,93.97678571428223,946.7678571428223,1.4725782080698055,TP,2025Q1,2025,2
3483,82999,2025-02-14 01:00:00,83003,2025-02-14 03:00:00,SELL,2927.24,2933.575357142857,2933.575357142857,2917.7369642857143,0.1,-64.05357142856992,-633.5357142856992,-1.0,SL,2025Q1,2025,4
3484,83004,2025-02-14 03:30:00,83017,2025-02-14 10:00:00,SELL,2931.62,2937.2975,2937.2975,2923.1037499999998,0.1,-57.47500000000237,-567.7500000000236,-1.0,SL,2025Q1,2025,13
3485,83018,2025-02-14 10:30:00,83027,2025-02-14 15:00:00,SELL,2936.61,2927.4235714285714,2942.7342857142858,2927.4235714285714,0.1,91.16428571428678,918.6428571428678,1.471748154981586,TP,2025Q1,2025,9
3486,83032,2025-02-14 17:30:00,83034,2025-02-14 18:30:00,BUY,2900.51,2888.8828571428576,2888.8828571428576,2917.9507142857146,0.1,-116.97142857142644,-1162.7142857142644,-1.0,SL,2025Q1,2025,2
3487,83037,2025-02-14 20:00:00,83094,2025-02-18 05:00:00,BUY,2887.11,2908.5862500000003,2872.7925,2908.5862500000003,0.1,214.06250000000165,2147.6250000000164,1.4878366637706346,TP,2025Q1,2025,57
3488,83099,2025-02-18 07:30:00,83113,2025-02-18 14:30:00,SELL,2913.03,2918.6946428571428,2918.6946428571428,2904.533035714286,0.1,-57.346428571425534,-566.4642857142553,-1.0,SL,2025Q1,2025,14
3489,83114,2025-02-18 15:00:00,83117,2025-02-18 16:30:00,SELL,2917.96,2923.5410714285713,2923.5410714285713,2909.588392857143,0.1,-56.510714285712496,-558.1071428571249,-1.0,SL,2025Q1,2025,3
3490,83118,2025-02-18 17:00:00,83127,2025-02-18 21:30:00,SELL,2927.93,2934.2964285714284,2934.2964285714284,2918.380357142857,0.1,-64.36428571428515,-636.6428571428514,-1.0,SL,2025Q1,2025,9
3491,83128,2025-02-18 22:00:00,83139,2025-02-19 04:30:00,SELL,2935.75,2925.628214285714,2942.4978571428574,2925.628214285714,0.1,100.51785714286034,1012.1785714286034,1.474332111052908,TP,2025Q1,2025,11
3492,83153,2025-02-19 11:30:00,83157,2025-02-19 13:30:00,SELL,2945.71,2935.2346428571427,2952.6935714285714,2935.2346428571427,0.1,104.05357142857319,1047.535714285732,1.4751898734177535,TP,2025Q1,2025,4
3493,83192,2025-02-20 08:00:00,83195,2025-02-20 09:30:00,SELL,2946.8,2952.3767857142857,2952.3767857142857,2938.434821428572,0.1,-56.46785714285507,-557.6785714285506,-1.0,SL,2025Q1,2025,3
3494,83197,2025-02-20 10:30:00,83204,2025-02-20 14:00:00,SELL,2952.72,2943.485357142857,2958.8764285714283,2943.485357142857,0.1,91.64642857142717,923.4642857142717,1.4718940002294363,TP,2025Q1,2025,7
3495,83349,2025-02-25 17:30:00,83350,2025-02-25 18:00:00,BUY,2910.45,2898.992142857143,2898.992142857143,2927.6367857142855,0.1,-115.27857142856938,-1145.7857142856938,-1.0,SL,2025Q1,2025,1
3496,83351,2025-02-25 18:30:00,83360,2025-02-25 23:00:00,BUY,2895.27,2915.050714285714,2882.082857142857,2915.050714285714,0.1,197.10714285714113,1978.0714285714112,1.4867995689654834,TP,2025Q1,2025,9
3497,83393,2025-02-26 16:30:00,83394,2025-02-26 17:00:00,BUY,2895.14,2907.921607142857,2886.6189285714286,2907.921607142857,0.1,127.11607142856955,1278.1607142856956,1.4796300145499892,TP,2025Q1,2025,1
3498,83420,2025-02-27 07:00:00,83420,2025-02-27 07:00:00,BUY,2897.59,2891.352142857143,2891.352142857143,2906.946785714286,0.1,-63.07857142857138,-623.7857142857138,-1.0,SL,2025Q1,2025,0
3499,83421,2025-02-27 07:30:00,83426,2025-02-27 10:00:00,BUY,2893.97,2887.1996428571424,2887.1996428571424,2904.1255357142854,0.1,-68.40357142857393,-677.0357142857392,-1.0,SL,2025Q1,2025,5
3500,83427,2025-02-27 10:30:00,83439,2025-02-27 16:30:00,BUY,2882.37,2873.1460714285713,2873.1460714285713,2896.2058928571428,0.1,-92.93928571428587,-922.3928571428587,-1.0,SL,2025Q1,2025,12
3501,83440,2025-02-27 17:00:00,83464,2025-02-28 06:00:00,BUY,2872.25,2859.4539285714286,2859.4539285714286,2891.4441071428573,0.1,-128.66071428571394,-1279.6071428571395,-1.0,SL,2025Q1,2025,24
3502,83465,2025-02-28 06:30:00,83473,2025-02-28 10:30:00,BUY,2859.9,2851.6639285714286,2851.6639285714286,2872.2541071428573,0.1,-83.0607142857145,-823.6071428571449,-1.0,SL,2025Q1,2025,8
3503,83474,2025-02-28 11:00:00,83484,2025-02-28 16:00:00,BUY,2855.9,2847.187142857143,2847.187142857143,2868.969285714286,0.1,-87.82857142857047,-871.2857142857047,-1.0,SL,2025Q1,2025,10
3504,83485,2025-02-28 16:30:00,83485,2025-02-28 16:30:00,BUY,2846.86,2837.8535714285717,2837.8535714285717,2860.369642857143,0.1,-90.76428571428387,-900.6428571428387,-1.0,SL,2025Q1,2025,0
3505,83486,2025-02-28 17:00:00,83487,2025-02-28 17:30:00,BUY,2833.96,2849.1844642857145,2823.8103571428574,2849.1844642857145,0.1,151.54464285714477,1522.4464285714475,1.4828761139263067,TP,2025Q1,2025,1
3506,83493,2025-02-28 20:30:00,83498,2025-02-28 23:00:00,BUY,2839.77,2857.041964285714,2828.255357142857,2857.041964285714,0.1,172.0196428571415,1727.1964285714148,1.4848937941239748,TP,2025Q1,2025,5
3507,83533,2025-03-03 17:30:00,83562,2025-03-04 09:00:00,SELL,2889.02,2897.8785714285714,2897.8785714285714,2875.7321428571427,0.1,-89.28571428571395,-885.8571428571395,-1.0,SL,2025Q1,2025,29
3508,83565,2025-03-04 10:30:00,83572,2025-03-04 14:00:00,SELL,2913.71,2922.7485714285717,2922.7485714285717,2900.1521428571427,0.1,-91.08571428571686,-903.8571428571686,-1.0,SL,2025Q1,2025,7
3509,83573,2025-03-04 14:30:00,83577,2025-03-04 16:30:00,SELL,2922.54,2907.6,2932.5,2907.6,0.1,148.70000000000056,1494.0000000000055,1.482552342971087,TP,2025Q1,2025,4
3510,83659,2025-03-06 11:30:00,83659,2025-03-06 11:30:00,BUY,2900.01,2893.108928571429,2893.108928571429,2910.3616071428573,0.1,-69.71071428571413,-690.1071428571413,-1.0,SL,2025Q1,2025,0
3511,83660,2025-03-06 12:00:00,83663,2025-03-06 13:30:00,BUY,2894.3,2905.750892857143,2886.6660714285717,2905.750892857143,0.1,113.80892857142662,1145.0892857142662,1.477284316906958,TP,2025Q1,2025,3
3512,83771,2025-03-10 20:30:00,83785,2025-03-11 04:30:00,BUY,2883.62,2899.8585714285714,2872.7942857142857,2899.8585714285714,0.1,161.68571428571505,1623.8571428571504,1.4839386390455171,TP,2025Q1,2025,14
3513,83801,2025-03-11 12:30:00,83807,2025-03-11 15:30:00,SELL,2912.66,2918.5239285714283,2918.5239285714283,2903.864107142857,0.1,-59.3392857142846,-586.392857142846,-1.0,SL,2025Q1,2025,6
3514,83859,2025-03-12 18:30:00,83879,2025-03-13 05:30:00,SELL,2937.6,2946.7907142857143,2946.7907142857143,2923.8139285714283,0.1,-92.60714285714421,-919.0714285714421,-1.0,SL,2025Q1,2025,20
3515,83880,2025-03-13 06:00:00,83884,2025-03-13 08:00:00,SELL,2945.4,2937.525,2950.65,2937.525,0.1,78.05,787.5,1.4671052631578947,TP,2025Q1,2025,4
3516,83891,2025-03-13 11:30:00,83899,2025-03-13 15:30:00,SELL,2945.97,2952.3589285714284,2952.3589285714284,2936.386607142857,0.1,-64.58928571428551,-638.8928571428551,-1.0,SL,2025Q1,2025,8
3517,83901,2025-03-13 16:30:00,83901,2025-03-13 16:30:00,SELL,2953.38,2961.182142857143,2961.182142857143,2941.676785714286,0.1,-78.72142857142826,-780.2142857142826,-1.0,SL,2025Q1,2025,0
3518,83902,2025-03-13 17:00:00,83904,2025-03-13 18:00:00,SELL,2969.81,2979.2825000000003,2979.2825000000003,2955.6012499999997,0.1,-95.4250000000031,-947.2500000000309,-1.0,SL,2025Q1,2025,2
3519,83905,2025-03-13 18:30:00,83913,2025-03-13 22:30:00,SELL,2979.19,2988.897142857143,2988.897142857143,2964.6292857142857,0.1,-97.77142857143026,-970.7142857143026,-1.0,SL,2025Q1,2025,8
3520,83914,2025-03-14 00:00:00,83937,2025-03-14 11:30:00,SELL,2988.44,2997.341428571429,2997.341428571429,2975.087857142857,0.1,-89.71428571428824,-890.1428571428823,-1.0,SL,2025Q1,2025,23
3521,83938,2025-03-14 12:00:00,83939,2025-03-14 12:30:00,SELL,2998.66,2987.3907142857142,3006.172857142857,2987.3907142857142,0.1,111.99285714285615,1126.9285714285616,1.4769216277316959,TP,2025Q1,2025,1
3522,83941,2025-03-14 13:30:00,83946,2025-03-14 16:00:00,SELL,2996.52,2982.8030357142857,3005.664642857143,2982.8030357142857,0.1,136.46964285714313,1371.6964285714312,1.481008488043075,TP,2025Q1,2025,5
3523,83986,2025-03-17 13:00:00,83988,2025-03-17 14:00:00,SELL,2998.9,2990.5975000000003,3004.435,2990.5975000000003,0.1,82.32499999999781,830.2499999999782,1.4687778768956279,TP,2025Q1,2025,2
3524,84009,2025-03-18 01:30:00,84013,2025-03-18 03:30:00,SELL,3001.41,3005.2275,3005.2275,2995.6837499999997,0.1,-38.875000000001094,-381.7500000000109,-1.0,SL,2025Q1,2025,4
3525,84014,2025-03-18 04:00:00,84015,2025-03-18 04:30:00,SELL,3005.65,3010.0428571428574,3010.0428571428574,2999.0607142857143,0.1,-44.62857142857338,-439.2857142857338,-1.0,SL,2025Q1,2025,1
3526,84016,2025-03-18 05:00:00,84019,2025-03-18 06:30:00,SELL,3010.78,3015.7707142857143,3015.7707142857143,3003.2939285714288,0.1,-50.60714285714148,-499.0714285714148,-1.0,SL,2025Q1,2025,3
3527,84020,2025-03-18 07:00:00,84026,2025-03-18 10:00:00,SELL,3014.3,3020.039642857143,3020.039642857143,3005.690535714286,0.1,-58.09642857142826,-573.9642857142826,-1.0,SL,2025Q1,2025,6
3528,84027,2025-03-18 10:30:00,84035,2025-03-18 14:30:00,SELL,3024.26,3032.602142857143,3032.602142857143,3011.746785714286,0.1,-84.1214285714279,-834.214285714279,-1.0,SL,2025Q1,2025,8
3529,84036,2025-03-18 15:00:00,84067,2025-03-19 07:30:00,SELL,3034.17,3042.384642857143,3042.384642857143,3021.8480357142857,0.1,-82.84642857142735,-821.4642857142735,-1.0,SL,2025Q1,2025,31
3530,84068,2025-03-19 08:00:00,84068,2025-03-19 08:00:00,SELL,3044.42,3036.2058928571428,3049.8960714285713,3036.2058928571428,0.1,81.44107142857301,821.4107142857301,1.468446133041487,TP,2025Q1,2025,0
3531,84103,2025-03-20 02:30:00,84118,2025-03-20 10:00:00,SELL,3053.72,3041.621428571428,3061.785714285714,3041.621428571428,0.1,120.28571428571631,1209.8571428571631,1.4784899034240564,TP,2025Q1,2025,15
3532,84155,2025-03-21 05:30:00,84159,2025-03-21 07:30:00,BUY,3030.73,3026.4132142857143,3026.4132142857143,3037.205178571429,0.1,-43.86785714285743,-431.6785714285743,-1.0,SL,2025Q1,2025,4
3533,84176,2025-03-21 16:00:00,84185,2025-03-21 20:30:00,BUY,3006.61,3021.0244642857147,2997.000357142857,3021.0244642857147,0.1,143.4446428571453,1441.446428571453,1.4819208205733454,TP,2025Q1,2025,9
3534,84338,2025-03-27 05:00:00,84340,2025-03-27 06:00:00,SELL,3031.55,3036.5857142857144,3036.5857142857144,3023.9964285714286,0.1,-51.05714285714221,-503.5714285714221,-1.0,SL,2025Q1,2025,2
3535,84341,2025-03-27 06:30:00,84344,2025-03-27 08:00:00,SELL,3037.06,3029.2573214285712,3042.2617857142855,3029.2573214285712,0.1,77.32678571428714,780.2678571428714,1.4668044170450005,TP,2025Q1,2025,3
3536,84353,2025-03-27 12:30:00,84358,2025-03-27 15:00:00,SELL,3051.99,3039.6696428571427,3060.203571428571,3039.6696428571427,0.1,122.50357142857119,1232.035714285712,1.4788738466844873,TP,2025Q1,2025,5
3537,84362,2025-03-27 17:00:00,84381,2025-03-28 03:30:00,SELL,3057.54,3068.6560714285715,3068.6560714285715,3040.8658928571426,0.1,-111.86071428571559,-1111.6071428571558,-1.0,SL,2025Q1,2025,19
3538,84382,2025-03-28 04:00:00,84389,2025-03-28 07:30:00,SELL,3073.88,3078.869642857143,3078.869642857143,3066.395535714286,0.1,-50.59642857142826,-498.9642857142826,-1.0,SL,2025Q1,2025,7
3539,84390,2025-03-28 08:00:00,84391,2025-03-28 08:30:00,SELL,3077.58,3084.369642857143,3084.369642857143,3067.395535714286,0.1,-68.59642857143008,-678.9642857143008,-1.0,SL,2025Q1,2025,1
3540,84392,2025-03-28 09:00:00,84394,2025-03-28 10:00:00,SELL,3084.41,3072.947857142857,3092.0514285714285,3072.947857142857,0.1,113.9214285714268,1146.214285714268,1.477306409781371,TP,2025Q1,2025,2
3541,84422,2025-03-31 02:00:00,84426,2025-03-31 04:00:00,SELL,3089.87,3077.3069642857145,3098.245357142857,3077.3069642857145,0.1,124.93035714285433,1256.3035714285434,1.4792785554192915,TP,2025Q1,2025,4
3542,84428,2025-03-31 05:00:00,84428,2025-03-31 05:00:00,SELL,3094.52,3102.565357142857,3102.565357142857,3082.4519642857144,0.1,-81.15357142857029,-804.5357142857029,-1.0,SL,2025Q1,2025,0
3543,84429,2025-03-31 05:30:00,84430,2025-03-31 06:00:00,SELL,3098.58,3107.6549999999997,3107.6549999999997,3084.9674999999997,0.1,-91.44999999999818,-907.4999999999818,-1.0,SL,2025Q1,2025,1
3544,84431,2025-03-31 06:30:00,84435,2025-03-31 08:30:00,SELL,3108.04,3117.817857142857,3117.817857142857,3093.3732142857143,0.1,-98.47857142857102,-977.7857142857101,-1.0,SL,2025Q1,2025,4
3545,84436,2025-03-31 09:00:00,84436,2025-03-31 09:00:00,SELL,3116.51,3127.108571428572,3127.108571428572,3100.6121428571428,0.1,-106.68571428571632,-1059.8571428571631,-1.0,SL,2025Q1,2025,0
3546,84437,2025-03-31 09:30:00,84451,2025-03-31 16:30:00,SELL,3119.61,3101.9475,3131.385,3101.9475,0.1,175.9249999999991,1766.249999999991,1.48522583368508,TP,2025Q1,2025,14
3547,84469,2025-04-01 02:30:00,84472,2025-04-01 04:00:00,SELL,3125.21,3130.966785714286,3130.966785714286,3116.5748214285713,0.1,-58.26785714285798,-575.6785714285797,-1.0,SL,2025Q2,2025,3
3548,84473,2025-04-01 04:30:00,84474,2025-04-01 05:00:00,SELL,3133.09,3138.907857142857,3138.907857142857,3124.3632142857145,0.1,-58.87857142857065,-581.7857142857065,-1.0,SL,2025Q2,2025,1
3549,84475,2025-04-01 05:30:00,84481,2025-04-01 08:30:00,SELL,3142.52,3132.1876785714285,3149.408214285714,3132.1876785714285,0.1,102.62321428571504,1033.2321428571504,1.474849869116698,TP,2025Q2,2025,6
3550,84562,2025-04-03 03:00:00,84572,2025-04-03 08:00:00,SELL,3162.4,3136.8753571428574,3179.4164285714287,3136.8753571428574,0.1,254.54642857142682,2552.464285714268,1.4897579532628102,TP,2025Q2,2025,10
3551,84584,2025-04-03 14:00:00,84586,2025-04-03 15:00:00,BUY,3095.42,3080.006428571429,3080.006428571429,3118.5403571428574,0.1,-154.8357142857123,-1541.357142857123,-1.0,SL,2025Q2,2025,2
3552,84587,2025-04-03 15:30:00,84588,2025-04-03 16:00:00,BUY,3078.53,3061.034642857143,3061.034642857143,3104.773035714286,0.1,-175.653571428573,-1749.5357142857301,-1.0,SL,2025Q2,2025,1
3553,84589,2025-04-03 16:30:00,84590,2025-04-03 17:00:00,BUY,3065.73,3094.9333928571427,3046.2610714285715,3094.9333928571427,0.1,291.3339285714272,2920.3392857142717,1.491043521175675,TP,2025Q2,2025,1
3554,84638,2025-04-04 18:00:00,84650,2025-04-07 01:00:00,BUY,3038.57,3010.252142857143,3010.252142857143,3081.0467857142858,0.1,-283.87857142857064,-2831.7857142857065,-1.0,SL,2025Q2,2025,12
3555,84651,2025-04-07 01:30:00,84652,2025-04-07 02:00:00,BUY,3014.28,2990.439642857143,2990.439642857143,3050.040535714286,0.1,-239.103571428571,-2384.03571428571,-1.0,SL,2025Q2,2025,1
3556,84653,2025-04-07 02:30:00,84657,2025-04-07 04:30:00,BUY,2985.09,3020.930892857143,2961.1960714285715,3020.930892857143,0.1,357.7089285714299,3584.089285714299,1.4926973576357325,TP,2025Q2,2025,4
3557,84687,2025-04-07 19:30:00,84712,2025-04-08 09:00:00,BUY,2977.87,3011.894821428571,2955.1867857142856,3011.894821428571,0.1,339.5482142857116,3402.482142857116,1.4923087789794123,TP,2025Q2,2025,25
3558,84760,2025-04-09 10:00:00,84768,2025-04-09 14:00:00,SELL,3038.98,3056.9564285714287,3056.9564285714287,3012.015357142857,0.1,-180.4642857142864,-1797.6428571428642,-1.0,SL,2025Q2,2025,8
3559,84769,2025-04-09 14:30:00,84773,2025-04-09 16:30:00,SELL,3060.15,3077.927142857143,3077.927142857143,3033.4842857142858,0.1,-178.47142857142734,-1777.7142857142735,-1.0,SL,2025Q2,2025,4
3560,84774,2025-04-09 17:00:00,84780,2025-04-09 20:00:00,SELL,3075.13,3095.026428571429,3095.026428571429,3045.2853571428573,0.1,-199.66428571428713,-1989.6428571428714,-1.0,SL,2025Q2,2025,6
3561,84797,2025-04-10 05:30:00,84802,2025-04-10 08:00:00,SELL,3111.41,3132.6435714285712,3132.6435714285712,3079.5596428571425,0.1,-213.03571428571394,-2123.3571428571395,-1.0,SL,2025Q2,2025,5
3562,84803,2025-04-10 08:30:00,84820,2025-04-10 17:00:00,SELL,3125.25,3142.622142857143,3142.622142857143,3099.1917857142857,0.1,-174.42142857142989,-1737.214285714299,-1.0,SL,2025Q2,2025,17
3563,84821,2025-04-10 17:30:00,84822,2025-04-10 18:00:00,SELL,3144.3,3162.1725,3162.1725,3117.49125,0.1,-179.42499999999944,-1787.2499999999945,-1.0,SL,2025Q2,2025,1
3564,84823,2025-04-10 18:30:00,84835,2025-04-11 01:30:00,SELL,3170.66,3189.5375,3189.5375,3142.34375,0.1,-189.47500000000053,-1887.7500000000055,-1.0,SL,2025Q2,2025,12
3565,84836,2025-04-11 02:00:00,84839,2025-04-11 03:30:00,SELL,3188.96,3204.1003571428573,3204.1003571428573,3166.249464285714,0.1,-152.10357142857282,-1514.0357142857283,-1.0,SL,2025Q2,2025,3
3566,84840,2025-04-11 04:00:00,84843,2025-04-11 05:30:00,SELL,3205.37,3220.0367857142855,3220.0367857142855,3183.3698214285714,0.1,-147.3678571428565,-1466.6785714285652,-1.0,SL,2025Q2,2025,3
3567,84844,2025-04-11 06:00:00,84849,2025-04-11 08:30:00,SELL,3217.21,3193.838928571429,3232.7907142857143,3193.838928571429,0.1,233.01071428571214,2337.1071428571213,1.4888184017160186,TP,2025Q2,2025,5
3568,84854,2025-04-11 11:00:00,84858,2025-04-11 13:00:00,SELL,3212.28,3231.2292857142857,3231.2292857142857,3183.856071428572,0.1,-190.1928571428545,-1894.9285714285452,-1.0,SL,2025Q2,2025,4
3569,84859,2025-04-11 13:30:00,84910,2025-04-14 16:00:00,SELL,3227.99,3197.3755357142854,3248.3996428571427,3197.3755357142854,0.1,305.4446428571435,3061.446428571435,1.4914549291107897,TP,2025Q2,2025,51
3570,84974,2025-04-16 02:00:00,84975,2025-04-16 02:30:00,SELL,3241.24,3248.715357142857,3248.715357142857,3230.0269642857143,0.1,-75.4535714285732,-747.535714285732,-1.0,SL,2025Q2,2025,1
3571,84976,2025-04-16 03:00:00,84976,2025-04-16 03:00:00,SELL,3251.66,3259.656071428571,3259.656071428571,3239.665892857143,0.1,-80.66071428571213,-799.6071428571213,-1.0,SL,2025Q2,2025,0
3572,84977,2025-04-16 03:30:00,84978,2025-04-16 04:00:00,SELL,3261.59,3270.3478571428573,3270.3478571428573,3248.4532142857142,0.1,-88.2785714285712,-875.785714285712,-1.0,SL,2025Q2,2025,1
3573,84979,2025-04-16 04:30:00,84980,2025-04-16 05:00:00,SELL,3264.76,3274.657857142857,3274.657857142857,3249.9132142857147,0.1,-99.67857142856992,-989.7857142856992,-1.0,SL,2025Q2,2025,1
3574,84981,2025-04-16 05:30:00,84984,2025-04-16 07:00:00,SELL,3271.63,3282.792142857143,3282.792142857143,3254.886785714286,0.1,-112.32142857142954,-1116.2142857142953,-1.0,SL,2025Q2,2025,3
3575,84985,2025-04-16 07:30:00,84985,2025-04-16 07:30:00,SELL,3271.4,3284.4992857142856,3284.4992857142856,3251.751071428572,0.1,-131.69285714285542,-1309.9285714285543,-1.0,SL,2025Q2,2025,0
3576,84986,2025-04-16 08:00:00,84990,2025-04-16 10:00:00,SELL,3283.61,3298.1032142857143,3298.1032142857143,3261.870178571429,0.1,-145.63214285714201,-1449.3214285714203,-1.0,SL,2025Q2,2025,4
3577,84991,2025-04-16 10:30:00,84992,2025-04-16 11:00:00,SELL,3297.08,3310.8253571428572,3310.8253571428572,3276.461964285714,0.1,-138.153571428573,-1374.5357142857301,-1.0,SL,2025Q2,2025,1
3578,84993,2025-04-16 11:30:00,85003,2025-04-16 16:30:00,SELL,3299.65,3314.1442857142856,3314.1442857142856,3277.9085714285716,0.1,-145.64285714285523,-1449.4285714285525,-1.0,SL,2025Q2,2025,10
3579,85004,2025-04-16 17:00:00,85008,2025-04-16 19:00:00,SELL,3311.56,3328.5389285714286,3328.5389285714286,3286.091607142857,0.1,-170.48928571428695,-1697.8928571428696,-1.0,SL,2025Q2,2025,4
3580,85009,2025-04-16 19:30:00,85018,2025-04-17 01:00:00,SELL,3331.96,3347.8075,3347.8075,3308.1887500000003,0.1,-159.17499999999853,-1584.7499999999854,-1.0,SL,2025Q2,2025,9
3581,85019,2025-04-17 01:30:00,85025,2025-04-17 04:30:00,SELL,3352.97,3334.0426785714285,3365.588214285714,3334.0426785714285,0.1,188.57321428571305,1892.7321428571304,1.486207673037408,TP,2025Q2,2025,6
3582,85067,2025-04-21 02:30:00,85069,2025-04-21 03:30:00,SELL,3348.43,3362.0103571428567,3362.0103571428567,3328.059464285714,0.1,-136.50357142856882,-1358.0357142856883,-1.0,SL,2025Q2,2025,2
3583,85070,2025-04-21 04:00:00,85072,2025-04-21 05:00:00,SELL,3368.64,3382.1217857142856,3382.1217857142856,3348.4173214285715,0.1,-135.51785714285705,-1348.1785714285706,-1.0,SL,2025Q2,2025,2
3584,85073,2025-04-21 05:30:00,85082,2025-04-21 10:00:00,SELL,3381.53,3395.7307142857144,3395.7307142857144,3360.2289285714287,0.1,-142.70714285714183,-1420.0714285714184,-1.0,SL,2025Q2,2025,9
3585,85083,2025-04-21 10:30:00,85091,2025-04-21 14:30:00,SELL,3394.27,3405.8575,3405.8575,3376.88875,0.1,-116.57500000000091,-1158.750000000009,-1.0,SL,2025Q2,2025,8
3586,85092,2025-04-21 15:00:00,85093,2025-04-21 15:30:00,SELL,3404.46,3415.6939285714284,3415.6939285714284,3387.6091071428573,0.1,-113.03928571428351,-1123.392857142835,-1.0,SL,2025Q2,2025,1
3587,85094,2025-04-21 16:00:00,85096,2025-04-21 17:00:00,SELL,3414.82,3427.2517857142857,3427.2517857142857,3396.1723214285716,0.1,-125.01785714285525,-1243.1785714285525,-1.0,SL,2025Q2,2025,2
3588,85097,2025-04-21 17:30:00,85112,2025-04-22 02:00:00,SELL,3426.31,3441.4342857142856,3441.4342857142856,3403.6235714285713,0.1,-151.94285714285633,-1512.4285714285634,-1.0,SL,2025Q2,2025,15
3589,85113,2025-04-22 02:30:00,85114,2025-04-22 03:00:00,SELL,3441.32,3423.5192857142856,3453.187142857143,3423.5192857142856,0.1,177.3071428571455,1780.0714285714548,1.4853398755385543,TP,2025Q2,2025,1
3590,85115,2025-04-22 03:30:00,85116,2025-04-22 04:00:00,SELL,3427.7,3441.08,3441.08,3407.6299999999997,0.1,-134.50000000000108,-1338.000000000011,-1.0,SL,2025Q2,2025,1
3591,85117,2025-04-22 04:30:00,85117,2025-04-22 04:30:00,SELL,3439.68,3454.7539285714283,3454.7539285714283,3417.069107142857,0.1,-151.43928571428495,-1507.3928571428496,-1.0,SL,2025Q2,2025,0
3592,85118,2025-04-22 05:00:00,85119,2025-04-22 05:30:00,SELL,3452.85,3468.8346428571426,3468.8346428571426,3428.873035714286,0.1,-160.54642857142716,-1598.4642857142717,-1.0,SL,2025Q2,2025,1
3593,85120,2025-04-22 06:00:00,85121,2025-04-22 06:30:00,SELL,3472.9,3491.962857142857,3491.962857142857,3444.3057142857147,0.1,-191.32857142856955,-1906.2857142856956,-1.0,SL,2025Q2,2025,1
3594,85122,2025-04-22 07:00:00,85131,2025-04-22 11:30:00,SELL,3487.77,3457.0944642857144,3508.220357142857,3457.0944642857144,0.1,306.05535714285617,3067.5535714285616,1.4914718833214295,TP,2025Q2,2025,9
3595,85157,2025-04-23 01:30:00,85161,2025-04-23 03:30:00,BUY,3318.47,3365.027321428571,3287.4317857142855,3365.027321428571,0.1,464.87321428571414,4655.732142857141,1.4943744761948499,TP,2025Q2,2025,4
3596,85172,2025-04-23 09:00:00,85173,2025-04-23 09:30:00,BUY,3319.2,3292.142142857143,3292.142142857143,3359.786785714285,0.1,-271.27857142856845,-2705.7857142856847,-1.0,SL,2025Q2,2025,1
3597,85174,2025-04-23 10:00:00,85187,2025-04-23 16:30:00,BUY,3301.4,3272.6182142857147,3272.6182142857147,3344.5726785714287,0.1,-288.5178571428543,-2878.1785714285434,-1.0,SL,2025Q2,2025,13
3598,85188,2025-04-23 17:00:00,85203,2025-04-24 01:30:00,BUY,3276.28,3314.081607142857,3251.0789285714286,3314.081607142857,0.1,377.3160714285694,3780.1607142856938,1.493075085854785,TP,2025Q2,2025,15
3599,85209,2025-04-24 04:30:00,85212,2025-04-24 06:00:00,SELL,3359.2,3333.721964285714,3376.185357142857,3333.721964285714,0.1,254.08035714285853,2547.803571428585,1.489739294314745,TP,2025Q2,2025,3
3600,85249,2025-04-25 01:30:00,85255,2025-04-25 04:30:00,SELL,3363.18,3344.9083928571426,3375.3610714285714,3344.9083928571426,0.1,182.01607142857193,1827.1607142857192,1.4857155350843767,TP,2025Q2,2025,6
3601,85264,2025-04-25 09:00:00,85278,2025-04-25 16:00:00,BUY,3294.32,3273.8675000000003,3273.8675000000003,3324.99875,0.1,-205.22499999999872,-2045.2499999999873,-1.0,SL,2025Q2,2025,14
3602,85279,2025-04-25 16:30:00,85291,2025-04-25 22:30:00,BUY,3273.58,3298.373392857143,3257.0510714285715,3298.373392857143,0.1,247.23392857142863,2479.3392857142862,1.4894571508488208,TP,2025Q2,2025,12
3603,85335,2025-04-28 21:30:00,85349,2025-04-29 05:30:00,SELL,3348.2,3321.47,3366.02,3321.47,0.1,266.6000000000002,2673.000000000002,1.4902179988820445,TP,2025Q2,2025,14
3604,85407,2025-04-30 11:30:00,85410,2025-04-30 13:00:00,BUY,3285.76,3272.8257142857146,3272.8257142857146,3305.161428571429,0.1,-130.04285714285578,-1293.428571428558,-1.0,SL,2025Q2,2025,3
3605,85411,2025-04-30 13:30:00,85415,2025-04-30 15:30:00,BUY,3277.59,3296.7728571428574,3264.8014285714285,3296.7728571428574,0.1,191.12857142857303,1918.2857142857301,1.486390401066531,TP,2025Q2,2025,4
3606,85434,2025-05-01 02:00:00,85436,2025-05-01 03:00:00,BUY,3274.07,3261.065,3261.065,3293.5775000000003,0.1,-130.75000000000108,-1300.500000000011,-1.0,SL,2025Q2,2025,2
3607,85437,2025-05-01 03:30:00,85437,2025-05-01 03:30:00,BUY,3258.75,3243.114642857143,3243.114642857143,3282.2030357142858,0.1,-157.05357142857173,-1563.5357142857174,-1.0,SL,2025Q2,2025,0
3608,85438,2025-05-01 04:00:00,85443,2025-05-01 06:30:00,BUY,3246.42,3229.556785714286,3229.556785714286,3271.7148214285717,0.1,-169.33214285714092,-1686.3214285714093,-1.0,SL,2025Q2,2025,5
3609,85444,2025-05-01 07:00:00,85459,2025-05-01 14:30:00,BUY,3229.65,3209.0239285714288,3209.0239285714288,3260.5891071428573,0.1,-206.9607142857132,-2062.607142857132,-1.0,SL,2025Q2,2025,15
3610,85460,2025-05-01 15:00:00,85461,2025-05-01 15:30:00,BUY,3205.54,3225.7739285714288,3192.050714285714,3225.7739285714288,0.1,201.63928571428806,2023.3928571428805,1.4870937154295953,TP,2025Q2,2025,1
3611,85469,2025-05-01 19:30:00,85476,2025-05-01 23:00:00,BUY,3209.74,3236.3880357142857,3191.9746428571425,3236.3880357142857,0.1,265.78035714285926,2664.8035714285925,1.4901880293958631,TP,2025Q2,2025,7
3612,85546,2025-05-05 12:00:00,85546,2025-05-05 12:00:00,SELL,3282.56,3294.6725,3294.6725,3264.3912499999997,0.1,-121.82500000000182,-1211.2500000000182,-1.0,SL,2025Q2,2025,0
3613,85547,2025-05-05 12:30:00,85548,2025-05-05 13:00:00,SELL,3302.08,3315.094642857143,3315.094642857143,3282.558035714286,0.1,-130.84642857142916,-1301.4642857142917,-1.0,SL,2025Q2,2025,1
3614,85549,2025-05-05 13:30:00,85556,2025-05-05 17:00:00,SELL,3314.24,3327.1014285714286,3327.1014285714286,3294.9478571428567,0.1,-129.3142857142886,-1286.142857142886,-1.0,SL,2025Q2,2025,7
3615,85557,2025-05-05 17:30:00,85566,2025-05-05 22:00:00,SELL,3318.5,3332.672857142857,3332.672857142857,3297.240714285714,0.1,-142.42857142857082,-1417.2857142857083,-1.0,SL,2025Q2,2025,9
3616,85567,2025-05-05 22:30:00,85576,2025-05-06 04:00:00,SELL,3336.22,3348.145,3348.145,3318.3325,0.1,-119.95000000000182,-1192.5000000000182,-1.0,SL,2025Q2,2025,9
3617,85577,2025-05-06 04:30:00,85577,2025-05-06 04:30:00,SELL,3357.09,3371.1225,3371.1225,3336.04125,0.1,-141.024999999998,-1403.24999999998,-1.0,SL,2025Q2,2025,0
3618,85578,2025-05-06 05:00:00,85580,2025-05-06 06:00:00,SELL,3379.47,3355.2439285714286,3395.620714285714,3355.2439285714286,0.1,241.56071428571232,2422.607142857123,1.4892113259060424,TP,2025Q2,2025,2
3619,85581,2025-05-06 06:30:00,85590,2025-05-06 11:00:00,SELL,3362.52,3382.1175,3382.1175,3333.12375,0.1,-196.67499999999853,-1959.7499999999854,-1.0,SL,2025Q2,2025,9
3620,85591,2025-05-06 11:30:00,85605,2025-05-06 18:30:00,SELL,3380.6,3399.8364285714288,3399.8364285714288,3351.745357142857,0.1,-193.0642857142886,-1923.642857142886,-1.0,SL,2025Q2,2025,14
3621,85606,2025-05-06 19:00:00,85607,2025-05-06 19:30:00,SELL,3394.98,3409.0242857142857,3409.0242857142857,3373.9135714285717,0.1,-141.14285714285705,-1404.4285714285706,-1.0,SL,2025Q2,2025,1
3622,85608,2025-05-06 20:00:00,85613,2025-05-06 22:30:00,SELL,3408.79,3422.8985714285714,3422.8985714285714,3387.6271428571426,0.1,-141.78571428571394,-1410.8571428571395,-1.0,SL,2025Q2,2025,5
3623,85614,2025-05-06 23:00:00,85616,2025-05-07 01:00:00,SELL,3422.89,3435.8907142857142,3435.8907142857142,3403.3889285714286,0.1,-130.70714285714365,-1300.0714285714366,-1.0,SL_AMBIGUOUS_PESSIMISTIC,2025Q2,2025,2
3624,85679,2025-05-08 09:30:00,85698,2025-05-08 19:00:00,BUY,3339.7,3319.492857142857,3319.492857142857,3370.010714285714,0.1,-202.77142857143025,-2020.7142857143026,-1.0,SL,2025Q2,2025,19
3625,85699,2025-05-08 19:30:00,85704,2025-05-08 22:00:00,BUY,3311.68,3292.010714285714,3292.010714285714,3341.1839285714286,0.1,-197.39285714285705,-1966.9285714285706,-1.0,SL,2025Q2,2025,5
3626,85705,2025-05-08 22:30:00,85709,2025-05-09 01:30:00,BUY,3292.23,3322.8396428571427,3271.8235714285715,3322.8396428571427,0.1,305.3964285714272,3060.9642857142717,1.4914535877489798,TP,2025Q2,2025,4
3627,85715,2025-05-09 04:30:00,85716,2025-05-09 05:00:00,BUY,3302.55,3286.264285714286,3286.264285714286,3326.9785714285717,0.1,-163.5571428571422,-1628.571428571422,-1.0,SL,2025Q2,2025,1
3628,85717,2025-05-09 05:30:00,85717,2025-05-09 05:30:00,BUY,3280.19,3307.5242857142857,3261.967142857143,3307.5242857142857,0.1,272.6428571428567,2733.428571428567,1.4904334244435644,TP,2025Q2,2025,0
3629,85755,2025-05-12 01:30:00,85760,2025-05-12 04:00:00,BUY,3277.69,3263.2942857142857,3263.2942857142857,3299.2835714285716,0.1,-144.65714285714347,-1439.5714285714348,-1.0,SL,2025Q2,2025,5
3630,85761,2025-05-12 04:30:00,85772,2025-05-12 10:00:00,BUY,3264.77,3244.9925,3244.9925,3294.43625,0.1,-198.47500000000144,-1977.7500000000146,-1.0,SL,2025Q2,2025,11
3631,85773,2025-05-12 10:30:00,85778,2025-05-12 13:00:00,BUY,3231.18,3211.5610714285713,3211.5610714285713,3260.608392857143,0.1,-196.88928571428568,-1961.8928571428569,-1.0,SL,2025Q2,2025,5
3632,85779,2025-05-12 13:30:00,85784,2025-05-12 16:00:00,BUY,3213.92,3242.2892857142856,3195.0071428571428,3242.2892857142856,0.1,282.99285714285526,2836.9285714285525,1.490781155930139,TP,2025Q2,2025,5
3633,85792,2025-05-12 20:00:00,85813,2025-05-13 07:30:00,BUY,3224.36,3251.392142857143,3206.3385714285714,3251.392142857143,0.1,269.62142857142845,2703.2142857142844,1.4903269109286041,TP,2025Q2,2025,21
3634,85876,2025-05-14 16:00:00,85888,2025-05-14 22:00:00,BUY,3184.96,3169.7253571428573,3169.7253571428573,3207.811964285714,0.1,-153.04642857142716,-1523.4642857142717,-1.0,SL,2025Q2,2025,12
3635,85889,2025-05-14 22:30:00,85901,2025-05-15 05:30:00,BUY,3173.98,3156.7599999999998,3156.7599999999998,3199.81,0.1,-172.90000000000254,-1722.0000000000255,-1.0,SL,2025Q2,2025,12
3636,85902,2025-05-15 06:00:00,85905,2025-05-15 07:30:00,BUY,3154.07,3141.7571428571428,3141.7571428571428,3172.539285714286,0.1,-123.82857142857411,-1231.285714285741,-1.0,SL,2025Q2,2025,3
3637,85906,2025-05-15 08:00:00,85907,2025-05-15 08:30:00,BUY,3138.68,3125.4049999999997,3125.4049999999997,3158.5924999999997,0.1,-133.4500000000009,-1327.500000000009,-1.0,SL,2025Q2,2025,1
3638,85908,2025-05-15 09:00:00,85909,2025-05-15 09:30:00,BUY,3129.15,3151.175892857143,3114.4660714285715,3151.175892857143,0.1,219.55892857142936,2202.5892857142935,1.4881387523904048,TP,2025Q2,2025,1
3639,85911,2025-05-15 10:30:00,85916,2025-05-15 13:00:00,BUY,3145.33,3172.3139285714287,3127.340714285714,3172.3139285714287,0.1,269.13928571428806,2698.3928571428805,1.4903096942609662,TP,2025Q2,2025,5
3640,85927,2025-05-15 18:30:00,85935,2025-05-15 22:30:00,SELL,3216.04,3231.3742857142856,3231.3742857142856,3193.0385714285712,0.1,-154.0428571428567,-1533.428571428567,-1.0,SL,2025Q2,2025,8
3641,85936,2025-05-15 23:00:00,85938,2025-05-16 01:00:00,SELL,3231.86,3244.2628571428572,3244.2628571428572,3213.2557142857145,0.1,-124.72857142857102,-1240.2857142857101,-1.0,SL,2025Q2,2025,2
3642,85939,2025-05-16 01:30:00,85944,2025-05-16 04:00:00,SELL,3246.11,3230.065892857143,3256.8060714285716,3230.065892857143,0.1,159.7410714285723,1604.4107142857229,1.4837452313816555,TP,2025Q2,2025,5
3643,85964,2025-05-16 14:00:00,85965,2025-05-16 14:30:00,BUY,3176.16,3159.578571428571,3159.578571428571,3201.032142857143,0.1,-166.5142857142866,-1658.142857142866,-1.0,SL,2025Q2,2025,1
3644,85966,2025-05-16 15:00:00,85976,2025-05-16 20:00:00,BUY,3163.36,3191.256785714286,3144.762142857143,3191.256785714286,0.1,278.2678571428567,2789.678571428567,1.4906255978572676,TP,2025Q2,2025,10
3645,85985,2025-05-19 01:30:00,85988,2025-05-19 03:00:00,SELL,3235.35,3249.6139285714285,3249.6139285714285,3213.954107142857,0.1,-143.3392857142855,-1426.392857142855,-1.0,SL,2025Q2,2025,3
3646,85989,2025-05-19 03:30:00,85991,2025-05-19 04:30:00,SELL,3247.52,3223.035178571429,3263.843214285714,3223.035178571429,0.1,244.14821428571196,2448.4821428571195,1.4893248513104291,TP,2025Q2,2025,2
3647,86006,2025-05-19 12:00:00,86016,2025-05-19 17:00:00,SELL,3244.41,3223.1121428571428,3258.6085714285714,3223.1121428571428,0.1,212.27857142857084,2129.7857142857083,1.4877352823387908,TP,2025Q2,2025,10
3648,86062,2025-05-20 17:00:00,86062,2025-05-20 17:00:00,SELL,3261.17,3274.904642857143,3274.904642857143,3240.568035714286,0.1,-138.04642857142716,-1373.4642857142717,-1.0,SL,2025Q2,2025,0
3649,86063,2025-05-20 17:30:00,86073,2025-05-20 22:30:00,SELL,3279.82,3295.227142857143,3295.227142857143,3256.7092857142857,0.1,-154.77142857142843,-1540.7142857142844,-1.0,SL,2025Q2,2025,10
3650,86074,2025-05-20 23:00:00,86082,2025-05-21 04:00:00,SELL,3294.04,3307.7242857142855,3307.7242857142855,3273.5135714285716,0.1,-137.54285714285578,-1368.428571428558,-1.0,SL,2025Q2,2025,8
3651,86083,2025-05-21 04:30:00,86085,2025-05-21 05:30:00,SELL,3289.28,3301.0132142857146,3301.0132142857146,3271.6801785714288,0.1,-118.0321428571444,-1173.321428571444,-1.0,SL,2025Q2,2025,2
3652,86086,2025-05-21 06:00:00,86091,2025-05-21 08:30:00,SELL,3301.64,3315.4582142857143,3315.4582142857143,3280.9126785714284,0.1,-138.88214285714474,-1381.8214285714475,-1.0,SL,2025Q2,2025,5
3653,86092,2025-05-21 09:00:00,86104,2025-05-21 15:00:00,SELL,3316.25,3293.8689285714286,3331.1707142857144,3293.8689285714286,0.1,223.11071428571432,2238.107142857143,1.4883261066374274,TP,2025Q2,2025,12
3654,86129,2025-05-22 04:30:00,86142,2025-05-22 11:00:00,SELL,3338.33,3322.117142857143,3349.138571428571,3322.117142857143,0.1,161.42857142857048,1621.2857142857047,1.4839133289560285,TP,2025Q2,2025,13
3655,86148,2025-05-22 14:00:00,86149,2025-05-22 14:30:00,BUY,3289.75,3307.634285714286,3277.827142857143,3307.634285714286,0.1,178.14285714285853,1788.4285714285852,1.4854079809410552,TP,2025Q2,2025,1
3656,86191,2025-05-23 12:30:00,86195,2025-05-23 14:30:00,SELL,3332.02,3342.5232142857144,3342.5232142857144,3316.265178571429,0.1,-105.73214285714421,-1050.321428571442,-1.0,SL,2025Q2,2025,4
3657,86196,2025-05-23 15:00:00,86197,2025-05-23 15:30:00,SELL,3347.97,3360.5249999999996,3360.5249999999996,3329.1375,0.1,-126.24999999999837,-1255.4999999999836,-1.0,SL,2025Q2,2025,1
3658,86198,2025-05-23 16:00:00,86200,2025-05-23 17:00:00,SELL,3357.07,3337.2507142857144,3370.282857142857,3337.2507142857144,0.1,197.49285714285799,1981.9285714285797,1.4868251236825296,TP,2025Q2,2025,2
3659,86202,2025-05-23 18:00:00,86218,2025-05-26 03:00:00,SELL,3359.16,3333.3364285714283,3376.375714285714,3333.3364285714283,0.1,257.5357142857154,2582.357142857154,1.4898760330578775,TP,2025Q2,2025,16
3660,86273,2025-05-27 10:00:00,86274,2025-05-27 10:30:00,BUY,3308.67,3296.839285714286,3296.839285714286,3326.4160714285717,0.1,-119.00714285714294,-1183.0714285714294,-1.0,SL,2025Q2,2025,1
3661,86275,2025-05-27 11:00:00,86320,2025-05-28 10:30:00,BUY,3296.58,3317.304107142857,3282.7639285714286,3317.304107142857,0.1,206.54107142857066,2072.4107142857065,1.4873974434813921,TP,2025Q2,2025,45
3662,86350,2025-05-29 02:30:00,86350,2025-05-29 02:30:00,BUY,3266.34,3253.0682142857145,3253.0682142857145,3286.2476785714284,0.1,-133.4178571428567,-1327.178571428567,-1.0,SL,2025Q2,2025,0
3663,86351,2025-05-29 03:00:00,86353,2025-05-29 04:00:00,BUY,3259.96,3245.3232142857146,3245.3232142857146,3281.9151785714284,0.1,-147.0678571428545,-1463.6785714285452,-1.0,SL,2025Q2,2025,2
3664,86354,2025-05-29 04:30:00,86365,2025-05-29 10:00:00,BUY,3256.45,3281.746428571428,3239.5857142857144,3281.746428571428,0.1,252.26428571428352,2529.642857142835,1.489665935549195,TP,2025Q2,2025,11
3665,86377,2025-05-29 16:00:00,86383,2025-05-29 19:00:00,SELL,3316.32,3328.92,3328.92,3297.42,0.1,-126.6999999999991,-1259.999999999991,-1.0,SL,2025Q2,2025,6
3666,86384,2025-05-29 19:30:00,86401,2025-05-30 05:00:00,SELL,3325.97,3305.5383928571428,3339.591071428571,3305.5383928571428,0.1,203.61607142857048,2043.1607142857047,1.4872179470457971,TP,2025Q2,2025,17
3667,86455,2025-06-02 09:00:00,86455,2025-06-02 09:00:00,SELL,3323.64,3333.06,3333.06,3309.5099999999998,0.1,-94.90000000000073,-942.0000000000073,-1.0,SL,2025Q2,2025,0
3668,86456,2025-06-02 09:30:00,86457,2025-06-02 10:00:00,SELL,3337.39,3347.758214285714,3347.758214285714,3321.8376785714286,0.1,-104.38214285714203,-1036.8214285714203,-1.0,SL,2025Q2,2025,1
3669,86458,2025-06-02 10:30:00,86470,2025-06-02 16:30:00,SELL,3353.21,3365.272142857143,3365.272142857143,3335.116785714286,0.1,-121.32142857143045,-1206.2142857143044,-1.0,SL,2025Q2,2025,12
3670,86471,2025-06-02 17:00:00,86485,2025-06-03 01:00:00,SELL,3371.28,3384.4071428571433,3384.4071428571433,3351.589285714286,0.1,-131.97142857143098,-1312.7142857143099,-1.0,SL,2025Q2,2025,14
3671,86486,2025-06-03 01:30:00,86489,2025-06-03 03:00:00,SELL,3389.6,3376.823214285714,3398.1178571428572,3376.823214285714,0.1,127.06785714285779,1277.678571428578,1.4796223904183388,TP,2025Q2,2025,3
3672,86490,2025-06-03 03:30:00,86491,2025-06-03 04:00:00,SELL,3379.68,3367.195714285714,3388.002857142857,3367.195714285714,0.1,124.14285714285761,1248.428571428576,1.4791489361702128,TP,2025Q2,2025,1
3673,86580,2025-06-05 02:30:00,86585,2025-06-05 05:00:00,SELL,3378.54,3369.069107142857,3384.8539285714287,3369.069107142857,0.1,94.00892857143099,947.0892857143099,1.4725874125874132,TP,2025Q2,2025,5
3674,86602,2025-06-05 13:30:00,86606,2025-06-05 15:30:00,SELL,3395.43,3380.1075,3405.645,3380.1075,0.1,152.52499999999765,1532.2499999999764,1.4829849295089497,TP,2025Q2,2025,4
3675,86656,2025-06-06 17:30:00,86667,2025-06-06 23:00:00,BUY,3324.26,3309.5600000000004,3309.5600000000004,3346.31,0.1,-147.69999999999817,-1469.9999999999818,-1.0,SL,2025Q2,2025,11
3676,86668,2025-06-06 23:30:00,86674,2025-06-09 03:30:00,BUY,3311.32,3298.1789285714285,3298.1789285714285,3331.0316071428574,0.1,-132.11071428571648,-1314.107142857165,-1.0,SL,2025Q2,2025,6
3677,86675,2025-06-09 04:00:00,86676,2025-06-09 04:30:00,BUY,3305.59,3295.167142857143,3295.167142857143,3321.224285714286,0.1,-104.92857142857083,-1042.2857142857083,-1.0,SL,2025Q2,2025,1
3678,86677,2025-06-09 05:00:00,86684,2025-06-09 08:30:00,BUY,3296.24,3314.2014285714286,3284.2657142857142,3314.2014285714286,0.1,178.9142857142877,1796.142857142877,1.4854702882220754,TP,2025Q2,2025,7
3679,86723,2025-06-10 05:00:00,86730,2025-06-10 08:30:00,BUY,3306.3,3318.752142857143,3297.9985714285717,3318.752142857143,0.1,123.82142857142917,1245.2142857142917,1.4790955631399585,TP,2025Q2,2025,7
3680,86746,2025-06-10 16:30:00,86747,2025-06-10 17:00:00,SELL,3345.89,3331.409642857143,3355.5435714285713,3331.409642857143,0.1,144.10357142856975,1448.0357142856974,1.482002497612553,TP,2025Q2,2025,1
3681,86808,2025-06-12 01:30:00,86813,2025-06-12 04:00:00,SELL,3363.65,3375.695,3375.695,3345.5825,0.1,-121.15000000000073,-1204.5000000000073,-1.0,SL,2025Q2,2025,5
3682,86814,2025-06-12 04:30:00,86826,2025-06-12 10:30:00,SELL,3375.3,3355.475892857143,3388.5160714285716,3355.475892857143,0.1,197.54107142856975,1982.4107142856974,1.4868283110668898,TP,2025Q2,2025,12
3683,86857,2025-06-13 03:00:00,86857,2025-06-13 03:00:00,SELL,3395.65,3403.550714285714,3403.550714285714,3383.798928571429,0.1,-79.70714285714003,-790.0714285714002,-1.0,SL,2025Q2,2025,0
3684,86858,2025-06-13 03:30:00,86859,2025-06-13 04:00:00,SELL,3413.55,3423.238928571429,3423.238928571429,3399.0166071428575,0.1,-97.58928571428733,-968.8928571428733,-1.0,SL,2025Q2,2025,1
3685,86860,2025-06-13 04:30:00,86862,2025-06-13 05:30:00,SELL,3429.55,3440.9114285714286,3440.9114285714286,3412.507857142857,0.1,-114.31428571428405,-1136.1428571428405,-1.0,SL,2025Q2,2025,2
3686,86863,2025-06-13 06:00:00,86867,2025-06-13 08:00:00,SELL,3441.21,3420.6305357142855,3454.929642857143,3420.6305357142855,0.1,205.09464285714495,2057.9464285714494,1.4873093159980484,TP,2025Q2,2025,4
3687,86883,2025-06-13 16:00:00,86899,2025-06-16 01:00:00,SELL,3436.37,3449.9567857142856,3449.9567857142856,3415.9898214285713,0.1,-136.56785714285724,-1358.6785714285725,-1.0,SL,2025Q2,2025,16
3688,86900,2025-06-16 01:30:00,86910,2025-06-16 06:30:00,SELL,3447.07,3430.0857142857144,3458.3928571428573,3430.0857142857144,0.1,169.14285714285762,1698.428571428576,1.484639498432602,TP,2025Q2,2025,10
3689,86931,2025-06-16 17:00:00,86955,2025-06-17 06:00:00,BUY,3388.19,3374.3632142857145,3374.3632142857145,3408.9301785714288,0.1,-138.96785714285505,-1382.6785714285506,-1.0,SL,2025Q2,2025,24
3690,87054,2025-06-19 09:30:00,87056,2025-06-19 10:30:00,BUY,3350.24,3366.145892857143,3339.636071428571,3366.145892857143,0.1,158.35892857143045,1590.5892857143044,1.483604911834577,TP,2025Q2,2025,2
3691,87094,2025-06-20 09:00:00,87109,2025-06-20 16:30:00,BUY,3344.88,3359.3764285714283,3335.2157142857145,3359.3764285714283,0.1,144.2642857142817,1449.6428571428169,1.4820223070149456,TP,2025Q2,2025,15
3692,87185,2025-06-24 08:30:00,87185,2025-06-24 08:30:00,BUY,3338.6,3327.197857142857,3327.197857142857,3355.7032142857142,0.1,-114.72142857142735,-1140.2142857142735,-1.0,SL,2025Q2,2025,0
3693,87186,2025-06-24 09:00:00,87187,2025-06-24 09:30:00,BUY,3332.36,3320.3385714285714,3320.3385714285714,3350.392142857143,0.1,-120.91428571428715,-1202.1428571428714,-1.0,SL,2025Q2,2025,1
3694,87188,2025-06-24 10:00:00,87199,2025-06-24 15:30:00,BUY,3322.94,3311.0225,3311.0225,3340.81625,0.1,-119.87500000000018,-1191.7500000000018,-1.0,SL,2025Q2,2025,11
3695,87200,2025-06-24 16:00:00,87201,2025-06-24 16:30:00,BUY,3314.83,3303.0442857142857,3303.0442857142857,3332.5085714285715,0.1,-118.55714285714221,-1178.571428571422,-1.0,SL,2025Q2,2025,1
3696,87202,2025-06-24 17:00:00,87208,2025-06-24 20:00:00,BUY,3302.14,3320.8648214285713,3289.6567857142854,3320.8648214285713,0.1,186.54821428571432,1872.4821428571431,1.4860593473498356,TP,2025Q2,2025,6
3697,87313,2025-06-27 03:30:00,87317,2025-06-27 05:30:00,BUY,3315.24,3308.8392857142853,3308.8392857142853,3324.841071428571,0.1,-64.70714285714458,-640.0714285714457,-1.0,SL,2025Q2,2025,4
3698,87318,2025-06-27 06:00:00,87318,2025-06-27 06:00:00,BUY,3309.03,3301.2707142857143,3301.2707142857143,3320.6689285714288,0.1,-78.29285714285852,-775.9285714285852,-1.0,SL,2025Q2,2025,0
3699,87319,2025-06-27 06:30:00,87319,2025-06-27 06:30:00,BUY,3302.53,3294.1814285714286,3294.1814285714286,3315.052857142857,0.1,-84.18571428571632,-834.8571428571631,-1.0,SL,2025Q2,2025,0
3700,87320,2025-06-27 07:00:00,87326,2025-06-27 10:00:00,BUY,3294.46,3285.1867857142856,3285.1867857142856,3308.3698214285714,0.1,-93.43214285714403,-927.3214285714403,-1.0,SL,2025Q2,2025,6
3701,87327,2025-06-27 10:30:00,87335,2025-06-27 14:30:00,BUY,3289.33,3277.915,3277.915,3306.4525,0.1,-114.84999999999964,-1141.4999999999964,-1.0,SL,2025Q2,2025,8
3702,87336,2025-06-27 15:00:00,87337,2025-06-27 15:30:00,BUY,3281.42,3269.8378571428575,3269.8378571428575,3298.7932142857144,0.1,-116.52142857142572,-1158.2142857142571,-1.0,SL,2025Q2,2025,1
3703,87338,2025-06-27 16:00:00,87338,2025-06-27 16:00:00,BUY,3270.25,3258.1525,3258.1525,3288.39625,0.1,-121.67499999999855,-1209.7499999999854,-1.0,SL,2025Q2,2025,0
3704,87339,2025-06-27 16:30:00,87340,2025-06-27 17:00:00,BUY,3257.0,3276.280892857143,3244.1460714285713,3276.280892857143,0.1,192.10892857143045,1928.0892857143044,1.4864592256887836,TP,2025Q2,2025,1
3705,87355,2025-06-30 01:30:00,87356,2025-06-30 02:00:00,BUY,3249.31,3267.506071428571,3237.179285714286,3267.506071428571,0.1,181.26071428571032,1819.607142857103,1.4856565774837536,TP,2025Q2,2025,1
3706,87398,2025-06-30 23:00:00,87406,2025-07-01 04:00:00,SELL,3308.51,3317.3900000000003,3317.3900000000003,3295.1900000000005,0.1,-89.5000000000011,-888.0000000000109,-1.0,SL,2025Q2,2025,8
3707,87407,2025-07-01 04:30:00,87414,2025-07-01 08:00:00,SELL,3320.2,3327.6775,3327.6775,3308.98375,0.1,-75.47499999999964,-747.7499999999964,-1.0,SL,2025Q3,2025,7
3708,87415,2025-07-01 08:30:00,87418,2025-07-01 10:00:00,SELL,3329.48,3336.593214285714,3336.593214285714,3318.810178571429,0.1,-71.83214285714094,-711.3214285714093,-1.0,SL,2025Q3,2025,3
3709,87419,2025-07-01 10:30:00,87423,2025-07-01 12:30:00,SELL,3338.52,3346.212857142857,3346.212857142857,3326.9807142857144,0.1,-77.62857142857065,-769.2857142857065,-1.0,SL,2025Q3,2025,4
3710,87424,2025-07-01 13:00:00,87428,2025-07-01 15:00:00,SELL,3345.64,3353.8396428571427,3353.8396428571427,3333.3405357142856,0.1,-82.69642857142863,-819.9642857142862,-1.0,SL,2025Q3,2025,4
3711,87429,2025-07-01 15:30:00,87434,2025-07-01 18:00:00,SELL,3352.12,3339.1133928571426,3360.7910714285713,3339.1133928571426,0.1,129.3660714285732,1300.660714285732,1.479979570990833,TP,2025Q3,2025,5
3712,87490,2025-07-02 23:00:00,87492,2025-07-03 01:00:00,SELL,3358.09,3365.44,3365.44,3347.065,0.1,-74.1999999999991,-734.9999999999909,-1.0,SL,2025Q3,2025,2
3713,87493,2025-07-03 01:30:00,87494,2025-07-03 02:00:00,SELL,3364.48,3354.5285714285715,3371.114285714286,3354.5285714285715,0.1,98.8142857142855,995.1428571428551,1.4738972938418586,TP,2025Q3,2025,1
3714,87538,2025-07-04 01:00:00,87549,2025-07-04 06:30:00,BUY,3325.75,3335.09875,3319.5175,3335.09875,0.1,92.78750000000109,934.8750000000109,1.4722332407774694,TP,2025Q3,2025,11
3715,87583,2025-07-07 04:30:00,87595,2025-07-07 10:30:00,BUY,3312.34,3304.0910714285715,3304.0910714285715,3324.713392857143,0.1,-83.18928571428678,-824.8928571428678,-1.0,SL,2025Q3,2025,12
3716,87623,2025-07-08 01:30:00,87628,2025-07-08 04:00:00,SELL,3341.99,3330.875,3349.3999999999996,3330.875,0.1,110.44999999999781,1111.4999999999782,1.4766042780748658,TP,2025Q3,2025,5
3717,87655,2025-07-08 17:30:00,87655,2025-07-08 17:30:00,BUY,3305.12,3294.9339285714286,3294.9339285714286,3320.3991071428572,0.1,-102.56071428571268,-1018.6071428571267,-1.0,SL,2025Q3,2025,0
3718,87656,2025-07-08 18:00:00,87678,2025-07-09 06:00:00,BUY,3296.69,3285.892142857143,3285.892142857143,3312.886785714286,0.1,-108.67857142857083,-1079.7857142857083,-1.0,SL,2025Q3,2025,22
3719,87679,2025-07-09 06:30:00,87689,2025-07-09 11:30:00,BUY,3292.24,3284.0864285714283,3284.0864285714283,3304.4703571428568,0.1,-82.23571428571468,-815.3571428571468,-1.0,SL,2025Q3,2025,10
3720,87715,2025-07-10 01:30:00,87730,2025-07-10 09:00:00,SELL,3320.07,3327.017142857143,3327.017142857143,3309.6492857142857,0.1,-70.17142857142808,-694.7142857142808,-1.0,SL,2025Q3,2025,15
3721,87733,2025-07-10 10:30:00,87745,2025-07-10 16:30:00,SELL,3327.04,3316.9358928571432,3333.7760714285714,3316.9358928571432,0.1,100.34107142856719,1010.4107142856719,1.4742876633257451,TP,2025Q3,2025,12
3722,87771,2025-07-11 06:30:00,87774,2025-07-11 08:00:00,SELL,3335.68,3341.5182142857143,3341.5182142857143,3326.922678571428,0.1,-59.082142857144575,-583.8214285714457,-1.0,SL,2025Q3,2025,3
3723,87775,2025-07-11 08:30:00,87785,2025-07-11 13:30:00,SELL,3340.12,3347.1089285714284,3347.1089285714284,3329.636607142857,0.1,-70.5892857142846,-698.892857142846,-1.0,SL,2025Q3,2025,10
3724,87790,2025-07-11 16:00:00,87794,2025-07-11 18:00:00,SELL,3354.96,3365.0110714285715,3365.0110714285715,3339.883392857143,0.1,-101.21071428571504,-1005.1071428571504,-1.0,SL,2025Q3,2025,4
3725,87795,2025-07-11 18:30:00,87798,2025-07-11 20:00:00,SELL,3365.91,3350.9073214285713,3375.9117857142855,3350.9073214285713,0.1,149.32678571428534,1500.2678571428532,1.482624729619517,TP,2025Q3,2025,3
3726,87807,2025-07-14 01:30:00,87814,2025-07-14 05:00:00,SELL,3370.46,3357.0130357142857,3379.424642857143,3357.0130357142857,0.1,133.7696428571433,1344.696428571433,1.480630114242746,TP,2025Q3,2025,7
3727,87825,2025-07-14 10:30:00,87834,2025-07-14 15:00:00,SELL,3374.48,3361.4958928571427,3383.1360714285715,3361.4958928571427,0.1,129.14107142857284,1298.4107142857283,1.4799451561412846,TP,2025Q3,2025,9
3728,87889,2025-07-15 19:30:00,87932,2025-07-16 18:00:00,BUY,3325.86,3344.6475,3313.335,3344.6475,0.1,187.1749999999991,1878.749999999991,1.4861055974592914,TP,2025Q3,2025,43
3729,87974,2025-07-17 16:00:00,87976,2025-07-17 17:00:00,BUY,3313.22,3328.4396428571426,3303.073571428571,3328.4396428571426,0.1,151.49642857142845,1521.9642857142844,1.4828707264210086,TP,2025Q3,2025,2
3730,88019,2025-07-18 15:30:00,88036,2025-07-21 01:00:00,SELL,3357.88,3346.8035714285716,3365.264285714286,3346.8035714285716,0.1,110.0642857142855,1107.642857142855,1.476523572249874,TP,2025Q3,2025,17
3731,88051,2025-07-21 08:30:00,88062,2025-07-21 14:00:00,SELL,3366.83,3373.4814285714288,3373.4814285714288,3356.852857142857,0.1,-67.21428571428824,-665.1428571428823,-1.0,SL,2025Q3,2025,11
3732,88063,2025-07-21 14:30:00,88064,2025-07-21 15:00:00,SELL,3373.43,3380.245357142857,3380.245357142857,3363.206964285714,0.1,-68.8535714285701,-681.535714285701,-1.0,SL,2025Q3,2025,1
3733,88065,2025-07-21 15:30:00,88065,2025-07-21 15:30:00,SELL,3381.53,3388.2200000000003,3388.2200000000003,3371.495,0.1,-67.60000000000055,-669.0000000000055,-1.0,SL,2025Q3,2025,0
3734,88066,2025-07-21 16:00:00,88067,2025-07-21 16:30:00,SELL,3387.2,3394.1407142857142,3394.1407142857142,3376.788928571428,0.1,-70.10714285714421,-694.0714285714421,-1.0,SL,2025Q3,2025,1
3735,88068,2025-07-21 17:00:00,88068,2025-07-21 17:00:00,SELL,3388.46,3396.286785714286,3396.286785714286,3376.7198214285713,0.1,-78.96785714285961,-782.6785714285961,-1.0,SL,2025Q3,2025,0
3736,88069,2025-07-21 17:30:00,88098,2025-07-22 09:00:00,SELL,3397.55,3384.7667857142856,3406.0721428571433,3384.7667857142856,0.1,127.1321428571462,1278.321428571462,1.4796325546595732,TP,2025Q3,2025,29
3737,88111,2025-07-22 15:30:00,88111,2025-07-22 15:30:00,SELL,3400.33,3406.1425,3406.1425,3391.61125,0.1,-58.825,-581.25,-1.0,SL,2025Q3,2025,0
3738,88112,2025-07-22 16:00:00,88112,2025-07-22 16:00:00,SELL,3407.4,3413.735357142857,3413.735357142857,3397.8969642857146,0.1,-64.05357142856992,-633.5357142856992,-1.0,SL,2025Q3,2025,0
3739,88113,2025-07-22 16:30:00,88114,2025-07-22 17:00:00,SELL,3415.47,3422.513571428571,3422.513571428571,3404.904642857143,0.1,-71.1357142857134,-704.357142857134,-1.0,SL,2025Q3,2025,1
3740,88115,2025-07-22 17:30:00,88119,2025-07-22 19:30:00,SELL,3421.55,3430.9303571428572,3430.9303571428572,3407.4794642857146,0.1,-94.50357142857065,-938.0357142857065,-1.0,SL,2025Q3,2025,4
3741,88120,2025-07-22 20:00:00,88143,2025-07-23 08:30:00,SELL,3432.04,3416.659642857143,3442.2935714285713,3416.659642857143,0.1,153.10357142857066,1538.0357142857065,1.4830485020410986,TP,2025Q3,2025,23
3742,88165,2025-07-23 19:30:00,88190,2025-07-24 09:00:00,BUY,3383.74,3371.8310714285712,3371.8310714285712,3401.603392857143,0.1,-119.78928571428533,-1190.8928571428532,-1.0,SL,2025Q3,2025,25
3743,88191,2025-07-24 09:30:00,88196,2025-07-24 12:00:00,BUY,3371.96,3363.256785714286,3363.256785714286,3385.014821428572,0.1,-87.73214285714239,-870.3214285714239,-1.0,SL,2025Q3,2025,5
3744,88197,2025-07-24 12:30:00,88203,2025-07-24 15:30:00,BUY,3363.21,3353.5660714285714,3353.5660714285714,3377.675892857143,0.1,-97.1392857142866,-964.392857142866,-1.0,SL,2025Q3,2025,6
3745,88204,2025-07-24 16:00:00,88205,2025-07-24 16:30:00,BUY,3353.55,3367.951607142857,3343.948928571429,3367.951607142857,0.1,143.31607142856848,1440.1607142856847,1.4819047970752242,TP,2025Q3,2025,1
3746,88231,2025-07-25 06:30:00,88235,2025-07-25 08:30:00,BUY,3361.43,3355.635714285714,3355.635714285714,3370.121428571428,0.1,-58.64285714285707,-579.4285714285706,-1.0,SL,2025Q3,2025,4
3747,88236,2025-07-25 09:00:00,88239,2025-07-25 10:30:00,BUY,3358.84,3352.602142857143,3352.602142857143,3368.196785714286,0.1,-63.07857142857138,-623.7857142857138,-1.0,SL,2025Q3,2025,3
3748,88240,2025-07-25 11:00:00,88240,2025-07-25 11:00:00,BUY,3354.21,3347.364642857143,3347.364642857143,3364.478035714286,0.1,-69.1535714285721,-684.535714285721,-1.0,SL,2025Q3,2025,0
3749,88241,2025-07-25 11:30:00,88249,2025-07-25 15:30:00,BUY,3345.73,3338.5032142857144,3338.5032142857144,3356.5701785714286,0.1,-72.96785714285598,-722.6785714285597,-1.0,SL,2025Q3,2025,8
3750,88250,2025-07-25 16:00:00,88253,2025-07-25 17:30:00,BUY,3340.93,3333.266071428571,3333.266071428571,3352.4258928571426,0.1,-77.33928571428642,-766.3928571428642,-1.0,SL,2025Q3,2025,3
3751,88254,2025-07-25 18:00:00,88266,2025-07-28 01:00:00,BUY,3331.89,3322.6092857142853,3322.6092857142853,3345.8110714285713,0.1,-93.50714285714567,-928.0714285714566,-1.0,SL,2025Q3,2025,12
3752,88267,2025-07-28 01:30:00,88277,2025-07-28 06:30:00,BUY,3330.76,3342.5467857142858,3322.902142857143,3342.5467857142858,0.1,117.16785714285542,1178.6785714285543,1.477925939273808,TP,2025Q3,2025,10
3753,88298,2025-07-28 17:00:00,88301,2025-07-28 18:30:00,BUY,3302.4,3316.53,3292.98,3316.53,0.1,140.6000000000011,1413.000000000011,1.481559536354057,TP,2025Q3,2025,3
3754,88313,2025-07-29 01:30:00,88329,2025-07-29 09:30:00,BUY,3312.55,3322.0739285714285,3306.2007142857146,3322.0739285714285,0.1,94.53928571428314,952.3928571428314,1.4727383999109818,TP,2025Q3,2025,16
3755,88389,2025-07-30 16:30:00,88392,2025-07-30 18:00:00,BUY,3305.15,3295.5950000000003,3295.5950000000003,3319.4825,0.1,-96.24999999999837,-955.4999999999836,-1.0,SL,2025Q3,2025,3
3756,88393,2025-07-30 18:30:00,88399,2025-07-30 21:30:00,BUY,3292.6,3281.6082142857144,3281.6082142857144,3309.0876785714286,0.1,-110.6178571428547,-1099.178571428547,-1.0,SL,2025Q3,2025,6
3757,88400,2025-07-30 22:00:00,88419,2025-07-31 08:30:00,BUY,3280.4,3299.9396428571426,3267.3735714285717,3299.9396428571426,0.1,194.69642857142554,1953.9642857142553,1.4866375784019634,TP,2025Q3,2025,19
3758,88480,2025-08-01 16:00:00,88480,2025-08-01 16:00:00,SELL,3341.11,3352.6225,3352.6225,3323.8412500000004,0.1,-115.82499999999818,-1151.2499999999818,-1.0,SL,2025Q3,2025,0
3759,88481,2025-08-01 16:30:00,88496,2025-08-04 01:00:00,SELL,3351.66,3364.2,3364.2,3332.85,0.1,-126.09999999999964,-1253.9999999999964,-1.0,SL,2025Q3,2025,15
3760,88497,2025-08-04 01:30:00,88502,2025-08-04 04:00:00,SELL,3360.51,3347.432678571429,3369.2282142857143,3347.432678571429,0.1,130.07321428571396,1307.7321428571395,1.480086967123202,TP,2025Q3,2025,5
3761,88503,2025-08-04 04:30:00,88506,2025-08-04 06:00:00,SELL,3347.46,3355.6285714285714,3355.6285714285714,3335.207142857143,0.1,-82.3857142857134,-816.857142857134,-1.0,SL,2025Q3,2025,3
3762,88507,2025-08-04 06:30:00,88522,2025-08-04 14:00:00,SELL,3356.79,3365.4064285714285,3365.4064285714285,3343.865357142857,0.1,-86.86428571428515,-861.6428571428514,-1.0,SL,2025Q3,2025,15
3763,88523,2025-08-04 14:30:00,88526,2025-08-04 16:00:00,SELL,3367.54,3375.6807142857147,3375.6807142857147,3355.328928571428,0.1,-82.10714285714694,-814.0714285714694,-1.0,SL,2025Q3,2025,3
3764,88527,2025-08-04 16:30:00,88527,2025-08-04 16:30:00,SELL,3375.42,3384.9953571428573,3384.9953571428573,3361.056964285714,0.1,-96.45357142857229,-957.5357142857229,-1.0,SL,2025Q3,2025,0
3765,88528,2025-08-04 17:00:00,88556,2025-08-05 08:00:00,SELL,3383.28,3368.4525,3393.1650000000004,3368.4525,0.1,147.57500000000329,1482.7500000000327,1.4824208940231045,TP,2025Q3,2025,28
3766,88578,2025-08-05 19:00:00,88595,2025-08-06 04:30:00,SELL,3389.37,3374.2323214285716,3399.4617857142857,3374.2323214285716,0.1,150.67678571428297,1513.7678571428296,1.4827786173689501,TP,2025Q3,2025,17
3767,88612,2025-08-06 13:00:00,88618,2025-08-06 16:00:00,BUY,3358.98,3369.2657142857142,3352.1228571428574,3369.2657142857142,0.1,102.1571428571422,1028.571428571422,1.4747370591874933,TP,2025Q3,2025,6
3768,88653,2025-08-07 10:30:00,88654,2025-08-07 11:00:00,SELL,3392.19,3380.4514285714286,3400.0157142857142,3380.4514285714286,0.1,116.68571428571504,1173.8571428571504,1.47783607743806,TP,2025Q3,2025,1
3769,88746,2025-08-11 11:00:00,88753,2025-08-11 14:30:00,BUY,3360.4,3349.7982142857145,3349.7982142857145,3376.3026785714283,0.1,-106.71785714285598,-1060.1785714285597,-1.0,SL,2025Q3,2025,7
3770,88755,2025-08-11 15:30:00,88799,2025-08-12 14:30:00,BUY,3349.1,3337.582142857143,3337.582142857143,3366.3767857142852,0.1,-115.87857142856883,-1151.7857142856883,-1.0,SL,2025Q3,2025,44
3771,88869,2025-08-14 03:30:00,88873,2025-08-14 05:30:00,SELL,3372.84,3364.378392857143,3378.481071428572,3364.378392857143,0.1,83.91607142857247,846.1607142857247,1.4693577637420663,TP,2025Q3,2025,4
3772,88912,2025-08-15 02:00:00,88921,2025-08-15 06:30:00,BUY,3333.39,3343.2771428571423,3326.7985714285714,3343.2771428571423,0.1,98.17142857142407,988.7142857142408,1.4737293587818652,TP,2025Q3,2025,9
3773,88960,2025-08-18 03:00:00,88960,2025-08-18 03:00:00,BUY,3327.21,3335.88375,3321.4275000000002,3335.88375,0.1,86.03749999999927,867.3749999999927,1.4700982486117422,TP,2025Q3,2025,0
3774,89006,2025-08-19 03:00:00,89006,2025-08-19 03:00:00,BUY,3331.08,3327.6010714285712,3327.6010714285712,3336.298392857143,0.1,-35.489285714286964,-347.8928571428696,-1.0,SL_AMBIGUOUS_PESSIMISTIC,2025Q3,2025,0
3775,89040,2025-08-19 20:00:00,89074,2025-08-20 14:00:00,BUY,3317.57,3330.5460714285714,3308.9192857142857,3330.5460714285714,0.1,129.06071428571232,1297.607142857123,1.4799328364320885,TP,2025Q3,2025,34
3776,89077,2025-08-20 15:30:00,89077,2025-08-20 15:30:00,SELL,3337.8,3343.766785714286,3343.766785714286,3328.849821428572,0.1,-60.36785714285834,-596.6785714285834,-1.0,SL,2025Q3,2025,0
3777,89078,2025-08-20 16:00:00,89081,2025-08-20 17:30:00,SELL,3342.75,3348.920357142857,3348.920357142857,3333.4944642857145,0.1,-62.40357142857029,-617.0357142857029,-1.0,SL,2025Q3,2025,3
3778,89082,2025-08-20 18:00:00,89110,2025-08-21 09:00:00,SELL,3346.81,3336.0148214285714,3354.006785714286,3336.0148214285714,0.1,107.2517857142855,1079.517857142855,1.475917825723663,TP,2025Q3,2025,28
3779,89154,2025-08-22 08:00:00,89158,2025-08-22 10:00:00,BUY,3328.51,3334.9466071428574,3324.218928571429,3334.9466071428574,0.1,63.666071428571556,643.6607142857156,1.4598722463353222,TP,2025Q3,2025,4
3780,89173,2025-08-22 17:30:00,89173,2025-08-22 17:30:00,SELL,3365.88,3375.7489285714287,3375.7489285714287,3351.076607142857,0.1,-99.38928571428569,-986.8928571428569,-1.0,SL,2025Q3,2025,0
3781,89174,2025-08-22 18:00:00,89234,2025-08-26 02:00:00,SELL,3373.69,3358.235714285714,3383.9928571428572,3358.235714285714,0.1,153.84285714286017,1545.4285714286016,1.4831290455860295,TP,2025Q3,2025,60
3782,89235,2025-08-26 02:30:00,89236,2025-08-26 03:00:00,BUY,3355.81,3351.3175,3351.3175,3362.54875,0.1,-45.624999999998366,-449.24999999998363,-1.0,SL_AMBIGUOUS_PESSIMISTIC,2025Q3,2025,1
3783,89238,2025-08-26 04:00:00,89242,2025-08-26 06:00:00,SELL,3383.01,3370.6269642857146,3391.2653571428573,3370.6269642857146,0.1,123.13035714285597,1238.3035714285597,1.4789798807429966,TP,2025Q3,2025,4
3784,89276,2025-08-26 23:00:00,89290,2025-08-27 07:00:00,SELL,3389.58,3379.77,3396.12,3379.77,0.1,97.39999999999945,980.9999999999945,1.4735249621785171,TP,2025Q3,2025,14
3785,89324,2025-08-28 01:00:00,89330,2025-08-28 04:00:00,SELL,3398.82,3390.215357142857,3404.556428571429,3390.215357142857,0.1,85.34642857143062,860.4642857143062,1.4698609915118332,TP,2025Q3,2025,6
3786,89351,2025-08-28 14:30:00,89354,2025-08-28 16:00:00,SELL,3404.02,3395.43625,3409.7425,3395.43625,0.1,85.13749999999781,858.3749999999782,1.4697885196374614,TP,2025Q3,2025,3
3787,89358,2025-08-28 18:00:00,89367,2025-08-28 22:30:00,SELL,3412.12,3420.4674999999997,3420.4674999999997,3399.59875,0.1,-84.17499999999855,-834.7499999999854,-1.0,SL,2025Q3,2025,9
3788,89368,2025-08-28 23:00:00,89376,2025-08-29 04:00:00,SELL,3421.87,3410.5894642857143,3429.390357142857,3410.5894642857143,0.1,112.10535714285633,1128.0535714285634,1.4769444313744235,TP,2025Q3,2025,8
3789,89402,2025-08-29 17:00:00,89402,2025-08-29 17:00:00,SELL,3428.49,3436.058571428571,3436.058571428571,3417.1371428571424,0.1,-76.38571428571431,-756.8571428571431,-1.0,SL,2025Q3,2025,0
3790,89403,2025-08-29 17:30:00,89404,2025-08-29 18:00:00,SELL,3435.96,3443.8307142857143,3443.8307142857143,3424.1539285714284,0.1,-79.40714285714257,-787.0714285714257,-1.0,SL,2025Q3,2025,1
3791,89405,2025-08-29 18:30:00,89413,2025-08-29 22:30:00,SELL,3444.68,3453.1292857142857,3453.1292857142857,3432.006071428571,0.1,-85.19285714285907,-844.9285714285907,-1.0,SL,2025Q3,2025,8
3792,89414,2025-08-29 23:00:00,89422,2025-09-01 04:00:00,SELL,3452.61,3438.2003571428572,3462.216428571429,3438.2003571428572,0.1,143.396428571429,1440.9642857142899,1.4819148150881882,TP,2025Q3,2025,8
3793,89424,2025-09-01 05:00:00,89424,2025-09-01 05:00:00,SELL,3457.17,3466.986428571429,3466.986428571429,3442.445357142857,0.1,-98.86428571428787,-981.6428571428787,-1.0,SL,2025Q3,2025,0
3794,89425,2025-09-01 05:30:00,89425,2025-09-01 05:30:00,SELL,3465.94,3476.9992857142856,3476.9992857142856,3449.3510714285712,0.1,-111.2928571428558,-1105.928571428558,-1.0,SL,2025Q3,2025,0
3795,89426,2025-09-01 06:00:00,89463,2025-09-02 04:00:00,SELL,3483.37,3496.21,3496.21,3464.1099999999997,0.1,-129.10000000000144,-1284.0000000000146,-1.0,SL,2025Q3,2025,37
3796,89464,2025-09-02 04:30:00,89464,2025-09-02 04:30:00,SELL,3497.42,3505.2682142857143,3505.2682142857143,3485.6476785714285,0.1,-79.18214285714221,-784.8214285714221,-1.0,SL,2025Q3,2025,0
3797,89465,2025-09-02 05:00:00,89474,2025-09-02 09:30:00,SELL,3497.75,3483.438392857143,3507.2910714285713,3483.438392857143,0.1,142.41607142857157,1431.1607142857156,1.481791832336243,TP,2025Q3,2025,9
3798,89492,2025-09-02 18:30:00,89494,2025-09-02 19:30:00,SELL,3512.73,3527.7214285714285,3527.7214285714285,3490.2428571428572,0.1,-150.61428571428513,-1499.1428571428514,-1.0,SL,2025Q3,2025,2
3799,89495,2025-09-02 20:00:00,89507,2025-09-03 03:00:00,SELL,3527.57,3543.292142857143,3543.292142857143,3503.986785714286,0.1,-157.92142857142898,-1572.2142857142899,-1.0,SL,2025Q3,2025,12
3800,89508,2025-09-03 03:30:00,89529,2025-09-03 14:00:00,SELL,3536.8,3546.276785714286,3546.276785714286,3522.5848214285716,0.1,-95.46785714285598,-947.6785714285597,-1.0,SL,2025Q3,2025,21
3801,89530,2025-09-03 14:30:00,89533,2025-09-03 16:00:00,SELL,3545.58,3554.2392857142854,3554.2392857142854,3532.5910714285715,0.1,-87.29285714285488,-865.9285714285488,-1.0,SL,2025Q3,2025,3
3802,89534,2025-09-03 16:30:00,89540,2025-09-03 19:30:00,SELL,3560.15,3569.782142857143,3569.782142857143,3545.701785714286,0.1,-97.02142857142753,-963.2142857142753,-1.0,SL,2025Q3,2025,6
3803,89541,2025-09-03 20:00:00,89553,2025-09-04 03:00:00,SELL,3572.39,3554.2614285714285,3584.4757142857143,3554.2614285714285,0.1,180.58571428571378,1812.8571428571377,1.4856034786696255,TP,2025Q3,2025,12
3804,89625,2025-09-05 16:00:00,89626,2025-09-05 16:30:00,SELL,3580.26,3590.9271428571433,3590.9271428571433,3564.259285714286,0.1,-107.37142857143063,-1066.7142857143062,-1.0,SL,2025Q3,2025,1
3805,89627,2025-09-05 17:00:00,89628,2025-09-05 17:30:00,SELL,3594.33,3575.2435714285716,3607.0542857142855,3575.2435714285716,0.1,190.16428571428315,1908.6428571428314,1.486322018758374,TP,2025Q3,2025,1
3806,89629,2025-09-05 18:00:00,89659,2025-09-08 10:00:00,SELL,3590.12,3605.723214285714,3605.723214285714,3566.7151785714286,0.1,-156.7321428571433,-1560.321428571433,-1.0,SL,2025Q3,2025,30
3807,89660,2025-09-08 10:30:00,89665,2025-09-08 13:00:00,SELL,3608.85,3619.2149999999997,3619.2149999999997,3593.3025,0.1,-104.34999999999782,-1036.4999999999782,-1.0,SL,2025Q3,2025,5
3808,89666,2025-09-08 13:30:00,89671,2025-09-08 16:00:00,SELL,3618.49,3628.267857142857,3628.267857142857,3603.823214285714,0.1,-98.47857142857102,-977.7857142857101,-1.0,SL,2025Q3,2025,5
3809,89672,2025-09-08 16:30:00,89672,2025-09-08 16:30:00,SELL,3624.06,3634.8664285714285,3634.8664285714285,3607.8503571428573,0.1,-108.76428571428569,-1080.6428571428569,-1.0,SL,2025Q3,2025,0
3810,89673,2025-09-08 17:00:00,89675,2025-09-08 18:00:00,SELL,3633.27,3645.260357142857,3645.260357142857,3615.2844642857144,0.1,-120.60357142857193,-1199.0357142857192,-1.0,SL,2025Q3,2025,2
3811,89676,2025-09-08 18:30:00,89695,2025-09-09 05:00:00,SELL,3636.49,3648.3764285714283,3648.3764285714283,3618.660357142857,0.1,-119.56428571428496,-1188.6428571428496,-1.0,SL,2025Q3,2025,19
3812,89696,2025-09-09 05:30:00,89703,2025-09-09 09:00:00,SELL,3653.64,3641.5446428571427,3661.703571428571,3641.5446428571427,0.1,120.2535714285721,1209.535714285721,1.4784842364099688,TP,2025Q3,2025,7
3813,89718,2025-09-09 16:30:00,89719,2025-09-09 17:00:00,SELL,3660.39,3671.1974999999998,3671.1974999999998,3644.17875,0.1,-108.77499999999891,-1080.749999999989,-1.0,SL_AMBIGUOUS_PESSIMISTIC,2025Q3,2025,1
3814,89795,2025-09-11 09:00:00,89796,2025-09-11 09:30:00,BUY,3625.18,3636.4316071428566,3617.6789285714285,3636.4316071428566,0.1,111.81607142856755,1125.1607142856756,1.4768857021557316,TP,2025Q3,2025,1
3815,89802,2025-09-11 12:30:00,89808,2025-09-11 15:30:00,BUY,3617.19,3631.085357142857,3607.926428571429,3631.085357142857,0.1,138.2535714285694,1389.5357142856938,1.4812504783041487,TP,2025Q3,2025,6
3816,89834,2025-09-12 05:30:00,89838,2025-09-12 07:30:00,SELL,3649.8,3656.2135714285714,3656.2135714285714,3640.179642857143,0.1,-64.83571428571231,-641.3571428571231,-1.0,SL,2025Q3,2025,4
3817,89839,2025-09-12 08:00:00,89845,2025-09-12 11:00:00,SELL,3654.79,3644.6392857142855,3661.557142857143,3644.6392857142855,0.1,100.80714285714457,1015.0714285714457,1.4744045131633936,TP,2025Q3,2025,6
3818,89906,2025-09-15 18:30:00,89906,2025-09-15 18:30:00,SELL,3667.21,3677.730357142857,3677.730357142857,3651.4294642857144,0.1,-105.90357142856938,-1052.0357142856938,-1.0,SL,2025Q3,2025,0
3819,89907,2025-09-15 19:00:00,89934,2025-09-16 09:30:00,SELL,3680.35,3692.0392857142856,3692.0392857142856,3662.8160714285714,0.1,-117.59285714285689,-1168.9285714285688,-1.0,SL,2025Q3,2025,27
3820,89935,2025-09-16 10:00:00,89949,2025-09-16 17:00:00,SELL,3693.33,3701.5264285714284,3701.5264285714284,3681.0353571428573,0.1,-82.66428571428442,-819.6428571428442,-1.0,SL,2025Q3,2025,14
3821,89985,2025-09-17 12:00:00,89992,2025-09-17 15:30:00,BUY,3664.96,3676.661607142857,3657.1589285714285,3676.661607142857,0.1,116.31607142857028,1170.1607142857029,1.477766686328752,TP,2025Q3,2025,7
3822,90026,2025-09-18 09:30:00,90028,2025-09-18 10:30:00,BUY,3638.89,3656.2648214285714,3627.3067857142855,3656.2648214285714,0.1,173.04821428571523,1737.4821428571522,1.4849826841153577,TP,2025Q3,2025,2
3823,90042,2025-09-18 17:30:00,90066,2025-09-19 06:30:00,BUY,3635.72,3656.0551785714283,3622.1632142857143,3656.0551785714283,0.1,202.65178571428515,2033.5178571428514,1.4871576464421605,TP,2025Q3,2025,24
3824,90095,2025-09-19 21:00:00,90101,2025-09-22 01:00:00,SELL,3678.52,3688.7789285714284,3688.7789285714284,3663.1316071428573,0.1,-103.28928571428442,-1025.8928571428442,-1.0,SL,2025Q3,2025,6
3825,90102,2025-09-22 01:30:00,90116,2025-09-22 08:30:00,SELL,3691.12,3698.8171428571427,3698.8171428571427,3679.574285714286,0.1,-77.67142857142808,-769.7142857142808,-1.0,SL,2025Q3,2025,14
3826,90117,2025-09-22 09:00:00,90117,2025-09-22 09:00:00,SELL,3696.91,3705.0625,3705.0625,3684.68125,0.1,-82.22500000000146,-815.2500000000146,-1.0,SL,2025Q3,2025,0
3827,90118,2025-09-22 09:30:00,90118,2025-09-22 09:30:00,SELL,3706.05,3714.9203571428575,3714.9203571428575,3692.7444642857145,0.1,-89.40357142857302,-887.0357142857301,-1.0,SL,2025Q3,2025,0
3828,90119,2025-09-22 10:00:00,90123,2025-09-22 12:00:00,SELL,3714.21,3724.241785714286,3724.241785714286,3699.1623214285714,0.1,-101.01785714285889,-1003.1785714285888,-1.0,SL,2025Q3,2025,4
3829,90124,2025-09-22 12:30:00,90136,2025-09-22 18:30:00,SELL,3725.14,3735.2542857142857,3735.2542857142857,3709.968571428571,0.1,-101.8428571428587,-1011.428571428587,-1.0,SL,2025Q3,2025,12
3830,90137,2025-09-22 19:00:00,90140,2025-09-22 20:30:00,SELL,3736.04,3747.090714285714,3747.090714285714,3719.4639285714284,0.1,-111.20714285714094,-1105.0714285714093,-1.0,SL,2025Q3,2025,3
3831,90141,2025-09-22 21:00:00,90153,2025-09-23 04:00:00,SELL,3746.5,3757.0203571428574,3757.0203571428574,3730.7194642857144,0.1,-105.90357142857393,-1052.0357142857392,-1.0,SL,2025Q3,2025,12
3832,90154,2025-09-23 04:30:00,90154,2025-09-23 04:30:00,SELL,3749.39,3757.487857142857,3757.487857142857,3737.243214285714,0.1,-81.67857142857265,-809.7857142857265,-1.0,SL,2025Q3,2025,0
3833,90155,2025-09-23 05:00:00,90155,2025-09-23 05:00:00,SELL,3754.44,3741.589285714286,3763.0071428571428,3741.589285714286,0.1,127.80714285714275,1285.0714285714275,1.4797386701951962,TP,2025Q3,2025,0
3834,90163,2025-09-23 09:00:00,90168,2025-09-23 11:30:00,SELL,3753.03,3764.0678571428575,3764.0678571428575,3736.473214285714,0.1,-111.0785714285732,-1103.785714285732,-1.0,SL,2025Q3,2025,5
3835,90169,2025-09-23 12:00:00,90169,2025-09-23 12:00:00,SELL,3774.25,3785.3007142857145,3785.3007142857145,3757.6739285714284,0.1,-111.20714285714548,-1105.0714285714548,-1.0,SL,2025Q3,2025,0
3836,90170,2025-09-23 12:30:00,90179,2025-09-23 17:00:00,SELL,3786.75,3769.768928571428,3798.0707142857145,3769.768928571428,0.1,169.11071428571796,1698.1071428571795,1.4846366087665395,TP,2025Q3,2025,9
3837,90231,2025-09-24 20:00:00,90234,2025-09-24 21:30:00,BUY,3735.88,3723.8875000000003,3723.8875000000003,3753.86875,0.1,-120.62499999999837,-1199.2499999999836,-1.0,SL,2025Q3,2025,3
3838,90235,2025-09-24 22:00:00,90239,2025-09-25 01:00:00,BUY,3724.4,3742.091428571429,3712.6057142857144,3742.091428571429,0.1,176.21428571428788,1769.1428571428787,1.4852498494882793,TP,2025Q3,2025,4
3839,90318,2025-09-26 17:30:00,90331,2025-09-29 01:00:00,SELL,3777.55,3759.333035714286,3789.694642857143,3759.333035714286,0.1,181.46964285714313,1821.6964285714312,1.4856729335399366,TP,2025Q3,2025,13
3840,90337,2025-09-29 04:00:00,90337,2025-09-29 04:00:00,SELL,3787.0,3770.26,3798.16,3770.26,0.1,166.69999999999783,1673.9999999999782,1.4844167408726623,TP,2025Q3,2025,0
3841,90344,2025-09-29 07:30:00,90346,2025-09-29 08:30:00,SELL,3799.56,3814.550357142857,3814.550357142857,3777.0744642857144,0.1,-150.6035714285719,-1499.0357142857192,-1.0,SL,2025Q3,2025,2
3842,90347,2025-09-29 09:00:00,90358,2025-09-29 14:30:00,SELL,3813.44,3829.2328571428575,3829.2328571428575,3789.7507142857144,0.1,-158.62857142857428,-1579.2857142857429,-1.0,SL,2025Q3,2025,11
3843,90359,2025-09-29 15:00:00,90383,2025-09-30 04:00:00,SELL,3828.79,3841.7585714285715,3841.7585714285715,3809.3371428571427,0.1,-130.3857142857152,-1296.8571428571522,-1.0,SL,2025Q3,2025,24
3844,90384,2025-09-30 04:30:00,90387,2025-09-30 06:00:00,SELL,3844.08,3853.1667857142857,3853.1667857142857,3830.4498214285713,0.1,-91.56785714285725,-908.6785714285725,-1.0,SL,2025Q3,2025,3
3845,90388,2025-09-30 06:30:00,90391,2025-09-30 08:00:00,SELL,3858.1,3868.4328571428573,3868.4328571428573,3842.6007142857143,0.1,-104.02857142857393,-1033.2857142857392,-1.0,SL,2025Q3,2025,3
3846,90392,2025-09-30 08:30:00,90395,2025-09-30 10:00:00,SELL,3867.34,3851.4325,3877.945,3851.4325,0.1,158.37500000000256,1590.7500000000255,1.4836065573770705,TP,2025Q3,2025,3
3847,90426,2025-10-01 02:30:00,90431,2025-10-01 05:00:00,SELL,3861.45,3870.7542857142857,3870.7542857142857,3847.493571428571,0.1,-93.74285714285925,-930.4285714285925,-1.0,SL,2025Q4,2025,5
3848,90432,2025-10-01 05:30:00,90442,2025-10-01 10:30:00,SELL,3866.1,3875.1214285714286,3875.1214285714286,3852.567857142857,0.1,-90.91428571428715,-902.1428571428714,-1.0,SL,2025Q4,2025,10
3849,90443,2025-10-01 11:00:00,90443,2025-10-01 11:00:00,SELL,3879.07,3891.274642857143,3891.274642857143,3860.7630357142857,0.1,-122.74642857142972,-1220.4642857142971,-1.0,SL,2025Q4,2025,0
3850,90444,2025-10-01 11:30:00,90452,2025-10-01 15:30:00,SELL,3891.69,3871.742142857143,3904.9885714285715,3871.742142857143,0.1,198.77857142857175,1994.7857142857174,1.486909596067536,TP,2025Q4,2025,8
3851,90505,2025-10-02 19:00:00,90511,2025-10-02 22:00:00,BUY,3828.36,3856.7405357142857,3809.439642857143,3856.7405357142857,0.1,283.10535714285544,2838.0535714285543,1.4907847967953662,TP,2025Q4,2025,6
3852,90562,2025-10-06 01:30:00,90563,2025-10-06 02:00:00,SELL,3893.39,3903.7132142857145,3903.7132142857145,3877.905178571428,0.1,-103.93214285714585,-1032.3214285714585,-1.0,SL,2025Q4,2025,1
3853,90564,2025-10-06 02:30:00,90569,2025-10-06 05:00:00,SELL,3910.27,3921.76,3921.76,3893.035,0.1,-115.60000000000237,-1149.0000000000236,-1.0,SL,2025Q4,2025,5
3854,90570,2025-10-06 05:30:00,90574,2025-10-06 07:30:00,SELL,3921.69,3934.611428571429,3934.611428571429,3902.3078571428573,0.1,-129.91428571428804,-1292.1428571428805,-1.0,SL,2025Q4,2025,4
3855,90575,2025-10-06 08:00:00,90594,2025-10-06 17:30:00,SELL,3938.52,3952.779642857143,3952.779642857143,3917.130535714286,0.1,-143.29642857142807,-1425.9642857142808,-1.0,SL,2025Q4,2025,19
3856,90595,2025-10-06 18:00:00,90597,2025-10-06 19:00:00,SELL,3954.85,3970.212142857143,3970.212142857143,3931.806785714285,0.1,-154.32142857143225,-1536.2142857143226,-1.0,SL,2025Q4,2025,2
3857,90604,2025-10-06 22:30:00,90636,2025-10-07 15:30:00,SELL,3963.99,3979.3810714285714,3979.3810714285714,3940.9033928571425,0.1,-154.61071428571648,-1539.107142857165,-1.0,SL,2025Q4,2025,32
3858,90657,2025-10-08 03:00:00,90661,2025-10-08 05:00:00,SELL,3994.24,4004.220357142857,4004.220357142857,3979.269464285714,0.1,-100.50357142857429,-998.0357142857429,-1.0,SL,2025Q4,2025,4
3859,90662,2025-10-08 05:30:00,90663,2025-10-08 06:00:00,SELL,4003.62,4013.1289285714283,4013.1289285714283,3989.356607142857,0.1,-95.78928571428442,-950.8928571428442,-1.0,SL,2025Q4,2025,1
3860,90664,2025-10-08 06:30:00,90665,2025-10-08 07:00:00,SELL,4011.24,4021.2085714285713,4021.2085714285713,3996.2871428571425,0.1,-100.38571428571522,-996.8571428571522,-1.0,SL,2025Q4,2025,1
3861,90666,2025-10-08 07:30:00,90667,2025-10-08 08:00:00,SELL,4018.35,4028.988214285714,4028.988214285714,4002.3926785714284,0.1,-107.08214285714185,-1063.8214285714184,-1.0,SL,2025Q4,2025,1
3862,90668,2025-10-08 08:30:00,90676,2025-10-08 12:30:00,SELL,4033.25,4044.744285714286,4044.744285714286,4016.008571428571,0.1,-115.6428571428598,-1149.428571428598,-1.0,SL,2025Q4,2025,8
3863,90677,2025-10-08 13:00:00,90684,2025-10-08 16:30:00,SELL,4049.12,4029.6992857142855,4062.0671428571427,4029.6992857142855,0.1,193.5071428571444,1942.071428571444,1.4865561896400528,TP,2025Q4,2025,7
3864,90686,2025-10-08 17:30:00,90690,2025-10-08 19:30:00,SELL,4044.53,4058.5785714285716,4058.5785714285716,4023.457142857143,0.1,-141.18571428571448,-1404.857142857145,-1.0,SL,2025Q4,2025,4
3865,90691,2025-10-08 20:00:00,90695,2025-10-08 22:00:00,SELL,4056.48,4034.8735714285713,4070.884285714286,4034.8735714285713,0.1,215.36428571428752,2160.642857142875,1.4879095933675486,TP,2025Q4,2025,4
3866,90737,2025-10-09 20:00:00,90779,2025-10-10 18:00:00,BUY,3969.27,4006.99125,3944.1225,4006.99125,0.1,376.51250000000056,3772.1250000000055,1.4930603747397642,TP,2025Q4,2025,42
3867,90806,2025-10-13 08:30:00,90821,2025-10-13 16:00:00,SELL,4071.09,4090.729285714286,4090.729285714286,4041.6310714285714,0.1,-197.0928571428596,-1963.9285714285961,-1.0,SL,2025Q4,2025,15
3868,90822,2025-10-13 16:30:00,90826,2025-10-13 18:30:00,SELL,4091.2,4105.148928571429,4105.148928571429,4070.276607142857,0.1,-140.1892857142895,-1394.892857142895,-1.0,SL,2025Q4,2025,4
3869,90827,2025-10-13 19:00:00,90840,2025-10-14 02:30:00,SELL,4104.86,4119.969285714285,4119.969285714285,4082.1960714285715,0.1,-151.7928571428576,-1510.928571428576,-1.0,SL,2025Q4,2025,13
3870,90841,2025-10-14 03:00:00,90843,2025-10-14 04:00:00,SELL,4127.87,4142.190714285714,4142.190714285714,4106.388928571429,0.1,-143.9071428571453,-1432.071428571453,-1.0,SL,2025Q4,2025,2
3871,90844,2025-10-14 04:30:00,90848,2025-10-14 06:30:00,SELL,4146.81,4161.9342857142865,4161.9342857142865,4124.123571428572,0.1,-151.94285714286087,-1512.4285714286088,-1.0,SL,2025Q4,2025,4
3872,90849,2025-10-14 07:00:00,90851,2025-10-14 08:00:00,SELL,4163.03,4178.320357142857,4178.320357142857,4140.094464285714,0.1,-153.60357142856918,-1529.035714285692,-1.0,SL,2025Q4,2025,2
3873,90852,2025-10-14 08:30:00,90852,2025-10-14 08:30:00,SELL,4179.0,4152.167142857143,4196.888571428572,4152.167142857143,0.1,267.62857142857393,2683.2857142857392,1.4902553496141917,TP,2025Q4,2025,0
3874,90890,2025-10-15 04:30:00,90902,2025-10-15 10:30:00,SELL,4185.41,4202.238928571428,4202.238928571428,4160.166607142857,0.1,-168.9892857142815,-1682.892857142815,-1.0,SL,2025Q4,2025,12
3875,90903,2025-10-15 11:00:00,90905,2025-10-15 12:00:00,SELL,4207.66,4181.81875,4224.8875,4181.81875,0.1,257.7124999999949,2584.124999999949,1.4898829310593755,TP,2025Q4,2025,2
3876,90934,2025-10-16 03:30:00,90938,2025-10-16 05:30:00,SELL,4223.08,4237.680357142857,4237.680357142857,4201.179464285714,0.1,-146.70357142857318,-1460.035714285732,-1.0,SL,2025Q4,2025,4
3877,90939,2025-10-16 06:00:00,90944,2025-10-16 08:30:00,SELL,4239.31,4215.770178571429,4255.003214285714,4215.770178571429,0.1,234.69821428571487,2353.9821428571486,1.4888982033215052,TP,2025Q4,2025,5
3878,90962,2025-10-16 17:30:00,90965,2025-10-16 19:00:00,SELL,4262.85,4281.410357142858,4281.410357142858,4235.009464285715,0.1,-186.30357142857355,-1856.0357142857356,-1.0,SL,2025Q4,2025,3
3879,90966,2025-10-16 19:30:00,90972,2025-10-16 22:30:00,SELL,4289.28,4310.603571428571,4310.603571428571,4257.294642857143,0.1,-213.93571428571084,-2132.3571428571086,-1.0,SL,2025Q4,2025,6
3880,90973,2025-10-16 23:00:00,90975,2025-10-17 01:00:00,SELL,4307.21,4332.107857142857,4332.107857142857,4269.863214285715,0.1,-249.6785714285699,-2489.785714285699,-1.0,SL,2025Q4,2025,2
3881,90976,2025-10-17 01:30:00,90981,2025-10-17 04:00:00,SELL,4367.69,4325.462321428571,4395.841785714285,4325.462321428571,0.1,421.5767857142844,4222.767857142844,1.493799116690516,TP,2025Q4,2025,5
3882,90987,2025-10-17 07:00:00,91002,2025-10-17 14:30:00,SELL,4366.93,4308.3576785714295,4405.978214285715,4308.3576785714295,0.1,585.0232142857083,5857.232142857083,1.4955263806593335,TP,2025Q4,2025,15
3883,91013,2025-10-17 20:00:00,91021,2025-10-20 01:00:00,BUY,4204.94,4271.478928571428,4160.580714285714,4271.478928571428,0.1,664.6892857142818,6653.892857142819,1.496061156573035,TP,2025Q4,2025,8
3884,91051,2025-10-20 16:00:00,91055,2025-10-20 18:00:00,SELL,4323.79,4349.130357142857,4349.130357142857,4285.779464285714,0.1,-254.103571428571,-2534.03571428571,-1.0,SL,2025Q4,2025,4
3885,91056,2025-10-20 18:30:00,91064,2025-10-20 22:30:00,SELL,4345.37,4374.159285714285,4374.159285714285,4302.186071428571,0.1,-288.5928571428514,-2878.9285714285143,-1.0,SL,2025Q4,2025,8
3886,91065,2025-10-20 23:00:00,91074,2025-10-21 04:30:00,SELL,4377.77,4344.429821428572,4399.9967857142865,4344.429821428572,0.1,332.70178571428625,3334.0178571428623,1.4921513350739015,TP,2025Q4,2025,9
3887,91088,2025-10-21 11:30:00,91095,2025-10-21 15:00:00,BUY,4267.52,4240.171785714287,4240.171785714287,4308.542321428572,0.1,-274.18214285713765,-2734.8214285713766,-1.0,SL,2025Q4,2025,7
3888,91096,2025-10-21 15:30:00,91097,2025-10-21 16:00:00,BUY,4228.44,4194.003214285714,4194.003214285714,4280.095178571428,0.1,-345.0678571428518,-3443.678571428518,-1.0,SL,2025Q4,2025,1
3889,91098,2025-10-21 16:30:00,91099,2025-10-21 17:00:00,BUY,4200.1,4163.884642857143,4163.884642857143,4254.423035714286,0.1,-362.853571428571,-3621.53571428571,-1.0,SL,2025Q4,2025,1
3890,91100,2025-10-21 17:30:00,91100,2025-10-21 17:30:00,BUY,4137.12,4093.0885714285714,4093.0885714285714,4203.167142857143,0.1,-441.01428571428477,-4403.142857142848,-1.0,SL,2025Q4,2025,0
3891,91101,2025-10-21 18:00:00,91116,2025-10-22 02:30:00,BUY,4139.05,4092.014285714286,4092.014285714286,4209.603571428572,0.1,-471.0571428571422,-4703.571428571422,-1.0,SL,2025Q4,2025,15
3892,91117,2025-10-22 03:00:00,91117,2025-10-22 03:00:00,BUY,4093.14,4063.6692857142857,4063.6692857142857,4137.346071428571,0.1,-295.40714285714165,-2947.0714285714166,-1.0,SL,2025Q4,2025,0
3893,91118,2025-10-22 03:30:00,91119,2025-10-22 04:00:00,BUY,4049.04,4102.975714285714,4013.082857142857,4102.975714285714,0.1,538.6571428571431,5393.571428571431,1.4951425512510346,TP,2025Q4,2025,1
3894,91120,2025-10-22 04:30:00,91133,2025-10-22 11:00:00,BUY,4104.46,4062.448214285714,4062.448214285714,4167.477678571428,0.1,-420.81785714285905,-4201.178571428591,-1.0,SL,2025Q4,2025,13
3895,91135,2025-10-22 12:00:00,91138,2025-10-22 13:30:00,BUY,4070.6,4032.0607142857143,4032.0607142857143,4128.408928571428,0.1,-386.09285714285596,-3853.9285714285597,-1.0,SL,2025Q4,2025,3
3896,91139,2025-10-22 14:00:00,91155,2025-10-22 22:00:00,BUY,4035.18,4103.0367857142855,3989.9421428571422,4103.0367857142855,0.1,677.867857142857,6785.678571428571,1.4961375352745352,TP,2025Q4,2025,16
3897,91226,2025-10-24 11:30:00,91234,2025-10-24 15:30:00,BUY,4053.84,4087.704107142857,4031.2639285714286,4087.704107142857,0.1,337.9410714285694,3386.4107142856938,1.4922723903546615,TP,2025Q4,2025,8
3898,91273,2025-10-27 11:00:00,91277,2025-10-27 13:00:00,BUY,4043.49,4023.1296428571427,4023.1296428571427,4074.030535714285,0.1,-204.30357142857082,-2036.0357142857083,-1.0,SL,2025Q4,2025,4
3899,91278,2025-10-27 13:30:00,91283,2025-10-27 16:00:00,BUY,4030.43,4008.0864285714283,4008.0864285714283,4063.9453571428567,0.1,-224.1357142857152,-2234.357142857152,-1.0,SL,2025Q4,2025,5
3900,91284,2025-10-27 16:30:00,91309,2025-10-28 06:00:00,BUY,3998.99,3969.5685714285714,3969.5685714285714,4043.1221428571425,0.1,-294.9142857142835,-2942.142857142835,-1.0,SL,2025Q4,2025,25
3901,91314,2025-10-28 08:30:00,91316,2025-10-28 09:30:00,BUY,3952.61,3927.3382142857145,3927.3382142857145,3990.517678571429,0.1,-253.4178571428567,-2527.178571428567,-1.0,SL,2025Q4,2025,2
3902,91317,2025-10-28 10:00:00,91318,2025-10-28 10:30:00,BUY,3932.78,3908.679285714286,3908.679285714286,3968.9310714285716,0.1,-241.70714285714274,-2410.0714285714275,-1.0,SL,2025Q4,2025,1
3903,91319,2025-10-28 11:00:00,91328,2025-10-28 15:30:00,BUY,3897.31,3936.496964285714,3871.1853571428574,3936.496964285714,0.1,391.1696428571411,3918.696428571411,1.49331924466563,TP,2025Q4,2025,9
3904,91364,2025-10-29 10:30:00,91371,2025-10-29 14:00:00,SELL,4010.18,4030.2017857142855,4030.2017857142855,3980.147321428571,0.1,-200.9178571428567,-2002.178571428567,-1.0,SL,2025Q4,2025,7
3905,91372,2025-10-29 14:30:00,91378,2025-10-29 17:30:00,SELL,4025.98,3997.687857142857,4044.841428571429,3997.687857142857,0.1,282.22142857143064,2829.2142857143062,1.4907561122849264,TP,2025Q4,2025,6
3906,91437,2025-10-31 01:00:00,91443,2025-10-31 04:00:00,SELL,4037.76,4011.0091071428574,4055.593928571429,4011.0091071428574,0.1,266.80892857142845,2675.0892857142844,1.4902256089046573,TP,2025Q4,2025,6
3907,91558,2025-11-04 16:30:00,91558,2025-11-04 16:30:00,BUY,3951.95,3936.9714285714285,3936.9714285714285,3974.417857142857,0.1,-150.48571428571285,-1497.8571428571286,-1.0,SL,2025Q4,2025,0
3908,91560,2025-11-04 17:30:00,91572,2025-11-04 23:30:00,BUY,3949.12,3930.6485714285714,3930.6485714285714,3976.827142857143,0.1,-185.4142857142853,-1847.1428571428532,-1.0,SL,2025Q4,2025,12
3909,91573,2025-11-05 01:00:00,91582,2025-11-05 05:30:00,BUY,3932.86,3959.5032142857144,3915.0978571428573,3959.5032142857144,0.1,265.73214285714295,2664.3214285714294,1.4901862607650713,TP,2025Q4,2025,9
3910,91636,2025-11-06 09:30:00,91637,2025-11-06 10:00:00,SELL,4003.71,4014.9203571428575,4014.9203571428575,3986.894464285714,0.1,-112.80357142857447,-1121.0357142857447,-1.0,SL,2025Q4,2025,1
3911,91638,2025-11-06 10:30:00,91649,2025-11-06 16:00:00,SELL,4015.66,3999.2108928571424,4026.6260714285713,3999.2108928571424,0.1,163.7910714285743,1644.9107142857429,1.4841429079965256,TP,2025Q4,2025,11
3912,91716,2025-11-10 03:30:00,91724,2025-11-10 07:30:00,SELL,4047.67,4062.796428571429,4062.796428571429,4024.980357142857,0.1,-151.9642857142873,-1512.6428571428733,-1.0,SL,2025Q4,2025,8
3913,91725,2025-11-10 08:00:00,91732,2025-11-10 11:30:00,SELL,4069.37,4085.6225,4085.6225,4044.99125,0.1,-163.22500000000053,-1625.2500000000055,-1.0,SL,2025Q4,2025,7
3914,91733,2025-11-10 12:00:00,91737,2025-11-10 14:00:00,SELL,4076.46,4088.2875,4088.2875,4058.71875,0.1,-118.97499999999873,-1182.7499999999873,-1.0,SL,2025Q4,2025,4
3915,91738,2025-11-10 14:30:00,91742,2025-11-10 16:30:00,SELL,4094.08,4075.1124999999997,4106.725,4075.1124999999997,0.1,188.975000000002,1896.75000000002,1.4862367282736573,TP,2025Q4,2025,4
3916,91743,2025-11-10 17:00:00,91747,2025-11-10 19:00:00,SELL,4083.16,4096.924642857142,4096.924642857142,4062.5130357142857,0.1,-138.3464285714246,-1376.4642857142462,-1.0,SL,2025Q4,2025,4
3917,91748,2025-11-10 19:30:00,91749,2025-11-10 20:00:00,SELL,4096.66,4110.679642857142,4110.679642857142,4075.6305357142855,0.1,-140.8964285714257,-1401.9642857142571,-1.0,SL,2025Q4,2025,1
3918,91750,2025-11-10 20:30:00,91760,2025-11-11 02:30:00,SELL,4113.98,4128.823571428571,4128.823571428571,4091.7146428571423,0.1,-149.1357142857152,-1484.3571428571522,-1.0,SL,2025Q4,2025,10
3919,91761,2025-11-11 03:00:00,91765,2025-11-11 05:00:00,SELL,4130.75,4141.7246428571425,4141.7246428571425,4114.288035714286,0.1,-110.44642857142499,-1097.4642857142499,-1.0,SL,2025Q4,2025,4
3920,91766,2025-11-11 05:30:00,91770,2025-11-11 07:30:00,SELL,4144.04,4127.171428571429,4155.285714285714,4127.171428571429,0.1,167.9857142857116,1686.8571428571158,1.4845347809620393,TP,2025Q4,2025,4
3921,91771,2025-11-11 08:00:00,91777,2025-11-11 11:00:00,SELL,4130.88,4143.288214285714,4143.288214285714,4112.267678571429,0.1,-124.78214285714166,-1240.8214285714166,-1.0,SL,2025Q4,2025,6
3922,91778,2025-11-11 11:30:00,91788,2025-11-11 16:30:00,SELL,4143.68,4124.362142857143,4156.558571428572,4124.362142857143,0.1,192.47857142857066,1931.7857142857065,1.4864849955869375,TP,2025Q4,2025,10
3923,91836,2025-11-12 17:30:00,91836,2025-11-12 17:30:00,SELL,4166.36,4183.614285714285,4183.614285714285,4140.478571428571,0.1,-173.24285714285287,-1725.4285714285288,-1.0,SL,2025Q4,2025,0
3924,91837,2025-11-12 18:00:00,91839,2025-11-12 19:00:00,SELL,4181.09,4199.706071428572,4199.706071428572,4153.165892857143,0.1,-186.86071428571557,-1861.6071428571558,-1.0,SL,2025Q4,2025,2
3925,91840,2025-11-12 19:30:00,91859,2025-11-13 06:00:00,SELL,4196.29,4215.456785714286,4215.456785714286,4167.5398214285715,0.1,-192.3678571428565,-1916.6785714285652,-1.0,SL,2025Q4,2025,19
3926,91860,2025-11-13 06:30:00,91867,2025-11-13 10:00:00,SELL,4209.51,4228.359642857144,4228.359642857144,4181.235535714286,0.1,-189.19642857143407,-1884.9642857143408,-1.0,SL,2025Q4,2025,7
3927,91868,2025-11-13 10:30:00,91879,2025-11-13 16:00:00,SELL,4237.28,4212.29375,4253.9375,4212.29375,0.1,249.16249999999928,2498.6249999999927,1.489538185622451,TP,2025Q4,2025,11
3928,91921,2025-11-14 14:00:00,91922,2025-11-14 14:30:00,BUY,4133.04,4109.045357142857,4109.045357142857,4169.031964285714,0.1,-240.64642857142934,-2399.4642857142935,-1.0,SL,2025Q4,2025,1
3929,91923,2025-11-14 15:00:00,91923,2025-11-14 15:00:00,BUY,4116.05,4090.9110714285716,4090.9110714285716,4153.758392857143,0.1,-252.0892857142855,-2513.892857142855,-1.0,SL,2025Q4,2025,0
3930,91924,2025-11-14 15:30:00,91929,2025-11-14 18:00:00,BUY,4055.51,4100.569464285714,4025.4703571428577,4100.569464285714,0.1,449.8946428571406,4505.946428571406,1.4941879084773582,TP,2025Q4,2025,5
3931,91941,2025-11-17 01:00:00,91953,2025-11-17 07:00:00,BUY,4087.02,4065.57,4065.57,4119.195,0.1,-215.19999999999817,-2144.999999999982,-1.0,SL,2025Q4,2025,12
3932,91954,2025-11-17 07:30:00,91959,2025-11-17 10:00:00,BUY,4064.51,4094.84,4044.29,4094.84,0.1,302.5999999999993,3032.9999999999927,1.4913750616066805,TP,2025Q4,2025,5
3933,91983,2025-11-17 22:00:00,91987,2025-11-18 01:00:00,BUY,4011.3,4046.915892857143,3987.5560714285716,4046.915892857143,0.1,355.45892857142627,3561.5892857142626,1.4926513594984834,TP,2025Q4,2025,4
3934,91997,2025-11-18 06:00:00,92008,2025-11-18 11:30:00,BUY,4013.45,4045.348571428571,3992.1842857142856,4045.348571428571,0.1,318.2857142857136,3189.857142857136,1.4917977904251758,TP,2025Q4,2025,11
3935,92047,2025-11-19 08:00:00,92054,2025-11-19 11:30:00,SELL,4095.38,4111.104285714286,4111.104285714286,4071.7935714285713,0.1,-157.94285714285542,-1572.4285714285543,-1.0,SL,2025Q4,2025,7
3936,92055,2025-11-19 12:00:00,92065,2025-11-19 17:00:00,SELL,4113.22,4129.795,4129.795,4088.3575,0.1,-166.44999999999817,-1657.4999999999818,-1.0,SL,2025Q4,2025,10
3937,92207,2025-11-24 19:00:00,92210,2025-11-24 20:30:00,SELL,4097.21,4111.116071428572,4111.116071428572,4076.3508928571428,0.1,-139.7607142857152,-1390.6071428571522,-1.0,SL,2025Q4,2025,3
3938,92211,2025-11-24 21:00:00,92216,2025-11-24 23:30:00,SELL,4120.42,4137.388214285715,4137.388214285715,4094.9676785714287,0.1,-170.38214285714565,-1696.8214285714566,-1.0,SL,2025Q4,2025,5
3939,92217,2025-11-25 01:00:00,92224,2025-11-25 04:30:00,SELL,4133.53,4147.8625,4147.8625,4112.03125,0.1,-144.02500000000435,-1433.2500000000437,-1.0,SL,2025Q4,2025,7
3940,92225,2025-11-25 05:00:00,92236,2025-11-25 10:30:00,SELL,4150.44,4127.401607142857,4165.798928571428,4127.401607142857,0.1,229.68392857142754,2303.8392857142753,1.4886576699613143,TP,2025Q4,2025,11
3941,92270,2025-11-26 04:30:00,92293,2025-11-26 16:00:00,SELL,4162.37,4143.637142857143,4174.858571428571,4143.637142857143,0.1,186.6285714285703,1873.2857142857029,1.4860652940507695,TP,2025Q4,2025,23
3942,92354,2025-11-28 03:00:00,92354,2025-11-28 03:00:00,SELL,4180.52,4188.273928571429,4188.273928571429,4168.889107142858,0.1,-78.23928571428333,-775.3928571428332,-1.0,SL,2025Q4,2025,0
3943,92355,2025-11-28 03:30:00,92362,2025-11-28 07:00:00,SELL,4187.28,4174.8583928571425,4195.561071428571,4174.8583928571425,0.1,123.51607142857283,1242.1607142857283,1.4790446050549546,TP,2025Q4,2025,7
3944,92388,2025-11-28 20:00:00,92395,2025-12-01 02:30:00,SELL,4216.83,4233.320357142857,4233.320357142857,4192.094464285715,0.1,-165.60357142856736,-1649.0357142856737,-1.0,SL,2025Q4,2025,7
3945,92396,2025-12-01 03:00:00,92397,2025-12-01 03:30:00,SELL,4230.53,4245.797857142857,4245.797857142857,4207.628214285714,0.1,-153.37857142856882,-1526.7857142856883,-1.0,SL,2025Q4,2025,1
3946,92398,2025-12-01 04:00:00,92404,2025-12-01 07:00:00,SELL,4255.3,4229.613035714286,4272.424642857143,4229.613035714286,0.1,256.1696428571457,2568.6964285714566,1.4898224114653653,TP,2025Q4,2025,6
3947,92411,2025-12-01 10:30:00,92423,2025-12-01 16:30:00,SELL,4249.22,4222.345357142857,4267.136428571429,4222.345357142857,0.1,268.04642857143045,2687.4642857143044,1.4902704419999209,TP,2025Q4,2025,12
3948,92461,2025-12-02 12:30:00,92466,2025-12-02 15:00:00,BUY,4186.7,4210.548392857143,4170.801071428571,4210.548392857143,0.1,237.78392857143155,2384.8392857143153,1.4890412184375912,TP,2025Q4,2025,5
3949,92514,2025-12-03 16:00:00,92515,2025-12-03 16:30:00,SELL,4236.95,4218.427678571428,4249.2982142857145,4218.427678571428,0.1,184.5232142857156,1852.2321428571558,1.4859077967271215,TP,2025Q4,2025,1
3950,92608,2025-12-05 17:00:00,92609,2025-12-05 17:30:00,SELL,4241.62,4252.522857142857,4252.522857142857,4225.265714285714,0.1,-109.72857142857102,-1090.2857142857101,-1.0,SL,2025Q4,2025,1
3951,92794,2025-12-11 18:00:00,92795,2025-12-11 18:30:00,SELL,4256.03,4272.956428571429,4272.956428571429,4230.640357142856,0.1,-169.96428571428913,-1692.6428571428914,-1.0,SL,2025Q4,2025,1
3952,92796,2025-12-11 19:00:00,92824,2025-12-12 10:00:00,SELL,4273.42,4292.437857142857,4292.437857142857,4244.893214285714,0.1,-190.87857142856882,-1901.7857142856883,-1.0,SL,2025Q4,2025,28
3953,92825,2025-12-12 10:30:00,92825,2025-12-12 10:30:00,SELL,4294.27,4303.512142857144,4303.512142857144,4280.406785714286,0.1,-93.12142857143336,-924.2142857143335,-1.0,SL,2025Q4,2025,0
3954,92826,2025-12-12 11:00:00,92826,2025-12-12 11:00:00,SELL,4308.01,4317.928214285715,4317.928214285715,4293.132678571429,0.1,-99.88214285714385,-991.8214285714384,-1.0,SL,2025Q4,2025,0
3955,92827,2025-12-12 11:30:00,92829,2025-12-12 12:30:00,SELL,4313.3,4323.722857142858,4323.722857142858,4297.665714285715,0.1,-104.92857142857538,-1042.2857142857538,-1.0,SL,2025Q4,2025,2
3956,92830,2025-12-12 13:00:00,92835,2025-12-12 15:30:00,SELL,4329.85,4342.103928571429,4342.103928571429,4311.469107142857,0.1,-123.23928571428333,-1225.3928571428332,-1.0,SL,2025Q4,2025,5
3957,92836,2025-12-12 16:00:00,92838,2025-12-12 17:00:00,SELL,4340.87,4316.155357142857,4357.346428571429,4316.155357142857,0.1,246.4464285714319,2471.464285714319,1.489423699546703,TP,2025Q4,2025,2
3958,92858,2025-12-15 04:00:00,92865,2025-12-15 07:30:00,SELL,4322.37,4335.923571428571,4335.923571428571,4302.039642857143,0.1,-136.23571428571557,-1355.3571428571558,-1.0,SL,2025Q4,2025,7
3959,92866,2025-12-15 08:00:00,92882,2025-12-15 16:00:00,SELL,4343.45,4325.642857142857,4355.321428571428,4325.642857142857,0.1,177.37142857142936,1780.7142857142935,1.4853451369781077,TP,2025Q4,2025,16
3960,93025,2025-12-18 18:30:00,93026,2025-12-18 19:00:00,SELL,4367.28,4340.3378571428575,4385.2414285714285,4340.3378571428575,0.1,268.72142857142245,2694.2142857142244,1.490294723498603,TP,2025Q4,2025,1
3961,93085,2025-12-22 02:30:00,93087,2025-12-22 03:30:00,SELL,4363.09,4373.511785714286,4373.511785714286,4347.457321428571,0.1,-104.91785714285761,-1042.178571428576,-1.0,SL,2025Q4,2025,2
3962,93088,2025-12-22 04:00:00,93091,2025-12-22 05:30:00,SELL,4382.86,4394.5771428571425,4394.5771428571425,4365.284285714285,0.1,-117.8714285714279,-1171.714285714279,-1.0,SL,2025Q4,2025,3
3963,93092,2025-12-22 06:00:00,93094,2025-12-22 07:00:00,SELL,4392.49,4404.455714285714,4404.455714285714,4374.541428571428,0.1,-120.35714285714057,-1196.5714285714057,-1.0,SL,2025Q4,2025,2
3964,93095,2025-12-22 07:30:00,93097,2025-12-22 08:30:00,SELL,4404.78,4417.302857142857,4417.302857142857,4385.995714285714,0.1,-125.92857142856992,-1252.2857142856992,-1.0,SL,2025Q4,2025,2
3965,93098,2025-12-22 09:00:00,93115,2025-12-22 17:30:00,SELL,4419.5,4433.687857142857,4433.687857142857,4398.218214285714,0.1,-142.57857142856955,-1418.7857142856956,-1.0,SL,2025Q4,2025,17
3966,93116,2025-12-22 18:00:00,93126,2025-12-22 23:00:00,SELL,4431.63,4444.352142857143,4444.352142857143,4412.546785714286,0.1,-127.92142857142899,-1272.2142857142899,-1.0,SL,2025Q4,2025,10
3967,93127,2025-12-22 23:30:00,93129,2025-12-23 01:30:00,SELL,4447.61,4461.44,4461.44,4426.865,0.1,-138.99999999999926,-1382.9999999999927,-1.0,SL,2025Q4,2025,2
3968,93130,2025-12-23 02:00:00,93132,2025-12-23 03:00:00,SELL,4459.87,4472.162499999999,4472.162499999999,4441.431250000001,0.1,-123.62499999999564,-1229.2499999999563,-1.0,SL,2025Q4,2025,2
3969,93133,2025-12-23 03:30:00,93133,2025-12-23 03:30:00,SELL,4477.02,4489.547142857144,4489.547142857144,4458.229285714286,0.1,-125.9714285714319,-1252.714285714319,-1.0,SL,2025Q4,2025,0
3970,93134,2025-12-23 04:00:00,93158,2025-12-23 16:00:00,SELL,4486.52,4466.601071428572,4499.799285714286,4466.601071428572,0.1,198.48928571428297,1991.8928571428296,1.48689068435975,TP,2025Q4,2025,24
3971,93177,2025-12-24 02:30:00,93181,2025-12-24 04:30:00,SELL,4513.64,4488.634464285715,4530.310357142857,4488.634464285715,0.1,249.35535714285544,2500.5535714285543,1.4895462206387473,TP,2025Q4,2025,4
3972,93228,2025-12-26 16:00:00,93231,2025-12-26 17:30:00,SELL,4525.0,4538.246071428572,4538.246071428572,4505.130892857143,0.1,-133.16071428571667,-1324.6071428571668,-1.0,SL,2025Q4,2025,3
3973,93232,2025-12-26 18:00:00,93234,2025-12-26 19:00:00,SELL,4546.56,4521.728035714286,4563.114642857143,4521.728035714286,0.1,247.61964285714095,2483.1964285714093,1.4894734580764628,TP,2025Q4,2025,2
3974,93274,2025-12-29 16:00:00,93274,2025-12-29 16:00:00,BUY,4421.24,4391.705,4391.705,4465.5425,0.1,-296.04999999999853,-2953.4999999999854,-1.0,SL,2025Q4,2025,0
3975,93275,2025-12-29 16:30:00,93275,2025-12-29 16:30:00,BUY,4390.04,4360.697857142857,4360.697857142857,4434.053214285714,0.1,-294.1214285714279,-2934.214285714279,-1.0,SL,2025Q4,2025,0
3976,93276,2025-12-29 17:00:00,93276,2025-12-29 17:00:00,BUY,4360.37,4328.4853571428575,4328.4853571428575,4408.196964285714,0.1,-319.5464285714235,-3188.4642857142353,-1.0,SL,2025Q4,2025,0
3977,93277,2025-12-29 17:30:00,93302,2025-12-30 07:00:00,BUY,4319.48,4372.956071428571,4283.829285714285,4372.956071428571,0.1,534.0607142857123,5347.607142857123,1.495100881841256,TP,2025Q4,2025,25
3978,93350,2025-12-31 08:00:00,93352,2025-12-31 09:00:00,BUY,4285.84,4329.131607142856,4256.978928571429,4329.131607142856,0.1,432.21607142856266,4329.160714285626,1.4939511400249048,TP,2025Q4,2025,2
3979,93384,2026-01-02 13:00:00,93389,2026-01-02 15:30:00,SELL,4395.96,4366.15875,4415.8275,4366.15875,0.1,297.3125000000044,2980.1250000000437,1.4912225705329156,TP,2026Q1,2026,5
3980,93410,2026-01-05 03:00:00,93410,2026-01-05 03:00:00,SELL,4394.93,4414.213571428571,4414.213571428571,4366.004642857143,0.1,-193.5357142857112,-1928.3571428571122,-1.0,SL,2026Q1,2026,0
3981,93411,2026-01-05 03:30:00,93420,2026-01-05 08:00:00,SELL,4395.92,4417.058214285715,4417.058214285715,4364.212678571429,0.1,-212.08214285714638,-2113.821428571464,-1.0,SL,2026Q1,2026,9
3982,93421,2026-01-05 08:30:00,93438,2026-01-05 17:00:00,SELL,4424.21,4444.852142857143,4444.852142857143,4393.2467857142865,0.1,-207.1214285714297,-2064.214285714297,-1.0,SL,2026Q1,2026,17
3983,93439,2026-01-05 17:30:00,93460,2026-01-06 05:00:00,SELL,4444.72,4465.463928571428,4465.463928571428,4413.604107142857,0.1,-208.13928571428113,-2074.3928571428114,-1.0,SL,2026Q1,2026,21
3984,93461,2026-01-06 05:30:00,93483,2026-01-06 16:30:00,SELL,4463.38,4479.567142857143,4479.567142857143,4439.0992857142855,0.1,-162.57142857143043,-1618.7142857143044,-1.0,SL,2026Q1,2026,22
3985,93484,2026-01-06 17:00:00,93503,2026-01-07 03:30:00,SELL,4487.22,4461.308035714286,4504.494642857143,4461.308035714286,0.1,258.4196428571402,2591.196428571402,1.489910429321528,TP,2026Q1,2026,19
3986,93623,2026-01-09 17:30:00,93636,2026-01-12 01:00:00,SELL,4505.15,4523.125357142857,4523.125357142857,4478.186964285715,0.1,-180.45357142857318,-1797.535714285732,-1.0,SL,2026Q1,2026,13
3987,93637,2026-01-12 01:30:00,93638,2026-01-12 02:00:00,SELL,4537.64,4555.851071428571,4555.851071428571,4510.3233928571435,0.1,-182.81071428570903,-1821.1071428570904,-1.0,SL,2026Q1,2026,1
3988,93639,2026-01-12 02:30:00,93639,2026-01-12 02:30:00,SELL,4564.64,4584.461428571429,4584.461428571429,4534.907857142858,0.1,-198.9142857142844,-1982.1428571428442,-1.0,SL,2026Q1,2026,0
3989,93640,2026-01-12 03:00:00,93665,2026-01-12 15:30:00,SELL,4588.66,4611.861785714285,4611.861785714285,4553.857321428572,0.1,-232.71785714285505,-2320.1785714285506,-1.0,SL,2026Q1,2026,25
3990,93666,2026-01-12 16:00:00,93666,2026-01-12 16:00:00,SELL,4615.68,4590.256607142858,4632.628928571428,4590.256607142858,0.1,253.53392857142063,2542.339285714206,1.48971733154261,TP,2026Q1,2026,0
3991,93668,2026-01-12 17:00:00,93669,2026-01-12 17:30:00,SELL,4602.02,4622.669642857143,4622.669642857143,4571.045535714286,0.1,-207.1964285714268,-2064.964285714268,-1.0,SL,2026Q1,2026,1
3992,93670,2026-01-12 18:00:00,93682,2026-01-13 01:00:00,SELL,4620.94,4589.422321428571,4641.9517857142855,4589.422321428571,0.1,314.47678571428406,3151.7678571428405,1.491698995409015,TP,2026Q1,2026,12
3993,93714,2026-01-13 17:00:00,93714,2026-01-13 17:00:00,SELL,4629.71,4603.664642857143,4647.073571428571,4603.664642857143,0.1,259.7535714285703,2604.535714285703,1.4899618961773522,TP,2026Q1,2026,0
3994,93740,2026-01-14 07:00:00,93755,2026-01-14 14:30:00,SELL,4629.25,4641.395714285714,4641.395714285714,4611.0314285714285,0.1,-122.15714285714348,-1214.5714285714348,-1.0,SL,2026Q1,2026,15
3995,93867,2026-01-19 01:30:00,93920,2026-01-20 07:30:00,SELL,4678.43,4708.158928571429,4708.158928571429,4633.836607142857,0.1,-297.98928571428695,-2972.8928571428696,-1.0,SL,2026Q1,2026,53
3996,93921,2026-01-20 08:00:00,93926,2026-01-20 10:30:00,SELL,4714.38,4729.211785714286,4729.211785714286,4692.132321428571,0.1,-149.01785714285614,-1483.1785714285616,-1.0,SL,2026Q1,2026,5
3997,93927,2026-01-20 11:00:00,93937,2026-01-20 16:00:00,SELL,4729.18,4744.995357142858,4744.995357142858,4705.456964285715,0.1,-158.85357142857464,-1581.5357142857465,-1.0,SL,2026Q1,2026,10
3998,93938,2026-01-20 16:30:00,93939,2026-01-20 17:00:00,SELL,4750.58,4726.611071428571,4766.559285714286,4726.611071428571,0.1,238.9892857142848,2396.892857142848,1.4890960879433888,TP,2026Q1,2026,1
3999,93943,2026-01-20 19:00:00,93954,2026-01-21 01:30:00,SELL,4753.41,4774.228928571429,4774.228928571429,4722.1816071428575,0.1,-208.8892857142884,-2081.892857142884,-1.0,SL,2026Q1,2026,11
4000,93955,2026-01-21 02:00:00,93957,2026-01-21 03:00:00,SELL,4775.54,4791.999285714286,4791.999285714286,4750.851071428571,0.1,-165.29285714286124,-1645.9285714286125,-1.0,SL,2026Q1,2026,2
4001,93958,2026-01-21 03:30:00,93961,2026-01-21 05:00:00,SELL,4827.71,4846.422500000001,4846.422500000001,4799.64125,0.1,-187.82500000000545,-1871.2500000000546,-1.0,SL,2026Q1,2026,3
4002,93962,2026-01-21 05:30:00,93964,2026-01-21 06:30:00,SELL,4833.57,4858.369285714285,4858.369285714285,4796.371071428571,0.1,-248.6928571428536,-2479.928571428536,-1.0,SL,2026Q1,2026,2
4003,93965,2026-01-21 07:00:00,93985,2026-01-21 17:00:00,SELL,4865.61,4824.758035714285,4892.844642857142,4824.758035714285,0.1,407.8196428571453,4085.196428571453,1.4935908335840486,TP,2026Q1,2026,20
4004,94033,2026-01-22 18:00:00,94035,2026-01-22 19:00:00,SELL,4871.7,4893.147857142857,4893.147857142857,4839.528214285714,0.1,-215.17857142857173,-2144.7857142857174,-1.0,SL,2026Q1,2026,2
4005,94036,2026-01-22 19:30:00,94037,2026-01-22 20:00:00,SELL,4889.78,4912.723571428572,4912.723571428572,4855.364642857143,0.1,-230.13571428571885,-2294.3571428571886,-1.0,SL,2026Q1,2026,1
4006,94038,2026-01-22 20:30:00,94044,2026-01-22 23:30:00,SELL,4910.1,4934.764285714286,4934.764285714286,4873.103571428572,0.1,-247.3428571428605,-2466.428571428605,-1.0,SL,2026Q1,2026,6
4007,94045,2026-01-23 01:00:00,94047,2026-01-23 02:00:00,SELL,4937.01,4961.143928571429,4961.143928571429,4900.809107142857,0.1,-242.0392857142844,-2413.392857142844,-1.0,SL,2026Q1,2026,2
4008,94048,2026-01-23 02:30:00,94063,2026-01-23 10:00:00,SELL,4951.88,4914.615178571428,4976.723214285715,4914.615178571428,0.1,371.9482142857185,3726.482142857185,1.492975615350431,TP,2026Q1,2026,15
4009,94080,2026-01-23 18:30:00,94091,2026-01-26 01:00:00,SELL,4985.28,5010.357857142857,5010.357857142857,4947.663214285714,0.1,-251.47857142857282,-2507.7857142857283,-1.0,SL,2026Q1,2026,11
4010,94092,2026-01-26 01:30:00,94094,2026-01-26 02:30:00,SELL,5017.88,5044.243571428571,5044.243571428571,4978.334642857143,0.1,-264.3357142857105,-2636.357142857105,-1.0,SL,2026Q1,2026,2
4011,94095,2026-01-26 03:00:00,94095,2026-01-26 03:00:00,SELL,5041.57,5066.993928571428,5066.993928571428,5003.434107142857,0.1,-254.93928571428404,-2542.3928571428405,-1.0,SL,2026Q1,2026,0
4012,94096,2026-01-26 03:30:00,94106,2026-01-26 08:30:00,SELL,5074.23,5103.5485714285705,5103.5485714285705,5030.252142857143,0.1,-293.88571428570975,-2931.8571428570976,-1.0,SL,2026Q1,2026,10
4013,94107,2026-01-26 09:00:00,94131,2026-01-26 21:00:00,SELL,5077.47,5033.079107142857,5107.063928571429,5033.079107142857,0.1,443.2089285714363,4439.089285714363,1.494100579106449,TP,2026Q1,2026,24
4014,94180,2026-01-27 22:30:00,94180,2026-01-27 22:30:00,SELL,5141.38,5172.675357142857,5172.675357142857,5094.436964285715,0.1,-313.6535714285703,-3129.535714285703,-1.0,SL,2026Q1,2026,0
4015,94181,2026-01-27 23:00:00,94188,2026-01-28 03:30:00,SELL,5176.73,5211.584642857142,5211.584642857142,5124.448035714286,0.1,-349.24642857142607,-3485.4642857142608,-1.0,SL,2026Q1,2026,7
4016,94189,2026-01-28 04:00:00,94191,2026-01-28 05:00:00,SELL,5204.71,5240.041428571429,5240.041428571429,5151.7128571428575,0.1,-354.0142857142866,-3533.142857142866,-1.0,SL,2026Q1,2026,2
4017,94192,2026-01-28 05:30:00,94199,2026-01-28 09:00:00,SELL,5237.07,5274.658928571428,5274.658928571428,5180.686607142857,0.1,-376.5892857142837,-3758.892857142837,-1.0,SL,2026Q1,2026,7
4018,94200,2026-01-28 09:30:00,94202,2026-01-28 10:30:00,SELL,5281.03,5310.492142857142,5310.492142857142,5236.836785714286,0.1,-295.3214285714268,-2946.214285714268,-1.0,SL,2026Q1,2026,2
4019,94203,2026-01-28 11:00:00,94207,2026-01-28 13:00:00,SELL,5293.54,5253.211964285714,5320.425357142857,5253.211964285714,0.1,402.5803571428576,4032.803571428576,1.4935077840344486,TP,2026Q1,2026,4
4020,94208,2026-01-28 13:30:00,94211,2026-01-28 15:00:00,SELL,5259.0,5287.954285714285,5287.954285714285,5215.568571428572,0.1,-290.24285714285105,-2895.4285714285106,-1.0,SL,2026Q1,2026,3
4021,94212,2026-01-28 15:30:00,94215,2026-01-28 17:00:00,SELL,5280.98,5236.405892857142,5310.696071428571,5236.405892857142,0.1,445.0410714285743,4457.410714285743,1.4941247706862333,TP,2026Q1,2026,3
4022,94219,2026-01-28 19:00:00,94225,2026-01-28 22:00:00,SELL,5299.47,5335.779642857143,5335.779642857143,5245.0055357142855,0.1,-363.79642857142534,-3630.9642857142535,-1.0,SL,2026Q1,2026,6
4023,94226,2026-01-28 22:30:00,94228,2026-01-28 23:30:00,SELL,5354.26,5401.386785714286,5401.386785714286,5283.569821428572,0.1,-471.9678571428569,-4712.678571428569,-1.0,SL,2026Q1,2026,2
4024,94229,2026-01-29 01:00:00,94229,2026-01-29 01:00:00,SELL,5420.4,5468.329285714285,5468.329285714285,5348.506071428571,0.1,-479.9928571428547,-4792.928571428547,-1.0,SL,2026Q1,2026,0
4025,94230,2026-01-29 01:30:00,94230,2026-01-29 01:30:00,SELL,5490.26,5539.913214285714,5539.913214285714,5415.780178571429,0.1,-497.23214285714056,-4965.321428571406,-1.0,SL,2026Q1,2026,0
4026,94231,2026-01-29 02:00:00,94243,2026-01-29 08:00:00,SELL,5512.55,5572.551071428572,5572.551071428572,5422.548392857143,0.1,-600.7107142857178,-6000.107142857178,-1.0,SL,2026Q1,2026,12
4027,94244,2026-01-29 08:30:00,94248,2026-01-29 10:30:00,SELL,5585.76,5486.4675,5651.955,5486.4675,0.1,992.2250000000047,9929.250000000047,1.497359088508276,TP,2026Q1,2026,4
4028,94250,2026-01-29 11:30:00,94261,2026-01-29 17:00:00,SELL,5515.66,5445.513035714285,5562.424642857143,5445.513035714285,0.1,700.769642857146,7014.69642857146,1.4962634496747578,TP,2026Q1,2026,11
4029,94262,2026-01-29 17:30:00,94262,2026-01-29 17:30:00,BUY,5194.87,5108.909285714286,5108.909285714286,5323.811071428571,0.1,-860.3071428571395,-8596.071428571395,-1.0,SL,2026Q1,2026,0
4030,94263,2026-01-29 18:00:00,94265,2026-01-29 19:00:00,BUY,5182.6,5327.013035714286,5086.324642857143,5327.013035714286,0.1,1443.430357142858,14441.30357142858,1.4981836177145413,TP,2026Q1,2026,2
4031,94282,2026-01-30 04:30:00,94294,2026-01-30 10:30:00,BUY,5171.9,5072.401785714285,5072.401785714285,5321.147321428572,0.1,-995.6821428571432,-9949.821428571431,-1.0,SL,2026Q1,2026,12
4032,94296,2026-01-30 11:30:00,94311,2026-01-30 19:00:00,BUY,5028.07,4934.302857142857,4934.302857142857,5168.720714285714,0.1,-938.3714285714298,-9376.714285714297,-1.0,SL,2026Q1,2026,15
4033,94312,2026-01-30 19:30:00,94312,2026-01-30 19:30:00,BUY,4925.89,4826.531071428572,4826.531071428572,5074.928392857143,0.1,-994.289285714279,-9935.89285714279,-1.0,SL,2026Q1,2026,0
4034,94313,2026-01-30 20:00:00,94313,2026-01-30 20:00:00,BUY,4849.66,4744.174642857143,4744.174642857143,5007.888035714285,0.1,-1055.5535714285663,-10548.535714285663,-1.0,SL,2026Q1,2026,0
4035,94314,2026-01-30 20:30:00,94316,2026-01-30 21:30:00,BUY,4740.98,4924.266607142857,4618.788928571428,4924.266607142857,0.1,1832.1660714285706,18328.660714285706,1.4985686367872029,TP,2026Q1,2026,2
4036,94322,2026-02-02 01:30:00,94334,2026-02-02 07:30:00,BUY,4726.2,4580.357142857143,4580.357142857143,4944.964285714285,0.1,-1459.128571428567,-14584.28571428567,-1.0,SL,2026Q1,2026,12
4037,94335,2026-02-02 08:00:00,94346,2026-02-02 13:30:00,BUY,4549.19,4774.815178571428,4398.773214285714,4774.815178571428,0.1,2255.551785714285,22562.517857142848,1.4988371071973572,TP,2026Q1,2026,11
4038,94385,2026-02-03 10:00:00,94401,2026-02-03 18:00:00,SELL,4917.49,4980.435357142857,4980.435357142857,4823.071964285714,0.1,-630.1535714285758,-6294.535714285757,-1.0,SL,2026Q1,2026,16
4039,94402,2026-02-03 18:30:00,94406,2026-02-03 20:30:00,SELL,4973.02,4899.9255357142865,5021.749642857143,4899.9255357142865,0.1,730.2446428571391,7309.446428571391,1.4964139081814123,TP,2026Q1,2026,4
4040,94418,2026-02-04 03:30:00,94446,2026-02-04 17:30:00,SELL,5037.22,4940.182321428572,5101.9117857142855,4940.182321428572,0.1,969.6767857142793,9703.767857142793,1.4972977891503476,TP,2026Q1,2026,28
4041,94467,2026-02-05 05:00:00,94473,2026-02-05 08:00:00,BUY,4812.02,4906.987678571429,4748.708214285715,4906.987678571429,0.1,948.9767857142822,9496.767857142822,1.497238954408946,TP,2026Q1,2026,6
4042,94506,2026-02-06 01:30:00,94507,2026-02-06 02:00:00,BUY,4751.94,4699.2225,4699.2225,4831.01625,0.1,-527.8749999999975,-5271.7499999999745,-1.0,SL,2026Q1,2026,1
4043,94508,2026-02-06 02:30:00,94511,2026-02-06 04:00:00,BUY,4724.93,4811.522857142858,4667.201428571429,4811.522857142858,0.1,865.2285714285761,8659.285714285761,1.496972243505771,TP,2026Q1,2026,3
4044,94551,2026-02-09 01:00:00,94551,2026-02-09 01:00:00,SELL,4980.52,5009.354285714287,5009.354285714287,4937.268571428572,0.1,-289.04285714286124,-2883.4285714286125,-1.0,SL,2026Q1,2026,0
4045,94552,2026-02-09 01:30:00,94557,2026-02-09 04:00:00,SELL,5024.53,4975.907499999999,5056.945,4975.907499999999,0.1,485.525000000004,4862.25000000004,1.4946128982607498,TP,2026Q1,2026,5
4046,94560,2026-02-09 05:30:00,94585,2026-02-09 18:00:00,SELL,5024.91,5064.9857142857145,5064.9857142857145,4964.796428571429,0.1,-401.4571428571464,-4007.571428571464,-1.0,SL,2026Q1,2026,25
4047,94586,2026-02-09 18:30:00,94597,2026-02-10 01:00:00,SELL,5072.34,5026.1957142857145,5103.102857142857,5026.1957142857145,0.1,460.74285714285617,4614.428571428562,1.4943242366677625,TP,2026Q1,2026,11
4048,94667,2026-02-11 13:00:00,94668,2026-02-11 13:30:00,SELL,5092.85,5113.659285714286,5113.659285714286,5061.636071428572,0.1,-208.79285714285578,-2080.928571428558,-1.0,SL,2026Q1,2026,1
4049,94669,2026-02-11 14:00:00,94670,2026-02-11 14:30:00,SELL,5111.7,5077.10625,5134.7625,5077.10625,0.1,345.2375,3459.375,1.4924348859829246,TP,2026Q1,2026,1
4050,94724,2026-02-12 18:30:00,94724,2026-02-12 18:30:00,BUY,4897.34,4964.214821428572,4852.756785714286,4964.214821428572,0.1,668.0482142857152,6687.482142857152,1.4960809092290588,TP,2026Q1,2026,0
4051,94826,2026-02-17 03:00:00,94828,2026-02-17 04:00:00,BUY,4935.87,4965.5908928571425,4916.056071428571,4965.5908928571425,0.1,296.50892857142645,2972.0892857142644,1.4911989223169957,TP,2026Q1,2026,2
4052,94835,2026-02-17 07:30:00,94835,2026-02-17 07:30:00,BUY,4900.83,4870.655357142857,4870.655357142857,4946.091964285714,0.1,-302.44642857143225,-3017.4642857143226,-1.0,SL,2026Q1,2026,0
4053,94836,2026-02-17 08:00:00,94848,2026-02-17 14:00:00,BUY,4888.89,4940.206071428572,4854.679285714286,4940.206071428572,0.1,512.4607142857137,5131.607142857138,1.4948950888671395,TP,2026Q1,2026,12
4054,94852,2026-02-17 16:00:00,94852,2026-02-17 16:00:00,BUY,4870.79,4843.420357142857,4843.420357142857,4911.844464285714,0.1,-274.39642857142934,-2736.9642857142935,-1.0,SL,2026Q1,2026,0
4055,94854,2026-02-17 17:00:00,94876,2026-02-18 05:00:00,BUY,4863.45,4917.830892857142,4827.1960714285715,4917.830892857142,0.1,543.1089285714249,5438.08928571425,1.4951822391772442,TP,2026Q1,2026,22
4056,94897,2026-02-18 15:30:00,94899,2026-02-18 16:30:00,SELL,4956.08,4974.028571428571,4974.028571428571,4929.157142857143,0.1,-180.18571428571084,-1794.8571428571086,-1.0,SL,2026Q1,2026,2
4057,94900,2026-02-18 17:00:00,94929,2026-02-19 08:30:00,SELL,4991.4,5013.335357142857,5013.335357142857,4958.496964285714,0.1,-220.05357142857355,-2193.5357142857356,-1.0,SL,2026Q1,2026,29
4058,94930,2026-02-19 09:00:00,94935,2026-02-19 11:30:00,SELL,5018.17,4994.9275,5033.665,4994.9275,0.1,231.72500000000292,2324.250000000029,1.488756826212686,TP,2026Q1,2026,5
4059,94992,2026-02-20 17:00:00,94992,2026-02-20 17:00:00,SELL,5054.07,5021.199107142857,5075.983928571428,5021.199107142857,0.1,328.0089285714228,3287.089285714228,1.4920396393469255,TP,2026Q1,2026,0
4060,95004,2026-02-20 23:00:00,95006,2026-02-23 01:00:00,SELL,5096.88,5128.006071428572,5128.006071428572,5050.190892857143,0.1,-311.96071428571776,-3112.6071428571777,-1.0,SL,2026Q1,2026,2
4061,95007,2026-02-23 01:30:00,95013,2026-02-23 04:30:00,SELL,5146.24,5173.257142857143,5173.257142857143,5105.714285714285,0.1,-270.8714285714297,-2701.714285714297,-1.0,SL,2026Q1,2026,6
4062,95014,2026-02-23 05:00:00,95022,2026-02-23 09:00:00,SELL,5173.49,5131.689821428571,5201.356785714285,5131.689821428571,0.1,417.3017857142866,4180.017857142866,1.4937358577400672,TP,2026Q1,2026,8
4063,95027,2026-02-23 11:30:00,95037,2026-02-23 16:30:00,SELL,5149.02,5169.9375,5169.9375,5117.643750000001,0.1,-209.87499999999562,-2091.7499999999563,-1.0,SL,2026Q1,2026,10
4064,95038,2026-02-23 17:00:00,95040,2026-02-23 18:00:00,SELL,5192.35,5216.030714285715,5216.030714285715,5156.828928571429,0.1,-237.50714285714201,-2368.0714285714203,-1.0,SL,2026Q1,2026,2
4065,95041,2026-02-23 18:30:00,95052,2026-02-24 01:00:00,SELL,5214.78,5242.483928571429,5242.483928571429,5173.224107142857,0.1,-277.7392857142906,-2770.392857142906,-1.0,SL,2026Q1,2026,11
4066,95053,2026-02-24 01:30:00,95056,2026-02-24 03:00:00,SELL,5236.49,5201.909107142857,5259.543928571428,5201.909107142857,0.1,345.1089285714323,3458.0892857143226,1.4924320817953154,TP,2026Q1,2026,3
4067,95082,2026-02-24 16:00:00,95085,2026-02-24 17:30:00,BUY,5115.04,5149.759107142857,5091.893928571429,5149.759107142857,0.1,346.49107142856957,3471.9107142856956,1.4924621182985924,TP,2026Q1,2026,3
4068,95219,2026-02-27 15:30:00,95219,2026-02-27 15:30:00,SELL,5234.78,5208.453392857143,5252.331071428572,5208.453392857143,0.1,262.5660714285703,2632.660714285703,1.4900687083239927,TP,2026Q1,2026,0
4069,95221,2026-02-27 16:30:00,95224,2026-02-27 18:00:00,SELL,5231.17,5251.184285714286,5251.184285714286,5201.148571428571,0.1,-200.84285714285505,-2001.4285714285506,-1.0,SL,2026Q1,2026,3
4070,95234,2026-02-27 23:00:00,95236,2026-03-02 01:00:00,SELL,5263.14,5288.514642857143,5288.514642857143,5225.078035714286,0.1,-254.44642857143043,-2537.4642857143044,-1.0,SL,2026Q1,2026,2
4071,95237,2026-03-02 01:30:00,95237,2026-03-02 01:30:00,SELL,5353.98,5385.649285714286,5385.649285714286,5306.47607142857,0.1,-317.3928571428616,-3166.928571428616,-1.0,SL,2026Q1,2026,0
4072,95238,2026-03-02 02:00:00,95240,2026-03-02 03:00:00,SELL,5386.87,5336.040892857142,5420.756071428572,5336.040892857142,0.1,507.5910714285754,5082.910714285754,1.4948462824868132,TP,2026Q1,2026,2
4073,95243,2026-03-02 04:30:00,95250,2026-03-02 08:00:00,SELL,5331.28,5373.659285714285,5373.659285714285,5267.711071428571,0.1,-424.49285714285287,-4237.928571428529,-1.0,SL,2026Q1,2026,7
4074,95251,2026-03-02 08:30:00,95252,2026-03-02 09:00:00,SELL,5380.49,5417.093214285714,5417.093214285714,5325.5851785714285,0.1,-366.73214285713874,-3660.3214285713875,-1.0,SL,2026Q1,2026,1
4075,95253,2026-03-02 09:30:00,95266,2026-03-02 16:00:00,SELL,5408.05,5357.844464285715,5441.520357142857,5357.844464285715,0.1,501.3553571428536,5020.553571428536,1.4947824049918408,TP,2026Q1,2026,13
4076,95303,2026-03-03 11:30:00,95306,2026-03-03 13:00:00,BUY,5242.43,5203.484642857143,5203.484642857143,5300.848035714286,0.1,-390.15357142857573,-3894.5357142857574,-1.0,SL,2026Q1,2026,3
4077,95307,2026-03-03 13:30:00,95309,2026-03-03 14:30:00,BUY,5126.52,5217.469821428572,5065.886785714286,5217.469821428572,0.1,908.7982142857134,9094.982142857134,1.4971171213574164,TP,2026Q1,2026,2
4078,95314,2026-03-03 17:00:00,95334,2026-03-04 04:00:00,BUY,5038.92,5181.431785714286,4943.912142857143,5181.431785714286,0.1,1424.417857142859,14251.17857142859,1.4981594031958865,TP,2026Q1,2026,20
4079,95409,2026-03-05 18:30:00,95425,2026-03-06 03:30:00,BUY,5063.98,5124.6110714285705,5023.559285714286,5124.6110714285705,0.1,605.6107142857097,6063.107142857098,1.4956780214158447,TP,2026Q1,2026,16
4080,95520,2026-03-10 04:00:00,95542,2026-03-10 15:00:00,SELL,5184.17,5215.507142857143,5215.507142857143,5137.164285714286,0.1,-314.0714285714268,-3133.714285714268,-1.0,SL,2026Q1,2026,22
4081,95543,2026-03-10 15:30:00,95544,2026-03-10 16:00:00,SELL,5221.49,5187.262678571428,5244.308214285714,5187.262678571428,0.1,341.57321428571487,3422.7321428571486,1.4923541435860825,TP,2026Q1,2026,1
4082,95547,2026-03-10 17:30:00,95552,2026-03-10 20:00:00,SELL,5225.57,5185.084464285714,5252.560357142856,5185.084464285714,0.1,404.15535714286017,4048.5535714286016,1.4935329752273694,TP,2026Q1,2026,5
4083,95606,2026-03-12 01:00:00,95611,2026-03-12 03:30:00,BUY,5138.54,5167.646964285714,5119.135357142857,5167.646964285714,0.1,290.3696428571373,2910.696428571373,1.4910139558766662,TP,2026Q1,2026,5
4084,95644,2026-03-12 20:00:00,95648,2026-03-12 22:00:00,BUY,5105.33,5078.4725,5078.4725,5145.61625,0.1,-269.2750000000007,-2685.7500000000073,-1.0,SL,2026Q1,2026,4
4085,95649,2026-03-12 22:30:00,95655,2026-03-13 02:30:00,BUY,5071.91,5111.897321428572,5045.251785714286,5111.897321428572,0.1,399.17321428571705,3998.7321428571704,1.4934526116062652,TP,2026Q1,2026,6
4086,95668,2026-03-13 09:00:00,95670,2026-03-13 10:00:00,BUY,5088.29,5071.540357142857,5071.540357142857,5113.4144642857145,0.1,-168.19642857143043,-1674.9642857143044,-1.0,SL,2026Q1,2026,2
4087,95671,2026-03-13 10:30:00,95677,2026-03-13 13:30:00,BUY,5070.93,5100.734464285714,5051.060357142857,5100.734464285714,0.1,297.3446428571395,2980.446428571395,1.4912235138184653,TP,2026Q1,2026,6
4088,95684,2026-03-13 17:00:00,95693,2026-03-13 21:30:00,BUY,5041.83,5013.414642857143,5013.414642857143,5084.453035714286,0.1,-284.8535714285692,-2841.535714285692,-1.0,SL,2026Q1,2026,9
4089,95694,2026-03-13 22:00:00,95698,2026-03-16 01:00:00,BUY,5016.6,4981.430357142858,4981.430357142858,5069.354464285714,0.1,-352.39642857142206,-3516.9642857142208,-1.0,SL,2026Q1,2026,4
4090,95699,2026-03-16 01:30:00,95755,2026-03-17 06:30:00,BUY,4989.92,5039.749464285714,4956.700357142858,5039.749464285714,0.1,497.59464285713585,4982.946428571358,1.49474310971881,TP,2026Q1,2026,56
4091,95815,2026-03-18 13:30:00,95815,2026-03-18 13:30:00,BUY,4948.62,4928.1107142857145,4928.1107142857145,4979.383928571428,0.1,-205.79285714285396,-2050.9285714285397,-1.0,SL,2026Q1,2026,0
4092,95816,2026-03-18 14:00:00,95816,2026-03-18 14:00:00,BUY,4930.3,4906.806785714286,4906.806785714286,4965.5398214285715,0.1,-235.63214285714201,-2349.3214285714203,-1.0,SL,2026Q1,2026,0
4093,95817,2026-03-18 14:30:00,95817,2026-03-18 14:30:00,BUY,4901.99,4875.371428571429,4875.371428571429,4941.9178571428565,0.1,-266.8857142857116,-2661.857142857116,-1.0,SL,2026Q1,2026,0
4094,95818,2026-03-18 15:00:00,95818,2026-03-18 15:00:00,BUY,4881.61,4853.201071428572,4853.201071428572,4924.223392857142,0.1,-284.78928571428077,-2840.8928571428078,-1.0,SL,2026Q1,2026,0
4095,95819,2026-03-18 15:30:00,95832,2026-03-18 22:00:00,BUY,4861.45,4829.520357142857,4829.520357142857,4909.344464285714,0.1,-319.99642857142425,-3192.9642857142426,-1.0,SL,2026Q1,2026,13
4096,95833,2026-03-18 22:30:00,95841,2026-03-19 03:30:00,BUY,4811.25,4862.889107142857,4776.823928571429,4862.889107142857,0.1,515.6910714285702,5163.910714285703,1.4949269585563705,TP,2026Q1,2026,8
4097,95849,2026-03-19 07:30:00,95850,2026-03-19 08:00:00,BUY,4846.95,4826.644285714286,4826.644285714286,4877.408571428571,0.1,-203.75714285714201,-2030.5714285714203,-1.0,SL,2026Q1,2026,1
4098,95851,2026-03-19 08:30:00,95851,2026-03-19 08:30:00,BUY,4813.85,4792.923928571429,4792.923928571429,4845.239107142857,0.1,-209.96071428571048,-2092.607142857105,-1.0,SL,2026Q1,2026,0
4099,95852,2026-03-19 09:00:00,95853,2026-03-19 09:30:00,BUY,4763.78,4736.469285714285,4736.469285714285,4804.746071428571,0.1,-273.8071428571431,-2731.071428571431,-1.0,SL,2026Q1,2026,1
4100,95854,2026-03-19 10:00:00,95855,2026-03-19 10:30:00,BUY,4727.8,4695.3775000000005,4695.3775000000005,4776.43375,0.1,-324.9249999999967,-3242.2499999999673,-1.0,SL,2026Q1,2026,1
4101,95856,2026-03-19 11:00:00,95858,2026-03-19 12:00:00,BUY,4709.23,4673.589999999999,4673.589999999999,4762.69,0.1,-357.10000000000326,-3564.0000000000327,-1.0,SL,2026Q1,2026,2
4102,95859,2026-03-19 12:30:00,95862,2026-03-19 14:00:00,BUY,4683.11,4639.245714285714,4639.245714285714,4748.9064285714285,0.1,-439.3428571428587,-4386.428571428587,-1.0,SL,2026Q1,2026,3
4103,95863,2026-03-19 14:30:00,95863,2026-03-19 14:30:00,BUY,4606.99,4549.969642857142,4549.969642857142,4692.520535714286,0.1,-570.903571428574,-5702.035714285739,-1.0,SL,2026Q1,2026,0
4104,95864,2026-03-19 15:00:00,95864,2026-03-19 15:00:00,BUY,4574.29,4510.158571428571,4510.158571428571,4670.487142857143,0.1,-642.0142857142885,-6413.142857142884,-1.0,SL,2026Q1,2026,0
4105,95865,2026-03-19 15:30:00,95887,2026-03-20 03:30:00,BUY,4576.47,4680.670714285715,4507.0028571428575,4680.670714285715,0.1,1041.3071428571463,10420.071428571464,1.4974833593557464,TP,2026Q1,2026,22
4106,95913,2026-03-20 16:30:00,95921,2026-03-20 20:30:00,BUY,4557.79,4510.678214285715,4510.678214285715,4628.457678571428,0.1,-471.8178571428536,-4711.178571428536,-1.0,SL,2026Q1,2026,8
4107,95922,2026-03-20 21:00:00,95930,2026-03-23 02:00:00,BUY,4499.89,4439.418571428572,4439.418571428572,4590.597142857143,0.1,-605.4142857142808,-6047.142857142808,-1.0,SL,2026Q1,2026,8
4108,95931,2026-03-23 02:30:00,95931,2026-03-23 02:30:00,BUY,4427.48,4368.576071428571,4368.576071428571,4515.835892857142,0.1,-589.7392857142888,-5890.392857142888,-1.0,SL,2026Q1,2026,0
4109,95932,2026-03-23 03:00:00,95942,2026-03-23 08:00:00,BUY,4354.13,4285.292857142857,4285.292857142857,4457.385714285714,0.1,-689.0714285714268,-6883.714285714268,-1.0,SL,2026Q1,2026,10
4110,95943,2026-03-23 08:30:00,95944,2026-03-23 09:00:00,BUY,4243.65,4162.144285714286,4162.144285714286,4365.908571428571,0.1,-815.7571428571403,-8150.571428571402,-1.0,SL,2026Q1,2026,1
4111,95945,2026-03-23 09:30:00,95948,2026-03-23 11:00:00,BUY,4135.8,4274.1476785714285,4043.5682142857145,4274.1476785714285,0.1,1382.7767857142833,13834.767857142833,1.4981040453481373,TP,2026Q1,2026,3
4112,95950,2026-03-23 12:00:00,95952,2026-03-23 13:00:00,BUY,4254.03,4386.066428571428,4166.005714285714,4386.066428571428,0.1,1319.6642857142858,13203.642857142859,1.4980134920377517,TP,2026Q1,2026,2
4113,96021,2026-03-25 01:30:00,96022,2026-03-25 02:00:00,SELL,4509.68,4556.231428571429,4556.231428571429,4439.852857142857,0.1,-466.21428571428913,-4655.142857142891,-1.0,SL,2026Q1,2026,1
4114,96023,2026-03-25 02:30:00,96079,2026-03-26 07:30:00,SELL,4553.67,4480.408392857143,4602.511071428572,4480.408392857143,0.1,731.9160714285742,7326.160714285743,1.4964220779694835,TP,2026Q1,2026,56
4115,96080,2026-03-26 08:00:00,96100,2026-03-26 18:00:00,BUY,4439.01,4407.117857142857,4407.117857142857,4486.848214285715,0.1,-319.6214285714297,-3189.214285714297,-1.0,SL,2026Q1,2026,20
4116,96105,2026-03-26 20:30:00,96118,2026-03-27 04:00:00,BUY,4374.42,4438.446964285714,4331.7353571428575,4438.446964285714,0.1,639.569642857138,6402.69642857138,1.495906877281498,TP,2026Q1,2026,13
4117,96144,2026-03-27 17:00:00,96144,2026-03-27 17:00:00,SELL,4509.64,4543.345000000001,4543.345000000001,4459.0824999999995,0.1,-337.75000000000836,-3370.5000000000837,-1.0,SL,2026Q1,2026,0
4118,96145,2026-03-27 17:30:00,96148,2026-03-27 19:00:00,SELL,4543.48,4487.620535714284,4580.719642857143,4487.620535714284,0.1,557.8946428571514,5585.946428571515,1.4953095235815974,TP,2026Q1,2026,3
4119,96183,2026-03-30 14:30:00,96183,2026-03-30 14:30:00,SELL,4543.52,4567.518928571429,4567.518928571429,4507.521607142858,0.1,-240.68928571428222,-2399.8928571428223,-1.0,SL,2026Q1,2026,0
4120,96184,2026-03-30 15:00:00,96187,2026-03-30 16:30:00,SELL,4559.35,4518.575178571429,4586.533214285715,4518.575178571429,0.1,407.0482142857116,4077.482142857116,1.4935787390739947,TP,2026Q1,2026,3
4121,96210,2026-03-31 05:00:00,96216,2026-03-31 08:00:00,SELL,4604.8,4550.163571428571,4641.224285714286,4550.163571428571,0.1,545.6642857142895,5463.642857142895,1.495204728724641,TP,2026Q1,2026,6
4122,96235,2026-03-31 17:30:00,96239,2026-03-31 19:30:00,SELL,4618.92,4650.381428571429,4650.381428571429,4571.727857142857,0.1,-315.3142857142877,-3146.142857142877,-1.0,SL,2026Q1,2026,4
4123,96241,2026-03-31 20:30:00,96249,2026-04-01 01:30:00,SELL,4648.68,4689.219642857143,4689.219642857143,4587.870535714286,0.1,-406.09642857143007,-4053.964285714301,-1.0,SL,2026Q1,2026,8
4124,96250,2026-04-01 02:00:00,96252,2026-04-01 03:00:00,SELL,4681.26,4711.535357142858,4711.535357142858,4635.846964285714,0.1,-303.453571428575,-3027.53571428575,-1.0,SL,2026Q2,2026,2
4125,96253,2026-04-01 03:30:00,96260,2026-04-01 07:00:00,SELL,4721.65,4675.706607142857,4752.278928571428,4675.706607142857,0.1,458.733928571425,4594.33928571425,1.4942994753190548,TP,2026Q2,2026,7
4126,96265,2026-04-01 09:30:00,96267,2026-04-01 10:30:00,SELL,4709.05,4738.198214285715,4738.198214285715,4665.327678571429,0.1,-292.18214285714856,-2914.8214285714857,-1.0,SL,2026Q2,2026,2
4127,96268,2026-04-01 11:00:00,96274,2026-04-01 14:00:00,SELL,4712.79,4744.045714285714,4744.045714285714,4665.9064285714285,0.1,-313.2571428571402,-3125.571428571402,-1.0,SL,2026Q2,2026,6
4128,96275,2026-04-01 14:30:00,96282,2026-04-01 18:00:00,SELL,4744.96,4774.99,4774.99,4699.915,0.1,-300.99999999999744,-3002.9999999999745,-1.0,SL,2026Q2,2026,7
4129,96283,2026-04-01 18:30:00,96300,2026-04-02 04:00:00,SELL,4772.88,4725.668571428571,4804.354285714286,4725.668571428571,0.1,471.4142857142877,4721.142857142877,1.4944522440107024,TP,2026Q2,2026,17
4130,96310,2026-04-02 09:00:00,96326,2026-04-02 17:00:00,BUY,4594.21,4672.482678571429,4542.028214285714,4672.482678571429,0.1,782.0267857142851,7827.267857142851,1.4966508321656724,TP,2026Q2,2026,16
4131,96434,2026-04-08 02:00:00,96465,2026-04-08 17:30:00,SELL,4818.17,4751.010714285714,4862.942857142857,4751.010714285714,0.1,670.8928571428594,6715.928571428594,1.4960974832749383,TP,2026Q2,2026,31
4132,96514,2026-04-09 19:00:00,96528,2026-04-10 03:00:00,SELL,4792.72,4754.911964285714,4817.925357142858,4754.911964285714,0.1,377.38035714286235,3780.8035714286234,1.4930762600500027,TP,2026Q2,2026,14
4133,96571,2026-04-13 01:30:00,96575,2026-04-13 03:30:00,BUY,4647.15,4693.006607142856,4616.578928571428,4693.006607142856,0.1,457.86607142856775,4585.660714285677,1.4942887114633572,TP,2026Q2,2026,4
4134,96649,2026-04-14 17:30:00,96654,2026-04-14 20:00:00,SELL,4809.14,4831.941071428572,4831.941071428572,4774.938392857143,0.1,-228.71071428571958,-2280.107142857196,-1.0,SL,2026Q2,2026,5
4135,96656,2026-04-14 21:00:00,96668,2026-04-15 04:00:00,SELL,4834.95,4860.288214285714,4860.288214285714,4796.942678571428,0.1,-254.08214285714456,-2533.8214285714457,-1.0,SL,2026Q2,2026,12
4136,96669,2026-04-15 04:30:00,96671,2026-04-15 05:30:00,SELL,4850.61,4823.828571428571,4868.464285714285,4823.828571428571,0.1,267.1142857142848,2678.142857142848,1.490236709970511,TP,2026Q2,2026,2
4137,96761,2026-04-17 04:30:00,96761,2026-04-17 04:30:00,BUY,4768.95,4787.34375,4756.6875,4787.34375,0.1,183.23750000000183,1839.3750000000182,1.4858098520170648,TP,2026Q2,2026,0
4138,96784,2026-04-17 16:00:00,96784,2026-04-17 16:00:00,SELL,4846.15,4866.045357142857,4866.045357142857,4816.306964285714,0.1,-199.6535714285739,-1989.5357142857392,-1.0,SL,2026Q2,2026,0
4139,96785,2026-04-17 16:30:00,96785,2026-04-17 16:30:00,SELL,4851.38,4875.836428571429,4875.836428571429,4814.695357142857,0.1,-245.2642857142866,-2445.642857142866,-1.0,SL,2026Q2,2026,0
4140,96786,2026-04-17 17:00:00,96799,2026-04-17 23:30:00,SELL,4880.29,4839.455714285714,4907.512857142858,4839.455714285714,0.1,407.64285714286126,4083.4285714286125,1.4935880659513052,TP,2026Q2,2026,13
4141,96803,2026-04-20 02:30:00,96803,2026-04-20 02:30:00,BUY,4769.31,4745.593928571429,4745.593928571429,4804.884107142858,0.1,-237.86071428571012,-2371.6071428571013,-1.0,SL,2026Q2,2026,0
4142,96804,2026-04-20 03:00:00,96806,2026-04-20 04:00:00,BUY,4755.41,4793.748392857143,4729.851071428571,4793.748392857143,0.1,382.68392857142936,3833.8392857142935,1.4931717785426626,TP,2026Q2,2026,2
4143,96880,2026-04-21 18:00:00,96883,2026-04-21 19:30:00,BUY,4739.59,4714.729642857143,4714.729642857143,4776.8805357142855,0.1,-249.30357142857537,-2486.035714285754,-1.0,SL,2026Q2,2026,3
4144,96884,2026-04-21 20:00:00,96889,2026-04-21 22:30:00,BUY,4711.23,4680.7125,4680.7125,4757.006249999999,0.1,-305.87499999999926,-3051.7499999999927,-1.0,SL,2026Q2,2026,5
4145,96890,2026-04-21 23:00:00,96895,2026-04-22 02:30:00,BUY,4679.49,4734.560357142856,4642.776428571428,4734.560357142856,0.1,550.0035714285666,5507.0357142856665,1.4952424413072483,TP,2026Q2,2026,5
4146,96963,2026-04-23 13:30:00,96965,2026-04-23 14:30:00,BUY,4686.95,4712.844285714285,4669.687142857143,4712.844285714285,0.1,258.24285714285617,2589.4285714285616,1.4899035687793882,TP,2026Q2,2026,2
4147,96996,2026-04-24 07:00:00,97010,2026-04-24 14:00:00,BUY,4672.13,4697.500357142857,4655.216428571429,4697.500357142857,0.1,253.00357142856848,2537.0357142856847,1.4896959246330488,TP,2026Q2,2026,14
4148,97066,2026-04-27 19:00:00,97079,2026-04-28 02:30:00,BUY,4670.12,4693.7787499999995,4654.3475,4693.7787499999995,0.1,235.887499999996,2365.87499999996,1.4889537636105128,TP,2026Q2,2026,13
4149,97084,2026-04-28 05:00:00,97090,2026-04-28 08:00:00,BUY,4670.94,4660.995,4660.995,4685.857499999999,0.1,-100.14999999999709,-994.4999999999709,-1.0,SL,2026Q2,2026,6
4150,97091,2026-04-28 08:30:00,97091,2026-04-28 08:30:00,BUY,4658.43,4645.7978571428575,4645.7978571428575,4677.378214285714,0.1,-127.02142857142753,-1263.2142857142753,-1.0,SL,2026Q2,2026,0
4151,97092,2026-04-28 09:00:00,97096,2026-04-28 11:00:00,BUY,4632.37,4616.405714285715,4616.405714285715,4656.316428571428,0.1,-160.34285714285323,-1596.4285714285325,-1.0,SL,2026Q2,2026,4
4152,97097,2026-04-28 11:30:00,97099,2026-04-28 12:30:00,BUY,4626.92,4605.939285714286,4605.939285714286,4658.391071428571,0.1,-210.50714285714383,-2098.0714285714384,-1.0,SL,2026Q2,2026,2
4153,97100,2026-04-28 13:00:00,97103,2026-04-28 14:30:00,BUY,4604.5,4583.823571428572,4583.823571428572,4635.5146428571425,0.1,-207.46428571428004,-2067.6428571428005,-1.0,SL,2026Q2,2026,3
4154,97104,2026-04-28 15:00:00,97126,2026-04-29 03:00:00,BUY,4562.98,4604.003928571428,4535.630714285714,4604.003928571428,0.1,409.5392857142877,4102.392857142877,1.4936176309688343,TP,2026Q2,2026,22
4155,97129,2026-04-29 04:30:00,97130,2026-04-29 05:00:00,BUY,4580.65,4599.844107142857,4567.853928571429,4599.844107142857,0.1,191.2410714285732,1919.410714285732,1.486398334490008,TP,2026Q2,2026,1
4156,97142,2026-04-29 11:00:00,97151,2026-04-29 15:30:00,BUY,4568.02,4549.615000000001,4549.615000000001,4595.6275000000005,0.1,-184.74999999999744,-1840.4999999999745,-1.0,SL,2026Q2,2026,9
4157,97152,2026-04-29 16:00:00,97153,2026-04-29 16:30:00,BUY,4545.19,4524.3271428571425,4524.3271428571425,4576.484285714285,0.1,-209.32857142857137,-2086.2857142857138,-1.0,SL,2026Q2,2026,1
4158,97154,2026-04-29 17:00:00,97157,2026-04-29 18:30:00,BUY,4521.9,4557.040178571428,4498.473214285714,4557.040178571428,0.1,350.70178571428806,3514.0178571428805,1.4925521727895914,TP,2026Q2,2026,3
4159,97189,2026-04-30 11:30:00,97192,2026-04-30 13:00:00,SELL,4617.32,4638.419642857142,4638.419642857142,4585.6705357142855,0.1,-211.69642857142497,-2109.96428571425,-1.0,SL,2026Q2,2026,3
4160,97193,2026-04-30 13:30:00,97200,2026-04-30 17:00:00,SELL,4643.62,4610.196250000001,4665.902499999999,4610.196250000001,0.1,333.5374999999902,3342.374999999902,1.492170898109831,TP,2026Q2,2026,7
4161,97235,2026-05-01 11:30:00,97242,2026-05-01 15:00:00,BUY,4567.27,4593.082321428572,4550.061785714286,4593.082321428572,0.1,257.42321428571523,2581.232142857152,1.489871638520846,TP,2026Q2,2026,7
4162,97285,2026-05-04 13:30:00,97288,2026-05-04 15:00:00,BUY,4545.1,4576.256071428572,4524.329285714286,4576.256071428572,0.1,310.86071428571523,3115.607142857152,1.4916029749460193,TP,2026Q2,2026,3
4163,97310,2026-05-05 03:00:00,97315,2026-05-05 05:30:00,BUY,4519.16,4543.590178571429,4502.873214285714,4543.590178571429,0.1,243.6017857142877,2443.017857142877,1.489301076442745,TP,2026Q2,2026,5
4164,97357,2026-05-06 03:30:00,97357,2026-05-06 03:30:00,SELL,4602.13,4619.578214285714,4619.578214285714,4575.957678571429,0.1,-175.1821428571413,-1744.821428571413,-1.0,SL,2026Q2,2026,0
4165,97358,2026-05-06 04:00:00,97361,2026-05-06 05:30:00,SELL,4618.59,4637.004642857143,4637.004642857143,4590.968035714286,0.1,-184.84642857143007,-1841.4642857143008,-1.0,SL,2026Q2,2026,3
4166,97362,2026-05-06 06:00:00,97367,2026-05-06 08:30:00,SELL,4640.53,4661.071428571428,4661.071428571428,4609.717857142857,0.1,-206.11428571428695,-2054.1428571428696,-1.0,SL,2026Q2,2026,5
4167,97368,2026-05-06 09:00:00,97373,2026-05-06 11:30:00,SELL,4662.91,4683.056071428571,4683.056071428571,4632.690892857143,0.1,-202.16071428571303,-2014.6071428571304,-1.0,SL,2026Q2,2026,5
4168,97374,2026-05-06 12:00:00,97377,2026-05-06 13:30:00,SELL,4700.34,4719.7757142857145,4719.7757142857145,4671.186428571429,0.1,-195.0571428571431,-1943.5714285714312,-1.0,SL,2026Q2,2026,3
4169,97378,2026-05-06 14:00:00,97380,2026-05-06 15:00:00,SELL,4717.79,4686.7528571428575,4738.481428571428,4686.7528571428575,0.1,309.671428571425,3103.71428571425,1.4915709075896237,TP,2026Q2,2026,2
4170,97381,2026-05-06 15:30:00,97384,2026-05-06 17:00:00,SELL,4683.24,4709.1075,4709.1075,4644.438749999999,0.1,-259.3750000000029,-2586.750000000029,-1.0,SL,2026Q2,2026,3
4171,97385,2026-05-06 17:30:00,97415,2026-05-07 09:30:00,SELL,4705.83,4734.733928571429,4734.733928571429,4662.474107142857,0.1,-289.73928571428877,-2890.392857142888,-1.0,SL,2026Q2,2026,30
4172,97416,2026-05-07 10:00:00,97430,2026-05-07 17:00:00,SELL,4738.5,4758.795,4758.795,4708.0575,0.1,-203.65000000000072,-2029.5000000000073,-1.0,SL,2026Q2,2026,14
4173,97431,2026-05-07 17:30:00,97434,2026-05-07 19:00:00,SELL,4756.31,4724.540000000001,4777.490000000001,4724.540000000001,0.1,316.9999999999953,3176.9999999999527,1.4917647058823105,TP,2026Q2,2026,3
4174,97522,2026-05-11 17:00:00,97539,2026-05-12 02:30:00,SELL,4736.1,4758.071785714286,4758.071785714286,4703.142321428572,0.1,-220.41785714285942,-2197.1785714285943,-1.0,SL,2026Q2,2026,17
4175,97540,2026-05-12 03:00:00,97542,2026-05-12 04:00:00,SELL,4767.14,4744.950178571429,4781.933214285715,4744.950178571429,0.1,221.19821428571123,2218.982142857112,1.4882259653506678,TP,2026Q2,2026,2
4176,97673,2026-05-14 23:30:00,97678,2026-05-15 03:00:00,BUY,4648.27,4630.765,4630.765,4674.527500000001,0.1,-175.75000000000108,-1750.500000000011,-1.0,SL,2026Q2,2026,5
4177,97679,2026-05-15 03:30:00,97679,2026-05-15 03:30:00,BUY,4630.27,4614.217857142858,4614.217857142858,4654.348214285715,0.1,-161.22142857142825,-1605.2142857142826,-1.0,SL,2026Q2,2026,0
4178,97680,2026-05-15 04:00:00,97680,2026-05-15 04:00:00,BUY,4630.38,4613.447142857143,4613.447142857143,4655.779285714286,0.1,-170.02857142856845,-1693.2857142856847,-1.0,SL,2026Q2,2026,0
4179,97681,2026-05-15 04:30:00,97688,2026-05-15 08:00:00,BUY,4608.93,4590.100714285714,4590.100714285714,4637.173928571429,0.1,-188.99285714286015,-1882.9285714286016,-1.0,SL,2026Q2,2026,7
4180,97689,2026-05-15 08:30:00,97689,2026-05-15 08:30:00,BUY,4588.99,4566.04,4566.04,4623.415,0.1,-230.19999999999817,-2294.999999999982,-1.0,SL,2026Q2,2026,0
4181,97690,2026-05-15 09:00:00,97697,2026-05-15 12:30:00,BUY,4558.8,4532.966785714286,4532.966785714286,4597.549821428572,0.1,-259.03214285714347,-2583.321428571435,-1.0,SL,2026Q2,2026,7
4182,97698,2026-05-15 13:00:00,97705,2026-05-15 16:30:00,BUY,4545.91,4518.170714285714,4518.170714285714,4587.518928571428,0.1,-278.0928571428587,-2773.928571428587,-1.0,SL,2026Q2,2026,7
4183,97706,2026-05-15 17:00:00,97725,2026-05-18 03:30:00,BUY,4533.3,4504.3832142857145,4504.3832142857145,4576.675178571429,0.1,-289.8678571428565,-2891.678571428565,-1.0,SL,2026Q2,2026,19
4184,97726,2026-05-18 04:00:00,97726,2026-05-18 04:00:00,BUY,4514.91,4491.204642857143,4491.204642857143,4550.468035714285,0.1,-237.75357142856882,-2370.5357142856883,-1.0,SL,2026Q2,2026,0
4185,97727,2026-05-18 04:30:00,97729,2026-05-18 05:30:00,BUY,4504.52,4540.942678571429,4480.238214285715,4540.942678571429,0.1,363.5267857142815,3642.267857142815,1.492813668695461,TP,2026Q2,2026,2
4186,97797,2026-05-19 16:30:00,97797,2026-05-19 16:30:00,BUY,4492.47,4468.782857142857,4468.782857142857,4528.000714285715,0.1,-237.57142857143043,-2368.7142857143044,-1.0,SL,2026Q2,2026,0
4187,97812,2026-05-20 01:00:00,97817,2026-05-20 03:30:00,BUY,4482.24,4507.9719642857135,4465.085357142857,4507.9719642857135,0.1,256.6196428571373,2573.196428571373,1.4898401376764754,TP,2026Q2,2026,5
4188,97819,2026-05-20 04:30:00,97819,2026-05-20 04:30:00,BUY,4473.76,4456.357857142857,4456.357857142857,4499.863214285714,0.1,-174.7214285714319,-1740.214285714319,-1.0,SL,2026Q2,2026,0
4189,97822,2026-05-20 06:00:00,97838,2026-05-20 14:00:00,BUY,4465.37,4497.969285714285,4443.637142857143,4497.969285714285,0.1,325.29285714285544,3259.9285714285543,1.49197352902634,TP,2026Q2,2026,16
4190,97862,2026-05-21 03:00:00,97864,2026-05-21 04:00:00,SELL,4546.36,4558.486428571428,4558.486428571428,4528.170357142857,0.1,-121.96428571428733,-1212.6428571428733,-1.0,SL,2026Q2,2026,2
4191,97865,2026-05-21 04:30:00,97866,2026-05-21 05:00:00,SELL,4566.72,4544.862857142857,4581.291428571429,4544.862857142857,0.1,217.87142857143118,2185.7142857143117,1.488047614401436,TP,2026Q2,2026,1
4192,97952,2026-05-25 02:00:00,97998,2026-05-26 04:30:00,SELL,4564.84,4536.422500000001,4583.785,4536.422500000001,0.1,283.47499999999565,2841.7499999999563,1.4907967394162502,TP,2026Q2,2026,46
4193,98063,2026-05-27 14:00:00,98064,2026-05-27 14:30:00,BUY,4445.91,4425.596785714286,4425.596785714286,4476.379821428572,0.1,-203.8321428571391,-2031.3214285713912,-1.0,SL,2026Q2,2026,1
4194,98065,2026-05-27 15:00:00,98065,2026-05-27 15:00:00,BUY,4428.66,4460.155178571428,4407.663214285714,4460.155178571428,0.1,314.2517857142837,3149.517857142837,1.4916930849170158,TP,2026Q2,2026,0
4195,98067,2026-05-27 16:00:00,98067,2026-05-27 16:00:00,BUY,4438.91,4414.199642857143,4414.199642857143,4475.975535714286,0.1,-247.8035714285699,-2471.035714285699,-1.0,SL,2026Q2,2026,0
4196,98068,2026-05-27 16:30:00,98069,2026-05-27 17:00:00,BUY,4404.51,4445.164285714286,4377.407142857143,4445.164285714286,0.1,405.84285714285835,4065.4285714285834,1.4935597497502928,TP,2026Q2,2026,1
4197,98090,2026-05-28 04:30:00,98091,2026-05-28 05:00:00,BUY,4419.3,4403.676428571429,4403.676428571429,4442.7353571428575,0.1,-156.93571428571266,-1562.3571428571267,-1.0,SL,2026Q2,2026,1
4198,98092,2026-05-28 05:30:00,98093,2026-05-28 06:00:00,BUY,4406.13,4388.299285714285,4388.299285714285,4432.876071428572,0.1,-179.00714285714747,-1783.0714285714748,-1.0,SL,2026Q2,2026,1
4199,98094,2026-05-28 06:30:00,98095,2026-05-28 07:00:00,BUY,4387.71,4367.398928571429,4367.398928571429,4418.176607142857,0.1,-203.81071428571266,-2031.1071428571267,-1.0,SL,2026Q2,2026,1
4200,98096,2026-05-28 07:30:00,98107,2026-05-28 13:00:00,BUY,4368.45,4402.209642857142,4345.943571428571,4402.209642857142,0.1,336.89642857142354,3375.9642857142353,1.4922485525357907,TP,2026Q2,2026,11
4201,98109,2026-05-28 14:00:00,98112,2026-05-28 15:30:00,BUY,4382.67,4411.770535714286,4363.269642857143,4411.770535714286,0.1,290.305357142858,2910.0535714285797,1.4910119779151227,TP,2026Q2,2026,3
4202,98120,2026-05-28 19:30:00,98151,2026-05-29 12:00:00,SELL,4500.4,4530.859642857143,4530.859642857143,4454.7105357142855,0.1,-305.2964285714308,-3045.964285714308,-1.0,SL,2026Q2,2026,31
4203,98152,2026-05-29 12:30:00,98161,2026-05-29 17:00:00,SELL,4528.72,4544.918928571429,4544.918928571429,4504.421607142857,0.1,-162.6892857142895,-1619.892857142895,-1.0,SL,2026Q2,2026,9
4204,98163,2026-05-29 18:00:00,98163,2026-05-29 18:00:00,SELL,4563.92,4588.6625,4588.6625,4526.80625,0.1,-248.1250000000029,-2474.250000000029,-1.0,SL,2026Q2,2026,0
4205,98164,2026-05-29 18:30:00,98175,2026-06-01 01:00:00,SELL,4578.39,4538.237142857143,4605.158571428572,4538.237142857143,0.1,400.828571428571,4015.28571428571,1.4934795337201088,TP,2026Q2,2026,11
4206,98206,2026-06-01 16:30:00,98214,2026-06-01 20:30:00,BUY,4464.89,4494.880892857143,4444.896071428571,4494.880892857143,0.1,299.2089285714308,2999.089285714308,1.4912778796347166,TP,2026Q2,2026,8
4207,98270,2026-06-03 02:30:00,98272,2026-06-03 03:30:00,BUY,4467.62,4487.106607142857,4454.628928571428,4487.106607142857,0.1,194.16607142856884,1948.6607142856883,1.4866014054851862,TP,2026Q2,2026,2
4208,98289,2026-06-03 12:00:00,98293,2026-06-03 14:00:00,BUY,4443.87,4467.77625,4427.9325,4467.77625,0.1,238.3625,2390.625,1.489067624550992,TP,2026Q2,2026,4
4209,98341,2026-06-04 15:00:00,98346,2026-06-04 17:30:00,SELL,4511.38,4483.473571428572,4529.984285714286,4483.473571428572,0.1,278.3642857142848,2790.642857142848,1.4906288249694004,TP,2026Q2,2026,5
4210,98389,2026-06-05 16:00:00,98390,2026-06-05 16:30:00,BUY,4406.57,4385.411428571429,4385.411428571429,4438.307857142857,0.1,-212.2857142857112,-2115.857142857112,-1.0,SL,2026Q2,2026,1
4211,98391,2026-06-05 17:00:00,98394,2026-06-05 18:30:00,BUY,4365.91,4341.154642857143,4341.154642857143,4403.043035714286,0.1,-248.25357142857064,-2475.5357142857065,-1.0,SL,2026Q2,2026,3
4212,98395,2026-06-05 19:00:00,98412,2026-06-08 04:30:00,BUY,4335.46,4304.456071428572,4304.456071428572,4381.9658928571425,0.1,-310.7392857142833,-3100.3928571428332,-1.0,SL,2026Q2,2026,17
4213,98413,2026-06-08 05:00:00,98420,2026-06-08 08:30:00,BUY,4325.9,4300.4064285714285,4300.4064285714285,4364.140357142857,0.1,-255.63571428571157,-2549.357142857116,-1.0,SL,2026Q2,2026,7
4214,98421,2026-06-08 09:00:00,98432,2026-06-08 14:30:00,BUY,4292.14,4332.895535714286,4264.969642857143,4332.895535714286,0.1,406.85535714285544,4075.5535714285543,1.4935757083109358,TP,2026Q2,2026,11
4215,98486,2026-06-09 18:30:00,98487,2026-06-09 19:00:00,BUY,4278.81,4253.678571428572,4253.678571428572,4316.507142857144,0.1,-252.0142857142884,-2513.142857142884,-1.0,SL,2026Q2,2026,1
4216,98488,2026-06-09 19:30:00,98498,2026-06-10 01:30:00,BUY,4263.29,4235.163928571428,4235.163928571428,4305.479107142857,0.1,-281.96071428571776,-2812.6071428571777,-1.0,SL,2026Q2,2026,10
4217,98499,2026-06-10 02:00:00,98500,2026-06-10 02:30:00,BUY,4237.25,4212.0575,4212.0575,4275.03875,0.1,-252.62500000000108,-2519.250000000011,-1.0,SL,2026Q2,2026,1
4218,98501,2026-06-10 03:00:00,98503,2026-06-10 04:00:00,BUY,4222.33,4197.577857142857,4197.577857142857,4259.458214285714,0.1,-248.22142857142643,-2475.2142857142644,-1.0,SL,2026Q2,2026,2
4219,98504,2026-06-10 04:30:00,98505,2026-06-10 05:00:00,BUY,4201.84,4178.232142857143,4178.232142857143,4237.251785714286,0.1,-236.77857142857027,-2360.785714285703,-1.0,SL,2026Q2,2026,1
4220,98506,2026-06-10 05:30:00,98517,2026-06-10 11:00:00,BUY,4188.05,4163.364285714286,4163.364285714286,4225.078571428571,0.1,-247.5571428571431,-2468.571428571431,-1.0,SL,2026Q2,2026,11
4221,98518,2026-06-10 11:30:00,98524,2026-06-10 14:30:00,BUY,4172.14,4148.861071428571,4148.861071428571,4207.058392857143,0.1,-233.48928571428877,-2327.892857142888,-1.0,SL,2026Q2,2026,6
4222,98525,2026-06-10 15:00:00,98530,2026-06-10 17:30:00,BUY,4147.51,4121.748571428571,4121.748571428571,4186.152142857143,0.1,-258.3142857142895,-2576.142857142895,-1.0,SL,2026Q2,2026,5
4223,98531,2026-06-10 18:00:00,98539,2026-06-10 22:00:00,BUY,4125.26,4089.6328571428576,4089.6328571428576,4178.700714285714,0.1,-356.97142857142643,-3562.7142857142644,-1.0,SL,2026Q2,2026,8
4224,98540,2026-06-10 22:30:00,98543,2026-06-11 01:00:00,BUY,4085.07,4049.5478571428575,4049.5478571428575,4138.353214285715,0.1,-355.92142857142625,-3552.2142857142626,-1.0,SL,2026Q2,2026,3
4225,98544,2026-06-11 01:30:00,98549,2026-06-11 04:00:00,BUY,4044.73,4089.615892857143,4014.8060714285716,4089.615892857143,0.1,448.15892857143064,4488.589285714306,1.494165485872156,TP,2026Q2,2026,5
4226,98586,2026-06-11 22:30:00,98590,2026-06-12 01:30:00,SELL,4195.64,4235.994285714286,4235.994285714286,4135.108571428572,0.1,-404.2428571428565,-4035.428571428565,-1.0,SL,2026Q2,2026,4
4227,98591,2026-06-12 02:00:00,98595,2026-06-12 04:00:00,SELL,4243.06,4185.789464285715,4281.240357142858,4185.789464285715,0.1,572.0053571428496,5727.053571428496,1.495424879319497,TP,2026Q2,2026,4
4228,98610,2026-06-12 11:30:00,98622,2026-06-12 17:30:00,SELL,4213.16,4179.914642857143,4235.323571428571,4179.914642857143,0.1,331.7535714285685,3324.5357142856847,1.4921290198220196,TP,2026Q2,2026,12
4229,98636,2026-06-15 01:30:00,98642,2026-06-15 04:30:00,SELL,4286.3,4318.874642857143,4318.874642857143,4237.438035714285,0.1,-326.4464285714286,-3257.4642857142862,-1.0,SL,2026Q2,2026,6
4230,98643,2026-06-15 05:00:00,98656,2026-06-15 11:30:00,SELL,4316.52,4344.186428571429,4344.186428571429,4275.020357142857,0.1,-277.36428571428695,-2766.6428571428696,-1.0,SL,2026Q2,2026,13
4231,98657,2026-06-15 12:00:00,98665,2026-06-15 16:00:00,SELL,4334.04,4351.068214285714,4351.068214285714,4308.497678571429,0.1,-170.98214285714056,-1702.8214285714057,-1.0,SL,2026Q2,2026,8
4232,98666,2026-06-15 16:30:00,98674,2026-06-15 20:30:00,SELL,4353.12,4328.345892857143,4369.636071428571,4328.345892857143,0.1,247.04107142857248,2477.4107142857247,1.4894489782735358,TP,2026Q2,2026,8
4233,98703,2026-06-16 12:00:00,98713,2026-06-16 17:00:00,SELL,4346.81,4326.246607142858,4360.518928571429,4326.246607142858,0.1,204.9339285714239,2056.339285714239,1.4872994479147765,TP,2026Q2,2026,10
4234,98770,2026-06-17 22:30:00,98777,2026-06-18 03:00:00,BUY,4227.07,4292.090178571429,4183.723214285714,4292.090178571429,0.1,649.5017857142891,6502.017857142891,1.4959693008793504,TP,2026Q2,2026,7
4235,98795,2026-06-18 12:00:00,98799,2026-06-18 14:00:00,BUY,4267.01,4247.190714285714,4247.190714285714,4296.738928571429,0.1,-198.89285714285796,-1981.9285714285797,-1.0,SL,2026Q2,2026,4
4236,98800,2026-06-18 14:30:00,98808,2026-06-18 18:30:00,BUY,4249.09,4228.431785714286,4228.431785714286,4280.077321428572,0.1,-207.28214285714165,-2065.8214285714166,-1.0,SL,2026Q2,2026,8
4237,98809,2026-06-18 19:00:00,98816,2026-06-18 22:30:00,BUY,4226.79,4201.596428571429,4201.596428571429,4264.580357142857,0.1,-252.63571428570975,-2519.3571428570976,-1.0,SL,2026Q2,2026,7
4238,98817,2026-06-18 23:00:00,98821,2026-06-19 02:00:00,BUY,4217.04,4194.159642857143,4194.159642857143,4251.360535714286,0.1,-229.50357142857064,-2288.0357142857065,-1.0,SL,2026Q2,2026,4
4239,98822,2026-06-19 02:30:00,98827,2026-06-19 05:00:00,BUY,4197.44,4180.034642857142,4180.034642857142,4223.548035714286,0.1,-174.7535714285761,-1740.535714285761,-1.0,SL,2026Q2,2026,5
4240,98828,2026-06-19 05:30:00,98830,2026-06-19 06:30:00,BUY,4179.53,4163.107142857142,4163.107142857142,4204.164285714286,0.1,-164.92857142857537,-1642.2857142857538,-1.0,SL,2026Q2,2026,2
4241,98831,2026-06-19 07:00:00,98832,2026-06-19 07:30:00,BUY,4153.45,4136.704642857143,4136.704642857143,4178.5680357142855,0.1,-168.15357142856845,-1674.5357142856847,-1.0,SL,2026Q2,2026,1
4242,98833,2026-06-19 08:00:00,98837,2026-06-19 10:00:00,BUY,4125.76,4154.105178571429,4106.863214285714,4154.105178571429,0.1,282.75178571428734,2834.5178571428733,1.4907733443801898,TP,2026Q2,2026,4
4243,98838,2026-06-19 10:30:00,98849,2026-06-19 16:00:00,BUY,4152.59,4182.4571428571435,4132.678571428572,4182.4571428571435,0.1,297.97142857143336,2986.7142857143335,1.4912418674483678,TP,2026Q2,2026,11
4244,98856,2026-06-19 19:30:00,98862,2026-06-22 03:30:00,BUY,4147.17,4173.384107142857,4129.693928571429,4173.384107142857,0.1,261.4410714285685,2621.4107142856847,1.4900262574039773,TP,2026Q2,2026,6
4245,98913,2026-06-23 06:00:00,98916,2026-06-23 07:30:00,BUY,4147.01,4130.140357142857,4130.140357142857,4172.314464285714,0.1,-169.39642857142934,-1686.9642857142935,-1.0,SL,2026Q2,2026,3
4246,98917,2026-06-23 08:00:00,98922,2026-06-23 10:30:00,BUY,4118.47,4097.0082142857145,4097.0082142857145,4150.662678571429,0.1,-215.31785714285724,-2146.1785714285725,-1.0,SL,2026Q2,2026,5
4247,98923,2026-06-23 11:00:00,98934,2026-06-23 16:30:00,BUY,4098.38,4139.29625,4071.1025,4139.29625,0.1,408.4625000000022,4091.625000000022,1.49360087759393,TP,2026Q2,2026,11
4248,98950,2026-06-24 01:30:00,98952,2026-06-24 02:30:00,BUY,4105.98,4091.758928571428,4091.758928571428,4127.311607142857,0.1,-142.91071428571576,-1422.1071428571577,-1.0,SL,2026Q2,2026,2
4249,98953,2026-06-24 03:00:00,98955,2026-06-24 04:00:00,BUY,4099.28,4084.6474999999996,4084.6474999999996,4121.22875,0.1,-147.02500000000163,-1463.2500000000164,-1.0,SL,2026Q2,2026,2
4250,98958,2026-06-24 05:30:00,98958,2026-06-24 05:30:00,BUY,4073.61,4052.865,4052.865,4104.7275,0.1,-208.15000000000344,-2074.5000000000346,-1.0,SL,2026Q2,2026,0
4251,98959,2026-06-24 06:00:00,98965,2026-06-24 09:00:00,BUY,4061.16,4094.6078571428575,4038.8614285714284,4094.6078571428575,0.1,333.7785714285763,3344.785714285763,1.492176523183058,TP,2026Q2,2026,6
4252,98973,2026-06-24 13:00:00,98975,2026-06-24 14:00:00,BUY,4064.57,4046.7703571428574,4046.7703571428574,4091.2694642857145,0.1,-178.6964285714277,-1779.9642857142771,-1.0,SL,2026Q2,2026,2
4253,98976,2026-06-24 14:30:00,98977,2026-06-24 15:00:00,BUY,4044.34,4026.3432142857146,4026.3432142857146,4071.335178571429,0.1,-180.66785714285578,-1799.678571428558,-1.0,SL,2026Q2,2026,1
4254,98978,2026-06-24 15:30:00,98978,2026-06-24 15:30:00,BUY,4015.41,3993.0460714285714,3993.0460714285714,4048.9558928571428,0.1,-224.33928571428459,-2236.392857142846,-1.0,SL,2026Q2,2026,0
4255,98979,2026-06-24 16:00:00,98980,2026-06-24 16:30:00,BUY,3988.13,4024.6394642857144,3963.7903571428574,4024.6394642857144,0.1,364.3946428571433,3650.946428571433,1.4928307021522618,TP,2026Q2,2026,1
4256,98989,2026-06-24 21:00:00,99029,2026-06-25 18:00:00,BUY,3973.08,4034.4873214285712,3932.1417857142856,4034.4873214285712,0.1,613.3732142857132,6140.732142857132,1.4957325622915214,TP,2026Q2,2026,40
4257,99074,2026-06-26 17:30:00,99091,2026-06-29 03:00:00,SELL,4084.2,4049.5355357142853,4107.3096428571425,4049.5355357142853,0.1,345.9446428571453,3466.446428571453,1.4924502719443058,TP,2026Q2,2026,17
4258,99138,2026-06-30 03:30:00,99138,2026-06-30 03:30:00,BUY,4006.33,3994.612857142857,3994.612857142857,4023.905714285714,0.1,-117.8714285714279,-1171.714285714279,-1.0,SL,2026Q2,2026,0
4259,99139,2026-06-30 04:00:00,99139,2026-06-30 04:00:00,BUY,3987.18,3973.5664285714283,3973.5664285714283,4007.600357142857,0.1,-136.83571428571503,-1361.3571428571504,-1.0,SL,2026Q2,2026,0
4260,99140,2026-06-30 04:30:00,99140,2026-06-30 04:30:00,BUY,3979.07,3961.698928571429,3961.698928571429,4005.126607142857,0.1,-174.41071428571212,-1737.1071428571213,-1.0,SL,2026Q2,2026,0
4261,99141,2026-06-30 05:00:00,99146,2026-06-30 07:30:00,BUY,3969.45,3997.575,3950.7,3997.575,0.1,280.55,2812.5,1.490701381509033,TP,2026Q2,2026,5
4262,99186,2026-07-01 04:30:00,99187,2026-07-01 05:00:00,BUY,3985.83,3972.2614285714285,3972.2614285714285,4006.182857142857,0.1,-136.3857142857143,-1356.8571428571431,-1.0,SL,2026Q3,2026,1
4263,99188,2026-07-01 05:30:00,99195,2026-07-01 09:00:00,BUY,3980.81,3965.4532142857142,3965.4532142857142,4003.8451785714287,0.1,-154.26785714285705,-1535.6785714285706,-1.0,SL,2026Q3,2026,7
4264,99196,2026-07-01 09:30:00,99204,2026-07-01 13:30:00,BUY,3967.55,3991.396785714286,3951.652142857143,3991.396785714286,0.1,237.76785714285944,2384.6785714285943,1.489040483113426,TP,2026Q3,2026,8
4265,99210,2026-07-01 16:30:00,99210,2026-07-01 16:30:00,SELL,4046.73,4068.4810714285713,4068.4810714285713,4014.103392857143,0.1,-218.2107142857132,-2175.107142857132,-1.0,SL,2026Q3,2026,0
4266,99211,2026-07-01 17:00:00,99222,2026-07-01 22:30:00,SELL,4089.27,4047.579107142857,4117.063928571429,4047.579107142857,0.1,416.208928571429,4169.08928571429,1.4937194785885408,TP,2026Q3,2026,11
4267,99255,2026-07-02 16:00:00,99256,2026-07-02 16:30:00,SELL,4117.59,4140.780000000001,4140.780000000001,4082.8050000000003,0.1,-232.60000000000508,-2319.000000000051,-1.0,SL,2026Q3,2026,1
4268,99257,2026-07-02 17:00:00,99277,2026-07-03 04:00:00,SELL,4136.79,4163.131071428571,4163.131071428571,4097.2783928571425,0.1,-264.1107142857101,-2634.1071428571013,-1.0,SL,2026Q3,2026,20
4269,99278,2026-07-03 04:30:00,99303,2026-07-03 17:00:00,SELL,4187.28,4157.043214285714,4207.437857142857,4157.043214285714,0.1,301.6678571428536,3023.678571428536,1.4913485645679356,TP,2026Q3,2026,25
4270,99310,2026-07-06 01:30:00,99311,2026-07-06 02:00:00,SELL,4184.31,4197.2528571428575,4197.2528571428575,4164.895714285714,0.1,-130.12857142857064,-1294.2857142857065,-1.0,SL,2026Q3,2026,1
4271,99312,2026-07-06 02:30:00,99312,2026-07-06 02:30:00,SELL,4200.23,4179.4175,4214.105,4179.4175,0.1,207.425,2081.25,1.4874506991753318,TP,2026Q3,2026,0
4272,99402,2026-07-08 01:30:00,99411,2026-07-08 06:00:00,BUY,4099.92,4127.5001785714285,4081.533214285714,4127.5001785714285,0.1,275.10178571428406,2758.0178571428405,1.490518392383729,TP,2026Q3,2026,9
4273,99423,2026-07-08 12:00:00,99434,2026-07-08 17:30:00,BUY,4056.82,4034.7464285714286,4034.7464285714286,4089.9303571428572,0.1,-221.4357142857154,-2207.357142857154,-1.0,SL,2026Q3,2026,11
4274,99436,2026-07-08 18:30:00,99440,2026-07-08 20:30:00,BUY,4031.05,4073.719642857143,4002.6035714285717,4073.719642857143,0.1,425.99642857142663,4266.964285714266,1.493863186634271,TP,2026Q3,2026,4
4275,99478,2026-07-09 16:30:00,99514,2026-07-10 11:30:00,SELL,4126.11,4101.612321428571,4142.441785714285,4101.612321428571,0.1,244.2767857142888,2449.767857142888,1.4893304300490207,TP,2026Q3,2026,36
4276,99572,2026-07-13 17:30:00,99576,2026-07-13 19:30:00,BUY,4016.49,3996.1992857142855,3996.1992857142855,4046.9260714285715,0.1,-203.6071428571433,-2029.071428571433,-1.0,SL,2026Q3,2026,4
4277,99577,2026-07-13 20:00:00,99600,2026-07-14 08:30:00,BUY,3993.75,4028.1798214285714,3970.7967857142858,4028.1798214285714,0.1,343.5982142857136,3442.982142857136,1.4923989761886296,TP,2026Q3,2026,23
4278,99615,2026-07-14 16:00:00,99619,2026-07-14 18:00:00,SELL,4075.97,4096.583214285714,4096.583214285714,4045.0501785714287,0.1,-206.83214285714547,-2061.321428571455,-1.0,SL,2026Q3,2026,4
4279,99707,2026-07-16 16:00:00,99707,2026-07-16 16:00:00,BUY,3992.08,3973.9567857142856,3973.9567857142856,4019.2648214285714,0.1,-181.9321428571431,-1812.3214285714312,-1.0,SL,2026Q3,2026,0
4280,99723,2026-07-17 01:00:00,99733,2026-07-17 06:00:00,BUY,3978.12,4005.348214285714,3959.967857142857,4005.348214285714,0.1,271.5821428571433,2722.821428571433,1.490396299635464,TP,2026Q3,2026,10
4281,99826,2026-07-21 06:30:00,99830,2026-07-21 08:30:00,SELL,4047.28,4062.886428571429,4062.886428571429,4023.8703571428573,0.1,-156.7642857142875,-1560.642857142875,-1.0,SL,2026Q3,2026,4
4282,99831,2026-07-21 09:00:00,99832,2026-07-21 09:30:00,SELL,4061.27,4078.025,4078.025,4036.1375,0.1,-168.25000000000108,-1675.500000000011,-1.0,SL,2026Q3,2026,1
4283,99833,2026-07-21 10:00:00,99844,2026-07-21 15:30:00,SELL,4078.33,4051.8732142857143,4095.967857142857,4051.8732142857143,0.1,263.86785714285617,2645.6785714285616,1.49011738130772,TP,2026Q3,2026,11
4284,99850,2026-07-21 18:30:00,99865,2026-07-22 03:00:00,SELL,4076.63,4091.7692857142856,4091.7692857142856,4053.921071428572,0.1,-152.09285714285505,-1513.9285714285506,-1.0,SL,2026Q3,2026,15
4285,99866,2026-07-22 03:30:00,99867,2026-07-22 04:00:00,SELL,4097.92,4109.299642857143,4109.299642857143,4080.850535714286,0.1,-114.49642857143154,-1137.9642857143153,-1.0,SL,2026Q3,2026,1
4286,99868,2026-07-22 04:30:00,99870,2026-07-22 05:30:00,SELL,4115.24,4129.58,4129.58,4093.73,0.1,-144.10000000000144,-1434.0000000000146,-1.0,SL,2026Q3,2026,2
4287,99871,2026-07-22 06:00:00,99880,2026-07-22 10:30:00,SELL,4130.37,4109.6137499999995,4144.2074999999995,4109.6137499999995,0.1,206.86250000000365,2075.6250000000364,1.4874168614057817,TP,2026Q3,2026,9
4288,99890,2026-07-22 15:30:00,99890,2026-07-22 15:30:00,SELL,4132.51,4111.32625,4146.632500000001,4111.32625,0.1,211.13750000000147,2118.3750000000146,1.487669543773088,TP,2026Q3,2026,0
4289,99893,2026-07-22 17:00:00,99907,2026-07-23 01:00:00,SELL,4154.58,4127.814642857143,4172.423571428571,4127.814642857143,0.1,266.95357142857284,2676.5357142857283,1.49023087044938,TP,2026Q3,2026,14
4290,99936,2026-07-23 15:30:00,99937,2026-07-23 16:00:00,BUY,4074.44,4058.154285714286,4058.154285714286,4098.868571428571,0.1,-163.5571428571422,-1628.571428571422,-1.0,SL,2026Q3,2026,1
4291,99938,2026-07-23 16:30:00,99939,2026-07-23 17:00:00,BUY,4058.8,4040.2385714285715,4040.2385714285715,4086.642142857143,0.1,-186.31428571428677,-1856.1428571428678,-1.0,SL,2026Q3,2026,1
4292,99940,2026-07-23 17:30:00,99962,2026-07-24 05:30:00,BUY,4056.57,4036.1678571428574,4036.1678571428574,4087.1732142857145,0.1,-204.72142857142734,-2040.2142857142735,-1.0,SL,2026Q3,2026,22
4293,99963,2026-07-24 06:00:00,99971,2026-07-24 10:00:00,BUY,4024.81,4040.3719642857145,4014.435357142857,4040.3719642857145,0.1,154.91964285714567,1556.1964285714566,1.4832449991451533,TP,2026Q3,2026,8
